licence_value,class,class_D1,distributions
http://dcat-ap.de/def/licenses/cc-zero,A,A,30771
http://dcat-ap.de/def/licenses/dl-by-de/2.0,B,B,26383
http://dcat-ap.de/def/licenses/other-closed,D,D,24154
http://spdx.org/licenses/cc-by-4.0,A,A,16078
http://dcat-ap.de/def/licenses/dl-zero-de/2.0,B,B,12146
http://www.etalab.gouv.fr/licence-ouverte-open-licence,B,B,12114
http://creativecommons.org/licenses/by/4.0,A,A,6963
http://dcat-ap.de/def/licenses/cc-by-nc-de/3.0,D,D,5249
http://creativecommons.org/publicdomain/zero/1.0,A,A,2569
http://dcat-ap.de/def/licenses/odbl,C,C,2282
http://dcat-ap.de/def/licenses/cc-by/4.0,A,A,1752
http://www.etalab.gouv.fr/wp-content/uploads/2014/05/licence_ouverte.pdf,B,B,1272
http://data.vlaanderen.be/id/licentie/modellicentie-gratis-hergebruik/v1.0,B,B,1243
http://dcat-ap.de/def/licenses/cc-by-de/3.0,E,B,1189
http://www.ine.es/aviso_legal,E,E,1085
http://dcat-ap.de/def/licenses/geonutz/20130319,E,B,313
creative-commons-namensnennung-4-0-international-cc-by-4-0-,E,A,211
http://inspire.ec.europa.eu/metadata-codelist/conditionsapplyingtoaccessanduse/noconditionsapply,E,B,205
http://dcat-ap.de/def/licenses/cc-by,E,B,124
http://www.geoportal.lt/geoportal/en/web/en/general-conditions-for-the-use-of-spatial-data,E,E,118
http://data.gov.hr/id/licence/otvorena-dozvola-rh,B,B,101
http://creativecommons.org/licenses/by-nd/4.0,D,D,96
http://creativecommons.org/licenses/by-sa/4.0,C,C,92
http://creativecommons.org/licenses/by-nc-nd/4.0,D,D,57
http://www.govdata.de/dl-de/zero-2-0,E,B,45
http://creativecommons.org/licenses/by-nc/4.0,D,D,35
http://data.gov.hr/otvorena-dozvola,B,B,31
http://inspire.ec.europa.eu/metadata-codelist/conditionsapplyingtoaccessanduse/conditionsunknown,E,E,23
cc_by,E,B,21
http://geoh.conterra:8080/oai-pmh-geo-harvest/harvesters/none,E,E,21
http://dcat-ap.de/def/licenses/cc-by-sa,C,C,17
http://dcat-ap.de/def/licenses/cc-by-sa/4.0,C,C,17
http://creativecommons.org/licenses/by/3.0,B,B,14
http://dcat-ap.de/def/licenses/dl-de-zero-2.0,B,B,13
http://www.opendefinition.org/licenses/cc-by,E,B,13
http://data.gov.rs/sr/terms,E,E,12
es-gelten-keine-zugriffsbeschra-nkungen,E,E,11
http://dcat-ap.de/def/licenses/cc-by-nc/4.0,D,D,9
http://spdx.org/licenses/cc-by-1.0,E,E,9
http://dcat-ap.de/def/licenses/dl-by-de/1.0,E,E,8
http://creativecommons.org/licenses/by/3.0/es,B,B,6
http://geoportail.wallonie.be/files/documents/conditionsspw/dataspw-cgu.pdf,E,E,6
http://spdx.org/licenses/cc-by-2.0,E,E,6
http://spdx.org/licenses/cc-by-sa-4.0,C,C,6
http://inspire.ec.europa.eu/metadata-codelist/limitationsonpublicaccess/nolimitations,E,E,5
http://dcat-ap.de/def/licenses/bsd,E,E,3
http://dcat-ap.de/def/licenses/other-open,E,E,3
http://creativecommons.org/publicdomain/mark/1.0,B,B,2
http://data.gov.be/license/cbe/full,E,E,2
http://w3id.org/italia/controlled-vocabulary/licences/a2_attribution,E,E,2
http://www.gesetze-im-internet.de/geonutzv/geonutzv.pdf,E,B,2
http://www.smhi.se/data/om-smhis-data/villkor-for-anvandning,E,E,2
other-non-commercial-,E,E,2
die-daten-dienen-ausschlie-lich-informatorischen-zwecken-sie-ersetzen-keine-leitungsauskunft-und-du-rfen-nicht-kommerziell-genutzt-werden-,E,E,1
es-gelten-die-bedingungen-der-datenlizenz-deutschland-namensnennung-version-2-0-https-www-govdata-de-dl-de-by-2-0-als-bezeichnung-des-bereitstellers-ist-ministerium-fu-r-bildung-jugend-und-sport-anzugeben-,B,B,1
http://data.gov.cz/zdroj/datové-sady/00003352/1466393233/distribuce/e6988534d5eb5dd73f54ffec1e354a34/podmínky-užití,E,E,1
http://data.gov.cz/zdroj/datové-sady/00003352/1467540066/distribuce/2488782e00bcb84e652e7dd000078e02/podmínky-užití,E,E,1
http://data.gov.cz/zdroj/datové-sady/00003352/1467541327/distribuce/fabd2ebb9953735415a0b445798cf7c8/podmínky-užití,E,E,1
http://data.gov.cz/zdroj/datové-sady/00003352/1467543610/distribuce/a0256a9c44ccca84a2806fad669a932d/podmínky-užití,E,E,1
http://data.gov.cz/zdroj/datové-sady/00003352/1467546079/distribuce/6cc47cf2568b173461122da6227ba152/podmínky-užití,E,E,1
http://data.gov.cz/zdroj/datové-sady/00003352/1467547970/distribuce/21e644fb945480458fe5b02eed870004/podmínky-užití,E,E,1
http://data.gov.cz/zdroj/datové-sady/00020478/2e962f8e72b52c90a2a121439e92d70d/distribuce/3695c4056ba4726f1e435d370fe400d8/podmínky-užití,E,E,1
http://data.gov.cz/zdroj/datové-sady/00020478/2e962f8e72b52c90a2a121439e92d70d/distribuce/455a29a807a06e810263eea9775d563e/podmínky-užití,E,E,1
http://data.gov.cz/zdroj/datové-sady/00020478/2e962f8e72b52c90a2a121439e92d70d/distribuce/486345cd71078c3e1ac5ae0dc001f3cf/podmínky-užití,E,E,1
http://data.gov.cz/zdroj/datové-sady/00020478/2e962f8e72b52c90a2a121439e92d70d/distribuce/557c5cd0a69a8114e737d6ef1b88c239/podmínky-užití,E,E,1
http://data.gov.cz/zdroj/datové-sady/00020478/2e962f8e72b52c90a2a121439e92d70d/distribuce/fc02be181a7386bbee00a8550de627fa/podmínky-užití,E,E,1
http://data.gov.cz/zdroj/datové-sady/00020478/ae813a4158ceedecf2d60b63ed586cad/distribuce/012a7488a4a23f3974cd999448602719/podmínky-užití,E,E,1
http://data.gov.cz/zdroj/datové-sady/00020478/ae813a4158ceedecf2d60b63ed586cad/distribuce/395f64e84a605d4628d87c5660f4f258/podmínky-užití,E,E,1
http://data.gov.cz/zdroj/datové-sady/00020478/ae813a4158ceedecf2d60b63ed586cad/distribuce/48895f9bcb93591663dc2a5037fa3cd5/podmínky-užití,E,E,1
http://data.gov.cz/zdroj/datové-sady/00020478/ae813a4158ceedecf2d60b63ed586cad/distribuce/6e43793bc0080ff8c9672ec205b658db/podmínky-užití,E,E,1
http://data.gov.cz/zdroj/datové-sady/00020478/ae813a4158ceedecf2d60b63ed586cad/distribuce/c98df572e1af7fec2f7b34a0325ca174/podmínky-užití,E,E,1
http://data.gov.cz/zdroj/datové-sady/00020478/ae813a4158ceedecf2d60b63ed586cad/distribuce/d46e57802038d5e7202be957440ef5bb/podmínky-užití,E,E,1
http://data.gov.cz/zdroj/datové-sady/00020478/d41252e2141f70a767348be363c952e7/distribuce/5e6c6d0d9867ed7d693d33c9e4cb2f09/podmínky-užití,E,E,1
http://data.gov.cz/zdroj/datové-sady/00020478/e235bdc4cfa068910cb1841f139b925b/distribuce/18c2280effdfc1acf826c877cdfde022/podmínky-užití,E,E,1
http://data.gov.cz/zdroj/datové-sady/00020478/e235bdc4cfa068910cb1841f139b925b/distribuce/81ecec0c8a1c7167f9cdb197f6929da0/podmínky-užití,E,E,1
http://data.gov.cz/zdroj/datové-sady/00020478/e235bdc4cfa068910cb1841f139b925b/distribuce/91d78d6c7f9aa829038f73cac2da438a/podmínky-užití,E,E,1
http://data.gov.cz/zdroj/datové-sady/00020478/e235bdc4cfa068910cb1841f139b925b/distribuce/a8776de9a4c7e757db77ff33535e2b48/podmínky-užití,E,E,1
http://data.gov.cz/zdroj/datové-sady/00020478/e235bdc4cfa068910cb1841f139b925b/distribuce/b7cdb53b6032ae457dfdd7c327220cb4/podmínky-užití,E,E,1
http://data.gov.cz/zdroj/datové-sady/00020478/e235bdc4cfa068910cb1841f139b925b/distribuce/bc2be285d7d1cd68c01d78c4b58f374c/podmínky-užití,E,E,1
http://data.gov.cz/zdroj/datové-sady/00020478/f46dcce7763f86c08bdf28a932a18cfa/distribuce/142e5eb7190d8ca61f72bd198f0c379b/podmínky-užití,E,E,1
http://data.gov.cz/zdroj/datové-sady/00020478/f46dcce7763f86c08bdf28a932a18cfa/distribuce/1fa80cd9230835044c77b20753f99d00/podmínky-užití,E,E,1
http://data.gov.cz/zdroj/datové-sady/00020478/f46dcce7763f86c08bdf28a932a18cfa/distribuce/7c328d524bab069177f8f9bd14e00bca/podmínky-užití,E,E,1
http://data.gov.cz/zdroj/datové-sady/00020478/f46dcce7763f86c08bdf28a932a18cfa/distribuce/814aa29cb57abb07e4636bc01e0ea33e/podmínky-užití,E,E,1
http://data.gov.cz/zdroj/datové-sady/00020478/f46dcce7763f86c08bdf28a932a18cfa/distribuce/aa70566aab5eb6f00a76199db9d9c669/podmínky-užití,E,E,1
http://data.gov.cz/zdroj/datové-sady/00020478/f46dcce7763f86c08bdf28a932a18cfa/distribuce/b89656b8ee56e33e6edde7ce97b50d40/podmínky-užití,E,E,1
http://data.gov.cz/zdroj/datové-sady/00020478/fabe6e97941da983131dbb3643f0511d/distribuce/36fcce9a6611aa424bc9ef229894e454/podmínky-užití,E,E,1
http://data.gov.cz/zdroj/datové-sady/00020478/fabe6e97941da983131dbb3643f0511d/distribuce/799764606f7180db5273906cbf1013e0/podmínky-užití,E,E,1
http://data.gov.cz/zdroj/datové-sady/00020478/fabe6e97941da983131dbb3643f0511d/distribuce/7c64e66c1615fc2bb0bd4caaa8783451/podmínky-užití,E,E,1
http://data.gov.cz/zdroj/datové-sady/00020478/fabe6e97941da983131dbb3643f0511d/distribuce/7ca63e74bf3fb1b3bda8ddfd614b4a9c/podmínky-užití,E,E,1
http://data.gov.cz/zdroj/datové-sady/00020478/fabe6e97941da983131dbb3643f0511d/distribuce/b4629ff4958bad95e442d95fbc5b9ff4/podmínky-užití,E,E,1
http://data.gov.cz/zdroj/datové-sady/00020478/fabe6e97941da983131dbb3643f0511d/distribuce/c4ce44390ddd1e0fb0a793407786028d/podmínky-užití,E,E,1
http://data.gov.cz/zdroj/datové-sady/00020699/062f68b1c9fb54998f0ddb5f8578883e/distribuce/6dcc158bbac3a09faf00fcb859a81822/podmínky-užití,E,E,1
http://data.gov.cz/zdroj/datové-sady/00020699/062f68b1c9fb54998f0ddb5f8578883e/distribuce/8a4bae332ea66e4d12fcf7777d71a80a/podmínky-užití,E,E,1
http://data.gov.cz/zdroj/datové-sady/00020699/07e50072a5e6e71237a6cdbf696c978e/distribuce/2e7666d021bc0724d9578a05d117dd3e/podmínky-užití,E,E,1
http://data.gov.cz/zdroj/datové-sady/00020699/07e50072a5e6e71237a6cdbf696c978e/distribuce/76caed125f777a856cb2454a41ec0cce/podmínky-užití,E,E,1
http://data.gov.cz/zdroj/datové-sady/00020699/07e50072a5e6e71237a6cdbf696c978e/distribuce/8aaa375d704c926533aa414d98cb9c19/podmínky-užití,E,E,1
http://data.gov.cz/zdroj/datové-sady/00020699/07e50072a5e6e71237a6cdbf696c978e/distribuce/cbb967b77d8b40ef16512147a162fa2b/podmínky-užití,E,E,1
http://data.gov.cz/zdroj/datové-sady/00020699/07e50072a5e6e71237a6cdbf696c978e/distribuce/ee7b5d72e9b2d76f3b6ecbdd2871b2fe/podmínky-užití,E,E,1
http://data.gov.cz/zdroj/datové-sady/00020699/0852d53dc3f29910d7b1afa86161e898/distribuce/5d64144cc137f946ec3df0bc75bfca5a/podmínky-užití,E,E,1
http://data.gov.cz/zdroj/datové-sady/00020699/0b61dd7c75b83f760a65ba8f3aa3b0e5/distribuce/133bec0d17c67822ea083a8a17b821d8/podmínky-užití,E,E,1
http://data.gov.cz/zdroj/datové-sady/00020699/0b61dd7c75b83f760a65ba8f3aa3b0e5/distribuce/1bcca4bb48d57e78a540e245afe5cc91/podmínky-užití,E,E,1
http://data.gov.cz/zdroj/datové-sady/00020699/0b61dd7c75b83f760a65ba8f3aa3b0e5/distribuce/3ceef665d898136e039a842277c4d895/podmínky-užití,E,E,1
http://data.gov.cz/zdroj/datové-sady/00020699/0b61dd7c75b83f760a65ba8f3aa3b0e5/distribuce/93cde87c4d3352b37a076aaca7e5b219/podmínky-užití,E,E,1
http://data.gov.cz/zdroj/datové-sady/00020699/0b61dd7c75b83f760a65ba8f3aa3b0e5/distribuce/cab00f1174def9013a24af9e8140b737/podmínky-užití,E,E,1
http://data.gov.cz/zdroj/datové-sady/00020699/0b61dd7c75b83f760a65ba8f3aa3b0e5/distribuce/f34ba911a60df2d13533dd055afffff9/podmínky-užití,E,E,1
http://data.gov.cz/zdroj/datové-sady/00020699/0dea8d71aef163c48a8ad74eadf2e972/distribuce/0e19c7bf10ca7277aa9161140ecc09f8/podmínky-užití,E,E,1
http://data.gov.cz/zdroj/datové-sady/00020699/0dea8d71aef163c48a8ad74eadf2e972/distribuce/86948f1d8156556ebcc56626216d7c7f/podmínky-užití,E,E,1
http://data.gov.cz/zdroj/datové-sady/00020699/0e0772b43b70e0eaf19d03a99fb94714/distribuce/5455299e0a8b4b979a6698970801d31e/podmínky-užití,E,E,1
http://data.gov.cz/zdroj/datové-sady/00020699/0f539e53f910be53ef77b10a24056c90/distribuce/054d5918a55cb1f4f0da2eac49bc8e78/podmínky-užití,E,E,1
http://data.gov.cz/zdroj/datové-sady/00020699/0f539e53f910be53ef77b10a24056c90/distribuce/48586a01e38dd7c9faceb0d3d5e2933e/podmínky-užití,E,E,1
http://data.gov.cz/zdroj/datové-sady/00020699/0f539e53f910be53ef77b10a24056c90/distribuce/bc605679580e7d3f5b14778c417afda0/podmínky-užití,E,E,1
http://data.gov.cz/zdroj/datové-sady/00020699/11cbd94fe1cf59ef8a59454f7e78e035/distribuce/9255fae8136a60a29a450fa292bfe189/podmínky-užití,E,E,1
http://data.gov.cz/zdroj/datové-sady/00020699/11cbd94fe1cf59ef8a59454f7e78e035/distribuce/b6400d735593507ca9ee0e707b67b5fc/podmínky-užití,E,E,1
http://data.gov.cz/zdroj/datové-sady/00020699/11f015851c5c71a78d313357227c7635/distribuce/4f53d39f0471aaf35d9e8c28de742908/podmínky-užití,E,E,1
http://data.gov.cz/zdroj/datové-sady/00020699/12ee8445fad2efb41311ed0999da8341/distribuce/065bebbf1f65dbaf7f716a89117f4f97/podmínky-užití,E,E,1
http://data.gov.cz/zdroj/datové-sady/00020699/144506cc958320d077eadc55206ff796/distribuce/317867b6c564236679f3fab42ab4cf2e/podmínky-užití,E,E,1
http://data.gov.cz/zdroj/datové-sady/00020699/144506cc958320d077eadc55206ff796/distribuce/425d19bc9529a550eae68d0e9974e84c/podmínky-užití,E,E,1
http://data.gov.cz/zdroj/datové-sady/00020699/144506cc958320d077eadc55206ff796/distribuce/aed899aa405c7aef0e257a4afc00c067/podmínky-užití,E,E,1
http://data.gov.cz/zdroj/datové-sady/00020699/16240fbe667145cfcd15475f3ca7408e/distribuce/f17e16e1213f1588ad8a333b139e52d4/podmínky-užití,E,E,1
http://data.gov.cz/zdroj/datové-sady/00020699/16391d34e1ddfff42a1887199745a018/distribuce/0e04d132bea28efcedd24914d039c689/podmínky-užití,E,E,1
http://data.gov.cz/zdroj/datové-sady/00020699/16391d34e1ddfff42a1887199745a018/distribuce/390113bc93b4d5d01eb7d5230ee6dcd4/podmínky-užití,E,E,1
http://data.gov.cz/zdroj/datové-sady/00020699/16391d34e1ddfff42a1887199745a018/distribuce/82c572167901fc91b66b229b770cd28f/podmínky-užití,E,E,1
http://data.gov.cz/zdroj/datové-sady/00020699/179038a0ec821e315c9ae5ce1ad20a51/distribuce/c1b07d47605e8bdc527c3754e01286c4/podmínky-užití,E,E,1
http://data.gov.cz/zdroj/datové-sady/00020699/1a0df87659b07930561cdbacc557e691/distribuce/a08efd6e5a7d888b8804918b8634c484/podmínky-užití,E,E,1
http://data.gov.cz/zdroj/datové-sady/00020699/1f615a016fdc24947e6c6d6bbd530508/distribuce/0ba527521429d5b138b69ac1503a7804/podmínky-užití,E,E,1
http://data.gov.cz/zdroj/datové-sady/00020699/1f615a016fdc24947e6c6d6bbd530508/distribuce/b033ce233a03c5328e6ce106769dbee2/podmínky-užití,E,E,1
http://data.gov.cz/zdroj/datové-sady/00020699/1f615a016fdc24947e6c6d6bbd530508/distribuce/e102727feb0d03ad71bd75bea7826be3/podmínky-užití,E,E,1
http://data.gov.cz/zdroj/datové-sady/00020699/224baf183c47051e9ca85f902acd87ff/distribuce/84d5e92bebaec5e864c8912a82dce170/podmínky-užití,E,E,1
http://data.gov.cz/zdroj/datové-sady/00020699/27765c9d9b02521a1b545d29d033e29e/distribuce/8666a245070278ef173e8e42e6bfbaed/podmínky-užití,E,E,1
http://data.gov.cz/zdroj/datové-sady/00020699/27765c9d9b02521a1b545d29d033e29e/distribuce/a7732656e8065cb685118b4189143112/podmínky-užití,E,E,1
http://data.gov.cz/zdroj/datové-sady/00020699/27765c9d9b02521a1b545d29d033e29e/distribuce/ad3a19bf0ec97441d32589f3e00ddeaf/podmínky-užití,E,E,1
http://data.gov.cz/zdroj/datové-sady/00020699/285cb27e06512348e9e00c208f0a8ede/distribuce/1e338a5d75251e17b613b9684b263f0f/podmínky-užití,E,E,1
http://data.gov.cz/zdroj/datové-sady/00020699/285cb27e06512348e9e00c208f0a8ede/distribuce/327fc6fea53198f8fd5413f4cb5685f3/podmínky-užití,E,E,1
http://data.gov.cz/zdroj/datové-sady/00020699/285cb27e06512348e9e00c208f0a8ede/distribuce/6c730eecaa336f5ef5c4ad29084224d4/podmínky-užití,E,E,1
http://data.gov.cz/zdroj/datové-sady/00020699/285cb27e06512348e9e00c208f0a8ede/distribuce/70859e8ec2a43b647a9660be0dbb8176/podmínky-užití,E,E,1
http://data.gov.cz/zdroj/datové-sady/00020699/285cb27e06512348e9e00c208f0a8ede/distribuce/77250b5ac4420a62ae5b834399168a27/podmínky-užití,E,E,1
http://data.gov.cz/zdroj/datové-sady/00020699/285cb27e06512348e9e00c208f0a8ede/distribuce/817f1eb5f008a376f9d952183cab3338/podmínky-užití,E,E,1
http://data.gov.cz/zdroj/datové-sady/00020699/2a2c43a4b855b47bfcaeb783152031b6/distribuce/607ae8fb59c576fde13e9b14e904287b/podmínky-užití,E,E,1
http://data.gov.cz/zdroj/datové-sady/00020699/2f5c5838ee15a8a7264a04d2b1687ef0/distribuce/d8eaaa1f590285f520969fe6da67e9d9/podmínky-užití,E,E,1
http://data.gov.cz/zdroj/datové-sady/00020699/312ca0c1f8b2676bd462fc6629d1d7dc/distribuce/0ee25729cb5758905343c7dafdf264ff/podmínky-užití,E,E,1
http://data.gov.cz/zdroj/datové-sady/00020699/37f82af3771f8af5b52d635078a2ac17/distribuce/c8bb6afc97e32b59c0445b206e6820a0/podmínky-užití,E,E,1
http://data.gov.cz/zdroj/datové-sady/00020699/3c92ac8a79dab7ac8c3d97bdd800359c/distribuce/a5ff3a2924909dbde0a8d841d3791dc1/podmínky-užití,E,E,1
http://data.gov.cz/zdroj/datové-sady/00020699/3e43b3b61cff5babc0306804c5678785/distribuce/b4cd888fe7c67a2d5824f8fe22b9ac09/podmínky-užití,E,E,1
http://data.gov.cz/zdroj/datové-sady/00020699/43c1c51053b19f753b1b33f748eee7e7/distribuce/7fa49c57fa8809b9c827c27d48066fc5/podmínky-užití,E,E,1
http://data.gov.cz/zdroj/datové-sady/00020699/45a2b349d961f050f79ebbb33ac663e6/distribuce/73478b3378a7c1845531282b4ff61813/podmínky-užití,E,E,1
http://data.gov.cz/zdroj/datové-sady/00020699/45a2b349d961f050f79ebbb33ac663e6/distribuce/f7119cd8a00480a56a21feb191509544/podmínky-užití,E,E,1
http://data.gov.cz/zdroj/datové-sady/00020699/46090213fc2c391eb6c6c9aed1f17a09/distribuce/afb3d3287b3a0d2593a78b7740060f14/podmínky-užití,E,E,1
http://data.gov.cz/zdroj/datové-sady/00020699/4cb8f313089d79b251afdaad011c9fa8/distribuce/a760c59bdf4f47ef477a46933f37b8e5/podmínky-užití,E,E,1
http://data.gov.cz/zdroj/datové-sady/00020699/4f414d6880682416a9c33a04f3f25b02/distribuce/33a2f801315e934cdb0301ebc8f09256/podmínky-užití,E,E,1
http://data.gov.cz/zdroj/datové-sady/00020699/4f414d6880682416a9c33a04f3f25b02/distribuce/820437a6fc4afa10220b546f4d8c8f27/podmínky-užití,E,E,1
http://data.gov.cz/zdroj/datové-sady/00020699/4f414d6880682416a9c33a04f3f25b02/distribuce/8c87c923b35f8ada22441cd15f95e406/podmínky-užití,E,E,1
http://data.gov.cz/zdroj/datové-sady/00020699/4f414d6880682416a9c33a04f3f25b02/distribuce/8e4ac65fd7fe021997e703c3b5ac244c/podmínky-užití,E,E,1
http://data.gov.cz/zdroj/datové-sady/00020699/4f414d6880682416a9c33a04f3f25b02/distribuce/ad8f64a03c911194139adb3fec173983/podmínky-užití,E,E,1
http://data.gov.cz/zdroj/datové-sady/00020699/4f414d6880682416a9c33a04f3f25b02/distribuce/eb7d4c4b997553c812ae0dbfe9f8a90f/podmínky-užití,E,E,1
http://data.gov.cz/zdroj/datové-sady/00020699/522c1f019afb80c049fa0ab742bf133b/distribuce/01eecc9fa60eee537cfad20bb3d0fbcb/podmínky-užití,E,E,1
http://data.gov.cz/zdroj/datové-sady/00020699/522c1f019afb80c049fa0ab742bf133b/distribuce/0e4fd5aff5a1140f9fe3cdd9ba876b06/podmínky-užití,E,E,1
http://data.gov.cz/zdroj/datové-sady/00020699/522c1f019afb80c049fa0ab742bf133b/distribuce/24a32c3bcae63ec4c981c2fa445a635a/podmínky-užití,E,E,1
http://data.gov.cz/zdroj/datové-sady/00020699/522c1f019afb80c049fa0ab742bf133b/distribuce/31fe6f79ee3d5a4c5ff27228725bcae4/podmínky-užití,E,E,1
http://data.gov.cz/zdroj/datové-sady/00020699/522c1f019afb80c049fa0ab742bf133b/distribuce/6e839168c4fcfc0c7b1597f4bcc05191/podmínky-užití,E,E,1
http://data.gov.cz/zdroj/datové-sady/00020699/522c1f019afb80c049fa0ab742bf133b/distribuce/b9be5d094ccc743e83890a83229f5023/podmínky-užití,E,E,1
http://data.gov.cz/zdroj/datové-sady/00020699/522c1f019afb80c049fa0ab742bf133b/distribuce/d27d941efa1a06fd9629a6382e910ff3/podmínky-užití,E,E,1
http://data.gov.cz/zdroj/datové-sady/00020699/522c1f019afb80c049fa0ab742bf133b/distribuce/db77d7d8efcd668fe39eb4af5dd60dbd/podmínky-užití,E,E,1
http://data.gov.cz/zdroj/datové-sady/00020699/524c419af2f37f3ed240cf2e51126450/distribuce/135c891a67dee3e361a67aee3a9367c3/podmínky-užití,E,E,1
http://data.gov.cz/zdroj/datové-sady/00020699/524c419af2f37f3ed240cf2e51126450/distribuce/1737d84b0a77136b529d2fee50007418/podmínky-užití,E,E,1
http://data.gov.cz/zdroj/datové-sady/00020699/524c419af2f37f3ed240cf2e51126450/distribuce/4c235656072deea0eefb2d34bf183064/podmínky-užití,E,E,1
http://data.gov.cz/zdroj/datové-sady/00020699/524c419af2f37f3ed240cf2e51126450/distribuce/c0a58105b780571a165551c109fc3f0e/podmínky-užití,E,E,1
http://data.gov.cz/zdroj/datové-sady/00020699/524c419af2f37f3ed240cf2e51126450/distribuce/e9336908aede49b064511cd6d8a746ac/podmínky-užití,E,E,1
http://data.gov.cz/zdroj/datové-sady/00020699/524c419af2f37f3ed240cf2e51126450/distribuce/f0a03938eeb2b19c63eaa1b08f7ec9ac/podmínky-užití,E,E,1
http://data.gov.cz/zdroj/datové-sady/00020699/540ae36a9dd35e016156ee03d7c6e77e/distribuce/3e3c236301d0878a861e9cfd93333850/podmínky-užití,E,E,1
http://data.gov.cz/zdroj/datové-sady/00020699/548562b969d1492e6371043b37b31aee/distribuce/c42dd5ffc607925b6bc247f44be2ca7e/podmínky-užití,E,E,1
http://data.gov.cz/zdroj/datové-sady/00020699/591a6ef13a0a0328df8c9a407ca826d0/distribuce/1aab1694db885720ab14bd0f2ab2dc39/podmínky-užití,E,E,1
http://data.gov.cz/zdroj/datové-sady/00020699/591a6ef13a0a0328df8c9a407ca826d0/distribuce/32c4002bc384262e116c147cfe4015e4/podmínky-užití,E,E,1
http://data.gov.cz/zdroj/datové-sady/00020699/5adb92c1679e653c68156c04ce10c0d5/distribuce/67c7e465bd92c89958c0ed146d32d0a3/podmínky-užití,E,E,1
http://data.gov.cz/zdroj/datové-sady/00020699/5b66817b0d6e02ae4081b08b3be5a1eb/distribuce/3668dd22b4cae9a47ab088138b6d952f/podmínky-užití,E,E,1
http://data.gov.cz/zdroj/datové-sady/00020699/5c25c302b6f166811fd5552644ecebc1/distribuce/b66183e272821dcd3f82387b4fc387b6/podmínky-užití,E,E,1
http://data.gov.cz/zdroj/datové-sady/00020699/5cbe1ece0266f88419497d195724b97e/distribuce/312785ed9c5b98dc5629a22b56d9298f/podmínky-užití,E,E,1
http://data.gov.cz/zdroj/datové-sady/00020699/5cbe1ece0266f88419497d195724b97e/distribuce/64b1f4c54d5272fbd1e6216bbf781c47/podmínky-užití,E,E,1
http://data.gov.cz/zdroj/datové-sady/00020699/5cbe1ece0266f88419497d195724b97e/distribuce/847b88f8498c4cab858dc852341a3460/podmínky-užití,E,E,1
http://data.gov.cz/zdroj/datové-sady/00020699/5cbe1ece0266f88419497d195724b97e/distribuce/b0a560e43e773bb8e95d1ba702cd2cbe/podmínky-užití,E,E,1
http://data.gov.cz/zdroj/datové-sady/00020699/5cbe1ece0266f88419497d195724b97e/distribuce/e491a5d36703c883112dfa187d95158a/podmínky-užití,E,E,1
http://data.gov.cz/zdroj/datové-sady/00020699/6067f203ec44af5d75102a730f543cd8/distribuce/020cb11955303aca4fc1bce2d89ad4d1/podmínky-užití,E,E,1
http://data.gov.cz/zdroj/datové-sady/00020699/6067f203ec44af5d75102a730f543cd8/distribuce/21adba457c57b09ace7734fdb7572c5b/podmínky-užití,E,E,1
http://data.gov.cz/zdroj/datové-sady/00020699/6067f203ec44af5d75102a730f543cd8/distribuce/e8276f8a8cc80e53785b307efe989740/podmínky-užití,E,E,1
http://data.gov.cz/zdroj/datové-sady/00020699/613652690aec29ee294befcd88a801d1/distribuce/1ac36ca25e3a162ffd1b29060111fc59/podmínky-užití,E,E,1
http://data.gov.cz/zdroj/datové-sady/00020699/613652690aec29ee294befcd88a801d1/distribuce/5230db025a2f8ac0a4a8f3e421773017/podmínky-užití,E,E,1
http://data.gov.cz/zdroj/datové-sady/00020699/613652690aec29ee294befcd88a801d1/distribuce/99ab1be0b59937fd6bef3763435e2daa/podmínky-užití,E,E,1
http://data.gov.cz/zdroj/datové-sady/00020699/613652690aec29ee294befcd88a801d1/distribuce/a3f289c77e261c2ab3b1e2d147f13984/podmínky-užití,E,E,1
http://data.gov.cz/zdroj/datové-sady/00020699/613652690aec29ee294befcd88a801d1/distribuce/addb2adedbf3462fe7d2e352c4aa214a/podmínky-užití,E,E,1
http://data.gov.cz/zdroj/datové-sady/00020699/613652690aec29ee294befcd88a801d1/distribuce/c8abd57314f139151c6a2e1b3f02d358/podmínky-užití,E,E,1
http://data.gov.cz/zdroj/datové-sady/00020699/613652690aec29ee294befcd88a801d1/distribuce/ca8fb9273c71087c53b61840f1f3b498/podmínky-užití,E,E,1
http://data.gov.cz/zdroj/datové-sady/00020699/613652690aec29ee294befcd88a801d1/distribuce/e859edbcb8d1d2ec8c7026c9c3106fc1/podmínky-užití,E,E,1
http://data.gov.cz/zdroj/datové-sady/00020699/62eea8620c12a72e05763018c2f6680f/distribuce/a7e173655792109d66bf156806092562/podmínky-užití,E,E,1
http://data.gov.cz/zdroj/datové-sady/00020699/63febec47c5464bbf8b54301a0f88fb1/distribuce/a4e2864431afdc1981b6df588ae12262/podmínky-užití,E,E,1
http://data.gov.cz/zdroj/datové-sady/00020699/63febec47c5464bbf8b54301a0f88fb1/distribuce/c0839ac68438b5c513c9e94f207e01f5/podmínky-užití,E,E,1
http://data.gov.cz/zdroj/datové-sady/00020699/667668334a9c0949cd472cfcc75c05dd/distribuce/a2d9fe52a81c4f1d17a0df7a70693dbf/podmínky-užití,E,E,1
http://data.gov.cz/zdroj/datové-sady/00020699/73ecc7ef25f3c6da5a0ca3ba82df1082/distribuce/0dbe9aaa51d3423cdd78df54653dceef/podmínky-užití,E,E,1
http://data.gov.cz/zdroj/datové-sady/00020699/73ecc7ef25f3c6da5a0ca3ba82df1082/distribuce/3d0e4234206cba9be3fea7a0acd3bbc1/podmínky-užití,E,E,1
http://data.gov.cz/zdroj/datové-sady/00020699/73ecc7ef25f3c6da5a0ca3ba82df1082/distribuce/4875a3843184722b2c699d774a622972/podmínky-užití,E,E,1
http://data.gov.cz/zdroj/datové-sady/00020699/73ecc7ef25f3c6da5a0ca3ba82df1082/distribuce/4c6128c1779dea04f8df5ef77ef10cf6/podmínky-užití,E,E,1
http://data.gov.cz/zdroj/datové-sady/00020699/73ecc7ef25f3c6da5a0ca3ba82df1082/distribuce/75d3b441d7b7ccc637b2e712e4e3691a/podmínky-užití,E,E,1
http://data.gov.cz/zdroj/datové-sady/00020699/73ecc7ef25f3c6da5a0ca3ba82df1082/distribuce/866305f9ee3a3cfd730b1e8582112d84/podmínky-užití,E,E,1
http://data.gov.cz/zdroj/datové-sady/00020699/73ecc7ef25f3c6da5a0ca3ba82df1082/distribuce/9280339d7cc196b969364051dd7a1911/podmínky-užití,E,E,1
http://data.gov.cz/zdroj/datové-sady/00020699/73ecc7ef25f3c6da5a0ca3ba82df1082/distribuce/9b1465105420a8f271d5bf58411a5d3f/podmínky-užití,E,E,1
http://data.gov.cz/zdroj/datové-sady/00020699/76b0902916db088bfb034147be1533a3/distribuce/69f873ce5a0b9c981676866328ef2a92/podmínky-užití,E,E,1
http://data.gov.cz/zdroj/datové-sady/00020699/77cf84dea3c6cd1df6fb7a6b51832a57/distribuce/539504fd8f871ec7a81e462ede7ff2fc/podmínky-užití,E,E,1
http://data.gov.cz/zdroj/datové-sady/00020699/7dedcbb58e2edbea533b0b4cca445e43/distribuce/8e93db20e4c87f22e07af63d9cfff100/podmínky-užití,E,E,1
http://data.gov.cz/zdroj/datové-sady/00020699/7dedcbb58e2edbea533b0b4cca445e43/distribuce/adbf8c76f74a1d73a637efc37197736b/podmínky-užití,E,E,1
http://data.gov.cz/zdroj/datové-sady/00020699/7dedcbb58e2edbea533b0b4cca445e43/distribuce/af83c8f4256a74591bcf6aa584b18616/podmínky-užití,E,E,1
http://data.gov.cz/zdroj/datové-sady/00020699/7e4816abf2c353e68978b8a56edf6083/distribuce/c6142f5df56bc94264de0515b867259d/podmínky-užití,E,E,1
http://data.gov.cz/zdroj/datové-sady/00020699/80586d07786a3c053cc208c1e0740289/distribuce/bc19647e2eec9fbd2f92ed96fc5487a7/podmínky-užití,E,E,1
http://data.gov.cz/zdroj/datové-sady/00020699/8150af712ecd55ea9eda833a837e97bf/distribuce/174e77241dec1b143a0542ac633aa1b1/podmínky-užití,E,E,1
http://data.gov.cz/zdroj/datové-sady/00020699/8406ffa8e5e651fca5ae517a158837fe/distribuce/276b0e3622e6ccf7c5b4bff6f65c79a8/podmínky-užití,E,E,1
http://data.gov.cz/zdroj/datové-sady/00020699/8406ffa8e5e651fca5ae517a158837fe/distribuce/bf6e4ea864b51ea3bbe932b598cb6dd8/podmínky-užití,E,E,1
http://data.gov.cz/zdroj/datové-sady/00020699/8406ffa8e5e651fca5ae517a158837fe/distribuce/d5fe4a3b3ca9c02488a728823d212e29/podmínky-užití,E,E,1
http://data.gov.cz/zdroj/datové-sady/00020699/8cf45cbef63a400af92dcbdf7c02be24/distribuce/5f9119b33c310fc112bba218fb4be1cb/podmínky-užití,E,E,1
http://data.gov.cz/zdroj/datové-sady/00020699/8cf45cbef63a400af92dcbdf7c02be24/distribuce/993d1c73903ab8ff78f502ff0647acdd/podmínky-užití,E,E,1
http://data.gov.cz/zdroj/datové-sady/00020699/8fd86c8c89328692ffb17f8e568115e2/distribuce/9496887b4dc6121bee383e2cdc3703fe/podmínky-užití,E,E,1
http://data.gov.cz/zdroj/datové-sady/00020699/92223fe07bef7399a5fe7c3d78b00851/distribuce/6b5f5448ad51d28351f592e286fcab79/podmínky-užití,E,E,1
http://data.gov.cz/zdroj/datové-sady/00020699/92223fe07bef7399a5fe7c3d78b00851/distribuce/73e3e1104bda824248fe05800e6637da/podmínky-užití,E,E,1
http://data.gov.cz/zdroj/datové-sady/00020699/92223fe07bef7399a5fe7c3d78b00851/distribuce/9f261ece72b46d8a8205b9018d039a57/podmínky-užití,E,E,1
http://data.gov.cz/zdroj/datové-sady/00020699/97cd657568731f96adfa9c1bc6b2ff18/distribuce/233b63d00e7da87d39a149448a56d256/podmínky-užití,E,E,1
http://data.gov.cz/zdroj/datové-sady/00020699/97cd657568731f96adfa9c1bc6b2ff18/distribuce/380c8163681b5a601945f01a5b95f56c/podmínky-užití,E,E,1
http://data.gov.cz/zdroj/datové-sady/00020699/97cd657568731f96adfa9c1bc6b2ff18/distribuce/97d3c1d58ab25532c3a6d8a62919a4e0/podmínky-užití,E,E,1
http://data.gov.cz/zdroj/datové-sady/00020699/97cd657568731f96adfa9c1bc6b2ff18/distribuce/f9f4131158111395b4ff8eab920beee7/podmínky-užití,E,E,1
http://data.gov.cz/zdroj/datové-sady/00020699/985912aa067b9e87952a2d4a321b772f/distribuce/137386a1e89ff1c28853d2d4dd11e75a/podmínky-užití,E,E,1
http://data.gov.cz/zdroj/datové-sady/00020699/985912aa067b9e87952a2d4a321b772f/distribuce/5aea87c9de8054ece8f5532159d083bd/podmínky-užití,E,E,1
http://data.gov.cz/zdroj/datové-sady/00020699/985912aa067b9e87952a2d4a321b772f/distribuce/9abeed39be6d4028e2cea24a117de768/podmínky-užití,E,E,1
http://data.gov.cz/zdroj/datové-sady/00020699/9b83ff253ddd0b699ee23f1ac2c0be3f/distribuce/59f25c37cda023afc9e143fb9a6054c3/podmínky-užití,E,E,1
http://data.gov.cz/zdroj/datové-sady/00020699/9b83ff253ddd0b699ee23f1ac2c0be3f/distribuce/5f0277933610921b0ff46a1edbbcdadd/podmínky-užití,E,E,1
http://data.gov.cz/zdroj/datové-sady/00020699/9b83ff253ddd0b699ee23f1ac2c0be3f/distribuce/942f851346ddd9514b8a8fdcc58e12bf/podmínky-užití,E,E,1
http://data.gov.cz/zdroj/datové-sady/00020699/9b83ff253ddd0b699ee23f1ac2c0be3f/distribuce/b16f9fc54a27f5adc56f4a149ed016c1/podmínky-užití,E,E,1
http://data.gov.cz/zdroj/datové-sady/00020699/9b83ff253ddd0b699ee23f1ac2c0be3f/distribuce/b50ff87dd560763d636c845d61f343b4/podmínky-užití,E,E,1
http://data.gov.cz/zdroj/datové-sady/00020699/9b83ff253ddd0b699ee23f1ac2c0be3f/distribuce/d627211709e0691689a74eeec1f2d119/podmínky-užití,E,E,1
http://data.gov.cz/zdroj/datové-sady/00020699/9e22d6ca76c528677c98a69c9fecde7e/distribuce/eb08b4b2dfa8b8f6a693f65ba0812f4c/podmínky-užití,E,E,1
http://data.gov.cz/zdroj/datové-sady/00020699/9e74588db4ade5e6acb27944eede4f8c/distribuce/1cce80c655dab6a7fa70f957a1f43754/podmínky-užití,E,E,1
http://data.gov.cz/zdroj/datové-sady/00020699/9e74588db4ade5e6acb27944eede4f8c/distribuce/1f43d07554460c72153e57498a30a15e/podmínky-užití,E,E,1
http://data.gov.cz/zdroj/datové-sady/00020699/9e74588db4ade5e6acb27944eede4f8c/distribuce/2333336bb744ed87a35dbbb07f8b683e/podmínky-užití,E,E,1
http://data.gov.cz/zdroj/datové-sady/00020699/9e74588db4ade5e6acb27944eede4f8c/distribuce/437453fa67839bd6a73a1d6f16bd28bc/podmínky-užití,E,E,1
http://data.gov.cz/zdroj/datové-sady/00020699/9e74588db4ade5e6acb27944eede4f8c/distribuce/735214ea20676722418384af0e303b7d/podmínky-užití,E,E,1
http://data.gov.cz/zdroj/datové-sady/00020699/9e74588db4ade5e6acb27944eede4f8c/distribuce/e796b98dd7a76f9886e0e654c0999797/podmínky-užití,E,E,1
http://data.gov.cz/zdroj/datové-sady/00020699/9f54149a121810fc11f1757da941a64c/distribuce/45ff841586acfe280ed94d21f333e4f9/podmínky-užití,E,E,1
http://data.gov.cz/zdroj/datové-sady/00020699/9f54149a121810fc11f1757da941a64c/distribuce/4b0de3d1c46034d2b5454f69ff74d0bb/podmínky-užití,E,E,1
http://data.gov.cz/zdroj/datové-sady/00020699/9f54149a121810fc11f1757da941a64c/distribuce/5f2b068aacb73c9dea06a8eac67a6b40/podmínky-užití,E,E,1
http://data.gov.cz/zdroj/datové-sady/00020699/9f54149a121810fc11f1757da941a64c/distribuce/7882475f5b1ee30bafc91e24624ef0d4/podmínky-užití,E,E,1
http://data.gov.cz/zdroj/datové-sady/00020699/9f54149a121810fc11f1757da941a64c/distribuce/8458990d68118576fee8ca2c73dc5ff0/podmínky-užití,E,E,1
http://data.gov.cz/zdroj/datové-sady/00020699/9f54149a121810fc11f1757da941a64c/distribuce/ea0dae07cb2a85587fcf05b80a56c8c1/podmínky-užití,E,E,1
http://data.gov.cz/zdroj/datové-sady/00020699/9f54149a121810fc11f1757da941a64c/distribuce/f48d79af856c6393c6c49c2bafbd94e5/podmínky-užití,E,E,1
http://data.gov.cz/zdroj/datové-sady/00020699/9f54149a121810fc11f1757da941a64c/distribuce/f55cd35d2e46e6b7223171f68d437c88/podmínky-užití,E,E,1
http://data.gov.cz/zdroj/datové-sady/00020699/a1ed1ac6bbf72f500398218ab49a27c9/distribuce/09897d040bd8324164c4611df71bb971/podmínky-užití,E,E,1
http://data.gov.cz/zdroj/datové-sady/00020699/a1ed1ac6bbf72f500398218ab49a27c9/distribuce/6736bb0fca01dcad77c348fc3f632ba6/podmínky-užití,E,E,1
http://data.gov.cz/zdroj/datové-sady/00020699/a1ed1ac6bbf72f500398218ab49a27c9/distribuce/bd20163087800637b0d53a6e6e2b109a/podmínky-užití,E,E,1
http://data.gov.cz/zdroj/datové-sady/00020699/a2dffc7610d8c63d8d2340095a1249a7/distribuce/2f2fec1b7758803b31fa8de46be3441c/podmínky-užití,E,E,1
http://data.gov.cz/zdroj/datové-sady/00020699/a2dffc7610d8c63d8d2340095a1249a7/distribuce/7581bb1f3e49d23e0c4e69059e1cd756/podmínky-užití,E,E,1
http://data.gov.cz/zdroj/datové-sady/00020699/a33a372427dfe8e36b702966becdcb39/distribuce/7fc1721293ca67e57d0a38e3db60a78c/podmínky-užití,E,E,1
http://data.gov.cz/zdroj/datové-sady/00020699/a73e9deedf154d2a629a9f658ed11e22/distribuce/76ff1357ad30a5bc1a23d1982c8f0b27/podmínky-užití,E,E,1
http://data.gov.cz/zdroj/datové-sady/00020699/a73e9deedf154d2a629a9f658ed11e22/distribuce/95cc2ad7678ca5a11d4f004968b7c866/podmínky-užití,E,E,1
http://data.gov.cz/zdroj/datové-sady/00020699/a9c1d059bb01e950551cf762824c9168/distribuce/b73cd5aaf7dd95a0187caae341b22830/podmínky-užití,E,E,1
http://data.gov.cz/zdroj/datové-sady/00020699/ab569a9f3081e9bccf4775a245a959bf/distribuce/051d47e26a991d72a4011e0cc8e05ad8/podmínky-užití,E,E,1
http://data.gov.cz/zdroj/datové-sady/00020699/ad68dfe1f2485f76c450c218f999e0d3/distribuce/3a3434b755038a5ab6521a532fde5328/podmínky-užití,E,E,1
http://data.gov.cz/zdroj/datové-sady/00020699/ad68dfe1f2485f76c450c218f999e0d3/distribuce/84bffb043869019f6b417d917f372126/podmínky-užití,E,E,1
http://data.gov.cz/zdroj/datové-sady/00020699/ad68dfe1f2485f76c450c218f999e0d3/distribuce/982811da84aa59e7a153be1eea71fb0e/podmínky-užití,E,E,1
http://data.gov.cz/zdroj/datové-sady/00020699/ad68dfe1f2485f76c450c218f999e0d3/distribuce/b780dd4273ea213a07334efa0c41d7c5/podmínky-užití,E,E,1
http://data.gov.cz/zdroj/datové-sady/00020699/b1cd4e0524beb3027035a244a9b22975/distribuce/5c93b32d1fe761a72518bdbea1b76dc9/podmínky-užití,E,E,1
http://data.gov.cz/zdroj/datové-sady/00020699/b294988ecb9bde8739ed5a297ae68b87/distribuce/50ee9520adee6bfc327add8ae75c3b16/podmínky-užití,E,E,1
http://data.gov.cz/zdroj/datové-sady/00020699/b294988ecb9bde8739ed5a297ae68b87/distribuce/54322d4cc5ce92eec62df8a17ead1eaf/podmínky-užití,E,E,1
http://data.gov.cz/zdroj/datové-sady/00020699/b294988ecb9bde8739ed5a297ae68b87/distribuce/6c5e13f194c9edb7aae0c87c3584947d/podmínky-užití,E,E,1
http://data.gov.cz/zdroj/datové-sady/00020699/b294988ecb9bde8739ed5a297ae68b87/distribuce/f6188346f06da891dd0c063d01b4a17f/podmínky-užití,E,E,1
http://data.gov.cz/zdroj/datové-sady/00020699/b7818c3d8a44a5599e9556f6f39e41dc/distribuce/2f574fe49b07f9c9ef27e9a95ead2514/podmínky-užití,E,E,1
http://data.gov.cz/zdroj/datové-sady/00020699/ba2ba35584c919f4a8aa1c5a8846b774/distribuce/35161b3f228a8d1d1e16c9c76a6a890e/podmínky-užití,E,E,1
http://data.gov.cz/zdroj/datové-sady/00020699/ba2ba35584c919f4a8aa1c5a8846b774/distribuce/6e1a6f4ff1ac54bcc1f588aafc0aefa0/podmínky-užití,E,E,1
http://data.gov.cz/zdroj/datové-sady/00020699/ba2ba35584c919f4a8aa1c5a8846b774/distribuce/b3c89b9a2b4bb9dfdae8707c22ecc10e/podmínky-užití,E,E,1
http://data.gov.cz/zdroj/datové-sady/00020699/ba2ba35584c919f4a8aa1c5a8846b774/distribuce/da46d64ee680c7f1a3f17f2d392234e8/podmínky-užití,E,E,1
http://data.gov.cz/zdroj/datové-sady/00020699/ba2ba35584c919f4a8aa1c5a8846b774/distribuce/f8a05c0c4954b3a817ab9b32b46d5d05/podmínky-užití,E,E,1
http://data.gov.cz/zdroj/datové-sady/00020699/ba2ba35584c919f4a8aa1c5a8846b774/distribuce/fd6d98b45c6fb68f856c64632f7999bb/podmínky-užití,E,E,1
http://data.gov.cz/zdroj/datové-sady/00020699/bb1e2760eb1e905d840fb2d8a30fd010/distribuce/463c23337335d3506ff00365ad391d53/podmínky-užití,E,E,1
http://data.gov.cz/zdroj/datové-sady/00020699/bb1e2760eb1e905d840fb2d8a30fd010/distribuce/488ef27b1b72446b0a50013ec6ea21b2/podmínky-užití,E,E,1
http://data.gov.cz/zdroj/datové-sady/00020699/bc757f6f47865ae4b469067c9935cc60/distribuce/a5a47040c2618986231fd8d2c4e93e89/podmínky-užití,E,E,1
http://data.gov.cz/zdroj/datové-sady/00020699/bc757f6f47865ae4b469067c9935cc60/distribuce/e8a600b43e39be002839319b18182ac0/podmínky-užití,E,E,1
http://data.gov.cz/zdroj/datové-sady/00020699/be812b0724e1003d1d68a475b07c3e88/distribuce/91e04bb9ec84b4d7275214dc51ebfe59/podmínky-užití,E,E,1
http://data.gov.cz/zdroj/datové-sady/00020699/c4d6e0cf5a123d044e63769cc803eecc/distribuce/0ac1b7430e37f148da8891ab142b29ca/podmínky-užití,E,E,1
http://data.gov.cz/zdroj/datové-sady/00020699/c4d6e0cf5a123d044e63769cc803eecc/distribuce/1991072488acd77b8825d9780880a9b5/podmínky-užití,E,E,1
http://data.gov.cz/zdroj/datové-sady/00020699/c4d6e0cf5a123d044e63769cc803eecc/distribuce/9d587e6a4c6894028732abe106a1b574/podmínky-užití,E,E,1
http://data.gov.cz/zdroj/datové-sady/00020699/c4d6e0cf5a123d044e63769cc803eecc/distribuce/c9c2479d33a7d2c6ffe82722b9304b05/podmínky-užití,E,E,1
http://data.gov.cz/zdroj/datové-sady/00020699/c56d9453dce3493f06acca4b39e9a657/distribuce/091b79bd1bf49bfe481849c70ed468ea/podmínky-užití,E,E,1
http://data.gov.cz/zdroj/datové-sady/00020699/c56d9453dce3493f06acca4b39e9a657/distribuce/3776721f086cddcd86b6a7b006ca8386/podmínky-užití,E,E,1
http://data.gov.cz/zdroj/datové-sady/00020699/c56d9453dce3493f06acca4b39e9a657/distribuce/f1cce526ee8b89b4bfc3c20b7ae5cadb/podmínky-užití,E,E,1
http://data.gov.cz/zdroj/datové-sady/00020699/c724d055011d82189bbfc3766ffd1eb7/distribuce/02bfe0669c9bb5b4c593796e190d987a/podmínky-užití,E,E,1
http://data.gov.cz/zdroj/datové-sady/00020699/c724d055011d82189bbfc3766ffd1eb7/distribuce/454361b57be68c345210e7bed433dbf0/podmínky-užití,E,E,1
http://data.gov.cz/zdroj/datové-sady/00020699/c724d055011d82189bbfc3766ffd1eb7/distribuce/a4d98ac1f86770b882de30ab0d10c5b8/podmínky-užití,E,E,1
http://data.gov.cz/zdroj/datové-sady/00020699/c724d055011d82189bbfc3766ffd1eb7/distribuce/fa71b20dc00539895369a2503e47f1a8/podmínky-užití,E,E,1
http://data.gov.cz/zdroj/datové-sady/00020699/c7f717f88dca709ef7636636bdb3c293/distribuce/4a0a95f4eab2dac7a3891bd55e7f3cef/podmínky-užití,E,E,1
http://data.gov.cz/zdroj/datové-sady/00020699/ca7f3d8090b79dcadf36e36cae5a1e8a/distribuce/11337299ed0eb69551a013470464c3a4/podmínky-užití,E,E,1
http://data.gov.cz/zdroj/datové-sady/00020699/cdb69fdfd7fa6c05e8ad647c35a20b45/distribuce/32cd8f59b7b81927235f3485a71771b2/podmínky-užití,E,E,1
http://data.gov.cz/zdroj/datové-sady/00020699/cdb69fdfd7fa6c05e8ad647c35a20b45/distribuce/8eca33022f6b8ba0c08ecd2535853a22/podmínky-užití,E,E,1
http://data.gov.cz/zdroj/datové-sady/00020699/cdb69fdfd7fa6c05e8ad647c35a20b45/distribuce/d0a0512e4c904cfc11b9fc425b792abe/podmínky-užití,E,E,1
http://data.gov.cz/zdroj/datové-sady/00020699/d8a23df7649e40598459bbab8bb60f19/distribuce/e23db21e5bfc5426c8d14e637c9899fa/podmínky-užití,E,E,1
http://data.gov.cz/zdroj/datové-sady/00020699/e0ae9c83c9ec48b96da509b80bfc6912/distribuce/db3ee4a81aacc1213608fe5b110afa88/podmínky-užití,E,E,1
http://data.gov.cz/zdroj/datové-sady/00020699/e0ae9c83c9ec48b96da509b80bfc6912/distribuce/e2dad55600af1d5a08cfc2ff96f5e0ef/podmínky-užití,E,E,1
http://data.gov.cz/zdroj/datové-sady/00020699/e6fa8032dc21d6c0ff5e005a8de0da95/distribuce/07bca086c89ace964660259ce8621297/podmínky-užití,E,E,1
http://data.gov.cz/zdroj/datové-sady/00020699/e8d926ce4f9e3a6ee137b2293a6ab0dc/distribuce/2a6d8fc8d60f4b7ef196c8df5c49a5c5/podmínky-užití,E,E,1
http://data.gov.cz/zdroj/datové-sady/00020699/ebd0e645d3bc909276b7a83a426cbce4/distribuce/474e769475d1ce8d38b3a61280791a2d/podmínky-užití,E,E,1
http://data.gov.cz/zdroj/datové-sady/00020699/ecaee834f853b3a92bc304573d8225c0/distribuce/7d96f8c412aa83129e56366b4d4c047e/podmínky-užití,E,E,1
http://data.gov.cz/zdroj/datové-sady/00020699/ecaee834f853b3a92bc304573d8225c0/distribuce/b493b1fbd8324203f325ab31b9ce1f72/podmínky-užití,E,E,1
http://data.gov.cz/zdroj/datové-sady/00020699/ecaee834f853b3a92bc304573d8225c0/distribuce/e11eb8adf7345f244a079c7075647920/podmínky-užití,E,E,1
http://data.gov.cz/zdroj/datové-sady/00020699/ee761d62aab7fa2014361b5d11b5c0ac/distribuce/bab489180eaf835b414b855a8ec3cc91/podmínky-užití,E,E,1
http://data.gov.cz/zdroj/datové-sady/00020699/ee761d62aab7fa2014361b5d11b5c0ac/distribuce/bb6ac20a6c89154335e0ce149c0fda15/podmínky-užití,E,E,1
http://data.gov.cz/zdroj/datové-sady/00020699/ee761d62aab7fa2014361b5d11b5c0ac/distribuce/ed199fb9f10f53ddb2d157410f1f0cf2/podmínky-užití,E,E,1
http://data.gov.cz/zdroj/datové-sady/00020699/f04b1778cde38d1dd286204f98713015/distribuce/5b754f8b887ebfdb80b25c620cb1471d/podmínky-užití,E,E,1
http://data.gov.cz/zdroj/datové-sady/00020699/f55414544716e8325ad39e05415c58c4/distribuce/44ed479b2d96e8c210c936775c49ed01/podmínky-užití,E,E,1
http://data.gov.cz/zdroj/datové-sady/00020699/f55414544716e8325ad39e05415c58c4/distribuce/980ad7586f4d4810c54c76c8fc257569/podmínky-užití,E,E,1
http://data.gov.cz/zdroj/datové-sady/00020699/f55414544716e8325ad39e05415c58c4/distribuce/af0ecdb85cc498d511577cb2a6623b00/podmínky-užití,E,E,1
http://data.gov.cz/zdroj/datové-sady/00020699/f55414544716e8325ad39e05415c58c4/distribuce/f022ed8551602978248c32dccab9a822/podmínky-užití,E,E,1
http://data.gov.cz/zdroj/datové-sady/00020699/f55414544716e8325ad39e05415c58c4/distribuce/fbc52a2a66acc3b89f3dde53e82b5912/podmínky-užití,E,E,1
http://data.gov.cz/zdroj/datové-sady/00020699/f8d175c136790fba632fb728865b1672/distribuce/3da0be3ccc49c8159550459e487df089/podmínky-užití,E,E,1
http://data.gov.cz/zdroj/datové-sady/00020699/f8d175c136790fba632fb728865b1672/distribuce/98bcf829eac399db9a4d394c80af941e/podmínky-užití,E,E,1
http://data.gov.cz/zdroj/datové-sady/00020699/f8d175c136790fba632fb728865b1672/distribuce/ad9c8aa6ae30d30f97e7e5651587ee9b/podmínky-užití,E,E,1
http://data.gov.cz/zdroj/datové-sady/00020699/f8d175c136790fba632fb728865b1672/distribuce/db82943307d0aebfb1f304957d192525/podmínky-užití,E,E,1
http://data.gov.cz/zdroj/datové-sady/00020699/f8d175c136790fba632fb728865b1672/distribuce/ec2682d4966f90b766796777a9e25394/podmínky-užití,E,E,1
http://data.gov.cz/zdroj/datové-sady/00020699/f8d175c136790fba632fb728865b1672/distribuce/f3b6f6b3ced41f8d03f9cdb7c812fd1d/podmínky-užití,E,E,1
http://data.gov.cz/zdroj/datové-sady/00020699/fb70cc58429b2fd97203aeb0997c9217/distribuce/0113e327f6db107fbb03e104bf486fbd/podmínky-užití,E,E,1
http://data.gov.cz/zdroj/datové-sady/00020699/fb70cc58429b2fd97203aeb0997c9217/distribuce/6504e7de9aeb465e472d95f81ef4e37f/podmínky-užití,E,E,1
http://data.gov.cz/zdroj/datové-sady/00020699/fb70cc58429b2fd97203aeb0997c9217/distribuce/8362cf2cb9dd75da9cf1b639765053fc/podmínky-užití,E,E,1
http://data.gov.cz/zdroj/datové-sady/00020699/fb70cc58429b2fd97203aeb0997c9217/distribuce/92631ddfbc25e2756a8a41c462a56470/podmínky-užití,E,E,1
http://data.gov.cz/zdroj/datové-sady/00020699/fb70cc58429b2fd97203aeb0997c9217/distribuce/99217715eff0b60c207654841e86b31a/podmínky-užití,E,E,1
http://data.gov.cz/zdroj/datové-sady/00020699/fb70cc58429b2fd97203aeb0997c9217/distribuce/b585f5d44c1aa66d7091c9590d0a1cf3/podmínky-užití,E,E,1
http://data.gov.cz/zdroj/datové-sady/00020699/fdec7a604d7103862d2fb79cf23933db/distribuce/4bb3d17eec5ad6a144bd7432cad9a405/podmínky-užití,E,E,1
http://data.gov.cz/zdroj/datové-sady/00020699/fdec7a604d7103862d2fb79cf23933db/distribuce/7ab4ce8af08ab0cdc0944fbeddbbbbd7/podmínky-užití,E,E,1
http://data.gov.cz/zdroj/datové-sady/00020699/fdec7a604d7103862d2fb79cf23933db/distribuce/faf8cefcdee49faf749937f211d0f85e/podmínky-užití,E,E,1
http://data.gov.cz/zdroj/datové-sady/00020699/fed20bea30b8a6e94d3b37522f6a40c4/distribuce/8e57180f20e536056c4433f2c2152949/podmínky-užití,E,E,1
http://data.gov.cz/zdroj/datové-sady/00020699/fed20bea30b8a6e94d3b37522f6a40c4/distribuce/c48c0636083b5567caa5c3a83d644164/podmínky-užití,E,E,1
http://data.gov.cz/zdroj/datové-sady/00020699/fed20bea30b8a6e94d3b37522f6a40c4/distribuce/d31365a828b5fdc9515aa032471aeeea/podmínky-užití,E,E,1
http://data.gov.cz/zdroj/datové-sady/00020711/0038bc66111440f3bbc488ba46a02f97/distribuce/7ba2b9d1ca441670535388914ec4f8b6/podmínky-užití,E,E,1
http://data.gov.cz/zdroj/datové-sady/00020711/0038bc66111440f3bbc488ba46a02f97/distribuce/ac225c2bed89a4f030a4ef6a46265afb/podmínky-užití,E,E,1
http://data.gov.cz/zdroj/datové-sady/00020711/0038bc66111440f3bbc488ba46a02f97/distribuce/be6ed26ac03e2368a6a3a4dfa6b2e737/podmínky-užití,E,E,1
http://data.gov.cz/zdroj/datové-sady/00020711/0038bc66111440f3bbc488ba46a02f97/distribuce/f397f8fdcdaa1daae5ea6e1ae2294c2a/podmínky-užití,E,E,1
http://data.gov.cz/zdroj/datové-sady/00020711/25ebefbd7d10ebd202cec12d7308de7c/distribuce/6e5a2ac43484f4f53b43eb25bc613315/podmínky-užití,E,E,1
http://data.gov.cz/zdroj/datové-sady/00020711/25ebefbd7d10ebd202cec12d7308de7c/distribuce/9ae840ec62406ac544d4a408d52f3502/podmínky-užití,E,E,1
http://data.gov.cz/zdroj/datové-sady/00020711/25ebefbd7d10ebd202cec12d7308de7c/distribuce/b378377676ed654650dbbc3f703483ef/podmínky-užití,E,E,1
http://data.gov.cz/zdroj/datové-sady/00020711/25ebefbd7d10ebd202cec12d7308de7c/distribuce/bc72200691131268d0f6dbd1495f34c9/podmínky-užití,E,E,1
http://data.gov.cz/zdroj/datové-sady/00020711/29a28ed79368c6ce87a0b5bfef453c59/distribuce/7015a4f4637c2379286b4e0a10ef05fc/podmínky-užití,E,E,1
http://data.gov.cz/zdroj/datové-sady/00020711/29a28ed79368c6ce87a0b5bfef453c59/distribuce/ac8d68499b8cd0254eb2b9326853ccc1/podmínky-užití,E,E,1
http://data.gov.cz/zdroj/datové-sady/00020711/29a28ed79368c6ce87a0b5bfef453c59/distribuce/c6148bc94d5adb50a6f04453e008542a/podmínky-užití,E,E,1
http://data.gov.cz/zdroj/datové-sady/00020711/2a5c351d1ce0db1f69ad61bf90be0d74/distribuce/3fd8d259dbf7529011f4fd4622503179/podmínky-užití,E,E,1
http://data.gov.cz/zdroj/datové-sady/00020711/2a5c351d1ce0db1f69ad61bf90be0d74/distribuce/4f7f51340a3d0bdb4ca4b2e52737d3eb/podmínky-užití,E,E,1
http://data.gov.cz/zdroj/datové-sady/00020711/2a5c351d1ce0db1f69ad61bf90be0d74/distribuce/dbda4040a12913b3d48634f68e56dad6/podmínky-užití,E,E,1
http://data.gov.cz/zdroj/datové-sady/00020711/2a5c351d1ce0db1f69ad61bf90be0d74/distribuce/e94a6d015de11312a9f2cb6cf1414040/podmínky-užití,E,E,1
http://data.gov.cz/zdroj/datové-sady/00020711/402cc7c9040db6e1f0ffda48cbe01bfd/distribuce/14bb1feccbd1d784a7efee2c5b278b1a/podmínky-užití,E,E,1
http://data.gov.cz/zdroj/datové-sady/00020711/402cc7c9040db6e1f0ffda48cbe01bfd/distribuce/9c2fabef763fbb42b5af86a3a7044b3e/podmínky-užití,E,E,1
http://data.gov.cz/zdroj/datové-sady/00020711/402cc7c9040db6e1f0ffda48cbe01bfd/distribuce/b1a8481a3e5d5ee04dbcfddb099eca5f/podmínky-užití,E,E,1
http://data.gov.cz/zdroj/datové-sady/00020711/402cc7c9040db6e1f0ffda48cbe01bfd/distribuce/cec58e7a417621ea0995df480ee0b64a/podmínky-užití,E,E,1
http://data.gov.cz/zdroj/datové-sady/00020711/44df80c89b568d03def2ab953ceb023d/distribuce/43467a106b4b2717e9ffcdf823b16022/podmínky-užití,E,E,1
http://data.gov.cz/zdroj/datové-sady/00020711/44df80c89b568d03def2ab953ceb023d/distribuce/5fa4a1d39831e56559f4d576525b8072/podmínky-užití,E,E,1
http://data.gov.cz/zdroj/datové-sady/00020711/44df80c89b568d03def2ab953ceb023d/distribuce/62fd1eb1a82887324f8c400c9c816695/podmínky-užití,E,E,1
http://data.gov.cz/zdroj/datové-sady/00020711/44df80c89b568d03def2ab953ceb023d/distribuce/eb6f810b0874e47aa9d724570edf495e/podmínky-užití,E,E,1
http://data.gov.cz/zdroj/datové-sady/00020711/4b1accb2671ee1daa176914efe7678a3/distribuce/17e327bcc12860721fd52b866879a21b/podmínky-užití,E,E,1
http://data.gov.cz/zdroj/datové-sady/00020711/4b1accb2671ee1daa176914efe7678a3/distribuce/51dfdeed19d2e88b20af00532644ca90/podmínky-užití,E,E,1
http://data.gov.cz/zdroj/datové-sady/00020711/4b1accb2671ee1daa176914efe7678a3/distribuce/9c7fd45af110c57af25067dd9b8b10a0/podmínky-užití,E,E,1
http://data.gov.cz/zdroj/datové-sady/00020711/4b1accb2671ee1daa176914efe7678a3/distribuce/d4113148fff149a18d5d0bf72d2ea0a3/podmínky-užití,E,E,1
http://data.gov.cz/zdroj/datové-sady/00020711/53586df59423419b9065ecb603d7cbfe/distribuce/575cbfd0c27ee077011a36f0a07165de/podmínky-užití,E,E,1
http://data.gov.cz/zdroj/datové-sady/00020711/53586df59423419b9065ecb603d7cbfe/distribuce/a0567feee19ade6be4440840ef266595/podmínky-užití,E,E,1
http://data.gov.cz/zdroj/datové-sady/00020711/53586df59423419b9065ecb603d7cbfe/distribuce/ab7e790d979bd3f5f53ca0809ddc98db/podmínky-užití,E,E,1
http://data.gov.cz/zdroj/datové-sady/00020711/53586df59423419b9065ecb603d7cbfe/distribuce/fa1af949336a35724596227acf18a748/podmínky-užití,E,E,1
http://data.gov.cz/zdroj/datové-sady/00020711/5538c21e823760f678babfa198465dac/distribuce/94cd4ec2e9fe781d1c8d5f4c97f06084/podmínky-užití,E,E,1
http://data.gov.cz/zdroj/datové-sady/00020711/5538c21e823760f678babfa198465dac/distribuce/97b7cd9026fb92961e6d144d496413ac/podmínky-užití,E,E,1
http://data.gov.cz/zdroj/datové-sady/00020711/5538c21e823760f678babfa198465dac/distribuce/a55fc16641094251ba7fafa6f2b4c037/podmínky-užití,E,E,1
http://data.gov.cz/zdroj/datové-sady/00020711/5538c21e823760f678babfa198465dac/distribuce/a962f45f086447d86d3d5c40df20096e/podmínky-užití,E,E,1
http://data.gov.cz/zdroj/datové-sady/00020711/6418216edc1f069f4956fede98f7ed01/distribuce/bca445b4cc0d27a347872044934709c9/podmínky-užití,E,E,1
http://data.gov.cz/zdroj/datové-sady/00020711/6418216edc1f069f4956fede98f7ed01/distribuce/c087f5fb421fdc76f7bf7265b622d0ff/podmínky-užití,E,E,1
http://data.gov.cz/zdroj/datové-sady/00020711/6418216edc1f069f4956fede98f7ed01/distribuce/f28617d129f64fe046ca43880f5c61bc/podmínky-užití,E,E,1
http://data.gov.cz/zdroj/datové-sady/00020711/6418216edc1f069f4956fede98f7ed01/distribuce/fcf5bdefa8bfeb6df3e97b178e981056/podmínky-užití,E,E,1
http://data.gov.cz/zdroj/datové-sady/00020711/6923f963df9bbcab72447a3a977f4210/distribuce/4b02e5c91ea80a442f0c600e3922788b/podmínky-užití,E,E,1
http://data.gov.cz/zdroj/datové-sady/00020711/6923f963df9bbcab72447a3a977f4210/distribuce/81d63b7d9f18d4fbcba2593bf05bad6c/podmínky-užití,E,E,1
http://data.gov.cz/zdroj/datové-sady/00020711/6923f963df9bbcab72447a3a977f4210/distribuce/9b8c0a817e18dc16572927ecef79d371/podmínky-užití,E,E,1
http://data.gov.cz/zdroj/datové-sady/00020711/6923f963df9bbcab72447a3a977f4210/distribuce/ac3c5d780cada30ad1074fab5386b9d1/podmínky-užití,E,E,1
http://data.gov.cz/zdroj/datové-sady/00020711/7e6d7b982933bea0c736b3e7490f08da/distribuce/021d546136934d8b563f04083658b753/podmínky-užití,E,E,1
http://data.gov.cz/zdroj/datové-sady/00020711/7e6d7b982933bea0c736b3e7490f08da/distribuce/53517bcb357caeb1f8530952c5144bc3/podmínky-užití,E,E,1
http://data.gov.cz/zdroj/datové-sady/00020711/7e6d7b982933bea0c736b3e7490f08da/distribuce/acacbf22b43d89975d9c70a136a8c22d/podmínky-užití,E,E,1
http://data.gov.cz/zdroj/datové-sady/00020711/7e6d7b982933bea0c736b3e7490f08da/distribuce/f95481ae6bcd613bf80899876c75ec82/podmínky-užití,E,E,1
http://data.gov.cz/zdroj/datové-sady/00020711/88e0d607048a773424590bae36e6b54b/distribuce/01cfc4d33f2134015d7c93ed43e142f4/podmínky-užití,E,E,1
http://data.gov.cz/zdroj/datové-sady/00020711/88e0d607048a773424590bae36e6b54b/distribuce/0d5ec3881d2edf04a87f6df6dc11c8f4/podmínky-užití,E,E,1
http://data.gov.cz/zdroj/datové-sady/00020711/88e0d607048a773424590bae36e6b54b/distribuce/b749b0b7b15eec16f118e97d4654489c/podmínky-užití,E,E,1
http://data.gov.cz/zdroj/datové-sady/00020711/88e0d607048a773424590bae36e6b54b/distribuce/e427b0cfe1f5eb347b06afe36a1e988f/podmínky-užití,E,E,1
http://data.gov.cz/zdroj/datové-sady/00020711/8a11fe3e66508ff3eb8740c15e6fe0fe/distribuce/0fcb627c9044760011a2ff816a7097a4/podmínky-užití,E,E,1
http://data.gov.cz/zdroj/datové-sady/00020711/8a11fe3e66508ff3eb8740c15e6fe0fe/distribuce/18c996be51c38e80b072f5ed7e4c8152/podmínky-užití,E,E,1
http://data.gov.cz/zdroj/datové-sady/00020711/8a11fe3e66508ff3eb8740c15e6fe0fe/distribuce/cc7dd37c8387aceb127f558f738719de/podmínky-užití,E,E,1
http://data.gov.cz/zdroj/datové-sady/00020711/8a11fe3e66508ff3eb8740c15e6fe0fe/distribuce/dc86f1d5a50436273887e979517fee76/podmínky-užití,E,E,1
http://data.gov.cz/zdroj/datové-sady/00020711/8aa27bc5f9391334c2d2279d3e71adbd/distribuce/36e0d3e6ccf19005eb5c9c948dfd5945/podmínky-užití,E,E,1
http://data.gov.cz/zdroj/datové-sady/00020711/8aa27bc5f9391334c2d2279d3e71adbd/distribuce/6a3a52fdfaf5d6f9b68375bbc4d32303/podmínky-užití,E,E,1
http://data.gov.cz/zdroj/datové-sady/00020711/8aa27bc5f9391334c2d2279d3e71adbd/distribuce/dd7f4c9d7c20d8aba5c9a72b8b2087e2/podmínky-užití,E,E,1
http://data.gov.cz/zdroj/datové-sady/00020711/a5f104944b972dfc72fcabe6c0325e64/distribuce/20ae1b529ccc6e80d4601fbb675ce116/podmínky-užití,E,E,1
http://data.gov.cz/zdroj/datové-sady/00020711/a5f104944b972dfc72fcabe6c0325e64/distribuce/703b5d60a3649f6aa92865e5e1ba3157/podmínky-užití,E,E,1
http://data.gov.cz/zdroj/datové-sady/00020711/a5f104944b972dfc72fcabe6c0325e64/distribuce/9c66a9c18571e949f4fd1569bbe7872e/podmínky-užití,E,E,1
http://data.gov.cz/zdroj/datové-sady/00020711/a5f104944b972dfc72fcabe6c0325e64/distribuce/b5e65f3151ee52239b25df3fc05da0ff/podmínky-užití,E,E,1
http://data.gov.cz/zdroj/datové-sady/00020711/b12c0ab6dbe40151519acc314605029f/distribuce/282ecf05cb2e6462dd9d79d6cdd075c5/podmínky-užití,E,E,1
http://data.gov.cz/zdroj/datové-sady/00020711/b12c0ab6dbe40151519acc314605029f/distribuce/3de297196fd3cfec5a4dd5bf23e9d120/podmínky-užití,E,E,1
http://data.gov.cz/zdroj/datové-sady/00020711/b12c0ab6dbe40151519acc314605029f/distribuce/4732e1b4859bb4cff0d8baf607ce5268/podmínky-užití,E,E,1
http://data.gov.cz/zdroj/datové-sady/00020711/b12c0ab6dbe40151519acc314605029f/distribuce/6a6776c12ebada1eed2730c3623a742d/podmínky-užití,E,E,1
http://data.gov.cz/zdroj/datové-sady/00020711/b12c0ab6dbe40151519acc314605029f/distribuce/92b12e4f57e0687077d5fd15fea10f07/podmínky-užití,E,E,1
http://data.gov.cz/zdroj/datové-sady/00020711/b12c0ab6dbe40151519acc314605029f/distribuce/9414bc176123800ed60098834e6442c7/podmínky-užití,E,E,1
http://data.gov.cz/zdroj/datové-sady/00020711/babf09e34a091d1212665154da384354/distribuce/017ae9f0fddceee8130e9c828168cc20/podmínky-užití,E,E,1
http://data.gov.cz/zdroj/datové-sady/00020711/babf09e34a091d1212665154da384354/distribuce/3977cb5468d52c586fdd5387a7cfcbb5/podmínky-užití,E,E,1
http://data.gov.cz/zdroj/datové-sady/00020711/babf09e34a091d1212665154da384354/distribuce/4c62a3b9078f87ebffe7ffb3f741f373/podmínky-užití,E,E,1
http://data.gov.cz/zdroj/datové-sady/00020711/babf09e34a091d1212665154da384354/distribuce/5978de80caca8d7bd0b8098f47c961ea/podmínky-užití,E,E,1
http://data.gov.cz/zdroj/datové-sady/00020711/babf09e34a091d1212665154da384354/distribuce/664be2f1994db90cf9ef3d7800cf3143/podmínky-užití,E,E,1
http://data.gov.cz/zdroj/datové-sady/00020711/babf09e34a091d1212665154da384354/distribuce/f4ae1398c59275273b0c22c45e36b260/podmínky-užití,E,E,1
http://data.gov.cz/zdroj/datové-sady/00020711/babf09e34a091d1212665154da384354/distribuce/f83d704a575041e01b94aa1bf9f1a1ef/podmínky-užití,E,E,1
http://data.gov.cz/zdroj/datové-sady/00020711/bcbf2d314735a233c74085295d3636ac/distribuce/6e3a7e409b4d3cb05e0453d9d5db9960/podmínky-užití,E,E,1
http://data.gov.cz/zdroj/datové-sady/00020711/bcbf2d314735a233c74085295d3636ac/distribuce/8003d93c5382b5a2ed2d5d71d4139ca8/podmínky-užití,E,E,1
http://data.gov.cz/zdroj/datové-sady/00020711/bcbf2d314735a233c74085295d3636ac/distribuce/a6214cf6a819da0f05748367a213a046/podmínky-užití,E,E,1
http://data.gov.cz/zdroj/datové-sady/00020711/bcbf2d314735a233c74085295d3636ac/distribuce/aa212defebe718b8ac0f28a5f75d941d/podmínky-užití,E,E,1
http://data.gov.cz/zdroj/datové-sady/00020711/c1add81d8b6299be01506db9a61e631e/distribuce/425675d5addce0ae5909297c70eaa21f/podmínky-užití,E,E,1
http://data.gov.cz/zdroj/datové-sady/00020711/c1add81d8b6299be01506db9a61e631e/distribuce/d6b9f1842d35c7d9988448d2ba84a1aa/podmínky-užití,E,E,1
http://data.gov.cz/zdroj/datové-sady/00020711/ca7b1288998a769d0ff4e674e27718b4/distribuce/6c51eea451f035926405a16dc3e4c278/podmínky-užití,E,E,1
http://data.gov.cz/zdroj/datové-sady/00020711/ca7b1288998a769d0ff4e674e27718b4/distribuce/dba181c68d53f256e2aa873781c235b1/podmínky-užití,E,E,1
http://data.gov.cz/zdroj/datové-sady/00020711/d9e0e495ed060073149e86a03220d55a/distribuce/316f9271675d11228cc85da4a4e639a2/podmínky-užití,E,E,1
http://data.gov.cz/zdroj/datové-sady/00020711/d9e0e495ed060073149e86a03220d55a/distribuce/490512d1c0875a9a67eb5d49ec182370/podmínky-užití,E,E,1
http://data.gov.cz/zdroj/datové-sady/00020711/d9e0e495ed060073149e86a03220d55a/distribuce/aba0fad8611dd0812c8424e4e32c5ff1/podmínky-užití,E,E,1
http://data.gov.cz/zdroj/datové-sady/00020711/d9e0e495ed060073149e86a03220d55a/distribuce/c081f95de388e1f00011f3de758c5c2c/podmínky-užití,E,E,1
http://data.gov.cz/zdroj/datové-sady/00020711/df971f5fd2911e97c503617296f5c3d9/distribuce/70a5fabb71371640a9277828bdb67aeb/podmínky-užití,E,E,1
http://data.gov.cz/zdroj/datové-sady/00020711/df971f5fd2911e97c503617296f5c3d9/distribuce/b3cf7a048dd4adef9cd67fa28b2ca0e3/podmínky-užití,E,E,1
http://data.gov.cz/zdroj/datové-sady/00020711/df971f5fd2911e97c503617296f5c3d9/distribuce/d79cb86eeefbc4b94cf555f021102bdf/podmínky-užití,E,E,1
http://data.gov.cz/zdroj/datové-sady/00020711/df971f5fd2911e97c503617296f5c3d9/distribuce/def2fcf1a1fdfbcbf2103d7f9a05ae26/podmínky-užití,E,E,1
http://data.gov.cz/zdroj/datové-sady/00020711/e41e96467a69cc90649996d7beb06a19/distribuce/9208df2439eb3c98f4fdf851e4098b72/podmínky-užití,E,E,1
http://data.gov.cz/zdroj/datové-sady/00020711/e41e96467a69cc90649996d7beb06a19/distribuce/b90c7f73c979bc1fa3870b6403413cde/podmínky-užití,E,E,1
http://data.gov.cz/zdroj/datové-sady/00020711/e41e96467a69cc90649996d7beb06a19/distribuce/cdd2da44980cadab1b8c8565f1c6057b/podmínky-užití,E,E,1
http://data.gov.cz/zdroj/datové-sady/00020711/e41e96467a69cc90649996d7beb06a19/distribuce/ef795000eefcc39ba3f2fe7a8e0a423d/podmínky-užití,E,E,1
http://data.gov.cz/zdroj/datové-sady/00020711/e945f51e756748bd24d805a26a922306/distribuce/2d17ff1f884e6e64c9f052c637f8666d/podmínky-užití,E,E,1
http://data.gov.cz/zdroj/datové-sady/00020711/e945f51e756748bd24d805a26a922306/distribuce/5280b5ae1b3a4133330277022c80c119/podmínky-užití,E,E,1
http://data.gov.cz/zdroj/datové-sady/00020711/e945f51e756748bd24d805a26a922306/distribuce/63d7feaac7a7abbbda1980e5c6bf2ee6/podmínky-užití,E,E,1
http://data.gov.cz/zdroj/datové-sady/00020711/e945f51e756748bd24d805a26a922306/distribuce/853615d51ea4fb62a53a58b966f59808/podmínky-užití,E,E,1
http://data.gov.cz/zdroj/datové-sady/00020711/f64a6ec9431cee484660d4492a3673aa/distribuce/04d9e2d42b42a0cb3c334cf68c2f977c/podmínky-užití,E,E,1
http://data.gov.cz/zdroj/datové-sady/00020711/f64a6ec9431cee484660d4492a3673aa/distribuce/aaca6f8c8591ce53abffa81d0e45ee80/podmínky-užití,E,E,1
http://data.gov.cz/zdroj/datové-sady/00020711/f6cfc184ebf808bca4cd07c83cbec1e2/distribuce/6ea3db99b81ad89962af7b1279a448a5/podmínky-užití,E,E,1
http://data.gov.cz/zdroj/datové-sady/00020711/f6cfc184ebf808bca4cd07c83cbec1e2/distribuce/9f6718850678785b7bbd0afb9967970f/podmínky-užití,E,E,1
http://data.gov.cz/zdroj/datové-sady/00020711/f6cfc184ebf808bca4cd07c83cbec1e2/distribuce/d74b86b113d7505b51844649b2d5d216/podmínky-užití,E,E,1
http://data.gov.cz/zdroj/datové-sady/00020711/f6cfc184ebf808bca4cd07c83cbec1e2/distribuce/fce30b237847bcdb35e9b6154c4c07d5/podmínky-užití,E,E,1
http://data.gov.cz/zdroj/datové-sady/00020711/fb8ba5d4298fbce880cd571c51c13b49/distribuce/ce3b4eb20786beef140d46688d5a6313/podmínky-užití,E,E,1
http://data.gov.cz/zdroj/datové-sady/00020711/fb8ba5d4298fbce880cd571c51c13b49/distribuce/e3d00579c061ed7d4c7eef251511fe35/podmínky-užití,E,E,1
http://data.gov.cz/zdroj/datové-sady/00020711/fb8ba5d4298fbce880cd571c51c13b49/distribuce/ee62ce4f039942f7ed559c9a0c419c14/podmínky-užití,E,E,1
http://data.gov.cz/zdroj/datové-sady/00020711/fb8ba5d4298fbce880cd571c51c13b49/distribuce/fbc1cb556d9e2711f3a140a061a6f037/podmínky-užití,E,E,1
http://data.gov.cz/zdroj/datové-sady/00020711/fb91dd088d8d8abdc88bab7eae5f797c/distribuce/0e0019dee7fd3a42b6678aa1f0e9be60/podmínky-užití,E,E,1
http://data.gov.cz/zdroj/datové-sady/00020711/fb91dd088d8d8abdc88bab7eae5f797c/distribuce/de756cf0b83bb97c031879aab2f31e98/podmínky-užití,E,E,1
http://data.gov.cz/zdroj/datové-sady/00020711/fb91dd088d8d8abdc88bab7eae5f797c/distribuce/f9dd3f30de5b96db049c728cff225798/podmínky-užití,E,E,1
http://data.gov.cz/zdroj/datové-sady/00020711/fc8268377f1579aa55bdf650ff91f859/distribuce/14e83aa2e7ee70cba9d866668f3de404/podmínky-užití,E,E,1
http://data.gov.cz/zdroj/datové-sady/00020711/fc8268377f1579aa55bdf650ff91f859/distribuce/2c50f3a0df97ab7a68908cc7d60c5c54/podmínky-užití,E,E,1
http://data.gov.cz/zdroj/datové-sady/00020711/fc8268377f1579aa55bdf650ff91f859/distribuce/606bb5d374c84517e429aff3dd57608a/podmínky-užití,E,E,1
http://data.gov.cz/zdroj/datové-sady/00020711/fc8268377f1579aa55bdf650ff91f859/distribuce/893b3c9840467ddaeb9f48360a37aced/podmínky-užití,E,E,1
http://data.gov.cz/zdroj/datové-sady/00025593/085ae49c749fd342a46e9cecb7954005/distribuce/11996e43277c6e49626ef09835dd21bb/podmínky-užití,E,E,1
http://data.gov.cz/zdroj/datové-sady/00025593/085ae49c749fd342a46e9cecb7954005/distribuce/2e0dd4926dcec0054b062285ce6ae6bf/podmínky-užití,E,E,1
http://data.gov.cz/zdroj/datové-sady/00025593/085ae49c749fd342a46e9cecb7954005/distribuce/4d7c8822bffc0cc57063312c24916b09/podmínky-užití,E,E,1
http://data.gov.cz/zdroj/datové-sady/00025593/0be06228d2c78766d4b738afef5cb7a2/distribuce/56af88fe6e035bb2eba3d0e97b4f6612/podmínky-užití,E,E,1
http://data.gov.cz/zdroj/datové-sady/00025593/0be06228d2c78766d4b738afef5cb7a2/distribuce/67c0b42bc10f5f5571d69dda6265231f/podmínky-užití,E,E,1
http://data.gov.cz/zdroj/datové-sady/00025593/0be06228d2c78766d4b738afef5cb7a2/distribuce/8d5a2fea1578ba85ea5488cfba363814/podmínky-užití,E,E,1
http://data.gov.cz/zdroj/datové-sady/00025593/0c4201ada5e9aaaf335f49bf2d7a0d75/distribuce/4c131c27941f48134710bc7e1aa11d7b/podmínky-užití,E,E,1
http://data.gov.cz/zdroj/datové-sady/00025593/0c4201ada5e9aaaf335f49bf2d7a0d75/distribuce/897795a8a3ed21e43fc9dc2731e99a63/podmínky-užití,E,E,1
http://data.gov.cz/zdroj/datové-sady/00025593/0c4201ada5e9aaaf335f49bf2d7a0d75/distribuce/fdbd002478bdfdd634b27d6d82a2a31f/podmínky-užití,E,E,1
http://data.gov.cz/zdroj/datové-sady/00025593/157fe94c9ad6712e7e721d3462d0003a/distribuce/23869c3ef8d8ff91d319780bbef57b23/podmínky-užití,E,E,1
http://data.gov.cz/zdroj/datové-sady/00025593/157fe94c9ad6712e7e721d3462d0003a/distribuce/5904706449a3f31bcb1572ee783fd777/podmínky-užití,E,E,1
http://data.gov.cz/zdroj/datové-sady/00025593/157fe94c9ad6712e7e721d3462d0003a/distribuce/d761ece6f789bb3f1cdd362162c086bb/podmínky-užití,E,E,1
http://data.gov.cz/zdroj/datové-sady/00025593/1c0712f5842c5a6e6a91660dc8f4339f/distribuce/21e4007ed1506b20621080f22e59ae1e/podmínky-užití,E,E,1
http://data.gov.cz/zdroj/datové-sady/00025593/1c0712f5842c5a6e6a91660dc8f4339f/distribuce/4b493f7bd6eea9b2dd4c9a9c055860ab/podmínky-užití,E,E,1
http://data.gov.cz/zdroj/datové-sady/00025593/1c0712f5842c5a6e6a91660dc8f4339f/distribuce/517f6005bc880f5e93294e07ed8ecb81/podmínky-užití,E,E,1
http://data.gov.cz/zdroj/datové-sady/00025593/201b4bc5392e50ff7dbe0f5676d3db0b/distribuce/09052fcef51c16b20e54432f7929f0df/podmínky-užití,E,E,1
http://data.gov.cz/zdroj/datové-sady/00025593/201b4bc5392e50ff7dbe0f5676d3db0b/distribuce/33c403fb230b6a404db2a99a3bc8b5d1/podmínky-užití,E,E,1
http://data.gov.cz/zdroj/datové-sady/00025593/201b4bc5392e50ff7dbe0f5676d3db0b/distribuce/6c15812650fb302debc65ac22aacd8ff/podmínky-užití,E,E,1
http://data.gov.cz/zdroj/datové-sady/00025593/20abfd2366d904e91d412caef80706e2/distribuce/10326cc165905488cf35f3678627f00e/podmínky-užití,E,E,1
http://data.gov.cz/zdroj/datové-sady/00025593/20abfd2366d904e91d412caef80706e2/distribuce/5de6b15bdec1144ae13c39e7662b90d4/podmínky-užití,E,E,1
http://data.gov.cz/zdroj/datové-sady/00025593/20abfd2366d904e91d412caef80706e2/distribuce/edcdd0182dc4a0e820bb26d2a6b1f84a/podmínky-užití,E,E,1
http://data.gov.cz/zdroj/datové-sady/00025593/250fb12246e4055e47792acc85eea05e/distribuce/12bcb557694ab8d687ea95f2d6544da0/podmínky-užití,E,E,1
http://data.gov.cz/zdroj/datové-sady/00025593/250fb12246e4055e47792acc85eea05e/distribuce/397aeb0fe214402f2a28ff4e3624f10f/podmínky-užití,E,E,1
http://data.gov.cz/zdroj/datové-sady/00025593/250fb12246e4055e47792acc85eea05e/distribuce/d925e66ab127302a2701b8a7e6aa168a/podmínky-užití,E,E,1
http://data.gov.cz/zdroj/datové-sady/00025593/290ef979eccc96908d3c3bafdd199c67/distribuce/3b8a1d3fac8459b0c9c57bb9c9ddaa91/podmínky-užití,E,E,1
http://data.gov.cz/zdroj/datové-sady/00025593/290ef979eccc96908d3c3bafdd199c67/distribuce/a30d5bd23f5520a9c56e5b4dd61ace04/podmínky-užití,E,E,1
http://data.gov.cz/zdroj/datové-sady/00025593/290ef979eccc96908d3c3bafdd199c67/distribuce/f374bb2af72368b20b78c202726944bd/podmínky-užití,E,E,1
http://data.gov.cz/zdroj/datové-sady/00025593/30dca60693feca57411de38f832dcbf3/distribuce/028ea6f1be46aa75e571627e4b04909d/podmínky-užití,E,E,1
http://data.gov.cz/zdroj/datové-sady/00025593/30dca60693feca57411de38f832dcbf3/distribuce/89bf3a16cc2150a9ea70ec7a5798221b/podmínky-užití,E,E,1
http://data.gov.cz/zdroj/datové-sady/00025593/30dca60693feca57411de38f832dcbf3/distribuce/fd64fe2da728c6c2ae63557a25816a29/podmínky-užití,E,E,1
http://data.gov.cz/zdroj/datové-sady/00025593/32d7646e0dc657e55ea7ba076935fb88/distribuce/4271565cafbef783710febf1e48697fa/podmínky-užití,E,E,1
http://data.gov.cz/zdroj/datové-sady/00025593/32d7646e0dc657e55ea7ba076935fb88/distribuce/81d12f86c86172c0142f1b0cd46723d2/podmínky-užití,E,E,1
http://data.gov.cz/zdroj/datové-sady/00025593/32d7646e0dc657e55ea7ba076935fb88/distribuce/c5ef2387d6e607e162098afd07642771/podmínky-užití,E,E,1
http://data.gov.cz/zdroj/datové-sady/00025593/384087c9b2ed7ea720c02d1797849b25/distribuce/8edfd6a4f48ad82c5359beee1c07e1a1/podmínky-užití,E,E,1
http://data.gov.cz/zdroj/datové-sady/00025593/384087c9b2ed7ea720c02d1797849b25/distribuce/ae1bede6dfa0f106d3aceaeb8a4be699/podmínky-užití,E,E,1
http://data.gov.cz/zdroj/datové-sady/00025593/384087c9b2ed7ea720c02d1797849b25/distribuce/ae276ad467909d03c6ba95228bb14859/podmínky-užití,E,E,1
http://data.gov.cz/zdroj/datové-sady/00025593/3b0854983e21f582a614c3c7876d90b8/distribuce/9e79291d76c6f1f3ba22ce3d75e9342a/podmínky-užití,E,E,1
http://data.gov.cz/zdroj/datové-sady/00025593/3b0854983e21f582a614c3c7876d90b8/distribuce/e2604666fab04e9417f205a097747a9f/podmínky-užití,E,E,1
http://data.gov.cz/zdroj/datové-sady/00025593/3b0854983e21f582a614c3c7876d90b8/distribuce/feb299ae04d66f2031b582aaba19e437/podmínky-užití,E,E,1
http://data.gov.cz/zdroj/datové-sady/00025593/3ccc97178a1a90979c153e49d9d64623/distribuce/b03fedf785bd2eab879eee7f374470c2/podmínky-užití,E,E,1
http://data.gov.cz/zdroj/datové-sady/00025593/3ccc97178a1a90979c153e49d9d64623/distribuce/d2d5f85caa94f787115db20edb541738/podmínky-užití,E,E,1
http://data.gov.cz/zdroj/datové-sady/00025593/3ccc97178a1a90979c153e49d9d64623/distribuce/fc9b9b1f45ef052f51f739e0efdf9057/podmínky-užití,E,E,1
http://data.gov.cz/zdroj/datové-sady/00025593/3fbaaa2683a5ba3e30e8177a7c641b25/distribuce/69d00194161e7462b3c9aa35d8b4e5bf/podmínky-užití,E,E,1
http://data.gov.cz/zdroj/datové-sady/00025593/3fbaaa2683a5ba3e30e8177a7c641b25/distribuce/b53ddd30164e2193599e2ea640833bd0/podmínky-užití,E,E,1
http://data.gov.cz/zdroj/datové-sady/00025593/3fbaaa2683a5ba3e30e8177a7c641b25/distribuce/e174819bb9cc6b1d2191821d98dad044/podmínky-užití,E,E,1
http://data.gov.cz/zdroj/datové-sady/00025593/478453ff487ab8b46722f8050d3db13e/distribuce/418628854b94f4de5e4fb76ab44e7307/podmínky-užití,E,E,1
http://data.gov.cz/zdroj/datové-sady/00025593/478453ff487ab8b46722f8050d3db13e/distribuce/bb0952433f30e2404dff2e8d06faba58/podmínky-užití,E,E,1
http://data.gov.cz/zdroj/datové-sady/00025593/478453ff487ab8b46722f8050d3db13e/distribuce/fee9d252697400fce69134d24b2d988c/podmínky-užití,E,E,1
http://data.gov.cz/zdroj/datové-sady/00025593/48eefbf3fd180a7e757e826344f137df/distribuce/18d906f7f1c8f8d55f09c71956b125f1/podmínky-užití,E,E,1
http://data.gov.cz/zdroj/datové-sady/00025593/48eefbf3fd180a7e757e826344f137df/distribuce/522672c8771253183f9f4561cde63e1b/podmínky-užití,E,E,1
http://data.gov.cz/zdroj/datové-sady/00025593/48eefbf3fd180a7e757e826344f137df/distribuce/6f337caf6e844d9b9f1356d6a0b7326e/podmínky-užití,E,E,1
http://data.gov.cz/zdroj/datové-sady/00025593/493d791ae03e656468d30a8c5fae383f/distribuce/52e33ff9885786c78d62bc684d7a653e/podmínky-užití,E,E,1
http://data.gov.cz/zdroj/datové-sady/00025593/493d791ae03e656468d30a8c5fae383f/distribuce/9378ee3fa93fa59e268e52bab1164e50/podmínky-užití,E,E,1
http://data.gov.cz/zdroj/datové-sady/00025593/493d791ae03e656468d30a8c5fae383f/distribuce/d0cf4a32f29a157d9cc5c3b284bd21cc/podmínky-užití,E,E,1
http://data.gov.cz/zdroj/datové-sady/00025593/4a052bc535b8fdbc1da42ffcec85a1a2/distribuce/2bc0e0b7b2f391b6f77c15709b756d7c/podmínky-užití,E,E,1
http://data.gov.cz/zdroj/datové-sady/00025593/4a052bc535b8fdbc1da42ffcec85a1a2/distribuce/d71b1ba87a5c46f2619235f6cd9d6f8e/podmínky-užití,E,E,1
http://data.gov.cz/zdroj/datové-sady/00025593/4a052bc535b8fdbc1da42ffcec85a1a2/distribuce/edcc03acd91939d6d7b6153cf8728a80/podmínky-užití,E,E,1
http://data.gov.cz/zdroj/datové-sady/00025593/4a1a63810638ce66e67735be8836d52c/distribuce/4bb6a2e511fe44c989c9ed026f805f89/podmínky-užití,E,E,1
http://data.gov.cz/zdroj/datové-sady/00025593/4a1a63810638ce66e67735be8836d52c/distribuce/91960f6bcb6f9096b86129a6cc0f4d8b/podmínky-užití,E,E,1
http://data.gov.cz/zdroj/datové-sady/00025593/4a1a63810638ce66e67735be8836d52c/distribuce/a0d54d653136386a9c03924d3aa0b2e3/podmínky-užití,E,E,1
http://data.gov.cz/zdroj/datové-sady/00025593/51b562c21656ba0159edf94cf465069e/distribuce/277ac42bdc45066e058ac223b4574c17/podmínky-užití,E,E,1
http://data.gov.cz/zdroj/datové-sady/00025593/51b562c21656ba0159edf94cf465069e/distribuce/e047e602ab6343aad5ba208cba90fd5e/podmínky-užití,E,E,1
http://data.gov.cz/zdroj/datové-sady/00025593/51b562c21656ba0159edf94cf465069e/distribuce/fa435398ab8b8fcc4ad41927b4ff5b9e/podmínky-užití,E,E,1
http://data.gov.cz/zdroj/datové-sady/00025593/57b3fd3d46fddb74a8a6a123598f0851/distribuce/33136062360919b62c87acd23791a8a3/podmínky-užití,E,E,1
http://data.gov.cz/zdroj/datové-sady/00025593/57b3fd3d46fddb74a8a6a123598f0851/distribuce/53594ded363016614d754740d02e891c/podmínky-užití,E,E,1
http://data.gov.cz/zdroj/datové-sady/00025593/57b3fd3d46fddb74a8a6a123598f0851/distribuce/c15916a256f60f2f0a2eb0daf8adaa4d/podmínky-užití,E,E,1
http://data.gov.cz/zdroj/datové-sady/00025593/58d596210e1b1f9ba7c74c0b345d5f03/distribuce/17976f65908e13c7542542aeb9f90ac5/podmínky-užití,E,E,1
http://data.gov.cz/zdroj/datové-sady/00025593/58d596210e1b1f9ba7c74c0b345d5f03/distribuce/6365b6b44308faeb1ae1238a233af59c/podmínky-užití,E,E,1
http://data.gov.cz/zdroj/datové-sady/00025593/58d596210e1b1f9ba7c74c0b345d5f03/distribuce/aad466144082be318e4caa9e3a2e1b5c/podmínky-užití,E,E,1
http://data.gov.cz/zdroj/datové-sady/00025593/592fffe14672f17f7aea37658656558c/distribuce/5aaa7f22bab829e2c6deb4d265b03424/podmínky-užití,E,E,1
http://data.gov.cz/zdroj/datové-sady/00025593/592fffe14672f17f7aea37658656558c/distribuce/7f0eae2a94e639b456128ee7fd0d00ae/podmínky-užití,E,E,1
http://data.gov.cz/zdroj/datové-sady/00025593/592fffe14672f17f7aea37658656558c/distribuce/c0bb6dc7c08cbd37151eae281fc596e8/podmínky-užití,E,E,1
http://data.gov.cz/zdroj/datové-sady/00025593/5948c8558e7dcc7b75e89fe13c26dcb0/distribuce/14cf601c425218960b25e5a55e79a67c/podmínky-užití,E,E,1
http://data.gov.cz/zdroj/datové-sady/00025593/5948c8558e7dcc7b75e89fe13c26dcb0/distribuce/48a10531d701fc9c938f7b9ca5e28ab5/podmínky-užití,E,E,1
http://data.gov.cz/zdroj/datové-sady/00025593/5948c8558e7dcc7b75e89fe13c26dcb0/distribuce/7478810e2edcbe771bdea93a050b1724/podmínky-užití,E,E,1
http://data.gov.cz/zdroj/datové-sady/00025593/59cf8888507356456783717840d86d14/distribuce/533eda1679cd70834f33b1ad2d3275c4/podmínky-užití,E,E,1
http://data.gov.cz/zdroj/datové-sady/00025593/59cf8888507356456783717840d86d14/distribuce/91554b4ecf4ef5bcd4ee6313b4806ca9/podmínky-užití,E,E,1
http://data.gov.cz/zdroj/datové-sady/00025593/59cf8888507356456783717840d86d14/distribuce/fa817a27a49f56c0654284fdda0b32d8/podmínky-užití,E,E,1
http://data.gov.cz/zdroj/datové-sady/00025593/5bd3193f7f53d7d45247b54b244e6f02/distribuce/80754a99df574ab3a625058b17b286f3/podmínky-užití,E,E,1
http://data.gov.cz/zdroj/datové-sady/00025593/5bd3193f7f53d7d45247b54b244e6f02/distribuce/accd2141d3ec50199d19ef78ab3f66b1/podmínky-užití,E,E,1
http://data.gov.cz/zdroj/datové-sady/00025593/5bd3193f7f53d7d45247b54b244e6f02/distribuce/dc316d8bbcd8449de7c5eae7f00900df/podmínky-užití,E,E,1
http://data.gov.cz/zdroj/datové-sady/00025593/62a16798d46bda931db339bc0885d047/distribuce/0217dad47c9757a7d0072f2cc3d06e88/podmínky-užití,E,E,1
http://data.gov.cz/zdroj/datové-sady/00025593/62a16798d46bda931db339bc0885d047/distribuce/616cca73bea0583d8a22cd3de466c666/podmínky-užití,E,E,1
http://data.gov.cz/zdroj/datové-sady/00025593/62a16798d46bda931db339bc0885d047/distribuce/62adc615cc786b3c58c73efe0b94cabe/podmínky-užití,E,E,1
http://data.gov.cz/zdroj/datové-sady/00025593/671d70ffee5b4306287d41bbdc45c26a/distribuce/331fcef47b90cd5626a71e2219980771/podmínky-užití,E,E,1
http://data.gov.cz/zdroj/datové-sady/00025593/671d70ffee5b4306287d41bbdc45c26a/distribuce/c6e055e8fa4d55f18824a2f9291761ca/podmínky-užití,E,E,1
http://data.gov.cz/zdroj/datové-sady/00025593/671d70ffee5b4306287d41bbdc45c26a/distribuce/e5fe9d6ee1d814eec3af2adc8b606fd4/podmínky-užití,E,E,1
http://data.gov.cz/zdroj/datové-sady/00025593/6795807bcf25ae041ee00d15b5b5ce8b/distribuce/6757c74d0d24b3610e5595bf4779bea0/podmínky-užití,E,E,1
http://data.gov.cz/zdroj/datové-sady/00025593/6795807bcf25ae041ee00d15b5b5ce8b/distribuce/b445a1d6067c97e279a70076a7b98860/podmínky-užití,E,E,1
http://data.gov.cz/zdroj/datové-sady/00025593/6795807bcf25ae041ee00d15b5b5ce8b/distribuce/b6198732757f658a15bb3c48faa0359f/podmínky-užití,E,E,1
http://data.gov.cz/zdroj/datové-sady/00025593/6a6451a0de4eac11e2cf6494d869edba/distribuce/746c75d42bcda19e93cec930021076cc/podmínky-užití,E,E,1
http://data.gov.cz/zdroj/datové-sady/00025593/6a6451a0de4eac11e2cf6494d869edba/distribuce/7a374f8c954e66b499de8750f157aa92/podmínky-užití,E,E,1
http://data.gov.cz/zdroj/datové-sady/00025593/6a6451a0de4eac11e2cf6494d869edba/distribuce/d8f8a97ce5ff76184a8b0a3b4cc44b86/podmínky-užití,E,E,1
http://data.gov.cz/zdroj/datové-sady/00025593/6ce3b82f2e7a8aa620601b1624b7a1fe/distribuce/84e4eae9f5fbb675adae627dcf003414/podmínky-užití,E,E,1
http://data.gov.cz/zdroj/datové-sady/00025593/6ce3b82f2e7a8aa620601b1624b7a1fe/distribuce/9d5f63f02a7b3f4b2ac62a0eaaf4c669/podmínky-užití,E,E,1
http://data.gov.cz/zdroj/datové-sady/00025593/6ce3b82f2e7a8aa620601b1624b7a1fe/distribuce/e9f98b7764c9bcbfcd18a637c42013a6/podmínky-užití,E,E,1
http://data.gov.cz/zdroj/datové-sady/00025593/72f00ba3646f868e016633e99a72b7a4/distribuce/5ce9e62c954ac480033706891c7e807a/podmínky-užití,E,E,1
http://data.gov.cz/zdroj/datové-sady/00025593/72f00ba3646f868e016633e99a72b7a4/distribuce/a4f96cfd580f5dceba5034507afb84a0/podmínky-užití,E,E,1
http://data.gov.cz/zdroj/datové-sady/00025593/72f00ba3646f868e016633e99a72b7a4/distribuce/a5dc1a8ebc359dc9921c1fa9acbd916c/podmínky-užití,E,E,1
http://data.gov.cz/zdroj/datové-sady/00025593/76adb9dfb9c0b088e1393c560f99afc1/distribuce/43959af93dcfa2ee3db0a8596cb5a72f/podmínky-užití,E,E,1
http://data.gov.cz/zdroj/datové-sady/00025593/76adb9dfb9c0b088e1393c560f99afc1/distribuce/77e1ce785141d2c422f8918493c27785/podmínky-užití,E,E,1
http://data.gov.cz/zdroj/datové-sady/00025593/76adb9dfb9c0b088e1393c560f99afc1/distribuce/9438699313fb28923cb4d4ce5b4ba962/podmínky-užití,E,E,1
http://data.gov.cz/zdroj/datové-sady/00025593/77c8ff2fe490e22da407ac900992f2ac/distribuce/093015730b48cfc63ed41c2c587d167a/podmínky-užití,E,E,1
http://data.gov.cz/zdroj/datové-sady/00025593/77c8ff2fe490e22da407ac900992f2ac/distribuce/5afd0ef9d6c6da5ce1a63dc8462d5a60/podmínky-užití,E,E,1
http://data.gov.cz/zdroj/datové-sady/00025593/77c8ff2fe490e22da407ac900992f2ac/distribuce/ae3b21e54a1563045a25a01f7e535ecd/podmínky-užití,E,E,1
http://data.gov.cz/zdroj/datové-sady/00025593/7e0b1b792f3980acfffc2adcff8131d2/distribuce/ac83417c7083eea8e7155148ee93676e/podmínky-užití,E,E,1
http://data.gov.cz/zdroj/datové-sady/00025593/7e0b1b792f3980acfffc2adcff8131d2/distribuce/b86616108e44717b067776637ebb2b8d/podmínky-užití,E,E,1
http://data.gov.cz/zdroj/datové-sady/00025593/7e0b1b792f3980acfffc2adcff8131d2/distribuce/be64c85a475d683a49c2458e0b425c17/podmínky-užití,E,E,1
http://data.gov.cz/zdroj/datové-sady/00025593/83b263d7298b1e828e4ff97352c35c55/distribuce/4930abc3e3e39132819901a24207bda2/podmínky-užití,E,E,1
http://data.gov.cz/zdroj/datové-sady/00025593/83b263d7298b1e828e4ff97352c35c55/distribuce/6c87b83783316e8467e61540dca198a8/podmínky-užití,E,E,1
http://data.gov.cz/zdroj/datové-sady/00025593/83b263d7298b1e828e4ff97352c35c55/distribuce/933dc44882f668df989adda17efcb7ef/podmínky-užití,E,E,1
http://data.gov.cz/zdroj/datové-sady/00025593/84b3241421ac5da207cddd778eddf0c1/distribuce/45d4a00e9964c3795ee2dad21a588639/podmínky-užití,E,E,1
http://data.gov.cz/zdroj/datové-sady/00025593/84b3241421ac5da207cddd778eddf0c1/distribuce/795cbb62dd46b70f5aa01ba31724e618/podmínky-užití,E,E,1
http://data.gov.cz/zdroj/datové-sady/00025593/84b3241421ac5da207cddd778eddf0c1/distribuce/eea8bbc87efdd30ef3363dd42e0a695a/podmínky-užití,E,E,1
http://data.gov.cz/zdroj/datové-sady/00025593/877dc410160db919e6effa91d00577df/distribuce/338bad6209c0ae6550c123474885fcc7/podmínky-užití,E,E,1
http://data.gov.cz/zdroj/datové-sady/00025593/877dc410160db919e6effa91d00577df/distribuce/8656dea3a9e80950c0f3eafd686ca867/podmínky-užití,E,E,1
http://data.gov.cz/zdroj/datové-sady/00025593/877dc410160db919e6effa91d00577df/distribuce/a3afdc67a09ff9a926d29a58a874a43c/podmínky-užití,E,E,1
http://data.gov.cz/zdroj/datové-sady/00025593/89fc5ce0baef358562b5d681de77322f/distribuce/05fafe7de0caaafc95fa5790fbc9a73c/podmínky-užití,E,E,1
http://data.gov.cz/zdroj/datové-sady/00025593/89fc5ce0baef358562b5d681de77322f/distribuce/9226e2a1981df13315178f18c5ecbae8/podmínky-užití,E,E,1
http://data.gov.cz/zdroj/datové-sady/00025593/89fc5ce0baef358562b5d681de77322f/distribuce/ad90f3eb2022b234fc4fa1deb65eabf2/podmínky-užití,E,E,1
http://data.gov.cz/zdroj/datové-sady/00025593/8f46baf11a625a99bbcd7fedabeaa398/distribuce/4566d5edb10b5dc6dbb1827c5501991a/podmínky-užití,E,E,1
http://data.gov.cz/zdroj/datové-sady/00025593/8f46baf11a625a99bbcd7fedabeaa398/distribuce/86f5d87f066cde017376ad39df117396/podmínky-užití,E,E,1
http://data.gov.cz/zdroj/datové-sady/00025593/8f46baf11a625a99bbcd7fedabeaa398/distribuce/9620361eec8a950b887b210fcdd37174/podmínky-užití,E,E,1
http://data.gov.cz/zdroj/datové-sady/00025593/954e1392400b5b686ae0731efccb65e1/distribuce/27ca62556f2f429061c998b0a67a9cea/podmínky-užití,E,E,1
http://data.gov.cz/zdroj/datové-sady/00025593/954e1392400b5b686ae0731efccb65e1/distribuce/72a1a4e0cbf7008d58b2838464a497ef/podmínky-užití,E,E,1
http://data.gov.cz/zdroj/datové-sady/00025593/954e1392400b5b686ae0731efccb65e1/distribuce/bc1632776a870b69ba5a5c8d85292242/podmínky-užití,E,E,1
http://data.gov.cz/zdroj/datové-sady/00025593/96919038494adf9ad461984da7858e85/distribuce/422a8cec3ac392e258661af5def6f236/podmínky-užití,E,E,1
http://data.gov.cz/zdroj/datové-sady/00025593/96919038494adf9ad461984da7858e85/distribuce/b231d8fbc5b8d11b9a24b9f5edeb9e1c/podmínky-užití,E,E,1
http://data.gov.cz/zdroj/datové-sady/00025593/96919038494adf9ad461984da7858e85/distribuce/edf0256e7bc537f0524d579b77d87e3b/podmínky-užití,E,E,1
http://data.gov.cz/zdroj/datové-sady/00025593/a004ef73b1084676789d0201d48cd4fc/distribuce/01fafec2c2b3d0cb19c53aa1c86c342d/podmínky-užití,E,E,1
http://data.gov.cz/zdroj/datové-sady/00025593/a004ef73b1084676789d0201d48cd4fc/distribuce/0ad24ad54526530c9455e746c89ea013/podmínky-užití,E,E,1
http://data.gov.cz/zdroj/datové-sady/00025593/a004ef73b1084676789d0201d48cd4fc/distribuce/6f20a1cf0fbdf0c5dd0ad93da9528d13/podmínky-užití,E,E,1
http://data.gov.cz/zdroj/datové-sady/00025593/a343c97c19bfae9bc943d0b28a089599/distribuce/1028a5217f5bf8eba95624dd1a798356/podmínky-užití,E,E,1
http://data.gov.cz/zdroj/datové-sady/00025593/a343c97c19bfae9bc943d0b28a089599/distribuce/68af31049c59813b30bde87ff6de521d/podmínky-užití,E,E,1
http://data.gov.cz/zdroj/datové-sady/00025593/a343c97c19bfae9bc943d0b28a089599/distribuce/b5973e06c76052ff9090fc4cfbeb070e/podmínky-užití,E,E,1
http://data.gov.cz/zdroj/datové-sady/00025593/ab72830efe2aa35820cf0af40cf060c4/distribuce/0a7542b2940b413a15a1ad8b8cc528b4/podmínky-užití,E,E,1
http://data.gov.cz/zdroj/datové-sady/00025593/ab72830efe2aa35820cf0af40cf060c4/distribuce/758ab29d062d0ab0f643a8e915872b38/podmínky-užití,E,E,1
http://data.gov.cz/zdroj/datové-sady/00025593/ab72830efe2aa35820cf0af40cf060c4/distribuce/cff43f8560abd0a73030d3788c8ea57e/podmínky-užití,E,E,1
http://data.gov.cz/zdroj/datové-sady/00025593/ab93f8cb9d018115c417cc44e8b2d3d9/distribuce/617a65dd753c561ab32a4c36960a9607/podmínky-užití,E,E,1
http://data.gov.cz/zdroj/datové-sady/00025593/ab93f8cb9d018115c417cc44e8b2d3d9/distribuce/c5d1dbd58cad4750bb1cbc2ed539d702/podmínky-užití,E,E,1
http://data.gov.cz/zdroj/datové-sady/00025593/ab93f8cb9d018115c417cc44e8b2d3d9/distribuce/cd1a5279fc9c3ed6c37f048258e16f8e/podmínky-užití,E,E,1
http://data.gov.cz/zdroj/datové-sady/00025593/b18d5f05ee1e772a0dc2c1e57e22f47a/distribuce/453caa3c3e6d223a227f3417a95eaa57/podmínky-užití,E,E,1
http://data.gov.cz/zdroj/datové-sady/00025593/b18d5f05ee1e772a0dc2c1e57e22f47a/distribuce/668befa8e22adced9c90a3aaf7d8494d/podmínky-užití,E,E,1
http://data.gov.cz/zdroj/datové-sady/00025593/b18d5f05ee1e772a0dc2c1e57e22f47a/distribuce/9e563a164ca1277b7c77e4619b514669/podmínky-užití,E,E,1
http://data.gov.cz/zdroj/datové-sady/00025593/b5094f4457e365b7540df88999d2ccb8/distribuce/45015ee6ab955c6efbe91d38998f781b/podmínky-užití,E,E,1
http://data.gov.cz/zdroj/datové-sady/00025593/b5094f4457e365b7540df88999d2ccb8/distribuce/8d350b3c59dbd54260db4a6cdc388791/podmínky-užití,E,E,1
http://data.gov.cz/zdroj/datové-sady/00025593/b5094f4457e365b7540df88999d2ccb8/distribuce/cedc7e52cfede53af215a8f474e33396/podmínky-užití,E,E,1
http://data.gov.cz/zdroj/datové-sady/00025593/b6996d394e9e6c2ff53ea4832a99131b/distribuce/83d6aefaefae058298486505c9736bec/podmínky-užití,E,E,1
http://data.gov.cz/zdroj/datové-sady/00025593/b6996d394e9e6c2ff53ea4832a99131b/distribuce/f5647ebe393dd06df6df3074d47fb1f2/podmínky-užití,E,E,1
http://data.gov.cz/zdroj/datové-sady/00025593/b6996d394e9e6c2ff53ea4832a99131b/distribuce/f7e4bf105dfb1bec4d9c3d51fd77fee4/podmínky-užití,E,E,1
http://data.gov.cz/zdroj/datové-sady/00025593/baef248de7a9437c9001d11c7bb336a0/distribuce/438ee9358147fb3fe2e49d9aa0bfbe87/podmínky-užití,E,E,1
http://data.gov.cz/zdroj/datové-sady/00025593/baef248de7a9437c9001d11c7bb336a0/distribuce/5c3c38ef4af1e1161601d586a677f9c5/podmínky-užití,E,E,1
http://data.gov.cz/zdroj/datové-sady/00025593/baef248de7a9437c9001d11c7bb336a0/distribuce/63f76db71748ff92c13a1505c84e6dc2/podmínky-užití,E,E,1
http://data.gov.cz/zdroj/datové-sady/00025593/bef890285b533667a57701c517f3544b/distribuce/084fad74f3efdcda882e21067923bf92/podmínky-užití,E,E,1
http://data.gov.cz/zdroj/datové-sady/00025593/bef890285b533667a57701c517f3544b/distribuce/8b613793b1c98b24374ca8c5e7737617/podmínky-užití,E,E,1
http://data.gov.cz/zdroj/datové-sady/00025593/bef890285b533667a57701c517f3544b/distribuce/b1c9ccf0383f992883d3a904ad386545/podmínky-užití,E,E,1
http://data.gov.cz/zdroj/datové-sady/00025593/bfe32ca003b860395f09b506d07ff665/distribuce/46eecd943ce80415020a128e93f839bc/podmínky-užití,E,E,1
http://data.gov.cz/zdroj/datové-sady/00025593/bfe32ca003b860395f09b506d07ff665/distribuce/7a6776ad584628d31fdf5dfb6c124805/podmínky-užití,E,E,1
http://data.gov.cz/zdroj/datové-sady/00025593/bfe32ca003b860395f09b506d07ff665/distribuce/c394207feeafd4b69f5d1e6ef92b0d90/podmínky-užití,E,E,1
http://data.gov.cz/zdroj/datové-sady/00025593/c08bb75be3900034e138266ffa44d964/distribuce/16888261bddd745a8304681b29b753fd/podmínky-užití,E,E,1
http://data.gov.cz/zdroj/datové-sady/00025593/c08bb75be3900034e138266ffa44d964/distribuce/7e0908727a6bbd467f7521008745f91a/podmínky-užití,E,E,1
http://data.gov.cz/zdroj/datové-sady/00025593/c08bb75be3900034e138266ffa44d964/distribuce/f60138730a65560d6c435f82b6d4c93a/podmínky-užití,E,E,1
http://data.gov.cz/zdroj/datové-sady/00025593/c165ee62f4d11816072d2fb41d42a75e/distribuce/196357f7be90f0d56fa539c21fd7badc/podmínky-užití,E,E,1
http://data.gov.cz/zdroj/datové-sady/00025593/c165ee62f4d11816072d2fb41d42a75e/distribuce/612b1f325c4845a53a01d29b161971c2/podmínky-užití,E,E,1
http://data.gov.cz/zdroj/datové-sady/00025593/c165ee62f4d11816072d2fb41d42a75e/distribuce/c6091684faaf393c8fa461048ef343c3/podmínky-užití,E,E,1
http://data.gov.cz/zdroj/datové-sady/00025593/c4c217429985d8cea343afaf51e6675e/distribuce/057615acb74ef06086744ee72573ab55/podmínky-užití,E,E,1
http://data.gov.cz/zdroj/datové-sady/00025593/c4c217429985d8cea343afaf51e6675e/distribuce/9d5f97498ac6b9e11b53b46c219b0b3d/podmínky-užití,E,E,1
http://data.gov.cz/zdroj/datové-sady/00025593/c4c217429985d8cea343afaf51e6675e/distribuce/a0dce2239bea38d132541057b2fe2ce8/podmínky-užití,E,E,1
http://data.gov.cz/zdroj/datové-sady/00025593/c73750320976ba91bd40d6a4bc3f5a17/distribuce/01eac3c6e507777810585bb5b3557f12/podmínky-užití,E,E,1
http://data.gov.cz/zdroj/datové-sady/00025593/c73750320976ba91bd40d6a4bc3f5a17/distribuce/0e34cee75202d020ccf9da298244289e/podmínky-užití,E,E,1
http://data.gov.cz/zdroj/datové-sady/00025593/c73750320976ba91bd40d6a4bc3f5a17/distribuce/4da3b7e4c226acee0c61385935adc6d8/podmínky-užití,E,E,1
http://data.gov.cz/zdroj/datové-sady/00025593/c86b8cbba189f89f0c08df5196c0fb13/distribuce/03a7f72ff2a3cb59e22c5a266bc4db20/podmínky-užití,E,E,1
http://data.gov.cz/zdroj/datové-sady/00025593/c86b8cbba189f89f0c08df5196c0fb13/distribuce/6da19d639a93664b4e0e644e06b4b335/podmínky-užití,E,E,1
http://data.gov.cz/zdroj/datové-sady/00025593/c86b8cbba189f89f0c08df5196c0fb13/distribuce/89277d97f5a9e334d9552718a723fb5d/podmínky-užití,E,E,1
http://data.gov.cz/zdroj/datové-sady/00025593/cd2d41d8d3eac2f08e60dc05aed08948/distribuce/4fddd98d3358ea90520342a1885310ef/podmínky-užití,E,E,1
http://data.gov.cz/zdroj/datové-sady/00025593/cd2d41d8d3eac2f08e60dc05aed08948/distribuce/76c75dcabb39addbd6970f7076916e33/podmínky-užití,E,E,1
http://data.gov.cz/zdroj/datové-sady/00025593/cd2d41d8d3eac2f08e60dc05aed08948/distribuce/83fe5c97c955fc120eea8ea1624114dc/podmínky-užití,E,E,1
http://data.gov.cz/zdroj/datové-sady/00025593/cf5e20ea7541babdcb3d08adc83b9702/distribuce/4b1f739030e9ef06ddb6466f5eccfda1/podmínky-užití,E,E,1
http://data.gov.cz/zdroj/datové-sady/00025593/cf5e20ea7541babdcb3d08adc83b9702/distribuce/5146d9add555590efcc1a82eaa26018e/podmínky-užití,E,E,1
http://data.gov.cz/zdroj/datové-sady/00025593/cf5e20ea7541babdcb3d08adc83b9702/distribuce/6626411372e426c76f0dc89d2405ec5e/podmínky-užití,E,E,1
http://data.gov.cz/zdroj/datové-sady/00025593/d32181ba585576f5a7e4efcf6df0ac1c/distribuce/35632c8db25c989a4451d552d89fab38/podmínky-užití,E,E,1
http://data.gov.cz/zdroj/datové-sady/00025593/d32181ba585576f5a7e4efcf6df0ac1c/distribuce/7967b2cac99c6798d934734701600f6b/podmínky-užití,E,E,1
http://data.gov.cz/zdroj/datové-sady/00025593/d32181ba585576f5a7e4efcf6df0ac1c/distribuce/c20514ac920ec28671ebead5bc18a4bd/podmínky-užití,E,E,1
http://data.gov.cz/zdroj/datové-sady/00025593/da3ce9e3b66d55bb09df26bddc2b363a/distribuce/43d10b62719a5428e75242c88d917dcc/podmínky-užití,E,E,1
http://data.gov.cz/zdroj/datové-sady/00025593/da3ce9e3b66d55bb09df26bddc2b363a/distribuce/90b58550a61c89e5d631bf73e66178de/podmínky-užití,E,E,1
http://data.gov.cz/zdroj/datové-sady/00025593/da3ce9e3b66d55bb09df26bddc2b363a/distribuce/9a1b4917973f8d22d4e590a8932c0eec/podmínky-užití,E,E,1
http://data.gov.cz/zdroj/datové-sady/00025593/daeed5a19469ba3205c656b69fa913c6/distribuce/2e78324add5b7966d9bbe1fb648bfedc/podmínky-užití,E,E,1
http://data.gov.cz/zdroj/datové-sady/00025593/daeed5a19469ba3205c656b69fa913c6/distribuce/635687d27b86fa95ef970fa30cdcc4dc/podmínky-užití,E,E,1
http://data.gov.cz/zdroj/datové-sady/00025593/daeed5a19469ba3205c656b69fa913c6/distribuce/98f80485c0412c4961d71d6a8a3be75a/podmínky-užití,E,E,1
http://data.gov.cz/zdroj/datové-sady/00025593/dc9ce49bd9477364610fbc0d29ef2bbf/distribuce/018729a4512560a1bbaa8e204728e035/podmínky-užití,E,E,1
http://data.gov.cz/zdroj/datové-sady/00025593/dc9ce49bd9477364610fbc0d29ef2bbf/distribuce/bde8241ad8d3b369446b1751e20aa0b6/podmínky-užití,E,E,1
http://data.gov.cz/zdroj/datové-sady/00025593/dc9ce49bd9477364610fbc0d29ef2bbf/distribuce/db719eec5c369050ae0f952bbcfce607/podmínky-užití,E,E,1
http://data.gov.cz/zdroj/datové-sady/00025593/dcc3756a74b2556b564a1d3312483a0d/distribuce/5eb943fd7d707ef495f53dd1419a2e58/podmínky-užití,E,E,1
http://data.gov.cz/zdroj/datové-sady/00025593/dcc3756a74b2556b564a1d3312483a0d/distribuce/7738fa001a6c452ac01f1b896db777ba/podmínky-užití,E,E,1
http://data.gov.cz/zdroj/datové-sady/00025593/dcc3756a74b2556b564a1d3312483a0d/distribuce/e7a2bfd1522b4547eb6e203649fab4bd/podmínky-užití,E,E,1
http://data.gov.cz/zdroj/datové-sady/00025593/df24aef025cff105fbb506f4dce5ec3d/distribuce/3135997f0b6385001806b6518bb6c650/podmínky-užití,E,E,1
http://data.gov.cz/zdroj/datové-sady/00025593/df24aef025cff105fbb506f4dce5ec3d/distribuce/6631bd78bf77d9b5397546fd5f920b22/podmínky-užití,E,E,1
http://data.gov.cz/zdroj/datové-sady/00025593/df24aef025cff105fbb506f4dce5ec3d/distribuce/69a94d7988e07581349aa802e566a0de/podmínky-užití,E,E,1
http://data.gov.cz/zdroj/datové-sady/00025593/df56f9ece8f9aa2386b06f0bd569428e/distribuce/2f3a930c0464a4f074a46c936925009f/podmínky-užití,E,E,1
http://data.gov.cz/zdroj/datové-sady/00025593/df56f9ece8f9aa2386b06f0bd569428e/distribuce/2fc7cb9e5abb1257642c00092a2f759c/podmínky-užití,E,E,1
http://data.gov.cz/zdroj/datové-sady/00025593/df56f9ece8f9aa2386b06f0bd569428e/distribuce/4568c4076510dec87acd1ca30d255b2d/podmínky-užití,E,E,1
http://data.gov.cz/zdroj/datové-sady/00025593/e2b0fb984f8e58d416e2bdd986786355/distribuce/2af4e32e6828252731e56c45aaee0df4/podmínky-užití,E,E,1
http://data.gov.cz/zdroj/datové-sady/00025593/e2b0fb984f8e58d416e2bdd986786355/distribuce/49fba974baea67105bd956b943c91c1a/podmínky-užití,E,E,1
http://data.gov.cz/zdroj/datové-sady/00025593/e2b0fb984f8e58d416e2bdd986786355/distribuce/7a1eb0c3b50205e762509a810264240e/podmínky-užití,E,E,1
http://data.gov.cz/zdroj/datové-sady/00025593/e63ae9f40f30a4c5220e8693a966a98c/distribuce/59fc97f7dd94275ba404a36bb9939366/podmínky-užití,E,E,1
http://data.gov.cz/zdroj/datové-sady/00025593/e63ae9f40f30a4c5220e8693a966a98c/distribuce/6c4f265eb649552007a190a090c7ef4d/podmínky-užití,E,E,1
http://data.gov.cz/zdroj/datové-sady/00025593/e63ae9f40f30a4c5220e8693a966a98c/distribuce/f77742be6b52b9a65bc11602b2d03eb5/podmínky-užití,E,E,1
http://data.gov.cz/zdroj/datové-sady/00025593/e78b911348b05e657ed81e21d0d49304/distribuce/aaf699ad67951d4a281db610b6a3fe9c/podmínky-užití,E,E,1
http://data.gov.cz/zdroj/datové-sady/00025593/e78b911348b05e657ed81e21d0d49304/distribuce/d40721ab08868fcf285ca6ac035e45bc/podmínky-užití,E,E,1
http://data.gov.cz/zdroj/datové-sady/00025593/e78b911348b05e657ed81e21d0d49304/distribuce/e4735c39f91604eb84e02581dbfcc3cf/podmínky-užití,E,E,1
http://data.gov.cz/zdroj/datové-sady/00025593/ea4dd64a5cdc49f96c6d1cbc82deeb35/distribuce/bf781e444cafa20a6e93315cb8bf96c1/podmínky-užití,E,E,1
http://data.gov.cz/zdroj/datové-sady/00025593/ea4dd64a5cdc49f96c6d1cbc82deeb35/distribuce/c57d7509a557f7482f62064dc7c15eb3/podmínky-užití,E,E,1
http://data.gov.cz/zdroj/datové-sady/00025593/ea4dd64a5cdc49f96c6d1cbc82deeb35/distribuce/c6ca3b5efeb54f64c6a51827e2b9123f/podmínky-užití,E,E,1
http://data.gov.cz/zdroj/datové-sady/00025593/ecf2650680a22a538b991ff3ad0d295c/distribuce/2468b080f02c31c071d2ff2f409a0d22/podmínky-užití,E,E,1
http://data.gov.cz/zdroj/datové-sady/00025593/ecf2650680a22a538b991ff3ad0d295c/distribuce/38db9400b132e7416ce76500deb3d199/podmínky-užití,E,E,1
http://data.gov.cz/zdroj/datové-sady/00025593/ecf2650680a22a538b991ff3ad0d295c/distribuce/d8ac35bf77244beda0189bfa8539c045/podmínky-užití,E,E,1
http://data.gov.cz/zdroj/datové-sady/00025593/f2c718d5c6a07787356a033d4ba8bdf0/distribuce/04ae6af2bbb5b7dd157bae6bd2165d36/podmínky-užití,E,E,1
http://data.gov.cz/zdroj/datové-sady/00025593/f2c718d5c6a07787356a033d4ba8bdf0/distribuce/2bd2dc323edf3cb56c551998585d8ea6/podmínky-užití,E,E,1
http://data.gov.cz/zdroj/datové-sady/00025593/f2c718d5c6a07787356a033d4ba8bdf0/distribuce/e3d0886a6b2d1ff760eebe9dae563f33/podmínky-užití,E,E,1
http://data.gov.cz/zdroj/datové-sady/00025593/f460797ff0021d95d5212cfc3372b441/distribuce/2eb67b9c28763926a692cacb1c821d48/podmínky-užití,E,E,1
http://data.gov.cz/zdroj/datové-sady/00025593/f460797ff0021d95d5212cfc3372b441/distribuce/3d6627837f2b45db09c480d805cf9a33/podmínky-užití,E,E,1
http://data.gov.cz/zdroj/datové-sady/00025593/f460797ff0021d95d5212cfc3372b441/distribuce/ad18c9b4783becf054ef0b507ab5386d/podmínky-užití,E,E,1
http://data.gov.cz/zdroj/datové-sady/00025593/f65058dc7b30b16c0a66b137148908cf/distribuce/55a8ad41636abac2959d4d7dea41ef1b/podmínky-užití,E,E,1
http://data.gov.cz/zdroj/datové-sady/00025593/f65058dc7b30b16c0a66b137148908cf/distribuce/ed1755762711d80830dbbdf68f6a5f81/podmínky-užití,E,E,1
http://data.gov.cz/zdroj/datové-sady/00025593/f65058dc7b30b16c0a66b137148908cf/distribuce/ff1b9d079a0505c0dbb9b38d9dfad850/podmínky-užití,E,E,1
http://data.gov.cz/zdroj/datové-sady/00025593/fc786c5448fe5e585da4ef6112740360/distribuce/9cc1fb375059c2a93da344c8f3a4e395/podmínky-užití,E,E,1
http://data.gov.cz/zdroj/datové-sady/00025593/fc786c5448fe5e585da4ef6112740360/distribuce/ab83afb772e6b702fc3a83d760dbed2e/podmínky-užití,E,E,1
http://data.gov.cz/zdroj/datové-sady/00025593/fc786c5448fe5e585da4ef6112740360/distribuce/f1774a681cca9d7feb300fcbe0fadb36/podmínky-užití,E,E,1
http://data.gov.cz/zdroj/datové-sady/00025712/037cf01296c0fda4d439ca0219043007/distribuce/223ffe87e1b4dd68b6117b7cf9dfb2a9/podmínky-užití,E,E,1
http://data.gov.cz/zdroj/datové-sady/00025712/037cf01296c0fda4d439ca0219043007/distribuce/44b917e6870e61f0de2639284a170cb7/podmínky-užití,E,E,1
http://data.gov.cz/zdroj/datové-sady/00025712/037cf01296c0fda4d439ca0219043007/distribuce/ab87560bdb3d0e7cf44396fdcf34ea06/podmínky-užití,E,E,1
http://data.gov.cz/zdroj/datové-sady/00025712/165a95981c3f2f74d508d14c8d9fbafd/distribuce/45423e7dbe51ab46c0c68c750bf54367/podmínky-užití,E,E,1
http://data.gov.cz/zdroj/datové-sady/00025712/165a95981c3f2f74d508d14c8d9fbafd/distribuce/6791769cb3d21efcb563a92a23f4d627/podmínky-užití,E,E,1
http://data.gov.cz/zdroj/datové-sady/00025712/165a95981c3f2f74d508d14c8d9fbafd/distribuce/b930f112037cb99b5889ba04835903dd/podmínky-užití,E,E,1
http://data.gov.cz/zdroj/datové-sady/00025712/24f9c594479007c0df2e8d600b3c438b/distribuce/014e592a89054325ab82abdd66f1083c/podmínky-užití,E,E,1
http://data.gov.cz/zdroj/datové-sady/00025712/24f9c594479007c0df2e8d600b3c438b/distribuce/659fac1cd9e58798d19826ec2646d2e8/podmínky-užití,E,E,1
http://data.gov.cz/zdroj/datové-sady/00025712/24f9c594479007c0df2e8d600b3c438b/distribuce/90022e568d00a834024245d7f96e1e07/podmínky-užití,E,E,1
http://data.gov.cz/zdroj/datové-sady/00025712/4f2d5d14a9416c058451bd7e91d75aff/distribuce/1ec2a883d192debd3fdc70857786cf88/podmínky-užití,E,E,1
http://data.gov.cz/zdroj/datové-sady/00025712/4f2d5d14a9416c058451bd7e91d75aff/distribuce/508bb1e3e614f36a120db1418b775c16/podmínky-užití,E,E,1
http://data.gov.cz/zdroj/datové-sady/00025712/4f2d5d14a9416c058451bd7e91d75aff/distribuce/66a6cabaaeb900e21254e72941497b01/podmínky-užití,E,E,1
http://data.gov.cz/zdroj/datové-sady/00025712/55426c9ec9f22d420e587b750885cbf2/distribuce/4bfc19e845c55cdced95069d57ced3d4/podmínky-užití,E,E,1
http://data.gov.cz/zdroj/datové-sady/00025712/55426c9ec9f22d420e587b750885cbf2/distribuce/d4bf7b96f197892dd8ec3435bb3dd83e/podmínky-užití,E,E,1
http://data.gov.cz/zdroj/datové-sady/00025712/55426c9ec9f22d420e587b750885cbf2/distribuce/eaa403685eb043c3a286542e0e16d7ec/podmínky-užití,E,E,1
http://data.gov.cz/zdroj/datové-sady/00025712/6485fa20f921c03133b0b07de94c7613/distribuce/8b53d74d23ca3168c895671aa75b719e/podmínky-užití,E,E,1
http://data.gov.cz/zdroj/datové-sady/00025712/6485fa20f921c03133b0b07de94c7613/distribuce/ae776dbd9276c73121f3c8e1676b363b/podmínky-užití,E,E,1
http://data.gov.cz/zdroj/datové-sady/00025712/6485fa20f921c03133b0b07de94c7613/distribuce/f1a9900dfcaf71d32100890c559e1a52/podmínky-užití,E,E,1
http://data.gov.cz/zdroj/datové-sady/00025712/6bc20b29a4f13e64d2974c067007e5d8/distribuce/07efa6c59b12d2976ac7aacaed19eb39/podmínky-užití,E,E,1
http://data.gov.cz/zdroj/datové-sady/00025712/6bc20b29a4f13e64d2974c067007e5d8/distribuce/0f420675fe41e98a20aa2af4e0a1c92b/podmínky-užití,E,E,1
http://data.gov.cz/zdroj/datové-sady/00025712/6bc20b29a4f13e64d2974c067007e5d8/distribuce/1fb6443bc64ce51b5a0ad6ee90b14c16/podmínky-užití,E,E,1
http://data.gov.cz/zdroj/datové-sady/00025712/7be8acad87b452a3f0112ecef98eb870/distribuce/c79cffcee69e99bf52a28bdb1813f079/podmínky-užití,E,E,1
http://data.gov.cz/zdroj/datové-sady/00025712/7be8acad87b452a3f0112ecef98eb870/distribuce/e0b6f34b5022d1f198107e6c1f6db882/podmínky-užití,E,E,1
http://data.gov.cz/zdroj/datové-sady/00025712/7be8acad87b452a3f0112ecef98eb870/distribuce/fb17bb3421d1233a3a55937fd94a9f2c/podmínky-užití,E,E,1
http://data.gov.cz/zdroj/datové-sady/00025712/82d12168abca819a9d68f7929a943f14/distribuce/3ee869f9e7565ea91a5ba97a41dbb524/podmínky-užití,E,E,1
http://data.gov.cz/zdroj/datové-sady/00025712/82d12168abca819a9d68f7929a943f14/distribuce/40c7ff0a5fd6bfc085d5ad6ac2b43b6a/podmínky-užití,E,E,1
http://data.gov.cz/zdroj/datové-sady/00025712/82d12168abca819a9d68f7929a943f14/distribuce/954ba6161e97160c402d03fe491dd496/podmínky-užití,E,E,1
http://data.gov.cz/zdroj/datové-sady/00025712/90195e72c409a72df1106ffce3702c65/distribuce/0b0d9cc791c93311b5aef7465f47e2d8/podmínky-užití,E,E,1
http://data.gov.cz/zdroj/datové-sady/00025712/90195e72c409a72df1106ffce3702c65/distribuce/524ec5db7b6b8f2399b7ce1f6d864f84/podmínky-užití,E,E,1
http://data.gov.cz/zdroj/datové-sady/00025712/90195e72c409a72df1106ffce3702c65/distribuce/953e58a5f2789ed25cb0b8ae1a975f71/podmínky-užití,E,E,1
http://data.gov.cz/zdroj/datové-sady/00025712/acc6342089fd4f1eb12c477a66ec0687/distribuce/4b48b815438c2c2c3909603e8977b7e3/podmínky-užití,E,E,1
http://data.gov.cz/zdroj/datové-sady/00025712/acc6342089fd4f1eb12c477a66ec0687/distribuce/c88278c0ecd721c9378e3e112b3f9f9b/podmínky-užití,E,E,1
http://data.gov.cz/zdroj/datové-sady/00025712/acc6342089fd4f1eb12c477a66ec0687/distribuce/d81d4cec9ff8dab148b90917e4b1e842/podmínky-užití,E,E,1
http://data.gov.cz/zdroj/datové-sady/00025712/e1e4caddd55c643fa396f85b945d10a4/distribuce/d7706371b7c6eb75dc15d40c59827649/podmínky-užití,E,E,1
http://data.gov.cz/zdroj/datové-sady/00025712/e1e4caddd55c643fa396f85b945d10a4/distribuce/d979f5b050018d4ee40aedba094fc97c/podmínky-užití,E,E,1
http://data.gov.cz/zdroj/datové-sady/00025712/e1e4caddd55c643fa396f85b945d10a4/distribuce/f5a1dfaa889430ffa45560a2408097b9/podmínky-užití,E,E,1
http://data.gov.cz/zdroj/datové-sady/00025712/e8fe63da672cd776c9cf3bf2ba25e727/distribuce/4d58662042aa215e2a6d6131f1aaca90/podmínky-užití,E,E,1
http://data.gov.cz/zdroj/datové-sady/00025712/e8fe63da672cd776c9cf3bf2ba25e727/distribuce/638007dbef321c7451781ed1c0a77fa9/podmínky-užití,E,E,1
http://data.gov.cz/zdroj/datové-sady/00025712/e8fe63da672cd776c9cf3bf2ba25e727/distribuce/c0e1d244b92647c9ba3c897f5f36ee4b/podmínky-užití,E,E,1
http://data.gov.cz/zdroj/datové-sady/00025712/eace8c737475e54e8fd6a9ae07c8626a/distribuce/661a0dea88b077d1968c8013a891f4e1/podmínky-užití,E,E,1
http://data.gov.cz/zdroj/datové-sady/00025712/eace8c737475e54e8fd6a9ae07c8626a/distribuce/c1ea79f71a30226970f732d43268cb28/podmínky-užití,E,E,1
http://data.gov.cz/zdroj/datové-sady/00025712/efa9396b2cbf78d05baad5167c76e326/distribuce/38125bcaaad06dc83e7b1346d34b2fc0/podmínky-užití,E,E,1
http://data.gov.cz/zdroj/datové-sady/00025712/efa9396b2cbf78d05baad5167c76e326/distribuce/89c222ab41a6b12e3482dbf35b17e2ad/podmínky-užití,E,E,1
http://data.gov.cz/zdroj/datové-sady/00025712/efa9396b2cbf78d05baad5167c76e326/distribuce/a673941be06e0643786ca5fb4f227a51/podmínky-užití,E,E,1
http://data.gov.cz/zdroj/datové-sady/00025712/efb1991fdce883ba25bfcca677f6f7ad/distribuce/292b169bbfd834e9986f5800e3716554/podmínky-užití,E,E,1
http://data.gov.cz/zdroj/datové-sady/00025712/efb1991fdce883ba25bfcca677f6f7ad/distribuce/616a7ed925514cf1f38010082f9db969/podmínky-užití,E,E,1
http://data.gov.cz/zdroj/datové-sady/00025712/efb1991fdce883ba25bfcca677f6f7ad/distribuce/c9dcacde3d7374908477f5cdbf0bca8f/podmínky-užití,E,E,1
http://data.gov.cz/zdroj/datové-sady/00025712/f560ecede129edba46e603d8c571be4d/distribuce/24c05d53c9d1de61346bd1fb8130230a/podmínky-užití,E,E,1
http://data.gov.cz/zdroj/datové-sady/00025712/f560ecede129edba46e603d8c571be4d/distribuce/8785eccdbdc69f3a6ddb9b4609a8fbfe/podmínky-užití,E,E,1
http://data.gov.cz/zdroj/datové-sady/00025712/f560ecede129edba46e603d8c571be4d/distribuce/f53325e133fde6799611e908cf18e72f/podmínky-užití,E,E,1
http://data.gov.cz/zdroj/datové-sady/00025798/00205d16ff210fc031f5ea5f0c9e9693/distribuce/44d20d069a51f2b69f677692f1d28cdd/podmínky-užití,E,E,1
http://data.gov.cz/zdroj/datové-sady/00025798/00205d16ff210fc031f5ea5f0c9e9693/distribuce/478b8b2cbec2fcf05a38ef2cf75db8d5/podmínky-užití,E,E,1
http://data.gov.cz/zdroj/datové-sady/00025798/00205d16ff210fc031f5ea5f0c9e9693/distribuce/686dcb3565ef358543d4ca9199b1a7fb/podmínky-užití,E,E,1
http://data.gov.cz/zdroj/datové-sady/00025798/00205d16ff210fc031f5ea5f0c9e9693/distribuce/82edb7b4f20a6c8814603ac1028b3d3b/podmínky-užití,E,E,1
http://data.gov.cz/zdroj/datové-sady/00025798/00205d16ff210fc031f5ea5f0c9e9693/distribuce/c6a4422ad899da4636eb69a3b9b09bdf/podmínky-užití,E,E,1
http://data.gov.cz/zdroj/datové-sady/00025798/23e4ff7461df513605eaf972658e93c6/distribuce/4ea89ee1b9539e82aa5bf48df127d299/podmínky-užití,E,E,1
http://data.gov.cz/zdroj/datové-sady/00025798/23e4ff7461df513605eaf972658e93c6/distribuce/a8973b4f7675569553742c56af0e667e/podmínky-užití,E,E,1
http://data.gov.cz/zdroj/datové-sady/00025798/23e4ff7461df513605eaf972658e93c6/distribuce/fddb40190595a3f2fe070e445874e460/podmínky-užití,E,E,1
http://data.gov.cz/zdroj/datové-sady/00025798/2498e3343ea928eb374d534397f4d92a/distribuce/d3a076a6cec361f35479988a0c2171b0/podmínky-užití,E,E,1
http://data.gov.cz/zdroj/datové-sady/00025798/2498e3343ea928eb374d534397f4d92a/distribuce/f4cce720f5f91d2b0f13da64b902caac/podmínky-užití,E,E,1
http://data.gov.cz/zdroj/datové-sady/00025798/560ee484da5dc4476863e24dcbad1789/distribuce/1f67ce6118a9f95d603540f356959f24/podmínky-užití,E,E,1
http://data.gov.cz/zdroj/datové-sady/00025798/560ee484da5dc4476863e24dcbad1789/distribuce/4e086c5cf722c573a0b8e12b4f4da1d5/podmínky-užití,E,E,1
http://data.gov.cz/zdroj/datové-sady/00025798/560ee484da5dc4476863e24dcbad1789/distribuce/f2ea0eda33b1db0566c0213a0601de25/podmínky-užití,E,E,1
http://data.gov.cz/zdroj/datové-sady/00025798/6cc206987a9e780f6921270c20eb9868/distribuce/9cb8d38d4e4b6471e11340794f2ad731/podmínky-užití,E,E,1
http://data.gov.cz/zdroj/datové-sady/00025798/6cc206987a9e780f6921270c20eb9868/distribuce/ca191a9205db535ba0467b99a0791b2c/podmínky-užití,E,E,1
http://data.gov.cz/zdroj/datové-sady/00025798/6fdefd7ae357067e9d0b77bbd48e65de/distribuce/18ebf9345e9e10f12df411faf90baf4b/podmínky-užití,E,E,1
http://data.gov.cz/zdroj/datové-sady/00025798/6fdefd7ae357067e9d0b77bbd48e65de/distribuce/49ffc11d3fb9d92b859bff2d7f84e7b3/podmínky-užití,E,E,1
http://data.gov.cz/zdroj/datové-sady/00025798/6fdefd7ae357067e9d0b77bbd48e65de/distribuce/642c57ba6bbf77cd5fa32f1dd1e4e95f/podmínky-užití,E,E,1
http://data.gov.cz/zdroj/datové-sady/00025798/6fdefd7ae357067e9d0b77bbd48e65de/distribuce/ced062459cc19da27ca5e39ca4d9c285/podmínky-užití,E,E,1
http://data.gov.cz/zdroj/datové-sady/00025798/6fdefd7ae357067e9d0b77bbd48e65de/distribuce/ee711dfebb0e88ddada24ec24fb75f9f/podmínky-užití,E,E,1
http://data.gov.cz/zdroj/datové-sady/00025798/91a294bb8848170a4596f655f9017ddb/distribuce/d1401f01cc67a6aef79a667aba7aa081/podmínky-užití,E,E,1
http://data.gov.cz/zdroj/datové-sady/00025798/93fe704de97b37be797cdf531f602ed2/distribuce/4df96e8017910652f2c0b0d9be74dbce/podmínky-užití,E,E,1
http://data.gov.cz/zdroj/datové-sady/00025798/93fe704de97b37be797cdf531f602ed2/distribuce/582e7ca921ff466f300eac0d12ee160c/podmínky-užití,E,E,1
http://data.gov.cz/zdroj/datové-sady/00025798/93fe704de97b37be797cdf531f602ed2/distribuce/60c9200bab7b116aa87fe97c046543c2/podmínky-užití,E,E,1
http://data.gov.cz/zdroj/datové-sady/00025798/93fe704de97b37be797cdf531f602ed2/distribuce/9a38a7aa1afdfe9e162217ea16bbd60f/podmínky-užití,E,E,1
http://data.gov.cz/zdroj/datové-sady/00025798/93fe704de97b37be797cdf531f602ed2/distribuce/ecec4f84d8203adfb5b9ea7d1f21441b/podmínky-užití,E,E,1
http://data.gov.cz/zdroj/datové-sady/00025798/b75cdc8b648f5c99a7e1a8dfa239e21b/distribuce/8068c39427fbba0fbd3ec88943927217/podmínky-užití,E,E,1
http://data.gov.cz/zdroj/datové-sady/00025798/b75cdc8b648f5c99a7e1a8dfa239e21b/distribuce/fa8812b726b3c1bd7f006cc2b467d2d6/podmínky-užití,E,E,1
http://data.gov.cz/zdroj/datové-sady/00025798/cebc70de79832c4b5e091720abea1bdf/distribuce/226fe96448456b995fa8a550da502e34/podmínky-užití,E,E,1
http://data.gov.cz/zdroj/datové-sady/00025798/cebc70de79832c4b5e091720abea1bdf/distribuce/8d334c13c1dabf79b4ee2c75a88e01f6/podmínky-užití,E,E,1
http://data.gov.cz/zdroj/datové-sady/00025798/cebc70de79832c4b5e091720abea1bdf/distribuce/8fc2c419bef699a5607fdbdcb592f2ea/podmínky-užití,E,E,1
http://data.gov.cz/zdroj/datové-sady/00025798/cebc70de79832c4b5e091720abea1bdf/distribuce/a05939b2739ed5bd39b9717dad3a5797/podmínky-užití,E,E,1
http://data.gov.cz/zdroj/datové-sady/00025798/cebc70de79832c4b5e091720abea1bdf/distribuce/d0b314973d318d48edd4ddf1291c2991/podmínky-užití,E,E,1
http://data.gov.cz/zdroj/datové-sady/00025798/d5b5b634ca6f7480c971ed82d6696b48/distribuce/08912492e0cb8ee20d9fdb404d1f0278/podmínky-užití,E,E,1
http://data.gov.cz/zdroj/datové-sady/00025798/d5b5b634ca6f7480c971ed82d6696b48/distribuce/16e4f3193e055b0137c1af4e47a9dc3b/podmínky-užití,E,E,1
http://data.gov.cz/zdroj/datové-sady/00025798/d9976f5a790ff1883ed0b4c052824743/distribuce/5c9f4d98d092d6a7c29b8eae3dd9c6af/podmínky-užití,E,E,1
http://data.gov.cz/zdroj/datové-sady/00025798/d9976f5a790ff1883ed0b4c052824743/distribuce/d2cf6cfd04e780c6cad5ce4670fae6cc/podmínky-užití,E,E,1
http://data.gov.cz/zdroj/datové-sady/00025798/dd5d22de6beb1f59d197659557af85c4/distribuce/1b012bd6129fdad67ee60768db082075/podmínky-užití,E,E,1
http://data.gov.cz/zdroj/datové-sady/00025798/dd5d22de6beb1f59d197659557af85c4/distribuce/26aae2a70addb05cc2b5696e8cdb9052/podmínky-užití,E,E,1
http://data.gov.cz/zdroj/datové-sady/00025798/dd5d22de6beb1f59d197659557af85c4/distribuce/71fc6e5c893cae865cf335a91e224a56/podmínky-užití,E,E,1
http://data.gov.cz/zdroj/datové-sady/00025798/dd5d22de6beb1f59d197659557af85c4/distribuce/8a6dcd38a2d39dbee5cc89ac6498b963/podmínky-užití,E,E,1
http://data.gov.cz/zdroj/datové-sady/00025798/dd5d22de6beb1f59d197659557af85c4/distribuce/d3eb11e1117a20bad8c191fb4010281a/podmínky-užití,E,E,1
http://data.gov.cz/zdroj/datové-sady/00025798/e229f360723bc105ef98ac9b2113f292/distribuce/6fc44559aea99cd5219da380ec70a92a/podmínky-užití,E,E,1
http://data.gov.cz/zdroj/datové-sady/00025798/e229f360723bc105ef98ac9b2113f292/distribuce/9ccc9770c5495078acfe308b5c771980/podmínky-užití,E,E,1
http://data.gov.cz/zdroj/datové-sady/00025798/e229f360723bc105ef98ac9b2113f292/distribuce/cbe47a3ee55c8c2b002198527ae291c7/podmínky-užití,E,E,1
http://data.gov.cz/zdroj/datové-sady/00025798/e58a5f6e052ee1b7b468e73f8ec247e5/distribuce/167f42071bf0f6712e56775351ed76f7/podmínky-užití,E,E,1
http://data.gov.cz/zdroj/datové-sady/00025798/e58a5f6e052ee1b7b468e73f8ec247e5/distribuce/16fd378cf256aa1dcb3e79c6e5ac1d3a/podmínky-užití,E,E,1
http://data.gov.cz/zdroj/datové-sady/00025798/e58a5f6e052ee1b7b468e73f8ec247e5/distribuce/2a3656c849cb6bc970121cddb94dbdc4/podmínky-užití,E,E,1
http://data.gov.cz/zdroj/datové-sady/00025798/e58a5f6e052ee1b7b468e73f8ec247e5/distribuce/4e0eccd0fc43517b4e35bd99ec9bd693/podmínky-užití,E,E,1
http://data.gov.cz/zdroj/datové-sady/00025798/e58a5f6e052ee1b7b468e73f8ec247e5/distribuce/51ccd8f5f43c771b596e1629923b5ff3/podmínky-užití,E,E,1
http://data.gov.cz/zdroj/datové-sady/00025798/e58a5f6e052ee1b7b468e73f8ec247e5/distribuce/982f231255453c4b35a8a29654ba372b/podmínky-užití,E,E,1
http://data.gov.cz/zdroj/datové-sady/00025798/e58a5f6e052ee1b7b468e73f8ec247e5/distribuce/adf41d9876188c1f90c7472d25a880ce/podmínky-užití,E,E,1
http://data.gov.cz/zdroj/datové-sady/00025798/e58a5f6e052ee1b7b468e73f8ec247e5/distribuce/e2d43dfba44cbbc3a945f87111d02d76/podmínky-užití,E,E,1
http://data.gov.cz/zdroj/datové-sady/00025798/e58a5f6e052ee1b7b468e73f8ec247e5/distribuce/e3341c6352d073922df48d70fba4f124/podmínky-užití,E,E,1
http://data.gov.cz/zdroj/datové-sady/00025798/f40b2a2f3dfef8edb55d798a786d3727/distribuce/39c1e741c6a0a9d5f3c98ef516d98d8b/podmínky-užití,E,E,1
http://data.gov.cz/zdroj/datové-sady/00025798/f40b2a2f3dfef8edb55d798a786d3727/distribuce/6e16a31ded0706dd1c881198d164c7a1/podmínky-užití,E,E,1
http://data.gov.cz/zdroj/datové-sady/00025798/f432394067c40ca045a328d39f96d5de/distribuce/85d1f6e0768cc39fe7c03e992a00b723/podmínky-užití,E,E,1
http://data.gov.cz/zdroj/datové-sady/00025798/f432394067c40ca045a328d39f96d5de/distribuce/8c378f731e198c8c931030d9aac28a83/podmínky-užití,E,E,1
http://data.gov.cz/zdroj/datové-sady/00025798/f432394067c40ca045a328d39f96d5de/distribuce/9efdf980330352d67fd303d24ca5a0b7/podmínky-užití,E,E,1
http://data.gov.cz/zdroj/datové-sady/00164801/134da3f5b608721081d221218b9047fc/distribuce/a6019669ebd3e51e431bb49153138536/podmínky-užití,E,E,1
http://data.gov.cz/zdroj/datové-sady/00164801/28f3a1b71cc943345cc8067a6941d68a/distribuce/9b9a013d1d273c2622cc525e949f29ba/podmínky-užití,E,E,1
http://data.gov.cz/zdroj/datové-sady/00164801/324db31dcbc4b1ca345fc55bde842b80/distribuce/a94eb4aabd4c260a98b1ef67b8275818/podmínky-užití,E,E,1
http://data.gov.cz/zdroj/datové-sady/00164801/5ea51ad0f659806e4b43507db612687e/distribuce/b9b2b12d812f9940fa25bf5e50d585e9/podmínky-užití,E,E,1
http://data.gov.cz/zdroj/datové-sady/00164801/5ea51ad0f659806e4b43507db612687e/distribuce/f6a9b0dcc277363d394b566b73416c46/podmínky-užití,E,E,1
http://data.gov.cz/zdroj/datové-sady/00164801/c744d36498a80fd6e05cc2d4c0bbaed2/distribuce/0743435a6f819ec6d4d1320f18616f2e/podmínky-užití,E,E,1
http://data.gov.cz/zdroj/datové-sady/45249130/0e102ea2488050ca51a2e1a50133f3b4/distribuce/48e6354363fdbd6a33da8f1d1cde86e1/podmínky-užití,E,E,1
http://data.gov.cz/zdroj/datové-sady/45249130/0e102ea2488050ca51a2e1a50133f3b4/distribuce/62ccff3b38f7907bcb99da6fc752303a/podmínky-užití,E,E,1
http://data.gov.cz/zdroj/datové-sady/45249130/0e102ea2488050ca51a2e1a50133f3b4/distribuce/8403ef530aea7eee1eda3574a5acdc81/podmínky-užití,E,E,1
http://data.gov.cz/zdroj/datové-sady/45249130/0e102ea2488050ca51a2e1a50133f3b4/distribuce/b8996363da4252d9f82d9dc7d5e52a08/podmínky-užití,E,E,1
http://data.gov.cz/zdroj/datové-sady/45249130/0e102ea2488050ca51a2e1a50133f3b4/distribuce/d481b0d00254c6509f7614bcdb5f1b98/podmínky-užití,E,E,1
http://data.gov.cz/zdroj/datové-sady/45249130/10995390891b400d892ebc5ef1efd764/distribuce/2ce535bb0b1f95050eeb75dc1a39e102/podmínky-užití,E,E,1
http://data.gov.cz/zdroj/datové-sady/45249130/10995390891b400d892ebc5ef1efd764/distribuce/2eeb67770974ae8537fc8132da395fe0/podmínky-užití,E,E,1
http://data.gov.cz/zdroj/datové-sady/45249130/10995390891b400d892ebc5ef1efd764/distribuce/63c9c162ca5bb4da1e66cd3695748f8c/podmínky-užití,E,E,1
http://data.gov.cz/zdroj/datové-sady/45249130/10995390891b400d892ebc5ef1efd764/distribuce/c8ece69ec6c13de94773355d62f11b8f/podmínky-užití,E,E,1
http://data.gov.cz/zdroj/datové-sady/45249130/10995390891b400d892ebc5ef1efd764/distribuce/f4694956f5c88dd5ac8de0ac32028826/podmínky-užití,E,E,1
http://data.gov.cz/zdroj/datové-sady/45249130/735425a8395cf16a2a70b5c5559f2248/distribuce/16c5f5b0a32053423aa43869c3c14cd4/podmínky-užití,E,E,1
http://data.gov.cz/zdroj/datové-sady/45249130/735425a8395cf16a2a70b5c5559f2248/distribuce/2d097d5659778be47faad94c0761b41d/podmínky-užití,E,E,1
http://data.gov.cz/zdroj/datové-sady/45249130/735425a8395cf16a2a70b5c5559f2248/distribuce/3e55ccab4cba367fa5e37a8af060e229/podmínky-užití,E,E,1
http://data.gov.cz/zdroj/datové-sady/45249130/735425a8395cf16a2a70b5c5559f2248/distribuce/58e856ca0bb9373a4178f7449821bd62/podmínky-užití,E,E,1
http://data.gov.cz/zdroj/datové-sady/45249130/735425a8395cf16a2a70b5c5559f2248/distribuce/88ec1d3e25f3b669e766ac6cf20c0fed/podmínky-užití,E,E,1
http://data.gov.cz/zdroj/datové-sady/45249130/735425a8395cf16a2a70b5c5559f2248/distribuce/a010f73a9d0bee32fa354e369ef9a8ad/podmínky-užití,E,E,1
http://data.gov.cz/zdroj/datové-sady/45249130/735425a8395cf16a2a70b5c5559f2248/distribuce/b7eb0c3a5ec683642b9d73da192afdfc/podmínky-užití,E,E,1
http://data.gov.cz/zdroj/datové-sady/45249130/735425a8395cf16a2a70b5c5559f2248/distribuce/bbb5926df985c64e798d8c198a24bb87/podmínky-užití,E,E,1
http://data.gov.cz/zdroj/datové-sady/45249130/a74eac6edc65a915fa97c89060136736/distribuce/0147a87a421669c924b2cf5e639996e2/podmínky-užití,E,E,1
http://data.gov.cz/zdroj/datové-sady/45249130/a74eac6edc65a915fa97c89060136736/distribuce/42d2e261315e5121cb09fe5d71ce7217/podmínky-užití,E,E,1
http://data.gov.cz/zdroj/datové-sady/45249130/a74eac6edc65a915fa97c89060136736/distribuce/a812c7d0e06a595c732e71983ab2e9ac/podmínky-užití,E,E,1
http://data.gov.cz/zdroj/datové-sady/45249130/a74eac6edc65a915fa97c89060136736/distribuce/dbd66ba856205bdbe7ac8d1aac6088a0/podmínky-užití,E,E,1
http://data.gov.cz/zdroj/datové-sady/45249130/a74eac6edc65a915fa97c89060136736/distribuce/f279faa6448fba86c827f38ee21c9f6e/podmínky-užití,E,E,1
http://data.gov.cz/zdroj/datové-sady/45249130/a74eac6edc65a915fa97c89060136736/distribuce/f430bd50ad48844c6e9ebb97d6474dac/podmínky-užití,E,E,1
http://data.gov.cz/zdroj/datové-sady/62933591/00481e47689136caf3151c20ad404dcf/distribuce/64dc25c53800ad6a362e7aba9ae7d137/podmínky-užití,E,E,1
http://data.gov.cz/zdroj/datové-sady/62933591/00481e47689136caf3151c20ad404dcf/distribuce/a0dca226dc8727512aacb335fc362a69/podmínky-užití,E,E,1
http://data.gov.cz/zdroj/datové-sady/62933591/00481e47689136caf3151c20ad404dcf/distribuce/da1202279cac012406ce606eb8fde43f/podmínky-užití,E,E,1
http://data.gov.cz/zdroj/datové-sady/62933591/1a03229f5c83a2bc9c0e06f22749da0f/distribuce/5dc9f4125ddc0073e321decf97dc6b10/podmínky-užití,E,E,1
http://data.gov.cz/zdroj/datové-sady/62933591/1a03229f5c83a2bc9c0e06f22749da0f/distribuce/c667a18f7b5f697e05ff68794edbfc30/podmínky-užití,E,E,1
http://data.gov.cz/zdroj/datové-sady/62933591/1a03229f5c83a2bc9c0e06f22749da0f/distribuce/ce52ddd3921cf3968d15971235c87be7/podmínky-užití,E,E,1
http://data.gov.cz/zdroj/datové-sady/62933591/2da2b07141cdc15dafe901a47c4a20e0/distribuce/97282ba2faeb6d0afd1345c0c2eebe90/podmínky-užití,E,E,1
http://data.gov.cz/zdroj/datové-sady/62933591/2da2b07141cdc15dafe901a47c4a20e0/distribuce/ca535000683a6a957ae44bcde6150a56/podmínky-užití,E,E,1
http://data.gov.cz/zdroj/datové-sady/62933591/2da2b07141cdc15dafe901a47c4a20e0/distribuce/ea84679e24650cf60582fa33f983062f/podmínky-užití,E,E,1
http://data.gov.cz/zdroj/datové-sady/62933591/3ef20b67f9b37f7b9b1f2e2b41f5f74e/distribuce/1babcfb6fd0f4cc532f95083fbd5186c/podmínky-užití,E,E,1
http://data.gov.cz/zdroj/datové-sady/62933591/3ef20b67f9b37f7b9b1f2e2b41f5f74e/distribuce/2e306590dc26d7ad96539556d404c086/podmínky-užití,E,E,1
http://data.gov.cz/zdroj/datové-sady/62933591/3ef20b67f9b37f7b9b1f2e2b41f5f74e/distribuce/44f4797b9d0724b87c1966669ee52ff0/podmínky-užití,E,E,1
http://data.gov.cz/zdroj/datové-sady/62933591/42a3b327d12c3a32e0aa164d2c989fc5/distribuce/54636c38ab81c69f74d63e1cb2c0e562/podmínky-užití,E,E,1
http://data.gov.cz/zdroj/datové-sady/62933591/42a3b327d12c3a32e0aa164d2c989fc5/distribuce/f32b90ce6dc1c1091a75c2a550c3080e/podmínky-užití,E,E,1
http://data.gov.cz/zdroj/datové-sady/62933591/9edd765699cae0c0af38dc6788b742bd/distribuce/2b4398e7a4549faffdf32cc2f7806ddf/podmínky-užití,E,E,1
http://data.gov.cz/zdroj/datové-sady/62933591/9edd765699cae0c0af38dc6788b742bd/distribuce/4926b635ab0e5c66fe547b683364840e/podmínky-užití,E,E,1
http://data.gov.cz/zdroj/datové-sady/62933591/9edd765699cae0c0af38dc6788b742bd/distribuce/7dd9b2622c9a8fcf99918a71f5b96026/podmínky-užití,E,E,1
http://data.gov.cz/zdroj/datové-sady/62933591/bc64f5ec6d85796625773278b76be75e/distribuce/2e7caae776e56cab9d02084ee11c8921/podmínky-užití,E,E,1
http://data.gov.cz/zdroj/datové-sady/62933591/bc64f5ec6d85796625773278b76be75e/distribuce/3c269c75eae3d1ff8d12ae6b99e4cc8f/podmínky-užití,E,E,1
http://data.gov.cz/zdroj/datové-sady/62933591/bc64f5ec6d85796625773278b76be75e/distribuce/4cd5cdaa093f8e622af090c688dd20e1/podmínky-užití,E,E,1
http://data.gov.cz/zdroj/datové-sady/62933591/d236a05a0431f1ec840ab45ba4e693b1/distribuce/076abf424ac54486308c2228f369ea68/podmínky-užití,E,E,1
http://data.gov.cz/zdroj/datové-sady/62933591/d236a05a0431f1ec840ab45ba4e693b1/distribuce/47ec991f68c60c0caec03d767dce94f8/podmínky-užití,E,E,1
http://data.gov.cz/zdroj/datové-sady/62933591/d236a05a0431f1ec840ab45ba4e693b1/distribuce/995940cd698ea1e4830713791a08179f/podmínky-užití,E,E,1
http://data.gov.cz/zdroj/datové-sady/62933591/e418ec8b955b9aa47cc8f229e4e253fc/distribuce/58fbdea536130091367d1b21289b14f2/podmínky-užití,E,E,1
http://data.gov.cz/zdroj/datové-sady/62933591/e418ec8b955b9aa47cc8f229e4e253fc/distribuce/9a5ca2114d7cb82f0725061d6ed5d9cc/podmínky-užití,E,E,1
http://data.gov.cz/zdroj/datové-sady/70890692/4395cd763be0c815a1b3caa2a84c4b74/distribuce/5b94b6c5f1ce43a9a8df2fb594a22d10/podmínky-užití,E,E,1
http://data.gov.cz/zdroj/datové-sady/70890692/4395cd763be0c815a1b3caa2a84c4b74/distribuce/a6296b24b61b7b3cb6726aec28f78560/podmínky-užití,E,E,1
http://data.gov.cz/zdroj/datové-sady/70890749/86b81e2b9d5a7ffbeecb42c0fe9cd3fd/distribuce/9333d2098881127c0b6b9d60f1a62afa/podmínky-užití,E,E,1
http://data.gov.cz/zdroj/datové-sady/70890749/86b81e2b9d5a7ffbeecb42c0fe9cd3fd/distribuce/977dcdb5e0d40a1b0da3f1cfeb57420a/podmínky-užití,E,E,1
http://data.gov.cz/zdroj/datové-sady/70890749/86b81e2b9d5a7ffbeecb42c0fe9cd3fd/distribuce/be21fa350f5917c4ff5fbceab8427db4/podmínky-užití,E,E,1
http://data.gov.cz/zdroj/datové-sady/70891168/05a88f9f473dd88090617507d8facac3/distribuce/0f489d743c3018968f077e67134bb311/podmínky-užití,E,E,1
http://data.gov.cz/zdroj/datové-sady/70891168/05a88f9f473dd88090617507d8facac3/distribuce/2912deb881b3c331dd60588e47570276/podmínky-užití,E,E,1
http://data.gov.cz/zdroj/datové-sady/70892156/081439657c5611b77f6d8d2486400c9a/distribuce/21783ab5b757933cacfba57cf8b204bd/podmínky-užití,E,E,1
http://data.gov.cz/zdroj/datové-sady/70892156/081439657c5611b77f6d8d2486400c9a/distribuce/3bb76a6691f322f3172cbcce6b76155a/podmínky-užití,E,E,1
http://data.gov.cz/zdroj/datové-sady/70892156/081439657c5611b77f6d8d2486400c9a/distribuce/4f136cc153d2bef9ad6d4609f45d11cd/podmínky-užití,E,E,1
http://data.gov.cz/zdroj/datové-sady/70892156/081439657c5611b77f6d8d2486400c9a/distribuce/a597afef0c8bee2a7b064aa02e0ab87a/podmínky-užití,E,E,1
http://data.gov.cz/zdroj/datové-sady/70892156/14e4eb1b9383168e47c7faaf224cdd97/distribuce/0e6609886af74320edc430097b3947d5/podmínky-užití,E,E,1
http://data.gov.cz/zdroj/datové-sady/70892156/14e4eb1b9383168e47c7faaf224cdd97/distribuce/2920af69c49230c9ac5223a7906f1a63/podmínky-užití,E,E,1
http://data.gov.cz/zdroj/datové-sady/70892156/14e4eb1b9383168e47c7faaf224cdd97/distribuce/384f80ebcd1b461c10235990af644d88/podmínky-užití,E,E,1
http://data.gov.cz/zdroj/datové-sady/70892156/14e4eb1b9383168e47c7faaf224cdd97/distribuce/c14c231e9446e2a797e959c2cf9f2a8b/podmínky-užití,E,E,1
http://data.gov.cz/zdroj/datové-sady/70892156/1a109751c296049107bf61bdefcd60e3/distribuce/54485b6700ad7f2715d5f840ae11bc5d/podmínky-užití,E,E,1
http://data.gov.cz/zdroj/datové-sady/70892156/1a109751c296049107bf61bdefcd60e3/distribuce/773984ea957971aceca657c91c43700a/podmínky-užití,E,E,1
http://data.gov.cz/zdroj/datové-sady/70892156/1a109751c296049107bf61bdefcd60e3/distribuce/ba3b1c6bba4c6e6fc9fc6fb4fef31b44/podmínky-užití,E,E,1
http://data.gov.cz/zdroj/datové-sady/70892156/1a109751c296049107bf61bdefcd60e3/distribuce/c43cb582bc792c9be6e7715fe9c639df/podmínky-užití,E,E,1
http://data.gov.cz/zdroj/datové-sady/70892156/385af4b16954e186f82087039756fc57/distribuce/0baaaf969d24fe85b77a0a020d8dcf6a/podmínky-užití,E,E,1
http://data.gov.cz/zdroj/datové-sady/70892156/385af4b16954e186f82087039756fc57/distribuce/7bb6042a3cf4e766382319a4f5de851b/podmínky-užití,E,E,1
http://data.gov.cz/zdroj/datové-sady/70892156/385af4b16954e186f82087039756fc57/distribuce/d50c75509e3abaae579e9148a25f3bfa/podmínky-užití,E,E,1
http://data.gov.cz/zdroj/datové-sady/70892156/385af4b16954e186f82087039756fc57/distribuce/f8ae37de1e099cc461b8baf7c56323f0/podmínky-užití,E,E,1
http://data.gov.cz/zdroj/datové-sady/70892156/4aeaf5a324f3efb57b7e914f11cdedff/distribuce/32c0644173a1d068db38aea59687ab9a/podmínky-užití,E,E,1
http://data.gov.cz/zdroj/datové-sady/70892156/4aeaf5a324f3efb57b7e914f11cdedff/distribuce/40615e67c56d8309777fd7db8a5a12c0/podmínky-užití,E,E,1
http://data.gov.cz/zdroj/datové-sady/70892156/4aeaf5a324f3efb57b7e914f11cdedff/distribuce/cd4426b8777ee94dba35dd7ac7bd4548/podmínky-užití,E,E,1
http://data.gov.cz/zdroj/datové-sady/70892156/4aeaf5a324f3efb57b7e914f11cdedff/distribuce/e1bc6b44d7e7146fae31289516ed9f6b/podmínky-užití,E,E,1
http://data.gov.cz/zdroj/datové-sady/70892156/52cc6811bacca23fa2bd2ba0ae70ee52/distribuce/33880ba3dd112467872720eab532cd3b/podmínky-užití,E,E,1
http://data.gov.cz/zdroj/datové-sady/70892156/52cc6811bacca23fa2bd2ba0ae70ee52/distribuce/47ff52b5188200e0210572010df338f4/podmínky-užití,E,E,1
http://data.gov.cz/zdroj/datové-sady/70892156/52cc6811bacca23fa2bd2ba0ae70ee52/distribuce/6a3a5399c842475a5907e8b05a1efb76/podmínky-užití,E,E,1
http://data.gov.cz/zdroj/datové-sady/70892156/52cc6811bacca23fa2bd2ba0ae70ee52/distribuce/ef7e3d885594b808cbd316b02f3e7beb/podmínky-užití,E,E,1
http://data.gov.cz/zdroj/datové-sady/70892156/6dce68c3969c69c8fa29a0f51c9713a3/distribuce/5253c1dbacc180f4a3b41093449b09fc/podmínky-užití,E,E,1
http://data.gov.cz/zdroj/datové-sady/70892156/6dce68c3969c69c8fa29a0f51c9713a3/distribuce/a769637744b39be8deaaa674939b6857/podmínky-užití,E,E,1
http://data.gov.cz/zdroj/datové-sady/70892156/6dce68c3969c69c8fa29a0f51c9713a3/distribuce/bd7bc4b36a7c0f3aa4d9e569409d1795/podmínky-užití,E,E,1
http://data.gov.cz/zdroj/datové-sady/70892156/6dce68c3969c69c8fa29a0f51c9713a3/distribuce/db3f91b5f11784b62a9c0772d3f097b2/podmínky-užití,E,E,1
http://data.gov.cz/zdroj/datové-sady/70892156/881b041d20c40045793a52cccd755410/distribuce/01f7874fc37a3300b16a216148194923/podmínky-užití,E,E,1
http://data.gov.cz/zdroj/datové-sady/70892156/881b041d20c40045793a52cccd755410/distribuce/95ef1334e4a9d566bde23ccc2cb69b37/podmínky-užití,E,E,1
http://data.gov.cz/zdroj/datové-sady/70892156/881b041d20c40045793a52cccd755410/distribuce/e5b8663620b6023eb713f23cfa6f314b/podmínky-užití,E,E,1
http://data.gov.cz/zdroj/datové-sady/70892156/881b041d20c40045793a52cccd755410/distribuce/f3e90ca93b244a2390b71a0a2224a5b9/podmínky-užití,E,E,1
http://data.gov.cz/zdroj/datové-sady/70892156/9717de154a02a5e94c7d5beeba59f3e3/distribuce/0f98ee286227a645104621451179e41d/podmínky-užití,E,E,1
http://data.gov.cz/zdroj/datové-sady/70892156/9717de154a02a5e94c7d5beeba59f3e3/distribuce/3b9f57f4ec64583611eb887ddcec6f1d/podmínky-užití,E,E,1
http://data.gov.cz/zdroj/datové-sady/70892156/9717de154a02a5e94c7d5beeba59f3e3/distribuce/4bdad20bcdf4c52bf8903b0e71d0e4e8/podmínky-užití,E,E,1
http://data.gov.cz/zdroj/datové-sady/70892156/9717de154a02a5e94c7d5beeba59f3e3/distribuce/e4db66decf6ce855a961d677a4333e49/podmínky-užití,E,E,1
http://data.gov.cz/zdroj/datové-sady/70892156/9af21bed6157ab9b9bb7bdaeaa43d0c3/distribuce/49c7f89b4922b40a7d28fb932c5d52d5/podmínky-užití,E,E,1
http://data.gov.cz/zdroj/datové-sady/70892156/9af21bed6157ab9b9bb7bdaeaa43d0c3/distribuce/6b606a8ce58edc38c21d500bd159aac9/podmínky-užití,E,E,1
http://data.gov.cz/zdroj/datové-sady/70892156/9af21bed6157ab9b9bb7bdaeaa43d0c3/distribuce/7f32d7c7d1a2ca17666e03205b2d1a31/podmínky-užití,E,E,1
http://data.gov.cz/zdroj/datové-sady/70892156/9af21bed6157ab9b9bb7bdaeaa43d0c3/distribuce/e360a3f40f3f61b0057f260e3ecc095b/podmínky-užití,E,E,1
http://data.gov.cz/zdroj/datové-sady/70892156/a2f2ec6123758ce7bc91ffe60c5c717e/distribuce/47942258aa6d28efcc861a70b00e6a28/podmínky-užití,E,E,1
http://data.gov.cz/zdroj/datové-sady/70892156/a2f2ec6123758ce7bc91ffe60c5c717e/distribuce/6b823ded817a0c51c12708748f37f416/podmínky-užití,E,E,1
http://data.gov.cz/zdroj/datové-sady/70892156/a2f2ec6123758ce7bc91ffe60c5c717e/distribuce/912b2e6c5617fbc550a26560f884243b/podmínky-užití,E,E,1
http://data.gov.cz/zdroj/datové-sady/70892156/a2f2ec6123758ce7bc91ffe60c5c717e/distribuce/d5c3324e239889a832acf9a8857b4f7d/podmínky-užití,E,E,1
http://data.gov.cz/zdroj/datové-sady/70892156/b40f2300b32058b5ad252dd4056ede0f/distribuce/0ba1cd70d3eadad0b8aa25e340dbe387/podmínky-užití,E,E,1
http://data.gov.cz/zdroj/datové-sady/70892156/b40f2300b32058b5ad252dd4056ede0f/distribuce/30276a313bc0a5350bda652f0182f4ea/podmínky-užití,E,E,1
http://data.gov.cz/zdroj/datové-sady/70892156/b40f2300b32058b5ad252dd4056ede0f/distribuce/7595f3d21e810284149b9afeda660a2b/podmínky-užití,E,E,1
http://data.gov.cz/zdroj/datové-sady/70892156/b40f2300b32058b5ad252dd4056ede0f/distribuce/e0db249049029fb7ca28593a64818bdf/podmínky-užití,E,E,1
http://data.gov.cz/zdroj/datové-sady/75032333/3185c5bdd5e98140bb4f24e33fc5ef3b/distribuce/59c0a0ffcd3a2ed9b476d74b61b1c459/podmínky-užití,E,E,1
http://data.gov.cz/zdroj/datové-sady/75032333/4eddaa535b9455da1dbb30ca4fd13d44/distribuce/4b1e08c1dc483dbafd5fbddd4726cb7d/podmínky-užití,E,E,1
http://data.gov.cz/zdroj/datové-sady/75032333/4eddaa535b9455da1dbb30ca4fd13d44/distribuce/70a9de8edf8380fbcdd14f55bf3a5ca8/podmínky-užití,E,E,1
http://data.gov.cz/zdroj/datové-sady/75032333/7b9d23dd151991e7acaf51a225401dc9/distribuce/40e8e09e2f094e66ffe742a54e6e3fda/podmínky-užití,E,E,1
http://data.gov.cz/zdroj/datové-sady/75032333/7b9d23dd151991e7acaf51a225401dc9/distribuce/821bb36e90baeba438afa4271d1f1dd9/podmínky-užití,E,E,1
http://dcat-ap.de/def/licenses/%20geonutz/20130319,E,B,1
http://dcat-ap.de/def/licenses/odby,E,E,1
http://spdx.org/licenses/cc-by-nc-sa-4.0,D,D,1
http://www.fega.gob.es/orig/pdfs/terminos_de_uso_de_informacion_de_alto_valor_del_sigc.pdf,E,E,1
nutzungsbedingungen-der-dienst-wird-unter-der-datenlizenz-deutschland-zero-version-2-0-zur-verfu-gung-gestellt-https-www-govdata-de-dl-de-zero-2-0-,B,B,1
nutzungsbedingungen-es-gilt-die-verordnung-zur-festlegung-der-nutzungsbestimmungen-fu-r-die-bereitstellung-von-geodaten-des-bundes-geonutzv-einzelheiten-unter-http-www-geodatenzentrum-de-docpdf-geonutzv-pdf-und-http-www-dwd-de-de-service-copyright-copyright_artikel-html-,E,B,1
other-closed,D,D,1
quellenvermerk-freie-hansestadt-bremen-naturschutzbeho-rde,E,E,1
