date,province,n
2016-01-04,03,7
2016-01-07,03,28
2016-01-07,12,27
2016-01-08,03,8
2016-01-08,12,66
2016-01-13,03,3
2016-01-15,12,1
2016-01-18,03,2
2016-01-20,03,1
2016-01-20,12,3
2016-01-21,03,1
2016-01-21,12,3
2016-01-25,03,5
2016-01-25,12,10
2016-01-25,46,2
2016-01-26,03,4
2016-01-27,03,7
2016-01-29,03,6
2016-01-29,12,5
2016-01-30,03,1
2016-02-01,03,3
2016-02-01,12,3
2016-02-02,03,1
2016-02-02,12,86
2016-02-04,03,2
2016-02-05,03,6
2016-02-05,12,1
2016-02-08,03,1
2016-02-08,12,2
2016-02-08,46,7
2016-02-09,03,1
2016-02-09,12,2
2016-02-09,46,2
2016-02-10,03,2
2016-02-10,46,4
2016-02-11,03,7
2016-02-11,12,1
2016-02-11,46,2
2016-02-12,03,13
2016-02-12,12,1
2016-02-12,46,4
2016-02-13,03,9
2016-02-15,03,12
2016-02-15,12,4
2016-02-15,46,1
2016-02-16,03,7
2016-02-16,12,1
2016-02-17,03,22
2016-02-17,12,10
2016-02-17,46,1
2016-02-18,03,10
2016-02-18,12,5
2016-02-18,46,3
2016-02-19,03,11
2016-02-19,12,3
2016-02-20,46,3
2016-02-22,03,7
2016-02-22,12,1
2016-02-22,46,1
2016-02-23,03,6
2016-02-23,46,3
2016-02-24,03,3
2016-02-24,46,1
2016-02-25,03,6
2016-02-26,03,5
2016-02-26,46,1
2016-02-27,03,1
2016-02-27,12,2
2016-02-29,03,4
2016-03-01,03,7
2016-03-01,46,1
2016-03-02,03,7
2016-03-02,46,3
2016-03-03,03,7
2016-03-04,03,10
2016-03-05,03,4
2016-03-07,03,12
2016-03-07,12,9
2016-03-07,46,3
2016-03-08,03,6
2016-03-08,46,1
2016-03-09,03,6
2016-03-09,12,3
2016-03-09,46,4
2016-03-10,03,18
2016-03-10,46,2
2016-03-11,12,9
2016-03-14,03,3
2016-03-14,12,10
2016-03-14,46,1
2016-03-15,12,3
2016-03-15,46,1
2016-03-16,03,8
2016-03-16,12,6
2016-03-16,46,4
2016-03-17,03,4
2016-03-17,12,3
2016-03-17,46,1
2016-03-18,03,4
2016-03-19,12,2
2016-03-21,12,1
2016-03-21,46,2
2016-03-22,03,6
2016-03-22,12,12
2016-03-23,03,9
2016-03-23,12,3
2016-03-23,46,6
2016-03-26,46,1
2016-03-29,03,5
2016-03-29,12,3
2016-03-29,46,2
2016-03-30,03,3
2016-03-31,03,1
2016-03-31,46,1
2016-04-01,03,25
2016-04-01,12,4
2016-04-02,46,8
2016-04-04,03,5
2016-04-04,12,1
2016-04-05,03,14
2016-04-06,03,6
2016-04-06,12,1
2016-04-06,46,2
2016-04-07,03,1
2016-04-07,12,8
2016-04-07,46,1
2016-04-08,03,3
2016-04-08,12,14
2016-04-08,46,1
2016-04-11,03,10
2016-04-11,12,3
2016-04-11,46,1
2016-04-12,03,1
2016-04-12,12,1
2016-04-12,46,2
2016-04-13,03,1
2016-04-13,12,3
2016-04-13,46,2
2016-04-14,03,19
2016-04-14,46,3
2016-04-15,03,10
2016-04-15,12,9
2016-04-18,03,3
2016-04-18,12,1
2016-04-18,46,4
2016-04-19,03,2
2016-04-19,46,1
2016-04-20,03,1
2016-04-20,46,3
2016-04-21,03,7
2016-04-21,12,4
2016-04-21,46,3
2016-04-22,03,1
2016-04-22,46,11
2016-04-23,12,1
2016-04-25,03,5
2016-04-25,12,5
2016-04-25,46,4
2016-04-26,03,1
2016-04-26,46,8
2016-04-27,03,19
2016-04-27,12,1
2016-04-28,03,12
2016-04-28,12,2
2016-04-28,46,2
2016-04-29,03,3
2016-04-29,12,1
2016-04-29,46,1
2016-05-01,03,1
2016-05-01,12,3
2016-05-01,46,1
2016-05-02,03,1
2016-05-02,12,5
2016-05-02,46,4
2016-05-03,03,6
2016-05-03,12,5
2016-05-03,46,3
2016-05-04,03,8
2016-05-04,12,8
2016-05-04,46,4
2016-05-05,03,2
2016-05-05,46,6
2016-05-06,03,17
2016-05-06,12,4
2016-05-06,46,3
2016-05-09,03,5
2016-05-09,12,4
2016-05-09,46,2
2016-05-10,03,3
2016-05-10,12,20
2016-05-10,46,6
2016-05-11,03,9
2016-05-11,12,24
2016-05-11,46,22
2016-05-12,03,8
2016-05-12,12,7
2016-05-12,46,11
2016-05-13,03,1
2016-05-13,12,4
2016-05-13,46,11
2016-05-14,03,2
2016-05-16,03,11
2016-05-16,12,1
2016-05-16,46,5
2016-05-17,03,23
2016-05-17,12,3
2016-05-17,46,5
2016-05-18,03,17
2016-05-18,46,7
2016-05-19,03,3
2016-05-19,12,3
2016-05-19,46,8
2016-05-20,03,9
2016-05-20,12,1
2016-05-20,46,3
2016-05-23,03,8
2016-05-23,46,4
2016-05-24,03,4
2016-05-24,12,1
2016-05-24,46,9
2016-05-25,03,6
2016-05-25,12,5
2016-05-25,46,16
2016-05-26,12,5
2016-05-26,46,19
2016-05-27,03,9
2016-05-27,12,2
2016-05-27,46,8
2016-05-28,46,1
2016-05-30,03,10
2016-05-30,12,1
2016-05-30,46,11
2016-05-31,03,6
2016-05-31,12,2
2016-05-31,46,9
2016-06-01,03,10
2016-06-01,12,1
2016-06-01,46,15
2016-06-02,03,4
2016-06-02,12,5
2016-06-02,46,17
2016-06-03,03,17
2016-06-03,12,2
2016-06-03,46,16
2016-06-04,03,1
2016-06-05,46,1
2016-06-06,03,2
2016-06-06,12,5
2016-06-06,46,3
2016-06-07,03,7
2016-06-07,12,4
2016-06-07,46,10
2016-06-08,03,4
2016-06-08,12,10
2016-06-08,46,13
2016-06-09,03,16
2016-06-09,12,1
2016-06-09,46,3
2016-06-10,03,8
2016-06-10,12,5
2016-06-10,46,7
2016-06-11,03,3
2016-06-13,03,3
2016-06-13,12,3
2016-06-13,46,9
2016-06-14,03,7
2016-06-14,46,4
2016-06-15,03,6
2016-06-15,12,9
2016-06-15,46,6
2016-06-16,03,10
2016-06-16,12,10
2016-06-16,46,5
2016-06-17,03,30
2016-06-17,12,7
2016-06-17,46,6
2016-06-19,46,1
2016-06-20,46,5
2016-06-21,03,16
2016-06-21,12,4
2016-06-21,46,4
2016-06-22,03,21
2016-06-22,46,10
2016-06-23,03,3
2016-06-23,12,3
2016-06-23,46,12
2016-06-24,03,8
2016-06-24,12,8
2016-06-24,46,5
2016-06-25,12,1
2016-06-27,03,13
2016-06-27,12,1
2016-06-27,46,2
2016-06-28,03,11
2016-06-28,12,1
2016-06-28,46,12
2016-06-29,03,14
2016-06-29,46,3
2016-06-30,03,6
2016-06-30,12,22
2016-06-30,46,2
2016-07-01,03,2
2016-07-01,12,18
2016-07-01,46,11
2016-07-04,03,1
2016-07-04,46,3
2016-07-05,03,13
2016-07-05,12,6
2016-07-05,46,4
2016-07-06,03,5
2016-07-06,12,13
2016-07-06,46,3
2016-07-07,03,1
2016-07-07,12,3
2016-07-07,46,35
2016-07-08,03,3
2016-07-08,12,3
2016-07-08,46,5
2016-07-09,12,1
2016-07-11,03,3
2016-07-11,12,4
2016-07-11,46,6
2016-07-12,03,5
2016-07-12,12,2
2016-07-12,46,3
2016-07-13,03,1
2016-07-13,12,8
2016-07-14,03,9
2016-07-14,12,5
2016-07-14,46,3
2016-07-15,03,2
2016-07-15,12,11
2016-07-15,46,5
2016-07-16,03,2
2016-07-17,03,1
2016-07-18,03,13
2016-07-18,12,2
2016-07-18,46,3
2016-07-19,03,14
2016-07-19,46,2
2016-07-20,03,4
2016-07-20,12,7
2016-07-20,46,4
2016-07-21,03,5
2016-07-21,12,1
2016-07-22,03,1
2016-07-22,12,1
2016-07-22,46,3
2016-07-25,03,2
2016-07-25,46,1
2016-07-26,03,5
2016-07-26,12,1
2016-07-26,46,2
2016-07-27,03,2
2016-07-27,12,1
2016-07-27,46,3
2016-07-28,03,3
2016-07-28,12,2
2016-07-28,46,2
2016-07-29,03,30
2016-07-29,12,1
2016-07-29,46,5
2016-08-01,03,11
2016-08-01,12,1
2016-08-01,46,5
2016-08-02,03,1
2016-08-02,12,4
2016-08-02,46,1
2016-08-03,03,4
2016-08-03,46,3
2016-08-04,03,6
2016-08-04,12,1
2016-08-04,46,6
2016-08-05,46,6
2016-08-06,03,3
2016-08-06,46,1
2016-08-07,46,1
2016-08-08,03,15
2016-08-08,12,1
2016-08-08,46,2
2016-08-09,03,21
2016-08-09,12,2
2016-08-09,46,2
2016-08-10,03,10
2016-08-10,12,4
2016-08-10,46,4
2016-08-11,03,14
2016-08-11,12,10
2016-08-11,46,4
2016-08-12,03,17
2016-08-12,12,5
2016-08-12,46,4
2016-08-15,03,3
2016-08-16,03,8
2016-08-16,12,4
2016-08-16,46,5
2016-08-17,03,2
2016-08-17,12,2
2016-08-17,46,7
2016-08-18,03,9
2016-08-18,46,1
2016-08-19,03,11
2016-08-19,12,5
2016-08-19,46,3
2016-08-20,03,1
2016-08-21,12,1
2016-08-21,46,1
2016-08-22,03,4
2016-08-22,12,1
2016-08-22,46,2
2016-08-23,03,4
2016-08-24,03,2
2016-08-24,12,4
2016-08-25,03,6
2016-08-25,12,1
2016-08-26,03,16
2016-08-26,12,2
2016-08-26,46,3
2016-08-29,03,5
2016-08-29,46,1
2016-08-30,03,4
2016-08-30,12,1
2016-08-30,46,1
2016-08-31,03,3
2016-08-31,46,2
2016-09-01,03,46
2016-09-01,12,1
2016-09-01,46,2
2016-09-02,03,10
2016-09-02,12,3
2016-09-02,46,1
2016-09-05,03,3
2016-09-05,46,3
2016-09-06,46,3
2016-09-07,03,17
2016-09-07,46,2
2016-09-08,03,3
2016-09-08,46,7
2016-09-09,12,2
2016-09-09,46,2
2016-09-10,03,1
2016-09-12,03,1
2016-09-12,12,1
2016-09-12,46,3
2016-09-13,03,2
2016-09-13,12,1
2016-09-14,46,2
2016-09-15,12,1
2016-09-15,46,5
2016-09-16,03,2
2016-09-16,46,3
2016-09-19,03,1
2016-09-19,12,2
2016-09-19,46,3
2016-09-20,03,3
2016-09-20,12,1
2016-09-20,46,5
2016-09-21,03,1
2016-09-21,12,3
2016-09-21,46,9
2016-09-22,03,1
2016-09-22,46,9
2016-09-23,12,6
2016-09-23,46,12
2016-09-24,03,2
2016-09-24,46,1
2016-09-25,46,1
2016-09-26,03,9
2016-09-26,46,6
2016-09-27,03,11
2016-09-27,46,8
2016-09-28,12,1
2016-09-28,46,6
2016-09-29,03,14
2016-09-29,46,2
2016-09-30,03,5
2016-09-30,12,1
2016-09-30,46,4
2016-10-03,03,1
2016-10-03,46,3
2016-10-04,03,11
2016-10-04,12,1
2016-10-04,46,3
2016-10-05,03,15
2016-10-05,46,2
2016-10-06,03,9
2016-10-06,12,2
2016-10-06,46,5
2016-10-07,03,3
2016-10-07,12,1
2016-10-07,46,3
2016-10-10,03,23
2016-10-10,46,3
2016-10-11,03,13
2016-10-11,12,4
2016-10-11,46,4
2016-10-13,03,6
2016-10-13,12,2
2016-10-13,46,7
2016-10-14,03,9
2016-10-14,46,2
2016-10-17,03,2
2016-10-17,46,7
2016-10-18,03,5
2016-10-18,12,5
2016-10-18,46,1
2016-10-19,03,7
2016-10-19,12,2
2016-10-19,46,2
2016-10-20,03,10
2016-10-20,12,2
2016-10-21,03,5
2016-10-21,12,2
2016-10-21,46,4
2016-10-22,46,1
2016-10-23,46,1
2016-10-24,03,4
2016-10-24,46,4
2016-10-25,03,25
2016-10-25,46,5
2016-10-26,46,5
2016-10-27,03,14
2016-10-27,12,2
2016-10-27,46,5
2016-10-28,03,11
2016-10-28,46,3
2016-10-29,03,1
2016-10-29,12,3
2016-10-31,03,2
2016-10-31,12,1
2016-10-31,46,1
2016-11-01,03,15
2016-11-02,03,12
2016-11-02,12,1
2016-11-02,46,9
2016-11-03,46,4
2016-11-04,03,5
2016-11-04,12,1
2016-11-04,46,3
2016-11-05,03,3
2016-11-07,03,7
2016-11-07,12,1
2016-11-07,46,9
2016-11-08,03,2
2016-11-08,12,3
2016-11-08,46,2
2016-11-09,03,7
2016-11-09,46,3
2016-11-10,03,7
2016-11-10,12,1
2016-11-10,46,3
2016-11-11,03,26
2016-11-11,46,1
2016-11-13,46,1
2016-11-14,03,11
2016-11-14,12,1
2016-11-14,46,3
2016-11-15,03,6
2016-11-15,12,2
2016-11-15,46,2
2016-11-16,03,15
2016-11-16,12,1
2016-11-16,46,5
2016-11-17,03,12
2016-11-17,12,1
2016-11-17,46,9
2016-11-18,03,12
2016-11-18,46,1
2016-11-21,03,9
2016-11-21,12,1
2016-11-21,46,2
2016-11-22,03,9
2016-11-22,12,1
2016-11-22,46,2
2016-11-23,03,14
2016-11-23,46,3
2016-11-24,03,3
2016-11-24,46,4
2016-11-25,03,16
2016-11-25,12,1
2016-11-25,46,3
2016-11-26,03,1
2016-11-28,03,5
2016-11-28,12,1
2016-11-28,46,2
2016-11-29,03,8
2016-11-29,46,7
2016-11-30,03,8
2016-11-30,46,7
2016-12-01,03,1
2016-12-01,12,3
2016-12-01,46,7
2016-12-02,03,1
2016-12-02,46,3
2016-12-05,03,7
2016-12-05,12,1
2016-12-05,46,8
2016-12-07,03,9
2016-12-07,12,1
2016-12-07,46,2
2016-12-08,03,4
2016-12-08,46,1
2016-12-09,03,17
2016-12-09,46,9
2016-12-11,12,6
2016-12-12,03,11
2016-12-12,12,1
2016-12-12,46,8
2016-12-13,03,23
2016-12-13,12,2
2016-12-13,46,7
2016-12-14,03,2
2016-12-14,12,4
2016-12-15,03,10
2016-12-15,12,1
2016-12-15,46,2
2016-12-16,03,7
2016-12-16,46,7
2016-12-17,12,2
2016-12-17,46,1
2016-12-19,03,13
2016-12-19,12,6
2016-12-19,46,2
2016-12-20,03,16
2016-12-20,12,5
2016-12-20,46,1
2016-12-21,03,5
2016-12-21,12,4
2016-12-21,46,2
2016-12-22,03,5
2016-12-22,12,2
2016-12-22,46,2
2016-12-23,03,9
2016-12-23,12,4
2016-12-23,46,1
2016-12-27,03,8
2016-12-27,12,11
2016-12-27,46,1
2016-12-28,46,4
2016-12-29,03,10
2016-12-29,12,3
2016-12-29,46,3
2016-12-30,03,9
2016-12-30,46,2
2017-01-02,03,28
2017-01-02,12,1
2017-01-02,46,2
2017-01-03,03,10
2017-01-03,12,1
2017-01-03,46,3
2017-01-04,03,52
2017-01-04,46,5
2017-01-05,46,10
2017-01-09,03,7
2017-01-09,12,3
2017-01-09,46,5
2017-01-10,03,2
2017-01-10,12,1
2017-01-10,46,2
2017-01-11,03,28
2017-01-11,46,4
2017-01-12,03,1
2017-01-12,12,4
2017-01-12,46,4
2017-01-13,03,5
2017-01-13,46,1
2017-01-16,03,13
2017-01-16,46,3
2017-01-17,03,14
2017-01-17,46,4
2017-01-18,03,3
2017-01-18,12,1
2017-01-18,46,7
2017-01-19,03,2
2017-01-19,12,2
2017-01-19,46,9
2017-01-20,03,3
2017-01-20,12,4
2017-01-20,46,85
2017-01-21,03,2
2017-01-23,03,6
2017-01-23,46,6
2017-01-24,03,1
2017-01-24,12,2
2017-01-24,46,2
2017-01-25,03,5
2017-01-25,12,2
2017-01-25,46,2
2017-01-26,03,12
2017-01-26,46,4
2017-01-27,03,4
2017-01-27,12,3
2017-01-27,46,1
2017-01-28,46,46
2017-01-29,03,1
2017-01-29,46,42
2017-01-30,03,1
2017-01-30,46,41
2017-01-31,03,14
2017-01-31,12,2
2017-02-01,03,18
2017-02-01,46,7
2017-02-02,03,4
2017-02-02,12,4
2017-02-02,46,6
2017-02-03,03,2
2017-02-03,46,14
2017-02-06,03,14
2017-02-06,12,3
2017-02-06,46,4
2017-02-07,03,10
2017-02-07,12,3
2017-02-07,46,1
2017-02-08,03,6
2017-02-08,12,4
2017-02-08,46,5
2017-02-09,03,8
2017-02-09,12,2
2017-02-09,46,12
2017-02-10,03,8
2017-02-10,12,11
2017-02-10,46,11
2017-02-11,03,1
2017-02-13,03,11
2017-02-13,12,5
2017-02-13,46,3
2017-02-14,03,9
2017-02-14,12,3
2017-02-14,46,5
2017-02-15,03,13
2017-02-15,46,4
2017-02-16,03,4
2017-02-16,46,4
2017-02-17,03,14
2017-02-17,12,8
2017-02-17,46,11
2017-02-19,03,1
2017-02-19,46,1
2017-02-20,46,4
2017-02-21,03,5
2017-02-21,12,4
2017-02-21,46,7
2017-02-22,03,2
2017-02-22,12,4
2017-02-22,46,8
2017-02-23,03,3
2017-02-23,12,1
2017-02-23,46,3
2017-02-24,03,9
2017-02-24,12,1
2017-02-24,46,19
2017-02-25,03,1
2017-02-27,03,13
2017-02-27,12,8
2017-02-27,46,3
2017-02-28,03,6
2017-02-28,12,4
2017-02-28,46,5
2017-03-01,03,17
2017-03-01,12,4
2017-03-01,46,12
2017-03-02,03,11
2017-03-02,46,3
2017-03-03,03,13
2017-03-03,12,4
2017-03-03,46,5
2017-03-04,12,1
2017-03-04,46,1
2017-03-06,03,9
2017-03-06,12,2
2017-03-06,46,8
2017-03-07,03,4
2017-03-07,12,2
2017-03-07,46,2
2017-03-08,03,10
2017-03-08,12,5
2017-03-08,46,2
2017-03-09,03,11
2017-03-09,46,1
2017-03-10,03,5
2017-03-10,12,4
2017-03-10,46,8
2017-03-11,03,2
2017-03-11,12,1
2017-03-11,46,3
2017-03-13,03,4
2017-03-13,12,5
2017-03-13,46,8
2017-03-14,03,9
2017-03-14,12,1
2017-03-14,46,8
2017-03-15,03,12
2017-03-15,12,5
2017-03-15,46,4
2017-03-16,03,6
2017-03-16,12,9
2017-03-16,46,3
2017-03-17,03,5
2017-03-17,12,7
2017-03-17,46,22
2017-03-18,03,1
2017-03-18,12,1
2017-03-18,46,9
2017-03-19,46,2
2017-03-20,03,20
2017-03-20,46,2
2017-03-21,03,9
2017-03-21,46,7
2017-03-22,03,24
2017-03-22,12,4
2017-03-22,46,8
2017-03-23,03,11
2017-03-23,12,6
2017-03-23,46,9
2017-03-24,03,10
2017-03-24,12,6
2017-03-24,46,7
2017-03-25,03,2
2017-03-25,46,2
2017-03-26,03,3
2017-03-27,03,8
2017-03-27,12,2
2017-03-27,46,6
2017-03-28,03,6
2017-03-28,12,7
2017-03-28,46,13
2017-03-29,03,10
2017-03-29,12,18
2017-03-29,46,8
2017-03-30,03,19
2017-03-30,12,1
2017-03-30,46,10
2017-03-31,03,10
2017-03-31,12,3
2017-03-31,46,9
2017-04-03,03,12
2017-04-03,12,8
2017-04-03,46,7
2017-04-04,03,8
2017-04-04,12,6
2017-04-04,46,7
2017-04-05,03,12
2017-04-05,12,2
2017-04-05,46,6
2017-04-06,03,5
2017-04-06,12,2
2017-04-06,46,11
2017-04-07,03,1
2017-04-07,12,2
2017-04-07,46,7
2017-04-08,46,1
2017-04-09,46,1
2017-04-10,03,8
2017-04-10,12,7
2017-04-10,46,6
2017-04-11,03,9
2017-04-11,12,1
2017-04-11,46,14
2017-04-12,03,15
2017-04-12,12,5
2017-04-12,46,7
2017-04-13,03,2
2017-04-13,46,1
2017-04-14,46,3
2017-04-15,03,1
2017-04-15,12,1
2017-04-15,46,1
2017-04-16,12,7
2017-04-17,03,1
2017-04-17,12,1
2017-04-18,03,20
2017-04-18,12,9
2017-04-18,46,6
2017-04-19,03,21
2017-04-19,12,4
2017-04-19,46,3
2017-04-20,03,11
2017-04-20,12,8
2017-04-20,46,2
2017-04-21,03,14
2017-04-21,12,12
2017-04-21,46,11
2017-04-24,03,16
2017-04-24,12,4
2017-04-24,46,3
2017-04-25,03,25
2017-04-25,12,13
2017-04-25,46,3
2017-04-26,03,19
2017-04-26,12,11
2017-04-26,46,6
2017-04-27,03,29
2017-04-27,12,1
2017-04-27,46,8
2017-04-28,03,11
2017-04-28,12,1
2017-04-28,46,50
2017-04-29,03,1
2017-05-02,03,17
2017-05-02,12,7
2017-05-02,46,29
2017-05-03,03,31
2017-05-03,12,3
2017-05-03,46,4
2017-05-04,03,37
2017-05-04,46,7
2017-05-05,03,13
2017-05-05,12,4
2017-05-05,46,5
2017-05-06,03,1
2017-05-06,46,1
2017-05-08,03,25
2017-05-08,46,9
2017-05-09,03,25
2017-05-09,12,6
2017-05-09,46,28
2017-05-10,03,20
2017-05-10,12,4
2017-05-10,46,7
2017-05-11,03,4
2017-05-11,12,7
2017-05-11,46,5
2017-05-12,03,22
2017-05-12,12,1
2017-05-12,46,16
2017-05-14,03,7
2017-05-14,12,1
2017-05-14,46,1
2017-05-15,03,9
2017-05-15,12,1
2017-05-15,46,7
2017-05-16,03,3
2017-05-16,12,17
2017-05-16,46,12
2017-05-17,03,22
2017-05-17,12,10
2017-05-17,46,5
2017-05-18,03,19
2017-05-18,12,8
2017-05-18,46,18
2017-05-19,03,9
2017-05-19,12,7
2017-05-19,46,6
2017-05-20,46,2
2017-05-21,03,2
2017-05-22,03,30
2017-05-22,12,1
2017-05-22,46,26
2017-05-23,03,15
2017-05-23,12,9
2017-05-23,46,2
2017-05-24,03,23
2017-05-24,12,2
2017-05-24,46,5
2017-05-25,03,10
2017-05-25,12,8
2017-05-25,46,7
2017-05-26,03,16
2017-05-26,12,3
2017-05-26,46,6
2017-05-27,03,2
2017-05-27,12,6
2017-05-27,46,1
2017-05-29,03,12
2017-05-29,12,2
2017-05-29,46,5
2017-05-30,03,14
2017-05-30,12,11
2017-05-30,46,10
2017-05-31,03,11
2017-05-31,12,3
2017-05-31,46,15
2017-06-01,03,12
2017-06-01,12,1
2017-06-01,46,7
2017-06-02,03,4
2017-06-02,12,1
2017-06-02,46,4
2017-06-03,03,2
2017-06-05,03,25
2017-06-05,46,11
2017-06-06,03,31
2017-06-06,12,6
2017-06-06,46,15
2017-06-07,03,20
2017-06-07,12,10
2017-06-07,46,14
2017-06-08,03,4
2017-06-08,12,2
2017-06-08,46,4
2017-06-09,03,9
2017-06-09,12,7
2017-06-09,46,7
2017-06-10,12,4
2017-06-12,03,14
2017-06-12,12,7
2017-06-12,46,5
2017-06-13,03,26
2017-06-13,12,3
2017-06-13,46,8
2017-06-14,03,7
2017-06-14,12,5
2017-06-14,46,7
2017-06-15,03,21
2017-06-15,12,3
2017-06-15,46,9
2017-06-16,03,12
2017-06-16,12,1
2017-06-16,46,4
2017-06-17,03,3
2017-06-19,03,42
2017-06-19,12,1
2017-06-19,46,13
2017-06-20,03,2
2017-06-20,12,17
2017-06-20,46,10
2017-06-21,03,7
2017-06-21,12,1
2017-06-21,46,4
2017-06-22,12,18
2017-06-22,46,8
2017-06-23,03,5
2017-06-23,12,3
2017-06-23,46,9
2017-06-24,03,1
2017-06-24,46,1
2017-06-26,03,4
2017-06-26,12,5
2017-06-26,46,5
2017-06-27,03,8
2017-06-27,12,22
2017-06-27,46,16
2017-06-28,03,4
2017-06-28,12,21
2017-06-28,46,14
2017-06-29,03,1
2017-06-29,12,2
2017-06-29,46,10
2017-06-30,03,15
2017-06-30,46,7
2017-07-01,03,1
2017-07-01,46,2
2017-07-02,46,1
2017-07-03,03,45
2017-07-03,12,4
2017-07-03,46,5
2017-07-04,03,44
2017-07-04,12,5
2017-07-04,46,7
2017-07-05,03,14
2017-07-05,12,8
2017-07-05,46,11
2017-07-06,03,19
2017-07-06,12,12
2017-07-06,46,9
2017-07-07,03,36
2017-07-07,12,6
2017-07-07,46,6
2017-07-08,03,1
2017-07-10,03,8
2017-07-10,12,2
2017-07-10,46,22
2017-07-11,03,13
2017-07-11,12,3
2017-07-11,46,14
2017-07-12,03,36
2017-07-12,12,7
2017-07-12,46,34
2017-07-13,03,6
2017-07-13,12,12
2017-07-13,46,3
2017-07-14,03,13
2017-07-14,12,2
2017-07-14,46,12
2017-07-15,03,2
2017-07-15,12,1
2017-07-16,46,2
2017-07-17,03,5
2017-07-17,12,1
2017-07-17,46,6
2017-07-18,03,26
2017-07-18,12,1
2017-07-18,46,10
2017-07-19,03,9
2017-07-19,12,2
2017-07-19,46,10
2017-07-20,03,18
2017-07-20,46,7
2017-07-21,03,21
2017-07-21,12,4
2017-07-21,46,14
2017-07-22,03,3
2017-07-24,03,4
2017-07-24,12,8
2017-07-24,46,6
2017-07-25,03,21
2017-07-25,12,7
2017-07-25,46,18
2017-07-26,03,20
2017-07-26,12,6
2017-07-26,46,4
2017-07-27,03,21
2017-07-27,12,2
2017-07-27,46,6
2017-07-28,03,6
2017-07-28,12,3
2017-07-28,46,10
2017-07-31,03,10
2017-07-31,12,11
2017-07-31,46,12
2017-08-01,03,5
2017-08-01,46,6
2017-08-02,03,9
2017-08-02,46,20
2017-08-03,03,9
2017-08-03,12,12
2017-08-03,46,4
2017-08-04,12,1
2017-08-04,46,8
2017-08-06,46,1
2017-08-07,03,4
2017-08-07,12,8
2017-08-07,46,9
2017-08-08,03,3
2017-08-08,12,4
2017-08-08,46,5
2017-08-09,03,6
2017-08-09,12,3
2017-08-09,46,6
2017-08-10,03,2
2017-08-10,12,1
2017-08-10,46,19
2017-08-11,03,3
2017-08-11,12,3
2017-08-11,46,11
2017-08-12,03,1
2017-08-13,46,1
2017-08-14,03,1
2017-08-14,12,3
2017-08-14,46,15
2017-08-15,46,1
2017-08-16,03,3
2017-08-16,12,6
2017-08-16,46,10
2017-08-17,12,2
2017-08-17,46,7
2017-08-18,03,1
2017-08-18,12,6
2017-08-18,46,9
2017-08-20,46,1
2017-08-21,03,3
2017-08-21,12,1
2017-08-21,46,8
2017-08-22,03,2
2017-08-22,46,17
2017-08-23,03,4
2017-08-23,46,8
2017-08-24,03,3
2017-08-24,12,3
2017-08-24,46,11
2017-08-25,03,1
2017-08-25,12,1
2017-08-25,46,12
2017-08-26,03,2
2017-08-28,03,4
2017-08-28,12,2
2017-08-28,46,18
2017-08-29,03,3
2017-08-29,12,1
2017-08-29,46,4
2017-08-30,03,7
2017-08-30,46,6
2017-08-31,12,2
2017-08-31,46,12
2017-09-01,03,15
2017-09-01,46,15
2017-09-02,03,2
2017-09-02,46,2
2017-09-04,03,11
2017-09-04,12,1
2017-09-04,46,6
2017-09-05,03,2
2017-09-05,12,7
2017-09-05,46,4
2017-09-06,12,3
2017-09-06,46,4
2017-09-07,03,11
2017-09-07,12,2
2017-09-07,46,6
2017-09-08,03,5
2017-09-08,12,6
2017-09-08,46,9
2017-09-10,03,1
2017-09-11,03,4
2017-09-11,12,4
2017-09-11,46,10
2017-09-12,03,27
2017-09-12,12,2
2017-09-12,46,7
2017-09-13,03,6
2017-09-13,12,3
2017-09-13,46,13
2017-09-14,03,4
2017-09-14,12,1
2017-09-14,46,2
2017-09-15,03,4
2017-09-15,12,1
2017-09-15,46,4
2017-09-18,03,12
2017-09-18,46,10
2017-09-19,03,32
2017-09-19,12,2
2017-09-19,46,2
2017-09-20,03,9
2017-09-20,12,5
2017-09-20,46,6
2017-09-21,03,33
2017-09-21,46,6
2017-09-22,03,11
2017-09-22,46,10
2017-09-25,03,18
2017-09-25,12,4
2017-09-25,46,9
2017-09-26,03,27
2017-09-26,12,3
2017-09-26,46,5
2017-09-27,03,20
2017-09-27,12,5
2017-09-27,46,4
2017-09-28,03,15
2017-09-28,12,2
2017-09-28,46,9
2017-09-29,03,21
2017-09-29,46,7
2017-09-30,12,2
2017-10-01,46,1
2017-10-02,03,10
2017-10-02,46,8
2017-10-03,03,19
2017-10-03,12,1
2017-10-03,46,5
2017-10-04,03,11
2017-10-04,12,4
2017-10-05,03,25
2017-10-05,46,13
2017-10-06,03,26
2017-10-06,46,3
2017-10-07,03,1
2017-10-09,03,1
2017-10-10,03,24
2017-10-10,46,3
2017-10-11,03,11
2017-10-11,46,10
2017-10-13,03,12
2017-10-13,46,9
2017-10-14,46,1
2017-10-15,03,1
2017-10-16,03,21
2017-10-16,46,8
2017-10-17,03,6
2017-10-17,12,9
2017-10-17,46,3
2017-10-18,03,35
2017-10-18,12,2
2017-10-18,46,3
2017-10-19,03,8
2017-10-19,46,10
2017-10-20,03,22
2017-10-20,12,5
2017-10-20,46,6
2017-10-22,03,2
2017-10-23,03,13
2017-10-23,46,4
2017-10-24,03,8
2017-10-24,12,1
2017-10-24,46,3
2017-10-25,03,22
2017-10-25,46,4
2017-10-26,03,22
2017-10-26,12,3
2017-10-26,46,5
2017-10-27,03,32
2017-10-27,12,2
2017-10-27,46,9
2017-10-28,12,1
2017-10-30,03,20
2017-10-30,46,3
2017-10-31,03,4
2017-10-31,46,6
2017-11-01,03,1
2017-11-02,03,6
2017-11-02,46,2
2017-11-03,03,20
2017-11-03,12,5
2017-11-03,46,7
2017-11-06,03,11
2017-11-06,12,3
2017-11-06,46,2
2017-11-07,03,16
2017-11-07,46,3
2017-11-08,03,19
2017-11-08,12,5
2017-11-08,46,6
2017-11-09,03,23
2017-11-09,12,2
2017-11-09,46,5
2017-11-10,03,4
2017-11-10,46,1
2017-11-11,46,4
2017-11-13,03,6
2017-11-13,12,2
2017-11-13,46,9
2017-11-14,03,9
2017-11-14,46,4
2017-11-15,03,3
2017-11-15,46,7
2017-11-16,12,5
2017-11-16,46,5
2017-11-17,03,32
2017-11-17,12,1
2017-11-17,46,12
2017-11-18,03,1
2017-11-19,03,2
2017-11-20,03,31
2017-11-20,12,2
2017-11-20,46,3
2017-11-21,03,46
2017-11-21,46,7
2017-11-22,03,41
2017-11-22,12,2
2017-11-22,46,5
2017-11-23,03,62
2017-11-23,12,2
2017-11-23,46,4
2017-11-24,03,60
2017-11-24,46,8
2017-11-25,03,1
2017-11-25,12,2
2017-11-27,03,82
2017-11-27,46,3
2017-11-28,03,72
2017-11-28,12,1
2017-11-28,46,4
2017-11-29,03,53
2017-11-29,12,1
2017-11-29,46,4
2017-11-30,03,53
2017-11-30,12,5
2017-11-30,46,6
2017-12-01,03,64
2017-12-01,12,6
2017-12-01,46,10
2017-12-02,03,1
2017-12-03,46,1
2017-12-04,03,49
2017-12-04,46,4
2017-12-05,03,49
2017-12-05,12,1
2017-12-05,46,13
2017-12-07,03,64
2017-12-07,12,16
2017-12-07,46,7
2017-12-08,03,1
2017-12-11,03,9
2017-12-11,12,21
2017-12-11,46,6
2017-12-12,03,51
2017-12-12,12,5
2017-12-12,46,7
2017-12-13,03,43
2017-12-13,12,11
2017-12-13,46,6
2017-12-14,03,10
2017-12-14,12,1
2017-12-14,46,7
2017-12-15,03,10
2017-12-15,12,2
2017-12-15,46,22
2017-12-18,03,81
2017-12-18,12,2
2017-12-18,46,5
2017-12-19,03,63
2017-12-19,46,9
2017-12-20,03,62
2017-12-20,12,1
2017-12-20,46,5
2017-12-21,03,53
2017-12-21,46,9
2017-12-22,03,44
2017-12-22,46,8
2017-12-23,03,4
2017-12-26,03,63
2017-12-26,46,1
2017-12-27,03,67
2017-12-27,46,4
2017-12-28,03,61
2017-12-28,46,3
2017-12-29,03,58
2017-12-29,46,5
2017-12-31,03,2
2017-12-31,46,1
2018-01-01,46,1
2018-01-02,03,3
2018-01-02,12,7
2018-01-02,46,2
2018-01-03,03,2
2018-01-03,12,4
2018-01-03,46,6
2018-01-04,03,1
2018-01-04,12,7
2018-01-04,46,5
2018-01-05,03,3
2018-01-05,12,1
2018-01-05,46,5
2018-01-08,03,63
2018-01-08,12,2
2018-01-08,46,3
2018-01-09,03,70
2018-01-09,12,2
2018-01-10,03,55
2018-01-10,46,1
2018-01-11,03,52
2018-01-11,12,1
2018-01-11,46,3
2018-01-12,03,2
2018-01-12,12,3
2018-01-12,46,9
2018-01-15,03,7
2018-01-15,46,5
2018-01-16,03,11
2018-01-16,12,1
2018-01-16,46,7
2018-01-17,03,13
2018-01-17,12,3
2018-01-17,46,7
2018-01-18,03,19
2018-01-18,12,3
2018-01-18,46,11
2018-01-19,03,14
2018-01-19,12,2
2018-01-19,46,10
2018-01-22,03,24
2018-01-22,12,3
2018-01-22,46,1
2018-01-23,03,16
2018-01-23,12,1
2018-01-23,46,6
2018-01-24,03,48
2018-01-24,12,5
2018-01-24,46,3
2018-01-25,03,33
2018-01-25,12,4
2018-01-25,46,6
2018-01-26,03,45
2018-01-26,12,13
2018-01-26,46,14
2018-01-27,03,1
2018-01-29,03,43
2018-01-29,12,24
2018-01-29,46,13
2018-01-30,03,14
2018-01-30,12,96
2018-01-30,46,10
2018-01-31,03,6
2018-01-31,12,6
2018-01-31,46,10
2018-02-01,03,38
2018-02-01,12,1
2018-02-01,46,7
2018-02-02,03,40
2018-02-02,46,5
2018-02-03,12,7
2018-02-05,03,23
2018-02-05,12,3
2018-02-05,46,2
2018-02-06,03,14
2018-02-06,12,1
2018-02-06,46,12
2018-02-07,03,40
2018-02-07,12,3
2018-02-07,46,10
2018-02-08,03,6
2018-02-08,12,1
2018-02-08,46,5
2018-02-09,03,33
2018-02-09,12,3
2018-02-09,46,4
2018-02-10,03,1
2018-02-10,46,1
2018-02-11,03,1
2018-02-12,03,20
2018-02-12,12,3
2018-02-12,46,8
2018-02-13,03,29
2018-02-13,12,16
2018-02-13,46,5
2018-02-14,03,34
2018-02-14,12,2
2018-02-14,46,6
2018-02-15,03,26
2018-02-15,12,16
2018-02-15,46,9
2018-02-16,03,18
2018-02-16,12,11
2018-02-16,46,11
2018-02-17,03,6
2018-02-17,12,2
2018-02-17,46,6
2018-02-18,46,2
2018-02-19,03,27
2018-02-19,12,7
2018-02-19,46,7
2018-02-20,03,12
2018-02-20,12,1
2018-02-20,46,22
2018-02-21,03,31
2018-02-21,12,7
2018-02-21,46,15
2018-02-22,03,36
2018-02-22,12,15
2018-02-22,46,8
2018-02-23,03,27
2018-02-23,12,12
2018-02-23,46,10
2018-02-25,46,1
2018-02-26,03,21
2018-02-26,12,11
2018-02-26,46,8
2018-02-27,03,17
2018-02-27,46,3
2018-02-28,03,25
2018-02-28,12,5
2018-02-28,46,14
2018-03-01,03,8
2018-03-01,46,7
2018-03-02,03,29
2018-03-02,12,3
2018-03-02,46,19
2018-03-03,46,1
2018-03-04,46,2
2018-03-05,03,24
2018-03-05,12,1
2018-03-05,46,15
2018-03-06,03,14
2018-03-06,46,9
2018-03-07,03,21
2018-03-07,12,1
2018-03-07,46,13
2018-03-08,03,21
2018-03-08,46,8
2018-03-09,03,9
2018-03-09,46,6
2018-03-10,12,2
2018-03-11,46,1
2018-03-12,03,7
2018-03-12,12,11
2018-03-12,46,13
2018-03-13,03,13
2018-03-13,12,11
2018-03-13,46,8
2018-03-14,03,8
2018-03-14,12,6
2018-03-14,46,10
2018-03-15,03,10
2018-03-15,46,13
2018-03-16,03,10
2018-03-16,12,17
2018-03-16,46,6
2018-03-17,03,1
2018-03-18,03,1
2018-03-19,03,2
2018-03-20,03,18
2018-03-20,12,4
2018-03-20,46,4
2018-03-21,03,23
2018-03-21,12,17
2018-03-21,46,12
2018-03-22,03,19
2018-03-22,12,12
2018-03-22,46,5
2018-03-23,03,21
2018-03-23,12,5
2018-03-23,46,7
2018-03-24,03,1
2018-03-24,46,1
2018-03-26,03,40
2018-03-26,12,3
2018-03-26,46,10
2018-03-27,03,35
2018-03-27,12,9
2018-03-27,46,11
2018-03-28,03,58
2018-03-28,12,4
2018-03-28,46,12
2018-03-29,03,19
2018-03-29,12,13
2018-03-29,46,14
2018-03-30,03,4
2018-03-30,12,3
2018-03-31,03,2
2018-03-31,12,5
2018-03-31,46,2
2018-04-01,46,1
2018-04-02,46,1
2018-04-03,03,16
2018-04-03,12,3
2018-04-03,46,2
2018-04-04,03,13
2018-04-04,12,14
2018-04-04,46,8
2018-04-05,03,21
2018-04-05,12,6
2018-04-05,46,6
2018-04-06,03,12
2018-04-06,12,7
2018-04-06,46,9
2018-04-07,03,13
2018-04-07,12,1
2018-04-08,46,2
2018-04-09,03,31
2018-04-09,12,12
2018-04-09,46,2
2018-04-10,03,64
2018-04-10,12,7
2018-04-10,46,10
2018-04-11,03,45
2018-04-11,12,1
2018-04-11,46,19
2018-04-12,03,21
2018-04-12,12,11
2018-04-12,46,12
2018-04-13,03,24
2018-04-13,12,9
2018-04-13,46,7
2018-04-14,03,2
2018-04-14,46,6
2018-04-15,03,1
2018-04-15,46,2
2018-04-16,03,21
2018-04-16,12,9
2018-04-16,46,8
2018-04-17,03,32
2018-04-17,12,17
2018-04-17,46,10
2018-04-18,03,19
2018-04-18,12,7
2018-04-18,46,15
2018-04-19,03,61
2018-04-19,12,5
2018-04-19,46,20
2018-04-20,03,32
2018-04-20,12,3
2018-04-20,46,11
2018-04-21,46,2
2018-04-22,03,1
2018-04-22,46,1
2018-04-23,03,21
2018-04-23,12,9
2018-04-23,46,9
2018-04-24,03,50
2018-04-24,12,11
2018-04-24,46,15
2018-04-25,03,28
2018-04-25,12,2
2018-04-25,46,10
2018-04-26,03,42
2018-04-26,12,2
2018-04-26,46,17
2018-04-27,03,22
2018-04-27,12,1
2018-04-27,46,27
2018-04-28,03,2
2018-04-28,46,3
2018-04-29,03,3
2018-04-30,03,15
2018-04-30,12,15
2018-04-30,46,11
2018-05-01,03,2
2018-05-02,03,25
2018-05-02,12,11
2018-05-02,46,19
2018-05-03,03,22
2018-05-03,12,4
2018-05-03,46,8
2018-05-04,03,17
2018-05-04,12,1
2018-05-04,46,32
2018-05-05,03,1
2018-05-05,12,2
2018-05-05,46,6
2018-05-06,03,1
2018-05-07,03,26
2018-05-07,12,10
2018-05-07,46,48
2018-05-08,03,15
2018-05-08,12,19
2018-05-08,46,32
2018-05-09,03,59
2018-05-09,12,3
2018-05-09,46,23
2018-05-10,03,53
2018-05-10,12,19
2018-05-10,46,29
2018-05-11,03,37
2018-05-11,12,15
2018-05-11,46,43
2018-05-12,03,4
2018-05-12,46,5
2018-05-13,03,3
2018-05-13,46,4
2018-05-14,03,35
2018-05-14,12,7
2018-05-14,46,18
2018-05-15,03,25
2018-05-15,12,21
2018-05-15,46,37
2018-05-16,03,34
2018-05-16,12,1
2018-05-16,46,18
2018-05-17,03,41
2018-05-17,12,12
2018-05-17,46,10
2018-05-18,03,28
2018-05-18,12,3
2018-05-18,46,38
2018-05-19,03,1
2018-05-19,12,1
2018-05-19,46,1
2018-05-20,03,6
2018-05-20,46,3
2018-05-21,03,44
2018-05-21,12,17
2018-05-21,46,20
2018-05-22,03,36
2018-05-22,12,2
2018-05-22,46,33
2018-05-23,03,35
2018-05-23,12,14
2018-05-23,46,28
2018-05-24,03,37
2018-05-24,12,16
2018-05-24,46,38
2018-05-25,03,23
2018-05-25,12,7
2018-05-25,46,9
2018-05-26,03,6
2018-05-26,46,6
2018-05-27,03,5
2018-05-27,12,1
2018-05-27,46,4
2018-05-28,03,53
2018-05-28,12,11
2018-05-28,46,22
2018-05-29,03,45
2018-05-29,12,3
2018-05-29,46,26
2018-05-30,03,44
2018-05-30,12,13
2018-05-30,46,20
2018-05-31,03,27
2018-05-31,12,9
2018-05-31,46,27
2018-06-01,03,30
2018-06-01,12,20
2018-06-01,46,23
2018-06-02,03,5
2018-06-02,12,2
2018-06-02,46,3
2018-06-03,03,2
2018-06-03,46,4
2018-06-04,03,51
2018-06-04,12,14
2018-06-04,46,30
2018-06-05,03,36
2018-06-05,12,4
2018-06-05,46,20
2018-06-06,03,44
2018-06-06,12,4
2018-06-06,46,30
2018-06-07,03,46
2018-06-07,12,10
2018-06-07,46,54
2018-06-08,03,35
2018-06-08,12,10
2018-06-08,46,26
2018-06-09,03,4
2018-06-09,12,1
2018-06-10,03,1
2018-06-11,03,38
2018-06-11,12,8
2018-06-11,46,33
2018-06-12,03,46
2018-06-12,12,6
2018-06-12,46,25
2018-06-13,03,40
2018-06-13,12,12
2018-06-13,46,18
2018-06-14,03,32
2018-06-14,12,24
2018-06-14,46,28
2018-06-15,03,25
2018-06-15,12,9
2018-06-15,46,17
2018-06-16,03,3
2018-06-16,46,2
2018-06-17,03,12
2018-06-17,12,1
2018-06-17,46,6
2018-06-18,03,25
2018-06-18,12,24
2018-06-18,46,21
2018-06-19,03,29
2018-06-19,12,28
2018-06-19,46,17
2018-06-20,03,52
2018-06-20,12,5
2018-06-20,46,16
2018-06-21,03,19
2018-06-21,12,6
2018-06-21,46,15
2018-06-22,03,28
2018-06-22,12,22
2018-06-22,46,17
2018-06-23,03,8
2018-06-23,12,1
2018-06-23,46,2
2018-06-24,03,1
2018-06-24,46,1
2018-06-25,03,21
2018-06-25,12,15
2018-06-25,46,25
2018-06-26,03,21
2018-06-26,12,15
2018-06-26,46,18
2018-06-27,03,37
2018-06-27,12,2
2018-06-27,46,13
2018-06-28,03,46
2018-06-28,12,1
2018-06-28,46,25
2018-06-29,03,12
2018-06-29,12,1
2018-06-29,46,19
2018-06-30,03,10
2018-06-30,46,1
2018-07-01,03,2
2018-07-01,12,1
2018-07-01,46,3
2018-07-02,03,36
2018-07-02,46,12
2018-07-03,03,33
2018-07-03,12,24
2018-07-03,46,21
2018-07-04,03,27
2018-07-04,12,26
2018-07-04,46,24
2018-07-05,03,23
2018-07-05,12,10
2018-07-05,46,22
2018-07-06,03,25
2018-07-06,12,4
2018-07-06,46,43
2018-07-07,03,4
2018-07-07,12,1
2018-07-07,46,7
2018-07-08,03,3
2018-07-08,46,3
2018-07-09,03,16
2018-07-09,12,5
2018-07-09,46,6
2018-07-10,03,5
2018-07-10,12,14
2018-07-10,46,2
2018-07-11,03,9
2018-07-11,12,2
2018-07-11,46,2
2018-07-12,03,4
2018-07-12,12,2
2018-07-12,46,3
2018-07-13,03,4
2018-07-13,12,1
2018-07-13,46,2
2018-07-14,03,1
2018-07-14,46,1
2018-07-15,03,2
2018-07-15,46,1
2018-07-16,03,28
2018-07-16,12,3
2018-07-16,46,6
2018-07-17,03,22
2018-07-17,12,5
2018-07-17,46,5
2018-07-18,03,19
2018-07-18,12,1
2018-07-19,03,8
2018-07-19,12,2
2018-07-19,46,4
2018-07-20,03,24
2018-07-20,46,1
2018-07-21,12,1
2018-07-21,46,1
2018-07-23,03,6
2018-07-23,12,5
2018-07-23,46,3
2018-07-24,03,16
2018-07-24,12,1
2018-07-25,03,16
2018-07-25,46,2
2018-07-26,03,6
2018-07-26,46,2
2018-07-27,03,12
2018-07-27,46,1
2018-07-28,03,1
2018-07-30,03,13
2018-07-31,03,16
2018-07-31,46,1
2018-08-01,12,1
2018-08-01,46,1
2018-08-02,03,2
2018-08-02,46,1
2018-08-03,03,2
2018-08-03,12,7
2018-08-06,03,2
2018-08-07,03,11
2018-08-07,12,2
2018-08-07,46,1
2018-08-08,03,4
2018-08-09,03,2
2018-08-09,46,1
2018-08-10,03,3
2018-08-10,46,1
2018-08-13,03,3
2018-08-13,46,1
2018-08-14,12,2
2018-08-16,03,12
2018-08-17,03,12
2018-08-17,12,1
2018-08-17,46,2
2018-08-18,03,1
2018-08-20,12,1
2018-08-21,03,6
2018-08-22,03,4
2018-08-22,46,1
2018-08-23,03,3
2018-08-23,12,2
2018-08-24,03,1
2018-08-27,03,14
2018-08-27,12,1
2018-08-28,03,20
2018-08-29,03,13
2018-08-30,03,12
2018-08-31,03,19
2018-09-03,03,2
2018-09-04,03,3
2018-09-04,12,1
2018-09-04,46,1
2018-09-05,46,1
2018-09-06,03,3
2018-09-07,03,4
2018-09-07,12,1
2018-09-09,46,1
2018-09-10,03,9
2018-09-10,46,2
2018-09-11,03,19
2018-09-12,03,15
2018-09-12,12,2
2018-09-13,03,14
2018-09-13,46,2
2018-09-14,03,23
2018-09-14,12,1
2018-09-17,03,13
2018-09-17,12,1
2018-09-17,46,1
2018-09-18,03,14
2018-09-18,12,2
2018-09-19,03,12
2018-09-19,46,1
2018-09-20,03,11
2018-09-21,03,12
2018-09-21,46,2
2018-09-24,03,17
2018-09-24,12,2
2018-09-25,03,13
2018-09-26,03,5
2018-09-26,12,1
2018-09-26,46,1
2018-09-27,03,12
2018-09-28,03,13
2018-09-28,12,1
2018-10-01,03,12
2018-10-01,12,1
2018-10-02,03,19
2018-10-02,12,3
2018-10-03,03,16
2018-10-03,12,1
2018-10-04,03,24
2018-10-05,03,13
2018-10-05,12,3
2018-10-05,46,1
2018-10-06,03,1
2018-10-08,03,11
2018-10-08,46,3
2018-10-10,03,33
2018-10-10,12,3
2018-10-10,46,4
2018-10-11,03,21
2018-10-15,03,15
2018-10-16,03,26
2018-10-16,46,2
2018-10-17,03,19
2018-10-17,12,4
2018-10-17,46,1
2018-10-18,03,25
2018-10-18,12,3
2018-10-19,03,12
2018-10-22,03,27
2018-10-22,12,2
2018-10-23,03,28
2018-10-24,03,9
2018-10-25,03,23
2018-10-25,12,1
2018-10-25,46,1
2018-10-26,03,27
2018-10-29,03,17
2018-10-29,46,4
2018-10-30,03,6
2018-10-31,03,23
2018-10-31,12,1
2018-11-02,03,16
2018-11-02,12,1
2018-11-02,46,3
2018-11-05,03,28
2018-11-05,46,2
2018-11-06,03,19
2018-11-06,12,2
2018-11-06,46,3
2018-11-07,03,34
2018-11-07,12,1
2018-11-07,46,3
2018-11-08,03,22
2018-11-08,12,3
2018-11-08,46,1
2018-11-09,03,15
2018-11-09,12,2
2018-11-09,46,2
2018-11-10,03,1
2018-11-10,12,1
2018-11-11,03,2
2018-11-12,03,38
2018-11-12,12,2
2018-11-12,46,1
2018-11-13,03,9
2018-11-13,46,1
2018-11-14,03,13
2018-11-15,03,36
2018-11-15,12,2
2018-11-15,46,1
2018-11-16,03,38
2018-11-16,46,1
2018-11-17,12,1
2018-11-19,03,31
2018-11-19,46,1
2018-11-20,03,55
2018-11-20,12,1
2018-11-20,46,2
2018-11-21,03,19
2018-11-21,12,1
2018-11-22,03,24
2018-11-22,12,2
2018-11-22,46,1
2018-11-23,03,43
2018-11-25,03,2
2018-11-26,03,20
2018-11-27,03,16
2018-11-28,03,16
2018-11-28,12,1
2018-11-28,46,1
2018-11-29,03,2
2018-11-30,03,6
2018-11-30,12,1
2018-12-02,03,1
2018-12-02,12,1
2018-12-03,03,12
2018-12-03,12,1
2018-12-03,46,1
2018-12-04,03,31
2018-12-04,12,2
2018-12-05,03,20
2018-12-05,46,1
2018-12-07,03,9
2018-12-07,46,1
2018-12-10,03,13
2018-12-10,12,3
2018-12-10,46,3
2018-12-11,03,5
2018-12-11,46,1
2018-12-12,03,9
2018-12-12,12,2
2018-12-13,03,1
2018-12-13,12,2
2018-12-13,46,1
2018-12-14,03,33
2018-12-14,46,1
2018-12-16,46,8
2018-12-17,03,64
2018-12-17,46,1
2018-12-18,03,51
2018-12-18,46,1
2018-12-19,03,50
2018-12-20,03,32
2018-12-21,03,18
2018-12-21,12,1
2018-12-21,46,1
2018-12-25,03,1
2018-12-26,03,4
2018-12-26,12,1
2018-12-26,46,3
2018-12-27,03,3
2018-12-28,03,5
2018-12-28,12,1
2018-12-28,46,1
2018-12-29,03,1
2018-12-31,03,1
2019-01-02,03,18
2019-01-02,12,1
2019-01-03,03,10
2019-01-03,12,1
2019-01-03,46,2
2019-01-04,03,1
2019-01-07,03,36
2019-01-07,12,5
2019-01-08,03,13
2019-01-08,12,3
2019-01-09,03,26
2019-01-09,12,1
2019-01-09,46,1
2019-01-10,03,10
2019-01-10,12,1
2019-01-11,03,4
2019-01-11,12,2
2019-01-11,46,2
2019-01-14,03,13
2019-01-14,46,2
2019-01-15,03,5
2019-01-16,03,2
2019-01-16,12,2
2019-01-17,03,48
2019-01-17,12,1
2019-01-17,46,3
2019-01-18,03,21
2019-01-18,46,5
2019-01-19,12,1
2019-01-20,03,1
2019-01-21,03,9
2019-01-21,46,2
2019-01-22,03,6
2019-01-22,12,1
2019-01-23,03,13
2019-01-23,12,1
2019-01-23,46,2
2019-01-24,03,18
2019-01-25,03,11
2019-01-25,46,3
2019-01-26,03,1
2019-01-28,03,18
2019-01-28,46,3
2019-01-29,03,20
2019-01-29,12,3
2019-01-29,46,1
2019-01-30,03,21
2019-01-30,12,1
2019-01-31,03,16
2019-01-31,46,1
2019-02-01,03,12
2019-02-01,46,2
2019-02-02,12,1
2019-02-02,46,1
2019-02-04,03,4
2019-02-04,12,1
2019-02-04,46,2
2019-02-05,03,25
2019-02-05,46,1
2019-02-06,03,18
2019-02-06,46,3
2019-02-07,03,11
2019-02-07,12,1
2019-02-07,46,3
2019-02-08,03,4
2019-02-08,46,4
2019-02-11,03,28
2019-02-11,12,3
2019-02-11,46,9
2019-02-12,03,42
2019-02-12,12,14
2019-02-12,46,7
2019-02-13,03,22
2019-02-13,12,3
2019-02-13,46,8
2019-02-14,03,24
2019-02-14,12,1
2019-02-14,46,5
2019-02-15,03,17
2019-02-15,12,2
2019-02-15,46,3
2019-02-16,03,1
2019-02-18,03,17
2019-02-18,12,4
2019-02-18,46,2
2019-02-19,03,2
2019-02-19,12,2
2019-02-19,46,5
2019-02-20,03,15
2019-02-20,12,1
2019-02-20,46,3
2019-02-21,03,19
2019-02-21,12,1
2019-02-21,46,15
2019-02-22,03,12
2019-02-22,12,1
2019-02-22,46,7
2019-02-25,03,12
2019-02-25,12,2
2019-02-25,46,4
2019-02-26,03,15
2019-02-26,12,5
2019-02-26,46,8
2019-02-27,03,19
2019-02-27,46,4
2019-02-28,03,19
2019-02-28,12,4
2019-02-28,46,7
2019-03-01,03,18
2019-03-01,12,1
2019-03-01,46,11
2019-03-02,03,1
2019-03-04,03,15
2019-03-04,46,10
2019-03-05,03,10
2019-03-05,12,2
2019-03-05,46,8
2019-03-06,03,6
2019-03-06,12,3
2019-03-06,46,7
2019-03-07,03,8
2019-03-07,12,2
2019-03-07,46,4
2019-03-08,03,14
2019-03-08,12,2
2019-03-08,46,7
2019-03-11,03,64
2019-03-11,12,1
2019-03-11,46,5
2019-03-12,03,21
2019-03-12,12,3
2019-03-12,46,6
2019-03-13,03,13
2019-03-13,12,1
2019-03-13,46,1
2019-03-14,03,19
2019-03-14,12,1
2019-03-14,46,3
2019-03-15,03,26
2019-03-15,12,3
2019-03-15,46,5
2019-03-18,03,14
2019-03-18,12,5
2019-03-18,46,5
2019-03-20,03,21
2019-03-20,12,3
2019-03-20,46,3
2019-03-21,03,10
2019-03-21,12,2
2019-03-21,46,6
2019-03-22,03,20
2019-03-22,12,4
2019-03-22,46,3
2019-03-25,03,27
2019-03-25,46,11
2019-03-26,03,13
2019-03-26,46,3
2019-03-27,03,13
2019-03-27,12,2
2019-03-27,46,7
2019-03-28,03,10
2019-03-28,12,3
2019-03-28,46,5
2019-03-29,03,12
2019-03-29,12,6
2019-03-29,46,4
2019-03-31,12,1
2019-04-01,03,11
2019-04-01,12,2
2019-04-01,46,4
2019-04-02,03,25
2019-04-02,12,2
2019-04-02,46,8
2019-04-03,03,23
2019-04-03,12,2
2019-04-03,46,1
2019-04-04,03,11
2019-04-04,12,3
2019-04-04,46,5
2019-04-05,03,14
2019-04-05,46,3
2019-04-08,03,18
2019-04-08,12,2
2019-04-08,46,14
2019-04-09,03,19
2019-04-09,12,2
2019-04-09,46,8
2019-04-10,03,32
2019-04-10,12,5
2019-04-10,46,8
2019-04-11,03,45
2019-04-11,12,3
2019-04-11,46,5
2019-04-12,03,23
2019-04-12,12,2
2019-04-12,46,1
2019-04-13,46,1
2019-04-14,03,1
2019-04-15,03,19
2019-04-15,12,6
2019-04-15,46,9
2019-04-16,03,6
2019-04-16,12,1
2019-04-16,46,3
2019-04-17,03,2
2019-04-17,12,3
2019-04-17,46,7
2019-04-18,03,10
2019-04-18,12,4
2019-04-18,46,5
2019-04-19,03,1
2019-04-19,12,1
2019-04-22,03,1
2019-04-23,03,15
2019-04-23,12,5
2019-04-23,46,6
2019-04-24,03,26
2019-04-24,12,3
2019-04-25,03,18
2019-04-25,12,9
2019-04-25,46,5
2019-04-26,03,16
2019-04-26,12,5
2019-04-26,46,7
2019-04-27,03,1
2019-04-29,03,38
2019-04-29,12,11
2019-04-30,03,39
2019-04-30,12,5
2019-04-30,46,3
2019-05-01,46,1
2019-05-02,03,1
2019-05-02,12,4
2019-05-02,46,3
2019-05-03,03,11
2019-05-03,12,2
2019-05-03,46,13
2019-05-04,46,1
2019-05-06,03,16
2019-05-06,12,2
2019-05-06,46,4
2019-05-07,03,38
2019-05-07,12,3
2019-05-07,46,16
2019-05-08,03,29
2019-05-08,12,8
2019-05-08,46,7
2019-05-09,03,35
2019-05-09,12,2
2019-05-09,46,3
2019-05-10,03,22
2019-05-10,46,9
2019-05-13,03,30
2019-05-13,12,4
2019-05-13,46,8
2019-05-14,03,30
2019-05-14,12,13
2019-05-14,46,5
2019-05-15,03,27
2019-05-15,12,8
2019-05-15,46,2
2019-05-16,03,29
2019-05-16,12,6
2019-05-17,03,32
2019-05-17,12,4
2019-05-17,46,10
2019-05-18,46,1
2019-05-20,03,29
2019-05-20,12,1
2019-05-20,46,4
2019-05-21,03,17
2019-05-21,12,2
2019-05-21,46,8
2019-05-22,03,22
2019-05-22,12,2
2019-05-22,46,1
2019-05-23,03,21
2019-05-23,12,2
2019-05-23,46,7
2019-05-24,03,30
2019-05-24,46,1
2019-05-25,03,2
2019-05-25,46,3
2019-05-27,03,24
2019-05-27,12,6
2019-05-27,46,11
2019-05-28,03,13
2019-05-28,12,12
2019-05-28,46,6
2019-05-29,03,15
2019-05-29,12,4
2019-05-29,46,9
2019-05-30,03,18
2019-05-30,12,2
2019-05-30,46,12
2019-05-31,03,16
2019-05-31,12,16
2019-05-31,46,8
2019-06-01,12,1
2019-06-01,46,1
2019-06-03,03,34
2019-06-03,12,5
2019-06-03,46,4
2019-06-04,03,16
2019-06-04,12,5
2019-06-04,46,3
2019-06-05,03,23
2019-06-05,12,10
2019-06-05,46,5
2019-06-06,03,18
2019-06-06,12,6
2019-06-06,46,4
2019-06-07,03,47
2019-06-07,12,7
2019-06-07,46,9
2019-06-08,12,1
2019-06-09,46,2
2019-06-10,03,39
2019-06-10,12,24
2019-06-10,46,8
2019-06-11,03,45
2019-06-11,12,3
2019-06-11,46,1
2019-06-12,03,22
2019-06-12,12,6
2019-06-12,46,11
2019-06-13,03,15
2019-06-13,12,4
2019-06-13,46,5
2019-06-14,03,39
2019-06-14,12,6
2019-06-14,46,4
2019-06-15,46,3
2019-06-16,03,1
2019-06-17,03,12
2019-06-17,12,8
2019-06-17,46,3
2019-06-18,03,16
2019-06-18,12,7
2019-06-18,46,20
2019-06-19,03,34
2019-06-19,12,9
2019-06-19,46,8
2019-06-20,03,14
2019-06-20,12,5
2019-06-20,46,1
2019-06-21,03,3
2019-06-21,12,9
2019-06-21,46,7
2019-06-22,03,1
2019-06-24,03,1
2019-06-25,03,1
2019-06-25,12,1
2019-06-25,46,2
2019-06-26,03,20
2019-06-26,12,16
2019-06-26,46,9
2019-06-27,03,39
2019-06-27,12,15
2019-06-27,46,4
2019-06-28,03,29
2019-06-28,12,9
2019-06-28,46,5
2019-07-01,03,38
2019-07-01,12,3
2019-07-01,46,4
2019-07-02,03,40
2019-07-02,12,8
2019-07-02,46,2
2019-07-03,03,16
2019-07-03,12,10
2019-07-03,46,17
2019-07-04,03,28
2019-07-04,12,4
2019-07-04,46,9
2019-07-05,03,22
2019-07-05,12,2
2019-07-05,46,5
2019-07-08,03,43
2019-07-08,12,10
2019-07-08,46,6
2019-07-09,03,66
2019-07-09,12,9
2019-07-09,46,5
2019-07-10,03,4
2019-07-10,12,7
2019-07-10,46,2
2019-07-11,03,19
2019-07-11,12,8
2019-07-11,46,5
2019-07-12,03,37
2019-07-12,12,6
2019-07-12,46,1
2019-07-13,03,1
2019-07-14,03,2
2019-07-15,03,15
2019-07-15,12,5
2019-07-15,46,2
2019-07-16,03,25
2019-07-16,12,9
2019-07-16,46,10
2019-07-17,03,28
2019-07-17,12,14
2019-07-17,46,4
2019-07-18,03,23
2019-07-18,12,5
2019-07-18,46,3
2019-07-19,03,15
2019-07-19,12,7
2019-07-19,46,6
2019-07-20,03,2
2019-07-22,03,26
2019-07-22,12,5
2019-07-22,46,9
2019-07-23,03,32
2019-07-23,12,7
2019-07-23,46,2
2019-07-24,03,36
2019-07-24,12,7
2019-07-24,46,6
2019-07-25,03,19
2019-07-25,12,4
2019-07-25,46,6
2019-07-26,03,24
2019-07-26,12,7
2019-07-26,46,4
2019-07-27,46,2
2019-07-29,03,39
2019-07-29,12,3
2019-07-29,46,7
2019-07-30,03,7
2019-07-30,12,1
2019-07-30,46,3
2019-07-31,03,18
2019-07-31,12,4
2019-07-31,46,6
2019-08-01,03,18
2019-08-01,12,1
2019-08-01,46,8
2019-08-02,03,26
2019-08-02,12,2
2019-08-02,46,7
2019-08-04,03,1
2019-08-04,46,1
2019-08-05,03,31
2019-08-05,12,2
2019-08-05,46,4
2019-08-06,03,43
2019-08-06,12,3
2019-08-06,46,2
2019-08-07,03,20
2019-08-07,12,1
2019-08-07,46,1
2019-08-08,03,13
2019-08-08,12,6
2019-08-08,46,3
2019-08-09,03,10
2019-08-09,12,2
2019-08-09,46,4
2019-08-12,03,6
2019-08-12,12,1
2019-08-12,46,2
2019-08-13,03,8
2019-08-13,12,5
2019-08-14,03,5
2019-08-14,46,13
2019-08-16,03,3
2019-08-16,12,3
2019-08-16,46,1
2019-08-19,03,4
2019-08-19,12,8
2019-08-19,46,2
2019-08-20,03,7
2019-08-21,03,12
2019-08-21,12,1
2019-08-22,03,3
2019-08-22,12,1
2019-08-22,46,3
2019-08-23,03,7
2019-08-23,12,3
2019-08-26,03,10
2019-08-26,12,4
2019-08-27,03,16
2019-08-27,12,2
2019-08-27,46,1
2019-08-28,03,16
2019-08-28,12,2
2019-08-28,46,1
2019-08-29,03,5
2019-08-29,12,8
2019-08-30,03,25
2019-08-30,12,3
2019-08-30,46,1
2019-08-31,03,9
2019-09-01,03,1
2019-09-02,03,13
2019-09-02,46,2
2019-09-03,03,11
2019-09-04,03,13
2019-09-04,12,1
2019-09-05,03,8
2019-09-05,12,3
2019-09-05,46,1
2019-09-06,03,24
2019-09-06,12,5
2019-09-06,46,15
2019-09-07,46,2
2019-09-09,03,14
2019-09-09,12,1
2019-09-09,46,4
2019-09-10,03,16
2019-09-10,12,4
2019-09-10,46,1
2019-09-11,03,7
2019-09-11,12,2
2019-09-11,46,8
2019-09-12,03,14
2019-09-12,46,3
2019-09-13,03,16
2019-09-13,12,4
2019-09-13,46,2
2019-09-16,03,14
2019-09-16,12,3
2019-09-16,46,9
2019-09-17,03,7
2019-09-17,12,11
2019-09-17,46,7
2019-09-18,03,13
2019-09-18,46,4
2019-09-19,03,14
2019-09-19,12,1
2019-09-19,46,4
2019-09-20,03,20
2019-09-23,03,25
2019-09-23,12,6
2019-09-23,46,4
2019-09-24,03,19
2019-09-24,12,5
2019-09-24,46,4
2019-09-25,03,11
2019-09-25,12,2
2019-09-25,46,2
2019-09-26,03,17
2019-09-26,46,2
2019-09-27,03,10
2019-09-27,12,3
2019-09-27,46,7
2019-09-28,46,1
2019-09-30,03,9
2019-09-30,46,4
2019-10-01,03,20
2019-10-01,12,6
2019-10-01,46,5
2019-10-02,03,10
2019-10-02,12,3
2019-10-03,03,17
2019-10-03,46,6
2019-10-04,03,17
2019-10-04,46,4
2019-10-05,12,3
2019-10-07,03,4
2019-10-07,12,2
2019-10-07,46,1
2019-10-08,03,12
2019-10-09,12,1
2019-10-10,03,15
2019-10-10,12,2
2019-10-10,46,6
2019-10-11,03,7
2019-10-11,12,1
2019-10-11,46,2
2019-10-12,03,1
2019-10-13,46,1
2019-10-14,03,17
2019-10-14,46,1
2019-10-15,03,9
2019-10-15,46,3
2019-10-16,03,18
2019-10-16,12,5
2019-10-16,46,4
2019-10-17,03,10
2019-10-17,12,3
2019-10-17,46,2
2019-10-18,03,9
2019-10-18,12,4
2019-10-18,46,7
2019-10-19,03,15
2019-10-21,03,22
2019-10-21,12,1
2019-10-21,46,2
2019-10-22,03,18
2019-10-22,12,2
2019-10-22,46,2
2019-10-23,03,9
2019-10-23,46,4
2019-10-24,03,12
2019-10-24,12,3
2019-10-24,46,4
2019-10-25,03,13
2019-10-25,12,4
2019-10-25,46,1
2019-10-26,03,8
2019-10-28,03,21
2019-10-28,12,5
2019-10-28,46,1
2019-10-29,03,13
2019-10-29,12,21
2019-10-29,46,5
2019-10-30,03,14
2019-10-30,46,5
2019-10-31,03,13
2019-10-31,12,1
2019-10-31,46,5
2019-11-01,46,1
2019-11-02,03,2
2019-11-04,03,22
2019-11-04,12,1
2019-11-04,46,4
2019-11-05,03,23
2019-11-05,12,2
2019-11-05,46,7
2019-11-06,03,25
2019-11-06,46,1
2019-11-07,03,18
2019-11-07,12,3
2019-11-08,03,21
2019-11-08,12,8
2019-11-08,46,1
2019-11-11,03,18
2019-11-11,12,2
2019-11-12,03,19
2019-11-12,12,3
2019-11-12,46,1
2019-11-13,03,21
2019-11-13,46,8
2019-11-14,03,22
2019-11-14,12,4
2019-11-14,46,3
2019-11-15,03,21
2019-11-15,12,4
2019-11-15,46,3
2019-11-17,03,1
2019-11-18,03,23
2019-11-18,46,1
2019-11-19,03,9
2019-11-19,12,1
2019-11-20,03,23
2019-11-20,12,1
2019-11-20,46,6
2019-11-21,03,19
2019-11-21,46,1
2019-11-22,03,14
2019-11-22,12,1
2019-11-23,03,1
2019-11-23,46,1
2019-11-24,12,1
2019-11-25,03,24
2019-11-25,12,1
2019-11-25,46,7
2019-11-26,03,7
2019-11-26,12,2
2019-11-27,03,15
2019-11-27,46,1
2019-11-28,03,32
2019-11-28,46,3
2019-11-29,03,6
2019-11-29,12,1
2019-11-29,46,6
2019-12-02,03,14
2019-12-02,12,3
2019-12-03,03,21
2019-12-03,12,1
2019-12-04,03,7
2019-12-04,46,2
2019-12-05,03,12
2019-12-05,12,1
2019-12-05,46,6
2019-12-09,03,12
2019-12-09,12,6
2019-12-09,46,1
2019-12-10,03,32
2019-12-10,12,1
2019-12-10,46,1
2019-12-11,03,11
2019-12-11,12,1
2019-12-12,03,6
2019-12-12,12,4
2019-12-12,46,4
2019-12-13,03,9
2019-12-13,12,10
2019-12-13,46,3
2019-12-14,46,1
2019-12-16,03,27
2019-12-16,12,1
2019-12-16,46,2
2019-12-17,03,19
2019-12-17,12,3
2019-12-17,46,8
2019-12-18,03,12
2019-12-18,12,2
2019-12-18,46,1
2019-12-19,03,15
2019-12-19,46,4
2019-12-20,03,3
2019-12-20,46,1
2019-12-22,03,1
2019-12-23,03,7
2019-12-23,12,4
2019-12-23,46,3
2019-12-24,03,1
2019-12-26,03,26
2019-12-26,12,4
2019-12-26,46,11
2019-12-27,03,10
2019-12-27,46,2
2019-12-29,46,1
2019-12-30,03,3
2019-12-30,12,3
2019-12-30,46,1
2020-01-02,03,2
2020-01-02,46,7
2020-01-03,03,5
2020-01-03,46,1
2020-01-06,03,1
2020-01-07,03,15
2020-01-07,46,3
2020-01-08,03,13
2020-01-08,12,7
2020-01-08,46,3
2020-01-09,03,7
2020-01-09,12,1
2020-01-09,46,10
2020-01-10,03,27
2020-01-10,12,2
2020-01-13,03,1
2020-01-13,12,1
2020-01-13,46,6
2020-01-14,03,15
2020-01-14,46,4
2020-01-15,03,7
2020-01-15,12,3
2020-01-15,46,1
2020-01-16,03,19
2020-01-16,12,2
2020-01-16,46,5
2020-01-17,03,26
2020-01-17,12,1
2020-01-17,46,1
2020-01-18,46,3
2020-01-20,03,20
2020-01-20,12,6
2020-01-20,46,1
2020-01-21,03,25
2020-01-21,12,3
2020-01-21,46,1
2020-01-22,03,26
2020-01-22,12,4
2020-01-22,46,3
2020-01-23,03,24
2020-01-23,46,2
2020-01-24,03,14
2020-01-24,12,3
2020-01-24,46,6
2020-01-27,03,24
2020-01-27,46,1
2020-01-28,03,8
2020-01-28,46,8
2020-01-29,03,8
2020-01-30,03,8
2020-01-30,12,3
2020-01-30,46,4
2020-01-31,03,17
2020-01-31,12,2
2020-01-31,46,1
2020-02-01,03,1
2020-02-02,03,1
2020-02-02,46,1
2020-02-03,03,8
2020-02-03,12,1
2020-02-03,46,1
2020-02-04,03,3
2020-02-04,12,8
2020-02-04,46,3
2020-02-05,03,23
2020-02-05,12,4
2020-02-05,46,3
2020-02-06,03,15
2020-02-06,12,2
2020-02-07,03,12
2020-02-07,12,6
2020-02-07,46,8
2020-02-08,03,1
2020-02-08,46,3
2020-02-10,03,21
2020-02-10,12,4
2020-02-10,46,3
2020-02-11,03,2
2020-02-11,12,4
2020-02-11,46,7
2020-02-12,03,11
2020-02-12,12,3
2020-02-12,46,6
2020-02-13,03,41
2020-02-13,12,10
2020-02-13,46,5
2020-02-14,03,2
2020-02-14,12,6
2020-02-14,46,1
2020-02-15,03,1
2020-02-16,46,1
2020-02-17,03,24
2020-02-17,12,8
2020-02-17,46,8
2020-02-18,03,32
2020-02-18,12,8
2020-02-18,46,3
2020-02-19,03,13
2020-02-19,12,6
2020-02-19,46,7
2020-02-20,03,28
2020-02-20,12,13
2020-02-20,46,7
2020-02-21,03,13
2020-02-21,12,1
2020-02-24,03,21
2020-02-24,12,4
2020-02-24,46,1
2020-02-25,03,25
2020-02-25,46,7
2020-02-26,03,6
2020-02-26,12,4
2020-02-26,46,5
2020-02-27,03,4
2020-02-27,12,7
2020-02-27,46,1
2020-02-28,03,10
2020-02-28,12,1
2020-02-28,46,2
2020-03-01,46,1
2020-03-02,03,9
2020-03-02,12,3
2020-03-02,46,2
2020-03-03,03,2
2020-03-03,12,5
2020-03-04,03,20
2020-03-04,12,5
2020-03-04,46,3
2020-03-05,03,29
2020-03-05,12,2
2020-03-05,46,3
2020-03-06,03,30
2020-03-06,12,10
2020-03-06,46,11
2020-03-07,03,1
2020-03-09,03,19
2020-03-09,12,9
2020-03-09,46,6
2020-03-10,03,26
2020-03-10,12,4
2020-03-10,46,3
2020-03-11,03,14
2020-03-11,12,5
2020-03-11,46,2
2020-03-12,03,30
2020-03-12,12,5
2020-03-12,46,5
2020-03-13,03,12
2020-03-13,12,3
2020-03-13,46,1
2020-03-16,03,10
2020-03-16,46,1
2020-03-17,12,1
2020-03-18,03,8
2020-03-18,12,4
2020-03-20,46,4
2020-03-23,03,5
2020-03-23,12,2
2020-03-23,46,1
2020-03-24,03,1
2020-03-24,46,2
2020-03-25,03,4
2020-03-25,46,4
2020-03-26,46,1
2020-03-27,12,2
2020-03-30,12,1
2020-03-31,03,2
2020-04-01,03,2
2020-04-01,12,1
2020-04-03,03,2
2020-04-03,12,1
2020-04-03,46,1
2020-04-06,03,7
2020-04-06,12,5
2020-04-07,03,11
2020-04-07,12,1
2020-04-08,12,1
2020-04-08,46,5
2020-04-09,03,22
2020-04-09,46,1
2020-04-10,03,19
2020-04-11,03,4
2020-04-13,03,18
2020-04-14,03,24
2020-04-14,12,2
2020-04-14,46,1
2020-04-15,03,27
2020-04-15,12,1
2020-04-16,03,2
2020-04-16,12,1
2020-04-17,12,1
2020-04-19,12,2
2020-04-20,03,4
2020-04-22,46,1
2020-04-24,12,2
2020-04-26,03,1
2020-04-27,03,10
2020-04-27,12,2
2020-04-27,46,1
2020-04-29,12,1
2020-04-30,12,1
2020-04-30,46,1
2020-05-01,12,5
2020-05-04,03,6
2020-05-04,12,2
2020-05-04,46,4
2020-05-05,46,1
2020-05-06,46,1
2020-05-07,03,1
2020-05-07,12,1
2020-05-08,03,1
2020-05-08,12,2
2020-05-08,46,2
2020-05-11,03,26
2020-05-11,12,1
2020-05-11,46,1
2020-05-12,03,18
2020-05-13,03,9
2020-05-13,12,6
2020-05-14,03,18
2020-05-14,12,4
2020-05-15,03,20
2020-05-15,12,4
2020-05-17,12,4
2020-05-18,03,16
2020-05-18,46,1
2020-05-19,03,5
2020-05-19,12,3
2020-05-20,46,1
2020-05-21,03,15
2020-05-21,12,3
2020-05-22,03,2
2020-05-24,12,1
2020-05-25,03,17
2020-05-25,46,1
2020-05-26,03,28
2020-05-27,03,1
2020-05-27,12,1
2020-05-27,46,1
2020-05-28,03,16
2020-05-28,12,1
2020-05-29,03,7
2020-05-29,46,1
2020-06-01,03,5
2020-06-01,12,3
2020-06-01,46,2
2020-06-02,03,1
2020-06-02,46,1
2020-06-03,03,9
2020-06-03,12,4
2020-06-03,46,2
2020-06-04,03,22
2020-06-04,12,1
2020-06-04,46,1
2020-06-05,03,1
2020-06-05,12,4
2020-06-05,46,4
2020-06-06,12,2
2020-06-08,03,12
2020-06-08,46,5
2020-06-09,03,17
2020-06-09,46,3
2020-06-10,03,2
2020-06-10,12,3
2020-06-10,46,3
2020-06-11,03,27
2020-06-11,12,1
2020-06-12,03,5
2020-06-12,12,3
2020-06-13,03,2
2020-06-15,03,10
2020-06-15,12,1
2020-06-15,46,4
2020-06-16,03,24
2020-06-16,12,1
2020-06-17,03,3
2020-06-17,12,1
2020-06-18,03,22
2020-06-18,46,4
2020-06-19,03,3
2020-06-19,12,3
2020-06-19,46,5
2020-06-22,03,3
2020-06-22,12,2
2020-06-23,03,3
2020-06-23,46,3
2020-06-24,46,1
2020-06-25,03,12
2020-06-25,12,10
2020-06-25,46,1
2020-06-26,03,5
2020-06-26,46,2
2020-06-27,03,1
2020-06-28,03,1
2020-06-28,46,1
2020-06-29,03,14
2020-06-29,46,3
2020-06-30,03,28
2020-06-30,12,9
2020-07-01,03,4
2020-07-01,46,7
2020-07-02,03,25
2020-07-02,12,4
2020-07-02,46,3
2020-07-03,03,18
2020-07-03,12,2
2020-07-03,46,1
2020-07-04,46,3
2020-07-06,03,14
2020-07-06,12,1
2020-07-06,46,5
2020-07-07,03,40
2020-07-07,12,4
2020-07-07,46,3
2020-07-08,03,32
2020-07-08,12,1
2020-07-08,46,5
2020-07-09,03,15
2020-07-09,12,2
2020-07-09,46,2
2020-07-10,03,1
2020-07-10,12,1
2020-07-10,46,11
2020-07-13,03,16
2020-07-13,12,7
2020-07-13,46,2
2020-07-14,03,1
2020-07-14,12,4
2020-07-14,46,2
2020-07-15,12,3
2020-07-16,03,6
2020-07-16,12,7
2020-07-16,46,5
2020-07-17,03,2
2020-07-17,46,4
2020-07-18,03,1
2020-07-18,46,1
2020-07-20,03,13
2020-07-20,12,4
2020-07-20,46,4
2020-07-21,03,1
2020-07-21,12,1
2020-07-21,46,2
2020-07-22,03,6
2020-07-22,12,3
2020-07-22,46,3
2020-07-23,12,2
2020-07-23,46,4
2020-07-24,03,19
2020-07-24,12,3
2020-07-24,46,6
2020-07-26,03,1
2020-07-27,03,17
2020-07-27,12,2
2020-07-27,46,6
2020-07-28,03,35
2020-07-28,12,2
2020-07-28,46,3
2020-07-29,03,16
2020-07-29,12,1
2020-07-29,46,3
2020-07-30,03,24
2020-07-30,12,4
2020-07-31,46,3
2020-08-03,03,20
2020-08-03,12,3
2020-08-03,46,2
2020-08-04,03,6
2020-08-04,12,5
2020-08-04,46,2
2020-08-05,03,1
2020-08-05,46,2
2020-08-06,03,17
2020-08-06,12,7
2020-08-06,46,4
2020-08-07,12,1
2020-08-07,46,1
2020-08-08,46,2
2020-08-09,03,1
2020-08-10,03,15
2020-08-11,03,13
2020-08-11,12,7
2020-08-11,46,4
2020-08-12,03,4
2020-08-12,46,3
2020-08-13,03,25
2020-08-13,12,2
2020-08-14,03,3
2020-08-14,46,1
2020-08-17,03,3
2020-08-17,46,1
2020-08-18,03,5
2020-08-18,12,3
2020-08-18,46,1
2020-08-19,03,6
2020-08-19,12,1
2020-08-19,46,1
2020-08-20,03,28
2020-08-20,46,2
2020-08-21,03,26
2020-08-21,12,1
2020-08-23,03,2
2020-08-24,03,10
2020-08-24,46,6
2020-08-25,03,1
2020-08-25,12,2
2020-08-25,46,9
2020-08-26,03,14
2020-08-26,46,2
2020-08-27,03,12
2020-08-27,12,2
2020-08-28,03,20
2020-08-28,12,4
2020-08-31,03,13
2020-09-01,46,1
2020-09-02,03,7
2020-09-02,46,1
2020-09-03,03,17
2020-09-04,03,14
2020-09-04,12,1
2020-09-07,03,12
2020-09-07,46,1
2020-09-08,03,17
2020-09-08,12,1
2020-09-09,03,14
2020-09-09,12,1
2020-09-09,46,1
2020-09-10,03,3
2020-09-10,12,3
2020-09-10,46,2
2020-09-11,03,1
2020-09-11,46,4
2020-09-12,03,2
2020-09-12,46,1
2020-09-14,03,7
2020-09-14,46,1
2020-09-15,03,1
2020-09-15,46,1
2020-09-16,03,16
2020-09-16,46,3
2020-09-17,03,11
2020-09-17,12,5
2020-09-18,03,9
2020-09-18,12,1
2020-09-19,03,1
2020-09-21,03,9
2020-09-21,12,2
2020-09-21,46,5
2020-09-22,03,1
2020-09-22,12,1
2020-09-22,46,2
2020-09-23,03,19
2020-09-23,12,1
2020-09-23,46,2
2020-09-24,03,36
2020-09-24,46,2
2020-09-25,12,2
2020-09-25,46,3
2020-09-28,03,14
2020-09-28,46,3
2020-09-29,03,10
2020-09-29,12,3
2020-09-29,46,2
2020-09-30,03,6
2020-09-30,12,4
2020-09-30,46,1
2020-10-01,03,11
2020-10-01,12,1
2020-10-01,46,3
2020-10-02,03,10
2020-10-02,12,1
2020-10-02,46,4
2020-10-03,03,1
2020-10-04,46,1
2020-10-05,03,11
2020-10-06,03,18
2020-10-06,12,4
2020-10-06,46,3
2020-10-07,03,24
2020-10-07,46,5
2020-10-08,03,35
2020-10-08,12,3
2020-10-12,03,4
2020-10-13,03,30
2020-10-13,12,1
2020-10-13,46,1
2020-10-14,03,47
2020-10-14,12,3
2020-10-14,46,2
2020-10-15,03,23
2020-10-15,46,1
2020-10-16,03,55
2020-10-16,46,1
2020-10-19,03,37
2020-10-20,03,21
2020-10-20,46,1
2020-10-21,03,21
2020-10-21,12,1
2020-10-21,46,1
2020-10-22,03,26
2020-10-22,12,1
2020-10-22,46,2
2020-10-23,03,18
2020-10-25,46,5
2020-10-26,03,40
2020-10-26,12,2
2020-10-27,03,29
2020-10-28,03,25
2020-10-28,12,1
2020-10-28,46,1
2020-10-29,03,46
2020-10-29,12,2
2020-10-29,46,2
2020-10-30,03,33
2020-10-30,12,1
2020-11-02,03,15
2020-11-03,03,16
2020-11-03,46,4
2020-11-04,03,9
2020-11-05,03,4
2020-11-05,12,2
2020-11-05,46,1
2020-11-06,03,1
2020-11-06,12,1
2020-11-07,03,1
2020-11-09,03,12
2020-11-09,46,2
2020-11-10,03,2
2020-11-10,46,5
2020-11-11,03,4
2020-11-11,12,5
2020-11-11,46,2
2020-11-12,03,13
2020-11-12,12,1
2020-11-12,46,3
2020-11-13,03,2
2020-11-13,46,3
2020-11-14,03,3
2020-11-16,03,7
2020-11-16,12,2
2020-11-16,46,2
2020-11-17,03,47
2020-11-18,03,17
2020-11-18,46,1
2020-11-19,03,23
2020-11-19,12,1
2020-11-19,46,1
2020-11-20,03,11
2020-11-20,12,2
2020-11-21,46,2
2020-11-23,03,23
2020-11-23,12,1
2020-11-24,12,3
2020-11-24,46,3
2020-11-25,03,13
2020-11-25,12,3
2020-11-25,46,1
2020-11-26,03,21
2020-11-27,03,9
2020-11-27,12,1
2020-11-28,46,1
2020-11-30,03,10
2020-11-30,12,2
2020-12-01,03,13
2020-12-01,12,3
2020-12-01,46,1
2020-12-02,03,12
2020-12-02,12,5
2020-12-02,46,2
2020-12-03,03,12
2020-12-04,03,4
2020-12-04,46,1
2020-12-06,46,1
2020-12-07,03,19
2020-12-09,03,3
2020-12-09,46,2
2020-12-10,03,7
2020-12-10,12,2
2020-12-10,46,3
2020-12-11,03,8
2020-12-11,12,3
2020-12-13,46,1
2020-12-14,03,31
2020-12-15,03,23
2020-12-15,12,3
2020-12-15,46,1
2020-12-16,03,15
2020-12-17,03,26
2020-12-17,12,4
2020-12-17,46,2
2020-12-18,03,1
2020-12-19,03,1
2020-12-20,46,1
2020-12-21,03,5
2020-12-21,12,1
2020-12-21,46,1
2020-12-22,03,11
2020-12-22,12,1
2020-12-22,46,1
2020-12-23,03,10
2020-12-23,12,2
2020-12-24,03,3
2020-12-28,03,18
2020-12-28,12,1
2020-12-29,03,1
2020-12-29,12,1
2020-12-29,46,5
2020-12-30,03,1
2020-12-30,12,1
2020-12-31,03,2
2021-01-02,03,1
2021-01-04,03,6
2021-01-05,03,7
2021-01-05,12,1
2021-01-05,46,1
2021-01-07,03,13
2021-01-07,46,1
2021-01-08,03,16
2021-01-10,46,2
2021-01-11,03,7
2021-01-11,46,1
2021-01-12,46,1
2021-01-13,03,1
2021-01-13,12,1
2021-01-13,46,2
2021-01-14,03,5
2021-01-14,46,3
2021-01-15,03,1
2021-01-15,12,1
2021-01-18,03,25
2021-01-19,03,3
2021-01-19,12,2
2021-01-19,46,6
2021-01-20,03,9
2021-01-20,46,1
2021-01-21,03,18
2021-01-21,12,1
2021-01-22,03,14
2021-01-22,12,1
2021-01-22,46,1
2021-01-23,03,1
2021-01-24,03,6
2021-01-24,46,3
2021-01-25,03,20
2021-01-25,12,1
2021-01-25,46,3
2021-01-26,12,39
2021-01-27,03,4
2021-01-27,12,1
2021-01-27,46,1
2021-01-28,03,12
2021-01-28,12,2
2021-01-29,12,2
2021-02-01,03,10
2021-02-01,12,1
2021-02-02,03,6
2021-02-02,12,1
2021-02-02,46,4
2021-02-03,03,9
2021-02-03,12,2
2021-02-03,46,2
2021-02-04,03,34
2021-02-04,12,2
2021-02-05,03,9
2021-02-05,12,2
2021-02-06,03,2
2021-02-08,03,11
2021-02-08,46,1
2021-02-09,03,11
2021-02-09,46,2
2021-02-10,03,5
2021-02-10,12,3
2021-02-11,03,16
2021-02-11,12,1
2021-02-11,46,1
2021-02-12,03,1
2021-02-12,46,4
2021-02-14,03,1
2021-02-15,03,27
2021-02-15,46,1
2021-02-16,03,17
2021-02-16,46,3
2021-02-17,03,16
2021-02-18,03,24
2021-02-18,46,1
2021-02-19,03,12
2021-02-19,12,2
2021-02-19,46,1
2021-02-20,46,4
2021-02-22,03,16
2021-02-22,46,1
2021-02-23,03,2
2021-02-23,12,1
2021-02-24,03,11
2021-02-24,12,2
2021-02-25,03,38
2021-02-25,12,3
2021-02-26,03,14
2021-02-26,12,4
2021-02-26,46,4
2021-02-28,46,1
2021-03-01,03,26
2021-03-01,12,4
2021-03-01,46,2
2021-03-02,03,20
2021-03-02,46,5
2021-03-03,03,8
2021-03-03,12,4
2021-03-04,03,19
2021-03-04,12,1
2021-03-04,46,1
2021-03-05,03,5
2021-03-05,12,1
2021-03-08,03,19
2021-03-08,12,1
2021-03-08,46,2
2021-03-09,03,12
2021-03-09,12,2
2021-03-10,03,8
2021-03-10,46,15
2021-03-11,03,23
2021-03-11,12,2
2021-03-11,46,3
2021-03-12,03,6
2021-03-12,12,3
2021-03-12,46,2
2021-03-15,03,17
2021-03-15,12,2
2021-03-15,46,1
2021-03-16,03,1
2021-03-16,12,4
2021-03-16,46,1
2021-03-17,03,18
2021-03-17,12,2
2021-03-17,46,20
2021-03-18,03,15
2021-03-18,46,10
2021-03-19,46,2
2021-03-20,03,2
2021-03-22,03,6
2021-03-22,12,3
2021-03-23,03,4
2021-03-23,12,1
2021-03-24,03,14
2021-03-24,12,1
2021-03-24,46,2
2021-03-25,03,15
2021-03-25,46,2
2021-03-26,03,1
2021-03-26,46,2
2021-03-29,03,16
2021-03-30,03,2
2021-03-30,12,1
2021-03-30,46,5
2021-03-31,03,12
2021-03-31,12,1
2021-03-31,46,5
2021-04-01,03,16
2021-04-01,46,4
2021-04-03,46,2
2021-04-05,03,4
2021-04-06,03,13
2021-04-06,46,3
2021-04-07,03,18
2021-04-07,12,2
2021-04-07,46,3
2021-04-08,03,9
2021-04-08,12,6
2021-04-09,03,1
2021-04-09,12,1
2021-04-09,46,4
2021-04-10,03,1
2021-04-12,03,26
2021-04-12,12,1
2021-04-12,46,2
2021-04-13,03,22
2021-04-13,12,4
2021-04-13,46,5
2021-04-14,03,1
2021-04-14,12,3
2021-04-14,46,3
2021-04-15,03,11
2021-04-15,12,3
2021-04-15,46,5
2021-04-16,03,3
2021-04-16,46,3
2021-04-19,03,18
2021-04-19,12,3
2021-04-19,46,5
2021-04-20,03,13
2021-04-20,12,1
2021-04-20,46,2
2021-04-21,03,16
2021-04-21,12,6
2021-04-21,46,2
2021-04-22,03,28
2021-04-22,46,4
2021-04-23,03,22
2021-04-23,12,2
2021-04-23,46,2
2021-04-24,46,1
2021-04-26,03,6
2021-04-26,12,1
2021-04-27,03,2
2021-04-27,12,2
2021-04-27,46,5
2021-04-28,03,22
2021-04-28,12,2
2021-04-28,46,6
2021-04-29,03,21
2021-04-29,12,1
2021-04-29,46,1
2021-04-30,03,16
2021-04-30,12,1
2021-04-30,46,2
2021-05-03,03,16
2021-05-03,12,2
2021-05-03,46,1
2021-05-04,03,10
2021-05-04,12,8
2021-05-04,46,1
2021-05-05,03,11
2021-05-05,12,2
2021-05-05,46,2
2021-05-06,03,22
2021-05-06,12,5
2021-05-06,46,5
2021-05-07,03,2
2021-05-07,46,6
2021-05-10,03,13
2021-05-10,12,2
2021-05-11,03,14
2021-05-11,12,1
2021-05-11,46,1
2021-05-12,03,15
2021-05-12,12,2
2021-05-13,03,9
2021-05-13,12,1
2021-05-13,46,6
2021-05-14,03,16
2021-05-14,12,1
2021-05-14,46,2
2021-05-15,03,1
2021-05-15,46,6
2021-05-16,03,2
2021-05-17,03,10
2021-05-17,12,2
2021-05-18,12,2
2021-05-18,46,2
2021-05-19,03,24
2021-05-19,12,1
2021-05-19,46,1
2021-05-20,03,17
2021-05-20,12,5
2021-05-20,46,1
2021-05-21,03,12
2021-05-21,12,4
2021-05-21,46,9
2021-05-23,03,1
2021-05-24,03,32
2021-05-24,46,1
2021-05-25,03,20
2021-05-25,12,6
2021-05-26,03,15
2021-05-26,12,2
2021-05-27,03,10
2021-05-27,12,3
2021-05-27,46,4
2021-05-28,03,30
2021-05-28,12,2
2021-05-28,46,4
2021-05-29,12,1
2021-05-31,03,11
2021-05-31,12,1
2021-06-01,03,23
2021-06-01,12,3
2021-06-01,46,4
2021-06-02,03,18
2021-06-02,12,4
2021-06-02,46,2
2021-06-03,03,18
2021-06-03,12,7
2021-06-03,46,8
2021-06-04,03,22
2021-06-04,12,1
2021-06-05,12,1
2021-06-07,03,27
2021-06-07,12,5
2021-06-07,46,2
2021-06-08,03,17
2021-06-08,12,7
2021-06-08,46,8
2021-06-09,03,19
2021-06-09,12,5
2021-06-09,46,7
2021-06-10,03,31
2021-06-10,12,2
2021-06-10,46,9
2021-06-11,03,9
2021-06-11,46,10
2021-06-12,03,1
2021-06-12,46,9
2021-06-13,46,9
2021-06-14,03,34
2021-06-14,12,1
2021-06-14,46,16
2021-06-15,03,7
2021-06-15,12,3
2021-06-15,46,13
2021-06-16,03,11
2021-06-16,12,1
2021-06-16,46,4
2021-06-17,03,17
2021-06-17,12,2
2021-06-17,46,6
2021-06-18,03,19
2021-06-18,12,8
2021-06-20,46,2
2021-06-21,03,23
2021-06-21,12,3
2021-06-21,46,4
2021-06-22,03,8
2021-06-22,12,3
2021-06-22,46,4
2021-06-23,03,26
2021-06-23,12,4
2021-06-24,03,7
2021-06-24,46,1
2021-06-25,03,9
2021-06-25,12,5
2021-06-25,46,5
2021-06-26,03,4
2021-06-27,03,6
2021-06-28,03,4
2021-06-28,12,3
2021-06-28,46,13
2021-06-29,03,29
2021-06-29,46,2
2021-06-30,03,20
2021-07-01,03,13
2021-07-01,12,6
2021-07-01,46,2
2021-07-02,03,19
2021-07-02,12,2
2021-07-02,46,4
2021-07-04,03,1
2021-07-05,03,29
2021-07-05,12,2
2021-07-05,46,6
2021-07-06,03,17
2021-07-06,12,7
2021-07-07,03,19
2021-07-07,12,1
2021-07-07,46,5
2021-07-08,03,15
2021-07-08,12,4
2021-07-08,46,3
2021-07-09,03,9
2021-07-09,12,3
2021-07-10,03,1
2021-07-10,46,1
2021-07-12,03,8
2021-07-12,12,1
2021-07-13,03,20
2021-07-13,12,1
2021-07-13,46,1
2021-07-14,03,17
2021-07-14,46,3
2021-07-15,03,1
2021-07-15,12,6
2021-07-15,46,1
2021-07-16,03,5
2021-07-16,12,3
2021-07-19,03,2
2021-07-19,12,2
2021-07-19,46,1
2021-07-20,03,2
2021-07-20,12,2
2021-07-20,46,3
2021-07-21,03,1
2021-07-21,12,4
2021-07-21,46,15
2021-07-22,03,1
2021-07-22,46,27
2021-07-23,12,1
2021-07-23,46,8
2021-07-26,03,3
2021-07-26,12,3
2021-07-27,12,1
2021-07-27,46,1
2021-07-28,03,3
2021-07-28,12,1
2021-07-28,46,8
2021-07-29,46,12
2021-07-30,03,4
2021-07-30,12,7
2021-07-30,46,3
2021-07-31,03,1
2021-08-02,03,6
2021-08-02,12,4
2021-08-02,46,1
2021-08-03,03,2
2021-08-03,12,3
2021-08-03,46,1
2021-08-04,03,28
2021-08-04,12,5
2021-08-04,46,2
2021-08-05,03,26
2021-08-05,12,3
2021-08-05,46,2
2021-08-06,03,23
2021-08-06,12,9
2021-08-06,46,4
2021-08-09,03,28
2021-08-09,12,1
2021-08-09,46,1
2021-08-10,03,16
2021-08-10,12,2
2021-08-10,46,2
2021-08-11,03,1
2021-08-11,12,2
2021-08-12,03,4
2021-08-12,12,2
2021-08-13,03,16
2021-08-13,12,2
2021-08-14,46,1
2021-08-16,03,1
2021-08-16,12,1
2021-08-16,46,22
2021-08-17,03,13
2021-08-17,46,4
2021-08-18,03,2
2021-08-18,12,2
2021-08-18,46,1
2021-08-19,03,13
2021-08-19,12,4
2021-08-19,46,3
2021-08-20,03,5
2021-08-20,12,2
2021-08-23,03,3
2021-08-23,12,1
2021-08-23,46,1
2021-08-24,03,16
2021-08-24,46,2
2021-08-25,03,8
2021-08-25,46,2
2021-08-26,03,6
2021-08-26,12,2
2021-08-26,46,1
2021-08-27,03,11
2021-08-27,12,4
2021-08-27,46,3
2021-08-30,03,6
2021-08-30,46,4
2021-08-31,03,9
2021-08-31,46,2
2021-09-01,03,5
2021-09-01,12,1
2021-09-02,03,4
2021-09-02,12,1
2021-09-02,46,2
2021-09-03,03,25
2021-09-03,46,2
2021-09-04,46,2
2021-09-06,03,5
2021-09-06,12,1
2021-09-07,03,5
2021-09-07,12,3
2021-09-07,46,4
2021-09-08,03,10
2021-09-08,12,4
2021-09-08,46,1
2021-09-09,03,5
2021-09-09,12,1
2021-09-09,46,1
2021-09-10,03,7
2021-09-10,12,1
2021-09-13,03,4
2021-09-13,12,2
2021-09-13,46,1
2021-09-14,03,3
2021-09-14,12,13
2021-09-14,46,1
2021-09-15,03,2
2021-09-15,12,3
2021-09-15,46,7
2021-09-16,03,10
2021-09-16,46,2
2021-09-17,46,1
2021-09-19,03,10
2021-09-19,46,1
2021-09-20,03,8
2021-09-21,03,12
2021-09-21,12,3
2021-09-21,46,5
2021-09-22,03,2
2021-09-22,46,2
2021-09-23,03,9
2021-09-23,12,3
2021-09-24,03,8
2021-09-24,12,1
2021-09-24,46,5
2021-09-27,03,14
2021-09-27,12,2
2021-09-27,46,2
2021-09-28,03,3
2021-09-28,12,2
2021-09-28,46,1
2021-09-29,03,4
2021-09-29,12,1
2021-09-29,46,1
2021-09-30,03,3
2021-09-30,12,1
2021-09-30,46,5
2021-10-01,03,11
2021-10-01,12,2
2021-10-04,03,6
2021-10-04,46,5
2021-10-05,03,17
2021-10-05,12,1
2021-10-05,46,1
2021-10-06,03,4
2021-10-06,12,1
2021-10-06,46,6
2021-10-07,46,3
2021-10-08,03,3
2021-10-08,12,3
2021-10-08,46,3
2021-10-11,03,1
2021-10-12,03,1
2021-10-13,03,6
2021-10-13,12,4
2021-10-13,46,6
2021-10-14,03,4
2021-10-14,12,4
2021-10-14,46,2
2021-10-15,03,3
2021-10-15,46,1
2021-10-18,03,5
2021-10-18,46,4
2021-10-19,03,13
2021-10-19,12,2
2021-10-20,03,7
2021-10-21,03,7
2021-10-21,12,5
2021-10-21,46,4
2021-10-22,03,17
2021-10-22,12,2
2021-10-24,03,1
2021-10-25,12,11
2021-10-25,46,2
2021-10-26,03,8
2021-10-26,12,4
2021-10-26,46,1
2021-10-27,03,9
2021-10-27,12,1
2021-10-27,46,1
2021-10-28,03,15
2021-10-28,12,3
2021-10-29,03,1
2021-10-29,46,1
2021-11-02,03,8
2021-11-02,12,4
2021-11-02,46,5
2021-11-03,03,12
2021-11-04,03,7
2021-11-04,12,1
2021-11-05,03,6
2021-11-05,12,2
2021-11-06,03,1
2021-11-07,03,2
2021-11-08,03,5
2021-11-08,12,1
2021-11-08,46,6
2021-11-09,12,1
2021-11-09,46,7
2021-11-10,03,10
2021-11-10,12,4
2021-11-11,03,11
2021-11-11,12,1
2021-11-11,46,4
2021-11-12,03,6
2021-11-12,12,1
2021-11-12,46,3
2021-11-13,46,1
2021-11-14,46,1
2021-11-15,03,17
2021-11-15,12,2
2021-11-15,46,2
2021-11-16,03,3
2021-11-16,12,2
2021-11-17,03,3
2021-11-17,12,1
2021-11-17,46,2
2021-11-18,03,11
2021-11-18,12,1
2021-11-19,03,11
2021-11-19,12,1
2021-11-19,46,1
2021-11-22,03,20
2021-11-22,12,4
2021-11-22,46,1
2021-11-23,03,5
2021-11-23,12,2
2021-11-24,03,8
2021-11-24,12,2
2021-11-25,03,8
2021-11-26,03,17
2021-11-26,12,4
2021-11-26,46,1
2021-11-29,03,5
2021-11-29,12,2
2021-11-30,03,5
2021-11-30,12,2
2021-12-01,03,16
2021-12-01,12,5
2021-12-01,46,1
2021-12-02,03,6
2021-12-02,46,2
2021-12-03,03,7
2021-12-03,12,1
2021-12-03,46,6
2021-12-04,03,1
2021-12-06,03,1
2021-12-07,03,4
2021-12-07,46,2
2021-12-08,03,1
2021-12-09,03,6
2021-12-10,03,3
2021-12-12,03,2
2021-12-13,03,10
2021-12-13,12,1
2021-12-14,03,13
2021-12-14,12,2
2021-12-14,46,3
2021-12-15,03,11
2021-12-15,12,1
2021-12-16,03,7
2021-12-16,12,2
2021-12-16,46,1
2021-12-17,03,4
2021-12-17,12,2
2021-12-17,46,1
2021-12-20,03,16
2021-12-20,12,4
2021-12-20,46,1
2021-12-21,03,9
2021-12-22,03,1
2021-12-22,46,2
2021-12-23,12,3
2021-12-24,12,2
2021-12-27,03,11
2021-12-27,12,1
2021-12-28,03,1
2021-12-29,03,3
2021-12-29,46,1
2021-12-30,03,1
2021-12-30,12,1
2021-12-30,46,1
2022-01-03,03,15
2022-01-03,46,3
2022-01-04,03,4
2022-01-04,12,2
2022-01-05,03,4
2022-01-05,12,1
2022-01-07,03,3
2022-01-07,46,1
2022-01-10,03,14
2022-01-10,12,1
2022-01-11,03,10
2022-01-11,46,2
2022-01-12,03,8
2022-01-12,12,2
2022-01-12,46,3
2022-01-13,03,11
2022-01-13,46,1
2022-01-14,03,15
2022-01-14,12,1
2022-01-14,46,4
2022-01-17,03,20
2022-01-17,12,3
2022-01-18,03,17
2022-01-18,12,1
2022-01-18,46,3
2022-01-19,03,19
2022-01-19,12,1
2022-01-19,46,1
2022-01-20,03,10
2022-01-20,46,12
2022-01-21,03,9
2022-01-21,12,1
2022-01-21,46,3
2022-01-22,03,1
2022-01-22,46,4
2022-01-24,03,14
2022-01-24,12,1
2022-01-24,46,3
2022-01-25,03,17
2022-01-25,12,1
2022-01-26,03,10
2022-01-26,12,2
2022-01-27,03,3
2022-01-27,12,2
2022-01-27,46,1
2022-01-28,03,15
2022-01-28,12,4
2022-01-28,46,4
2022-01-31,03,5
2022-01-31,46,1
2022-02-01,03,7
2022-02-01,12,2
2022-02-01,46,1
2022-02-02,03,20
2022-02-02,12,2
2022-02-02,46,4
2022-02-03,03,19
2022-02-03,12,4
2022-02-04,03,15
2022-02-04,12,2
2022-02-04,46,2
2022-02-05,03,1
2022-02-07,03,10
2022-02-07,12,1
2022-02-08,03,13
2022-02-08,12,1
2022-02-08,46,2
2022-02-09,03,23
2022-02-09,12,2
2022-02-10,03,14
2022-02-10,46,3
2022-02-11,03,13
2022-02-11,46,2
2022-02-12,46,2
2022-02-14,03,10
2022-02-15,03,19
2022-02-15,12,1
2022-02-16,03,22
2022-02-16,12,2
2022-02-16,46,1
2022-02-17,03,8
2022-02-17,12,4
2022-02-17,46,5
2022-02-18,03,41
2022-02-18,12,1
2022-02-18,46,3
2022-02-21,03,11
2022-02-21,12,4
2022-02-21,46,2
2022-02-22,03,12
2022-02-22,12,2
2022-02-23,03,26
2022-02-23,12,1
2022-02-23,46,2
2022-02-24,03,17
2022-02-24,12,2
2022-02-24,46,1
2022-02-25,03,6
2022-02-25,12,1
2022-02-25,46,7
2022-02-26,12,1
2022-02-28,03,21
2022-02-28,12,3
2022-03-01,03,6
2022-03-01,12,3
2022-03-02,03,24
2022-03-02,12,3
2022-03-02,46,6
2022-03-03,03,11
2022-03-03,12,2
2022-03-03,46,8
2022-03-04,03,20
2022-03-04,12,3
2022-03-04,46,3
2022-03-05,46,1
2022-03-06,03,1
2022-03-07,03,21
2022-03-07,46,8
2022-03-08,03,13
2022-03-08,12,5
2022-03-09,03,43
2022-03-09,12,5
2022-03-10,03,10
2022-03-10,12,6
2022-03-10,46,5
2022-03-11,03,16
2022-03-11,12,11
2022-03-11,46,1
2022-03-14,03,22
2022-03-14,12,32
2022-03-14,46,6
2022-03-15,03,14
2022-03-15,12,7
2022-03-15,46,3
2022-03-16,03,13
2022-03-16,12,5
2022-03-17,03,17
2022-03-17,12,5
2022-03-18,03,58
2022-03-18,12,1
2022-03-21,03,34
2022-03-21,12,5
2022-03-21,46,1
2022-03-22,03,13
2022-03-22,46,2
2022-03-23,03,26
2022-03-23,12,1
2022-03-23,46,6
2022-03-24,03,14
2022-03-24,12,7
2022-03-24,46,3
2022-03-25,03,33
2022-03-25,12,6
2022-03-25,46,3
2022-03-26,46,3
2022-03-28,03,18
2022-03-28,12,1
2022-03-28,46,5
2022-03-29,03,4
2022-03-29,12,8
2022-03-29,46,8
2022-03-30,03,32
2022-03-30,12,2
2022-03-30,46,4
2022-03-31,03,15
2022-03-31,12,5
2022-04-01,03,31
2022-04-01,12,2
2022-04-01,46,1
2022-04-04,03,15
2022-04-04,12,5
2022-04-04,46,5
2022-04-05,03,11
2022-04-05,12,6
2022-04-05,46,5
2022-04-06,03,37
2022-04-06,46,9
2022-04-07,03,11
2022-04-07,12,7
2022-04-07,46,5
2022-04-08,03,28
2022-04-08,12,3
2022-04-08,46,9
2022-04-11,03,16
2022-04-11,12,6
2022-04-11,46,4
2022-04-12,03,5
2022-04-12,12,3
2022-04-12,46,4
2022-04-13,03,22
2022-04-13,12,6
2022-04-13,46,6
2022-04-14,12,6
2022-04-15,46,1
2022-04-17,03,1
2022-04-17,46,3
2022-04-19,03,16
2022-04-19,12,4
2022-04-19,46,4
2022-04-20,03,15
2022-04-20,12,1
2022-04-20,46,1
2022-04-21,03,18
2022-04-21,12,1
2022-04-21,46,5
2022-04-22,03,12
2022-04-22,12,3
2022-04-22,46,1
2022-04-23,46,4
2022-04-24,03,1
2022-04-25,03,20
2022-04-25,12,5
2022-04-26,03,15
2022-04-26,12,2
2022-04-26,46,13
2022-04-27,03,24
2022-04-27,12,2
2022-04-27,46,1
2022-04-28,03,2
2022-04-28,12,3
2022-04-28,46,4
2022-04-29,03,25
2022-04-29,12,3
2022-04-29,46,2
2022-04-30,03,1
2022-05-02,03,22
2022-05-02,12,4
2022-05-02,46,6
2022-05-03,03,42
2022-05-03,12,2
2022-05-03,46,3
2022-05-04,03,47
2022-05-04,12,4
2022-05-04,46,4
2022-05-05,03,11
2022-05-05,12,6
2022-05-05,46,3
2022-05-06,03,32
2022-05-06,46,1
2022-05-07,03,5
2022-05-07,46,1
2022-05-09,03,7
2022-05-09,12,3
2022-05-10,03,17
2022-05-10,12,8
2022-05-10,46,10
2022-05-11,03,29
2022-05-11,12,7
2022-05-11,46,2
2022-05-12,03,22
2022-05-12,12,7
2022-05-12,46,5
2022-05-13,03,33
2022-05-13,12,14
2022-05-13,46,2
2022-05-14,03,2
2022-05-14,12,1
2022-05-14,46,6
2022-05-16,03,12
2022-05-16,12,2
2022-05-16,46,1
2022-05-17,03,25
2022-05-17,12,9
2022-05-17,46,22
2022-05-18,03,46
2022-05-18,12,3
2022-05-18,46,9
2022-05-19,03,30
2022-05-19,12,5
2022-05-19,46,2
2022-05-20,03,39
2022-05-20,12,9
2022-05-20,46,1
2022-05-21,46,1
2022-05-23,03,41
2022-05-23,12,5
2022-05-23,46,4
2022-05-24,03,7
2022-05-24,12,5
2022-05-24,46,12
2022-05-25,03,33
2022-05-25,12,7
2022-05-25,46,7
2022-05-26,03,29
2022-05-26,12,2
2022-05-26,46,7
2022-05-27,03,29
2022-05-27,12,9
2022-05-27,46,1
2022-05-28,03,1
2022-05-30,03,33
2022-05-30,12,15
2022-05-30,46,2
2022-05-31,03,25
2022-05-31,12,6
2022-05-31,46,7
2022-06-01,03,29
2022-06-01,12,6
2022-06-01,46,10
2022-06-02,03,46
2022-06-02,12,30
2022-06-02,46,8
2022-06-03,03,45
2022-06-03,12,8
2022-06-03,46,12
2022-06-04,03,1
2022-06-04,46,1
2022-06-05,03,1
2022-06-06,03,38
2022-06-06,12,4
2022-06-06,46,7
2022-06-07,03,30
2022-06-07,12,10
2022-06-07,46,1
2022-06-08,03,27
2022-06-08,12,5
2022-06-08,46,12
2022-06-09,03,16
2022-06-09,12,2
2022-06-09,46,12
2022-06-10,03,31
2022-06-10,12,5
2022-06-10,46,1
2022-06-11,46,2
2022-06-13,03,35
2022-06-13,12,4
2022-06-13,46,1
2022-06-14,03,13
2022-06-14,12,5
2022-06-14,46,4
2022-06-15,03,45
2022-06-15,12,7
2022-06-15,46,3
2022-06-16,03,11
2022-06-16,12,5
2022-06-16,46,8
2022-06-17,03,41
2022-06-17,12,4
2022-06-17,46,8
2022-06-18,03,2
2022-06-18,46,2
2022-06-20,03,24
2022-06-20,12,3
2022-06-20,46,11
2022-06-21,03,21
2022-06-21,12,3
2022-06-21,46,14
2022-06-22,03,4
2022-06-22,12,3
2022-06-22,46,4
2022-06-23,03,3
2022-06-23,12,5
2022-06-23,46,9
2022-06-24,03,1
2022-06-25,03,1
2022-06-25,46,2
2022-06-26,03,2
2022-06-27,03,39
2022-06-27,12,3
2022-06-27,46,10
2022-06-28,03,12
2022-06-28,12,6
2022-06-28,46,4
2022-06-29,03,26
2022-06-29,46,4
2022-06-30,03,2
2022-06-30,12,4
2022-06-30,46,2
2022-07-01,03,31
2022-07-01,12,1
2022-07-01,46,3
2022-07-02,03,1
2022-07-02,12,1
2022-07-02,46,1
2022-07-04,03,26
2022-07-04,12,4
2022-07-04,46,2
2022-07-05,03,24
2022-07-05,12,5
2022-07-05,46,3
2022-07-06,03,45
2022-07-06,12,5
2022-07-06,46,3
2022-07-07,03,23
2022-07-07,12,4
2022-07-07,46,11
2022-07-08,03,6
2022-07-08,12,4
2022-07-08,46,1
2022-07-09,03,5
2022-07-09,12,1
2022-07-09,46,3
2022-07-10,46,3
2022-07-11,03,18
2022-07-11,12,6
2022-07-11,46,8
2022-07-12,03,8
2022-07-12,12,4
2022-07-12,46,2
2022-07-13,03,31
2022-07-13,12,4
2022-07-14,03,17
2022-07-14,12,4
2022-07-15,03,31
2022-07-15,12,5
2022-07-15,46,6
2022-07-16,03,1
2022-07-18,03,24
2022-07-18,12,7
2022-07-18,46,9
2022-07-19,03,9
2022-07-19,12,1
2022-07-19,46,1
2022-07-20,03,29
2022-07-20,46,8
2022-07-21,03,15
2022-07-21,46,4
2022-07-22,03,11
2022-07-22,12,6
2022-07-22,46,2
2022-07-23,46,1
2022-07-25,03,37
2022-07-25,12,3
2022-07-25,46,7
2022-07-26,03,19
2022-07-26,12,4
2022-07-26,46,3
2022-07-27,03,38
2022-07-27,12,3
2022-07-27,46,8
2022-07-28,03,18
2022-07-28,12,3
2022-07-29,03,14
2022-07-29,12,1
2022-07-29,46,6
2022-07-31,46,3
2022-08-01,03,20
2022-08-01,12,2
2022-08-01,46,1
2022-08-02,03,57
2022-08-02,12,1
2022-08-02,46,14
2022-08-03,03,10
2022-08-03,12,3
2022-08-03,46,2
2022-08-04,03,22
2022-08-04,12,4
2022-08-04,46,3
2022-08-05,03,16
2022-08-05,12,1
2022-08-05,46,6
2022-08-08,03,10
2022-08-08,12,2
2022-08-08,46,5
2022-08-09,03,16
2022-08-09,12,3
2022-08-09,46,3
2022-08-10,03,16
2022-08-10,12,12
2022-08-10,46,3
2022-08-11,03,9
2022-08-11,12,7
2022-08-11,46,7
2022-08-12,03,3
2022-08-12,12,4
2022-08-12,46,2
2022-08-15,46,1
2022-08-16,03,14
2022-08-16,12,2
2022-08-16,46,4
2022-08-17,03,8
2022-08-17,46,1
2022-08-18,03,17
2022-08-18,12,2
2022-08-18,46,1
2022-08-19,03,15
2022-08-19,12,2
2022-08-19,46,7
2022-08-20,03,2
2022-08-20,46,1
2022-08-22,03,28
2022-08-22,12,3
2022-08-22,46,1
2022-08-23,03,9
2022-08-23,12,1
2022-08-23,46,5
2022-08-24,03,10
2022-08-24,46,4
2022-08-25,03,19
2022-08-25,12,1
2022-08-25,46,2
2022-08-26,03,7
2022-08-26,12,2
2022-08-26,46,2
2022-08-27,46,2
2022-08-28,03,1
2022-08-29,03,27
2022-08-29,46,1
2022-08-30,03,5
2022-08-30,12,6
2022-08-31,03,29
2022-08-31,12,2
2022-08-31,46,2
2022-09-01,03,3
2022-09-01,12,3
2022-09-01,46,1
2022-09-02,03,14
2022-09-02,12,3
2022-09-02,46,5
2022-09-03,03,2
2022-09-05,03,11
2022-09-05,46,2
2022-09-06,03,8
2022-09-06,46,9
2022-09-07,03,21
2022-09-07,12,2
2022-09-07,46,1
2022-09-08,03,9
2022-09-08,12,3
2022-09-08,46,2
2022-09-09,03,12
2022-09-09,12,2
2022-09-12,03,29
2022-09-12,12,2
2022-09-12,46,1
2022-09-13,03,14
2022-09-13,12,1
2022-09-13,46,4
2022-09-14,03,22
2022-09-14,12,1
2022-09-15,03,23
2022-09-15,12,3
2022-09-15,46,1
2022-09-16,03,28
2022-09-16,12,4
2022-09-16,46,2
2022-09-18,03,1
2022-09-19,03,11
2022-09-19,12,2
2022-09-19,46,9
2022-09-20,03,30
2022-09-20,12,1
2022-09-20,46,3
2022-09-21,03,30
2022-09-21,12,1
2022-09-21,46,5
2022-09-22,03,27
2022-09-22,12,4
2022-09-22,46,1
2022-09-23,03,20
2022-09-25,03,1
2022-09-26,03,29
2022-09-26,46,3
2022-09-27,03,11
2022-09-27,12,3
2022-09-27,46,7
2022-09-28,03,36
2022-09-28,12,5
2022-09-28,46,2
2022-09-29,03,6
2022-09-29,12,1
2022-09-29,46,5
2022-09-30,03,21
2022-09-30,12,1
2022-09-30,46,3
2022-10-01,03,2
2022-10-03,03,22
2022-10-03,12,5
2022-10-04,03,25
2022-10-04,12,2
2022-10-05,03,14
2022-10-05,46,1
2022-10-06,03,14
2022-10-06,12,2
2022-10-06,46,5
2022-10-07,03,45
2022-10-07,12,1
2022-10-10,03,17
2022-10-10,12,6
2022-10-10,46,2
2022-10-11,03,22
2022-10-12,03,1
2022-10-13,03,24
2022-10-13,12,1
2022-10-13,46,4
2022-10-14,03,28
2022-10-17,03,44
2022-10-17,12,1
2022-10-17,46,1
2022-10-18,03,25
2022-10-18,46,4
2022-10-19,03,25
2022-10-19,46,1
2022-10-20,03,9
2022-10-20,12,2
2022-10-20,46,3
2022-10-21,03,40
2022-10-21,12,2
2022-10-22,03,1
2022-10-23,03,1
2022-10-24,03,29
2022-10-24,12,5
2022-10-24,46,8
2022-10-25,03,40
2022-10-26,03,31
2022-10-26,12,2
2022-10-26,46,8
2022-10-27,03,29
2022-10-27,12,1
2022-10-27,46,7
2022-10-28,03,34
2022-10-28,12,5
2022-10-28,46,3
2022-10-30,03,1
2022-10-31,03,13
2022-10-31,12,1
2022-10-31,46,1
2022-11-02,03,20
2022-11-02,12,4
2022-11-02,46,5
2022-11-03,03,23
2022-11-03,12,1
2022-11-03,46,1
2022-11-04,03,29
2022-11-04,12,3
2022-11-04,46,1
2022-11-05,03,2
2022-11-06,03,4
2022-11-07,03,21
2022-11-07,12,5
2022-11-07,46,3
2022-11-08,03,27
2022-11-08,12,1
2022-11-08,46,7
2022-11-09,03,39
2022-11-09,12,3
2022-11-09,46,2
2022-11-10,03,26
2022-11-10,12,5
2022-11-11,03,9
2022-11-11,12,3
2022-11-11,46,13
2022-11-12,03,1
2022-11-13,03,1
2022-11-14,03,34
2022-11-15,03,38
2022-11-15,12,3
2022-11-15,46,6
2022-11-16,03,30
2022-11-16,12,2
2022-11-16,46,4
2022-11-17,03,33
2022-11-17,12,5
2022-11-17,46,6
2022-11-18,03,25
2022-11-18,12,2
2022-11-18,46,1
2022-11-19,03,4
2022-11-20,03,9
2022-11-21,03,23
2022-11-21,46,4
2022-11-22,03,21
2022-11-22,12,6
2022-11-22,46,4
2022-11-23,03,33
2022-11-23,12,2
2022-11-23,46,4
2022-11-24,03,27
2022-11-24,12,2
2022-11-24,46,1
2022-11-25,03,31
2022-11-25,12,1
2022-11-25,46,3
2022-11-27,03,1
2022-11-28,03,32
2022-11-28,12,3
2022-11-28,46,3
2022-11-29,03,27
2022-11-29,12,6
2022-11-29,46,5
2022-11-30,03,23
2022-11-30,12,1
2022-11-30,46,5
2022-12-01,03,13
2022-12-01,12,3
2022-12-01,46,2
2022-12-02,03,25
2022-12-02,12,5
2022-12-02,46,2
2022-12-03,03,2
2022-12-04,03,7
2022-12-05,03,27
2022-12-05,12,4
2022-12-05,46,1
2022-12-07,03,21
2022-12-07,12,1
2022-12-07,46,3
2022-12-08,03,4
2022-12-09,03,22
2022-12-09,12,5
2022-12-09,46,1
2022-12-10,03,2
2022-12-11,03,2
2022-12-12,03,23
2022-12-12,12,1
2022-12-12,46,4
2022-12-13,03,30
2022-12-13,12,3
2022-12-14,03,26
2022-12-14,12,4
2022-12-14,46,1
2022-12-15,03,40
2022-12-15,12,4
2022-12-15,46,3
2022-12-16,03,24
2022-12-17,03,1
2022-12-19,03,24
2022-12-19,12,3
2022-12-20,03,16
2022-12-20,12,3
2022-12-20,46,2
2022-12-21,03,28
2022-12-21,12,3
2022-12-21,46,1
2022-12-22,03,23
2022-12-22,12,2
2022-12-23,03,20
2022-12-23,46,7
2022-12-26,03,5
2022-12-26,12,3
2022-12-26,46,1
2022-12-27,03,24
2022-12-27,12,1
2022-12-27,46,2
2022-12-28,03,6
2022-12-29,03,13
2022-12-29,12,2
2022-12-29,46,1
2022-12-30,03,6
2022-12-30,46,5
2023-01-01,03,2
2023-01-02,03,19
2023-01-02,12,2
2023-01-03,03,11
2023-01-03,12,2
2023-01-03,46,1
2023-01-04,03,17
2023-01-04,12,1
2023-01-05,03,2
2023-01-05,12,2
2023-01-06,03,1
2023-01-07,03,1
2023-01-08,03,1
2023-01-09,03,22
2023-01-09,46,9
2023-01-10,03,25
2023-01-10,12,6
2023-01-10,46,3
2023-01-11,03,17
2023-01-11,12,9
2023-01-11,46,5
2023-01-12,03,8
2023-01-12,12,4
2023-01-13,03,25
2023-01-13,12,3
2023-01-13,46,1
2023-01-14,03,1
2023-01-15,03,5
2023-01-15,12,1
2023-01-16,03,23
2023-01-16,12,3
2023-01-16,46,9
2023-01-17,03,20
2023-01-17,12,2
2023-01-17,46,4
2023-01-18,03,59
2023-01-18,12,5
2023-01-18,46,3
2023-01-19,03,16
2023-01-19,12,4
2023-01-19,46,7
2023-01-20,03,4
2023-01-20,12,3
2023-01-20,46,4
2023-01-21,03,1
2023-01-22,03,2
2023-01-23,03,63
2023-01-23,12,4
2023-01-23,46,2
2023-01-24,03,34
2023-01-24,12,7
2023-01-24,46,6
2023-01-25,03,12
2023-01-25,12,1
2023-01-25,46,12
2023-01-26,03,16
2023-01-26,12,1
2023-01-26,46,5
2023-01-27,03,48
2023-01-27,12,3
2023-01-27,46,1
2023-01-29,03,5
2023-01-30,03,30
2023-01-30,12,4
2023-01-31,03,12
2023-01-31,12,1
2023-01-31,46,1
2023-02-01,03,32
2023-02-01,12,3
2023-02-01,46,2
2023-02-02,03,55
2023-02-02,12,2
2023-02-02,46,6
2023-02-03,03,21
2023-02-03,12,4
2023-02-03,46,1
2023-02-04,03,1
2023-02-04,12,1
2023-02-05,03,2
2023-02-06,03,54
2023-02-06,12,5
2023-02-06,46,2
2023-02-07,03,28
2023-02-07,12,7
2023-02-07,46,7
2023-02-08,03,37
2023-02-08,12,4
2023-02-08,46,4
2023-02-09,03,42
2023-02-09,12,7
2023-02-10,03,47
2023-02-10,12,6
2023-02-10,46,6
2023-02-11,03,1
2023-02-12,03,2
2023-02-13,03,18
2023-02-13,12,6
2023-02-14,03,43
2023-02-14,46,5
2023-02-15,03,11
2023-02-15,12,2
2023-02-15,46,1
2023-02-16,03,43
2023-02-16,12,5
2023-02-16,46,4
2023-02-17,03,23
2023-02-17,12,5
2023-02-17,46,1
2023-02-19,03,1
2023-02-20,03,36
2023-02-20,12,4
2023-02-20,46,1
2023-02-21,03,37
2023-02-21,12,5
2023-02-21,46,1
2023-02-22,03,24
2023-02-22,12,2
2023-02-22,46,4
2023-02-23,03,42
2023-02-23,12,7
2023-02-23,46,6
2023-02-24,03,8
2023-02-24,12,10
2023-02-24,46,6
2023-02-25,03,1
2023-02-25,12,1
2023-02-26,03,1
2023-02-26,46,1
2023-02-27,03,30
2023-02-27,12,1
2023-02-27,46,8
2023-02-28,03,30
2023-02-28,12,7
2023-02-28,46,15
2023-03-01,03,28
2023-03-01,12,9
2023-03-01,46,10
2023-03-02,03,13
2023-03-02,12,6
2023-03-02,46,9
2023-03-03,03,80
2023-03-03,12,8
2023-03-03,46,6
2023-03-04,03,5
2023-03-04,46,1
2023-03-05,03,2
2023-03-06,03,45
2023-03-06,12,9
2023-03-06,46,4
2023-03-07,03,54
2023-03-07,12,4
2023-03-07,46,13
2023-03-08,03,17
2023-03-08,12,14
2023-03-08,46,6
2023-03-09,03,27
2023-03-09,12,6
2023-03-09,46,11
2023-03-10,03,86
2023-03-10,12,4
2023-03-10,46,12
2023-03-11,03,3
2023-03-12,03,5
2023-03-13,03,57
2023-03-13,46,4
2023-03-14,03,43
2023-03-14,46,15
2023-03-15,03,77
2023-03-15,12,2
2023-03-15,46,9
2023-03-16,03,32
2023-03-16,12,11
2023-03-16,46,3
2023-03-17,03,44
2023-03-17,12,8
2023-03-17,46,1
2023-03-19,03,5
2023-03-19,12,1
2023-03-20,03,74
2023-03-20,12,3
2023-03-20,46,6
2023-03-21,03,22
2023-03-21,12,3
2023-03-21,46,20
2023-03-22,03,59
2023-03-22,12,1
2023-03-22,46,7
2023-03-23,03,6
2023-03-23,12,15
2023-03-23,46,5
2023-03-24,03,77
2023-03-24,12,7
2023-03-24,46,8
2023-03-25,03,1
2023-03-26,03,1
2023-03-27,03,53
2023-03-27,12,2
2023-03-27,46,3
2023-03-28,03,25
2023-03-28,12,4
2023-03-28,46,7
2023-03-29,03,58
2023-03-29,12,3
2023-03-29,46,11
2023-03-30,03,35
2023-03-30,12,4
2023-03-30,46,6
2023-03-31,03,54
2023-03-31,12,3
2023-03-31,46,5
2023-04-01,03,1
2023-04-02,03,2
2023-04-03,03,36
2023-04-03,12,5
2023-04-03,46,11
2023-04-04,03,22
2023-04-04,12,3
2023-04-04,46,3
2023-04-05,03,13
2023-04-05,12,6
2023-04-05,46,6
2023-04-06,03,63
2023-04-06,12,10
2023-04-06,46,3
2023-04-07,03,3
2023-04-07,12,1
2023-04-08,12,3
2023-04-10,03,2
2023-04-10,12,1
2023-04-11,03,50
2023-04-11,12,3
2023-04-11,46,4
2023-04-12,03,32
2023-04-12,12,9
2023-04-12,46,6
2023-04-13,03,63
2023-04-13,12,5
2023-04-13,46,11
2023-04-14,03,33
2023-04-14,12,3
2023-04-14,46,2
2023-04-15,46,2
2023-04-16,46,1
2023-04-17,03,51
2023-04-17,12,5
2023-04-17,46,1
2023-04-18,03,9
2023-04-18,12,7
2023-04-18,46,18
2023-04-19,03,54
2023-04-19,12,8
2023-04-19,46,10
2023-04-20,03,6
2023-04-20,12,2
2023-04-20,46,2
2023-04-21,03,8
2023-04-21,46,3
2023-04-22,03,1
2023-04-23,03,1
2023-04-23,46,1
2023-04-24,03,9
2023-04-25,03,10
2023-04-25,12,14
2023-04-25,46,17
2023-04-26,03,15
2023-04-26,12,3
2023-04-26,46,10
2023-04-27,03,125
2023-04-27,12,5
2023-04-27,46,10
2023-04-28,03,13
2023-04-28,12,8
2023-04-28,46,14
2023-04-29,46,1
2023-04-30,03,13
2023-04-30,46,2
2023-05-01,03,2
2023-05-01,46,1
2023-05-02,03,71
2023-05-02,12,8
2023-05-02,46,14
2023-05-03,03,15
2023-05-03,12,7
2023-05-03,46,8
2023-05-04,03,36
2023-05-04,12,9
2023-05-04,46,16
2023-05-05,03,12
2023-05-05,12,11
2023-05-05,46,9
2023-05-06,03,1
2023-05-08,03,85
2023-05-08,12,7
2023-05-08,46,21
2023-05-09,03,22
2023-05-09,12,8
2023-05-09,46,6
2023-05-10,03,74
2023-05-10,12,5
2023-05-10,46,9
2023-05-11,03,38
2023-05-11,12,3
2023-05-11,46,9
2023-05-12,03,81
2023-05-12,12,11
2023-05-12,46,6
2023-05-13,03,5
2023-05-14,03,2
2023-05-15,03,62
2023-05-15,12,6
2023-05-15,46,6
2023-05-16,03,54
2023-05-16,12,8
2023-05-16,46,11
2023-05-17,03,54
2023-05-17,12,4
2023-05-17,46,7
2023-05-18,03,29
2023-05-18,12,7
2023-05-18,46,18
2023-05-19,03,37
2023-05-19,12,6
2023-05-19,46,3
2023-05-20,03,2
2023-05-20,46,1
2023-05-22,03,78
2023-05-22,12,12
2023-05-22,46,14
2023-05-23,03,45
2023-05-23,12,12
2023-05-23,46,10
2023-05-24,03,54
2023-05-24,12,3
2023-05-24,46,11
2023-05-25,03,28
2023-05-25,12,7
2023-05-25,46,10
2023-05-26,03,34
2023-05-26,12,6
2023-05-26,46,9
2023-05-27,03,2
2023-05-27,46,2
2023-05-29,03,39
2023-05-29,12,8
2023-05-29,46,8
2023-05-30,03,50
2023-05-30,12,10
2023-05-30,46,16
2023-05-31,03,49
2023-05-31,12,5
2023-05-31,46,16
2023-06-01,03,31
2023-06-01,12,7
2023-06-01,46,6
2023-06-02,03,24
2023-06-02,12,6
2023-06-02,46,7
2023-06-03,12,1
2023-06-03,46,1
2023-06-04,03,2
2023-06-04,46,2
2023-06-05,03,9
2023-06-05,12,4
2023-06-05,46,9
2023-06-06,03,76
2023-06-06,12,5
2023-06-06,46,27
2023-06-07,03,18
2023-06-07,12,15
2023-06-07,46,8
2023-06-08,03,88
2023-06-08,12,14
2023-06-08,46,10
2023-06-09,03,24
2023-06-09,12,3
2023-06-09,46,6
2023-06-10,03,1
2023-06-10,46,2
2023-06-11,46,1
2023-06-12,03,39
2023-06-12,12,2
2023-06-12,46,16
2023-06-13,03,95
2023-06-13,12,3
2023-06-13,46,9
2023-06-14,03,7
2023-06-14,12,2
2023-06-14,46,9
2023-06-15,03,77
2023-06-15,12,9
2023-06-15,46,5
2023-06-16,03,37
2023-06-16,12,3
2023-06-16,46,4
2023-06-17,46,1
2023-06-18,03,2
2023-06-18,46,1
2023-06-19,03,42
2023-06-19,12,7
2023-06-19,46,14
2023-06-20,03,42
2023-06-20,12,7
2023-06-20,46,10
2023-06-21,03,20
2023-06-21,12,6
2023-06-21,46,16
2023-06-22,03,5
2023-06-22,12,7
2023-06-22,46,13
2023-06-23,03,12
2023-06-23,12,25
2023-06-23,46,6
2023-06-24,03,1
2023-06-24,12,1
2023-06-25,03,2
2023-06-26,03,16
2023-06-26,12,6
2023-06-26,46,11
2023-06-27,03,95
2023-06-27,12,4
2023-06-27,46,11
2023-06-28,03,17
2023-06-28,12,6
2023-06-28,46,3
2023-06-29,03,62
2023-06-29,46,8
2023-06-30,03,18
2023-06-30,12,8
2023-06-30,46,3
2023-07-01,46,1
2023-07-02,03,5
2023-07-03,03,13
2023-07-03,12,1
2023-07-03,46,6
2023-07-04,03,99
2023-07-04,12,9
2023-07-04,46,4
2023-07-05,03,11
2023-07-05,12,6
2023-07-05,46,12
2023-07-06,03,55
2023-07-06,12,5
2023-07-06,46,1
2023-07-07,03,30
2023-07-07,12,4
2023-07-07,46,12
2023-07-08,03,1
2023-07-08,46,3
2023-07-09,03,2
2023-07-10,03,43
2023-07-10,46,5
2023-07-11,03,23
2023-07-11,12,2
2023-07-11,46,4
2023-07-12,03,50
2023-07-12,12,9
2023-07-12,46,36
2023-07-13,03,12
2023-07-13,12,9
2023-07-13,46,7
2023-07-14,03,38
2023-07-14,12,1
2023-07-14,46,6
2023-07-15,03,7
2023-07-16,03,3
2023-07-17,03,36
2023-07-17,12,7
2023-07-17,46,17
2023-07-18,03,16
2023-07-18,12,6
2023-07-18,46,7
2023-07-19,03,51
2023-07-19,12,1
2023-07-19,46,5
2023-07-20,03,14
2023-07-20,12,3
2023-07-20,46,8
2023-07-21,03,57
2023-07-21,12,6
2023-07-21,46,9
2023-07-22,03,3
2023-07-22,46,1
2023-07-23,03,1
2023-07-24,03,40
2023-07-24,12,8
2023-07-24,46,5
2023-07-25,03,18
2023-07-25,12,5
2023-07-25,46,5
2023-07-26,03,60
2023-07-26,12,8
2023-07-26,46,11
2023-07-27,03,12
2023-07-27,46,4
2023-07-28,03,45
2023-07-28,12,1
2023-07-28,46,3
2023-07-30,03,1
2023-07-31,03,50
2023-07-31,12,4
2023-07-31,46,10
2023-08-01,03,16
2023-08-01,12,1
2023-08-01,46,6
2023-08-02,03,42
2023-08-02,12,6
2023-08-02,46,11
2023-08-03,03,18
2023-08-03,12,5
2023-08-03,46,3
2023-08-04,03,24
2023-08-04,12,1
2023-08-04,46,7
2023-08-05,46,1
2023-08-06,03,3
2023-08-07,03,19
2023-08-07,12,8
2023-08-07,46,4
2023-08-08,03,5
2023-08-08,12,1
2023-08-08,46,2
2023-08-09,03,46
2023-08-09,12,5
2023-08-09,46,5
2023-08-10,03,6
2023-08-10,46,6
2023-08-11,03,34
2023-08-11,12,4
2023-08-11,46,13
2023-08-12,12,12
2023-08-13,03,1
2023-08-14,03,6
2023-08-14,12,2
2023-08-14,46,9
2023-08-15,03,1
2023-08-16,03,36
2023-08-16,12,3
2023-08-16,46,1
2023-08-17,03,9
2023-08-17,12,5
2023-08-17,46,6
2023-08-18,03,35
2023-08-18,12,2
2023-08-18,46,2
2023-08-19,03,3
2023-08-20,03,1
2023-08-21,03,31
2023-08-21,12,3
2023-08-22,03,27
2023-08-22,12,2
2023-08-23,03,34
2023-08-23,12,2
2023-08-23,46,1
2023-08-24,03,26
2023-08-24,46,1
2023-08-25,03,6
2023-08-25,12,3
2023-08-25,46,16
2023-08-26,03,1
2023-08-26,46,1
2023-08-27,03,1
2023-08-27,46,1
2023-08-28,03,50
2023-08-28,12,5
2023-08-28,46,5
2023-08-29,03,18
2023-08-29,12,5
2023-08-29,46,2
2023-08-30,03,21
2023-08-30,12,12
2023-08-30,46,3
2023-08-31,03,18
2023-08-31,46,8
2023-09-01,03,28
2023-09-01,12,4
2023-09-01,46,1
2023-09-03,03,3
2023-09-04,03,69
2023-09-04,12,2
2023-09-04,46,5
2023-09-05,03,12
2023-09-05,46,8
2023-09-06,03,24
2023-09-06,12,1
2023-09-06,46,7
2023-09-07,03,25
2023-09-07,12,1
2023-09-07,46,9
2023-09-08,03,14
2023-09-08,12,2
2023-09-08,46,3
2023-09-09,03,11
2023-09-10,03,6
2023-09-11,03,42
2023-09-11,12,3
2023-09-11,46,7
2023-09-12,03,14
2023-09-12,12,2
2023-09-12,46,8
2023-09-13,03,39
2023-09-13,12,7
2023-09-13,46,3
2023-09-14,03,16
2023-09-14,12,4
2023-09-14,46,12
2023-09-15,03,65
2023-09-15,12,4
2023-09-15,46,3
2023-09-16,03,6
2023-09-17,03,1
2023-09-18,03,36
2023-09-18,12,5
2023-09-18,46,4
2023-09-19,03,11
2023-09-19,12,3
2023-09-19,46,9
2023-09-20,03,66
2023-09-20,12,1
2023-09-20,46,4
2023-09-21,03,15
2023-09-21,12,7
2023-09-21,46,9
2023-09-22,03,23
2023-09-22,12,1
2023-09-22,46,1
2023-09-24,03,3
2023-09-24,46,2
2023-09-25,03,50
2023-09-25,12,1
2023-09-25,46,4
2023-09-26,03,14
2023-09-26,46,6
2023-09-27,03,50
2023-09-27,12,2
2023-09-28,03,7
2023-09-28,12,3
2023-09-28,46,2
2023-09-29,03,19
2023-09-29,12,5
2023-09-30,03,6
2023-09-30,46,2
2023-10-01,03,2
2023-10-02,03,71
2023-10-02,12,3
2023-10-02,46,2
2023-10-03,03,10
2023-10-03,12,2
2023-10-03,46,19
2023-10-04,03,63
2023-10-04,12,14
2023-10-04,46,9
2023-10-05,03,59
2023-10-05,12,4
2023-10-05,46,45
2023-10-06,03,30
2023-10-06,12,2
2023-10-06,46,7
2023-10-07,03,1
2023-10-08,03,2
2023-10-09,03,2
2023-10-09,46,1
2023-10-10,03,45
2023-10-10,12,1
2023-10-10,46,16
2023-10-11,03,45
2023-10-11,12,1
2023-10-11,46,4
2023-10-12,03,2
2023-10-13,03,18
2023-10-13,12,1
2023-10-13,46,2
2023-10-14,03,1
2023-10-15,03,1
2023-10-15,12,1
2023-10-15,46,1
2023-10-16,03,33
2023-10-16,12,3
2023-10-16,46,17
2023-10-17,03,12
2023-10-17,12,5
2023-10-17,46,5
2023-10-18,03,62
2023-10-18,12,2
2023-10-18,46,8
2023-10-19,03,9
2023-10-19,12,3
2023-10-19,46,6
2023-10-20,03,39
2023-10-20,12,6
2023-10-20,46,11
2023-10-21,12,1
2023-10-22,46,1
2023-10-23,03,27
2023-10-23,12,6
2023-10-23,46,4
2023-10-24,03,6
2023-10-24,12,4
2023-10-24,46,4
2023-10-25,03,54
2023-10-25,12,10
2023-10-25,46,5
2023-10-26,03,13
2023-10-26,12,6
2023-10-26,46,5
2023-10-27,03,50
2023-10-27,12,10
2023-10-27,46,3
2023-10-28,03,1
2023-10-29,03,3
2023-10-29,46,1
2023-10-30,03,16
2023-10-30,12,4
2023-10-30,46,8
2023-10-31,03,13
2023-10-31,12,5
2023-10-31,46,6
2023-11-01,03,5
2023-11-01,46,1
2023-11-02,03,111
2023-11-02,12,4
2023-11-02,46,19
2023-11-03,03,25
2023-11-03,12,3
2023-11-03,46,8
2023-11-04,03,1
2023-11-04,46,1
2023-11-05,03,4
2023-11-06,03,47
2023-11-06,12,4
2023-11-06,46,8
2023-11-07,03,8
2023-11-07,12,3
2023-11-07,46,3
2023-11-08,03,47
2023-11-08,12,3
2023-11-08,46,4
2023-11-09,03,14
2023-11-09,12,7
2023-11-09,46,8
2023-11-10,03,74
2023-11-10,12,3
2023-11-10,46,8
2023-11-11,12,1
2023-11-11,46,5
2023-11-12,03,5
2023-11-13,03,21
2023-11-13,12,4
2023-11-13,46,9
2023-11-14,03,56
2023-11-14,12,7
2023-11-14,46,5
2023-11-15,03,14
2023-11-15,12,3
2023-11-15,46,12
2023-11-16,03,16
2023-11-16,12,7
2023-11-16,46,4
2023-11-17,03,74
2023-11-17,12,3
2023-11-17,46,12
2023-11-18,03,1
2023-11-19,03,12
2023-11-20,03,41
2023-11-20,12,1
2023-11-20,46,2
2023-11-21,03,45
2023-11-21,12,3
2023-11-21,46,8
2023-11-22,03,44
2023-11-22,12,7
2023-11-22,46,3
2023-11-23,03,16
2023-11-23,12,5
2023-11-23,46,5
2023-11-24,03,41
2023-11-24,12,6
2023-11-24,46,2
2023-11-25,03,6
2023-11-26,03,1
2023-11-27,03,26
2023-11-27,12,8
2023-11-27,46,11
2023-11-28,03,11
2023-11-28,12,2
2023-11-28,46,9
2023-11-29,03,58
2023-11-29,12,2
2023-11-29,46,5
2023-11-30,03,13
2023-11-30,12,1
2023-11-30,46,13
2023-12-01,03,34
2023-12-01,12,4
2023-12-01,46,5
2023-12-02,46,1
2023-12-03,03,1
2023-12-04,03,40
2023-12-04,12,3
2023-12-04,46,11
2023-12-05,03,16
2023-12-05,12,1
2023-12-05,46,17
2023-12-06,03,4
2023-12-06,46,1
2023-12-07,03,67
2023-12-07,12,4
2023-12-07,46,7
2023-12-08,03,8
2023-12-08,46,2
2023-12-09,03,1
2023-12-11,03,30
2023-12-11,12,6
2023-12-11,46,4
2023-12-12,03,11
2023-12-12,12,6
2023-12-12,46,5
2023-12-13,03,54
2023-12-13,12,4
2023-12-13,46,14
2023-12-14,03,18
2023-12-14,12,2
2023-12-14,46,8
2023-12-15,03,5
2023-12-15,12,5
2023-12-15,46,3
2023-12-16,03,1
2023-12-17,03,1
2023-12-17,12,8
2023-12-18,03,47
2023-12-18,12,7
2023-12-18,46,6
2023-12-19,03,20
2023-12-19,12,2
2023-12-19,46,3
2023-12-20,03,41
2023-12-20,12,6
2023-12-20,46,9
2023-12-21,03,5
2023-12-21,12,11
2023-12-21,46,5
2023-12-22,03,47
2023-12-22,12,3
2023-12-22,46,2
2023-12-23,03,1
2023-12-23,46,1
2023-12-24,03,1
2023-12-26,03,3
2023-12-26,12,3
2023-12-26,46,16
2023-12-27,03,60
2023-12-27,12,3
2023-12-27,46,2
2023-12-28,03,3
2023-12-28,12,2
2023-12-28,46,6
2023-12-29,03,5
2023-12-29,46,2
2023-12-30,03,1
2023-12-30,46,3
2023-12-31,03,1
2024-01-02,03,39
2024-01-02,12,6
2024-01-02,46,4
2024-01-03,03,35
2024-01-03,12,1
2024-01-03,46,14
2024-01-04,03,34
2024-01-04,12,9
2024-01-04,46,2
2024-01-05,03,12
2024-01-05,12,4
2024-01-05,46,2
2024-01-06,03,1
2024-01-08,03,14
2024-01-08,12,6
2024-01-08,46,15
2024-01-09,03,35
2024-01-09,12,2
2024-01-09,46,10
2024-01-10,03,9
2024-01-10,12,2
2024-01-10,46,4
2024-01-11,03,48
2024-01-11,12,10
2024-01-11,46,12
2024-01-12,03,16
2024-01-12,12,2
2024-01-12,46,1
2024-01-13,03,3
2024-01-13,46,1
2024-01-14,03,3
2024-01-15,03,14
2024-01-15,12,7
2024-01-15,46,13
2024-01-16,03,21
2024-01-16,12,9
2024-01-16,46,7
2024-01-17,03,63
2024-01-17,12,18
2024-01-17,46,10
2024-01-18,03,18
2024-01-18,12,6
2024-01-18,46,6
2024-01-19,03,63
2024-01-19,12,5
2024-01-19,46,1
2024-01-20,03,3
2024-01-20,46,1
2024-01-22,03,44
2024-01-22,12,4
2024-01-22,46,1
2024-01-23,03,14
2024-01-23,12,4
2024-01-23,46,2
2024-01-24,03,66
2024-01-24,12,5
2024-01-24,46,16
2024-01-25,03,10
2024-01-25,12,8
2024-01-25,46,18
2024-01-26,03,20
2024-01-26,12,2
2024-01-26,46,7
2024-01-27,03,3
2024-01-27,46,1
2024-01-28,03,2
2024-01-28,46,2
2024-01-29,03,85
2024-01-29,12,2
2024-01-29,46,9
2024-01-30,03,13
2024-01-30,12,6
2024-01-30,46,9
2024-01-31,03,71
2024-01-31,12,3
2024-01-31,46,9
2024-02-01,03,45
2024-02-01,12,8
2024-02-01,46,15
2024-02-02,03,36
2024-02-02,12,10
2024-02-04,03,1
2024-02-04,46,1
2024-02-05,03,49
2024-02-05,12,6
2024-02-05,46,13
2024-02-06,03,9
2024-02-06,12,4
2024-02-06,46,3
2024-02-07,03,68
2024-02-07,12,7
2024-02-07,46,8
2024-02-08,03,8
2024-02-08,12,5
2024-02-08,46,16
2024-02-09,03,9
2024-02-09,12,5
2024-02-09,46,2
2024-02-10,03,3
2024-02-10,46,1
2024-02-11,03,2
2024-02-12,03,65
2024-02-12,12,6
2024-02-12,46,11
2024-02-13,03,10
2024-02-13,12,5
2024-02-13,46,8
2024-02-14,03,80
2024-02-14,12,3
2024-02-14,46,4
2024-02-15,03,15
2024-02-15,12,3
2024-02-15,46,7
2024-02-16,03,8
2024-02-16,12,3
2024-02-16,46,6
2024-02-17,03,4
2024-02-17,12,1
2024-02-18,03,2
2024-02-19,03,112
2024-02-19,12,4
2024-02-19,46,9
2024-02-20,03,24
2024-02-20,12,6
2024-02-20,46,12
2024-02-21,03,44
2024-02-21,12,7
2024-02-21,46,8
2024-02-22,03,15
2024-02-22,12,14
2024-02-22,46,7
2024-02-23,03,43
2024-02-23,12,7
2024-02-23,46,9
2024-02-24,03,3
2024-02-25,03,5
2024-02-26,03,84
2024-02-26,12,3
2024-02-26,46,10
2024-02-27,03,13
2024-02-27,12,4
2024-02-27,46,14
2024-02-28,03,25
2024-02-28,12,11
2024-02-28,46,5
2024-02-29,03,13
2024-02-29,12,5
2024-02-29,46,10
2024-03-01,03,80
2024-03-01,12,5
2024-03-01,46,12
2024-03-02,03,3
2024-03-03,03,5
2024-03-04,03,48
2024-03-04,46,15
2024-03-05,03,8
2024-03-05,12,4
2024-03-05,46,14
2024-03-06,03,53
2024-03-06,12,7
2024-03-06,46,9
2024-03-07,03,7
2024-03-07,12,15
2024-03-07,46,12
2024-03-08,03,75
2024-03-08,12,13
2024-03-08,46,2
2024-03-09,03,1
2024-03-10,03,2
2024-03-11,03,49
2024-03-11,12,8
2024-03-11,46,7
2024-03-12,03,45
2024-03-12,12,11
2024-03-12,46,14
2024-03-13,03,6
2024-03-13,12,3
2024-03-13,46,15
2024-03-14,03,29
2024-03-14,12,2
2024-03-14,46,14
2024-03-15,03,8
2024-03-15,12,16
2024-03-15,46,14
2024-03-16,46,10
2024-03-17,03,1
2024-03-18,03,85
2024-03-18,12,12
2024-03-18,46,1
2024-03-19,03,4
2024-03-20,03,32
2024-03-20,12,6
2024-03-20,46,4
2024-03-21,03,35
2024-03-21,12,1
2024-03-21,46,9
2024-03-22,03,13
2024-03-22,12,3
2024-03-22,46,11
2024-03-23,03,5
2024-03-23,12,2
2024-03-23,46,7
2024-03-24,03,1
2024-03-24,46,1
2024-03-25,03,82
2024-03-25,12,9
2024-03-25,46,17
2024-03-26,03,18
2024-03-26,12,14
2024-03-26,46,6
2024-03-27,03,15
2024-03-27,12,4
2024-03-27,46,15
2024-03-28,03,112
2024-03-28,12,9
2024-03-28,46,16
2024-03-29,03,6
2024-03-29,12,3
2024-03-30,03,4
2024-03-30,12,4
2024-03-31,03,1
2024-04-01,03,1
2024-04-02,03,53
2024-04-02,12,9
2024-04-02,46,8
2024-04-03,03,11
2024-04-03,12,5
2024-04-03,46,9
2024-04-04,03,7
2024-04-04,12,16
2024-04-04,46,17
2024-04-05,03,66
2024-04-05,12,3
2024-04-05,46,8
2024-04-08,03,44
2024-04-08,12,6
2024-04-08,46,2
2024-04-09,03,15
2024-04-09,12,7
2024-04-09,46,10
2024-04-10,03,54
2024-04-10,12,9
2024-04-10,46,14
2024-04-11,03,9
2024-04-11,12,11
2024-04-11,46,12
2024-04-12,03,7
2024-04-12,12,4
2024-04-12,46,18
2024-04-13,12,1
2024-04-14,03,3
2024-04-15,03,18
2024-04-15,12,7
2024-04-15,46,16
2024-04-16,03,54
2024-04-16,12,12
2024-04-16,46,5
2024-04-17,03,58
2024-04-17,12,5
2024-04-17,46,12
2024-04-18,03,18
2024-04-18,12,7
2024-04-18,46,9
2024-04-19,03,6
2024-04-19,12,8
2024-04-19,46,4
2024-04-20,46,1
2024-04-21,03,1
2024-04-22,03,50
2024-04-22,12,6
2024-04-22,46,12
2024-04-23,03,70
2024-04-23,12,11
2024-04-23,46,11
2024-04-24,03,15
2024-04-24,12,5
2024-04-24,46,4
2024-04-25,03,44
2024-04-25,12,8
2024-04-25,46,11
2024-04-26,03,17
2024-04-26,12,5
2024-04-26,46,20
2024-04-27,03,4
2024-04-28,03,2
2024-04-29,03,115
2024-04-29,12,5
2024-04-29,46,23
2024-04-30,03,20
2024-04-30,12,8
2024-04-30,46,7
2024-05-01,03,3
2024-05-02,03,34
2024-05-02,12,20
2024-05-02,46,10
2024-05-03,03,43
2024-05-03,12,8
2024-05-03,46,7
2024-05-04,03,3
2024-05-05,03,4
2024-05-06,03,79
2024-05-06,12,5
2024-05-06,46,11
2024-05-07,03,19
2024-05-07,12,5
2024-05-07,46,13
2024-05-08,03,82
2024-05-08,12,9
2024-05-08,46,9
2024-05-09,03,15
2024-05-09,12,9
2024-05-09,46,22
2024-05-10,03,20
2024-05-10,12,3
2024-05-10,46,27
2024-05-11,03,2
2024-05-12,03,1
2024-05-12,46,10
2024-05-13,03,63
2024-05-13,12,10
2024-05-13,46,19
2024-05-14,03,72
2024-05-14,12,10
2024-05-14,46,14
2024-05-15,03,62
2024-05-15,12,12
2024-05-15,46,8
2024-05-16,03,13
2024-05-16,12,13
2024-05-16,46,14
2024-05-17,03,60
2024-05-17,12,5
2024-05-17,46,15
2024-05-18,03,1
2024-05-18,12,1
2024-05-18,46,1
2024-05-19,03,2
2024-05-20,03,51
2024-05-20,12,7
2024-05-20,46,20
2024-05-21,03,51
2024-05-21,12,11
2024-05-21,46,18
2024-05-22,03,26
2024-05-22,12,15
2024-05-22,46,19
2024-05-23,03,11
2024-05-23,12,6
2024-05-23,46,8
2024-05-24,03,31
2024-05-24,12,13
2024-05-24,46,30
2024-05-25,03,5
2024-05-25,12,1
2024-05-25,46,9
2024-05-26,03,5
2024-05-26,46,4
2024-05-27,03,123
2024-05-27,12,30
2024-05-27,46,30
2024-05-28,03,34
2024-05-28,12,7
2024-05-28,46,27
2024-05-29,03,45
2024-05-29,12,9
2024-05-29,46,14
2024-05-30,03,34
2024-05-30,12,9
2024-05-30,46,3
2024-05-31,03,15
2024-05-31,12,4
2024-05-31,46,7
2024-06-01,03,6
2024-06-01,12,2
2024-06-02,03,4
2024-06-02,12,1
2024-06-02,46,5
2024-06-03,03,25
2024-06-03,12,6
2024-06-03,46,8
2024-06-04,03,14
2024-06-04,12,9
2024-06-04,46,8
2024-06-05,03,21
2024-06-05,12,14
2024-06-05,46,9
2024-06-06,03,29
2024-06-06,12,12
2024-06-06,46,5
2024-06-07,03,13
2024-06-07,12,11
2024-06-07,46,5
2024-06-08,03,1
2024-06-09,03,5
2024-06-10,03,26
2024-06-10,12,2
2024-06-10,46,1
2024-06-11,03,37
2024-06-11,12,4
2024-06-11,46,6
2024-06-12,03,46
2024-06-12,12,9
2024-06-12,46,16
2024-06-13,03,69
2024-06-13,12,15
2024-06-13,46,16
2024-06-14,03,61
2024-06-14,12,12
2024-06-14,46,25
2024-06-15,03,5
2024-06-15,12,2
2024-06-15,46,1
2024-06-16,03,7
2024-06-16,12,2
2024-06-16,46,6
2024-06-17,03,83
2024-06-17,12,6
2024-06-17,46,4
2024-06-18,03,53
2024-06-18,12,35
2024-06-18,46,10
2024-06-19,03,45
2024-06-19,12,11
2024-06-19,46,4
2024-06-20,03,60
2024-06-20,12,8
2024-06-20,46,16
2024-06-21,03,22
2024-06-21,12,13
2024-06-21,46,18
2024-06-22,03,10
2024-06-22,46,1
2024-06-23,03,5
2024-06-23,12,3
2024-06-23,46,2
2024-06-24,03,32
2024-06-24,12,4
2024-06-24,46,9
2024-06-25,03,34
2024-06-25,12,16
2024-06-25,46,11
2024-06-26,03,50
2024-06-26,12,11
2024-06-26,46,10
2024-06-27,03,55
2024-06-27,12,8
2024-06-27,46,12
2024-06-28,03,38
2024-06-28,12,7
2024-06-28,46,21
2024-06-29,03,15
2024-06-29,12,2
2024-06-29,46,2
2024-06-30,03,2
2024-06-30,12,3
2024-06-30,46,3
2024-07-01,03,40
2024-07-01,12,5
2024-07-01,46,9
2024-07-02,03,45
2024-07-02,12,8
2024-07-02,46,7
2024-07-03,03,52
2024-07-03,12,6
2024-07-03,46,15
2024-07-04,03,27
2024-07-04,12,8
2024-07-04,46,12
2024-07-05,03,45
2024-07-05,12,14
2024-07-05,46,4
2024-07-06,03,5
2024-07-06,12,1
2024-07-06,46,2
2024-07-07,03,6
2024-07-07,12,2
2024-07-07,46,2
2024-07-08,03,43
2024-07-08,12,3
2024-07-08,46,13
2024-07-09,03,31
2024-07-09,12,7
2024-07-09,46,7
2024-07-10,03,40
2024-07-10,12,6
2024-07-10,46,27
2024-07-11,03,39
2024-07-11,12,6
2024-07-11,46,20
2024-07-12,03,54
2024-07-12,12,4
2024-07-12,46,24
2024-07-13,03,3
2024-07-13,12,1
2024-07-13,46,3
2024-07-15,03,37
2024-07-15,12,6
2024-07-15,46,8
2024-07-16,03,44
2024-07-16,12,6
2024-07-16,46,13
2024-07-17,03,46
2024-07-17,12,3
2024-07-17,46,8
2024-07-18,03,38
2024-07-18,12,7
2024-07-18,46,19
2024-07-19,03,27
2024-07-19,12,15
2024-07-19,46,6
2024-07-20,03,4
2024-07-20,12,4
2024-07-20,46,1
2024-07-21,03,3
2024-07-21,12,1
2024-07-21,46,13
2024-07-22,03,44
2024-07-22,12,3
2024-07-22,46,6
2024-07-23,03,22
2024-07-23,12,5
2024-07-23,46,4
2024-07-24,03,43
2024-07-24,12,24
2024-07-24,46,16
2024-07-25,03,40
2024-07-25,12,8
2024-07-25,46,13
2024-07-26,03,40
2024-07-26,12,7
2024-07-26,46,15
2024-07-27,03,2
2024-07-27,46,3
2024-07-28,03,3
2024-07-28,12,1
2024-07-28,46,3
2024-07-29,03,49
2024-07-29,12,5
2024-07-29,46,18
2024-07-30,03,46
2024-07-30,12,4
2024-07-30,46,25
2024-07-31,03,35
2024-07-31,12,10
2024-07-31,46,14
2024-08-01,03,24
2024-08-01,12,2
2024-08-01,46,16
2024-08-02,03,63
2024-08-02,12,8
2024-08-02,46,9
2024-08-03,03,9
2024-08-03,12,1
2024-08-03,46,3
2024-08-04,03,5
2024-08-04,12,1
2024-08-04,46,2
2024-08-05,03,34
2024-08-05,12,9
2024-08-05,46,17
2024-08-06,03,22
2024-08-06,12,6
2024-08-06,46,27
2024-08-07,03,39
2024-08-07,12,7
2024-08-07,46,21
2024-08-08,03,4
2024-08-08,12,6
2024-08-08,46,1
2024-08-09,03,11
2024-08-09,12,1
2024-08-09,46,4
2024-08-10,46,4
2024-08-12,03,7
2024-08-12,12,2
2024-08-12,46,1
2024-08-13,03,8
2024-08-13,12,2
2024-08-13,46,9
2024-08-14,03,10
2024-08-14,12,1
2024-08-14,46,8
2024-08-15,03,1
2024-08-15,12,1
2024-08-15,46,2
2024-08-16,03,4
2024-08-16,12,2
2024-08-17,03,2
2024-08-17,12,1
2024-08-17,46,2
2024-08-18,03,1
2024-08-19,03,9
2024-08-19,12,1
2024-08-19,46,4
2024-08-20,03,8
2024-08-20,12,1
2024-08-20,46,2
2024-08-21,03,16
2024-08-21,12,2
2024-08-21,46,1
2024-08-22,03,3
2024-08-22,12,3
2024-08-23,03,8
2024-08-23,12,1
2024-08-23,46,1
2024-08-24,03,3
2024-08-24,12,1
2024-08-25,03,3
2024-08-25,46,1
2024-08-26,03,29
2024-08-26,12,10
2024-08-26,46,1
2024-08-27,03,20
2024-08-27,12,2
2024-08-27,46,4
2024-08-28,03,5
2024-08-29,03,13
2024-08-29,46,1
2024-08-30,03,10
2024-08-30,12,2
2024-08-30,46,2
2024-08-31,03,3
2024-08-31,12,1
2024-08-31,46,1
2024-09-01,03,5
2024-09-01,12,1
2024-09-01,46,1
2024-09-02,03,19
2024-09-02,12,10
2024-09-02,46,3
2024-09-03,03,36
2024-09-03,12,5
2024-09-03,46,4
2024-09-04,03,18
2024-09-04,12,4
2024-09-04,46,5
2024-09-05,03,24
2024-09-05,12,3
2024-09-05,46,7
2024-09-06,03,29
2024-09-06,46,5
2024-09-07,03,4
2024-09-07,12,1
2024-09-07,46,1
2024-09-08,03,5
2024-09-08,12,1
2024-09-08,46,1
2024-09-09,03,32
2024-09-09,12,15
2024-09-09,46,5
2024-09-10,03,23
2024-09-10,12,2
2024-09-10,46,5
2024-09-11,03,31
2024-09-11,12,7
2024-09-11,46,2
2024-09-12,03,19
2024-09-12,12,4
2024-09-12,46,3
2024-09-13,03,18
2024-09-13,12,3
2024-09-13,46,4
2024-09-14,03,7
2024-09-14,12,3
2024-09-15,03,2
2024-09-15,12,2
2024-09-15,46,4
2024-09-16,03,31
2024-09-16,12,7
2024-09-16,46,9
2024-09-17,03,32
2024-09-17,12,5
2024-09-17,46,5
2024-09-18,03,33
2024-09-18,12,3
2024-09-18,46,5
2024-09-19,03,47
2024-09-19,12,3
2024-09-19,46,4
2024-09-20,03,28
2024-09-20,12,8
2024-09-20,46,5
2024-09-21,03,6
2024-09-21,12,1
2024-09-21,46,5
2024-09-22,03,5
2024-09-22,46,2
2024-09-23,03,39
2024-09-23,12,4
2024-09-23,46,11
2024-09-24,03,35
2024-09-24,12,10
2024-09-24,46,14
2024-09-25,03,30
2024-09-25,12,1
2024-09-25,46,12
2024-09-26,03,16
2024-09-26,12,9
2024-09-26,46,8
2024-09-27,03,22
2024-09-27,12,4
2024-09-27,46,4
2024-09-28,03,17
2024-09-28,46,1
2024-09-29,03,8
2024-09-29,12,1
2024-09-30,03,19
2024-09-30,12,8
2024-09-30,46,9
2024-10-01,03,34
2024-10-01,12,7
2024-10-01,46,9
2024-10-02,03,29
2024-10-02,12,5
2024-10-02,46,8
2024-10-03,03,26
2024-10-03,12,6
2024-10-03,46,1
2024-10-04,03,18
2024-10-04,12,2
2024-10-04,46,2
2024-10-05,03,3
2024-10-05,12,1
2024-10-05,46,1
2024-10-06,03,5
2024-10-06,46,1
2024-10-07,03,17
2024-10-07,12,5
2024-10-07,46,4
2024-10-08,03,27
2024-10-08,12,5
2024-10-08,46,15
2024-10-09,03,9
2024-10-09,12,2
2024-10-09,46,1
2024-10-10,03,26
2024-10-10,12,7
2024-10-10,46,7
2024-10-11,03,32
2024-10-11,12,6
2024-10-11,46,2
2024-10-12,03,4
2024-10-12,46,1
2024-10-13,03,6
2024-10-13,12,1
2024-10-14,03,30
2024-10-14,12,3
2024-10-14,46,11
2024-10-15,03,27
2024-10-15,12,5
2024-10-15,46,8
2024-10-16,03,21
2024-10-16,12,3
2024-10-16,46,7
2024-10-17,03,28
2024-10-17,12,5
2024-10-17,46,9
2024-10-18,03,21
2024-10-18,12,5
2024-10-18,46,6
2024-10-19,03,7
2024-10-19,12,2
2024-10-20,03,9
2024-10-20,12,4
2024-10-20,46,2
2024-10-21,03,38
2024-10-21,12,5
2024-10-21,46,4
2024-10-22,03,44
2024-10-22,12,6
2024-10-22,46,14
2024-10-23,03,27
2024-10-23,12,8
2024-10-23,46,10
2024-10-24,03,35
2024-10-24,12,4
2024-10-24,46,13
2024-10-25,03,19
2024-10-25,12,1
2024-10-25,46,3
2024-10-26,03,4
2024-10-26,12,1
2024-10-26,46,2
2024-10-27,03,10
2024-10-27,12,1
2024-10-27,46,2
2024-10-28,03,32
2024-10-28,12,1
2024-10-28,46,3
2024-10-29,03,24
2024-10-29,12,8
2024-10-29,46,4
2024-10-30,03,19
2024-10-30,12,2
2024-10-30,46,5
2024-10-31,03,13
2024-10-31,12,2
2024-10-31,46,3
2024-11-01,03,3
2024-11-01,46,3
2024-11-02,03,4
2024-11-02,12,1
2024-11-02,46,2
2024-11-03,03,1
2024-11-03,12,1
2024-11-03,46,1
2024-11-04,03,23
2024-11-04,12,3
2024-11-04,46,16
2024-11-05,03,15
2024-11-05,12,5
2024-11-05,46,1
2024-11-06,03,18
2024-11-06,12,3
2024-11-06,46,2
2024-11-07,03,31
2024-11-07,12,7
2024-11-08,03,19
2024-11-08,12,2
2024-11-08,46,1
2024-11-09,46,2
2024-11-10,03,11
2024-11-10,12,3
2024-11-10,46,1
2024-11-11,03,18
2024-11-11,12,5
2024-11-11,46,8
2024-11-12,03,25
2024-11-12,12,15
2024-11-12,46,2
2024-11-13,03,28
2024-11-13,12,4
2024-11-13,46,4
2024-11-14,03,26
2024-11-14,12,7
2024-11-14,46,6
2024-11-15,03,31
2024-11-15,12,12
2024-11-15,46,10
2024-11-16,03,3
2024-11-16,12,1
2024-11-16,46,2
2024-11-17,03,4
2024-11-17,46,2
2024-11-18,03,38
2024-11-18,12,9
2024-11-18,46,12
2024-11-19,03,51
2024-11-19,12,4
2024-11-19,46,5
2024-11-20,03,21
2024-11-20,12,3
2024-11-20,46,11
2024-11-21,03,21
2024-11-21,12,2
2024-11-21,46,10
2024-11-22,03,23
2024-11-22,12,6
2024-11-22,46,8
2024-11-23,03,4
2024-11-23,12,2
2024-11-23,46,1
2024-11-24,03,4
2024-11-24,12,1
2024-11-24,46,5
2024-11-25,03,19
2024-11-25,12,5
2024-11-25,46,13
2024-11-26,03,19
2024-11-26,12,6
2024-11-26,46,9
2024-11-27,03,19
2024-11-27,12,3
2024-11-27,46,3
2024-11-28,03,20
2024-11-28,12,2
2024-11-28,46,15
2024-11-29,03,6
2024-11-29,12,3
2024-11-29,46,3
2024-11-30,03,5
2024-11-30,12,1
2024-12-01,03,5
2024-12-01,12,1
2024-12-01,46,13
2024-12-02,03,32
2024-12-02,12,4
2024-12-02,46,5
2024-12-03,03,24
2024-12-03,12,3
2024-12-03,46,7
2024-12-04,03,24
2024-12-04,12,3
2024-12-04,46,7
2024-12-05,03,13
2024-12-05,12,2
2024-12-05,46,2
2024-12-06,03,4
2024-12-06,46,1
2024-12-07,03,3
2024-12-08,03,6
2024-12-08,12,5
2024-12-08,46,1
2024-12-09,03,32
2024-12-09,12,7
2024-12-09,46,8
2024-12-10,03,36
2024-12-10,12,9
2024-12-10,46,11
2024-12-11,03,32
2024-12-11,12,4
2024-12-11,46,9
2024-12-12,03,26
2024-12-12,12,6
2024-12-12,46,6
2024-12-13,03,13
2024-12-13,12,2
2024-12-13,46,14
2024-12-14,46,2
2024-12-15,03,6
2024-12-15,12,2
2024-12-15,46,1
2024-12-16,03,29
2024-12-16,12,4
2024-12-16,46,5
2024-12-17,03,31
2024-12-17,12,8
2024-12-17,46,17
2024-12-18,03,21
2024-12-18,12,13
2024-12-18,46,8
2024-12-19,03,20
2024-12-19,12,5
2024-12-19,46,5
2024-12-20,03,22
2024-12-20,12,3
2024-12-20,46,11
2024-12-21,03,1
2024-12-21,12,2
2024-12-21,46,1
2024-12-22,03,3
2024-12-22,12,1
2024-12-22,46,2
2024-12-23,03,16
2024-12-23,12,3
2024-12-23,46,10
2024-12-24,03,4
2024-12-24,12,1
2024-12-24,46,3
2024-12-25,12,1
2024-12-26,03,8
2024-12-26,12,1
2024-12-26,46,1
2024-12-27,03,15
2024-12-27,12,2
2024-12-27,46,42
2024-12-28,03,7
2024-12-28,12,3
2024-12-28,46,4
2024-12-29,03,6
2024-12-29,46,2
2024-12-30,03,18
2024-12-30,12,1
2024-12-30,46,10
2024-12-31,03,13
2024-12-31,12,3
2024-12-31,46,2
2025-01-02,03,22
2025-01-02,12,3
2025-01-02,46,4
2025-01-03,03,12
2025-01-03,12,1
2025-01-03,46,5
2025-01-04,03,2
2025-01-04,12,1
2025-01-04,46,2
2025-01-05,03,1
2025-01-05,12,1
2025-01-05,46,2
2025-01-06,03,4
2025-01-06,12,1
2025-01-06,46,1
2025-01-07,03,15
2025-01-07,12,1
2025-01-07,46,6
2025-01-08,03,17
2025-01-08,12,9
2025-01-08,46,1
2025-01-09,03,15
2025-01-09,12,4
2025-01-09,46,6
2025-01-10,03,16
2025-01-10,12,2
2025-01-10,46,8
2025-01-11,03,3
2025-01-11,12,1
2025-01-12,03,5
2025-01-12,12,1
2025-01-12,46,3
2025-01-13,03,18
2025-01-13,12,4
2025-01-13,46,14
2025-01-14,03,22
2025-01-14,12,8
2025-01-14,46,9
2025-01-15,03,20
2025-01-15,12,4
2025-01-15,46,14
2025-01-16,03,19
2025-01-16,12,6
2025-01-16,46,9
2025-01-17,03,15
2025-01-17,12,7
2025-01-17,46,2
2025-01-18,03,5
2025-01-18,46,2
2025-01-19,03,9
2025-01-19,46,3
2025-01-20,03,15
2025-01-20,12,6
2025-01-20,46,8
2025-01-21,03,39
2025-01-21,12,2
2025-01-21,46,10
2025-01-22,03,48
2025-01-22,12,5
2025-01-22,46,4
2025-01-23,03,24
2025-01-23,12,4
2025-01-23,46,13
2025-01-24,03,26
2025-01-24,12,5
2025-01-24,46,8
2025-01-25,03,8
2025-01-25,12,1
2025-01-26,03,3
2025-01-27,03,5
2025-01-27,46,7
2025-01-28,03,26
2025-01-28,12,8
2025-01-28,46,30
2025-01-29,03,20
2025-01-29,12,5
2025-01-29,46,17
2025-01-30,03,19
2025-01-30,12,7
2025-01-30,46,14
2025-01-31,03,19
2025-01-31,12,8
2025-01-31,46,17
2025-02-01,03,3
2025-02-01,12,2
2025-02-01,46,3
2025-02-02,03,6
2025-02-02,12,3
2025-02-02,46,3
2025-02-03,03,21
2025-02-03,12,9
2025-02-03,46,8
2025-02-04,03,10
2025-02-04,12,10
2025-02-04,46,8
2025-02-05,03,15
2025-02-05,12,10
2025-02-05,46,14
2025-02-06,03,30
2025-02-06,12,7
2025-02-06,46,11
2025-02-07,03,16
2025-02-07,12,9
2025-02-07,46,20
2025-02-08,12,2
2025-02-08,46,7
2025-02-09,03,2
2025-02-09,12,1
2025-02-09,46,3
2025-02-10,03,16
2025-02-10,12,9
2025-02-10,46,23
2025-02-11,03,20
2025-02-11,12,13
2025-02-11,46,15
2025-02-12,03,19
2025-02-12,12,5
2025-02-12,46,8
2025-02-13,03,21
2025-02-13,12,4
2025-02-13,46,10
2025-02-14,03,20
2025-02-14,12,8
2025-02-14,46,17
2025-02-15,03,6
2025-02-15,46,4
2025-02-16,03,3
2025-02-16,12,1
2025-02-16,46,2
2025-02-17,03,26
2025-02-17,12,11
2025-02-17,46,7
2025-02-18,03,15
2025-02-18,12,16
2025-02-18,46,8
2025-02-19,03,47
2025-02-19,12,10
2025-02-19,46,18
2025-02-20,03,41
2025-02-20,12,15
2025-02-20,46,15
2025-02-21,03,26
2025-02-21,12,10
2025-02-21,46,19
2025-02-22,03,2
2025-02-22,12,7
2025-02-22,46,5
2025-02-23,03,4
2025-02-23,12,2
2025-02-23,46,3
2025-02-24,03,47
2025-02-24,12,7
2025-02-24,46,19
2025-02-25,03,24
2025-02-25,12,13
2025-02-25,46,7
2025-02-26,03,26
2025-02-26,12,13
2025-02-26,46,19
2025-02-27,03,26
2025-02-27,12,18
2025-02-27,46,13
2025-02-28,03,22
2025-02-28,12,5
2025-02-28,46,2
2025-03-01,03,6
2025-03-01,12,2
2025-03-01,46,2
2025-03-02,03,8
2025-03-02,12,1
2025-03-02,46,4
2025-03-03,03,31
2025-03-03,12,10
2025-03-03,46,6
2025-03-04,03,32
2025-03-04,12,11
2025-03-04,46,15
2025-03-05,03,40
2025-03-05,12,13
2025-03-05,46,17
2025-03-06,03,48
2025-03-06,12,14
2025-03-06,46,18
2025-03-07,03,37
2025-03-07,12,22
2025-03-07,46,10
2025-03-08,03,4
2025-03-08,12,1
2025-03-08,46,4
2025-03-09,03,6
2025-03-09,12,1
2025-03-09,46,4
2025-03-10,03,33
2025-03-10,12,6
2025-03-10,46,16
2025-03-11,03,46
2025-03-11,12,19
2025-03-11,46,10
2025-03-12,03,27
2025-03-12,12,9
2025-03-12,46,18
2025-03-13,03,44
2025-03-13,12,16
2025-03-13,46,16
2025-03-14,03,34
2025-03-14,12,11
2025-03-14,46,9
2025-03-15,03,5
2025-03-15,12,3
2025-03-15,46,1
2025-03-16,03,10
2025-03-16,12,2
2025-03-16,46,4
2025-03-17,03,59
2025-03-17,12,10
2025-03-17,46,9
2025-03-18,03,52
2025-03-18,12,9
2025-03-18,46,11
2025-03-19,03,11
2025-03-19,46,2
2025-03-20,03,40
2025-03-20,12,9
2025-03-20,46,10
2025-03-21,03,35
2025-03-21,12,13
2025-03-21,46,9
2025-03-22,03,6
2025-03-22,12,2
2025-03-22,46,9
2025-03-23,03,7
2025-03-23,12,6
2025-03-23,46,4
2025-03-24,03,38
2025-03-24,12,24
2025-03-24,46,17
2025-03-25,03,74
2025-03-25,12,13
2025-03-25,46,40
2025-03-26,03,35
2025-03-26,12,16
2025-03-26,46,25
2025-03-27,03,41
2025-03-27,12,8
2025-03-27,46,8
2025-03-28,03,31
2025-03-28,12,10
2025-03-28,46,13
2025-03-29,03,7
2025-03-29,12,5
2025-03-29,46,5
2025-03-30,03,9
2025-03-30,12,3
2025-03-30,46,2
2025-03-31,03,68
2025-03-31,12,22
2025-03-31,46,62
2025-04-01,03,34
2025-04-01,12,21
2025-04-01,46,25
2025-04-02,03,62
2025-04-02,12,23
2025-04-02,46,202
2025-04-03,03,43
2025-04-03,12,9
2025-04-03,46,23
2025-04-04,03,35
2025-04-04,12,5
2025-04-04,46,6
2025-04-05,03,5
2025-04-05,12,1
2025-04-05,46,2
2025-04-06,03,11
2025-04-06,12,1
2025-04-07,03,30
2025-04-07,12,4
2025-04-07,46,6
2025-04-08,03,39
2025-04-08,12,7
2025-04-08,46,5
2025-04-09,03,24
2025-04-09,12,3
2025-04-09,46,5
2025-04-10,03,30
2025-04-10,12,6
2025-04-10,46,6
2025-04-11,03,24
2025-04-11,12,5
2025-04-11,46,12
2025-04-12,03,5
2025-04-12,12,1
2025-04-12,46,3
2025-04-13,03,4
2025-04-13,12,3
2025-04-14,03,37
2025-04-14,12,4
2025-04-14,46,4
2025-04-15,03,19
2025-04-15,12,7
2025-04-15,46,4
2025-04-16,03,15
2025-04-16,12,5
2025-04-16,46,1
2025-04-17,03,28
2025-04-17,12,4
2025-04-17,46,9
2025-04-18,03,30
2025-04-18,12,8
2025-04-18,46,4
2025-04-19,03,4
2025-04-19,12,3
2025-04-19,46,2
2025-04-20,03,2
2025-04-21,03,5
2025-04-21,12,3
2025-04-21,46,1
2025-04-22,03,35
2025-04-22,12,7
2025-04-22,46,10
2025-04-23,03,21
2025-04-23,12,7
2025-04-23,46,8
2025-04-24,03,26
2025-04-24,12,7
2025-04-24,46,5
2025-04-25,03,17
2025-04-25,12,2
2025-04-25,46,2
2025-04-26,03,3
2025-04-26,12,4
2025-04-26,46,1
2025-04-27,03,2
2025-04-27,12,2
2025-04-27,46,1
2025-04-28,03,9
2025-04-29,03,10
2025-04-29,12,2
2025-04-29,46,1
2025-04-30,03,20
2025-04-30,12,5
2025-04-30,46,10
2025-05-01,03,18
2025-05-01,12,1
2025-05-01,46,2
2025-05-02,03,19
2025-05-02,12,2
2025-05-02,46,2
2025-05-03,03,2
2025-05-03,12,1
2025-05-03,46,1
2025-05-04,03,3
2025-05-04,12,1
2025-05-05,03,23
2025-05-05,12,12
2025-05-05,46,8
2025-05-06,03,21
2025-05-06,12,7
2025-05-06,46,12
2025-05-07,03,15
2025-05-07,12,3
2025-05-07,46,9
2025-05-08,03,19
2025-05-08,12,8
2025-05-08,46,12
2025-05-09,03,29
2025-05-09,12,5
2025-05-09,46,6
2025-05-10,03,3
2025-05-10,12,1
2025-05-10,46,1
2025-05-11,03,4
2025-05-11,12,1
2025-05-12,03,35
2025-05-12,12,3
2025-05-12,46,6
2025-05-13,03,44
2025-05-13,12,8
2025-05-13,46,4
2025-05-14,03,35
2025-05-14,12,6
2025-05-14,46,8
2025-05-15,03,13
2025-05-15,12,3
2025-05-15,46,5
2025-05-16,03,17
2025-05-16,12,5
2025-05-16,46,5
2025-05-17,03,2
2025-05-17,12,1
2025-05-17,46,7
2025-05-18,03,7
2025-05-18,46,2
2025-05-19,03,26
2025-05-19,12,7
2025-05-19,46,5
2025-05-20,03,47
2025-05-20,12,4
2025-05-20,46,6
2025-05-21,03,30
2025-05-21,12,2
2025-05-21,46,7
2025-05-22,03,29
2025-05-22,12,8
2025-05-22,46,14
2025-05-23,03,29
2025-05-23,12,7
2025-05-23,46,6
2025-05-24,03,4
2025-05-24,12,2
2025-05-24,46,3
2025-05-25,03,4
2025-05-25,12,2
2025-05-25,46,2
2025-05-26,03,24
2025-05-26,12,12
2025-05-26,46,10
2025-05-27,03,25
2025-05-27,12,6
2025-05-27,46,13
2025-05-28,03,36
2025-05-28,12,14
2025-05-28,46,15
2025-05-29,03,18
2025-05-29,12,10
2025-05-29,46,6
2025-05-30,03,22
2025-05-30,12,8
2025-05-30,46,15
2025-05-31,03,3
2025-05-31,46,1
2025-06-01,03,4
2025-06-01,12,2
2025-06-01,46,3
2025-06-02,03,31
2025-06-02,12,2
2025-06-02,46,5
2025-06-03,03,40
2025-06-03,12,7
2025-06-03,46,7
2025-06-04,03,18
2025-06-04,12,10
2025-06-04,46,12
2025-06-05,03,47
2025-06-05,12,5
2025-06-05,46,12
2025-06-06,03,19
2025-06-06,12,13
2025-06-06,46,2
2025-06-07,03,5
2025-06-07,46,4
2025-06-08,03,4
2025-06-08,12,1
2025-06-08,46,1
2025-06-09,03,52
2025-06-09,12,8
2025-06-09,46,10
2025-06-10,03,30
2025-06-10,12,8
2025-06-10,46,8
2025-06-11,03,33
2025-06-11,12,4
2025-06-11,46,8
2025-06-12,03,33
2025-06-12,12,11
2025-06-12,46,9
2025-06-13,03,32
2025-06-13,12,13
2025-06-13,46,14
2025-06-14,03,11
2025-06-14,12,1
2025-06-14,46,5
2025-06-15,03,6
2025-06-15,12,2
2025-06-15,46,1
2025-06-16,03,31
2025-06-16,12,4
2025-06-16,46,12
2025-06-17,03,26
2025-06-17,12,5
2025-06-17,46,12
2025-06-18,03,25
2025-06-18,12,15
2025-06-18,46,9
2025-06-19,03,26
2025-06-19,12,11
2025-06-19,46,8
2025-06-20,03,19
2025-06-20,12,4
2025-06-20,46,5
2025-06-21,03,4
2025-06-21,12,2
2025-06-21,46,6
2025-06-22,03,5
2025-06-22,12,1
2025-06-22,46,2
2025-06-23,03,22
2025-06-23,12,3
2025-06-23,46,5
2025-06-24,03,21
2025-06-24,12,7
2025-06-24,46,2
2025-06-25,03,15
2025-06-25,12,14
2025-06-25,46,8
2025-06-26,03,38
2025-06-26,12,10
2025-06-26,46,8
2025-06-27,03,17
2025-06-27,12,8
2025-06-27,46,4
2025-06-28,03,7
2025-06-28,12,4
2025-06-28,46,3
2025-06-29,03,4
2025-06-29,12,7
2025-06-30,03,14
2025-06-30,12,11
2025-06-30,46,4
2025-07-01,03,20
2025-07-01,12,14
2025-07-01,46,10
2025-07-02,03,30
2025-07-02,12,21
2025-07-02,46,8
2025-07-03,03,18
2025-07-03,12,8
2025-07-03,46,10
2025-07-04,03,18
2025-07-04,12,6
2025-07-04,46,2
2025-07-05,46,2
2025-07-06,03,5
2025-07-06,12,1
2025-07-06,46,2
2025-07-07,03,18
2025-07-07,12,14
2025-07-07,46,10
2025-07-08,03,22
2025-07-08,12,23
2025-07-08,46,10
2025-07-09,03,25
2025-07-09,12,13
2025-07-09,46,3
2025-07-10,03,22
2025-07-10,12,10
2025-07-10,46,7
2025-07-11,03,23
2025-07-11,12,5
2025-07-11,46,7
2025-07-12,03,7
2025-07-12,12,4
2025-07-13,03,2
2025-07-13,46,3
2025-07-14,03,10
2025-07-14,12,10
2025-07-14,46,7
2025-07-15,03,21
2025-07-15,12,8
2025-07-15,46,4
2025-07-16,03,14
2025-07-16,12,5
2025-07-16,46,14
2025-07-17,03,23
2025-07-17,12,9
2025-07-17,46,7
2025-07-18,03,11
2025-07-18,12,5
2025-07-18,46,4
2025-07-19,03,2
2025-07-20,03,2
2025-07-20,46,2
2025-07-21,03,17
2025-07-21,12,2
2025-07-21,46,3
2025-07-22,03,26
2025-07-22,12,10
2025-07-22,46,14
2025-07-23,03,18
2025-07-23,12,6
2025-07-23,46,9
2025-07-24,03,27
2025-07-24,12,8
2025-07-24,46,7
2025-07-25,03,20
2025-07-25,12,9
2025-07-25,46,4
2025-07-26,03,6
2025-07-26,12,7
2025-07-26,46,2
2025-07-27,03,1
2025-07-27,12,1
2025-07-27,46,6
2025-07-28,03,17
2025-07-28,12,11
2025-07-28,46,11
2025-07-29,03,23
2025-07-29,12,3
2025-07-29,46,3
2025-07-30,03,17
2025-07-30,12,12
2025-07-30,46,6
2025-07-31,03,16
2025-07-31,12,6
2025-07-31,46,7
2025-08-01,03,7
2025-08-01,12,2
2025-08-01,46,3
2025-08-02,03,2
2025-08-02,12,1
2025-08-03,03,2
2025-08-04,03,13
2025-08-04,12,6
2025-08-04,46,6
2025-08-05,03,19
2025-08-05,12,6
2025-08-05,46,6
2025-08-06,03,17
2025-08-06,12,8
2025-08-06,46,9
2025-08-07,03,17
2025-08-07,12,4
2025-08-07,46,6
2025-08-08,03,16
2025-08-08,12,3
2025-08-08,46,2
2025-08-09,03,3
2025-08-10,03,8
2025-08-10,12,2
2025-08-10,46,2
2025-08-11,03,16
2025-08-11,12,5
2025-08-11,46,4
2025-08-12,03,19
2025-08-12,12,3
2025-08-12,46,1
2025-08-13,03,18
2025-08-13,12,1
2025-08-13,46,3
2025-08-14,03,4
2025-08-14,12,4
2025-08-14,46,7
2025-08-15,03,7
2025-08-16,12,1
2025-08-16,46,1
2025-08-17,12,2
2025-08-18,03,8
2025-08-18,12,1
2025-08-18,46,1
2025-08-19,03,12
2025-08-19,12,5
2025-08-19,46,2
2025-08-20,03,15
2025-08-20,12,4
2025-08-20,46,6
2025-08-21,03,11
2025-08-21,12,3
2025-08-21,46,3
2025-08-22,03,14
2025-08-22,12,3
2025-08-22,46,2
2025-08-23,03,2
2025-08-23,12,1
2025-08-24,03,1
2025-08-24,46,5
2025-08-25,03,17
2025-08-25,12,2
2025-08-25,46,2
2025-08-26,03,14
2025-08-26,12,2
2025-08-26,46,3
2025-08-27,03,10
2025-08-28,03,10
2025-08-28,12,1
2025-08-28,46,1
2025-08-29,03,6
2025-08-29,12,3
2025-08-29,46,1
2025-08-30,03,2
2025-08-31,03,2
2025-08-31,46,2
2025-09-01,03,13
2025-09-01,12,2
2025-09-01,46,2
2025-09-02,03,17
2025-09-02,12,4
2025-09-02,46,2
2025-09-03,03,5
2025-09-03,12,1
2025-09-03,46,2
2025-09-04,03,17
2025-09-04,12,3
2025-09-04,46,2
2025-09-05,03,14
2025-09-05,12,2
2025-09-05,46,4
2025-09-06,03,4
2025-09-07,03,1
2025-09-07,12,1
2025-09-07,46,1
2025-09-08,03,9
2025-09-08,46,2
2025-09-09,03,11
2025-09-09,12,2
2025-09-09,46,5
2025-09-10,03,12
2025-09-10,12,2
2025-09-10,46,1
2025-09-11,03,7
2025-09-11,12,4
2025-09-11,46,4
2025-09-12,03,13
2025-09-12,12,3
2025-09-12,46,1
2025-09-13,46,1
2025-09-14,03,2
2025-09-14,12,3
2025-09-15,03,18
2025-09-15,12,4
2025-09-15,46,8
2025-09-16,03,20
2025-09-16,12,2
2025-09-16,46,5
2025-09-17,03,10
2025-09-17,12,3
2025-09-17,46,4
2025-09-18,03,12
2025-09-18,12,2
2025-09-18,46,4
2025-09-19,03,5
2025-09-19,12,1
2025-09-19,46,12
2025-09-20,03,2
2025-09-20,12,1
2025-09-20,46,1
2025-09-21,03,4
2025-09-21,12,3
2025-09-22,03,13
2025-09-22,12,6
2025-09-22,46,2
2025-09-23,03,12
2025-09-23,12,2
2025-09-23,46,2
2025-09-24,03,20
2025-09-24,12,3
2025-09-24,46,4
2025-09-25,03,23
2025-09-25,12,3
2025-09-25,46,4
2025-09-26,03,9
2025-09-26,12,1
2025-09-26,46,10
2025-09-27,03,3
2025-09-27,46,1
2025-09-28,03,1
2025-09-28,46,1
2025-09-29,03,8
2025-09-29,12,1
2025-09-29,46,4
2025-09-30,03,14
2025-09-30,12,1
2025-09-30,46,3
2025-10-01,03,12
2025-10-01,12,4
2025-10-02,03,11
2025-10-02,12,4
2025-10-02,46,5
2025-10-03,03,6
2025-10-03,46,4
2025-10-04,03,3
2025-10-04,12,1
2025-10-05,03,1
2025-10-05,12,1
2025-10-05,46,2
2025-10-06,03,11
2025-10-06,46,12
2025-10-07,03,11
2025-10-07,12,3
2025-10-08,03,12
2025-10-08,46,2
2025-10-09,03,3
2025-10-09,12,2
2025-10-10,03,6
2025-10-10,12,1
2025-10-10,46,2
2025-10-11,03,2
2025-10-11,46,1
2025-10-12,03,4
2025-10-12,12,1
2025-10-13,03,11
2025-10-13,12,2
2025-10-13,46,4
2025-10-14,03,18
2025-10-14,12,4
2025-10-14,46,4
2025-10-15,03,13
2025-10-15,12,1
2025-10-15,46,1
2025-10-16,03,11
2025-10-16,12,4
2025-10-16,46,10
2025-10-17,03,11
2025-10-17,12,3
2025-10-17,46,3
2025-10-18,12,2
2025-10-19,03,1
2025-10-19,12,1
2025-10-20,03,8
2025-10-20,12,1
2025-10-20,46,1
2025-10-21,03,16
2025-10-21,12,20
2025-10-21,46,6
2025-10-22,03,10
2025-10-22,12,4
2025-10-22,46,2
2025-10-23,03,24
2025-10-23,12,1
2025-10-23,46,1
2025-10-24,03,14
2025-10-24,12,2
2025-10-24,46,4
2025-10-25,03,2
2025-10-25,12,1
2025-10-25,46,1
2025-10-26,03,7
2025-10-26,46,2
2025-10-27,03,8
2025-10-27,12,2
2025-10-27,46,4
2025-10-28,03,8
2025-10-28,46,1
2025-10-29,03,11
2025-10-29,12,6
2025-10-29,46,4
2025-10-30,03,23
2025-10-30,12,3
2025-10-30,46,2
2025-10-31,03,6
2025-10-31,12,1
2025-10-31,46,3
2025-11-01,03,2
2025-11-01,12,1
2025-11-01,46,1
2025-11-02,03,3
2025-11-02,12,1
2025-11-03,03,29
2025-11-03,12,2
2025-11-03,46,1
2025-11-04,03,27
2025-11-04,12,2
2025-11-04,46,3
2025-11-05,03,31
2025-11-05,12,2
2025-11-05,46,10
2025-11-06,03,20
2025-11-06,12,2
2025-11-06,46,6
2025-11-07,03,11
2025-11-07,12,4
2025-11-08,03,4
2025-11-08,12,1
2025-11-08,46,1
2025-11-09,03,6
2025-11-09,12,1
2025-11-09,46,1
2025-11-10,03,16
2025-11-10,12,1
2025-11-10,46,3
2025-11-11,03,20
2025-11-11,12,2
2025-11-11,46,4
2025-11-12,03,13
2025-11-12,12,3
2025-11-12,46,3
2025-11-13,03,29
2025-11-13,12,9
2025-11-13,46,5
2025-11-14,03,11
2025-11-14,12,1
2025-11-14,46,7
2025-11-15,03,1
2025-11-16,03,2
2025-11-17,03,15
2025-11-17,12,4
2025-11-17,46,2
2025-11-18,03,18
2025-11-18,12,3
2025-11-18,46,4
2025-11-19,03,23
2025-11-19,12,5
2025-11-20,03,10
2025-11-20,12,4
2025-11-20,46,2
2025-11-21,03,14
2025-11-21,12,4
2025-11-21,46,1
2025-11-22,03,1
2025-11-23,03,2
2025-11-24,03,13
2025-11-24,12,3
2025-11-24,46,1
2025-11-25,03,20
2025-11-25,12,9
2025-11-25,46,3
2025-11-26,03,15
2025-11-26,46,2
2025-11-27,03,14
2025-11-27,12,1
2025-11-27,46,11
2025-11-28,03,13
2025-11-28,12,4
2025-11-28,46,4
2025-11-29,46,1
2025-11-30,03,2
2025-11-30,12,1
2025-12-01,03,18
2025-12-01,12,5
2025-12-01,46,3
2025-12-02,03,33
2025-12-02,12,4
2025-12-02,46,3
2025-12-03,03,47
2025-12-03,12,7
2025-12-03,46,2
2025-12-04,03,18
2025-12-04,12,5
2025-12-04,46,3
2025-12-05,03,13
2025-12-05,12,3
2025-12-05,46,13
2025-12-06,03,1
2025-12-06,46,1
2025-12-07,03,1
2025-12-08,03,6
2025-12-09,03,16
2025-12-09,46,3
2025-12-10,03,9
2025-12-10,46,4
2025-12-11,03,32
2025-12-11,12,4
2025-12-11,46,9
2025-12-12,03,16
2025-12-12,12,2
2025-12-12,46,3
2025-12-13,03,6
2025-12-13,46,1
2025-12-14,03,6
2025-12-14,12,2
2025-12-14,46,1
2025-12-15,03,15
2025-12-15,12,2
2025-12-15,46,2
2025-12-16,03,15
2025-12-16,12,5
2025-12-16,46,5
2025-12-17,03,7
2025-12-17,12,2
2025-12-17,46,2
2025-12-18,03,24
2025-12-18,12,5
2025-12-18,46,4
2025-12-19,03,14
2025-12-19,46,3
2025-12-20,03,4
2025-12-21,03,1
2025-12-22,03,12
2025-12-22,12,2
2025-12-22,46,6
2025-12-23,03,12
2025-12-23,12,3
2025-12-23,46,1
2025-12-24,03,3
2025-12-24,12,1
2025-12-24,46,1
2025-12-25,03,4
2025-12-26,03,9
2025-12-26,12,1
2025-12-26,46,2
2025-12-27,03,1
2025-12-28,03,3
2025-12-29,03,8
2025-12-29,12,1
2025-12-29,46,1
2025-12-30,03,8
2025-12-31,03,5
2025-12-31,12,1
2026-01-02,03,5
2026-01-02,46,3
2026-01-03,03,6
2026-01-04,03,2
2026-01-05,03,7
2026-01-05,12,1
2026-01-05,46,3
2026-01-06,03,2
2026-01-06,12,1
2026-01-07,03,9
2026-01-07,46,3
2026-01-08,03,18
2026-01-08,12,2
2026-01-08,46,2
2026-01-09,03,13
2026-01-09,12,2
2026-01-09,46,1
2026-01-10,03,3
2026-01-10,46,2
2026-01-11,03,4
2026-01-11,12,3
2026-01-11,46,1
2026-01-12,03,12
2026-01-12,12,1
2026-01-12,46,3
2026-01-13,03,14
2026-01-13,46,2
2026-01-14,03,14
2026-01-14,12,2
2026-01-14,46,4
2026-01-15,03,15
2026-01-15,12,5
2026-01-15,46,3
2026-01-16,03,14
2026-01-16,12,3
2026-01-16,46,3
2026-01-17,03,9
2026-01-17,12,1
2026-01-18,03,10
2026-01-18,12,1
2026-01-18,46,1
2026-01-19,03,29
2026-01-19,12,4
2026-01-19,46,4
2026-01-20,03,19
2026-01-20,12,3
2026-01-20,46,3
2026-01-21,03,24
2026-01-21,12,3
2026-01-21,46,5
2026-01-22,03,20
2026-01-22,12,2
2026-01-22,46,2
2026-01-23,03,20
2026-01-23,46,3
2026-01-24,03,4
2026-01-24,12,1
2026-01-25,03,4
2026-01-25,12,3
2026-01-26,03,33
2026-01-26,12,1
2026-01-26,46,6
2026-01-27,03,15
2026-01-27,12,2
2026-01-27,46,2
2026-01-28,03,21
2026-01-28,12,10
2026-01-28,46,2
2026-01-29,03,18
2026-01-29,12,8
2026-01-29,46,7
2026-01-30,03,15
2026-01-30,12,4
2026-01-31,03,2
2026-02-01,46,3
2026-02-02,03,15
2026-02-02,12,4
2026-02-02,46,5
2026-02-03,03,14
2026-02-03,12,3
2026-02-03,46,13
2026-02-04,03,28
2026-02-04,12,3
2026-02-04,46,5
2026-02-05,03,15
2026-02-05,12,14
2026-02-05,46,2
2026-02-06,03,9
2026-02-06,12,10
2026-02-06,46,2
2026-02-07,03,2
2026-02-08,03,6
2026-02-08,46,1
2026-02-09,03,22
2026-02-09,12,11
2026-02-09,46,1
2026-02-10,03,10
2026-02-10,12,4
2026-02-10,46,14
2026-02-11,03,9
2026-02-11,12,4
2026-02-11,46,13
2026-02-12,03,21
2026-02-12,12,1
2026-02-12,46,8
2026-02-13,03,10
2026-02-13,12,2
2026-02-13,46,10
2026-02-14,03,1
2026-02-14,12,2
2026-02-14,46,1
2026-02-15,03,1
2026-02-15,12,1
2026-02-15,46,1
2026-02-16,03,15
2026-02-16,12,7
2026-02-16,46,3
2026-02-17,03,18
2026-02-17,12,8
2026-02-17,46,1
2026-02-18,03,22
2026-02-18,12,2
2026-02-18,46,3
2026-02-19,03,14
2026-02-19,12,2
2026-02-19,46,6
2026-02-20,03,13
2026-02-20,12,3
2026-02-20,46,3
2026-02-21,03,4
2026-02-21,46,3
2026-02-22,03,1
2026-02-22,12,1
2026-02-23,03,17
2026-02-23,12,8
2026-02-23,46,1
2026-02-24,03,11
2026-02-24,12,5
2026-02-24,46,6
2026-02-25,03,14
2026-02-25,12,8
2026-02-25,46,4
2026-02-26,03,16
2026-02-26,12,2
2026-02-26,46,4
2026-02-27,03,13
2026-02-27,12,4
2026-02-28,03,2
2026-02-28,12,1
2026-02-28,46,2
2026-03-01,03,2
2026-03-01,12,1
2026-03-01,46,2
2026-03-02,03,20
2026-03-02,12,5
2026-03-02,46,4
2026-03-03,03,20
2026-03-03,12,9
2026-03-03,46,4
2026-03-04,03,8
2026-03-04,12,7
2026-03-04,46,4
2026-03-05,03,23
2026-03-05,12,6
2026-03-05,46,7
2026-03-06,03,21
2026-03-06,12,4
2026-03-06,46,4
2026-03-07,03,5
2026-03-07,46,1
2026-03-08,03,5
2026-03-08,12,1
2026-03-09,03,22
2026-03-09,12,4
2026-03-09,46,3
2026-03-10,03,25
2026-03-10,12,4
2026-03-10,46,5
2026-03-11,03,12
2026-03-11,12,3
2026-03-11,46,2
2026-03-12,03,20
2026-03-12,12,5
2026-03-12,46,2
2026-03-13,03,8
2026-03-13,12,4
2026-03-13,46,3
2026-03-14,03,2
2026-03-14,12,1
2026-03-15,03,1
2026-03-15,12,2
2026-03-15,46,1
2026-03-16,03,21
2026-03-16,12,2
2026-03-16,46,1
2026-03-17,03,19
2026-03-17,12,5
2026-03-17,46,2
2026-03-18,03,14
2026-03-18,12,5
2026-03-18,46,4
2026-03-19,03,2
2026-03-19,12,3
2026-03-19,46,1
2026-03-20,03,20
2026-03-20,12,8
2026-03-20,46,4
2026-03-21,03,5
2026-03-21,12,3
2026-03-21,46,1
2026-03-22,03,3
2026-03-23,03,27
2026-03-23,12,8
2026-03-23,46,3
2026-03-24,03,17
2026-03-24,12,8
2026-03-24,46,2
2026-03-25,03,19
2026-03-25,12,8
2026-03-25,46,4
2026-03-26,03,25
2026-03-26,12,12
2026-03-26,46,4
2026-03-27,03,13
2026-03-27,12,3
2026-03-27,46,4
2026-03-28,03,2
2026-03-29,03,4
2026-03-29,46,1
2026-03-30,03,27
2026-03-30,12,4
2026-03-30,46,7
2026-03-31,03,16
2026-03-31,12,3
2026-03-31,46,1
2026-04-01,03,18
2026-04-01,12,5
2026-04-01,46,4
2026-04-02,03,15
2026-04-02,12,1
2026-04-02,46,7
2026-04-03,03,2
2026-04-04,03,3
2026-04-04,12,1
2026-04-05,03,1
2026-04-05,12,1
2026-04-06,03,4
2026-04-06,12,1
2026-04-06,46,1
2026-04-07,03,15
2026-04-07,12,3
2026-04-07,46,2
2026-04-08,03,8
2026-04-08,12,4
2026-04-08,46,3
2026-04-09,03,16
2026-04-09,46,4
2026-04-10,03,13
2026-04-10,12,6
2026-04-10,46,4
2026-04-11,03,4
2026-04-11,12,2
2026-04-12,03,7
2026-04-12,46,2
2026-04-13,03,7
2026-04-13,12,7
2026-04-13,46,2
2026-04-14,03,15
2026-04-14,12,8
2026-04-14,46,2
2026-04-15,03,22
2026-04-15,12,1
2026-04-15,46,3
2026-04-16,03,11
2026-04-16,12,2
2026-04-16,46,2
2026-04-17,03,6
2026-04-17,12,12
2026-04-17,46,4
2026-04-18,03,2
2026-04-18,46,1
2026-04-19,03,2
2026-04-19,12,1
2026-04-19,46,2
2026-04-20,03,15
2026-04-20,12,8
2026-04-20,46,2
2026-04-21,03,14
2026-04-21,12,5
2026-04-21,46,5
2026-04-22,03,29
2026-04-22,12,7
2026-04-22,46,3
2026-04-23,03,24
2026-04-23,12,6
2026-04-23,46,6
2026-04-24,03,26
2026-04-24,12,8
2026-04-24,46,6
2026-04-25,03,5
2026-04-25,12,2
2026-04-25,46,1
2026-04-26,03,9
2026-04-26,12,2
2026-04-27,03,16
2026-04-27,12,8
2026-04-27,46,4
2026-04-28,03,27
2026-04-28,12,7
2026-04-28,46,3
2026-04-29,03,45
2026-04-29,12,8
2026-04-29,46,3
2026-04-30,03,24
2026-04-30,12,2
2026-04-30,46,1
2026-05-01,03,3
2026-05-01,46,2
2026-05-02,03,1
2026-05-02,12,1
2026-05-03,12,3
2026-05-04,03,17
2026-05-04,12,5
2026-05-04,46,4
2026-05-05,03,23
2026-05-05,12,2
2026-05-05,46,2
2026-05-06,03,18
2026-05-06,12,4
2026-05-06,46,3
2026-05-07,03,21
2026-05-07,12,2
2026-05-07,46,7
2026-05-08,03,10
2026-05-08,12,15
2026-05-08,46,5
2026-05-09,03,6
2026-05-09,46,4
2026-05-10,03,3
2026-05-10,46,1
2026-05-11,03,34
2026-05-11,12,8
2026-05-11,46,2
2026-05-12,03,21
2026-05-12,12,15
2026-05-12,46,2
2026-05-13,03,16
2026-05-13,12,5
2026-05-13,46,14
2026-05-14,03,26
2026-05-14,12,4
2026-05-14,46,3
2026-05-15,03,23
2026-05-15,12,1
2026-05-15,46,4
2026-05-16,03,4
2026-05-16,12,1
2026-05-17,03,2
2026-05-18,03,14
2026-05-18,12,10
2026-05-18,46,2
2026-05-19,03,28
2026-05-19,12,5
2026-05-19,46,1
2026-05-20,03,14
2026-05-20,12,2
2026-05-20,46,3
2026-05-21,03,25
2026-05-21,12,6
2026-05-21,46,5
2026-05-22,03,17
2026-05-22,12,3
2026-05-22,46,4
2026-05-23,03,1
2026-05-23,46,1
2026-05-24,03,4
2026-05-24,12,2
2026-05-25,03,12
2026-05-25,12,3
2026-05-25,46,4
2026-05-26,03,14
2026-05-26,12,12
2026-05-26,46,6
2026-05-27,03,21
2026-05-27,12,5
2026-05-27,46,4
2026-05-28,03,17
2026-05-28,12,4
2026-05-28,46,5
2026-05-29,03,20
2026-05-29,12,4
2026-05-29,46,3
2026-05-30,03,1
2026-05-30,12,4
2026-05-30,46,2
2026-05-31,03,4
2026-05-31,12,3
2026-05-31,46,1
2026-06-01,03,23
2026-06-01,12,5
2026-06-01,46,6
2026-06-02,03,12
2026-06-02,12,5
2026-06-02,46,3
2026-06-03,03,23
2026-06-03,12,6
2026-06-03,46,6
2026-06-04,03,9
2026-06-04,12,3
2026-06-04,46,3
2026-06-05,03,27
2026-06-05,12,4
2026-06-05,46,5
2026-06-06,03,8
2026-06-06,12,1
2026-06-07,03,2
2026-06-07,46,1
2026-06-08,03,16
2026-06-08,12,2
2026-06-08,46,8
2026-06-09,03,17
2026-06-09,12,4
2026-06-09,46,4
2026-06-10,03,31
2026-06-10,12,2
2026-06-10,46,3
2026-06-11,03,15
2026-06-11,12,2
2026-06-11,46,2
2026-06-12,03,10
2026-06-12,12,4
2026-06-12,46,2
2026-06-13,03,4
2026-06-13,46,2
2026-06-14,03,3
2026-06-14,12,3
2026-06-15,03,19
2026-06-15,12,1
2026-06-15,46,3
2026-06-16,03,23
2026-06-16,12,2
2026-06-16,46,5
2026-06-17,03,18
2026-06-17,12,2
2026-06-18,03,28
2026-06-18,12,4
2026-06-18,46,1
2026-06-19,03,13
2026-06-19,46,24
2026-06-20,03,5
2026-06-20,12,5
2026-06-20,46,1
2026-06-21,03,3
2026-06-21,12,2
2026-06-21,46,2
2026-06-22,03,16
2026-06-22,12,4
2026-06-22,46,6
2026-06-23,03,19
2026-06-23,12,5
2026-06-23,46,20
2026-06-24,03,6
2026-06-24,12,1
2026-06-24,46,1
2026-06-25,03,21
2026-06-25,12,1
2026-06-25,46,1
2026-06-26,03,25
2026-06-26,12,3
2026-06-27,03,5
2026-06-28,03,4
2026-06-28,12,1
2026-06-29,03,19
2026-06-29,12,2
2026-06-30,03,20
2026-06-30,12,4
2026-06-30,46,1
2026-07-01,03,19
2026-07-01,12,4
2026-07-01,46,4
2026-07-02,03,14
2026-07-02,12,5
2026-07-02,46,1
2026-07-03,03,13
2026-07-03,12,4
2026-07-03,46,2
2026-07-04,03,2
2026-07-05,03,2
2026-07-05,12,1
2026-07-05,46,1
2026-07-06,03,21
2026-07-06,12,3
2026-07-06,46,2
2026-07-07,03,17
2026-07-07,12,4
2026-07-07,46,2
2026-07-08,03,37
2026-07-08,12,4
2026-07-08,46,2
2026-07-09,03,20
2026-07-09,12,6
2026-07-09,46,5
2026-07-10,03,12
2026-07-10,12,2
2026-07-10,46,2
2026-07-11,12,1
2026-07-12,03,3
2026-07-12,12,1
2026-07-13,03,8
2026-07-13,12,6
2026-07-13,46,1
2026-07-14,03,13
2026-07-14,12,5
2026-07-14,46,4
2026-07-15,03,4
2026-07-15,12,2
2026-07-16,03,13
2026-07-16,12,3
2026-07-16,46,1
2026-07-17,03,14
2026-07-17,12,5
2026-07-17,46,2
2026-07-18,12,3
2026-07-18,46,1
2026-07-19,12,2
2026-07-20,03,7
2026-07-20,12,1
2026-07-20,46,3
2026-07-21,03,17
2026-07-21,12,11
2026-07-21,46,3
2026-07-22,03,14
2026-07-22,12,6
2026-07-22,46,8
2026-07-23,03,16
2026-07-23,12,4
2026-07-23,46,4
2026-07-24,03,11
2026-07-24,12,2
2026-07-24,46,4
2026-07-25,03,4
2026-07-25,12,1
2026-07-25,46,1
2026-07-26,03,1
2026-07-27,03,11
2026-07-27,12,5
2026-07-27,46,3
2026-07-28,03,7
2026-07-28,12,4
2026-07-28,46,4
2026-07-29,03,8
2026-07-29,12,6
2026-07-29,46,6
2026-07-30,03,14
2026-07-30,12,2
2026-07-31,03,7
2026-07-31,12,5
2026-07-31,46,1
2026-08-01,03,1
2026-08-02,12,2
2026-08-02,46,1
2026-08-03,03,8
2026-08-03,12,3
2026-08-03,46,3
2026-08-04,03,8
2026-08-04,12,1
2026-08-04,46,2
2026-08-05,03,7
2026-08-05,12,2
2026-08-05,46,4
2026-08-06,03,25
2026-08-06,12,2
2026-08-06,46,5
2026-08-07,03,16
2026-08-07,12,1
2026-08-07,46,2
2026-08-08,03,3
2026-08-09,03,2
2026-08-09,46,1
2026-08-10,03,4
2026-08-10,12,1
2026-08-10,46,1
2026-08-11,03,12
2026-08-11,12,2
2026-08-12,03,13
2026-08-12,12,2
2026-08-12,46,1
2026-08-13,03,8
2026-08-13,12,2
2026-08-13,46,1
2026-08-14,03,6
2026-08-14,12,2
2026-08-15,03,3
2026-08-16,03,1
2026-08-17,03,6
2026-08-18,03,11
2026-08-18,12,1
2026-08-19,03,10
2026-08-19,12,2
2026-08-19,46,1
2026-08-20,03,5
2026-08-21,03,6
2026-08-21,12,2
2026-08-21,46,1
2026-08-24,03,6
2026-08-24,12,1
2026-08-24,46,1
2026-08-25,03,8
2026-08-25,46,1
2026-08-26,03,11
2026-08-26,12,1
2026-08-26,46,1
2026-08-27,03,4
2026-08-27,12,1
2026-08-27,46,1
2026-08-28,03,8
2026-08-28,12,2
2026-08-29,03,1
2026-08-30,12,1
2026-08-31,03,9
2026-08-31,46,3
2026-09-01,03,9
2026-09-01,12,1
2026-09-01,46,1
2026-09-02,03,6
2026-09-02,12,1
2026-09-02,46,1
2026-09-03,03,11
2026-09-03,12,1
2026-09-03,46,1
2026-09-04,03,9
2026-09-05,03,1
2026-09-06,03,3
2026-09-06,12,1
2026-09-07,03,9
2026-09-08,03,8
2026-09-08,12,1
2026-09-08,46,2
2026-09-09,03,9
2026-09-09,12,2
2026-09-10,03,12
2026-09-10,46,5
2026-09-11,03,13
2026-09-11,12,1
2026-09-12,03,2
2026-09-12,46,1
2026-09-14,03,15
2026-09-14,12,1
2026-09-15,03,15
2026-09-15,12,1
2026-09-15,46,1
2026-09-16,03,5
2026-09-16,12,2
2026-09-16,46,2
2026-09-17,03,19
2026-09-17,12,3
2026-09-17,46,1
2026-09-18,03,9
2026-09-18,12,1
2026-09-18,46,2
2026-09-19,03,2
2026-09-19,46,2
2026-09-21,03,14
2026-09-21,46,3
2026-09-22,03,15
2026-09-22,12,3
2026-09-22,46,2
2026-09-23,03,21
2026-09-23,12,2
2026-09-23,46,3
2026-09-24,03,17
2026-09-24,12,1
2026-09-24,46,1
2026-09-25,03,18
2026-09-25,46,1
2026-09-26,03,3
2026-09-27,03,2
2026-09-28,03,18
2026-09-28,12,1
2026-09-28,46,1
2026-09-29,03,20
2026-09-29,12,2
2026-09-30,03,20
2026-09-30,12,3
2026-09-30,46,2
