series,province,quarter,value
P-TOT,ALMERIA,2021Q1,245
P-TOT,ALMERIA,2021Q2,219
P-TOT,ALMERIA,2021Q3,242
P-TOT,ALMERIA,2021Q4,242
P-TOT,ALMERIA,2022Q1,329
P-TOT,ALMERIA,2022Q2,254
P-TOT,ALMERIA,2022Q3,192
P-TOT,ALMERIA,2022Q4,252
P-TOT,ALMERIA,2023Q1,184
P-TOT,ALMERIA,2023Q2,211
P-TOT,ALMERIA,2023Q3,136
P-TOT,ALMERIA,2023Q4,171
P-TOT,ALMERIA,2024Q1,174
P-TOT,ALMERIA,2024Q2,118
P-TOT,ALMERIA,2024Q3,152
P-TOT,ALMERIA,2024Q4,113
P-TOT,ALMERIA,2025Q1,153
P-TOT,ALMERIA,2025Q2,145
P-TOT,ALMERIA,2025Q3,113
P-TOT,ALMERIA,2025Q4,100
P-TOT,ALMERIA,2026Q1,54
P-TOT,CADIZ,2021Q1,277
P-TOT,CADIZ,2021Q2,254
P-TOT,CADIZ,2021Q3,208
P-TOT,CADIZ,2021Q4,233
P-TOT,CADIZ,2022Q1,260
P-TOT,CADIZ,2022Q2,308
P-TOT,CADIZ,2022Q3,202
P-TOT,CADIZ,2022Q4,183
P-TOT,CADIZ,2023Q1,159
P-TOT,CADIZ,2023Q2,90
P-TOT,CADIZ,2023Q3,152
P-TOT,CADIZ,2023Q4,154
P-TOT,CADIZ,2024Q1,152
P-TOT,CADIZ,2024Q2,164
P-TOT,CADIZ,2024Q3,124
P-TOT,CADIZ,2024Q4,141
P-TOT,CADIZ,2025Q1,137
P-TOT,CADIZ,2025Q2,119
P-TOT,CADIZ,2025Q3,88
P-TOT,CADIZ,2025Q4,151
P-TOT,CADIZ,2026Q1,122
P-TOT,CORDOBA,2021Q1,95
P-TOT,CORDOBA,2021Q2,96
P-TOT,CORDOBA,2021Q3,79
P-TOT,CORDOBA,2021Q4,92
P-TOT,CORDOBA,2022Q1,107
P-TOT,CORDOBA,2022Q2,128
P-TOT,CORDOBA,2022Q3,62
P-TOT,CORDOBA,2022Q4,104
P-TOT,CORDOBA,2023Q1,51
P-TOT,CORDOBA,2023Q2,61
P-TOT,CORDOBA,2023Q3,45
P-TOT,CORDOBA,2023Q4,53
P-TOT,CORDOBA,2024Q1,58
P-TOT,CORDOBA,2024Q2,81
P-TOT,CORDOBA,2024Q3,48
P-TOT,CORDOBA,2024Q4,55
P-TOT,CORDOBA,2025Q1,52
P-TOT,CORDOBA,2025Q2,58
P-TOT,CORDOBA,2025Q3,36
P-TOT,CORDOBA,2025Q4,53
P-TOT,CORDOBA,2026Q1,70
P-TOT,GRANADA,2021Q1,228
P-TOT,GRANADA,2021Q2,233
P-TOT,GRANADA,2021Q3,161
P-TOT,GRANADA,2021Q4,154
P-TOT,GRANADA,2022Q1,187
P-TOT,GRANADA,2022Q2,201
P-TOT,GRANADA,2022Q3,160
P-TOT,GRANADA,2022Q4,209
P-TOT,GRANADA,2023Q1,121
P-TOT,GRANADA,2023Q2,96
P-TOT,GRANADA,2023Q3,130
P-TOT,GRANADA,2023Q4,120
P-TOT,GRANADA,2024Q1,95
P-TOT,GRANADA,2024Q2,94
P-TOT,GRANADA,2024Q3,69
P-TOT,GRANADA,2024Q4,78
P-TOT,GRANADA,2025Q1,114
P-TOT,GRANADA,2025Q2,82
P-TOT,GRANADA,2025Q3,54
P-TOT,GRANADA,2025Q4,81
P-TOT,GRANADA,2026Q1,142
P-TOT,HUELVA,2021Q1,95
P-TOT,HUELVA,2021Q2,105
P-TOT,HUELVA,2021Q3,75
P-TOT,HUELVA,2021Q4,123
P-TOT,HUELVA,2022Q1,115
P-TOT,HUELVA,2022Q2,108
P-TOT,HUELVA,2022Q3,86
P-TOT,HUELVA,2022Q4,115
P-TOT,HUELVA,2023Q1,108
P-TOT,HUELVA,2023Q2,86
P-TOT,HUELVA,2023Q3,71
P-TOT,HUELVA,2023Q4,69
P-TOT,HUELVA,2024Q1,84
P-TOT,HUELVA,2024Q2,89
P-TOT,HUELVA,2024Q3,52
P-TOT,HUELVA,2024Q4,61
P-TOT,HUELVA,2025Q1,62
P-TOT,HUELVA,2025Q2,103
P-TOT,HUELVA,2025Q3,31
P-TOT,HUELVA,2025Q4,51
P-TOT,HUELVA,2026Q1,23
P-TOT,JAEN,2021Q1,63
P-TOT,JAEN,2021Q2,76
P-TOT,JAEN,2021Q3,50
P-TOT,JAEN,2021Q4,51
P-TOT,JAEN,2022Q1,51
P-TOT,JAEN,2022Q2,53
P-TOT,JAEN,2022Q3,44
P-TOT,JAEN,2022Q4,74
P-TOT,JAEN,2023Q1,61
P-TOT,JAEN,2023Q2,44
P-TOT,JAEN,2023Q3,30
P-TOT,JAEN,2023Q4,42
P-TOT,JAEN,2024Q1,35
P-TOT,JAEN,2024Q2,42
P-TOT,JAEN,2024Q3,36
P-TOT,JAEN,2024Q4,34
P-TOT,JAEN,2025Q1,42
P-TOT,JAEN,2025Q2,38
P-TOT,JAEN,2025Q3,26
P-TOT,JAEN,2025Q4,33
P-TOT,JAEN,2026Q1,24
P-TOT,MALAGA,2021Q1,560
P-TOT,MALAGA,2021Q2,517
P-TOT,MALAGA,2021Q3,444
P-TOT,MALAGA,2021Q4,496
P-TOT,MALAGA,2022Q1,539
P-TOT,MALAGA,2022Q2,525
P-TOT,MALAGA,2022Q3,363
P-TOT,MALAGA,2022Q4,476
P-TOT,MALAGA,2023Q1,376
P-TOT,MALAGA,2023Q2,252
P-TOT,MALAGA,2023Q3,261
P-TOT,MALAGA,2023Q4,351
P-TOT,MALAGA,2024Q1,299
P-TOT,MALAGA,2024Q2,357
P-TOT,MALAGA,2024Q3,241
P-TOT,MALAGA,2024Q4,306
P-TOT,MALAGA,2025Q1,340
P-TOT,MALAGA,2025Q2,366
P-TOT,MALAGA,2025Q3,248
P-TOT,MALAGA,2025Q4,182
P-TOT,MALAGA,2026Q1,94
P-TOT,SEVILLA,2021Q1,215
P-TOT,SEVILLA,2021Q2,295
P-TOT,SEVILLA,2021Q3,177
P-TOT,SEVILLA,2021Q4,215
P-TOT,SEVILLA,2022Q1,270
P-TOT,SEVILLA,2022Q2,345
P-TOT,SEVILLA,2022Q3,194
P-TOT,SEVILLA,2022Q4,221
P-TOT,SEVILLA,2023Q1,219
P-TOT,SEVILLA,2023Q2,211
P-TOT,SEVILLA,2023Q3,156
P-TOT,SEVILLA,2023Q4,178
P-TOT,SEVILLA,2024Q1,179
P-TOT,SEVILLA,2024Q2,184
P-TOT,SEVILLA,2024Q3,136
P-TOT,SEVILLA,2024Q4,176
P-TOT,SEVILLA,2025Q1,225
P-TOT,SEVILLA,2025Q2,179
P-TOT,SEVILLA,2025Q3,149
P-TOT,SEVILLA,2025Q4,171
P-TOT,SEVILLA,2026Q1,87
P-TOT,HUESCA,2021Q1,41
P-TOT,HUESCA,2021Q2,39
P-TOT,HUESCA,2021Q3,36
P-TOT,HUESCA,2021Q4,33
P-TOT,HUESCA,2022Q1,42
P-TOT,HUESCA,2022Q2,46
P-TOT,HUESCA,2022Q3,33
P-TOT,HUESCA,2022Q4,42
P-TOT,HUESCA,2023Q1,36
P-TOT,HUESCA,2023Q2,33
P-TOT,HUESCA,2023Q3,33
P-TOT,HUESCA,2023Q4,44
P-TOT,HUESCA,2024Q1,37
P-TOT,HUESCA,2024Q2,49
P-TOT,HUESCA,2024Q3,34
P-TOT,HUESCA,2024Q4,41
P-TOT,HUESCA,2025Q1,35
P-TOT,HUESCA,2025Q2,35
P-TOT,HUESCA,2025Q3,30
P-TOT,HUESCA,2025Q4,30
P-TOT,HUESCA,2026Q1,26
P-TOT,TERUEL,2021Q1,8
P-TOT,TERUEL,2021Q2,6
P-TOT,TERUEL,2021Q3,7
P-TOT,TERUEL,2021Q4,14
P-TOT,TERUEL,2022Q1,19
P-TOT,TERUEL,2022Q2,20
P-TOT,TERUEL,2022Q3,7
P-TOT,TERUEL,2022Q4,10
P-TOT,TERUEL,2023Q1,11
P-TOT,TERUEL,2023Q2,13
P-TOT,TERUEL,2023Q3,8
P-TOT,TERUEL,2023Q4,13
P-TOT,TERUEL,2024Q1,7
P-TOT,TERUEL,2024Q2,9
P-TOT,TERUEL,2024Q3,7
P-TOT,TERUEL,2024Q4,8
P-TOT,TERUEL,2025Q1,8
P-TOT,TERUEL,2025Q2,13
P-TOT,TERUEL,2025Q3,2
P-TOT,TERUEL,2025Q4,10
P-TOT,TERUEL,2026Q1,1
P-TOT,ZARAGOZA,2021Q1,165
P-TOT,ZARAGOZA,2021Q2,173
P-TOT,ZARAGOZA,2021Q3,208
P-TOT,ZARAGOZA,2021Q4,143
P-TOT,ZARAGOZA,2022Q1,173
P-TOT,ZARAGOZA,2022Q2,201
P-TOT,ZARAGOZA,2022Q3,124
P-TOT,ZARAGOZA,2022Q4,201
P-TOT,ZARAGOZA,2023Q1,140
P-TOT,ZARAGOZA,2023Q2,111
P-TOT,ZARAGOZA,2023Q3,78
P-TOT,ZARAGOZA,2023Q4,122
P-TOT,ZARAGOZA,2024Q1,110
P-TOT,ZARAGOZA,2024Q2,99
P-TOT,ZARAGOZA,2024Q3,89
P-TOT,ZARAGOZA,2024Q4,148
P-TOT,ZARAGOZA,2025Q1,140
P-TOT,ZARAGOZA,2025Q2,111
P-TOT,ZARAGOZA,2025Q3,96
P-TOT,ZARAGOZA,2025Q4,121
P-TOT,ZARAGOZA,2026Q1,25
P-TOT,ASTURIAS,2021Q1,214
P-TOT,ASTURIAS,2021Q2,206
P-TOT,ASTURIAS,2021Q3,131
P-TOT,ASTURIAS,2021Q4,192
P-TOT,ASTURIAS,2022Q1,202
P-TOT,ASTURIAS,2022Q2,205
P-TOT,ASTURIAS,2022Q3,140
P-TOT,ASTURIAS,2022Q4,205
P-TOT,ASTURIAS,2023Q1,103
P-TOT,ASTURIAS,2023Q2,84
P-TOT,ASTURIAS,2023Q3,116
P-TOT,ASTURIAS,2023Q4,182
P-TOT,ASTURIAS,2024Q1,180
P-TOT,ASTURIAS,2024Q2,233
P-TOT,ASTURIAS,2024Q3,123
P-TOT,ASTURIAS,2024Q4,168
P-TOT,ASTURIAS,2025Q1,182
P-TOT,ASTURIAS,2025Q2,182
P-TOT,ASTURIAS,2025Q3,111
P-TOT,ASTURIAS,2025Q4,128
P-TOT,ASTURIAS,2026Q1,48
P-TOT,ILLES BALEARS,2021Q1,445
P-TOT,ILLES BALEARS,2021Q2,367
P-TOT,ILLES BALEARS,2021Q3,267
P-TOT,ILLES BALEARS,2021Q4,272
P-TOT,ILLES BALEARS,2022Q1,338
P-TOT,ILLES BALEARS,2022Q2,315
P-TOT,ILLES BALEARS,2022Q3,256
P-TOT,ILLES BALEARS,2022Q4,300
P-TOT,ILLES BALEARS,2023Q1,201
P-TOT,ILLES BALEARS,2023Q2,276
P-TOT,ILLES BALEARS,2023Q3,188
P-TOT,ILLES BALEARS,2023Q4,215
P-TOT,ILLES BALEARS,2024Q1,207
P-TOT,ILLES BALEARS,2024Q2,236
P-TOT,ILLES BALEARS,2024Q3,227
P-TOT,ILLES BALEARS,2024Q4,210
P-TOT,ILLES BALEARS,2025Q1,272
P-TOT,ILLES BALEARS,2025Q2,245
P-TOT,ILLES BALEARS,2025Q3,210
P-TOT,ILLES BALEARS,2025Q4,124
P-TOT,ILLES BALEARS,2026Q1,54
P-TOT,LAS PALMAS,2021Q1,408
P-TOT,LAS PALMAS,2021Q2,427
P-TOT,LAS PALMAS,2021Q3,379
P-TOT,LAS PALMAS,2021Q4,358
P-TOT,LAS PALMAS,2022Q1,343
P-TOT,LAS PALMAS,2022Q2,338
P-TOT,LAS PALMAS,2022Q3,268
P-TOT,LAS PALMAS,2022Q4,280
P-TOT,LAS PALMAS,2023Q1,189
P-TOT,LAS PALMAS,2023Q2,328
P-TOT,LAS PALMAS,2023Q3,230
P-TOT,LAS PALMAS,2023Q4,313
P-TOT,LAS PALMAS,2024Q1,240
P-TOT,LAS PALMAS,2024Q2,224
P-TOT,LAS PALMAS,2024Q3,161
P-TOT,LAS PALMAS,2024Q4,212
P-TOT,LAS PALMAS,2025Q1,264
P-TOT,LAS PALMAS,2025Q2,230
P-TOT,LAS PALMAS,2025Q3,203
P-TOT,LAS PALMAS,2025Q4,159
P-TOT,LAS PALMAS,2026Q1,18
P-TOT,SANTA CRUZ DE TENERIFE,2021Q1,343
P-TOT,SANTA CRUZ DE TENERIFE,2021Q2,311
P-TOT,SANTA CRUZ DE TENERIFE,2021Q3,245
P-TOT,SANTA CRUZ DE TENERIFE,2021Q4,292
P-TOT,SANTA CRUZ DE TENERIFE,2022Q1,333
P-TOT,SANTA CRUZ DE TENERIFE,2022Q2,382
P-TOT,SANTA CRUZ DE TENERIFE,2022Q3,246
P-TOT,SANTA CRUZ DE TENERIFE,2022Q4,255
P-TOT,SANTA CRUZ DE TENERIFE,2023Q1,177
P-TOT,SANTA CRUZ DE TENERIFE,2023Q2,202
P-TOT,SANTA CRUZ DE TENERIFE,2023Q3,128
P-TOT,SANTA CRUZ DE TENERIFE,2023Q4,215
P-TOT,SANTA CRUZ DE TENERIFE,2024Q1,276
P-TOT,SANTA CRUZ DE TENERIFE,2024Q2,226
P-TOT,SANTA CRUZ DE TENERIFE,2024Q3,177
P-TOT,SANTA CRUZ DE TENERIFE,2024Q4,216
P-TOT,SANTA CRUZ DE TENERIFE,2025Q1,206
P-TOT,SANTA CRUZ DE TENERIFE,2025Q2,176
P-TOT,SANTA CRUZ DE TENERIFE,2025Q3,112
P-TOT,SANTA CRUZ DE TENERIFE,2025Q4,76
P-TOT,SANTA CRUZ DE TENERIFE,2026Q1,85
P-TOT,CANTABRIA,2021Q1,139
P-TOT,CANTABRIA,2021Q2,215
P-TOT,CANTABRIA,2021Q3,105
P-TOT,CANTABRIA,2021Q4,100
P-TOT,CANTABRIA,2022Q1,109
P-TOT,CANTABRIA,2022Q2,144
P-TOT,CANTABRIA,2022Q3,85
P-TOT,CANTABRIA,2022Q4,110
P-TOT,CANTABRIA,2023Q1,34
P-TOT,CANTABRIA,2023Q2,42
P-TOT,CANTABRIA,2023Q3,30
P-TOT,CANTABRIA,2023Q4,45
P-TOT,CANTABRIA,2024Q1,88
P-TOT,CANTABRIA,2024Q2,78
P-TOT,CANTABRIA,2024Q3,40
P-TOT,CANTABRIA,2024Q4,51
P-TOT,CANTABRIA,2025Q1,67
P-TOT,CANTABRIA,2025Q2,50
P-TOT,CANTABRIA,2025Q3,46
P-TOT,CANTABRIA,2025Q4,28
P-TOT,CANTABRIA,2026Q1,37
P-TOT,AVILA,2021Q1,40
P-TOT,AVILA,2021Q2,41
P-TOT,AVILA,2021Q3,20
P-TOT,AVILA,2021Q4,34
P-TOT,AVILA,2022Q1,64
P-TOT,AVILA,2022Q2,61
P-TOT,AVILA,2022Q3,12
P-TOT,AVILA,2022Q4,10
P-TOT,AVILA,2023Q1,12
P-TOT,AVILA,2023Q2,19
P-TOT,AVILA,2023Q3,9
P-TOT,AVILA,2023Q4,12
P-TOT,AVILA,2024Q1,20
P-TOT,AVILA,2024Q2,25
P-TOT,AVILA,2024Q3,14
P-TOT,AVILA,2024Q4,18
P-TOT,AVILA,2025Q1,21
P-TOT,AVILA,2025Q2,12
P-TOT,AVILA,2025Q3,10
P-TOT,AVILA,2025Q4,3
P-TOT,AVILA,2026Q1,5
P-TOT,BURGOS,2021Q1,130
P-TOT,BURGOS,2021Q2,82
P-TOT,BURGOS,2021Q3,70
P-TOT,BURGOS,2021Q4,66
P-TOT,BURGOS,2022Q1,67
P-TOT,BURGOS,2022Q2,88
P-TOT,BURGOS,2022Q3,59
P-TOT,BURGOS,2022Q4,65
P-TOT,BURGOS,2023Q1,86
P-TOT,BURGOS,2023Q2,44
P-TOT,BURGOS,2023Q3,41
P-TOT,BURGOS,2023Q4,49
P-TOT,BURGOS,2024Q1,72
P-TOT,BURGOS,2024Q2,49
P-TOT,BURGOS,2024Q3,16
P-TOT,BURGOS,2024Q4,44
P-TOT,BURGOS,2025Q1,45
P-TOT,BURGOS,2025Q2,35
P-TOT,BURGOS,2025Q3,34
P-TOT,BURGOS,2025Q4,37
P-TOT,BURGOS,2026Q1,16
P-TOT,LEON,2021Q1,124
P-TOT,LEON,2021Q2,116
P-TOT,LEON,2021Q3,89
P-TOT,LEON,2021Q4,174
P-TOT,LEON,2022Q1,110
P-TOT,LEON,2022Q2,98
P-TOT,LEON,2022Q3,78
P-TOT,LEON,2022Q4,112
P-TOT,LEON,2023Q1,92
P-TOT,LEON,2023Q2,40
P-TOT,LEON,2023Q3,54
P-TOT,LEON,2023Q4,132
P-TOT,LEON,2024Q1,86
P-TOT,LEON,2024Q2,94
P-TOT,LEON,2024Q3,54
P-TOT,LEON,2024Q4,78
P-TOT,LEON,2025Q1,64
P-TOT,LEON,2025Q2,69
P-TOT,LEON,2025Q3,52
P-TOT,LEON,2025Q4,58
P-TOT,LEON,2026Q1,20
P-TOT,PALENCIA,2021Q1,23
P-TOT,PALENCIA,2021Q2,26
P-TOT,PALENCIA,2021Q3,21
P-TOT,PALENCIA,2021Q4,15
P-TOT,PALENCIA,2022Q1,23
P-TOT,PALENCIA,2022Q2,27
P-TOT,PALENCIA,2022Q3,20
P-TOT,PALENCIA,2022Q4,22
P-TOT,PALENCIA,2023Q1,23
P-TOT,PALENCIA,2023Q2,23
P-TOT,PALENCIA,2023Q3,16
P-TOT,PALENCIA,2023Q4,26
P-TOT,PALENCIA,2024Q1,22
P-TOT,PALENCIA,2024Q2,24
P-TOT,PALENCIA,2024Q3,12
P-TOT,PALENCIA,2024Q4,21
P-TOT,PALENCIA,2025Q1,13
P-TOT,PALENCIA,2025Q2,11
P-TOT,PALENCIA,2025Q3,12
P-TOT,PALENCIA,2025Q4,18
P-TOT,PALENCIA,2026Q1,10
P-TOT,SALAMANCA,2021Q1,24
P-TOT,SALAMANCA,2021Q2,53
P-TOT,SALAMANCA,2021Q3,27
P-TOT,SALAMANCA,2021Q4,29
P-TOT,SALAMANCA,2022Q1,82
P-TOT,SALAMANCA,2022Q2,36
P-TOT,SALAMANCA,2022Q3,20
P-TOT,SALAMANCA,2022Q4,40
P-TOT,SALAMANCA,2023Q1,34
P-TOT,SALAMANCA,2023Q2,17
P-TOT,SALAMANCA,2023Q3,14
P-TOT,SALAMANCA,2023Q4,22
P-TOT,SALAMANCA,2024Q1,38
P-TOT,SALAMANCA,2024Q2,50
P-TOT,SALAMANCA,2024Q3,33
P-TOT,SALAMANCA,2024Q4,45
P-TOT,SALAMANCA,2025Q1,27
P-TOT,SALAMANCA,2025Q2,14
P-TOT,SALAMANCA,2025Q3,4
P-TOT,SALAMANCA,2025Q4,14
P-TOT,SALAMANCA,2026Q1,3
P-TOT,SEGOVIA,2021Q1,12
P-TOT,SEGOVIA,2021Q2,29
P-TOT,SEGOVIA,2021Q3,16
P-TOT,SEGOVIA,2021Q4,17
P-TOT,SEGOVIA,2022Q1,16
P-TOT,SEGOVIA,2022Q2,13
P-TOT,SEGOVIA,2022Q3,13
P-TOT,SEGOVIA,2022Q4,9
P-TOT,SEGOVIA,2023Q1,4
P-TOT,SEGOVIA,2023Q2,5
P-TOT,SEGOVIA,2023Q3,9
P-TOT,SEGOVIA,2023Q4,13
P-TOT,SEGOVIA,2024Q1,15
P-TOT,SEGOVIA,2024Q2,16
P-TOT,SEGOVIA,2024Q3,6
P-TOT,SEGOVIA,2024Q4,15
P-TOT,SEGOVIA,2025Q1,23
P-TOT,SEGOVIA,2025Q2,10
P-TOT,SEGOVIA,2025Q3,11
P-TOT,SEGOVIA,2025Q4,10
P-TOT,SEGOVIA,2026Q1,6
P-TOT,SORIA,2021Q1,14
P-TOT,SORIA,2021Q2,6
P-TOT,SORIA,2021Q3,8
P-TOT,SORIA,2021Q4,11
P-TOT,SORIA,2022Q1,14
P-TOT,SORIA,2022Q2,12
P-TOT,SORIA,2022Q3,8
P-TOT,SORIA,2022Q4,23
P-TOT,SORIA,2023Q1,13
P-TOT,SORIA,2023Q2,8
P-TOT,SORIA,2023Q3,0
P-TOT,SORIA,2023Q4,5
P-TOT,SORIA,2024Q1,7
P-TOT,SORIA,2024Q2,7
P-TOT,SORIA,2024Q3,2
P-TOT,SORIA,2024Q4,5
P-TOT,SORIA,2025Q1,8
P-TOT,SORIA,2025Q2,9
P-TOT,SORIA,2025Q3,4
P-TOT,SORIA,2025Q4,2
P-TOT,SORIA,2026Q1,2
P-TOT,VALLADOLID,2021Q1,69
P-TOT,VALLADOLID,2021Q2,71
P-TOT,VALLADOLID,2021Q3,47
P-TOT,VALLADOLID,2021Q4,78
P-TOT,VALLADOLID,2022Q1,111
P-TOT,VALLADOLID,2022Q2,85
P-TOT,VALLADOLID,2022Q3,56
P-TOT,VALLADOLID,2022Q4,66
P-TOT,VALLADOLID,2023Q1,36
P-TOT,VALLADOLID,2023Q2,40
P-TOT,VALLADOLID,2023Q3,44
P-TOT,VALLADOLID,2023Q4,50
P-TOT,VALLADOLID,2024Q1,43
P-TOT,VALLADOLID,2024Q2,65
P-TOT,VALLADOLID,2024Q3,45
P-TOT,VALLADOLID,2024Q4,49
P-TOT,VALLADOLID,2025Q1,47
P-TOT,VALLADOLID,2025Q2,54
P-TOT,VALLADOLID,2025Q3,45
P-TOT,VALLADOLID,2025Q4,39
P-TOT,VALLADOLID,2026Q1,21
P-TOT,ZAMORA,2021Q1,19
P-TOT,ZAMORA,2021Q2,8
P-TOT,ZAMORA,2021Q3,6
P-TOT,ZAMORA,2021Q4,14
P-TOT,ZAMORA,2022Q1,15
P-TOT,ZAMORA,2022Q2,18
P-TOT,ZAMORA,2022Q3,23
P-TOT,ZAMORA,2022Q4,20
P-TOT,ZAMORA,2023Q1,4
P-TOT,ZAMORA,2023Q2,9
P-TOT,ZAMORA,2023Q3,13
P-TOT,ZAMORA,2023Q4,9
P-TOT,ZAMORA,2024Q1,14
P-TOT,ZAMORA,2024Q2,7
P-TOT,ZAMORA,2024Q3,7
P-TOT,ZAMORA,2024Q4,4
P-TOT,ZAMORA,2025Q1,15
P-TOT,ZAMORA,2025Q2,19
P-TOT,ZAMORA,2025Q3,8
P-TOT,ZAMORA,2025Q4,18
P-TOT,ZAMORA,2026Q1,29
P-TOT,ALBACETE,2021Q1,58
P-TOT,ALBACETE,2021Q2,63
P-TOT,ALBACETE,2021Q3,44
P-TOT,ALBACETE,2021Q4,41
P-TOT,ALBACETE,2022Q1,54
P-TOT,ALBACETE,2022Q2,59
P-TOT,ALBACETE,2022Q3,35
P-TOT,ALBACETE,2022Q4,33
P-TOT,ALBACETE,2023Q1,24
P-TOT,ALBACETE,2023Q2,23
P-TOT,ALBACETE,2023Q3,16
P-TOT,ALBACETE,2023Q4,42
P-TOT,ALBACETE,2024Q1,44
P-TOT,ALBACETE,2024Q2,53
P-TOT,ALBACETE,2024Q3,27
P-TOT,ALBACETE,2024Q4,31
P-TOT,ALBACETE,2025Q1,28
P-TOT,ALBACETE,2025Q2,30
P-TOT,ALBACETE,2025Q3,21
P-TOT,ALBACETE,2025Q4,26
P-TOT,ALBACETE,2026Q1,12
P-TOT,CIUDAD REAL,2021Q1,77
P-TOT,CIUDAD REAL,2021Q2,69
P-TOT,CIUDAD REAL,2021Q3,41
P-TOT,CIUDAD REAL,2021Q4,48
P-TOT,CIUDAD REAL,2022Q1,44
P-TOT,CIUDAD REAL,2022Q2,28
P-TOT,CIUDAD REAL,2022Q3,26
P-TOT,CIUDAD REAL,2022Q4,52
P-TOT,CIUDAD REAL,2023Q1,29
P-TOT,CIUDAD REAL,2023Q2,18
P-TOT,CIUDAD REAL,2023Q3,16
P-TOT,CIUDAD REAL,2023Q4,26
P-TOT,CIUDAD REAL,2024Q1,34
P-TOT,CIUDAD REAL,2024Q2,41
P-TOT,CIUDAD REAL,2024Q3,32
P-TOT,CIUDAD REAL,2024Q4,32
P-TOT,CIUDAD REAL,2025Q1,41
P-TOT,CIUDAD REAL,2025Q2,38
P-TOT,CIUDAD REAL,2025Q3,27
P-TOT,CIUDAD REAL,2025Q4,29
P-TOT,CIUDAD REAL,2026Q1,23
P-TOT,CUENCA,2021Q1,15
P-TOT,CUENCA,2021Q2,19
P-TOT,CUENCA,2021Q3,13
P-TOT,CUENCA,2021Q4,16
P-TOT,CUENCA,2022Q1,17
P-TOT,CUENCA,2022Q2,13
P-TOT,CUENCA,2022Q3,9
P-TOT,CUENCA,2022Q4,5
P-TOT,CUENCA,2023Q1,2
P-TOT,CUENCA,2023Q2,10
P-TOT,CUENCA,2023Q3,14
P-TOT,CUENCA,2023Q4,6
P-TOT,CUENCA,2024Q1,10
P-TOT,CUENCA,2024Q2,16
P-TOT,CUENCA,2024Q3,8
P-TOT,CUENCA,2024Q4,10
P-TOT,CUENCA,2025Q1,3
P-TOT,CUENCA,2025Q2,10
P-TOT,CUENCA,2025Q3,13
P-TOT,CUENCA,2025Q4,16
P-TOT,CUENCA,2026Q1,4
P-TOT,GUADALAJARA,2021Q1,140
P-TOT,GUADALAJARA,2021Q2,119
P-TOT,GUADALAJARA,2021Q3,78
P-TOT,GUADALAJARA,2021Q4,115
P-TOT,GUADALAJARA,2022Q1,109
P-TOT,GUADALAJARA,2022Q2,102
P-TOT,GUADALAJARA,2022Q3,104
P-TOT,GUADALAJARA,2022Q4,87
P-TOT,GUADALAJARA,2023Q1,17
P-TOT,GUADALAJARA,2023Q2,21
P-TOT,GUADALAJARA,2023Q3,104
P-TOT,GUADALAJARA,2023Q4,81
P-TOT,GUADALAJARA,2024Q1,95
P-TOT,GUADALAJARA,2024Q2,73
P-TOT,GUADALAJARA,2024Q3,20
P-TOT,GUADALAJARA,2024Q4,31
P-TOT,GUADALAJARA,2025Q1,27
P-TOT,GUADALAJARA,2025Q2,18
P-TOT,GUADALAJARA,2025Q3,38
P-TOT,GUADALAJARA,2025Q4,11
P-TOT,GUADALAJARA,2026Q1,32
P-TOT,TOLEDO,2021Q1,114
P-TOT,TOLEDO,2021Q2,206
P-TOT,TOLEDO,2021Q3,116
P-TOT,TOLEDO,2021Q4,116
P-TOT,TOLEDO,2022Q1,178
P-TOT,TOLEDO,2022Q2,149
P-TOT,TOLEDO,2022Q3,88
P-TOT,TOLEDO,2022Q4,72
P-TOT,TOLEDO,2023Q1,67
P-TOT,TOLEDO,2023Q2,73
P-TOT,TOLEDO,2023Q3,60
P-TOT,TOLEDO,2023Q4,99
P-TOT,TOLEDO,2024Q1,84
P-TOT,TOLEDO,2024Q2,84
P-TOT,TOLEDO,2024Q3,66
P-TOT,TOLEDO,2024Q4,66
P-TOT,TOLEDO,2025Q1,141
P-TOT,TOLEDO,2025Q2,101
P-TOT,TOLEDO,2025Q3,61
P-TOT,TOLEDO,2025Q4,61
P-TOT,TOLEDO,2026Q1,37
P-TOT,BARCELONA,2021Q1,1653
P-TOT,BARCELONA,2021Q2,1766
P-TOT,BARCELONA,2021Q3,1321
P-TOT,BARCELONA,2021Q4,1587
P-TOT,BARCELONA,2022Q1,1684
P-TOT,BARCELONA,2022Q2,1635
P-TOT,BARCELONA,2022Q3,1127
P-TOT,BARCELONA,2022Q4,1331
P-TOT,BARCELONA,2023Q1,1211
P-TOT,BARCELONA,2023Q2,1507
P-TOT,BARCELONA,2023Q3,894
P-TOT,BARCELONA,2023Q4,1248
P-TOT,BARCELONA,2024Q1,1330
P-TOT,BARCELONA,2024Q2,1428
P-TOT,BARCELONA,2024Q3,931
P-TOT,BARCELONA,2024Q4,1451
P-TOT,BARCELONA,2025Q1,1534
P-TOT,BARCELONA,2025Q2,1326
P-TOT,BARCELONA,2025Q3,857
P-TOT,BARCELONA,2025Q4,1095
P-TOT,BARCELONA,2026Q1,514
P-TOT,GIRONA,2021Q1,364
P-TOT,GIRONA,2021Q2,422
P-TOT,GIRONA,2021Q3,300
P-TOT,GIRONA,2021Q4,416
P-TOT,GIRONA,2022Q1,322
P-TOT,GIRONA,2022Q2,372
P-TOT,GIRONA,2022Q3,283
P-TOT,GIRONA,2022Q4,317
P-TOT,GIRONA,2023Q1,253
P-TOT,GIRONA,2023Q2,344
P-TOT,GIRONA,2023Q3,192
P-TOT,GIRONA,2023Q4,256
P-TOT,GIRONA,2024Q1,219
P-TOT,GIRONA,2024Q2,329
P-TOT,GIRONA,2024Q3,215
P-TOT,GIRONA,2024Q4,332
P-TOT,GIRONA,2025Q1,272
P-TOT,GIRONA,2025Q2,311
P-TOT,GIRONA,2025Q3,207
P-TOT,GIRONA,2025Q4,258
P-TOT,GIRONA,2026Q1,260
P-TOT,LLEIDA,2021Q1,138
P-TOT,LLEIDA,2021Q2,154
P-TOT,LLEIDA,2021Q3,109
P-TOT,LLEIDA,2021Q4,115
P-TOT,LLEIDA,2022Q1,147
P-TOT,LLEIDA,2022Q2,122
P-TOT,LLEIDA,2022Q3,145
P-TOT,LLEIDA,2022Q4,89
P-TOT,LLEIDA,2023Q1,142
P-TOT,LLEIDA,2023Q2,182
P-TOT,LLEIDA,2023Q3,78
P-TOT,LLEIDA,2023Q4,120
P-TOT,LLEIDA,2024Q1,74
P-TOT,LLEIDA,2024Q2,115
P-TOT,LLEIDA,2024Q3,66
P-TOT,LLEIDA,2024Q4,75
P-TOT,LLEIDA,2025Q1,70
P-TOT,LLEIDA,2025Q2,56
P-TOT,LLEIDA,2025Q3,67
P-TOT,LLEIDA,2025Q4,69
P-TOT,LLEIDA,2026Q1,52
P-TOT,TARRAGONA,2021Q1,282
P-TOT,TARRAGONA,2021Q2,282
P-TOT,TARRAGONA,2021Q3,221
P-TOT,TARRAGONA,2021Q4,268
P-TOT,TARRAGONA,2022Q1,257
P-TOT,TARRAGONA,2022Q2,285
P-TOT,TARRAGONA,2022Q3,169
P-TOT,TARRAGONA,2022Q4,289
P-TOT,TARRAGONA,2023Q1,109
P-TOT,TARRAGONA,2023Q2,241
P-TOT,TARRAGONA,2023Q3,149
P-TOT,TARRAGONA,2023Q4,222
P-TOT,TARRAGONA,2024Q1,247
P-TOT,TARRAGONA,2024Q2,219
P-TOT,TARRAGONA,2024Q3,129
P-TOT,TARRAGONA,2024Q4,221
P-TOT,TARRAGONA,2025Q1,193
P-TOT,TARRAGONA,2025Q2,217
P-TOT,TARRAGONA,2025Q3,129
P-TOT,TARRAGONA,2025Q4,153
P-TOT,TARRAGONA,2026Q1,95
P-TOT,ALICANTE,2021Q1,698
P-TOT,ALICANTE,2021Q2,807
P-TOT,ALICANTE,2021Q3,702
P-TOT,ALICANTE,2021Q4,753
P-TOT,ALICANTE,2022Q1,996
P-TOT,ALICANTE,2022Q2,684
P-TOT,ALICANTE,2022Q3,440
P-TOT,ALICANTE,2022Q4,575
P-TOT,ALICANTE,2023Q1,424
P-TOT,ALICANTE,2023Q2,403
P-TOT,ALICANTE,2023Q3,368
P-TOT,ALICANTE,2023Q4,470
P-TOT,ALICANTE,2024Q1,464
P-TOT,ALICANTE,2024Q2,412
P-TOT,ALICANTE,2024Q3,290
P-TOT,ALICANTE,2024Q4,406
P-TOT,ALICANTE,2025Q1,330
P-TOT,ALICANTE,2025Q2,334
P-TOT,ALICANTE,2025Q3,239
P-TOT,ALICANTE,2025Q4,356
P-TOT,ALICANTE,2026Q1,263
P-TOT,CASTELLON,2021Q1,215
P-TOT,CASTELLON,2021Q2,193
P-TOT,CASTELLON,2021Q3,122
P-TOT,CASTELLON,2021Q4,178
P-TOT,CASTELLON,2022Q1,176
P-TOT,CASTELLON,2022Q2,225
P-TOT,CASTELLON,2022Q3,90
P-TOT,CASTELLON,2022Q4,141
P-TOT,CASTELLON,2023Q1,138
P-TOT,CASTELLON,2023Q2,104
P-TOT,CASTELLON,2023Q3,59
P-TOT,CASTELLON,2023Q4,104
P-TOT,CASTELLON,2024Q1,124
P-TOT,CASTELLON,2024Q2,97
P-TOT,CASTELLON,2024Q3,96
P-TOT,CASTELLON,2024Q4,104
P-TOT,CASTELLON,2025Q1,86
P-TOT,CASTELLON,2025Q2,94
P-TOT,CASTELLON,2025Q3,81
P-TOT,CASTELLON,2025Q4,41
P-TOT,CASTELLON,2026Q1,24
P-TOT,VALENCIA,2021Q1,640
P-TOT,VALENCIA,2021Q2,760
P-TOT,VALENCIA,2021Q3,493
P-TOT,VALENCIA,2021Q4,621
P-TOT,VALENCIA,2022Q1,691
P-TOT,VALENCIA,2022Q2,615
P-TOT,VALENCIA,2022Q3,405
P-TOT,VALENCIA,2022Q4,556
P-TOT,VALENCIA,2023Q1,448
P-TOT,VALENCIA,2023Q2,583
P-TOT,VALENCIA,2023Q3,332
P-TOT,VALENCIA,2023Q4,436
P-TOT,VALENCIA,2024Q1,449
P-TOT,VALENCIA,2024Q2,497
P-TOT,VALENCIA,2024Q3,324
P-TOT,VALENCIA,2024Q4,347
P-TOT,VALENCIA,2025Q1,378
P-TOT,VALENCIA,2025Q2,378
P-TOT,VALENCIA,2025Q3,280
P-TOT,VALENCIA,2025Q4,395
P-TOT,VALENCIA,2026Q1,454
P-TOT,BADAJOZ,2021Q1,104
P-TOT,BADAJOZ,2021Q2,81
P-TOT,BADAJOZ,2021Q3,73
P-TOT,BADAJOZ,2021Q4,82
P-TOT,BADAJOZ,2022Q1,74
P-TOT,BADAJOZ,2022Q2,80
P-TOT,BADAJOZ,2022Q3,42
P-TOT,BADAJOZ,2022Q4,84
P-TOT,BADAJOZ,2023Q1,39
P-TOT,BADAJOZ,2023Q2,57
P-TOT,BADAJOZ,2023Q3,44
P-TOT,BADAJOZ,2023Q4,62
P-TOT,BADAJOZ,2024Q1,48
P-TOT,BADAJOZ,2024Q2,49
P-TOT,BADAJOZ,2024Q3,27
P-TOT,BADAJOZ,2024Q4,40
P-TOT,BADAJOZ,2025Q1,57
P-TOT,BADAJOZ,2025Q2,54
P-TOT,BADAJOZ,2025Q3,34
P-TOT,BADAJOZ,2025Q4,44
P-TOT,BADAJOZ,2026Q1,20
P-TOT,CACERES,2021Q1,22
P-TOT,CACERES,2021Q2,42
P-TOT,CACERES,2021Q3,19
P-TOT,CACERES,2021Q4,25
P-TOT,CACERES,2022Q1,54
P-TOT,CACERES,2022Q2,32
P-TOT,CACERES,2022Q3,16
P-TOT,CACERES,2022Q4,33
P-TOT,CACERES,2023Q1,15
P-TOT,CACERES,2023Q2,23
P-TOT,CACERES,2023Q3,17
P-TOT,CACERES,2023Q4,23
P-TOT,CACERES,2024Q1,28
P-TOT,CACERES,2024Q2,31
P-TOT,CACERES,2024Q3,21
P-TOT,CACERES,2024Q4,25
P-TOT,CACERES,2025Q1,19
P-TOT,CACERES,2025Q2,32
P-TOT,CACERES,2025Q3,13
P-TOT,CACERES,2025Q4,8
P-TOT,CACERES,2026Q1,11
P-TOT,A CORUNA,2021Q1,237
P-TOT,A CORUNA,2021Q2,188
P-TOT,A CORUNA,2021Q3,134
P-TOT,A CORUNA,2021Q4,165
P-TOT,A CORUNA,2022Q1,186
P-TOT,A CORUNA,2022Q2,167
P-TOT,A CORUNA,2022Q3,118
P-TOT,A CORUNA,2022Q4,141
P-TOT,A CORUNA,2023Q1,59
P-TOT,A CORUNA,2023Q2,141
P-TOT,A CORUNA,2023Q3,139
P-TOT,A CORUNA,2023Q4,119
P-TOT,A CORUNA,2024Q1,129
P-TOT,A CORUNA,2024Q2,161
P-TOT,A CORUNA,2024Q3,75
P-TOT,A CORUNA,2024Q4,121
P-TOT,A CORUNA,2025Q1,135
P-TOT,A CORUNA,2025Q2,119
P-TOT,A CORUNA,2025Q3,72
P-TOT,A CORUNA,2025Q4,70
P-TOT,A CORUNA,2026Q1,34
P-TOT,LUGO,2021Q1,30
P-TOT,LUGO,2021Q2,33
P-TOT,LUGO,2021Q3,25
P-TOT,LUGO,2021Q4,36
P-TOT,LUGO,2022Q1,29
P-TOT,LUGO,2022Q2,33
P-TOT,LUGO,2022Q3,24
P-TOT,LUGO,2022Q4,29
P-TOT,LUGO,2023Q1,19
P-TOT,LUGO,2023Q2,34
P-TOT,LUGO,2023Q3,29
P-TOT,LUGO,2023Q4,29
P-TOT,LUGO,2024Q1,23
P-TOT,LUGO,2024Q2,27
P-TOT,LUGO,2024Q3,18
P-TOT,LUGO,2024Q4,27
P-TOT,LUGO,2025Q1,25
P-TOT,LUGO,2025Q2,29
P-TOT,LUGO,2025Q3,29
P-TOT,LUGO,2025Q4,23
P-TOT,LUGO,2026Q1,29
P-TOT,OURENSE,2021Q1,43
P-TOT,OURENSE,2021Q2,23
P-TOT,OURENSE,2021Q3,23
P-TOT,OURENSE,2021Q4,45
P-TOT,OURENSE,2022Q1,33
P-TOT,OURENSE,2022Q2,45
P-TOT,OURENSE,2022Q3,27
P-TOT,OURENSE,2022Q4,38
P-TOT,OURENSE,2023Q1,18
P-TOT,OURENSE,2023Q2,29
P-TOT,OURENSE,2023Q3,32
P-TOT,OURENSE,2023Q4,50
P-TOT,OURENSE,2024Q1,40
P-TOT,OURENSE,2024Q2,36
P-TOT,OURENSE,2024Q3,29
P-TOT,OURENSE,2024Q4,35
P-TOT,OURENSE,2025Q1,48
P-TOT,OURENSE,2025Q2,46
P-TOT,OURENSE,2025Q3,29
P-TOT,OURENSE,2025Q4,29
P-TOT,OURENSE,2026Q1,6
P-TOT,PONTEVEDRA,2021Q1,155
P-TOT,PONTEVEDRA,2021Q2,203
P-TOT,PONTEVEDRA,2021Q3,138
P-TOT,PONTEVEDRA,2021Q4,189
P-TOT,PONTEVEDRA,2022Q1,199
P-TOT,PONTEVEDRA,2022Q2,213
P-TOT,PONTEVEDRA,2022Q3,137
P-TOT,PONTEVEDRA,2022Q4,140
P-TOT,PONTEVEDRA,2023Q1,85
P-TOT,PONTEVEDRA,2023Q2,145
P-TOT,PONTEVEDRA,2023Q3,103
P-TOT,PONTEVEDRA,2023Q4,140
P-TOT,PONTEVEDRA,2024Q1,143
P-TOT,PONTEVEDRA,2024Q2,143
P-TOT,PONTEVEDRA,2024Q3,74
P-TOT,PONTEVEDRA,2024Q4,110
P-TOT,PONTEVEDRA,2025Q1,105
P-TOT,PONTEVEDRA,2025Q2,126
P-TOT,PONTEVEDRA,2025Q3,75
P-TOT,PONTEVEDRA,2025Q4,86
P-TOT,PONTEVEDRA,2026Q1,87
P-TOT,MADRID,2021Q1,1037
P-TOT,MADRID,2021Q2,1178
P-TOT,MADRID,2021Q3,780
P-TOT,MADRID,2021Q4,1044
P-TOT,MADRID,2022Q1,1005
P-TOT,MADRID,2022Q2,999
P-TOT,MADRID,2022Q3,774
P-TOT,MADRID,2022Q4,901
P-TOT,MADRID,2023Q1,661
P-TOT,MADRID,2023Q2,561
P-TOT,MADRID,2023Q3,486
P-TOT,MADRID,2023Q4,659
P-TOT,MADRID,2024Q1,725
P-TOT,MADRID,2024Q2,831
P-TOT,MADRID,2024Q3,550
P-TOT,MADRID,2024Q4,650
P-TOT,MADRID,2025Q1,702
P-TOT,MADRID,2025Q2,707
P-TOT,MADRID,2025Q3,433
P-TOT,MADRID,2025Q4,425
P-TOT,MADRID,2026Q1,582
P-TOT,MURCIA,2021Q1,592
P-TOT,MURCIA,2021Q2,623
P-TOT,MURCIA,2021Q3,497
P-TOT,MURCIA,2021Q4,527
P-TOT,MURCIA,2022Q1,543
P-TOT,MURCIA,2022Q2,546
P-TOT,MURCIA,2022Q3,339
P-TOT,MURCIA,2022Q4,429
P-TOT,MURCIA,2023Q1,172
P-TOT,MURCIA,2023Q2,174
P-TOT,MURCIA,2023Q3,133
P-TOT,MURCIA,2023Q4,300
P-TOT,MURCIA,2024Q1,337
P-TOT,MURCIA,2024Q2,370
P-TOT,MURCIA,2024Q3,201
P-TOT,MURCIA,2024Q4,295
P-TOT,MURCIA,2025Q1,230
P-TOT,MURCIA,2025Q2,190
P-TOT,MURCIA,2025Q3,136
P-TOT,MURCIA,2025Q4,224
P-TOT,MURCIA,2026Q1,198
P-TOT,NAVARRA,2021Q1,68
P-TOT,NAVARRA,2021Q2,64
P-TOT,NAVARRA,2021Q3,55
P-TOT,NAVARRA,2021Q4,60
P-TOT,NAVARRA,2022Q1,68
P-TOT,NAVARRA,2022Q2,68
P-TOT,NAVARRA,2022Q3,47
P-TOT,NAVARRA,2022Q4,47
P-TOT,NAVARRA,2023Q1,30
P-TOT,NAVARRA,2023Q2,47
P-TOT,NAVARRA,2023Q3,31
P-TOT,NAVARRA,2023Q4,26
P-TOT,NAVARRA,2024Q1,58
P-TOT,NAVARRA,2024Q2,33
P-TOT,NAVARRA,2024Q3,24
P-TOT,NAVARRA,2024Q4,41
P-TOT,NAVARRA,2025Q1,42
P-TOT,NAVARRA,2025Q2,54
P-TOT,NAVARRA,2025Q3,39
P-TOT,NAVARRA,2025Q4,32
P-TOT,NAVARRA,2026Q1,21
P-TOT,ARABA/ALAVA,2021Q1,47
P-TOT,ARABA/ALAVA,2021Q2,66
P-TOT,ARABA/ALAVA,2021Q3,39
P-TOT,ARABA/ALAVA,2021Q4,49
P-TOT,ARABA/ALAVA,2022Q1,46
P-TOT,ARABA/ALAVA,2022Q2,44
P-TOT,ARABA/ALAVA,2022Q3,39
P-TOT,ARABA/ALAVA,2022Q4,4
P-TOT,ARABA/ALAVA,2023Q1,14
P-TOT,ARABA/ALAVA,2023Q2,22
P-TOT,ARABA/ALAVA,2023Q3,39
P-TOT,ARABA/ALAVA,2023Q4,37
P-TOT,ARABA/ALAVA,2024Q1,30
P-TOT,ARABA/ALAVA,2024Q2,33
P-TOT,ARABA/ALAVA,2024Q3,28
P-TOT,ARABA/ALAVA,2024Q4,36
P-TOT,ARABA/ALAVA,2025Q1,80
P-TOT,ARABA/ALAVA,2025Q2,138
P-TOT,ARABA/ALAVA,2025Q3,117
P-TOT,ARABA/ALAVA,2025Q4,110
P-TOT,ARABA/ALAVA,2026Q1,36
P-TOT,GIPUZKOA,2021Q1,34
P-TOT,GIPUZKOA,2021Q2,24
P-TOT,GIPUZKOA,2021Q3,22
P-TOT,GIPUZKOA,2021Q4,25
P-TOT,GIPUZKOA,2022Q1,42
P-TOT,GIPUZKOA,2022Q2,46
P-TOT,GIPUZKOA,2022Q3,19
P-TOT,GIPUZKOA,2022Q4,16
P-TOT,GIPUZKOA,2023Q1,26
P-TOT,GIPUZKOA,2023Q2,56
P-TOT,GIPUZKOA,2023Q3,37
P-TOT,GIPUZKOA,2023Q4,44
P-TOT,GIPUZKOA,2024Q1,32
P-TOT,GIPUZKOA,2024Q2,37
P-TOT,GIPUZKOA,2024Q3,33
P-TOT,GIPUZKOA,2024Q4,33
P-TOT,GIPUZKOA,2025Q1,43
P-TOT,GIPUZKOA,2025Q2,41
P-TOT,GIPUZKOA,2025Q3,30
P-TOT,GIPUZKOA,2025Q4,31
P-TOT,GIPUZKOA,2026Q1,14
P-TOT,BIZKAIA,2021Q1,132
P-TOT,BIZKAIA,2021Q2,165
P-TOT,BIZKAIA,2021Q3,124
P-TOT,BIZKAIA,2021Q4,136
P-TOT,BIZKAIA,2022Q1,146
P-TOT,BIZKAIA,2022Q2,153
P-TOT,BIZKAIA,2022Q3,95
P-TOT,BIZKAIA,2022Q4,121
P-TOT,BIZKAIA,2023Q1,79
P-TOT,BIZKAIA,2023Q2,97
P-TOT,BIZKAIA,2023Q3,66
P-TOT,BIZKAIA,2023Q4,76
P-TOT,BIZKAIA,2024Q1,63
P-TOT,BIZKAIA,2024Q2,74
P-TOT,BIZKAIA,2024Q3,91
P-TOT,BIZKAIA,2024Q4,118
P-TOT,BIZKAIA,2025Q1,134
P-TOT,BIZKAIA,2025Q2,94
P-TOT,BIZKAIA,2025Q3,56
P-TOT,BIZKAIA,2025Q4,100
P-TOT,BIZKAIA,2026Q1,163
P-TOT,LA RIOJA,2021Q1,74
P-TOT,LA RIOJA,2021Q2,53
P-TOT,LA RIOJA,2021Q3,52
P-TOT,LA RIOJA,2021Q4,56
P-TOT,LA RIOJA,2022Q1,53
P-TOT,LA RIOJA,2022Q2,90
P-TOT,LA RIOJA,2022Q3,48
P-TOT,LA RIOJA,2022Q4,47
P-TOT,LA RIOJA,2023Q1,24
P-TOT,LA RIOJA,2023Q2,39
P-TOT,LA RIOJA,2023Q3,44
P-TOT,LA RIOJA,2023Q4,47
P-TOT,LA RIOJA,2024Q1,56
P-TOT,LA RIOJA,2024Q2,41
P-TOT,LA RIOJA,2024Q3,28
P-TOT,LA RIOJA,2024Q4,48
P-TOT,LA RIOJA,2025Q1,49
P-TOT,LA RIOJA,2025Q2,52
P-TOT,LA RIOJA,2025Q3,21
P-TOT,LA RIOJA,2025Q4,18
P-TOT,LA RIOJA,2026Q1,12
P-TOT,TOTAL,2021Q1,10965
P-TOT,TOTAL,2021Q2,11574
P-TOT,TOTAL,2021Q3,8659
P-TOT,TOTAL,2021Q4,10161
P-TOT,TOTAL,2022Q1,11072
P-TOT,TOTAL,2022Q2,10816
P-TOT,TOTAL,2022Q3,7397
P-TOT,TOTAL,2022Q4,8981
P-TOT,TOTAL,2023Q1,6579
P-TOT,TOTAL,2023Q2,7279
P-TOT,TOTAL,2023Q3,5474
P-TOT,TOTAL,2023Q4,7327
P-TOT,TOTAL,2024Q1,7424
P-TOT,TOTAL,2024Q2,7850
P-TOT,TOTAL,2024Q3,5308
P-TOT,TOTAL,2024Q4,6982
P-TOT,TOTAL,2025Q1,7334
P-TOT,TOTAL,2025Q2,6960
P-TOT,TOTAL,2025Q3,4839
P-TOT,TOTAL,2025Q4,5407
P-TOT,TOTAL,2026Q1,4005
P-HIP,ALMERIA,2021Q1,98
P-HIP,ALMERIA,2021Q2,95
P-HIP,ALMERIA,2021Q3,92
P-HIP,ALMERIA,2021Q4,88
P-HIP,ALMERIA,2022Q1,116
P-HIP,ALMERIA,2022Q2,86
P-HIP,ALMERIA,2022Q3,51
P-HIP,ALMERIA,2022Q4,89
P-HIP,ALMERIA,2023Q1,48
P-HIP,ALMERIA,2023Q2,102
P-HIP,ALMERIA,2023Q3,39
P-HIP,ALMERIA,2023Q4,44
P-HIP,ALMERIA,2024Q1,60
P-HIP,ALMERIA,2024Q2,34
P-HIP,ALMERIA,2024Q3,54
P-HIP,ALMERIA,2024Q4,33
P-HIP,ALMERIA,2025Q1,42
P-HIP,ALMERIA,2025Q2,66
P-HIP,ALMERIA,2025Q3,43
P-HIP,ALMERIA,2025Q4,35
P-HIP,ALMERIA,2026Q1,13
P-HIP,CADIZ,2021Q1,101
P-HIP,CADIZ,2021Q2,59
P-HIP,CADIZ,2021Q3,70
P-HIP,CADIZ,2021Q4,49
P-HIP,CADIZ,2022Q1,93
P-HIP,CADIZ,2022Q2,68
P-HIP,CADIZ,2022Q3,48
P-HIP,CADIZ,2022Q4,39
P-HIP,CADIZ,2023Q1,38
P-HIP,CADIZ,2023Q2,19
P-HIP,CADIZ,2023Q3,23
P-HIP,CADIZ,2023Q4,30
P-HIP,CADIZ,2024Q1,43
P-HIP,CADIZ,2024Q2,50
P-HIP,CADIZ,2024Q3,41
P-HIP,CADIZ,2024Q4,30
P-HIP,CADIZ,2025Q1,27
P-HIP,CADIZ,2025Q2,27
P-HIP,CADIZ,2025Q3,18
P-HIP,CADIZ,2025Q4,29
P-HIP,CADIZ,2026Q1,37
P-HIP,CORDOBA,2021Q1,31
P-HIP,CORDOBA,2021Q2,37
P-HIP,CORDOBA,2021Q3,16
P-HIP,CORDOBA,2021Q4,28
P-HIP,CORDOBA,2022Q1,28
P-HIP,CORDOBA,2022Q2,38
P-HIP,CORDOBA,2022Q3,23
P-HIP,CORDOBA,2022Q4,40
P-HIP,CORDOBA,2023Q1,15
P-HIP,CORDOBA,2023Q2,21
P-HIP,CORDOBA,2023Q3,14
P-HIP,CORDOBA,2023Q4,18
P-HIP,CORDOBA,2024Q1,23
P-HIP,CORDOBA,2024Q2,24
P-HIP,CORDOBA,2024Q3,15
P-HIP,CORDOBA,2024Q4,19
P-HIP,CORDOBA,2025Q1,16
P-HIP,CORDOBA,2025Q2,17
P-HIP,CORDOBA,2025Q3,8
P-HIP,CORDOBA,2025Q4,17
P-HIP,CORDOBA,2026Q1,40
P-HIP,GRANADA,2021Q1,57
P-HIP,GRANADA,2021Q2,70
P-HIP,GRANADA,2021Q3,47
P-HIP,GRANADA,2021Q4,44
P-HIP,GRANADA,2022Q1,64
P-HIP,GRANADA,2022Q2,57
P-HIP,GRANADA,2022Q3,42
P-HIP,GRANADA,2022Q4,56
P-HIP,GRANADA,2023Q1,28
P-HIP,GRANADA,2023Q2,27
P-HIP,GRANADA,2023Q3,41
P-HIP,GRANADA,2023Q4,26
P-HIP,GRANADA,2024Q1,26
P-HIP,GRANADA,2024Q2,40
P-HIP,GRANADA,2024Q3,9
P-HIP,GRANADA,2024Q4,18
P-HIP,GRANADA,2025Q1,31
P-HIP,GRANADA,2025Q2,24
P-HIP,GRANADA,2025Q3,10
P-HIP,GRANADA,2025Q4,20
P-HIP,GRANADA,2026Q1,50
P-HIP,HUELVA,2021Q1,46
P-HIP,HUELVA,2021Q2,48
P-HIP,HUELVA,2021Q3,34
P-HIP,HUELVA,2021Q4,42
P-HIP,HUELVA,2022Q1,41
P-HIP,HUELVA,2022Q2,29
P-HIP,HUELVA,2022Q3,29
P-HIP,HUELVA,2022Q4,42
P-HIP,HUELVA,2023Q1,56
P-HIP,HUELVA,2023Q2,24
P-HIP,HUELVA,2023Q3,22
P-HIP,HUELVA,2023Q4,21
P-HIP,HUELVA,2024Q1,38
P-HIP,HUELVA,2024Q2,34
P-HIP,HUELVA,2024Q3,16
P-HIP,HUELVA,2024Q4,18
P-HIP,HUELVA,2025Q1,19
P-HIP,HUELVA,2025Q2,39
P-HIP,HUELVA,2025Q3,12
P-HIP,HUELVA,2025Q4,12
P-HIP,HUELVA,2026Q1,2
P-HIP,JAEN,2021Q1,21
P-HIP,JAEN,2021Q2,28
P-HIP,JAEN,2021Q3,19
P-HIP,JAEN,2021Q4,19
P-HIP,JAEN,2022Q1,17
P-HIP,JAEN,2022Q2,12
P-HIP,JAEN,2022Q3,21
P-HIP,JAEN,2022Q4,34
P-HIP,JAEN,2023Q1,20
P-HIP,JAEN,2023Q2,16
P-HIP,JAEN,2023Q3,14
P-HIP,JAEN,2023Q4,21
P-HIP,JAEN,2024Q1,12
P-HIP,JAEN,2024Q2,12
P-HIP,JAEN,2024Q3,13
P-HIP,JAEN,2024Q4,12
P-HIP,JAEN,2025Q1,15
P-HIP,JAEN,2025Q2,13
P-HIP,JAEN,2025Q3,9
P-HIP,JAEN,2025Q4,7
P-HIP,JAEN,2026Q1,11
P-HIP,MALAGA,2021Q1,163
P-HIP,MALAGA,2021Q2,89
P-HIP,MALAGA,2021Q3,80
P-HIP,MALAGA,2021Q4,97
P-HIP,MALAGA,2022Q1,93
P-HIP,MALAGA,2022Q2,89
P-HIP,MALAGA,2022Q3,64
P-HIP,MALAGA,2022Q4,86
P-HIP,MALAGA,2023Q1,69
P-HIP,MALAGA,2023Q2,49
P-HIP,MALAGA,2023Q3,44
P-HIP,MALAGA,2023Q4,53
P-HIP,MALAGA,2024Q1,44
P-HIP,MALAGA,2024Q2,51
P-HIP,MALAGA,2024Q3,40
P-HIP,MALAGA,2024Q4,45
P-HIP,MALAGA,2025Q1,44
P-HIP,MALAGA,2025Q2,75
P-HIP,MALAGA,2025Q3,46
P-HIP,MALAGA,2025Q4,45
P-HIP,MALAGA,2026Q1,35
P-HIP,SEVILLA,2021Q1,59
P-HIP,SEVILLA,2021Q2,66
P-HIP,SEVILLA,2021Q3,41
P-HIP,SEVILLA,2021Q4,52
P-HIP,SEVILLA,2022Q1,56
P-HIP,SEVILLA,2022Q2,91
P-HIP,SEVILLA,2022Q3,54
P-HIP,SEVILLA,2022Q4,50
P-HIP,SEVILLA,2023Q1,49
P-HIP,SEVILLA,2023Q2,58
P-HIP,SEVILLA,2023Q3,46
P-HIP,SEVILLA,2023Q4,40
P-HIP,SEVILLA,2024Q1,38
P-HIP,SEVILLA,2024Q2,42
P-HIP,SEVILLA,2024Q3,31
P-HIP,SEVILLA,2024Q4,29
P-HIP,SEVILLA,2025Q1,46
P-HIP,SEVILLA,2025Q2,31
P-HIP,SEVILLA,2025Q3,34
P-HIP,SEVILLA,2025Q4,36
P-HIP,SEVILLA,2026Q1,20
P-HIP,HUESCA,2021Q1,12
P-HIP,HUESCA,2021Q2,11
P-HIP,HUESCA,2021Q3,6
P-HIP,HUESCA,2021Q4,9
P-HIP,HUESCA,2022Q1,12
P-HIP,HUESCA,2022Q2,10
P-HIP,HUESCA,2022Q3,6
P-HIP,HUESCA,2022Q4,5
P-HIP,HUESCA,2023Q1,11
P-HIP,HUESCA,2023Q2,6
P-HIP,HUESCA,2023Q3,14
P-HIP,HUESCA,2023Q4,10
P-HIP,HUESCA,2024Q1,4
P-HIP,HUESCA,2024Q2,13
P-HIP,HUESCA,2024Q3,6
P-HIP,HUESCA,2024Q4,9
P-HIP,HUESCA,2025Q1,9
P-HIP,HUESCA,2025Q2,6
P-HIP,HUESCA,2025Q3,4
P-HIP,HUESCA,2025Q4,4
P-HIP,HUESCA,2026Q1,3
P-HIP,TERUEL,2021Q1,2
P-HIP,TERUEL,2021Q2,0
P-HIP,TERUEL,2021Q3,2
P-HIP,TERUEL,2021Q4,4
P-HIP,TERUEL,2022Q1,7
P-HIP,TERUEL,2022Q2,8
P-HIP,TERUEL,2022Q3,2
P-HIP,TERUEL,2022Q4,2
P-HIP,TERUEL,2023Q1,1
P-HIP,TERUEL,2023Q2,1
P-HIP,TERUEL,2023Q3,3
P-HIP,TERUEL,2023Q4,3
P-HIP,TERUEL,2024Q1,1
P-HIP,TERUEL,2024Q2,2
P-HIP,TERUEL,2024Q3,1
P-HIP,TERUEL,2024Q4,2
P-HIP,TERUEL,2025Q1,3
P-HIP,TERUEL,2025Q2,3
P-HIP,TERUEL,2025Q3,1
P-HIP,TERUEL,2025Q4,0
P-HIP,TERUEL,2026Q1,0
P-HIP,ZARAGOZA,2021Q1,30
P-HIP,ZARAGOZA,2021Q2,40
P-HIP,ZARAGOZA,2021Q3,113
P-HIP,ZARAGOZA,2021Q4,35
P-HIP,ZARAGOZA,2022Q1,28
P-HIP,ZARAGOZA,2022Q2,51
P-HIP,ZARAGOZA,2022Q3,29
P-HIP,ZARAGOZA,2022Q4,40
P-HIP,ZARAGOZA,2023Q1,30
P-HIP,ZARAGOZA,2023Q2,17
P-HIP,ZARAGOZA,2023Q3,9
P-HIP,ZARAGOZA,2023Q4,26
P-HIP,ZARAGOZA,2024Q1,20
P-HIP,ZARAGOZA,2024Q2,13
P-HIP,ZARAGOZA,2024Q3,7
P-HIP,ZARAGOZA,2024Q4,14
P-HIP,ZARAGOZA,2025Q1,10
P-HIP,ZARAGOZA,2025Q2,21
P-HIP,ZARAGOZA,2025Q3,22
P-HIP,ZARAGOZA,2025Q4,21
P-HIP,ZARAGOZA,2026Q1,3
P-HIP,ASTURIAS,2021Q1,36
P-HIP,ASTURIAS,2021Q2,43
P-HIP,ASTURIAS,2021Q3,21
P-HIP,ASTURIAS,2021Q4,31
P-HIP,ASTURIAS,2022Q1,29
P-HIP,ASTURIAS,2022Q2,26
P-HIP,ASTURIAS,2022Q3,22
P-HIP,ASTURIAS,2022Q4,31
P-HIP,ASTURIAS,2023Q1,9
P-HIP,ASTURIAS,2023Q2,12
P-HIP,ASTURIAS,2023Q3,9
P-HIP,ASTURIAS,2023Q4,16
P-HIP,ASTURIAS,2024Q1,25
P-HIP,ASTURIAS,2024Q2,30
P-HIP,ASTURIAS,2024Q3,13
P-HIP,ASTURIAS,2024Q4,20
P-HIP,ASTURIAS,2025Q1,22
P-HIP,ASTURIAS,2025Q2,30
P-HIP,ASTURIAS,2025Q3,20
P-HIP,ASTURIAS,2025Q4,23
P-HIP,ASTURIAS,2026Q1,18
P-HIP,ILLES BALEARS,2021Q1,59
P-HIP,ILLES BALEARS,2021Q2,46
P-HIP,ILLES BALEARS,2021Q3,28
P-HIP,ILLES BALEARS,2021Q4,25
P-HIP,ILLES BALEARS,2022Q1,37
P-HIP,ILLES BALEARS,2022Q2,30
P-HIP,ILLES BALEARS,2022Q3,16
P-HIP,ILLES BALEARS,2022Q4,30
P-HIP,ILLES BALEARS,2023Q1,19
P-HIP,ILLES BALEARS,2023Q2,40
P-HIP,ILLES BALEARS,2023Q3,16
P-HIP,ILLES BALEARS,2023Q4,18
P-HIP,ILLES BALEARS,2024Q1,15
P-HIP,ILLES BALEARS,2024Q2,30
P-HIP,ILLES BALEARS,2024Q3,31
P-HIP,ILLES BALEARS,2024Q4,20
P-HIP,ILLES BALEARS,2025Q1,17
P-HIP,ILLES BALEARS,2025Q2,31
P-HIP,ILLES BALEARS,2025Q3,26
P-HIP,ILLES BALEARS,2025Q4,15
P-HIP,ILLES BALEARS,2026Q1,2
P-HIP,LAS PALMAS,2021Q1,55
P-HIP,LAS PALMAS,2021Q2,49
P-HIP,LAS PALMAS,2021Q3,34
P-HIP,LAS PALMAS,2021Q4,54
P-HIP,LAS PALMAS,2022Q1,90
P-HIP,LAS PALMAS,2022Q2,67
P-HIP,LAS PALMAS,2022Q3,23
P-HIP,LAS PALMAS,2022Q4,45
P-HIP,LAS PALMAS,2023Q1,14
P-HIP,LAS PALMAS,2023Q2,61
P-HIP,LAS PALMAS,2023Q3,27
P-HIP,LAS PALMAS,2023Q4,66
P-HIP,LAS PALMAS,2024Q1,36
P-HIP,LAS PALMAS,2024Q2,26
P-HIP,LAS PALMAS,2024Q3,21
P-HIP,LAS PALMAS,2024Q4,41
P-HIP,LAS PALMAS,2025Q1,45
P-HIP,LAS PALMAS,2025Q2,27
P-HIP,LAS PALMAS,2025Q3,20
P-HIP,LAS PALMAS,2025Q4,29
P-HIP,LAS PALMAS,2026Q1,13
P-HIP,SANTA CRUZ DE TENERIFE,2021Q1,84
P-HIP,SANTA CRUZ DE TENERIFE,2021Q2,94
P-HIP,SANTA CRUZ DE TENERIFE,2021Q3,60
P-HIP,SANTA CRUZ DE TENERIFE,2021Q4,70
P-HIP,SANTA CRUZ DE TENERIFE,2022Q1,59
P-HIP,SANTA CRUZ DE TENERIFE,2022Q2,72
P-HIP,SANTA CRUZ DE TENERIFE,2022Q3,33
P-HIP,SANTA CRUZ DE TENERIFE,2022Q4,40
P-HIP,SANTA CRUZ DE TENERIFE,2023Q1,24
P-HIP,SANTA CRUZ DE TENERIFE,2023Q2,39
P-HIP,SANTA CRUZ DE TENERIFE,2023Q3,21
P-HIP,SANTA CRUZ DE TENERIFE,2023Q4,31
P-HIP,SANTA CRUZ DE TENERIFE,2024Q1,78
P-HIP,SANTA CRUZ DE TENERIFE,2024Q2,46
P-HIP,SANTA CRUZ DE TENERIFE,2024Q3,22
P-HIP,SANTA CRUZ DE TENERIFE,2024Q4,36
P-HIP,SANTA CRUZ DE TENERIFE,2025Q1,31
P-HIP,SANTA CRUZ DE TENERIFE,2025Q2,23
P-HIP,SANTA CRUZ DE TENERIFE,2025Q3,33
P-HIP,SANTA CRUZ DE TENERIFE,2025Q4,16
P-HIP,SANTA CRUZ DE TENERIFE,2026Q1,21
P-HIP,CANTABRIA,2021Q1,22
P-HIP,CANTABRIA,2021Q2,86
P-HIP,CANTABRIA,2021Q3,4
P-HIP,CANTABRIA,2021Q4,13
P-HIP,CANTABRIA,2022Q1,31
P-HIP,CANTABRIA,2022Q2,26
P-HIP,CANTABRIA,2022Q3,14
P-HIP,CANTABRIA,2022Q4,16
P-HIP,CANTABRIA,2023Q1,9
P-HIP,CANTABRIA,2023Q2,4
P-HIP,CANTABRIA,2023Q3,2
P-HIP,CANTABRIA,2023Q4,3
P-HIP,CANTABRIA,2024Q1,10
P-HIP,CANTABRIA,2024Q2,13
P-HIP,CANTABRIA,2024Q3,2
P-HIP,CANTABRIA,2024Q4,9
P-HIP,CANTABRIA,2025Q1,2
P-HIP,CANTABRIA,2025Q2,9
P-HIP,CANTABRIA,2025Q3,2
P-HIP,CANTABRIA,2025Q4,7
P-HIP,CANTABRIA,2026Q1,7
P-HIP,AVILA,2021Q1,8
P-HIP,AVILA,2021Q2,17
P-HIP,AVILA,2021Q3,7
P-HIP,AVILA,2021Q4,17
P-HIP,AVILA,2022Q1,47
P-HIP,AVILA,2022Q2,38
P-HIP,AVILA,2022Q3,3
P-HIP,AVILA,2022Q4,1
P-HIP,AVILA,2023Q1,3
P-HIP,AVILA,2023Q2,8
P-HIP,AVILA,2023Q3,3
P-HIP,AVILA,2023Q4,4
P-HIP,AVILA,2024Q1,3
P-HIP,AVILA,2024Q2,5
P-HIP,AVILA,2024Q3,2
P-HIP,AVILA,2024Q4,4
P-HIP,AVILA,2025Q1,5
P-HIP,AVILA,2025Q2,3
P-HIP,AVILA,2025Q3,2
P-HIP,AVILA,2025Q4,0
P-HIP,AVILA,2026Q1,3
P-HIP,BURGOS,2021Q1,21
P-HIP,BURGOS,2021Q2,15
P-HIP,BURGOS,2021Q3,17
P-HIP,BURGOS,2021Q4,18
P-HIP,BURGOS,2022Q1,16
P-HIP,BURGOS,2022Q2,19
P-HIP,BURGOS,2022Q3,6
P-HIP,BURGOS,2022Q4,9
P-HIP,BURGOS,2023Q1,25
P-HIP,BURGOS,2023Q2,4
P-HIP,BURGOS,2023Q3,8
P-HIP,BURGOS,2023Q4,11
P-HIP,BURGOS,2024Q1,12
P-HIP,BURGOS,2024Q2,10
P-HIP,BURGOS,2024Q3,1
P-HIP,BURGOS,2024Q4,8
P-HIP,BURGOS,2025Q1,7
P-HIP,BURGOS,2025Q2,5
P-HIP,BURGOS,2025Q3,12
P-HIP,BURGOS,2025Q4,11
P-HIP,BURGOS,2026Q1,5
P-HIP,LEON,2021Q1,24
P-HIP,LEON,2021Q2,17
P-HIP,LEON,2021Q3,11
P-HIP,LEON,2021Q4,94
P-HIP,LEON,2022Q1,18
P-HIP,LEON,2022Q2,29
P-HIP,LEON,2022Q3,16
P-HIP,LEON,2022Q4,16
P-HIP,LEON,2023Q1,11
P-HIP,LEON,2023Q2,6
P-HIP,LEON,2023Q3,8
P-HIP,LEON,2023Q4,28
P-HIP,LEON,2024Q1,19
P-HIP,LEON,2024Q2,19
P-HIP,LEON,2024Q3,7
P-HIP,LEON,2024Q4,8
P-HIP,LEON,2025Q1,4
P-HIP,LEON,2025Q2,9
P-HIP,LEON,2025Q3,5
P-HIP,LEON,2025Q4,5
P-HIP,LEON,2026Q1,14
P-HIP,PALENCIA,2021Q1,5
P-HIP,PALENCIA,2021Q2,4
P-HIP,PALENCIA,2021Q3,4
P-HIP,PALENCIA,2021Q4,4
P-HIP,PALENCIA,2022Q1,10
P-HIP,PALENCIA,2022Q2,5
P-HIP,PALENCIA,2022Q3,4
P-HIP,PALENCIA,2022Q4,8
P-HIP,PALENCIA,2023Q1,5
P-HIP,PALENCIA,2023Q2,3
P-HIP,PALENCIA,2023Q3,1
P-HIP,PALENCIA,2023Q4,5
P-HIP,PALENCIA,2024Q1,6
P-HIP,PALENCIA,2024Q2,5
P-HIP,PALENCIA,2024Q3,4
P-HIP,PALENCIA,2024Q4,3
P-HIP,PALENCIA,2025Q1,3
P-HIP,PALENCIA,2025Q2,0
P-HIP,PALENCIA,2025Q3,1
P-HIP,PALENCIA,2025Q4,6
P-HIP,PALENCIA,2026Q1,1
P-HIP,SALAMANCA,2021Q1,4
P-HIP,SALAMANCA,2021Q2,11
P-HIP,SALAMANCA,2021Q3,1
P-HIP,SALAMANCA,2021Q4,4
P-HIP,SALAMANCA,2022Q1,56
P-HIP,SALAMANCA,2022Q2,2
P-HIP,SALAMANCA,2022Q3,3
P-HIP,SALAMANCA,2022Q4,7
P-HIP,SALAMANCA,2023Q1,2
P-HIP,SALAMANCA,2023Q2,4
P-HIP,SALAMANCA,2023Q3,3
P-HIP,SALAMANCA,2023Q4,5
P-HIP,SALAMANCA,2024Q1,8
P-HIP,SALAMANCA,2024Q2,7
P-HIP,SALAMANCA,2024Q3,3
P-HIP,SALAMANCA,2024Q4,21
P-HIP,SALAMANCA,2025Q1,1
P-HIP,SALAMANCA,2025Q2,1
P-HIP,SALAMANCA,2025Q3,0
P-HIP,SALAMANCA,2025Q4,2
P-HIP,SALAMANCA,2026Q1,0
P-HIP,SEGOVIA,2021Q1,4
P-HIP,SEGOVIA,2021Q2,6
P-HIP,SEGOVIA,2021Q3,4
P-HIP,SEGOVIA,2021Q4,5
P-HIP,SEGOVIA,2022Q1,3
P-HIP,SEGOVIA,2022Q2,3
P-HIP,SEGOVIA,2022Q3,1
P-HIP,SEGOVIA,2022Q4,3
P-HIP,SEGOVIA,2023Q1,2
P-HIP,SEGOVIA,2023Q2,0
P-HIP,SEGOVIA,2023Q3,0
P-HIP,SEGOVIA,2023Q4,2
P-HIP,SEGOVIA,2024Q1,1
P-HIP,SEGOVIA,2024Q2,2
P-HIP,SEGOVIA,2024Q3,0
P-HIP,SEGOVIA,2024Q4,5
P-HIP,SEGOVIA,2025Q1,2
P-HIP,SEGOVIA,2025Q2,2
P-HIP,SEGOVIA,2025Q3,0
P-HIP,SEGOVIA,2025Q4,2
P-HIP,SEGOVIA,2026Q1,1
P-HIP,SORIA,2021Q1,2
P-HIP,SORIA,2021Q2,0
P-HIP,SORIA,2021Q3,3
P-HIP,SORIA,2021Q4,3
P-HIP,SORIA,2022Q1,6
P-HIP,SORIA,2022Q2,1
P-HIP,SORIA,2022Q3,1
P-HIP,SORIA,2022Q4,2
P-HIP,SORIA,2023Q1,1
P-HIP,SORIA,2023Q2,0
P-HIP,SORIA,2023Q3,0
P-HIP,SORIA,2023Q4,0
P-HIP,SORIA,2024Q1,1
P-HIP,SORIA,2024Q2,0
P-HIP,SORIA,2024Q3,0
P-HIP,SORIA,2024Q4,0
P-HIP,SORIA,2025Q1,0
P-HIP,SORIA,2025Q2,0
P-HIP,SORIA,2025Q3,1
P-HIP,SORIA,2025Q4,1
P-HIP,SORIA,2026Q1,1
P-HIP,VALLADOLID,2021Q1,8
P-HIP,VALLADOLID,2021Q2,19
P-HIP,VALLADOLID,2021Q3,8
P-HIP,VALLADOLID,2021Q4,13
P-HIP,VALLADOLID,2022Q1,32
P-HIP,VALLADOLID,2022Q2,16
P-HIP,VALLADOLID,2022Q3,15
P-HIP,VALLADOLID,2022Q4,9
P-HIP,VALLADOLID,2023Q1,4
P-HIP,VALLADOLID,2023Q2,7
P-HIP,VALLADOLID,2023Q3,4
P-HIP,VALLADOLID,2023Q4,7
P-HIP,VALLADOLID,2024Q1,9
P-HIP,VALLADOLID,2024Q2,8
P-HIP,VALLADOLID,2024Q3,4
P-HIP,VALLADOLID,2024Q4,7
P-HIP,VALLADOLID,2025Q1,11
P-HIP,VALLADOLID,2025Q2,7
P-HIP,VALLADOLID,2025Q3,3
P-HIP,VALLADOLID,2025Q4,3
P-HIP,VALLADOLID,2026Q1,3
P-HIP,ZAMORA,2021Q1,7
P-HIP,ZAMORA,2021Q2,2
P-HIP,ZAMORA,2021Q3,2
P-HIP,ZAMORA,2021Q4,5
P-HIP,ZAMORA,2022Q1,5
P-HIP,ZAMORA,2022Q2,4
P-HIP,ZAMORA,2022Q3,1
P-HIP,ZAMORA,2022Q4,1
P-HIP,ZAMORA,2023Q1,1
P-HIP,ZAMORA,2023Q2,0
P-HIP,ZAMORA,2023Q3,1
P-HIP,ZAMORA,2023Q4,0
P-HIP,ZAMORA,2024Q1,1
P-HIP,ZAMORA,2024Q2,2
P-HIP,ZAMORA,2024Q3,1
P-HIP,ZAMORA,2024Q4,1
P-HIP,ZAMORA,2025Q1,1
P-HIP,ZAMORA,2025Q2,2
P-HIP,ZAMORA,2025Q3,1
P-HIP,ZAMORA,2025Q4,14
P-HIP,ZAMORA,2026Q1,17
P-HIP,ALBACETE,2021Q1,14
P-HIP,ALBACETE,2021Q2,12
P-HIP,ALBACETE,2021Q3,13
P-HIP,ALBACETE,2021Q4,13
P-HIP,ALBACETE,2022Q1,7
P-HIP,ALBACETE,2022Q2,10
P-HIP,ALBACETE,2022Q3,3
P-HIP,ALBACETE,2022Q4,5
P-HIP,ALBACETE,2023Q1,3
P-HIP,ALBACETE,2023Q2,4
P-HIP,ALBACETE,2023Q3,2
P-HIP,ALBACETE,2023Q4,2
P-HIP,ALBACETE,2024Q1,9
P-HIP,ALBACETE,2024Q2,10
P-HIP,ALBACETE,2024Q3,7
P-HIP,ALBACETE,2024Q4,2
P-HIP,ALBACETE,2025Q1,4
P-HIP,ALBACETE,2025Q2,2
P-HIP,ALBACETE,2025Q3,3
P-HIP,ALBACETE,2025Q4,2
P-HIP,ALBACETE,2026Q1,1
P-HIP,CIUDAD REAL,2021Q1,26
P-HIP,CIUDAD REAL,2021Q2,28
P-HIP,CIUDAD REAL,2021Q3,9
P-HIP,CIUDAD REAL,2021Q4,17
P-HIP,CIUDAD REAL,2022Q1,16
P-HIP,CIUDAD REAL,2022Q2,9
P-HIP,CIUDAD REAL,2022Q3,4
P-HIP,CIUDAD REAL,2022Q4,14
P-HIP,CIUDAD REAL,2023Q1,5
P-HIP,CIUDAD REAL,2023Q2,4
P-HIP,CIUDAD REAL,2023Q3,6
P-HIP,CIUDAD REAL,2023Q4,12
P-HIP,CIUDAD REAL,2024Q1,13
P-HIP,CIUDAD REAL,2024Q2,12
P-HIP,CIUDAD REAL,2024Q3,9
P-HIP,CIUDAD REAL,2024Q4,10
P-HIP,CIUDAD REAL,2025Q1,15
P-HIP,CIUDAD REAL,2025Q2,5
P-HIP,CIUDAD REAL,2025Q3,6
P-HIP,CIUDAD REAL,2025Q4,3
P-HIP,CIUDAD REAL,2026Q1,9
P-HIP,CUENCA,2021Q1,3
P-HIP,CUENCA,2021Q2,3
P-HIP,CUENCA,2021Q3,3
P-HIP,CUENCA,2021Q4,5
P-HIP,CUENCA,2022Q1,3
P-HIP,CUENCA,2022Q2,0
P-HIP,CUENCA,2022Q3,1
P-HIP,CUENCA,2022Q4,0
P-HIP,CUENCA,2023Q1,0
P-HIP,CUENCA,2023Q2,1
P-HIP,CUENCA,2023Q3,3
P-HIP,CUENCA,2023Q4,1
P-HIP,CUENCA,2024Q1,1
P-HIP,CUENCA,2024Q2,3
P-HIP,CUENCA,2024Q3,0
P-HIP,CUENCA,2024Q4,2
P-HIP,CUENCA,2025Q1,0
P-HIP,CUENCA,2025Q2,1
P-HIP,CUENCA,2025Q3,0
P-HIP,CUENCA,2025Q4,0
P-HIP,CUENCA,2026Q1,0
P-HIP,GUADALAJARA,2021Q1,36
P-HIP,GUADALAJARA,2021Q2,27
P-HIP,GUADALAJARA,2021Q3,31
P-HIP,GUADALAJARA,2021Q4,48
P-HIP,GUADALAJARA,2022Q1,32
P-HIP,GUADALAJARA,2022Q2,19
P-HIP,GUADALAJARA,2022Q3,13
P-HIP,GUADALAJARA,2022Q4,18
P-HIP,GUADALAJARA,2023Q1,3
P-HIP,GUADALAJARA,2023Q2,6
P-HIP,GUADALAJARA,2023Q3,18
P-HIP,GUADALAJARA,2023Q4,2
P-HIP,GUADALAJARA,2024Q1,12
P-HIP,GUADALAJARA,2024Q2,6
P-HIP,GUADALAJARA,2024Q3,2
P-HIP,GUADALAJARA,2024Q4,4
P-HIP,GUADALAJARA,2025Q1,5
P-HIP,GUADALAJARA,2025Q2,0
P-HIP,GUADALAJARA,2025Q3,11
P-HIP,GUADALAJARA,2025Q4,0
P-HIP,GUADALAJARA,2026Q1,10
P-HIP,TOLEDO,2021Q1,38
P-HIP,TOLEDO,2021Q2,112
P-HIP,TOLEDO,2021Q3,33
P-HIP,TOLEDO,2021Q4,45
P-HIP,TOLEDO,2022Q1,33
P-HIP,TOLEDO,2022Q2,45
P-HIP,TOLEDO,2022Q3,18
P-HIP,TOLEDO,2022Q4,19
P-HIP,TOLEDO,2023Q1,7
P-HIP,TOLEDO,2023Q2,19
P-HIP,TOLEDO,2023Q3,14
P-HIP,TOLEDO,2023Q4,18
P-HIP,TOLEDO,2024Q1,17
P-HIP,TOLEDO,2024Q2,16
P-HIP,TOLEDO,2024Q3,21
P-HIP,TOLEDO,2024Q4,18
P-HIP,TOLEDO,2025Q1,30
P-HIP,TOLEDO,2025Q2,22
P-HIP,TOLEDO,2025Q3,13
P-HIP,TOLEDO,2025Q4,14
P-HIP,TOLEDO,2026Q1,12
P-HIP,BARCELONA,2021Q1,236
P-HIP,BARCELONA,2021Q2,256
P-HIP,BARCELONA,2021Q3,254
P-HIP,BARCELONA,2021Q4,252
P-HIP,BARCELONA,2022Q1,248
P-HIP,BARCELONA,2022Q2,229
P-HIP,BARCELONA,2022Q3,215
P-HIP,BARCELONA,2022Q4,199
P-HIP,BARCELONA,2023Q1,157
P-HIP,BARCELONA,2023Q2,223
P-HIP,BARCELONA,2023Q3,117
P-HIP,BARCELONA,2023Q4,204
P-HIP,BARCELONA,2024Q1,159
P-HIP,BARCELONA,2024Q2,180
P-HIP,BARCELONA,2024Q3,115
P-HIP,BARCELONA,2024Q4,211
P-HIP,BARCELONA,2025Q1,219
P-HIP,BARCELONA,2025Q2,174
P-HIP,BARCELONA,2025Q3,101
P-HIP,BARCELONA,2025Q4,181
P-HIP,BARCELONA,2026Q1,122
P-HIP,GIRONA,2021Q1,60
P-HIP,GIRONA,2021Q2,80
P-HIP,GIRONA,2021Q3,61
P-HIP,GIRONA,2021Q4,106
P-HIP,GIRONA,2022Q1,78
P-HIP,GIRONA,2022Q2,75
P-HIP,GIRONA,2022Q3,69
P-HIP,GIRONA,2022Q4,59
P-HIP,GIRONA,2023Q1,77
P-HIP,GIRONA,2023Q2,93
P-HIP,GIRONA,2023Q3,45
P-HIP,GIRONA,2023Q4,63
P-HIP,GIRONA,2024Q1,53
P-HIP,GIRONA,2024Q2,83
P-HIP,GIRONA,2024Q3,48
P-HIP,GIRONA,2024Q4,56
P-HIP,GIRONA,2025Q1,48
P-HIP,GIRONA,2025Q2,58
P-HIP,GIRONA,2025Q3,41
P-HIP,GIRONA,2025Q4,49
P-HIP,GIRONA,2026Q1,50
P-HIP,LLEIDA,2021Q1,51
P-HIP,LLEIDA,2021Q2,47
P-HIP,LLEIDA,2021Q3,36
P-HIP,LLEIDA,2021Q4,30
P-HIP,LLEIDA,2022Q1,38
P-HIP,LLEIDA,2022Q2,32
P-HIP,LLEIDA,2022Q3,59
P-HIP,LLEIDA,2022Q4,29
P-HIP,LLEIDA,2023Q1,38
P-HIP,LLEIDA,2023Q2,58
P-HIP,LLEIDA,2023Q3,16
P-HIP,LLEIDA,2023Q4,30
P-HIP,LLEIDA,2024Q1,17
P-HIP,LLEIDA,2024Q2,13
P-HIP,LLEIDA,2024Q3,16
P-HIP,LLEIDA,2024Q4,15
P-HIP,LLEIDA,2025Q1,16
P-HIP,LLEIDA,2025Q2,14
P-HIP,LLEIDA,2025Q3,17
P-HIP,LLEIDA,2025Q4,11
P-HIP,LLEIDA,2026Q1,16
P-HIP,TARRAGONA,2021Q1,60
P-HIP,TARRAGONA,2021Q2,70
P-HIP,TARRAGONA,2021Q3,76
P-HIP,TARRAGONA,2021Q4,91
P-HIP,TARRAGONA,2022Q1,71
P-HIP,TARRAGONA,2022Q2,66
P-HIP,TARRAGONA,2022Q3,33
P-HIP,TARRAGONA,2022Q4,67
P-HIP,TARRAGONA,2023Q1,27
P-HIP,TARRAGONA,2023Q2,41
P-HIP,TARRAGONA,2023Q3,31
P-HIP,TARRAGONA,2023Q4,44
P-HIP,TARRAGONA,2024Q1,54
P-HIP,TARRAGONA,2024Q2,46
P-HIP,TARRAGONA,2024Q3,24
P-HIP,TARRAGONA,2024Q4,31
P-HIP,TARRAGONA,2025Q1,32
P-HIP,TARRAGONA,2025Q2,28
P-HIP,TARRAGONA,2025Q3,25
P-HIP,TARRAGONA,2025Q4,36
P-HIP,TARRAGONA,2026Q1,29
P-HIP,ALICANTE,2021Q1,233
P-HIP,ALICANTE,2021Q2,365
P-HIP,ALICANTE,2021Q3,378
P-HIP,ALICANTE,2021Q4,373
P-HIP,ALICANTE,2022Q1,536
P-HIP,ALICANTE,2022Q2,262
P-HIP,ALICANTE,2022Q3,148
P-HIP,ALICANTE,2022Q4,189
P-HIP,ALICANTE,2023Q1,153
P-HIP,ALICANTE,2023Q2,77
P-HIP,ALICANTE,2023Q3,81
P-HIP,ALICANTE,2023Q4,172
P-HIP,ALICANTE,2024Q1,132
P-HIP,ALICANTE,2024Q2,126
P-HIP,ALICANTE,2024Q3,72
P-HIP,ALICANTE,2024Q4,101
P-HIP,ALICANTE,2025Q1,58
P-HIP,ALICANTE,2025Q2,62
P-HIP,ALICANTE,2025Q3,55
P-HIP,ALICANTE,2025Q4,76
P-HIP,ALICANTE,2026Q1,73
P-HIP,CASTELLON,2021Q1,70
P-HIP,CASTELLON,2021Q2,80
P-HIP,CASTELLON,2021Q3,46
P-HIP,CASTELLON,2021Q4,54
P-HIP,CASTELLON,2022Q1,63
P-HIP,CASTELLON,2022Q2,114
P-HIP,CASTELLON,2022Q3,38
P-HIP,CASTELLON,2022Q4,55
P-HIP,CASTELLON,2023Q1,51
P-HIP,CASTELLON,2023Q2,16
P-HIP,CASTELLON,2023Q3,10
P-HIP,CASTELLON,2023Q4,33
P-HIP,CASTELLON,2024Q1,65
P-HIP,CASTELLON,2024Q2,30
P-HIP,CASTELLON,2024Q3,23
P-HIP,CASTELLON,2024Q4,37
P-HIP,CASTELLON,2025Q1,27
P-HIP,CASTELLON,2025Q2,23
P-HIP,CASTELLON,2025Q3,18
P-HIP,CASTELLON,2025Q4,7
P-HIP,CASTELLON,2026Q1,12
P-HIP,VALENCIA,2021Q1,165
P-HIP,VALENCIA,2021Q2,196
P-HIP,VALENCIA,2021Q3,107
P-HIP,VALENCIA,2021Q4,125
P-HIP,VALENCIA,2022Q1,142
P-HIP,VALENCIA,2022Q2,135
P-HIP,VALENCIA,2022Q3,85
P-HIP,VALENCIA,2022Q4,135
P-HIP,VALENCIA,2023Q1,100
P-HIP,VALENCIA,2023Q2,158
P-HIP,VALENCIA,2023Q3,64
P-HIP,VALENCIA,2023Q4,134
P-HIP,VALENCIA,2024Q1,84
P-HIP,VALENCIA,2024Q2,97
P-HIP,VALENCIA,2024Q3,72
P-HIP,VALENCIA,2024Q4,76
P-HIP,VALENCIA,2025Q1,69
P-HIP,VALENCIA,2025Q2,87
P-HIP,VALENCIA,2025Q3,54
P-HIP,VALENCIA,2025Q4,101
P-HIP,VALENCIA,2026Q1,73
P-HIP,BADAJOZ,2021Q1,21
P-HIP,BADAJOZ,2021Q2,20
P-HIP,BADAJOZ,2021Q3,17
P-HIP,BADAJOZ,2021Q4,26
P-HIP,BADAJOZ,2022Q1,12
P-HIP,BADAJOZ,2022Q2,11
P-HIP,BADAJOZ,2022Q3,8
P-HIP,BADAJOZ,2022Q4,12
P-HIP,BADAJOZ,2023Q1,8
P-HIP,BADAJOZ,2023Q2,19
P-HIP,BADAJOZ,2023Q3,6
P-HIP,BADAJOZ,2023Q4,12
P-HIP,BADAJOZ,2024Q1,7
P-HIP,BADAJOZ,2024Q2,10
P-HIP,BADAJOZ,2024Q3,4
P-HIP,BADAJOZ,2024Q4,4
P-HIP,BADAJOZ,2025Q1,15
P-HIP,BADAJOZ,2025Q2,15
P-HIP,BADAJOZ,2025Q3,4
P-HIP,BADAJOZ,2025Q4,11
P-HIP,BADAJOZ,2026Q1,9
P-HIP,CACERES,2021Q1,4
P-HIP,CACERES,2021Q2,9
P-HIP,CACERES,2021Q3,5
P-HIP,CACERES,2021Q4,2
P-HIP,CACERES,2022Q1,16
P-HIP,CACERES,2022Q2,6
P-HIP,CACERES,2022Q3,2
P-HIP,CACERES,2022Q4,4
P-HIP,CACERES,2023Q1,3
P-HIP,CACERES,2023Q2,6
P-HIP,CACERES,2023Q3,4
P-HIP,CACERES,2023Q4,7
P-HIP,CACERES,2024Q1,5
P-HIP,CACERES,2024Q2,6
P-HIP,CACERES,2024Q3,3
P-HIP,CACERES,2024Q4,3
P-HIP,CACERES,2025Q1,2
P-HIP,CACERES,2025Q2,4
P-HIP,CACERES,2025Q3,1
P-HIP,CACERES,2025Q4,1
P-HIP,CACERES,2026Q1,1
P-HIP,A CORUNA,2021Q1,61
P-HIP,A CORUNA,2021Q2,47
P-HIP,A CORUNA,2021Q3,29
P-HIP,A CORUNA,2021Q4,24
P-HIP,A CORUNA,2022Q1,29
P-HIP,A CORUNA,2022Q2,21
P-HIP,A CORUNA,2022Q3,15
P-HIP,A CORUNA,2022Q4,16
P-HIP,A CORUNA,2023Q1,5
P-HIP,A CORUNA,2023Q2,15
P-HIP,A CORUNA,2023Q3,9
P-HIP,A CORUNA,2023Q4,10
P-HIP,A CORUNA,2024Q1,12
P-HIP,A CORUNA,2024Q2,25
P-HIP,A CORUNA,2024Q3,6
P-HIP,A CORUNA,2024Q4,15
P-HIP,A CORUNA,2025Q1,12
P-HIP,A CORUNA,2025Q2,14
P-HIP,A CORUNA,2025Q3,11
P-HIP,A CORUNA,2025Q4,7
P-HIP,A CORUNA,2026Q1,9
P-HIP,LUGO,2021Q1,1
P-HIP,LUGO,2021Q2,0
P-HIP,LUGO,2021Q3,1
P-HIP,LUGO,2021Q4,3
P-HIP,LUGO,2022Q1,3
P-HIP,LUGO,2022Q2,0
P-HIP,LUGO,2022Q3,0
P-HIP,LUGO,2022Q4,2
P-HIP,LUGO,2023Q1,3
P-HIP,LUGO,2023Q2,6
P-HIP,LUGO,2023Q3,4
P-HIP,LUGO,2023Q4,2
P-HIP,LUGO,2024Q1,7
P-HIP,LUGO,2024Q2,7
P-HIP,LUGO,2024Q3,3
P-HIP,LUGO,2024Q4,3
P-HIP,LUGO,2025Q1,0
P-HIP,LUGO,2025Q2,7
P-HIP,LUGO,2025Q3,7
P-HIP,LUGO,2025Q4,4
P-HIP,LUGO,2026Q1,8
P-HIP,OURENSE,2021Q1,9
P-HIP,OURENSE,2021Q2,4
P-HIP,OURENSE,2021Q3,1
P-HIP,OURENSE,2021Q4,6
P-HIP,OURENSE,2022Q1,3
P-HIP,OURENSE,2022Q2,15
P-HIP,OURENSE,2022Q3,1
P-HIP,OURENSE,2022Q4,7
P-HIP,OURENSE,2023Q1,2
P-HIP,OURENSE,2023Q2,8
P-HIP,OURENSE,2023Q3,1
P-HIP,OURENSE,2023Q4,4
P-HIP,OURENSE,2024Q1,3
P-HIP,OURENSE,2024Q2,5
P-HIP,OURENSE,2024Q3,1
P-HIP,OURENSE,2024Q4,4
P-HIP,OURENSE,2025Q1,5
P-HIP,OURENSE,2025Q2,2
P-HIP,OURENSE,2025Q3,6
P-HIP,OURENSE,2025Q4,1
P-HIP,OURENSE,2026Q1,1
P-HIP,PONTEVEDRA,2021Q1,35
P-HIP,PONTEVEDRA,2021Q2,38
P-HIP,PONTEVEDRA,2021Q3,28
P-HIP,PONTEVEDRA,2021Q4,49
P-HIP,PONTEVEDRA,2022Q1,49
P-HIP,PONTEVEDRA,2022Q2,38
P-HIP,PONTEVEDRA,2022Q3,35
P-HIP,PONTEVEDRA,2022Q4,43
P-HIP,PONTEVEDRA,2023Q1,18
P-HIP,PONTEVEDRA,2023Q2,31
P-HIP,PONTEVEDRA,2023Q3,18
P-HIP,PONTEVEDRA,2023Q4,28
P-HIP,PONTEVEDRA,2024Q1,25
P-HIP,PONTEVEDRA,2024Q2,32
P-HIP,PONTEVEDRA,2024Q3,17
P-HIP,PONTEVEDRA,2024Q4,16
P-HIP,PONTEVEDRA,2025Q1,15
P-HIP,PONTEVEDRA,2025Q2,9
P-HIP,PONTEVEDRA,2025Q3,9
P-HIP,PONTEVEDRA,2025Q4,9
P-HIP,PONTEVEDRA,2026Q1,15
P-HIP,MADRID,2021Q1,142
P-HIP,MADRID,2021Q2,180
P-HIP,MADRID,2021Q3,96
P-HIP,MADRID,2021Q4,123
P-HIP,MADRID,2022Q1,107
P-HIP,MADRID,2022Q2,109
P-HIP,MADRID,2022Q3,77
P-HIP,MADRID,2022Q4,73
P-HIP,MADRID,2023Q1,72
P-HIP,MADRID,2023Q2,62
P-HIP,MADRID,2023Q3,74
P-HIP,MADRID,2023Q4,72
P-HIP,MADRID,2024Q1,89
P-HIP,MADRID,2024Q2,80
P-HIP,MADRID,2024Q3,60
P-HIP,MADRID,2024Q4,64
P-HIP,MADRID,2025Q1,68
P-HIP,MADRID,2025Q2,93
P-HIP,MADRID,2025Q3,40
P-HIP,MADRID,2025Q4,51
P-HIP,MADRID,2026Q1,107
P-HIP,MURCIA,2021Q1,263
P-HIP,MURCIA,2021Q2,247
P-HIP,MURCIA,2021Q3,190
P-HIP,MURCIA,2021Q4,229
P-HIP,MURCIA,2022Q1,192
P-HIP,MURCIA,2022Q2,228
P-HIP,MURCIA,2022Q3,132
P-HIP,MURCIA,2022Q4,169
P-HIP,MURCIA,2023Q1,66
P-HIP,MURCIA,2023Q2,76
P-HIP,MURCIA,2023Q3,45
P-HIP,MURCIA,2023Q4,128
P-HIP,MURCIA,2024Q1,129
P-HIP,MURCIA,2024Q2,129
P-HIP,MURCIA,2024Q3,57
P-HIP,MURCIA,2024Q4,108
P-HIP,MURCIA,2025Q1,84
P-HIP,MURCIA,2025Q2,49
P-HIP,MURCIA,2025Q3,48
P-HIP,MURCIA,2025Q4,73
P-HIP,MURCIA,2026Q1,72
P-HIP,NAVARRA,2021Q1,6
P-HIP,NAVARRA,2021Q2,16
P-HIP,NAVARRA,2021Q3,7
P-HIP,NAVARRA,2021Q4,6
P-HIP,NAVARRA,2022Q1,14
P-HIP,NAVARRA,2022Q2,9
P-HIP,NAVARRA,2022Q3,12
P-HIP,NAVARRA,2022Q4,10
P-HIP,NAVARRA,2023Q1,5
P-HIP,NAVARRA,2023Q2,10
P-HIP,NAVARRA,2023Q3,0
P-HIP,NAVARRA,2023Q4,6
P-HIP,NAVARRA,2024Q1,6
P-HIP,NAVARRA,2024Q2,3
P-HIP,NAVARRA,2024Q3,0
P-HIP,NAVARRA,2024Q4,8
P-HIP,NAVARRA,2025Q1,8
P-HIP,NAVARRA,2025Q2,6
P-HIP,NAVARRA,2025Q3,11
P-HIP,NAVARRA,2025Q4,5
P-HIP,NAVARRA,2026Q1,2
P-HIP,ARABA/ALAVA,2021Q1,10
P-HIP,ARABA/ALAVA,2021Q2,12
P-HIP,ARABA/ALAVA,2021Q3,5
P-HIP,ARABA/ALAVA,2021Q4,8
P-HIP,ARABA/ALAVA,2022Q1,7
P-HIP,ARABA/ALAVA,2022Q2,7
P-HIP,ARABA/ALAVA,2022Q3,5
P-HIP,ARABA/ALAVA,2022Q4,0
P-HIP,ARABA/ALAVA,2023Q1,0
P-HIP,ARABA/ALAVA,2023Q2,2
P-HIP,ARABA/ALAVA,2023Q3,3
P-HIP,ARABA/ALAVA,2023Q4,4
P-HIP,ARABA/ALAVA,2024Q1,3
P-HIP,ARABA/ALAVA,2024Q2,10
P-HIP,ARABA/ALAVA,2024Q3,6
P-HIP,ARABA/ALAVA,2024Q4,9
P-HIP,ARABA/ALAVA,2025Q1,20
P-HIP,ARABA/ALAVA,2025Q2,51
P-HIP,ARABA/ALAVA,2025Q3,16
P-HIP,ARABA/ALAVA,2025Q4,65
P-HIP,ARABA/ALAVA,2026Q1,6
P-HIP,GIPUZKOA,2021Q1,20
P-HIP,GIPUZKOA,2021Q2,15
P-HIP,GIPUZKOA,2021Q3,10
P-HIP,GIPUZKOA,2021Q4,9
P-HIP,GIPUZKOA,2022Q1,10
P-HIP,GIPUZKOA,2022Q2,9
P-HIP,GIPUZKOA,2022Q3,3
P-HIP,GIPUZKOA,2022Q4,0
P-HIP,GIPUZKOA,2023Q1,0
P-HIP,GIPUZKOA,2023Q2,15
P-HIP,GIPUZKOA,2023Q3,1
P-HIP,GIPUZKOA,2023Q4,0
P-HIP,GIPUZKOA,2024Q1,1
P-HIP,GIPUZKOA,2024Q2,7
P-HIP,GIPUZKOA,2024Q3,5
P-HIP,GIPUZKOA,2024Q4,2
P-HIP,GIPUZKOA,2025Q1,3
P-HIP,GIPUZKOA,2025Q2,8
P-HIP,GIPUZKOA,2025Q3,5
P-HIP,GIPUZKOA,2025Q4,8
P-HIP,GIPUZKOA,2026Q1,3
P-HIP,BIZKAIA,2021Q1,15
P-HIP,BIZKAIA,2021Q2,20
P-HIP,BIZKAIA,2021Q3,21
P-HIP,BIZKAIA,2021Q4,24
P-HIP,BIZKAIA,2022Q1,34
P-HIP,BIZKAIA,2022Q2,31
P-HIP,BIZKAIA,2022Q3,21
P-HIP,BIZKAIA,2022Q4,14
P-HIP,BIZKAIA,2023Q1,9
P-HIP,BIZKAIA,2023Q2,8
P-HIP,BIZKAIA,2023Q3,7
P-HIP,BIZKAIA,2023Q4,6
P-HIP,BIZKAIA,2024Q1,7
P-HIP,BIZKAIA,2024Q2,10
P-HIP,BIZKAIA,2024Q3,8
P-HIP,BIZKAIA,2024Q4,10
P-HIP,BIZKAIA,2025Q1,12
P-HIP,BIZKAIA,2025Q2,3
P-HIP,BIZKAIA,2025Q3,9
P-HIP,BIZKAIA,2025Q4,16
P-HIP,BIZKAIA,2026Q1,4
P-HIP,LA RIOJA,2021Q1,10
P-HIP,LA RIOJA,2021Q2,13
P-HIP,LA RIOJA,2021Q3,22
P-HIP,LA RIOJA,2021Q4,12
P-HIP,LA RIOJA,2022Q1,18
P-HIP,LA RIOJA,2022Q2,20
P-HIP,LA RIOJA,2022Q3,6
P-HIP,LA RIOJA,2022Q4,7
P-HIP,LA RIOJA,2023Q1,2
P-HIP,LA RIOJA,2023Q2,11
P-HIP,LA RIOJA,2023Q3,12
P-HIP,LA RIOJA,2023Q4,10
P-HIP,LA RIOJA,2024Q1,5
P-HIP,LA RIOJA,2024Q2,5
P-HIP,LA RIOJA,2024Q3,4
P-HIP,LA RIOJA,2024Q4,8
P-HIP,LA RIOJA,2025Q1,9
P-HIP,LA RIOJA,2025Q2,9
P-HIP,LA RIOJA,2025Q3,3
P-HIP,LA RIOJA,2025Q4,2
P-HIP,LA RIOJA,2026Q1,7
P-HIP,TOTAL,2021Q1,2548
P-HIP,TOTAL,2021Q2,2849
P-HIP,TOTAL,2021Q3,2203
P-HIP,TOTAL,2021Q4,2503
P-HIP,TOTAL,2022Q1,2755
P-HIP,TOTAL,2022Q2,2377
P-HIP,TOTAL,2022Q3,1530
P-HIP,TOTAL,2022Q4,1847
P-HIP,TOTAL,2023Q1,1308
P-HIP,TOTAL,2023Q2,1497
P-HIP,TOTAL,2023Q3,963
P-HIP,TOTAL,2023Q4,1492
P-HIP,TOTAL,2024Q1,1448
P-HIP,TOTAL,2024Q2,1469
P-HIP,TOTAL,2024Q3,927
P-HIP,TOTAL,2024Q4,1229
P-HIP,TOTAL,2025Q1,1189
P-HIP,TOTAL,2025Q2,1217
P-HIP,TOTAL,2025Q3,847
P-HIP,TOTAL,2025Q4,1093
P-HIP,TOTAL,2026Q1,971
P-LAU,ALMERIA,2021Q1,134
P-LAU,ALMERIA,2021Q2,109
P-LAU,ALMERIA,2021Q3,131
P-LAU,ALMERIA,2021Q4,134
P-LAU,ALMERIA,2022Q1,183
P-LAU,ALMERIA,2022Q2,146
P-LAU,ALMERIA,2022Q3,131
P-LAU,ALMERIA,2022Q4,136
P-LAU,ALMERIA,2023Q1,107
P-LAU,ALMERIA,2023Q2,96
P-LAU,ALMERIA,2023Q3,83
P-LAU,ALMERIA,2023Q4,107
P-LAU,ALMERIA,2024Q1,97
P-LAU,ALMERIA,2024Q2,74
P-LAU,ALMERIA,2024Q3,84
P-LAU,ALMERIA,2024Q4,74
P-LAU,ALMERIA,2025Q1,103
P-LAU,ALMERIA,2025Q2,76
P-LAU,ALMERIA,2025Q3,63
P-LAU,ALMERIA,2025Q4,50
P-LAU,ALMERIA,2026Q1,33
P-LAU,CADIZ,2021Q1,160
P-LAU,CADIZ,2021Q2,182
P-LAU,CADIZ,2021Q3,123
P-LAU,CADIZ,2021Q4,175
P-LAU,CADIZ,2022Q1,155
P-LAU,CADIZ,2022Q2,217
P-LAU,CADIZ,2022Q3,150
P-LAU,CADIZ,2022Q4,133
P-LAU,CADIZ,2023Q1,115
P-LAU,CADIZ,2023Q2,66
P-LAU,CADIZ,2023Q3,119
P-LAU,CADIZ,2023Q4,117
P-LAU,CADIZ,2024Q1,105
P-LAU,CADIZ,2024Q2,109
P-LAU,CADIZ,2024Q3,78
P-LAU,CADIZ,2024Q4,103
P-LAU,CADIZ,2025Q1,102
P-LAU,CADIZ,2025Q2,88
P-LAU,CADIZ,2025Q3,59
P-LAU,CADIZ,2025Q4,110
P-LAU,CADIZ,2026Q1,77
P-LAU,CORDOBA,2021Q1,54
P-LAU,CORDOBA,2021Q2,51
P-LAU,CORDOBA,2021Q3,57
P-LAU,CORDOBA,2021Q4,58
P-LAU,CORDOBA,2022Q1,73
P-LAU,CORDOBA,2022Q2,85
P-LAU,CORDOBA,2022Q3,33
P-LAU,CORDOBA,2022Q4,59
P-LAU,CORDOBA,2023Q1,33
P-LAU,CORDOBA,2023Q2,33
P-LAU,CORDOBA,2023Q3,28
P-LAU,CORDOBA,2023Q4,32
P-LAU,CORDOBA,2024Q1,31
P-LAU,CORDOBA,2024Q2,53
P-LAU,CORDOBA,2024Q3,26
P-LAU,CORDOBA,2024Q4,27
P-LAU,CORDOBA,2025Q1,32
P-LAU,CORDOBA,2025Q2,35
P-LAU,CORDOBA,2025Q3,21
P-LAU,CORDOBA,2025Q4,31
P-LAU,CORDOBA,2026Q1,25
P-LAU,GRANADA,2021Q1,160
P-LAU,GRANADA,2021Q2,157
P-LAU,GRANADA,2021Q3,102
P-LAU,GRANADA,2021Q4,102
P-LAU,GRANADA,2022Q1,107
P-LAU,GRANADA,2022Q2,130
P-LAU,GRANADA,2022Q3,105
P-LAU,GRANADA,2022Q4,136
P-LAU,GRANADA,2023Q1,83
P-LAU,GRANADA,2023Q2,60
P-LAU,GRANADA,2023Q3,77
P-LAU,GRANADA,2023Q4,83
P-LAU,GRANADA,2024Q1,61
P-LAU,GRANADA,2024Q2,48
P-LAU,GRANADA,2024Q3,57
P-LAU,GRANADA,2024Q4,51
P-LAU,GRANADA,2025Q1,70
P-LAU,GRANADA,2025Q2,56
P-LAU,GRANADA,2025Q3,41
P-LAU,GRANADA,2025Q4,51
P-LAU,GRANADA,2026Q1,86
P-LAU,HUELVA,2021Q1,45
P-LAU,HUELVA,2021Q2,57
P-LAU,HUELVA,2021Q3,35
P-LAU,HUELVA,2021Q4,78
P-LAU,HUELVA,2022Q1,72
P-LAU,HUELVA,2022Q2,74
P-LAU,HUELVA,2022Q3,54
P-LAU,HUELVA,2022Q4,68
P-LAU,HUELVA,2023Q1,49
P-LAU,HUELVA,2023Q2,59
P-LAU,HUELVA,2023Q3,49
P-LAU,HUELVA,2023Q4,47
P-LAU,HUELVA,2024Q1,40
P-LAU,HUELVA,2024Q2,54
P-LAU,HUELVA,2024Q3,34
P-LAU,HUELVA,2024Q4,41
P-LAU,HUELVA,2025Q1,40
P-LAU,HUELVA,2025Q2,60
P-LAU,HUELVA,2025Q3,19
P-LAU,HUELVA,2025Q4,32
P-LAU,HUELVA,2026Q1,17
P-LAU,JAEN,2021Q1,37
P-LAU,JAEN,2021Q2,41
P-LAU,JAEN,2021Q3,27
P-LAU,JAEN,2021Q4,29
P-LAU,JAEN,2022Q1,33
P-LAU,JAEN,2022Q2,36
P-LAU,JAEN,2022Q3,18
P-LAU,JAEN,2022Q4,34
P-LAU,JAEN,2023Q1,40
P-LAU,JAEN,2023Q2,25
P-LAU,JAEN,2023Q3,13
P-LAU,JAEN,2023Q4,17
P-LAU,JAEN,2024Q1,21
P-LAU,JAEN,2024Q2,28
P-LAU,JAEN,2024Q3,15
P-LAU,JAEN,2024Q4,17
P-LAU,JAEN,2025Q1,26
P-LAU,JAEN,2025Q2,23
P-LAU,JAEN,2025Q3,15
P-LAU,JAEN,2025Q4,20
P-LAU,JAEN,2026Q1,12
P-LAU,MALAGA,2021Q1,383
P-LAU,MALAGA,2021Q2,400
P-LAU,MALAGA,2021Q3,344
P-LAU,MALAGA,2021Q4,372
P-LAU,MALAGA,2022Q1,423
P-LAU,MALAGA,2022Q2,416
P-LAU,MALAGA,2022Q3,282
P-LAU,MALAGA,2022Q4,369
P-LAU,MALAGA,2023Q1,279
P-LAU,MALAGA,2023Q2,186
P-LAU,MALAGA,2023Q3,197
P-LAU,MALAGA,2023Q4,274
P-LAU,MALAGA,2024Q1,227
P-LAU,MALAGA,2024Q2,282
P-LAU,MALAGA,2024Q3,188
P-LAU,MALAGA,2024Q4,236
P-LAU,MALAGA,2025Q1,282
P-LAU,MALAGA,2025Q2,276
P-LAU,MALAGA,2025Q3,189
P-LAU,MALAGA,2025Q4,119
P-LAU,MALAGA,2026Q1,49
P-LAU,SEVILLA,2021Q1,136
P-LAU,SEVILLA,2021Q2,189
P-LAU,SEVILLA,2021Q3,120
P-LAU,SEVILLA,2021Q4,133
P-LAU,SEVILLA,2022Q1,178
P-LAU,SEVILLA,2022Q2,209
P-LAU,SEVILLA,2022Q3,115
P-LAU,SEVILLA,2022Q4,146
P-LAU,SEVILLA,2023Q1,147
P-LAU,SEVILLA,2023Q2,133
P-LAU,SEVILLA,2023Q3,89
P-LAU,SEVILLA,2023Q4,118
P-LAU,SEVILLA,2024Q1,109
P-LAU,SEVILLA,2024Q2,117
P-LAU,SEVILLA,2024Q3,91
P-LAU,SEVILLA,2024Q4,134
P-LAU,SEVILLA,2025Q1,152
P-LAU,SEVILLA,2025Q2,133
P-LAU,SEVILLA,2025Q3,107
P-LAU,SEVILLA,2025Q4,119
P-LAU,SEVILLA,2026Q1,56
P-LAU,HUESCA,2021Q1,26
P-LAU,HUESCA,2021Q2,26
P-LAU,HUESCA,2021Q3,29
P-LAU,HUESCA,2021Q4,22
P-LAU,HUESCA,2022Q1,26
P-LAU,HUESCA,2022Q2,34
P-LAU,HUESCA,2022Q3,26
P-LAU,HUESCA,2022Q4,35
P-LAU,HUESCA,2023Q1,24
P-LAU,HUESCA,2023Q2,26
P-LAU,HUESCA,2023Q3,18
P-LAU,HUESCA,2023Q4,32
P-LAU,HUESCA,2024Q1,32
P-LAU,HUESCA,2024Q2,34
P-LAU,HUESCA,2024Q3,28
P-LAU,HUESCA,2024Q4,30
P-LAU,HUESCA,2025Q1,23
P-LAU,HUESCA,2025Q2,25
P-LAU,HUESCA,2025Q3,24
P-LAU,HUESCA,2025Q4,26
P-LAU,HUESCA,2026Q1,21
P-LAU,TERUEL,2021Q1,5
P-LAU,TERUEL,2021Q2,6
P-LAU,TERUEL,2021Q3,5
P-LAU,TERUEL,2021Q4,8
P-LAU,TERUEL,2022Q1,11
P-LAU,TERUEL,2022Q2,12
P-LAU,TERUEL,2022Q3,3
P-LAU,TERUEL,2022Q4,8
P-LAU,TERUEL,2023Q1,10
P-LAU,TERUEL,2023Q2,11
P-LAU,TERUEL,2023Q3,4
P-LAU,TERUEL,2023Q4,9
P-LAU,TERUEL,2024Q1,5
P-LAU,TERUEL,2024Q2,6
P-LAU,TERUEL,2024Q3,5
P-LAU,TERUEL,2024Q4,4
P-LAU,TERUEL,2025Q1,5
P-LAU,TERUEL,2025Q2,9
P-LAU,TERUEL,2025Q3,1
P-LAU,TERUEL,2025Q4,10
P-LAU,TERUEL,2026Q1,1
P-LAU,ZARAGOZA,2021Q1,124
P-LAU,ZARAGOZA,2021Q2,132
P-LAU,ZARAGOZA,2021Q3,86
P-LAU,ZARAGOZA,2021Q4,100
P-LAU,ZARAGOZA,2022Q1,136
P-LAU,ZARAGOZA,2022Q2,147
P-LAU,ZARAGOZA,2022Q3,93
P-LAU,ZARAGOZA,2022Q4,154
P-LAU,ZARAGOZA,2023Q1,106
P-LAU,ZARAGOZA,2023Q2,90
P-LAU,ZARAGOZA,2023Q3,69
P-LAU,ZARAGOZA,2023Q4,92
P-LAU,ZARAGOZA,2024Q1,84
P-LAU,ZARAGOZA,2024Q2,81
P-LAU,ZARAGOZA,2024Q3,80
P-LAU,ZARAGOZA,2024Q4,128
P-LAU,ZARAGOZA,2025Q1,121
P-LAU,ZARAGOZA,2025Q2,87
P-LAU,ZARAGOZA,2025Q3,74
P-LAU,ZARAGOZA,2025Q4,100
P-LAU,ZARAGOZA,2026Q1,22
P-LAU,ASTURIAS,2021Q1,177
P-LAU,ASTURIAS,2021Q2,159
P-LAU,ASTURIAS,2021Q3,108
P-LAU,ASTURIAS,2021Q4,154
P-LAU,ASTURIAS,2022Q1,167
P-LAU,ASTURIAS,2022Q2,170
P-LAU,ASTURIAS,2022Q3,116
P-LAU,ASTURIAS,2022Q4,168
P-LAU,ASTURIAS,2023Q1,90
P-LAU,ASTURIAS,2023Q2,69
P-LAU,ASTURIAS,2023Q3,104
P-LAU,ASTURIAS,2023Q4,159
P-LAU,ASTURIAS,2024Q1,142
P-LAU,ASTURIAS,2024Q2,185
P-LAU,ASTURIAS,2024Q3,102
P-LAU,ASTURIAS,2024Q4,142
P-LAU,ASTURIAS,2025Q1,147
P-LAU,ASTURIAS,2025Q2,142
P-LAU,ASTURIAS,2025Q3,84
P-LAU,ASTURIAS,2025Q4,94
P-LAU,ASTURIAS,2026Q1,29
P-LAU,ILLES BALEARS,2021Q1,374
P-LAU,ILLES BALEARS,2021Q2,307
P-LAU,ILLES BALEARS,2021Q3,232
P-LAU,ILLES BALEARS,2021Q4,243
P-LAU,ILLES BALEARS,2022Q1,279
P-LAU,ILLES BALEARS,2022Q2,276
P-LAU,ILLES BALEARS,2022Q3,224
P-LAU,ILLES BALEARS,2022Q4,257
P-LAU,ILLES BALEARS,2023Q1,172
P-LAU,ILLES BALEARS,2023Q2,226
P-LAU,ILLES BALEARS,2023Q3,157
P-LAU,ILLES BALEARS,2023Q4,192
P-LAU,ILLES BALEARS,2024Q1,181
P-LAU,ILLES BALEARS,2024Q2,195
P-LAU,ILLES BALEARS,2024Q3,183
P-LAU,ILLES BALEARS,2024Q4,186
P-LAU,ILLES BALEARS,2025Q1,249
P-LAU,ILLES BALEARS,2025Q2,204
P-LAU,ILLES BALEARS,2025Q3,175
P-LAU,ILLES BALEARS,2025Q4,103
P-LAU,ILLES BALEARS,2026Q1,48
P-LAU,LAS PALMAS,2021Q1,331
P-LAU,LAS PALMAS,2021Q2,351
P-LAU,LAS PALMAS,2021Q3,328
P-LAU,LAS PALMAS,2021Q4,295
P-LAU,LAS PALMAS,2022Q1,235
P-LAU,LAS PALMAS,2022Q2,258
P-LAU,LAS PALMAS,2022Q3,227
P-LAU,LAS PALMAS,2022Q4,220
P-LAU,LAS PALMAS,2023Q1,163
P-LAU,LAS PALMAS,2023Q2,246
P-LAU,LAS PALMAS,2023Q3,192
P-LAU,LAS PALMAS,2023Q4,228
P-LAU,LAS PALMAS,2024Q1,191
P-LAU,LAS PALMAS,2024Q2,177
P-LAU,LAS PALMAS,2024Q3,127
P-LAU,LAS PALMAS,2024Q4,152
P-LAU,LAS PALMAS,2025Q1,207
P-LAU,LAS PALMAS,2025Q2,190
P-LAU,LAS PALMAS,2025Q3,172
P-LAU,LAS PALMAS,2025Q4,121
P-LAU,LAS PALMAS,2026Q1,5
P-LAU,SANTA CRUZ DE TENERIFE,2021Q1,245
P-LAU,SANTA CRUZ DE TENERIFE,2021Q2,210
P-LAU,SANTA CRUZ DE TENERIFE,2021Q3,182
P-LAU,SANTA CRUZ DE TENERIFE,2021Q4,212
P-LAU,SANTA CRUZ DE TENERIFE,2022Q1,255
P-LAU,SANTA CRUZ DE TENERIFE,2022Q2,296
P-LAU,SANTA CRUZ DE TENERIFE,2022Q3,202
P-LAU,SANTA CRUZ DE TENERIFE,2022Q4,194
P-LAU,SANTA CRUZ DE TENERIFE,2023Q1,145
P-LAU,SANTA CRUZ DE TENERIFE,2023Q2,148
P-LAU,SANTA CRUZ DE TENERIFE,2023Q3,103
P-LAU,SANTA CRUZ DE TENERIFE,2023Q4,173
P-LAU,SANTA CRUZ DE TENERIFE,2024Q1,189
P-LAU,SANTA CRUZ DE TENERIFE,2024Q2,164
P-LAU,SANTA CRUZ DE TENERIFE,2024Q3,138
P-LAU,SANTA CRUZ DE TENERIFE,2024Q4,164
P-LAU,SANTA CRUZ DE TENERIFE,2025Q1,165
P-LAU,SANTA CRUZ DE TENERIFE,2025Q2,142
P-LAU,SANTA CRUZ DE TENERIFE,2025Q3,76
P-LAU,SANTA CRUZ DE TENERIFE,2025Q4,56
P-LAU,SANTA CRUZ DE TENERIFE,2026Q1,56
P-LAU,CANTABRIA,2021Q1,113
P-LAU,CANTABRIA,2021Q2,122
P-LAU,CANTABRIA,2021Q3,92
P-LAU,CANTABRIA,2021Q4,83
P-LAU,CANTABRIA,2022Q1,75
P-LAU,CANTABRIA,2022Q2,116
P-LAU,CANTABRIA,2022Q3,69
P-LAU,CANTABRIA,2022Q4,90
P-LAU,CANTABRIA,2023Q1,23
P-LAU,CANTABRIA,2023Q2,34
P-LAU,CANTABRIA,2023Q3,26
P-LAU,CANTABRIA,2023Q4,40
P-LAU,CANTABRIA,2024Q1,73
P-LAU,CANTABRIA,2024Q2,62
P-LAU,CANTABRIA,2024Q3,35
P-LAU,CANTABRIA,2024Q4,37
P-LAU,CANTABRIA,2025Q1,61
P-LAU,CANTABRIA,2025Q2,40
P-LAU,CANTABRIA,2025Q3,31
P-LAU,CANTABRIA,2025Q4,18
P-LAU,CANTABRIA,2026Q1,30
P-LAU,AVILA,2021Q1,30
P-LAU,AVILA,2021Q2,22
P-LAU,AVILA,2021Q3,13
P-LAU,AVILA,2021Q4,17
P-LAU,AVILA,2022Q1,16
P-LAU,AVILA,2022Q2,21
P-LAU,AVILA,2022Q3,9
P-LAU,AVILA,2022Q4,9
P-LAU,AVILA,2023Q1,9
P-LAU,AVILA,2023Q2,11
P-LAU,AVILA,2023Q3,5
P-LAU,AVILA,2023Q4,7
P-LAU,AVILA,2024Q1,15
P-LAU,AVILA,2024Q2,19
P-LAU,AVILA,2024Q3,11
P-LAU,AVILA,2024Q4,12
P-LAU,AVILA,2025Q1,15
P-LAU,AVILA,2025Q2,8
P-LAU,AVILA,2025Q3,4
P-LAU,AVILA,2025Q4,1
P-LAU,AVILA,2026Q1,2
P-LAU,BURGOS,2021Q1,107
P-LAU,BURGOS,2021Q2,52
P-LAU,BURGOS,2021Q3,47
P-LAU,BURGOS,2021Q4,45
P-LAU,BURGOS,2022Q1,41
P-LAU,BURGOS,2022Q2,58
P-LAU,BURGOS,2022Q3,48
P-LAU,BURGOS,2022Q4,56
P-LAU,BURGOS,2023Q1,60
P-LAU,BURGOS,2023Q2,37
P-LAU,BURGOS,2023Q3,33
P-LAU,BURGOS,2023Q4,33
P-LAU,BURGOS,2024Q1,57
P-LAU,BURGOS,2024Q2,32
P-LAU,BURGOS,2024Q3,11
P-LAU,BURGOS,2024Q4,35
P-LAU,BURGOS,2025Q1,32
P-LAU,BURGOS,2025Q2,27
P-LAU,BURGOS,2025Q3,20
P-LAU,BURGOS,2025Q4,23
P-LAU,BURGOS,2026Q1,9
P-LAU,LEON,2021Q1,89
P-LAU,LEON,2021Q2,88
P-LAU,LEON,2021Q3,73
P-LAU,LEON,2021Q4,75
P-LAU,LEON,2022Q1,86
P-LAU,LEON,2022Q2,65
P-LAU,LEON,2022Q3,54
P-LAU,LEON,2022Q4,86
P-LAU,LEON,2023Q1,79
P-LAU,LEON,2023Q2,33
P-LAU,LEON,2023Q3,44
P-LAU,LEON,2023Q4,89
P-LAU,LEON,2024Q1,55
P-LAU,LEON,2024Q2,65
P-LAU,LEON,2024Q3,41
P-LAU,LEON,2024Q4,66
P-LAU,LEON,2025Q1,55
P-LAU,LEON,2025Q2,56
P-LAU,LEON,2025Q3,40
P-LAU,LEON,2025Q4,45
P-LAU,LEON,2026Q1,5
P-LAU,PALENCIA,2021Q1,17
P-LAU,PALENCIA,2021Q2,16
P-LAU,PALENCIA,2021Q3,15
P-LAU,PALENCIA,2021Q4,10
P-LAU,PALENCIA,2022Q1,13
P-LAU,PALENCIA,2022Q2,20
P-LAU,PALENCIA,2022Q3,15
P-LAU,PALENCIA,2022Q4,9
P-LAU,PALENCIA,2023Q1,12
P-LAU,PALENCIA,2023Q2,20
P-LAU,PALENCIA,2023Q3,11
P-LAU,PALENCIA,2023Q4,19
P-LAU,PALENCIA,2024Q1,14
P-LAU,PALENCIA,2024Q2,17
P-LAU,PALENCIA,2024Q3,8
P-LAU,PALENCIA,2024Q4,17
P-LAU,PALENCIA,2025Q1,9
P-LAU,PALENCIA,2025Q2,7
P-LAU,PALENCIA,2025Q3,3
P-LAU,PALENCIA,2025Q4,9
P-LAU,PALENCIA,2026Q1,6
P-LAU,SALAMANCA,2021Q1,18
P-LAU,SALAMANCA,2021Q2,35
P-LAU,SALAMANCA,2021Q3,26
P-LAU,SALAMANCA,2021Q4,23
P-LAU,SALAMANCA,2022Q1,25
P-LAU,SALAMANCA,2022Q2,33
P-LAU,SALAMANCA,2022Q3,16
P-LAU,SALAMANCA,2022Q4,30
P-LAU,SALAMANCA,2023Q1,31
P-LAU,SALAMANCA,2023Q2,13
P-LAU,SALAMANCA,2023Q3,7
P-LAU,SALAMANCA,2023Q4,15
P-LAU,SALAMANCA,2024Q1,28
P-LAU,SALAMANCA,2024Q2,41
P-LAU,SALAMANCA,2024Q3,10
P-LAU,SALAMANCA,2024Q4,21
P-LAU,SALAMANCA,2025Q1,25
P-LAU,SALAMANCA,2025Q2,13
P-LAU,SALAMANCA,2025Q3,4
P-LAU,SALAMANCA,2025Q4,12
P-LAU,SALAMANCA,2026Q1,3
P-LAU,SEGOVIA,2021Q1,8
P-LAU,SEGOVIA,2021Q2,22
P-LAU,SEGOVIA,2021Q3,11
P-LAU,SEGOVIA,2021Q4,12
P-LAU,SEGOVIA,2022Q1,13
P-LAU,SEGOVIA,2022Q2,10
P-LAU,SEGOVIA,2022Q3,12
P-LAU,SEGOVIA,2022Q4,6
P-LAU,SEGOVIA,2023Q1,2
P-LAU,SEGOVIA,2023Q2,5
P-LAU,SEGOVIA,2023Q3,9
P-LAU,SEGOVIA,2023Q4,10
P-LAU,SEGOVIA,2024Q1,14
P-LAU,SEGOVIA,2024Q2,14
P-LAU,SEGOVIA,2024Q3,5
P-LAU,SEGOVIA,2024Q4,10
P-LAU,SEGOVIA,2025Q1,20
P-LAU,SEGOVIA,2025Q2,7
P-LAU,SEGOVIA,2025Q3,9
P-LAU,SEGOVIA,2025Q4,5
P-LAU,SEGOVIA,2026Q1,4
P-LAU,SORIA,2021Q1,12
P-LAU,SORIA,2021Q2,6
P-LAU,SORIA,2021Q3,5
P-LAU,SORIA,2021Q4,8
P-LAU,SORIA,2022Q1,8
P-LAU,SORIA,2022Q2,10
P-LAU,SORIA,2022Q3,7
P-LAU,SORIA,2022Q4,18
P-LAU,SORIA,2023Q1,11
P-LAU,SORIA,2023Q2,7
P-LAU,SORIA,2023Q3,0
P-LAU,SORIA,2023Q4,5
P-LAU,SORIA,2024Q1,6
P-LAU,SORIA,2024Q2,7
P-LAU,SORIA,2024Q3,2
P-LAU,SORIA,2024Q4,5
P-LAU,SORIA,2025Q1,7
P-LAU,SORIA,2025Q2,9
P-LAU,SORIA,2025Q3,3
P-LAU,SORIA,2025Q4,0
P-LAU,SORIA,2026Q1,1
P-LAU,VALLADOLID,2021Q1,59
P-LAU,VALLADOLID,2021Q2,49
P-LAU,VALLADOLID,2021Q3,34
P-LAU,VALLADOLID,2021Q4,63
P-LAU,VALLADOLID,2022Q1,75
P-LAU,VALLADOLID,2022Q2,68
P-LAU,VALLADOLID,2022Q3,37
P-LAU,VALLADOLID,2022Q4,53
P-LAU,VALLADOLID,2023Q1,31
P-LAU,VALLADOLID,2023Q2,33
P-LAU,VALLADOLID,2023Q3,40
P-LAU,VALLADOLID,2023Q4,42
P-LAU,VALLADOLID,2024Q1,32
P-LAU,VALLADOLID,2024Q2,53
P-LAU,VALLADOLID,2024Q3,39
P-LAU,VALLADOLID,2024Q4,39
P-LAU,VALLADOLID,2025Q1,35
P-LAU,VALLADOLID,2025Q2,40
P-LAU,VALLADOLID,2025Q3,38
P-LAU,VALLADOLID,2025Q4,32
P-LAU,VALLADOLID,2026Q1,15
P-LAU,ZAMORA,2021Q1,11
P-LAU,ZAMORA,2021Q2,4
P-LAU,ZAMORA,2021Q3,2
P-LAU,ZAMORA,2021Q4,9
P-LAU,ZAMORA,2022Q1,10
P-LAU,ZAMORA,2022Q2,13
P-LAU,ZAMORA,2022Q3,21
P-LAU,ZAMORA,2022Q4,19
P-LAU,ZAMORA,2023Q1,2
P-LAU,ZAMORA,2023Q2,8
P-LAU,ZAMORA,2023Q3,12
P-LAU,ZAMORA,2023Q4,9
P-LAU,ZAMORA,2024Q1,12
P-LAU,ZAMORA,2024Q2,5
P-LAU,ZAMORA,2024Q3,5
P-LAU,ZAMORA,2024Q4,2
P-LAU,ZAMORA,2025Q1,14
P-LAU,ZAMORA,2025Q2,13
P-LAU,ZAMORA,2025Q3,4
P-LAU,ZAMORA,2025Q4,2
P-LAU,ZAMORA,2026Q1,12
P-LAU,ALBACETE,2021Q1,44
P-LAU,ALBACETE,2021Q2,45
P-LAU,ALBACETE,2021Q3,30
P-LAU,ALBACETE,2021Q4,28
P-LAU,ALBACETE,2022Q1,44
P-LAU,ALBACETE,2022Q2,45
P-LAU,ALBACETE,2022Q3,29
P-LAU,ALBACETE,2022Q4,27
P-LAU,ALBACETE,2023Q1,21
P-LAU,ALBACETE,2023Q2,18
P-LAU,ALBACETE,2023Q3,13
P-LAU,ALBACETE,2023Q4,39
P-LAU,ALBACETE,2024Q1,33
P-LAU,ALBACETE,2024Q2,43
P-LAU,ALBACETE,2024Q3,19
P-LAU,ALBACETE,2024Q4,27
P-LAU,ALBACETE,2025Q1,22
P-LAU,ALBACETE,2025Q2,25
P-LAU,ALBACETE,2025Q3,16
P-LAU,ALBACETE,2025Q4,21
P-LAU,ALBACETE,2026Q1,9
P-LAU,CIUDAD REAL,2021Q1,49
P-LAU,CIUDAD REAL,2021Q2,36
P-LAU,CIUDAD REAL,2021Q3,31
P-LAU,CIUDAD REAL,2021Q4,29
P-LAU,CIUDAD REAL,2022Q1,27
P-LAU,CIUDAD REAL,2022Q2,18
P-LAU,CIUDAD REAL,2022Q3,21
P-LAU,CIUDAD REAL,2022Q4,33
P-LAU,CIUDAD REAL,2023Q1,19
P-LAU,CIUDAD REAL,2023Q2,10
P-LAU,CIUDAD REAL,2023Q3,7
P-LAU,CIUDAD REAL,2023Q4,12
P-LAU,CIUDAD REAL,2024Q1,17
P-LAU,CIUDAD REAL,2024Q2,25
P-LAU,CIUDAD REAL,2024Q3,19
P-LAU,CIUDAD REAL,2024Q4,19
P-LAU,CIUDAD REAL,2025Q1,25
P-LAU,CIUDAD REAL,2025Q2,16
P-LAU,CIUDAD REAL,2025Q3,7
P-LAU,CIUDAD REAL,2025Q4,19
P-LAU,CIUDAD REAL,2026Q1,12
P-LAU,CUENCA,2021Q1,11
P-LAU,CUENCA,2021Q2,15
P-LAU,CUENCA,2021Q3,10
P-LAU,CUENCA,2021Q4,11
P-LAU,CUENCA,2022Q1,14
P-LAU,CUENCA,2022Q2,13
P-LAU,CUENCA,2022Q3,8
P-LAU,CUENCA,2022Q4,5
P-LAU,CUENCA,2023Q1,2
P-LAU,CUENCA,2023Q2,8
P-LAU,CUENCA,2023Q3,10
P-LAU,CUENCA,2023Q4,5
P-LAU,CUENCA,2024Q1,8
P-LAU,CUENCA,2024Q2,13
P-LAU,CUENCA,2024Q3,7
P-LAU,CUENCA,2024Q4,8
P-LAU,CUENCA,2025Q1,3
P-LAU,CUENCA,2025Q2,9
P-LAU,CUENCA,2025Q3,13
P-LAU,CUENCA,2025Q4,14
P-LAU,CUENCA,2026Q1,2
P-LAU,GUADALAJARA,2021Q1,102
P-LAU,GUADALAJARA,2021Q2,90
P-LAU,GUADALAJARA,2021Q3,41
P-LAU,GUADALAJARA,2021Q4,62
P-LAU,GUADALAJARA,2022Q1,70
P-LAU,GUADALAJARA,2022Q2,80
P-LAU,GUADALAJARA,2022Q3,85
P-LAU,GUADALAJARA,2022Q4,66
P-LAU,GUADALAJARA,2023Q1,14
P-LAU,GUADALAJARA,2023Q2,15
P-LAU,GUADALAJARA,2023Q3,84
P-LAU,GUADALAJARA,2023Q4,69
P-LAU,GUADALAJARA,2024Q1,83
P-LAU,GUADALAJARA,2024Q2,67
P-LAU,GUADALAJARA,2024Q3,18
P-LAU,GUADALAJARA,2024Q4,27
P-LAU,GUADALAJARA,2025Q1,21
P-LAU,GUADALAJARA,2025Q2,17
P-LAU,GUADALAJARA,2025Q3,25
P-LAU,GUADALAJARA,2025Q4,11
P-LAU,GUADALAJARA,2026Q1,22
P-LAU,TOLEDO,2021Q1,72
P-LAU,TOLEDO,2021Q2,91
P-LAU,TOLEDO,2021Q3,78
P-LAU,TOLEDO,2021Q4,66
P-LAU,TOLEDO,2022Q1,133
P-LAU,TOLEDO,2022Q2,98
P-LAU,TOLEDO,2022Q3,61
P-LAU,TOLEDO,2022Q4,48
P-LAU,TOLEDO,2023Q1,59
P-LAU,TOLEDO,2023Q2,51
P-LAU,TOLEDO,2023Q3,42
P-LAU,TOLEDO,2023Q4,75
P-LAU,TOLEDO,2024Q1,64
P-LAU,TOLEDO,2024Q2,62
P-LAU,TOLEDO,2024Q3,43
P-LAU,TOLEDO,2024Q4,44
P-LAU,TOLEDO,2025Q1,96
P-LAU,TOLEDO,2025Q2,73
P-LAU,TOLEDO,2025Q3,42
P-LAU,TOLEDO,2025Q4,43
P-LAU,TOLEDO,2026Q1,25
P-LAU,BARCELONA,2021Q1,1278
P-LAU,BARCELONA,2021Q2,1323
P-LAU,BARCELONA,2021Q3,930
P-LAU,BARCELONA,2021Q4,1124
P-LAU,BARCELONA,2022Q1,1234
P-LAU,BARCELONA,2022Q2,1251
P-LAU,BARCELONA,2022Q3,822
P-LAU,BARCELONA,2022Q4,974
P-LAU,BARCELONA,2023Q1,924
P-LAU,BARCELONA,2023Q2,1123
P-LAU,BARCELONA,2023Q3,700
P-LAU,BARCELONA,2023Q4,896
P-LAU,BARCELONA,2024Q1,1028
P-LAU,BARCELONA,2024Q2,1101
P-LAU,BARCELONA,2024Q3,738
P-LAU,BARCELONA,2024Q4,1099
P-LAU,BARCELONA,2025Q1,1151
P-LAU,BARCELONA,2025Q2,1024
P-LAU,BARCELONA,2025Q3,641
P-LAU,BARCELONA,2025Q4,761
P-LAU,BARCELONA,2026Q1,241
P-LAU,GIRONA,2021Q1,273
P-LAU,GIRONA,2021Q2,305
P-LAU,GIRONA,2021Q3,221
P-LAU,GIRONA,2021Q4,282
P-LAU,GIRONA,2022Q1,204
P-LAU,GIRONA,2022Q2,277
P-LAU,GIRONA,2022Q3,192
P-LAU,GIRONA,2022Q4,229
P-LAU,GIRONA,2023Q1,161
P-LAU,GIRONA,2023Q2,223
P-LAU,GIRONA,2023Q3,134
P-LAU,GIRONA,2023Q4,182
P-LAU,GIRONA,2024Q1,153
P-LAU,GIRONA,2024Q2,231
P-LAU,GIRONA,2024Q3,160
P-LAU,GIRONA,2024Q4,241
P-LAU,GIRONA,2025Q1,204
P-LAU,GIRONA,2025Q2,228
P-LAU,GIRONA,2025Q3,152
P-LAU,GIRONA,2025Q4,183
P-LAU,GIRONA,2026Q1,153
P-LAU,LLEIDA,2021Q1,78
P-LAU,LLEIDA,2021Q2,94
P-LAU,LLEIDA,2021Q3,61
P-LAU,LLEIDA,2021Q4,75
P-LAU,LLEIDA,2022Q1,96
P-LAU,LLEIDA,2022Q2,76
P-LAU,LLEIDA,2022Q3,72
P-LAU,LLEIDA,2022Q4,48
P-LAU,LLEIDA,2023Q1,88
P-LAU,LLEIDA,2023Q2,106
P-LAU,LLEIDA,2023Q3,55
P-LAU,LLEIDA,2023Q4,78
P-LAU,LLEIDA,2024Q1,51
P-LAU,LLEIDA,2024Q2,90
P-LAU,LLEIDA,2024Q3,44
P-LAU,LLEIDA,2024Q4,48
P-LAU,LLEIDA,2025Q1,49
P-LAU,LLEIDA,2025Q2,37
P-LAU,LLEIDA,2025Q3,44
P-LAU,LLEIDA,2025Q4,49
P-LAU,LLEIDA,2026Q1,33
P-LAU,TARRAGONA,2021Q1,206
P-LAU,TARRAGONA,2021Q2,182
P-LAU,TARRAGONA,2021Q3,132
P-LAU,TARRAGONA,2021Q4,165
P-LAU,TARRAGONA,2022Q1,168
P-LAU,TARRAGONA,2022Q2,205
P-LAU,TARRAGONA,2022Q3,111
P-LAU,TARRAGONA,2022Q4,201
P-LAU,TARRAGONA,2023Q1,67
P-LAU,TARRAGONA,2023Q2,169
P-LAU,TARRAGONA,2023Q3,104
P-LAU,TARRAGONA,2023Q4,148
P-LAU,TARRAGONA,2024Q1,158
P-LAU,TARRAGONA,2024Q2,155
P-LAU,TARRAGONA,2024Q3,90
P-LAU,TARRAGONA,2024Q4,152
P-LAU,TARRAGONA,2025Q1,138
P-LAU,TARRAGONA,2025Q2,164
P-LAU,TARRAGONA,2025Q3,93
P-LAU,TARRAGONA,2025Q4,107
P-LAU,TARRAGONA,2026Q1,62
P-LAU,ALICANTE,2021Q1,448
P-LAU,ALICANTE,2021Q2,428
P-LAU,ALICANTE,2021Q3,316
P-LAU,ALICANTE,2021Q4,363
P-LAU,ALICANTE,2022Q1,441
P-LAU,ALICANTE,2022Q2,408
P-LAU,ALICANTE,2022Q3,276
P-LAU,ALICANTE,2022Q4,372
P-LAU,ALICANTE,2023Q1,264
P-LAU,ALICANTE,2023Q2,317
P-LAU,ALICANTE,2023Q3,279
P-LAU,ALICANTE,2023Q4,282
P-LAU,ALICANTE,2024Q1,324
P-LAU,ALICANTE,2024Q2,279
P-LAU,ALICANTE,2024Q3,199
P-LAU,ALICANTE,2024Q4,294
P-LAU,ALICANTE,2025Q1,251
P-LAU,ALICANTE,2025Q2,258
P-LAU,ALICANTE,2025Q3,171
P-LAU,ALICANTE,2025Q4,247
P-LAU,ALICANTE,2026Q1,154
P-LAU,CASTELLON,2021Q1,134
P-LAU,CASTELLON,2021Q2,110
P-LAU,CASTELLON,2021Q3,74
P-LAU,CASTELLON,2021Q4,124
P-LAU,CASTELLON,2022Q1,110
P-LAU,CASTELLON,2022Q2,108
P-LAU,CASTELLON,2022Q3,50
P-LAU,CASTELLON,2022Q4,86
P-LAU,CASTELLON,2023Q1,85
P-LAU,CASTELLON,2023Q2,85
P-LAU,CASTELLON,2023Q3,45
P-LAU,CASTELLON,2023Q4,70
P-LAU,CASTELLON,2024Q1,58
P-LAU,CASTELLON,2024Q2,63
P-LAU,CASTELLON,2024Q3,68
P-LAU,CASTELLON,2024Q4,64
P-LAU,CASTELLON,2025Q1,58
P-LAU,CASTELLON,2025Q2,71
P-LAU,CASTELLON,2025Q3,62
P-LAU,CASTELLON,2025Q4,31
P-LAU,CASTELLON,2026Q1,11
P-LAU,VALENCIA,2021Q1,443
P-LAU,VALENCIA,2021Q2,532
P-LAU,VALENCIA,2021Q3,366
P-LAU,VALENCIA,2021Q4,469
P-LAU,VALENCIA,2022Q1,503
P-LAU,VALENCIA,2022Q2,450
P-LAU,VALENCIA,2022Q3,305
P-LAU,VALENCIA,2022Q4,402
P-LAU,VALENCIA,2023Q1,326
P-LAU,VALENCIA,2023Q2,401
P-LAU,VALENCIA,2023Q3,249
P-LAU,VALENCIA,2023Q4,270
P-LAU,VALENCIA,2024Q1,321
P-LAU,VALENCIA,2024Q2,363
P-LAU,VALENCIA,2024Q3,226
P-LAU,VALENCIA,2024Q4,258
P-LAU,VALENCIA,2025Q1,282
P-LAU,VALENCIA,2025Q2,272
P-LAU,VALENCIA,2025Q3,203
P-LAU,VALENCIA,2025Q4,252
P-LAU,VALENCIA,2026Q1,348
P-LAU,BADAJOZ,2021Q1,78
P-LAU,BADAJOZ,2021Q2,54
P-LAU,BADAJOZ,2021Q3,50
P-LAU,BADAJOZ,2021Q4,51
P-LAU,BADAJOZ,2022Q1,56
P-LAU,BADAJOZ,2022Q2,67
P-LAU,BADAJOZ,2022Q3,34
P-LAU,BADAJOZ,2022Q4,70
P-LAU,BADAJOZ,2023Q1,30
P-LAU,BADAJOZ,2023Q2,37
P-LAU,BADAJOZ,2023Q3,34
P-LAU,BADAJOZ,2023Q4,46
P-LAU,BADAJOZ,2024Q1,37
P-LAU,BADAJOZ,2024Q2,34
P-LAU,BADAJOZ,2024Q3,17
P-LAU,BADAJOZ,2024Q4,33
P-LAU,BADAJOZ,2025Q1,38
P-LAU,BADAJOZ,2025Q2,33
P-LAU,BADAJOZ,2025Q3,18
P-LAU,BADAJOZ,2025Q4,23
P-LAU,BADAJOZ,2026Q1,9
P-LAU,CACERES,2021Q1,16
P-LAU,CACERES,2021Q2,29
P-LAU,CACERES,2021Q3,11
P-LAU,CACERES,2021Q4,21
P-LAU,CACERES,2022Q1,34
P-LAU,CACERES,2022Q2,25
P-LAU,CACERES,2022Q3,12
P-LAU,CACERES,2022Q4,21
P-LAU,CACERES,2023Q1,11
P-LAU,CACERES,2023Q2,17
P-LAU,CACERES,2023Q3,11
P-LAU,CACERES,2023Q4,15
P-LAU,CACERES,2024Q1,20
P-LAU,CACERES,2024Q2,22
P-LAU,CACERES,2024Q3,16
P-LAU,CACERES,2024Q4,21
P-LAU,CACERES,2025Q1,16
P-LAU,CACERES,2025Q2,25
P-LAU,CACERES,2025Q3,9
P-LAU,CACERES,2025Q4,5
P-LAU,CACERES,2026Q1,9
P-LAU,A CORUNA,2021Q1,172
P-LAU,A CORUNA,2021Q2,131
P-LAU,A CORUNA,2021Q3,101
P-LAU,A CORUNA,2021Q4,138
P-LAU,A CORUNA,2022Q1,152
P-LAU,A CORUNA,2022Q2,141
P-LAU,A CORUNA,2022Q3,102
P-LAU,A CORUNA,2022Q4,123
P-LAU,A CORUNA,2023Q1,53
P-LAU,A CORUNA,2023Q2,119
P-LAU,A CORUNA,2023Q3,127
P-LAU,A CORUNA,2023Q4,107
P-LAU,A CORUNA,2024Q1,114
P-LAU,A CORUNA,2024Q2,129
P-LAU,A CORUNA,2024Q3,65
P-LAU,A CORUNA,2024Q4,102
P-LAU,A CORUNA,2025Q1,120
P-LAU,A CORUNA,2025Q2,104
P-LAU,A CORUNA,2025Q3,57
P-LAU,A CORUNA,2025Q4,56
P-LAU,A CORUNA,2026Q1,20
P-LAU,LUGO,2021Q1,29
P-LAU,LUGO,2021Q2,32
P-LAU,LUGO,2021Q3,24
P-LAU,LUGO,2021Q4,32
P-LAU,LUGO,2022Q1,26
P-LAU,LUGO,2022Q2,33
P-LAU,LUGO,2022Q3,23
P-LAU,LUGO,2022Q4,23
P-LAU,LUGO,2023Q1,16
P-LAU,LUGO,2023Q2,27
P-LAU,LUGO,2023Q3,23
P-LAU,LUGO,2023Q4,25
P-LAU,LUGO,2024Q1,15
P-LAU,LUGO,2024Q2,19
P-LAU,LUGO,2024Q3,13
P-LAU,LUGO,2024Q4,23
P-LAU,LUGO,2025Q1,22
P-LAU,LUGO,2025Q2,19
P-LAU,LUGO,2025Q3,21
P-LAU,LUGO,2025Q4,19
P-LAU,LUGO,2026Q1,20
P-LAU,OURENSE,2021Q1,34
P-LAU,OURENSE,2021Q2,19
P-LAU,OURENSE,2021Q3,22
P-LAU,OURENSE,2021Q4,39
P-LAU,OURENSE,2022Q1,30
P-LAU,OURENSE,2022Q2,30
P-LAU,OURENSE,2022Q3,26
P-LAU,OURENSE,2022Q4,30
P-LAU,OURENSE,2023Q1,15
P-LAU,OURENSE,2023Q2,21
P-LAU,OURENSE,2023Q3,29
P-LAU,OURENSE,2023Q4,44
P-LAU,OURENSE,2024Q1,34
P-LAU,OURENSE,2024Q2,31
P-LAU,OURENSE,2024Q3,25
P-LAU,OURENSE,2024Q4,29
P-LAU,OURENSE,2025Q1,40
P-LAU,OURENSE,2025Q2,39
P-LAU,OURENSE,2025Q3,23
P-LAU,OURENSE,2025Q4,26
P-LAU,OURENSE,2026Q1,4
P-LAU,PONTEVEDRA,2021Q1,117
P-LAU,PONTEVEDRA,2021Q2,161
P-LAU,PONTEVEDRA,2021Q3,107
P-LAU,PONTEVEDRA,2021Q4,136
P-LAU,PONTEVEDRA,2022Q1,143
P-LAU,PONTEVEDRA,2022Q2,172
P-LAU,PONTEVEDRA,2022Q3,98
P-LAU,PONTEVEDRA,2022Q4,94
P-LAU,PONTEVEDRA,2023Q1,64
P-LAU,PONTEVEDRA,2023Q2,108
P-LAU,PONTEVEDRA,2023Q3,80
P-LAU,PONTEVEDRA,2023Q4,105
P-LAU,PONTEVEDRA,2024Q1,114
P-LAU,PONTEVEDRA,2024Q2,103
P-LAU,PONTEVEDRA,2024Q3,53
P-LAU,PONTEVEDRA,2024Q4,90
P-LAU,PONTEVEDRA,2025Q1,86
P-LAU,PONTEVEDRA,2025Q2,111
P-LAU,PONTEVEDRA,2025Q3,62
P-LAU,PONTEVEDRA,2025Q4,71
P-LAU,PONTEVEDRA,2026Q1,70
P-LAU,MADRID,2021Q1,851
P-LAU,MADRID,2021Q2,930
P-LAU,MADRID,2021Q3,663
P-LAU,MADRID,2021Q4,883
P-LAU,MADRID,2022Q1,869
P-LAU,MADRID,2022Q2,862
P-LAU,MADRID,2022Q3,683
P-LAU,MADRID,2022Q4,816
P-LAU,MADRID,2023Q1,573
P-LAU,MADRID,2023Q2,492
P-LAU,MADRID,2023Q3,397
P-LAU,MADRID,2023Q4,567
P-LAU,MADRID,2024Q1,613
P-LAU,MADRID,2024Q2,730
P-LAU,MADRID,2024Q3,469
P-LAU,MADRID,2024Q4,563
P-LAU,MADRID,2025Q1,614
P-LAU,MADRID,2025Q2,592
P-LAU,MADRID,2025Q3,365
P-LAU,MADRID,2025Q4,360
P-LAU,MADRID,2026Q1,454
P-LAU,MURCIA,2021Q1,292
P-LAU,MURCIA,2021Q2,350
P-LAU,MURCIA,2021Q3,298
P-LAU,MURCIA,2021Q4,283
P-LAU,MURCIA,2022Q1,316
P-LAU,MURCIA,2022Q2,284
P-LAU,MURCIA,2022Q3,186
P-LAU,MURCIA,2022Q4,232
P-LAU,MURCIA,2023Q1,96
P-LAU,MURCIA,2023Q2,77
P-LAU,MURCIA,2023Q3,79
P-LAU,MURCIA,2023Q4,154
P-LAU,MURCIA,2024Q1,177
P-LAU,MURCIA,2024Q2,220
P-LAU,MURCIA,2024Q3,123
P-LAU,MURCIA,2024Q4,158
P-LAU,MURCIA,2025Q1,129
P-LAU,MURCIA,2025Q2,126
P-LAU,MURCIA,2025Q3,71
P-LAU,MURCIA,2025Q4,132
P-LAU,MURCIA,2026Q1,101
P-LAU,NAVARRA,2021Q1,60
P-LAU,NAVARRA,2021Q2,44
P-LAU,NAVARRA,2021Q3,45
P-LAU,NAVARRA,2021Q4,52
P-LAU,NAVARRA,2022Q1,50
P-LAU,NAVARRA,2022Q2,55
P-LAU,NAVARRA,2022Q3,34
P-LAU,NAVARRA,2022Q4,36
P-LAU,NAVARRA,2023Q1,23
P-LAU,NAVARRA,2023Q2,36
P-LAU,NAVARRA,2023Q3,29
P-LAU,NAVARRA,2023Q4,20
P-LAU,NAVARRA,2024Q1,49
P-LAU,NAVARRA,2024Q2,30
P-LAU,NAVARRA,2024Q3,23
P-LAU,NAVARRA,2024Q4,31
P-LAU,NAVARRA,2025Q1,33
P-LAU,NAVARRA,2025Q2,48
P-LAU,NAVARRA,2025Q3,28
P-LAU,NAVARRA,2025Q4,26
P-LAU,NAVARRA,2026Q1,19
P-LAU,ARABA/ALAVA,2021Q1,37
P-LAU,ARABA/ALAVA,2021Q2,54
P-LAU,ARABA/ALAVA,2021Q3,33
P-LAU,ARABA/ALAVA,2021Q4,41
P-LAU,ARABA/ALAVA,2022Q1,39
P-LAU,ARABA/ALAVA,2022Q2,37
P-LAU,ARABA/ALAVA,2022Q3,34
P-LAU,ARABA/ALAVA,2022Q4,4
P-LAU,ARABA/ALAVA,2023Q1,14
P-LAU,ARABA/ALAVA,2023Q2,20
P-LAU,ARABA/ALAVA,2023Q3,35
P-LAU,ARABA/ALAVA,2023Q4,32
P-LAU,ARABA/ALAVA,2024Q1,26
P-LAU,ARABA/ALAVA,2024Q2,23
P-LAU,ARABA/ALAVA,2024Q3,22
P-LAU,ARABA/ALAVA,2024Q4,26
P-LAU,ARABA/ALAVA,2025Q1,60
P-LAU,ARABA/ALAVA,2025Q2,87
P-LAU,ARABA/ALAVA,2025Q3,101
P-LAU,ARABA/ALAVA,2025Q4,38
P-LAU,ARABA/ALAVA,2026Q1,30
P-LAU,GIPUZKOA,2021Q1,14
P-LAU,GIPUZKOA,2021Q2,9
P-LAU,GIPUZKOA,2021Q3,11
P-LAU,GIPUZKOA,2021Q4,16
P-LAU,GIPUZKOA,2022Q1,31
P-LAU,GIPUZKOA,2022Q2,37
P-LAU,GIPUZKOA,2022Q3,16
P-LAU,GIPUZKOA,2022Q4,16
P-LAU,GIPUZKOA,2023Q1,23
P-LAU,GIPUZKOA,2023Q2,40
P-LAU,GIPUZKOA,2023Q3,36
P-LAU,GIPUZKOA,2023Q4,44
P-LAU,GIPUZKOA,2024Q1,31
P-LAU,GIPUZKOA,2024Q2,30
P-LAU,GIPUZKOA,2024Q3,27
P-LAU,GIPUZKOA,2024Q4,31
P-LAU,GIPUZKOA,2025Q1,39
P-LAU,GIPUZKOA,2025Q2,32
P-LAU,GIPUZKOA,2025Q3,21
P-LAU,GIPUZKOA,2025Q4,22
P-LAU,GIPUZKOA,2026Q1,10
P-LAU,BIZKAIA,2021Q1,113
P-LAU,BIZKAIA,2021Q2,138
P-LAU,BIZKAIA,2021Q3,89
P-LAU,BIZKAIA,2021Q4,104
P-LAU,BIZKAIA,2022Q1,107
P-LAU,BIZKAIA,2022Q2,111
P-LAU,BIZKAIA,2022Q3,66
P-LAU,BIZKAIA,2022Q4,97
P-LAU,BIZKAIA,2023Q1,68
P-LAU,BIZKAIA,2023Q2,85
P-LAU,BIZKAIA,2023Q3,57
P-LAU,BIZKAIA,2023Q4,64
P-LAU,BIZKAIA,2024Q1,54
P-LAU,BIZKAIA,2024Q2,55
P-LAU,BIZKAIA,2024Q3,76
P-LAU,BIZKAIA,2024Q4,97
P-LAU,BIZKAIA,2025Q1,114
P-LAU,BIZKAIA,2025Q2,84
P-LAU,BIZKAIA,2025Q3,43
P-LAU,BIZKAIA,2025Q4,75
P-LAU,BIZKAIA,2026Q1,155
P-LAU,LA RIOJA,2021Q1,60
P-LAU,LA RIOJA,2021Q2,36
P-LAU,LA RIOJA,2021Q3,28
P-LAU,LA RIOJA,2021Q4,43
P-LAU,LA RIOJA,2022Q1,33
P-LAU,LA RIOJA,2022Q2,68
P-LAU,LA RIOJA,2022Q3,42
P-LAU,LA RIOJA,2022Q4,36
P-LAU,LA RIOJA,2023Q1,21
P-LAU,LA RIOJA,2023Q2,26
P-LAU,LA RIOJA,2023Q3,30
P-LAU,LA RIOJA,2023Q4,34
P-LAU,LA RIOJA,2024Q1,40
P-LAU,LA RIOJA,2024Q2,34
P-LAU,LA RIOJA,2024Q3,22
P-LAU,LA RIOJA,2024Q4,38
P-LAU,LA RIOJA,2025Q1,36
P-LAU,LA RIOJA,2025Q2,39
P-LAU,LA RIOJA,2025Q3,17
P-LAU,LA RIOJA,2025Q4,13
P-LAU,LA RIOJA,2026Q1,3
P-LAU,TOTAL,2021Q1,7866
P-LAU,TOTAL,2021Q2,8031
P-LAU,TOTAL,2021Q3,5999
P-LAU,TOTAL,2021Q4,7097
P-LAU,TOTAL,2022Q1,7625
P-LAU,TOTAL,2022Q2,7871
P-LAU,TOTAL,2022Q3,5455
P-LAU,TOTAL,2022Q4,6582
P-LAU,TOTAL,2023Q1,4860
P-LAU,TOTAL,2023Q2,5306
P-LAU,TOTAL,2023Q3,4178
P-LAU,TOTAL,2023Q4,5332
P-LAU,TOTAL,2024Q1,5443
P-LAU,TOTAL,2024Q2,5874
P-LAU,TOTAL,2024Q3,3985
P-LAU,TOTAL,2024Q4,5256
P-LAU,TOTAL,2025Q1,5644
P-LAU,TOTAL,2025Q2,5299
P-LAU,TOTAL,2025Q3,3581
P-LAU,TOTAL,2025Q4,3793
P-LAU,TOTAL,2026Q1,2600
P-OTR,ALMERIA,2021Q1,13
P-OTR,ALMERIA,2021Q2,15
P-OTR,ALMERIA,2021Q3,19
P-OTR,ALMERIA,2021Q4,20
P-OTR,ALMERIA,2022Q1,30
P-OTR,ALMERIA,2022Q2,22
P-OTR,ALMERIA,2022Q3,10
P-OTR,ALMERIA,2022Q4,28
P-OTR,ALMERIA,2023Q1,29
P-OTR,ALMERIA,2023Q2,13
P-OTR,ALMERIA,2023Q3,14
P-OTR,ALMERIA,2023Q4,20
P-OTR,ALMERIA,2024Q1,17
P-OTR,ALMERIA,2024Q2,10
P-OTR,ALMERIA,2024Q3,14
P-OTR,ALMERIA,2024Q4,6
P-OTR,ALMERIA,2025Q1,8
P-OTR,ALMERIA,2025Q2,3
P-OTR,ALMERIA,2025Q3,7
P-OTR,ALMERIA,2025Q4,15
P-OTR,ALMERIA,2026Q1,8
P-OTR,CADIZ,2021Q1,16
P-OTR,CADIZ,2021Q2,13
P-OTR,CADIZ,2021Q3,15
P-OTR,CADIZ,2021Q4,9
P-OTR,CADIZ,2022Q1,12
P-OTR,CADIZ,2022Q2,23
P-OTR,CADIZ,2022Q3,4
P-OTR,CADIZ,2022Q4,11
P-OTR,CADIZ,2023Q1,6
P-OTR,CADIZ,2023Q2,5
P-OTR,CADIZ,2023Q3,10
P-OTR,CADIZ,2023Q4,7
P-OTR,CADIZ,2024Q1,4
P-OTR,CADIZ,2024Q2,5
P-OTR,CADIZ,2024Q3,5
P-OTR,CADIZ,2024Q4,8
P-OTR,CADIZ,2025Q1,8
P-OTR,CADIZ,2025Q2,4
P-OTR,CADIZ,2025Q3,11
P-OTR,CADIZ,2025Q4,12
P-OTR,CADIZ,2026Q1,8
P-OTR,CORDOBA,2021Q1,10
P-OTR,CORDOBA,2021Q2,8
P-OTR,CORDOBA,2021Q3,6
P-OTR,CORDOBA,2021Q4,6
P-OTR,CORDOBA,2022Q1,6
P-OTR,CORDOBA,2022Q2,5
P-OTR,CORDOBA,2022Q3,6
P-OTR,CORDOBA,2022Q4,5
P-OTR,CORDOBA,2023Q1,3
P-OTR,CORDOBA,2023Q2,7
P-OTR,CORDOBA,2023Q3,3
P-OTR,CORDOBA,2023Q4,3
P-OTR,CORDOBA,2024Q1,4
P-OTR,CORDOBA,2024Q2,4
P-OTR,CORDOBA,2024Q3,7
P-OTR,CORDOBA,2024Q4,9
P-OTR,CORDOBA,2025Q1,4
P-OTR,CORDOBA,2025Q2,6
P-OTR,CORDOBA,2025Q3,7
P-OTR,CORDOBA,2025Q4,5
P-OTR,CORDOBA,2026Q1,5
P-OTR,GRANADA,2021Q1,11
P-OTR,GRANADA,2021Q2,6
P-OTR,GRANADA,2021Q3,12
P-OTR,GRANADA,2021Q4,8
P-OTR,GRANADA,2022Q1,16
P-OTR,GRANADA,2022Q2,14
P-OTR,GRANADA,2022Q3,13
P-OTR,GRANADA,2022Q4,17
P-OTR,GRANADA,2023Q1,10
P-OTR,GRANADA,2023Q2,9
P-OTR,GRANADA,2023Q3,12
P-OTR,GRANADA,2023Q4,11
P-OTR,GRANADA,2024Q1,8
P-OTR,GRANADA,2024Q2,6
P-OTR,GRANADA,2024Q3,3
P-OTR,GRANADA,2024Q4,9
P-OTR,GRANADA,2025Q1,13
P-OTR,GRANADA,2025Q2,2
P-OTR,GRANADA,2025Q3,3
P-OTR,GRANADA,2025Q4,10
P-OTR,GRANADA,2026Q1,6
P-OTR,HUELVA,2021Q1,4
P-OTR,HUELVA,2021Q2,0
P-OTR,HUELVA,2021Q3,6
P-OTR,HUELVA,2021Q4,3
P-OTR,HUELVA,2022Q1,2
P-OTR,HUELVA,2022Q2,5
P-OTR,HUELVA,2022Q3,3
P-OTR,HUELVA,2022Q4,5
P-OTR,HUELVA,2023Q1,3
P-OTR,HUELVA,2023Q2,3
P-OTR,HUELVA,2023Q3,0
P-OTR,HUELVA,2023Q4,1
P-OTR,HUELVA,2024Q1,6
P-OTR,HUELVA,2024Q2,1
P-OTR,HUELVA,2024Q3,2
P-OTR,HUELVA,2024Q4,2
P-OTR,HUELVA,2025Q1,3
P-OTR,HUELVA,2025Q2,4
P-OTR,HUELVA,2025Q3,0
P-OTR,HUELVA,2025Q4,7
P-OTR,HUELVA,2026Q1,4
P-OTR,JAEN,2021Q1,5
P-OTR,JAEN,2021Q2,7
P-OTR,JAEN,2021Q3,4
P-OTR,JAEN,2021Q4,3
P-OTR,JAEN,2022Q1,1
P-OTR,JAEN,2022Q2,5
P-OTR,JAEN,2022Q3,5
P-OTR,JAEN,2022Q4,6
P-OTR,JAEN,2023Q1,1
P-OTR,JAEN,2023Q2,3
P-OTR,JAEN,2023Q3,3
P-OTR,JAEN,2023Q4,4
P-OTR,JAEN,2024Q1,2
P-OTR,JAEN,2024Q2,2
P-OTR,JAEN,2024Q3,8
P-OTR,JAEN,2024Q4,5
P-OTR,JAEN,2025Q1,1
P-OTR,JAEN,2025Q2,2
P-OTR,JAEN,2025Q3,2
P-OTR,JAEN,2025Q4,6
P-OTR,JAEN,2026Q1,1
P-OTR,MALAGA,2021Q1,14
P-OTR,MALAGA,2021Q2,28
P-OTR,MALAGA,2021Q3,20
P-OTR,MALAGA,2021Q4,27
P-OTR,MALAGA,2022Q1,23
P-OTR,MALAGA,2022Q2,20
P-OTR,MALAGA,2022Q3,17
P-OTR,MALAGA,2022Q4,21
P-OTR,MALAGA,2023Q1,28
P-OTR,MALAGA,2023Q2,17
P-OTR,MALAGA,2023Q3,20
P-OTR,MALAGA,2023Q4,24
P-OTR,MALAGA,2024Q1,28
P-OTR,MALAGA,2024Q2,24
P-OTR,MALAGA,2024Q3,13
P-OTR,MALAGA,2024Q4,25
P-OTR,MALAGA,2025Q1,14
P-OTR,MALAGA,2025Q2,15
P-OTR,MALAGA,2025Q3,13
P-OTR,MALAGA,2025Q4,18
P-OTR,MALAGA,2026Q1,10
P-OTR,SEVILLA,2021Q1,20
P-OTR,SEVILLA,2021Q2,40
P-OTR,SEVILLA,2021Q3,16
P-OTR,SEVILLA,2021Q4,30
P-OTR,SEVILLA,2022Q1,36
P-OTR,SEVILLA,2022Q2,45
P-OTR,SEVILLA,2022Q3,25
P-OTR,SEVILLA,2022Q4,25
P-OTR,SEVILLA,2023Q1,23
P-OTR,SEVILLA,2023Q2,20
P-OTR,SEVILLA,2023Q3,21
P-OTR,SEVILLA,2023Q4,20
P-OTR,SEVILLA,2024Q1,32
P-OTR,SEVILLA,2024Q2,25
P-OTR,SEVILLA,2024Q3,14
P-OTR,SEVILLA,2024Q4,13
P-OTR,SEVILLA,2025Q1,27
P-OTR,SEVILLA,2025Q2,15
P-OTR,SEVILLA,2025Q3,8
P-OTR,SEVILLA,2025Q4,16
P-OTR,SEVILLA,2026Q1,11
P-OTR,HUESCA,2021Q1,3
P-OTR,HUESCA,2021Q2,2
P-OTR,HUESCA,2021Q3,1
P-OTR,HUESCA,2021Q4,2
P-OTR,HUESCA,2022Q1,4
P-OTR,HUESCA,2022Q2,2
P-OTR,HUESCA,2022Q3,1
P-OTR,HUESCA,2022Q4,2
P-OTR,HUESCA,2023Q1,1
P-OTR,HUESCA,2023Q2,1
P-OTR,HUESCA,2023Q3,1
P-OTR,HUESCA,2023Q4,2
P-OTR,HUESCA,2024Q1,1
P-OTR,HUESCA,2024Q2,2
P-OTR,HUESCA,2024Q3,0
P-OTR,HUESCA,2024Q4,2
P-OTR,HUESCA,2025Q1,3
P-OTR,HUESCA,2025Q2,4
P-OTR,HUESCA,2025Q3,2
P-OTR,HUESCA,2025Q4,0
P-OTR,HUESCA,2026Q1,2
P-OTR,TERUEL,2021Q1,1
P-OTR,TERUEL,2021Q2,0
P-OTR,TERUEL,2021Q3,0
P-OTR,TERUEL,2021Q4,2
P-OTR,TERUEL,2022Q1,1
P-OTR,TERUEL,2022Q2,0
P-OTR,TERUEL,2022Q3,2
P-OTR,TERUEL,2022Q4,0
P-OTR,TERUEL,2023Q1,0
P-OTR,TERUEL,2023Q2,1
P-OTR,TERUEL,2023Q3,1
P-OTR,TERUEL,2023Q4,1
P-OTR,TERUEL,2024Q1,1
P-OTR,TERUEL,2024Q2,1
P-OTR,TERUEL,2024Q3,1
P-OTR,TERUEL,2024Q4,2
P-OTR,TERUEL,2025Q1,0
P-OTR,TERUEL,2025Q2,1
P-OTR,TERUEL,2025Q3,0
P-OTR,TERUEL,2025Q4,0
P-OTR,TERUEL,2026Q1,0
P-OTR,ZARAGOZA,2021Q1,11
P-OTR,ZARAGOZA,2021Q2,1
P-OTR,ZARAGOZA,2021Q3,9
P-OTR,ZARAGOZA,2021Q4,8
P-OTR,ZARAGOZA,2022Q1,9
P-OTR,ZARAGOZA,2022Q2,3
P-OTR,ZARAGOZA,2022Q3,2
P-OTR,ZARAGOZA,2022Q4,7
P-OTR,ZARAGOZA,2023Q1,4
P-OTR,ZARAGOZA,2023Q2,4
P-OTR,ZARAGOZA,2023Q3,0
P-OTR,ZARAGOZA,2023Q4,4
P-OTR,ZARAGOZA,2024Q1,6
P-OTR,ZARAGOZA,2024Q2,5
P-OTR,ZARAGOZA,2024Q3,2
P-OTR,ZARAGOZA,2024Q4,6
P-OTR,ZARAGOZA,2025Q1,9
P-OTR,ZARAGOZA,2025Q2,3
P-OTR,ZARAGOZA,2025Q3,0
P-OTR,ZARAGOZA,2025Q4,0
P-OTR,ZARAGOZA,2026Q1,0
P-OTR,ASTURIAS,2021Q1,1
P-OTR,ASTURIAS,2021Q2,4
P-OTR,ASTURIAS,2021Q3,2
P-OTR,ASTURIAS,2021Q4,7
P-OTR,ASTURIAS,2022Q1,6
P-OTR,ASTURIAS,2022Q2,9
P-OTR,ASTURIAS,2022Q3,2
P-OTR,ASTURIAS,2022Q4,6
P-OTR,ASTURIAS,2023Q1,4
P-OTR,ASTURIAS,2023Q2,3
P-OTR,ASTURIAS,2023Q3,3
P-OTR,ASTURIAS,2023Q4,7
P-OTR,ASTURIAS,2024Q1,13
P-OTR,ASTURIAS,2024Q2,18
P-OTR,ASTURIAS,2024Q3,8
P-OTR,ASTURIAS,2024Q4,6
P-OTR,ASTURIAS,2025Q1,13
P-OTR,ASTURIAS,2025Q2,10
P-OTR,ASTURIAS,2025Q3,7
P-OTR,ASTURIAS,2025Q4,11
P-OTR,ASTURIAS,2026Q1,1
P-OTR,ILLES BALEARS,2021Q1,12
P-OTR,ILLES BALEARS,2021Q2,14
P-OTR,ILLES BALEARS,2021Q3,7
P-OTR,ILLES BALEARS,2021Q4,4
P-OTR,ILLES BALEARS,2022Q1,22
P-OTR,ILLES BALEARS,2022Q2,9
P-OTR,ILLES BALEARS,2022Q3,16
P-OTR,ILLES BALEARS,2022Q4,13
P-OTR,ILLES BALEARS,2023Q1,10
P-OTR,ILLES BALEARS,2023Q2,10
P-OTR,ILLES BALEARS,2023Q3,15
P-OTR,ILLES BALEARS,2023Q4,5
P-OTR,ILLES BALEARS,2024Q1,11
P-OTR,ILLES BALEARS,2024Q2,11
P-OTR,ILLES BALEARS,2024Q3,13
P-OTR,ILLES BALEARS,2024Q4,4
P-OTR,ILLES BALEARS,2025Q1,6
P-OTR,ILLES BALEARS,2025Q2,10
P-OTR,ILLES BALEARS,2025Q3,9
P-OTR,ILLES BALEARS,2025Q4,6
P-OTR,ILLES BALEARS,2026Q1,4
P-OTR,LAS PALMAS,2021Q1,22
P-OTR,LAS PALMAS,2021Q2,27
P-OTR,LAS PALMAS,2021Q3,17
P-OTR,LAS PALMAS,2021Q4,9
P-OTR,LAS PALMAS,2022Q1,18
P-OTR,LAS PALMAS,2022Q2,13
P-OTR,LAS PALMAS,2022Q3,18
P-OTR,LAS PALMAS,2022Q4,15
P-OTR,LAS PALMAS,2023Q1,12
P-OTR,LAS PALMAS,2023Q2,21
P-OTR,LAS PALMAS,2023Q3,11
P-OTR,LAS PALMAS,2023Q4,19
P-OTR,LAS PALMAS,2024Q1,13
P-OTR,LAS PALMAS,2024Q2,21
P-OTR,LAS PALMAS,2024Q3,13
P-OTR,LAS PALMAS,2024Q4,19
P-OTR,LAS PALMAS,2025Q1,12
P-OTR,LAS PALMAS,2025Q2,13
P-OTR,LAS PALMAS,2025Q3,11
P-OTR,LAS PALMAS,2025Q4,9
P-OTR,LAS PALMAS,2026Q1,0
P-OTR,SANTA CRUZ DE TENERIFE,2021Q1,14
P-OTR,SANTA CRUZ DE TENERIFE,2021Q2,7
P-OTR,SANTA CRUZ DE TENERIFE,2021Q3,3
P-OTR,SANTA CRUZ DE TENERIFE,2021Q4,10
P-OTR,SANTA CRUZ DE TENERIFE,2022Q1,19
P-OTR,SANTA CRUZ DE TENERIFE,2022Q2,14
P-OTR,SANTA CRUZ DE TENERIFE,2022Q3,11
P-OTR,SANTA CRUZ DE TENERIFE,2022Q4,21
P-OTR,SANTA CRUZ DE TENERIFE,2023Q1,8
P-OTR,SANTA CRUZ DE TENERIFE,2023Q2,15
P-OTR,SANTA CRUZ DE TENERIFE,2023Q3,4
P-OTR,SANTA CRUZ DE TENERIFE,2023Q4,11
P-OTR,SANTA CRUZ DE TENERIFE,2024Q1,9
P-OTR,SANTA CRUZ DE TENERIFE,2024Q2,16
P-OTR,SANTA CRUZ DE TENERIFE,2024Q3,17
P-OTR,SANTA CRUZ DE TENERIFE,2024Q4,16
P-OTR,SANTA CRUZ DE TENERIFE,2025Q1,10
P-OTR,SANTA CRUZ DE TENERIFE,2025Q2,11
P-OTR,SANTA CRUZ DE TENERIFE,2025Q3,3
P-OTR,SANTA CRUZ DE TENERIFE,2025Q4,4
P-OTR,SANTA CRUZ DE TENERIFE,2026Q1,8
P-OTR,CANTABRIA,2021Q1,4
P-OTR,CANTABRIA,2021Q2,7
P-OTR,CANTABRIA,2021Q3,9
P-OTR,CANTABRIA,2021Q4,4
P-OTR,CANTABRIA,2022Q1,3
P-OTR,CANTABRIA,2022Q2,2
P-OTR,CANTABRIA,2022Q3,2
P-OTR,CANTABRIA,2022Q4,4
P-OTR,CANTABRIA,2023Q1,2
P-OTR,CANTABRIA,2023Q2,4
P-OTR,CANTABRIA,2023Q3,2
P-OTR,CANTABRIA,2023Q4,2
P-OTR,CANTABRIA,2024Q1,5
P-OTR,CANTABRIA,2024Q2,3
P-OTR,CANTABRIA,2024Q3,3
P-OTR,CANTABRIA,2024Q4,5
P-OTR,CANTABRIA,2025Q1,4
P-OTR,CANTABRIA,2025Q2,1
P-OTR,CANTABRIA,2025Q3,13
P-OTR,CANTABRIA,2025Q4,3
P-OTR,CANTABRIA,2026Q1,0
P-OTR,AVILA,2021Q1,2
P-OTR,AVILA,2021Q2,2
P-OTR,AVILA,2021Q3,0
P-OTR,AVILA,2021Q4,0
P-OTR,AVILA,2022Q1,1
P-OTR,AVILA,2022Q2,2
P-OTR,AVILA,2022Q3,0
P-OTR,AVILA,2022Q4,0
P-OTR,AVILA,2023Q1,0
P-OTR,AVILA,2023Q2,0
P-OTR,AVILA,2023Q3,1
P-OTR,AVILA,2023Q4,1
P-OTR,AVILA,2024Q1,2
P-OTR,AVILA,2024Q2,1
P-OTR,AVILA,2024Q3,1
P-OTR,AVILA,2024Q4,2
P-OTR,AVILA,2025Q1,1
P-OTR,AVILA,2025Q2,1
P-OTR,AVILA,2025Q3,4
P-OTR,AVILA,2025Q4,2
P-OTR,AVILA,2026Q1,0
P-OTR,BURGOS,2021Q1,2
P-OTR,BURGOS,2021Q2,15
P-OTR,BURGOS,2021Q3,6
P-OTR,BURGOS,2021Q4,3
P-OTR,BURGOS,2022Q1,10
P-OTR,BURGOS,2022Q2,11
P-OTR,BURGOS,2022Q3,5
P-OTR,BURGOS,2022Q4,0
P-OTR,BURGOS,2023Q1,1
P-OTR,BURGOS,2023Q2,3
P-OTR,BURGOS,2023Q3,0
P-OTR,BURGOS,2023Q4,5
P-OTR,BURGOS,2024Q1,3
P-OTR,BURGOS,2024Q2,7
P-OTR,BURGOS,2024Q3,4
P-OTR,BURGOS,2024Q4,1
P-OTR,BURGOS,2025Q1,6
P-OTR,BURGOS,2025Q2,3
P-OTR,BURGOS,2025Q3,2
P-OTR,BURGOS,2025Q4,3
P-OTR,BURGOS,2026Q1,2
P-OTR,LEON,2021Q1,11
P-OTR,LEON,2021Q2,11
P-OTR,LEON,2021Q3,5
P-OTR,LEON,2021Q4,5
P-OTR,LEON,2022Q1,6
P-OTR,LEON,2022Q2,4
P-OTR,LEON,2022Q3,8
P-OTR,LEON,2022Q4,10
P-OTR,LEON,2023Q1,2
P-OTR,LEON,2023Q2,1
P-OTR,LEON,2023Q3,2
P-OTR,LEON,2023Q4,15
P-OTR,LEON,2024Q1,12
P-OTR,LEON,2024Q2,10
P-OTR,LEON,2024Q3,6
P-OTR,LEON,2024Q4,4
P-OTR,LEON,2025Q1,5
P-OTR,LEON,2025Q2,4
P-OTR,LEON,2025Q3,7
P-OTR,LEON,2025Q4,8
P-OTR,LEON,2026Q1,1
P-OTR,PALENCIA,2021Q1,1
P-OTR,PALENCIA,2021Q2,6
P-OTR,PALENCIA,2021Q3,2
P-OTR,PALENCIA,2021Q4,1
P-OTR,PALENCIA,2022Q1,0
P-OTR,PALENCIA,2022Q2,2
P-OTR,PALENCIA,2022Q3,1
P-OTR,PALENCIA,2022Q4,5
P-OTR,PALENCIA,2023Q1,6
P-OTR,PALENCIA,2023Q2,0
P-OTR,PALENCIA,2023Q3,4
P-OTR,PALENCIA,2023Q4,2
P-OTR,PALENCIA,2024Q1,2
P-OTR,PALENCIA,2024Q2,2
P-OTR,PALENCIA,2024Q3,0
P-OTR,PALENCIA,2024Q4,1
P-OTR,PALENCIA,2025Q1,1
P-OTR,PALENCIA,2025Q2,4
P-OTR,PALENCIA,2025Q3,8
P-OTR,PALENCIA,2025Q4,3
P-OTR,PALENCIA,2026Q1,3
P-OTR,SALAMANCA,2021Q1,2
P-OTR,SALAMANCA,2021Q2,7
P-OTR,SALAMANCA,2021Q3,0
P-OTR,SALAMANCA,2021Q4,2
P-OTR,SALAMANCA,2022Q1,1
P-OTR,SALAMANCA,2022Q2,1
P-OTR,SALAMANCA,2022Q3,1
P-OTR,SALAMANCA,2022Q4,3
P-OTR,SALAMANCA,2023Q1,1
P-OTR,SALAMANCA,2023Q2,0
P-OTR,SALAMANCA,2023Q3,4
P-OTR,SALAMANCA,2023Q4,2
P-OTR,SALAMANCA,2024Q1,2
P-OTR,SALAMANCA,2024Q2,2
P-OTR,SALAMANCA,2024Q3,20
P-OTR,SALAMANCA,2024Q4,3
P-OTR,SALAMANCA,2025Q1,1
P-OTR,SALAMANCA,2025Q2,0
P-OTR,SALAMANCA,2025Q3,0
P-OTR,SALAMANCA,2025Q4,0
P-OTR,SALAMANCA,2026Q1,0
P-OTR,SEGOVIA,2021Q1,0
P-OTR,SEGOVIA,2021Q2,1
P-OTR,SEGOVIA,2021Q3,1
P-OTR,SEGOVIA,2021Q4,0
P-OTR,SEGOVIA,2022Q1,0
P-OTR,SEGOVIA,2022Q2,0
P-OTR,SEGOVIA,2022Q3,0
P-OTR,SEGOVIA,2022Q4,0
P-OTR,SEGOVIA,2023Q1,0
P-OTR,SEGOVIA,2023Q2,0
P-OTR,SEGOVIA,2023Q3,0
P-OTR,SEGOVIA,2023Q4,1
P-OTR,SEGOVIA,2024Q1,0
P-OTR,SEGOVIA,2024Q2,0
P-OTR,SEGOVIA,2024Q3,1
P-OTR,SEGOVIA,2024Q4,0
P-OTR,SEGOVIA,2025Q1,1
P-OTR,SEGOVIA,2025Q2,1
P-OTR,SEGOVIA,2025Q3,2
P-OTR,SEGOVIA,2025Q4,3
P-OTR,SEGOVIA,2026Q1,1
P-OTR,SORIA,2021Q1,0
P-OTR,SORIA,2021Q2,0
P-OTR,SORIA,2021Q3,0
P-OTR,SORIA,2021Q4,0
P-OTR,SORIA,2022Q1,0
P-OTR,SORIA,2022Q2,1
P-OTR,SORIA,2022Q3,0
P-OTR,SORIA,2022Q4,3
P-OTR,SORIA,2023Q1,1
P-OTR,SORIA,2023Q2,1
P-OTR,SORIA,2023Q3,0
P-OTR,SORIA,2023Q4,0
P-OTR,SORIA,2024Q1,0
P-OTR,SORIA,2024Q2,0
P-OTR,SORIA,2024Q3,0
P-OTR,SORIA,2024Q4,0
P-OTR,SORIA,2025Q1,1
P-OTR,SORIA,2025Q2,0
P-OTR,SORIA,2025Q3,0
P-OTR,SORIA,2025Q4,1
P-OTR,SORIA,2026Q1,0
P-OTR,VALLADOLID,2021Q1,2
P-OTR,VALLADOLID,2021Q2,3
P-OTR,VALLADOLID,2021Q3,5
P-OTR,VALLADOLID,2021Q4,2
P-OTR,VALLADOLID,2022Q1,4
P-OTR,VALLADOLID,2022Q2,1
P-OTR,VALLADOLID,2022Q3,4
P-OTR,VALLADOLID,2022Q4,4
P-OTR,VALLADOLID,2023Q1,1
P-OTR,VALLADOLID,2023Q2,0
P-OTR,VALLADOLID,2023Q3,0
P-OTR,VALLADOLID,2023Q4,1
P-OTR,VALLADOLID,2024Q1,2
P-OTR,VALLADOLID,2024Q2,4
P-OTR,VALLADOLID,2024Q3,2
P-OTR,VALLADOLID,2024Q4,3
P-OTR,VALLADOLID,2025Q1,1
P-OTR,VALLADOLID,2025Q2,7
P-OTR,VALLADOLID,2025Q3,4
P-OTR,VALLADOLID,2025Q4,4
P-OTR,VALLADOLID,2026Q1,3
P-OTR,ZAMORA,2021Q1,1
P-OTR,ZAMORA,2021Q2,2
P-OTR,ZAMORA,2021Q3,2
P-OTR,ZAMORA,2021Q4,0
P-OTR,ZAMORA,2022Q1,0
P-OTR,ZAMORA,2022Q2,1
P-OTR,ZAMORA,2022Q3,1
P-OTR,ZAMORA,2022Q4,0
P-OTR,ZAMORA,2023Q1,1
P-OTR,ZAMORA,2023Q2,1
P-OTR,ZAMORA,2023Q3,0
P-OTR,ZAMORA,2023Q4,0
P-OTR,ZAMORA,2024Q1,1
P-OTR,ZAMORA,2024Q2,0
P-OTR,ZAMORA,2024Q3,1
P-OTR,ZAMORA,2024Q4,1
P-OTR,ZAMORA,2025Q1,0
P-OTR,ZAMORA,2025Q2,4
P-OTR,ZAMORA,2025Q3,3
P-OTR,ZAMORA,2025Q4,2
P-OTR,ZAMORA,2026Q1,0
P-OTR,ALBACETE,2021Q1,0
P-OTR,ALBACETE,2021Q2,6
P-OTR,ALBACETE,2021Q3,1
P-OTR,ALBACETE,2021Q4,0
P-OTR,ALBACETE,2022Q1,3
P-OTR,ALBACETE,2022Q2,4
P-OTR,ALBACETE,2022Q3,3
P-OTR,ALBACETE,2022Q4,1
P-OTR,ALBACETE,2023Q1,0
P-OTR,ALBACETE,2023Q2,1
P-OTR,ALBACETE,2023Q3,1
P-OTR,ALBACETE,2023Q4,1
P-OTR,ALBACETE,2024Q1,2
P-OTR,ALBACETE,2024Q2,0
P-OTR,ALBACETE,2024Q3,1
P-OTR,ALBACETE,2024Q4,2
P-OTR,ALBACETE,2025Q1,2
P-OTR,ALBACETE,2025Q2,3
P-OTR,ALBACETE,2025Q3,2
P-OTR,ALBACETE,2025Q4,3
P-OTR,ALBACETE,2026Q1,2
P-OTR,CIUDAD REAL,2021Q1,2
P-OTR,CIUDAD REAL,2021Q2,5
P-OTR,CIUDAD REAL,2021Q3,1
P-OTR,CIUDAD REAL,2021Q4,2
P-OTR,CIUDAD REAL,2022Q1,1
P-OTR,CIUDAD REAL,2022Q2,1
P-OTR,CIUDAD REAL,2022Q3,1
P-OTR,CIUDAD REAL,2022Q4,5
P-OTR,CIUDAD REAL,2023Q1,5
P-OTR,CIUDAD REAL,2023Q2,4
P-OTR,CIUDAD REAL,2023Q3,3
P-OTR,CIUDAD REAL,2023Q4,2
P-OTR,CIUDAD REAL,2024Q1,4
P-OTR,CIUDAD REAL,2024Q2,4
P-OTR,CIUDAD REAL,2024Q3,4
P-OTR,CIUDAD REAL,2024Q4,3
P-OTR,CIUDAD REAL,2025Q1,1
P-OTR,CIUDAD REAL,2025Q2,17
P-OTR,CIUDAD REAL,2025Q3,14
P-OTR,CIUDAD REAL,2025Q4,7
P-OTR,CIUDAD REAL,2026Q1,2
P-OTR,CUENCA,2021Q1,1
P-OTR,CUENCA,2021Q2,1
P-OTR,CUENCA,2021Q3,0
P-OTR,CUENCA,2021Q4,0
P-OTR,CUENCA,2022Q1,0
P-OTR,CUENCA,2022Q2,0
P-OTR,CUENCA,2022Q3,0
P-OTR,CUENCA,2022Q4,0
P-OTR,CUENCA,2023Q1,0
P-OTR,CUENCA,2023Q2,1
P-OTR,CUENCA,2023Q3,1
P-OTR,CUENCA,2023Q4,0
P-OTR,CUENCA,2024Q1,1
P-OTR,CUENCA,2024Q2,0
P-OTR,CUENCA,2024Q3,1
P-OTR,CUENCA,2024Q4,0
P-OTR,CUENCA,2025Q1,0
P-OTR,CUENCA,2025Q2,0
P-OTR,CUENCA,2025Q3,0
P-OTR,CUENCA,2025Q4,2
P-OTR,CUENCA,2026Q1,2
P-OTR,GUADALAJARA,2021Q1,2
P-OTR,GUADALAJARA,2021Q2,2
P-OTR,GUADALAJARA,2021Q3,6
P-OTR,GUADALAJARA,2021Q4,5
P-OTR,GUADALAJARA,2022Q1,7
P-OTR,GUADALAJARA,2022Q2,3
P-OTR,GUADALAJARA,2022Q3,6
P-OTR,GUADALAJARA,2022Q4,3
P-OTR,GUADALAJARA,2023Q1,0
P-OTR,GUADALAJARA,2023Q2,0
P-OTR,GUADALAJARA,2023Q3,2
P-OTR,GUADALAJARA,2023Q4,10
P-OTR,GUADALAJARA,2024Q1,0
P-OTR,GUADALAJARA,2024Q2,0
P-OTR,GUADALAJARA,2024Q3,0
P-OTR,GUADALAJARA,2024Q4,0
P-OTR,GUADALAJARA,2025Q1,1
P-OTR,GUADALAJARA,2025Q2,1
P-OTR,GUADALAJARA,2025Q3,2
P-OTR,GUADALAJARA,2025Q4,0
P-OTR,GUADALAJARA,2026Q1,0
P-OTR,TOLEDO,2021Q1,4
P-OTR,TOLEDO,2021Q2,3
P-OTR,TOLEDO,2021Q3,5
P-OTR,TOLEDO,2021Q4,5
P-OTR,TOLEDO,2022Q1,12
P-OTR,TOLEDO,2022Q2,6
P-OTR,TOLEDO,2022Q3,9
P-OTR,TOLEDO,2022Q4,5
P-OTR,TOLEDO,2023Q1,1
P-OTR,TOLEDO,2023Q2,3
P-OTR,TOLEDO,2023Q3,4
P-OTR,TOLEDO,2023Q4,6
P-OTR,TOLEDO,2024Q1,3
P-OTR,TOLEDO,2024Q2,6
P-OTR,TOLEDO,2024Q3,2
P-OTR,TOLEDO,2024Q4,4
P-OTR,TOLEDO,2025Q1,15
P-OTR,TOLEDO,2025Q2,6
P-OTR,TOLEDO,2025Q3,6
P-OTR,TOLEDO,2025Q4,4
P-OTR,TOLEDO,2026Q1,0
P-OTR,BARCELONA,2021Q1,139
P-OTR,BARCELONA,2021Q2,187
P-OTR,BARCELONA,2021Q3,137
P-OTR,BARCELONA,2021Q4,211
P-OTR,BARCELONA,2022Q1,202
P-OTR,BARCELONA,2022Q2,155
P-OTR,BARCELONA,2022Q3,90
P-OTR,BARCELONA,2022Q4,158
P-OTR,BARCELONA,2023Q1,130
P-OTR,BARCELONA,2023Q2,161
P-OTR,BARCELONA,2023Q3,77
P-OTR,BARCELONA,2023Q4,148
P-OTR,BARCELONA,2024Q1,143
P-OTR,BARCELONA,2024Q2,147
P-OTR,BARCELONA,2024Q3,78
P-OTR,BARCELONA,2024Q4,141
P-OTR,BARCELONA,2025Q1,164
P-OTR,BARCELONA,2025Q2,128
P-OTR,BARCELONA,2025Q3,115
P-OTR,BARCELONA,2025Q4,153
P-OTR,BARCELONA,2026Q1,151
P-OTR,GIRONA,2021Q1,31
P-OTR,GIRONA,2021Q2,37
P-OTR,GIRONA,2021Q3,18
P-OTR,GIRONA,2021Q4,28
P-OTR,GIRONA,2022Q1,40
P-OTR,GIRONA,2022Q2,20
P-OTR,GIRONA,2022Q3,22
P-OTR,GIRONA,2022Q4,29
P-OTR,GIRONA,2023Q1,15
P-OTR,GIRONA,2023Q2,28
P-OTR,GIRONA,2023Q3,13
P-OTR,GIRONA,2023Q4,11
P-OTR,GIRONA,2024Q1,13
P-OTR,GIRONA,2024Q2,15
P-OTR,GIRONA,2024Q3,7
P-OTR,GIRONA,2024Q4,35
P-OTR,GIRONA,2025Q1,20
P-OTR,GIRONA,2025Q2,25
P-OTR,GIRONA,2025Q3,14
P-OTR,GIRONA,2025Q4,26
P-OTR,GIRONA,2026Q1,57
P-OTR,LLEIDA,2021Q1,9
P-OTR,LLEIDA,2021Q2,13
P-OTR,LLEIDA,2021Q3,12
P-OTR,LLEIDA,2021Q4,10
P-OTR,LLEIDA,2022Q1,13
P-OTR,LLEIDA,2022Q2,14
P-OTR,LLEIDA,2022Q3,14
P-OTR,LLEIDA,2022Q4,12
P-OTR,LLEIDA,2023Q1,16
P-OTR,LLEIDA,2023Q2,18
P-OTR,LLEIDA,2023Q3,7
P-OTR,LLEIDA,2023Q4,12
P-OTR,LLEIDA,2024Q1,6
P-OTR,LLEIDA,2024Q2,12
P-OTR,LLEIDA,2024Q3,6
P-OTR,LLEIDA,2024Q4,12
P-OTR,LLEIDA,2025Q1,5
P-OTR,LLEIDA,2025Q2,5
P-OTR,LLEIDA,2025Q3,6
P-OTR,LLEIDA,2025Q4,9
P-OTR,LLEIDA,2026Q1,3
P-OTR,TARRAGONA,2021Q1,16
P-OTR,TARRAGONA,2021Q2,30
P-OTR,TARRAGONA,2021Q3,13
P-OTR,TARRAGONA,2021Q4,12
P-OTR,TARRAGONA,2022Q1,18
P-OTR,TARRAGONA,2022Q2,14
P-OTR,TARRAGONA,2022Q3,25
P-OTR,TARRAGONA,2022Q4,21
P-OTR,TARRAGONA,2023Q1,15
P-OTR,TARRAGONA,2023Q2,31
P-OTR,TARRAGONA,2023Q3,14
P-OTR,TARRAGONA,2023Q4,30
P-OTR,TARRAGONA,2024Q1,35
P-OTR,TARRAGONA,2024Q2,18
P-OTR,TARRAGONA,2024Q3,15
P-OTR,TARRAGONA,2024Q4,38
P-OTR,TARRAGONA,2025Q1,23
P-OTR,TARRAGONA,2025Q2,25
P-OTR,TARRAGONA,2025Q3,11
P-OTR,TARRAGONA,2025Q4,10
P-OTR,TARRAGONA,2026Q1,4
P-OTR,ALICANTE,2021Q1,17
P-OTR,ALICANTE,2021Q2,14
P-OTR,ALICANTE,2021Q3,8
P-OTR,ALICANTE,2021Q4,17
P-OTR,ALICANTE,2022Q1,19
P-OTR,ALICANTE,2022Q2,14
P-OTR,ALICANTE,2022Q3,16
P-OTR,ALICANTE,2022Q4,14
P-OTR,ALICANTE,2023Q1,7
P-OTR,ALICANTE,2023Q2,9
P-OTR,ALICANTE,2023Q3,8
P-OTR,ALICANTE,2023Q4,16
P-OTR,ALICANTE,2024Q1,8
P-OTR,ALICANTE,2024Q2,7
P-OTR,ALICANTE,2024Q3,19
P-OTR,ALICANTE,2024Q4,11
P-OTR,ALICANTE,2025Q1,21
P-OTR,ALICANTE,2025Q2,14
P-OTR,ALICANTE,2025Q3,13
P-OTR,ALICANTE,2025Q4,33
P-OTR,ALICANTE,2026Q1,36
P-OTR,CASTELLON,2021Q1,11
P-OTR,CASTELLON,2021Q2,3
P-OTR,CASTELLON,2021Q3,2
P-OTR,CASTELLON,2021Q4,0
P-OTR,CASTELLON,2022Q1,3
P-OTR,CASTELLON,2022Q2,3
P-OTR,CASTELLON,2022Q3,2
P-OTR,CASTELLON,2022Q4,0
P-OTR,CASTELLON,2023Q1,2
P-OTR,CASTELLON,2023Q2,3
P-OTR,CASTELLON,2023Q3,4
P-OTR,CASTELLON,2023Q4,1
P-OTR,CASTELLON,2024Q1,1
P-OTR,CASTELLON,2024Q2,4
P-OTR,CASTELLON,2024Q3,5
P-OTR,CASTELLON,2024Q4,3
P-OTR,CASTELLON,2025Q1,1
P-OTR,CASTELLON,2025Q2,0
P-OTR,CASTELLON,2025Q3,1
P-OTR,CASTELLON,2025Q4,3
P-OTR,CASTELLON,2026Q1,1
P-OTR,VALENCIA,2021Q1,32
P-OTR,VALENCIA,2021Q2,32
P-OTR,VALENCIA,2021Q3,20
P-OTR,VALENCIA,2021Q4,27
P-OTR,VALENCIA,2022Q1,46
P-OTR,VALENCIA,2022Q2,30
P-OTR,VALENCIA,2022Q3,15
P-OTR,VALENCIA,2022Q4,19
P-OTR,VALENCIA,2023Q1,22
P-OTR,VALENCIA,2023Q2,24
P-OTR,VALENCIA,2023Q3,19
P-OTR,VALENCIA,2023Q4,32
P-OTR,VALENCIA,2024Q1,44
P-OTR,VALENCIA,2024Q2,37
P-OTR,VALENCIA,2024Q3,26
P-OTR,VALENCIA,2024Q4,13
P-OTR,VALENCIA,2025Q1,27
P-OTR,VALENCIA,2025Q2,19
P-OTR,VALENCIA,2025Q3,23
P-OTR,VALENCIA,2025Q4,42
P-OTR,VALENCIA,2026Q1,33
P-OTR,BADAJOZ,2021Q1,5
P-OTR,BADAJOZ,2021Q2,7
P-OTR,BADAJOZ,2021Q3,6
P-OTR,BADAJOZ,2021Q4,5
P-OTR,BADAJOZ,2022Q1,6
P-OTR,BADAJOZ,2022Q2,2
P-OTR,BADAJOZ,2022Q3,0
P-OTR,BADAJOZ,2022Q4,2
P-OTR,BADAJOZ,2023Q1,1
P-OTR,BADAJOZ,2023Q2,1
P-OTR,BADAJOZ,2023Q3,4
P-OTR,BADAJOZ,2023Q4,4
P-OTR,BADAJOZ,2024Q1,4
P-OTR,BADAJOZ,2024Q2,5
P-OTR,BADAJOZ,2024Q3,6
P-OTR,BADAJOZ,2024Q4,3
P-OTR,BADAJOZ,2025Q1,4
P-OTR,BADAJOZ,2025Q2,6
P-OTR,BADAJOZ,2025Q3,12
P-OTR,BADAJOZ,2025Q4,10
P-OTR,BADAJOZ,2026Q1,2
P-OTR,CACERES,2021Q1,2
P-OTR,CACERES,2021Q2,4
P-OTR,CACERES,2021Q3,3
P-OTR,CACERES,2021Q4,2
P-OTR,CACERES,2022Q1,4
P-OTR,CACERES,2022Q2,1
P-OTR,CACERES,2022Q3,2
P-OTR,CACERES,2022Q4,8
P-OTR,CACERES,2023Q1,1
P-OTR,CACERES,2023Q2,0
P-OTR,CACERES,2023Q3,2
P-OTR,CACERES,2023Q4,1
P-OTR,CACERES,2024Q1,3
P-OTR,CACERES,2024Q2,3
P-OTR,CACERES,2024Q3,2
P-OTR,CACERES,2024Q4,1
P-OTR,CACERES,2025Q1,1
P-OTR,CACERES,2025Q2,3
P-OTR,CACERES,2025Q3,3
P-OTR,CACERES,2025Q4,2
P-OTR,CACERES,2026Q1,1
P-OTR,A CORUNA,2021Q1,4
P-OTR,A CORUNA,2021Q2,10
P-OTR,A CORUNA,2021Q3,4
P-OTR,A CORUNA,2021Q4,3
P-OTR,A CORUNA,2022Q1,5
P-OTR,A CORUNA,2022Q2,5
P-OTR,A CORUNA,2022Q3,1
P-OTR,A CORUNA,2022Q4,2
P-OTR,A CORUNA,2023Q1,1
P-OTR,A CORUNA,2023Q2,7
P-OTR,A CORUNA,2023Q3,3
P-OTR,A CORUNA,2023Q4,2
P-OTR,A CORUNA,2024Q1,3
P-OTR,A CORUNA,2024Q2,7
P-OTR,A CORUNA,2024Q3,4
P-OTR,A CORUNA,2024Q4,4
P-OTR,A CORUNA,2025Q1,3
P-OTR,A CORUNA,2025Q2,1
P-OTR,A CORUNA,2025Q3,4
P-OTR,A CORUNA,2025Q4,7
P-OTR,A CORUNA,2026Q1,5
P-OTR,LUGO,2021Q1,0
P-OTR,LUGO,2021Q2,1
P-OTR,LUGO,2021Q3,0
P-OTR,LUGO,2021Q4,1
P-OTR,LUGO,2022Q1,0
P-OTR,LUGO,2022Q2,0
P-OTR,LUGO,2022Q3,1
P-OTR,LUGO,2022Q4,4
P-OTR,LUGO,2023Q1,0
P-OTR,LUGO,2023Q2,1
P-OTR,LUGO,2023Q3,2
P-OTR,LUGO,2023Q4,2
P-OTR,LUGO,2024Q1,1
P-OTR,LUGO,2024Q2,1
P-OTR,LUGO,2024Q3,2
P-OTR,LUGO,2024Q4,1
P-OTR,LUGO,2025Q1,3
P-OTR,LUGO,2025Q2,3
P-OTR,LUGO,2025Q3,1
P-OTR,LUGO,2025Q4,0
P-OTR,LUGO,2026Q1,1
P-OTR,OURENSE,2021Q1,0
P-OTR,OURENSE,2021Q2,0
P-OTR,OURENSE,2021Q3,0
P-OTR,OURENSE,2021Q4,0
P-OTR,OURENSE,2022Q1,0
P-OTR,OURENSE,2022Q2,0
P-OTR,OURENSE,2022Q3,0
P-OTR,OURENSE,2022Q4,1
P-OTR,OURENSE,2023Q1,1
P-OTR,OURENSE,2023Q2,0
P-OTR,OURENSE,2023Q3,2
P-OTR,OURENSE,2023Q4,2
P-OTR,OURENSE,2024Q1,3
P-OTR,OURENSE,2024Q2,0
P-OTR,OURENSE,2024Q3,3
P-OTR,OURENSE,2024Q4,2
P-OTR,OURENSE,2025Q1,3
P-OTR,OURENSE,2025Q2,5
P-OTR,OURENSE,2025Q3,0
P-OTR,OURENSE,2025Q4,2
P-OTR,OURENSE,2026Q1,1
P-OTR,PONTEVEDRA,2021Q1,3
P-OTR,PONTEVEDRA,2021Q2,4
P-OTR,PONTEVEDRA,2021Q3,3
P-OTR,PONTEVEDRA,2021Q4,4
P-OTR,PONTEVEDRA,2022Q1,7
P-OTR,PONTEVEDRA,2022Q2,3
P-OTR,PONTEVEDRA,2022Q3,4
P-OTR,PONTEVEDRA,2022Q4,3
P-OTR,PONTEVEDRA,2023Q1,3
P-OTR,PONTEVEDRA,2023Q2,6
P-OTR,PONTEVEDRA,2023Q3,5
P-OTR,PONTEVEDRA,2023Q4,7
P-OTR,PONTEVEDRA,2024Q1,4
P-OTR,PONTEVEDRA,2024Q2,8
P-OTR,PONTEVEDRA,2024Q3,4
P-OTR,PONTEVEDRA,2024Q4,4
P-OTR,PONTEVEDRA,2025Q1,4
P-OTR,PONTEVEDRA,2025Q2,6
P-OTR,PONTEVEDRA,2025Q3,4
P-OTR,PONTEVEDRA,2025Q4,6
P-OTR,PONTEVEDRA,2026Q1,2
P-OTR,MADRID,2021Q1,44
P-OTR,MADRID,2021Q2,68
P-OTR,MADRID,2021Q3,21
P-OTR,MADRID,2021Q4,38
P-OTR,MADRID,2022Q1,29
P-OTR,MADRID,2022Q2,28
P-OTR,MADRID,2022Q3,14
P-OTR,MADRID,2022Q4,12
P-OTR,MADRID,2023Q1,16
P-OTR,MADRID,2023Q2,7
P-OTR,MADRID,2023Q3,15
P-OTR,MADRID,2023Q4,20
P-OTR,MADRID,2024Q1,23
P-OTR,MADRID,2024Q2,21
P-OTR,MADRID,2024Q3,21
P-OTR,MADRID,2024Q4,23
P-OTR,MADRID,2025Q1,20
P-OTR,MADRID,2025Q2,22
P-OTR,MADRID,2025Q3,28
P-OTR,MADRID,2025Q4,14
P-OTR,MADRID,2026Q1,21
P-OTR,MURCIA,2021Q1,37
P-OTR,MURCIA,2021Q2,26
P-OTR,MURCIA,2021Q3,9
P-OTR,MURCIA,2021Q4,15
P-OTR,MURCIA,2022Q1,35
P-OTR,MURCIA,2022Q2,34
P-OTR,MURCIA,2022Q3,21
P-OTR,MURCIA,2022Q4,28
P-OTR,MURCIA,2023Q1,10
P-OTR,MURCIA,2023Q2,21
P-OTR,MURCIA,2023Q3,9
P-OTR,MURCIA,2023Q4,18
P-OTR,MURCIA,2024Q1,31
P-OTR,MURCIA,2024Q2,21
P-OTR,MURCIA,2024Q3,21
P-OTR,MURCIA,2024Q4,29
P-OTR,MURCIA,2025Q1,17
P-OTR,MURCIA,2025Q2,15
P-OTR,MURCIA,2025Q3,17
P-OTR,MURCIA,2025Q4,19
P-OTR,MURCIA,2026Q1,25
P-OTR,NAVARRA,2021Q1,2
P-OTR,NAVARRA,2021Q2,4
P-OTR,NAVARRA,2021Q3,3
P-OTR,NAVARRA,2021Q4,2
P-OTR,NAVARRA,2022Q1,4
P-OTR,NAVARRA,2022Q2,4
P-OTR,NAVARRA,2022Q3,1
P-OTR,NAVARRA,2022Q4,1
P-OTR,NAVARRA,2023Q1,2
P-OTR,NAVARRA,2023Q2,1
P-OTR,NAVARRA,2023Q3,2
P-OTR,NAVARRA,2023Q4,0
P-OTR,NAVARRA,2024Q1,3
P-OTR,NAVARRA,2024Q2,0
P-OTR,NAVARRA,2024Q3,1
P-OTR,NAVARRA,2024Q4,2
P-OTR,NAVARRA,2025Q1,1
P-OTR,NAVARRA,2025Q2,0
P-OTR,NAVARRA,2025Q3,0
P-OTR,NAVARRA,2025Q4,1
P-OTR,NAVARRA,2026Q1,0
P-OTR,ARABA/ALAVA,2021Q1,0
P-OTR,ARABA/ALAVA,2021Q2,0
P-OTR,ARABA/ALAVA,2021Q3,1
P-OTR,ARABA/ALAVA,2021Q4,0
P-OTR,ARABA/ALAVA,2022Q1,0
P-OTR,ARABA/ALAVA,2022Q2,0
P-OTR,ARABA/ALAVA,2022Q3,0
P-OTR,ARABA/ALAVA,2022Q4,0
P-OTR,ARABA/ALAVA,2023Q1,0
P-OTR,ARABA/ALAVA,2023Q2,0
P-OTR,ARABA/ALAVA,2023Q3,1
P-OTR,ARABA/ALAVA,2023Q4,1
P-OTR,ARABA/ALAVA,2024Q1,1
P-OTR,ARABA/ALAVA,2024Q2,0
P-OTR,ARABA/ALAVA,2024Q3,0
P-OTR,ARABA/ALAVA,2024Q4,1
P-OTR,ARABA/ALAVA,2025Q1,0
P-OTR,ARABA/ALAVA,2025Q2,0
P-OTR,ARABA/ALAVA,2025Q3,0
P-OTR,ARABA/ALAVA,2025Q4,7
P-OTR,ARABA/ALAVA,2026Q1,0
P-OTR,GIPUZKOA,2021Q1,0
P-OTR,GIPUZKOA,2021Q2,0
P-OTR,GIPUZKOA,2021Q3,1
P-OTR,GIPUZKOA,2021Q4,0
P-OTR,GIPUZKOA,2022Q1,1
P-OTR,GIPUZKOA,2022Q2,0
P-OTR,GIPUZKOA,2022Q3,0
P-OTR,GIPUZKOA,2022Q4,0
P-OTR,GIPUZKOA,2023Q1,3
P-OTR,GIPUZKOA,2023Q2,1
P-OTR,GIPUZKOA,2023Q3,0
P-OTR,GIPUZKOA,2023Q4,0
P-OTR,GIPUZKOA,2024Q1,0
P-OTR,GIPUZKOA,2024Q2,0
P-OTR,GIPUZKOA,2024Q3,1
P-OTR,GIPUZKOA,2024Q4,0
P-OTR,GIPUZKOA,2025Q1,1
P-OTR,GIPUZKOA,2025Q2,1
P-OTR,GIPUZKOA,2025Q3,4
P-OTR,GIPUZKOA,2025Q4,1
P-OTR,GIPUZKOA,2026Q1,1
P-OTR,BIZKAIA,2021Q1,4
P-OTR,BIZKAIA,2021Q2,7
P-OTR,BIZKAIA,2021Q3,14
P-OTR,BIZKAIA,2021Q4,8
P-OTR,BIZKAIA,2022Q1,5
P-OTR,BIZKAIA,2022Q2,11
P-OTR,BIZKAIA,2022Q3,8
P-OTR,BIZKAIA,2022Q4,10
P-OTR,BIZKAIA,2023Q1,2
P-OTR,BIZKAIA,2023Q2,4
P-OTR,BIZKAIA,2023Q3,2
P-OTR,BIZKAIA,2023Q4,6
P-OTR,BIZKAIA,2024Q1,2
P-OTR,BIZKAIA,2024Q2,9
P-OTR,BIZKAIA,2024Q3,7
P-OTR,BIZKAIA,2024Q4,11
P-OTR,BIZKAIA,2025Q1,8
P-OTR,BIZKAIA,2025Q2,7
P-OTR,BIZKAIA,2025Q3,4
P-OTR,BIZKAIA,2025Q4,9
P-OTR,BIZKAIA,2026Q1,4
P-OTR,LA RIOJA,2021Q1,4
P-OTR,LA RIOJA,2021Q2,4
P-OTR,LA RIOJA,2021Q3,2
P-OTR,LA RIOJA,2021Q4,1
P-OTR,LA RIOJA,2022Q1,2
P-OTR,LA RIOJA,2022Q2,2
P-OTR,LA RIOJA,2022Q3,0
P-OTR,LA RIOJA,2022Q4,4
P-OTR,LA RIOJA,2023Q1,1
P-OTR,LA RIOJA,2023Q2,2
P-OTR,LA RIOJA,2023Q3,2
P-OTR,LA RIOJA,2023Q4,3
P-OTR,LA RIOJA,2024Q1,11
P-OTR,LA RIOJA,2024Q2,2
P-OTR,LA RIOJA,2024Q3,2
P-OTR,LA RIOJA,2024Q4,2
P-OTR,LA RIOJA,2025Q1,4
P-OTR,LA RIOJA,2025Q2,4
P-OTR,LA RIOJA,2025Q3,1
P-OTR,LA RIOJA,2025Q4,3
P-OTR,LA RIOJA,2026Q1,2
P-OTR,TOTAL,2021Q1,551
P-OTR,TOTAL,2021Q2,694
P-OTR,TOTAL,2021Q3,457
P-OTR,TOTAL,2021Q4,561
P-OTR,TOTAL,2022Q1,692
P-OTR,TOTAL,2022Q2,568
P-OTR,TOTAL,2022Q3,412
P-OTR,TOTAL,2022Q4,553
P-OTR,TOTAL,2023Q1,411
P-OTR,TOTAL,2023Q2,476
P-OTR,TOTAL,2023Q3,333
P-OTR,TOTAL,2023Q4,503
P-OTR,TOTAL,2024Q1,533
P-OTR,TOTAL,2024Q2,507
P-OTR,TOTAL,2024Q3,396
P-OTR,TOTAL,2024Q4,497
P-OTR,TOTAL,2025Q1,501
P-OTR,TOTAL,2025Q2,444
P-OTR,TOTAL,2025Q3,411
P-OTR,TOTAL,2025Q4,521
P-OTR,TOTAL,2026Q1,434
SC-REC,ALMERIA,2021Q1,423
SC-REC,ALMERIA,2021Q2,577
SC-REC,ALMERIA,2021Q3,481
SC-REC,ALMERIA,2021Q4,525
SC-REC,ALMERIA,2022Q1,610
SC-REC,ALMERIA,2022Q2,625
SC-REC,ALMERIA,2022Q3,401
SC-REC,ALMERIA,2022Q4,525
SC-REC,ALMERIA,2023Q1,468
SC-REC,ALMERIA,2023Q2,328
SC-REC,ALMERIA,2023Q3,416
SC-REC,ALMERIA,2023Q4,369
SC-REC,ALMERIA,2024Q1,396
SC-REC,ALMERIA,2024Q2,435
SC-REC,ALMERIA,2024Q3,349
SC-REC,ALMERIA,2024Q4,363
SC-REC,ALMERIA,2025Q1,328
SC-REC,ALMERIA,2025Q2,321
SC-REC,ALMERIA,2025Q3,184
SC-REC,ALMERIA,2025Q4,243
SC-REC,ALMERIA,2026Q1,233
SC-REC,CADIZ,2021Q1,555
SC-REC,CADIZ,2021Q2,650
SC-REC,CADIZ,2021Q3,425
SC-REC,CADIZ,2021Q4,711
SC-REC,CADIZ,2022Q1,622
SC-REC,CADIZ,2022Q2,516
SC-REC,CADIZ,2022Q3,427
SC-REC,CADIZ,2022Q4,523
SC-REC,CADIZ,2023Q1,464
SC-REC,CADIZ,2023Q2,367
SC-REC,CADIZ,2023Q3,357
SC-REC,CADIZ,2023Q4,347
SC-REC,CADIZ,2024Q1,354
SC-REC,CADIZ,2024Q2,360
SC-REC,CADIZ,2024Q3,293
SC-REC,CADIZ,2024Q4,393
SC-REC,CADIZ,2025Q1,354
SC-REC,CADIZ,2025Q2,353
SC-REC,CADIZ,2025Q3,250
SC-REC,CADIZ,2025Q4,276
SC-REC,CADIZ,2026Q1,370
SC-REC,CORDOBA,2021Q1,202
SC-REC,CORDOBA,2021Q2,198
SC-REC,CORDOBA,2021Q3,123
SC-REC,CORDOBA,2021Q4,184
SC-REC,CORDOBA,2022Q1,230
SC-REC,CORDOBA,2022Q2,177
SC-REC,CORDOBA,2022Q3,136
SC-REC,CORDOBA,2022Q4,152
SC-REC,CORDOBA,2023Q1,126
SC-REC,CORDOBA,2023Q2,104
SC-REC,CORDOBA,2023Q3,84
SC-REC,CORDOBA,2023Q4,118
SC-REC,CORDOBA,2024Q1,105
SC-REC,CORDOBA,2024Q2,124
SC-REC,CORDOBA,2024Q3,81
SC-REC,CORDOBA,2024Q4,128
SC-REC,CORDOBA,2025Q1,111
SC-REC,CORDOBA,2025Q2,141
SC-REC,CORDOBA,2025Q3,105
SC-REC,CORDOBA,2025Q4,200
SC-REC,CORDOBA,2026Q1,125
SC-REC,GRANADA,2021Q1,463
SC-REC,GRANADA,2021Q2,505
SC-REC,GRANADA,2021Q3,304
SC-REC,GRANADA,2021Q4,477
SC-REC,GRANADA,2022Q1,497
SC-REC,GRANADA,2022Q2,520
SC-REC,GRANADA,2022Q3,309
SC-REC,GRANADA,2022Q4,410
SC-REC,GRANADA,2023Q1,345
SC-REC,GRANADA,2023Q2,277
SC-REC,GRANADA,2023Q3,282
SC-REC,GRANADA,2023Q4,351
SC-REC,GRANADA,2024Q1,287
SC-REC,GRANADA,2024Q2,316
SC-REC,GRANADA,2024Q3,219
SC-REC,GRANADA,2024Q4,252
SC-REC,GRANADA,2025Q1,390
SC-REC,GRANADA,2025Q2,292
SC-REC,GRANADA,2025Q3,204
SC-REC,GRANADA,2025Q4,289
SC-REC,GRANADA,2026Q1,275
SC-REC,HUELVA,2021Q1,218
SC-REC,HUELVA,2021Q2,243
SC-REC,HUELVA,2021Q3,90
SC-REC,HUELVA,2021Q4,293
SC-REC,HUELVA,2022Q1,207
SC-REC,HUELVA,2022Q2,247
SC-REC,HUELVA,2022Q3,214
SC-REC,HUELVA,2022Q4,193
SC-REC,HUELVA,2023Q1,165
SC-REC,HUELVA,2023Q2,214
SC-REC,HUELVA,2023Q3,107
SC-REC,HUELVA,2023Q4,164
SC-REC,HUELVA,2024Q1,175
SC-REC,HUELVA,2024Q2,190
SC-REC,HUELVA,2024Q3,89
SC-REC,HUELVA,2024Q4,145
SC-REC,HUELVA,2025Q1,116
SC-REC,HUELVA,2025Q2,130
SC-REC,HUELVA,2025Q3,74
SC-REC,HUELVA,2025Q4,124
SC-REC,HUELVA,2026Q1,129
SC-REC,JAEN,2021Q1,159
SC-REC,JAEN,2021Q2,145
SC-REC,JAEN,2021Q3,113
SC-REC,JAEN,2021Q4,122
SC-REC,JAEN,2022Q1,148
SC-REC,JAEN,2022Q2,113
SC-REC,JAEN,2022Q3,81
SC-REC,JAEN,2022Q4,110
SC-REC,JAEN,2023Q1,98
SC-REC,JAEN,2023Q2,50
SC-REC,JAEN,2023Q3,56
SC-REC,JAEN,2023Q4,72
SC-REC,JAEN,2024Q1,73
SC-REC,JAEN,2024Q2,100
SC-REC,JAEN,2024Q3,49
SC-REC,JAEN,2024Q4,74
SC-REC,JAEN,2025Q1,112
SC-REC,JAEN,2025Q2,116
SC-REC,JAEN,2025Q3,97
SC-REC,JAEN,2025Q4,88
SC-REC,JAEN,2026Q1,81
SC-REC,MALAGA,2021Q1,1167
SC-REC,MALAGA,2021Q2,1364
SC-REC,MALAGA,2021Q3,908
SC-REC,MALAGA,2021Q4,1062
SC-REC,MALAGA,2022Q1,993
SC-REC,MALAGA,2022Q2,937
SC-REC,MALAGA,2022Q3,557
SC-REC,MALAGA,2022Q4,879
SC-REC,MALAGA,2023Q1,730
SC-REC,MALAGA,2023Q2,746
SC-REC,MALAGA,2023Q3,455
SC-REC,MALAGA,2023Q4,603
SC-REC,MALAGA,2024Q1,644
SC-REC,MALAGA,2024Q2,603
SC-REC,MALAGA,2024Q3,488
SC-REC,MALAGA,2024Q4,633
SC-REC,MALAGA,2025Q1,673
SC-REC,MALAGA,2025Q2,683
SC-REC,MALAGA,2025Q3,448
SC-REC,MALAGA,2025Q4,449
SC-REC,MALAGA,2026Q1,592
SC-REC,SEVILLA,2021Q1,461
SC-REC,SEVILLA,2021Q2,425
SC-REC,SEVILLA,2021Q3,199
SC-REC,SEVILLA,2021Q4,340
SC-REC,SEVILLA,2022Q1,366
SC-REC,SEVILLA,2022Q2,362
SC-REC,SEVILLA,2022Q3,199
SC-REC,SEVILLA,2022Q4,360
SC-REC,SEVILLA,2023Q1,309
SC-REC,SEVILLA,2023Q2,337
SC-REC,SEVILLA,2023Q3,143
SC-REC,SEVILLA,2023Q4,315
SC-REC,SEVILLA,2024Q1,264
SC-REC,SEVILLA,2024Q2,213
SC-REC,SEVILLA,2024Q3,164
SC-REC,SEVILLA,2024Q4,234
SC-REC,SEVILLA,2025Q1,273
SC-REC,SEVILLA,2025Q2,280
SC-REC,SEVILLA,2025Q3,137
SC-REC,SEVILLA,2025Q4,287
SC-REC,SEVILLA,2026Q1,290
SC-REC,HUESCA,2021Q1,
SC-REC,HUESCA,2021Q2,
SC-REC,HUESCA,2021Q3,
SC-REC,HUESCA,2021Q4,
SC-REC,HUESCA,2022Q1,
SC-REC,HUESCA,2022Q2,
SC-REC,HUESCA,2022Q3,
SC-REC,HUESCA,2022Q4,
SC-REC,HUESCA,2023Q1,
SC-REC,HUESCA,2023Q2,
SC-REC,HUESCA,2023Q3,
SC-REC,HUESCA,2023Q4,
SC-REC,HUESCA,2024Q1,
SC-REC,HUESCA,2024Q2,
SC-REC,HUESCA,2024Q3,
SC-REC,HUESCA,2024Q4,
SC-REC,HUESCA,2025Q1,
SC-REC,HUESCA,2025Q2,
SC-REC,HUESCA,2025Q3,27
SC-REC,HUESCA,2025Q4,16
SC-REC,HUESCA,2026Q1,74
SC-REC,TERUEL,2021Q1,
SC-REC,TERUEL,2021Q2,
SC-REC,TERUEL,2021Q3,
SC-REC,TERUEL,2021Q4,
SC-REC,TERUEL,2022Q1,
SC-REC,TERUEL,2022Q2,
SC-REC,TERUEL,2022Q3,
SC-REC,TERUEL,2022Q4,
SC-REC,TERUEL,2023Q1,
SC-REC,TERUEL,2023Q2,
SC-REC,TERUEL,2023Q3,
SC-REC,TERUEL,2023Q4,
SC-REC,TERUEL,2024Q1,
SC-REC,TERUEL,2024Q2,
SC-REC,TERUEL,2024Q3,
SC-REC,TERUEL,2024Q4,
SC-REC,TERUEL,2025Q1,
SC-REC,TERUEL,2025Q2,
SC-REC,TERUEL,2025Q3,7
SC-REC,TERUEL,2025Q4,8
SC-REC,TERUEL,2026Q1,3
SC-REC,ZARAGOZA,2021Q1,453
SC-REC,ZARAGOZA,2021Q2,375
SC-REC,ZARAGOZA,2021Q3,231
SC-REC,ZARAGOZA,2021Q4,300
SC-REC,ZARAGOZA,2022Q1,335
SC-REC,ZARAGOZA,2022Q2,297
SC-REC,ZARAGOZA,2022Q3,219
SC-REC,ZARAGOZA,2022Q4,320
SC-REC,ZARAGOZA,2023Q1,291
SC-REC,ZARAGOZA,2023Q2,330
SC-REC,ZARAGOZA,2023Q3,170
SC-REC,ZARAGOZA,2023Q4,322
SC-REC,ZARAGOZA,2024Q1,90
SC-REC,ZARAGOZA,2024Q2,275
SC-REC,ZARAGOZA,2024Q3,194
SC-REC,ZARAGOZA,2024Q4,294
SC-REC,ZARAGOZA,2025Q1,312
SC-REC,ZARAGOZA,2025Q2,292
SC-REC,ZARAGOZA,2025Q3,174
SC-REC,ZARAGOZA,2025Q4,13
SC-REC,ZARAGOZA,2026Q1,254
SC-REC,ASTURIAS,2021Q1,339
SC-REC,ASTURIAS,2021Q2,285
SC-REC,ASTURIAS,2021Q3,125
SC-REC,ASTURIAS,2021Q4,163
SC-REC,ASTURIAS,2022Q1,239
SC-REC,ASTURIAS,2022Q2,247
SC-REC,ASTURIAS,2022Q3,140
SC-REC,ASTURIAS,2022Q4,194
SC-REC,ASTURIAS,2023Q1,113
SC-REC,ASTURIAS,2023Q2,145
SC-REC,ASTURIAS,2023Q3,113
SC-REC,ASTURIAS,2023Q4,184
SC-REC,ASTURIAS,2024Q1,228
SC-REC,ASTURIAS,2024Q2,228
SC-REC,ASTURIAS,2024Q3,121
SC-REC,ASTURIAS,2024Q4,165
SC-REC,ASTURIAS,2025Q1,201
SC-REC,ASTURIAS,2025Q2,174
SC-REC,ASTURIAS,2025Q3,125
SC-REC,ASTURIAS,2025Q4,208
SC-REC,ASTURIAS,2026Q1,250
SC-REC,ILLES BALEARS,2021Q1,1610
SC-REC,ILLES BALEARS,2021Q2,1609
SC-REC,ILLES BALEARS,2021Q3,1063
SC-REC,ILLES BALEARS,2021Q4,1329
SC-REC,ILLES BALEARS,2022Q1,1661
SC-REC,ILLES BALEARS,2022Q2,1286
SC-REC,ILLES BALEARS,2022Q3,1026
SC-REC,ILLES BALEARS,2022Q4,1282
SC-REC,ILLES BALEARS,2023Q1,1201
SC-REC,ILLES BALEARS,2023Q2,1163
SC-REC,ILLES BALEARS,2023Q3,876
SC-REC,ILLES BALEARS,2023Q4,1134
SC-REC,ILLES BALEARS,2024Q1,1040
SC-REC,ILLES BALEARS,2024Q2,1150
SC-REC,ILLES BALEARS,2024Q3,836
SC-REC,ILLES BALEARS,2024Q4,1023
SC-REC,ILLES BALEARS,2025Q1,1154
SC-REC,ILLES BALEARS,2025Q2,608
SC-REC,ILLES BALEARS,2025Q3,679
SC-REC,ILLES BALEARS,2025Q4,280
SC-REC,ILLES BALEARS,2026Q1,827
SC-REC,LAS PALMAS,2021Q1,167
SC-REC,LAS PALMAS,2021Q2,137
SC-REC,LAS PALMAS,2021Q3,110
SC-REC,LAS PALMAS,2021Q4,95
SC-REC,LAS PALMAS,2022Q1,108
SC-REC,LAS PALMAS,2022Q2,121
SC-REC,LAS PALMAS,2022Q3,78
SC-REC,LAS PALMAS,2022Q4,77
SC-REC,LAS PALMAS,2023Q1,50
SC-REC,LAS PALMAS,2023Q2,119
SC-REC,LAS PALMAS,2023Q3,90
SC-REC,LAS PALMAS,2023Q4,103
SC-REC,LAS PALMAS,2024Q1,100
SC-REC,LAS PALMAS,2024Q2,134
SC-REC,LAS PALMAS,2024Q3,64
SC-REC,LAS PALMAS,2024Q4,86
SC-REC,LAS PALMAS,2025Q1,109
SC-REC,LAS PALMAS,2025Q2,111
SC-REC,LAS PALMAS,2025Q3,89
SC-REC,LAS PALMAS,2025Q4,27
SC-REC,LAS PALMAS,2026Q1,175
SC-REC,SANTA CRUZ DE TENERIFE,2021Q1,128
SC-REC,SANTA CRUZ DE TENERIFE,2021Q2,135
SC-REC,SANTA CRUZ DE TENERIFE,2021Q3,87
SC-REC,SANTA CRUZ DE TENERIFE,2021Q4,104
SC-REC,SANTA CRUZ DE TENERIFE,2022Q1,128
SC-REC,SANTA CRUZ DE TENERIFE,2022Q2,105
SC-REC,SANTA CRUZ DE TENERIFE,2022Q3,69
SC-REC,SANTA CRUZ DE TENERIFE,2022Q4,87
SC-REC,SANTA CRUZ DE TENERIFE,2023Q1,43
SC-REC,SANTA CRUZ DE TENERIFE,2023Q2,63
SC-REC,SANTA CRUZ DE TENERIFE,2023Q3,55
SC-REC,SANTA CRUZ DE TENERIFE,2023Q4,104
SC-REC,SANTA CRUZ DE TENERIFE,2024Q1,108
SC-REC,SANTA CRUZ DE TENERIFE,2024Q2,71
SC-REC,SANTA CRUZ DE TENERIFE,2024Q3,60
SC-REC,SANTA CRUZ DE TENERIFE,2024Q4,86
SC-REC,SANTA CRUZ DE TENERIFE,2025Q1,76
SC-REC,SANTA CRUZ DE TENERIFE,2025Q2,109
SC-REC,SANTA CRUZ DE TENERIFE,2025Q3,62
SC-REC,SANTA CRUZ DE TENERIFE,2025Q4,202
SC-REC,SANTA CRUZ DE TENERIFE,2026Q1,373
SC-REC,CANTABRIA,2021Q1,155
SC-REC,CANTABRIA,2021Q2,134
SC-REC,CANTABRIA,2021Q3,74
SC-REC,CANTABRIA,2021Q4,96
SC-REC,CANTABRIA,2022Q1,124
SC-REC,CANTABRIA,2022Q2,126
SC-REC,CANTABRIA,2022Q3,83
SC-REC,CANTABRIA,2022Q4,98
SC-REC,CANTABRIA,2023Q1,28
SC-REC,CANTABRIA,2023Q2,48
SC-REC,CANTABRIA,2023Q3,82
SC-REC,CANTABRIA,2023Q4,92
SC-REC,CANTABRIA,2024Q1,90
SC-REC,CANTABRIA,2024Q2,102
SC-REC,CANTABRIA,2024Q3,61
SC-REC,CANTABRIA,2024Q4,120
SC-REC,CANTABRIA,2025Q1,116
SC-REC,CANTABRIA,2025Q2,86
SC-REC,CANTABRIA,2025Q3,86
SC-REC,CANTABRIA,2025Q4,56
SC-REC,CANTABRIA,2026Q1,104
SC-REC,AVILA,2021Q1,
SC-REC,AVILA,2021Q2,
SC-REC,AVILA,2021Q3,
SC-REC,AVILA,2021Q4,
SC-REC,AVILA,2022Q1,
SC-REC,AVILA,2022Q2,
SC-REC,AVILA,2022Q3,
SC-REC,AVILA,2022Q4,
SC-REC,AVILA,2023Q1,
SC-REC,AVILA,2023Q2,
SC-REC,AVILA,2023Q3,
SC-REC,AVILA,2023Q4,
SC-REC,AVILA,2024Q1,
SC-REC,AVILA,2024Q2,
SC-REC,AVILA,2024Q3,
SC-REC,AVILA,2024Q4,
SC-REC,AVILA,2025Q1,
SC-REC,AVILA,2025Q2,
SC-REC,AVILA,2025Q3,8
SC-REC,AVILA,2025Q4,4
SC-REC,AVILA,2026Q1,10
SC-REC,BURGOS,2021Q1,45
SC-REC,BURGOS,2021Q2,43
SC-REC,BURGOS,2021Q3,33
SC-REC,BURGOS,2021Q4,43
SC-REC,BURGOS,2022Q1,30
SC-REC,BURGOS,2022Q2,32
SC-REC,BURGOS,2022Q3,20
SC-REC,BURGOS,2022Q4,36
SC-REC,BURGOS,2023Q1,47
SC-REC,BURGOS,2023Q2,19
SC-REC,BURGOS,2023Q3,21
SC-REC,BURGOS,2023Q4,16
SC-REC,BURGOS,2024Q1,47
SC-REC,BURGOS,2024Q2,33
SC-REC,BURGOS,2024Q3,15
SC-REC,BURGOS,2024Q4,33
SC-REC,BURGOS,2025Q1,30
SC-REC,BURGOS,2025Q2,25
SC-REC,BURGOS,2025Q3,17
SC-REC,BURGOS,2025Q4,26
SC-REC,BURGOS,2026Q1,38
SC-REC,LEON,2021Q1,151
SC-REC,LEON,2021Q2,183
SC-REC,LEON,2021Q3,102
SC-REC,LEON,2021Q4,119
SC-REC,LEON,2022Q1,148
SC-REC,LEON,2022Q2,145
SC-REC,LEON,2022Q3,92
SC-REC,LEON,2022Q4,145
SC-REC,LEON,2023Q1,52
SC-REC,LEON,2023Q2,114
SC-REC,LEON,2023Q3,100
SC-REC,LEON,2023Q4,198
SC-REC,LEON,2024Q1,129
SC-REC,LEON,2024Q2,150
SC-REC,LEON,2024Q3,90
SC-REC,LEON,2024Q4,127
SC-REC,LEON,2025Q1,114
SC-REC,LEON,2025Q2,140
SC-REC,LEON,2025Q3,94
SC-REC,LEON,2025Q4,119
SC-REC,LEON,2026Q1,86
SC-REC,PALENCIA,2021Q1,35
SC-REC,PALENCIA,2021Q2,55
SC-REC,PALENCIA,2021Q3,16
SC-REC,PALENCIA,2021Q4,13
SC-REC,PALENCIA,2022Q1,61
SC-REC,PALENCIA,2022Q2,48
SC-REC,PALENCIA,2022Q3,44
SC-REC,PALENCIA,2022Q4,56
SC-REC,PALENCIA,2023Q1,27
SC-REC,PALENCIA,2023Q2,51
SC-REC,PALENCIA,2023Q3,35
SC-REC,PALENCIA,2023Q4,28
SC-REC,PALENCIA,2024Q1,32
SC-REC,PALENCIA,2024Q2,30
SC-REC,PALENCIA,2024Q3,21
SC-REC,PALENCIA,2024Q4,33
SC-REC,PALENCIA,2025Q1,23
SC-REC,PALENCIA,2025Q2,33
SC-REC,PALENCIA,2025Q3,4
SC-REC,PALENCIA,2025Q4,33
SC-REC,PALENCIA,2026Q1,16
SC-REC,SALAMANCA,2021Q1,51
SC-REC,SALAMANCA,2021Q2,73
SC-REC,SALAMANCA,2021Q3,43
SC-REC,SALAMANCA,2021Q4,53
SC-REC,SALAMANCA,2022Q1,63
SC-REC,SALAMANCA,2022Q2,62
SC-REC,SALAMANCA,2022Q3,38
SC-REC,SALAMANCA,2022Q4,55
SC-REC,SALAMANCA,2023Q1,62
SC-REC,SALAMANCA,2023Q2,38
SC-REC,SALAMANCA,2023Q3,22
SC-REC,SALAMANCA,2023Q4,53
SC-REC,SALAMANCA,2024Q1,54
SC-REC,SALAMANCA,2024Q2,49
SC-REC,SALAMANCA,2024Q3,33
SC-REC,SALAMANCA,2024Q4,61
SC-REC,SALAMANCA,2025Q1,43
SC-REC,SALAMANCA,2025Q2,32
SC-REC,SALAMANCA,2025Q3,33
SC-REC,SALAMANCA,2025Q4,44
SC-REC,SALAMANCA,2026Q1,44
SC-REC,SEGOVIA,2021Q1,
SC-REC,SEGOVIA,2021Q2,
SC-REC,SEGOVIA,2021Q3,
SC-REC,SEGOVIA,2021Q4,
SC-REC,SEGOVIA,2022Q1,
SC-REC,SEGOVIA,2022Q2,
SC-REC,SEGOVIA,2022Q3,
SC-REC,SEGOVIA,2022Q4,
SC-REC,SEGOVIA,2023Q1,
SC-REC,SEGOVIA,2023Q2,
SC-REC,SEGOVIA,2023Q3,
SC-REC,SEGOVIA,2023Q4,0
SC-REC,SEGOVIA,2024Q1,9
SC-REC,SEGOVIA,2024Q2,13
SC-REC,SEGOVIA,2024Q3,7
SC-REC,SEGOVIA,2024Q4,22
SC-REC,SEGOVIA,2025Q1,0
SC-REC,SEGOVIA,2025Q2,16
SC-REC,SEGOVIA,2025Q3,12
SC-REC,SEGOVIA,2025Q4,17
SC-REC,SEGOVIA,2026Q1,4
SC-REC,SORIA,2021Q1,
SC-REC,SORIA,2021Q2,
SC-REC,SORIA,2021Q3,
SC-REC,SORIA,2021Q4,
SC-REC,SORIA,2022Q1,
SC-REC,SORIA,2022Q2,
SC-REC,SORIA,2022Q3,
SC-REC,SORIA,2022Q4,
SC-REC,SORIA,2023Q1,
SC-REC,SORIA,2023Q2,
SC-REC,SORIA,2023Q3,
SC-REC,SORIA,2023Q4,
SC-REC,SORIA,2024Q1,
SC-REC,SORIA,2024Q2,
SC-REC,SORIA,2024Q3,
SC-REC,SORIA,2024Q4,
SC-REC,SORIA,2025Q1,
SC-REC,SORIA,2025Q2,
SC-REC,SORIA,2025Q3,1
SC-REC,SORIA,2025Q4,2
SC-REC,SORIA,2026Q1,2
SC-REC,VALLADOLID,2021Q1,223
SC-REC,VALLADOLID,2021Q2,164
SC-REC,VALLADOLID,2021Q3,100
SC-REC,VALLADOLID,2021Q4,160
SC-REC,VALLADOLID,2022Q1,302
SC-REC,VALLADOLID,2022Q2,311
SC-REC,VALLADOLID,2022Q3,288
SC-REC,VALLADOLID,2022Q4,195
SC-REC,VALLADOLID,2023Q1,64
SC-REC,VALLADOLID,2023Q2,76
SC-REC,VALLADOLID,2023Q3,61
SC-REC,VALLADOLID,2023Q4,80
SC-REC,VALLADOLID,2024Q1,132
SC-REC,VALLADOLID,2024Q2,143
SC-REC,VALLADOLID,2024Q3,143
SC-REC,VALLADOLID,2024Q4,139
SC-REC,VALLADOLID,2025Q1,237
SC-REC,VALLADOLID,2025Q2,230
SC-REC,VALLADOLID,2025Q3,140
SC-REC,VALLADOLID,2025Q4,4
SC-REC,VALLADOLID,2026Q1,172
SC-REC,ZAMORA,2021Q1,34
SC-REC,ZAMORA,2021Q2,24
SC-REC,ZAMORA,2021Q3,16
SC-REC,ZAMORA,2021Q4,22
SC-REC,ZAMORA,2022Q1,39
SC-REC,ZAMORA,2022Q2,42
SC-REC,ZAMORA,2022Q3,27
SC-REC,ZAMORA,2022Q4,32
SC-REC,ZAMORA,2023Q1,9
SC-REC,ZAMORA,2023Q2,31
SC-REC,ZAMORA,2023Q3,19
SC-REC,ZAMORA,2023Q4,45
SC-REC,ZAMORA,2024Q1,20
SC-REC,ZAMORA,2024Q2,10
SC-REC,ZAMORA,2024Q3,18
SC-REC,ZAMORA,2024Q4,23
SC-REC,ZAMORA,2025Q1,27
SC-REC,ZAMORA,2025Q2,27
SC-REC,ZAMORA,2025Q3,14
SC-REC,ZAMORA,2025Q4,2
SC-REC,ZAMORA,2026Q1,39
SC-REC,ALBACETE,2021Q1,56
SC-REC,ALBACETE,2021Q2,56
SC-REC,ALBACETE,2021Q3,30
SC-REC,ALBACETE,2021Q4,54
SC-REC,ALBACETE,2022Q1,66
SC-REC,ALBACETE,2022Q2,65
SC-REC,ALBACETE,2022Q3,25
SC-REC,ALBACETE,2022Q4,87
SC-REC,ALBACETE,2023Q1,11
SC-REC,ALBACETE,2023Q2,19
SC-REC,ALBACETE,2023Q3,23
SC-REC,ALBACETE,2023Q4,55
SC-REC,ALBACETE,2024Q1,65
SC-REC,ALBACETE,2024Q2,64
SC-REC,ALBACETE,2024Q3,56
SC-REC,ALBACETE,2024Q4,47
SC-REC,ALBACETE,2025Q1,66
SC-REC,ALBACETE,2025Q2,52
SC-REC,ALBACETE,2025Q3,30
SC-REC,ALBACETE,2025Q4,3
SC-REC,ALBACETE,2026Q1,63
SC-REC,CIUDAD REAL,2021Q1,65
SC-REC,CIUDAD REAL,2021Q2,29
SC-REC,CIUDAD REAL,2021Q3,39
SC-REC,CIUDAD REAL,2021Q4,100
SC-REC,CIUDAD REAL,2022Q1,107
SC-REC,CIUDAD REAL,2022Q2,89
SC-REC,CIUDAD REAL,2022Q3,45
SC-REC,CIUDAD REAL,2022Q4,33
SC-REC,CIUDAD REAL,2023Q1,25
SC-REC,CIUDAD REAL,2023Q2,47
SC-REC,CIUDAD REAL,2023Q3,38
SC-REC,CIUDAD REAL,2023Q4,49
SC-REC,CIUDAD REAL,2024Q1,56
SC-REC,CIUDAD REAL,2024Q2,47
SC-REC,CIUDAD REAL,2024Q3,38
SC-REC,CIUDAD REAL,2024Q4,44
SC-REC,CIUDAD REAL,2025Q1,48
SC-REC,CIUDAD REAL,2025Q2,75
SC-REC,CIUDAD REAL,2025Q3,52
SC-REC,CIUDAD REAL,2025Q4,50
SC-REC,CIUDAD REAL,2026Q1,66
SC-REC,CUENCA,2021Q1,27
SC-REC,CUENCA,2021Q2,28
SC-REC,CUENCA,2021Q3,16
SC-REC,CUENCA,2021Q4,14
SC-REC,CUENCA,2022Q1,20
SC-REC,CUENCA,2022Q2,12
SC-REC,CUENCA,2022Q3,2
SC-REC,CUENCA,2022Q4,22
SC-REC,CUENCA,2023Q1,14
SC-REC,CUENCA,2023Q2,8
SC-REC,CUENCA,2023Q3,8
SC-REC,CUENCA,2023Q4,15
SC-REC,CUENCA,2024Q1,20
SC-REC,CUENCA,2024Q2,8
SC-REC,CUENCA,2024Q3,25
SC-REC,CUENCA,2024Q4,12
SC-REC,CUENCA,2025Q1,23
SC-REC,CUENCA,2025Q2,35
SC-REC,CUENCA,2025Q3,20
SC-REC,CUENCA,2025Q4,19
SC-REC,CUENCA,2026Q1,32
SC-REC,GUADALAJARA,2021Q1,137
SC-REC,GUADALAJARA,2021Q2,127
SC-REC,GUADALAJARA,2021Q3,87
SC-REC,GUADALAJARA,2021Q4,104
SC-REC,GUADALAJARA,2022Q1,105
SC-REC,GUADALAJARA,2022Q2,87
SC-REC,GUADALAJARA,2022Q3,72
SC-REC,GUADALAJARA,2022Q4,81
SC-REC,GUADALAJARA,2023Q1,32
SC-REC,GUADALAJARA,2023Q2,53
SC-REC,GUADALAJARA,2023Q3,49
SC-REC,GUADALAJARA,2023Q4,73
SC-REC,GUADALAJARA,2024Q1,69
SC-REC,GUADALAJARA,2024Q2,80
SC-REC,GUADALAJARA,2024Q3,48
SC-REC,GUADALAJARA,2024Q4,70
SC-REC,GUADALAJARA,2025Q1,70
SC-REC,GUADALAJARA,2025Q2,48
SC-REC,GUADALAJARA,2025Q3,48
SC-REC,GUADALAJARA,2025Q4,4
SC-REC,GUADALAJARA,2026Q1,38
SC-REC,TOLEDO,2021Q1,140
SC-REC,TOLEDO,2021Q2,154
SC-REC,TOLEDO,2021Q3,125
SC-REC,TOLEDO,2021Q4,182
SC-REC,TOLEDO,2022Q1,132
SC-REC,TOLEDO,2022Q2,84
SC-REC,TOLEDO,2022Q3,90
SC-REC,TOLEDO,2022Q4,138
SC-REC,TOLEDO,2023Q1,102
SC-REC,TOLEDO,2023Q2,113
SC-REC,TOLEDO,2023Q3,109
SC-REC,TOLEDO,2023Q4,145
SC-REC,TOLEDO,2024Q1,117
SC-REC,TOLEDO,2024Q2,109
SC-REC,TOLEDO,2024Q3,77
SC-REC,TOLEDO,2024Q4,138
SC-REC,TOLEDO,2025Q1,196
SC-REC,TOLEDO,2025Q2,142
SC-REC,TOLEDO,2025Q3,101
SC-REC,TOLEDO,2025Q4,67
SC-REC,TOLEDO,2026Q1,85
SC-REC,BARCELONA,2021Q1,2904
SC-REC,BARCELONA,2021Q2,2872
SC-REC,BARCELONA,2021Q3,1992
SC-REC,BARCELONA,2021Q4,2408
SC-REC,BARCELONA,2022Q1,3813
SC-REC,BARCELONA,2022Q2,2679
SC-REC,BARCELONA,2022Q3,1438
SC-REC,BARCELONA,2022Q4,2625
SC-REC,BARCELONA,2023Q1,2224
SC-REC,BARCELONA,2023Q2,2580
SC-REC,BARCELONA,2023Q3,1358
SC-REC,BARCELONA,2023Q4,3633
SC-REC,BARCELONA,2024Q1,2166
SC-REC,BARCELONA,2024Q2,2278
SC-REC,BARCELONA,2024Q3,1718
SC-REC,BARCELONA,2024Q4,2244
SC-REC,BARCELONA,2025Q1,2226
SC-REC,BARCELONA,2025Q2,3392
SC-REC,BARCELONA,2025Q3,1395
SC-REC,BARCELONA,2025Q4,1919
SC-REC,BARCELONA,2026Q1,4305
SC-REC,GIRONA,2021Q1,650
SC-REC,GIRONA,2021Q2,567
SC-REC,GIRONA,2021Q3,591
SC-REC,GIRONA,2021Q4,775
SC-REC,GIRONA,2022Q1,751
SC-REC,GIRONA,2022Q2,658
SC-REC,GIRONA,2022Q3,444
SC-REC,GIRONA,2022Q4,630
SC-REC,GIRONA,2023Q1,716
SC-REC,GIRONA,2023Q2,563
SC-REC,GIRONA,2023Q3,530
SC-REC,GIRONA,2023Q4,496
SC-REC,GIRONA,2024Q1,609
SC-REC,GIRONA,2024Q2,535
SC-REC,GIRONA,2024Q3,383
SC-REC,GIRONA,2024Q4,557
SC-REC,GIRONA,2025Q1,601
SC-REC,GIRONA,2025Q2,541
SC-REC,GIRONA,2025Q3,409
SC-REC,GIRONA,2025Q4,580
SC-REC,GIRONA,2026Q1,1481
SC-REC,LLEIDA,2021Q1,287
SC-REC,LLEIDA,2021Q2,211
SC-REC,LLEIDA,2021Q3,179
SC-REC,LLEIDA,2021Q4,173
SC-REC,LLEIDA,2022Q1,259
SC-REC,LLEIDA,2022Q2,321
SC-REC,LLEIDA,2022Q3,200
SC-REC,LLEIDA,2022Q4,173
SC-REC,LLEIDA,2023Q1,200
SC-REC,LLEIDA,2023Q2,263
SC-REC,LLEIDA,2023Q3,103
SC-REC,LLEIDA,2023Q4,143
SC-REC,LLEIDA,2024Q1,149
SC-REC,LLEIDA,2024Q2,134
SC-REC,LLEIDA,2024Q3,108
SC-REC,LLEIDA,2024Q4,150
SC-REC,LLEIDA,2025Q1,145
SC-REC,LLEIDA,2025Q2,111
SC-REC,LLEIDA,2025Q3,76
SC-REC,LLEIDA,2025Q4,44
SC-REC,LLEIDA,2026Q1,131
SC-REC,TARRAGONA,2021Q1,147
SC-REC,TARRAGONA,2021Q2,153
SC-REC,TARRAGONA,2021Q3,82
SC-REC,TARRAGONA,2021Q4,140
SC-REC,TARRAGONA,2022Q1,206
SC-REC,TARRAGONA,2022Q2,334
SC-REC,TARRAGONA,2022Q3,120
SC-REC,TARRAGONA,2022Q4,163
SC-REC,TARRAGONA,2023Q1,64
SC-REC,TARRAGONA,2023Q2,171
SC-REC,TARRAGONA,2023Q3,135
SC-REC,TARRAGONA,2023Q4,146
SC-REC,TARRAGONA,2024Q1,138
SC-REC,TARRAGONA,2024Q2,160
SC-REC,TARRAGONA,2024Q3,79
SC-REC,TARRAGONA,2024Q4,147
SC-REC,TARRAGONA,2025Q1,153
SC-REC,TARRAGONA,2025Q2,122
SC-REC,TARRAGONA,2025Q3,89
SC-REC,TARRAGONA,2025Q4,111
SC-REC,TARRAGONA,2026Q1,382
SC-REC,ALICANTE,2021Q1,1156
SC-REC,ALICANTE,2021Q2,1620
SC-REC,ALICANTE,2021Q3,953
SC-REC,ALICANTE,2021Q4,1216
SC-REC,ALICANTE,2022Q1,1478
SC-REC,ALICANTE,2022Q2,1139
SC-REC,ALICANTE,2022Q3,760
SC-REC,ALICANTE,2022Q4,1019
SC-REC,ALICANTE,2023Q1,623
SC-REC,ALICANTE,2023Q2,911
SC-REC,ALICANTE,2023Q3,747
SC-REC,ALICANTE,2023Q4,832
SC-REC,ALICANTE,2024Q1,841
SC-REC,ALICANTE,2024Q2,849
SC-REC,ALICANTE,2024Q3,553
SC-REC,ALICANTE,2024Q4,658
SC-REC,ALICANTE,2025Q1,751
SC-REC,ALICANTE,2025Q2,734
SC-REC,ALICANTE,2025Q3,506
SC-REC,ALICANTE,2025Q4,573
SC-REC,ALICANTE,2026Q1,724
SC-REC,CASTELLON,2021Q1,422
SC-REC,CASTELLON,2021Q2,371
SC-REC,CASTELLON,2021Q3,244
SC-REC,CASTELLON,2021Q4,370
SC-REC,CASTELLON,2022Q1,357
SC-REC,CASTELLON,2022Q2,457
SC-REC,CASTELLON,2022Q3,273
SC-REC,CASTELLON,2022Q4,425
SC-REC,CASTELLON,2023Q1,354
SC-REC,CASTELLON,2023Q2,255
SC-REC,CASTELLON,2023Q3,158
SC-REC,CASTELLON,2023Q4,321
SC-REC,CASTELLON,2024Q1,266
SC-REC,CASTELLON,2024Q2,264
SC-REC,CASTELLON,2024Q3,211
SC-REC,CASTELLON,2024Q4,274
SC-REC,CASTELLON,2025Q1,270
SC-REC,CASTELLON,2025Q2,259
SC-REC,CASTELLON,2025Q3,170
SC-REC,CASTELLON,2025Q4,237
SC-REC,CASTELLON,2026Q1,337
SC-REC,VALENCIA,2021Q1,1357
SC-REC,VALENCIA,2021Q2,1376
SC-REC,VALENCIA,2021Q3,859
SC-REC,VALENCIA,2021Q4,1220
SC-REC,VALENCIA,2022Q1,1323
SC-REC,VALENCIA,2022Q2,1042
SC-REC,VALENCIA,2022Q3,858
SC-REC,VALENCIA,2022Q4,1041
SC-REC,VALENCIA,2023Q1,1048
SC-REC,VALENCIA,2023Q2,1165
SC-REC,VALENCIA,2023Q3,724
SC-REC,VALENCIA,2023Q4,939
SC-REC,VALENCIA,2024Q1,1069
SC-REC,VALENCIA,2024Q2,1133
SC-REC,VALENCIA,2024Q3,751
SC-REC,VALENCIA,2024Q4,827
SC-REC,VALENCIA,2025Q1,1076
SC-REC,VALENCIA,2025Q2,981
SC-REC,VALENCIA,2025Q3,648
SC-REC,VALENCIA,2025Q4,621
SC-REC,VALENCIA,2026Q1,905
SC-REC,BADAJOZ,2021Q1,65
SC-REC,BADAJOZ,2021Q2,61
SC-REC,BADAJOZ,2021Q3,54
SC-REC,BADAJOZ,2021Q4,68
SC-REC,BADAJOZ,2022Q1,86
SC-REC,BADAJOZ,2022Q2,83
SC-REC,BADAJOZ,2022Q3,57
SC-REC,BADAJOZ,2022Q4,62
SC-REC,BADAJOZ,2023Q1,27
SC-REC,BADAJOZ,2023Q2,50
SC-REC,BADAJOZ,2023Q3,52
SC-REC,BADAJOZ,2023Q4,47
SC-REC,BADAJOZ,2024Q1,81
SC-REC,BADAJOZ,2024Q2,75
SC-REC,BADAJOZ,2024Q3,28
SC-REC,BADAJOZ,2024Q4,54
SC-REC,BADAJOZ,2025Q1,60
SC-REC,BADAJOZ,2025Q2,69
SC-REC,BADAJOZ,2025Q3,55
SC-REC,BADAJOZ,2025Q4,47
SC-REC,BADAJOZ,2026Q1,63
SC-REC,CACERES,2021Q1,38
SC-REC,CACERES,2021Q2,40
SC-REC,CACERES,2021Q3,35
SC-REC,CACERES,2021Q4,24
SC-REC,CACERES,2022Q1,52
SC-REC,CACERES,2022Q2,28
SC-REC,CACERES,2022Q3,12
SC-REC,CACERES,2022Q4,14
SC-REC,CACERES,2023Q1,6
SC-REC,CACERES,2023Q2,20
SC-REC,CACERES,2023Q3,18
SC-REC,CACERES,2023Q4,40
SC-REC,CACERES,2024Q1,15
SC-REC,CACERES,2024Q2,26
SC-REC,CACERES,2024Q3,31
SC-REC,CACERES,2024Q4,25
SC-REC,CACERES,2025Q1,12
SC-REC,CACERES,2025Q2,16
SC-REC,CACERES,2025Q3,12
SC-REC,CACERES,2025Q4,23
SC-REC,CACERES,2026Q1,28
SC-REC,A CORUNA,2021Q1,213
SC-REC,A CORUNA,2021Q2,217
SC-REC,A CORUNA,2021Q3,143
SC-REC,A CORUNA,2021Q4,161
SC-REC,A CORUNA,2022Q1,178
SC-REC,A CORUNA,2022Q2,139
SC-REC,A CORUNA,2022Q3,96
SC-REC,A CORUNA,2022Q4,144
SC-REC,A CORUNA,2023Q1,53
SC-REC,A CORUNA,2023Q2,144
SC-REC,A CORUNA,2023Q3,114
SC-REC,A CORUNA,2023Q4,129
SC-REC,A CORUNA,2024Q1,163
SC-REC,A CORUNA,2024Q2,169
SC-REC,A CORUNA,2024Q3,87
SC-REC,A CORUNA,2024Q4,124
SC-REC,A CORUNA,2025Q1,139
SC-REC,A CORUNA,2025Q2,163
SC-REC,A CORUNA,2025Q3,104
SC-REC,A CORUNA,2025Q4,30
SC-REC,A CORUNA,2026Q1,91
SC-REC,LUGO,2021Q1,25
SC-REC,LUGO,2021Q2,39
SC-REC,LUGO,2021Q3,23
SC-REC,LUGO,2021Q4,21
SC-REC,LUGO,2022Q1,30
SC-REC,LUGO,2022Q2,31
SC-REC,LUGO,2022Q3,18
SC-REC,LUGO,2022Q4,30
SC-REC,LUGO,2023Q1,26
SC-REC,LUGO,2023Q2,22
SC-REC,LUGO,2023Q3,28
SC-REC,LUGO,2023Q4,22
SC-REC,LUGO,2024Q1,17
SC-REC,LUGO,2024Q2,30
SC-REC,LUGO,2024Q3,19
SC-REC,LUGO,2024Q4,20
SC-REC,LUGO,2025Q1,25
SC-REC,LUGO,2025Q2,21
SC-REC,LUGO,2025Q3,19
SC-REC,LUGO,2025Q4,17
SC-REC,LUGO,2026Q1,52
SC-REC,OURENSE,2021Q1,52
SC-REC,OURENSE,2021Q2,35
SC-REC,OURENSE,2021Q3,21
SC-REC,OURENSE,2021Q4,41
SC-REC,OURENSE,2022Q1,47
SC-REC,OURENSE,2022Q2,48
SC-REC,OURENSE,2022Q3,45
SC-REC,OURENSE,2022Q4,26
SC-REC,OURENSE,2023Q1,31
SC-REC,OURENSE,2023Q2,32
SC-REC,OURENSE,2023Q3,13
SC-REC,OURENSE,2023Q4,63
SC-REC,OURENSE,2024Q1,43
SC-REC,OURENSE,2024Q2,55
SC-REC,OURENSE,2024Q3,30
SC-REC,OURENSE,2024Q4,28
SC-REC,OURENSE,2025Q1,32
SC-REC,OURENSE,2025Q2,38
SC-REC,OURENSE,2025Q3,33
SC-REC,OURENSE,2025Q4,4
SC-REC,OURENSE,2026Q1,30
SC-REC,PONTEVEDRA,2021Q1,151
SC-REC,PONTEVEDRA,2021Q2,153
SC-REC,PONTEVEDRA,2021Q3,114
SC-REC,PONTEVEDRA,2021Q4,130
SC-REC,PONTEVEDRA,2022Q1,149
SC-REC,PONTEVEDRA,2022Q2,143
SC-REC,PONTEVEDRA,2022Q3,73
SC-REC,PONTEVEDRA,2022Q4,109
SC-REC,PONTEVEDRA,2023Q1,58
SC-REC,PONTEVEDRA,2023Q2,102
SC-REC,PONTEVEDRA,2023Q3,63
SC-REC,PONTEVEDRA,2023Q4,100
SC-REC,PONTEVEDRA,2024Q1,109
SC-REC,PONTEVEDRA,2024Q2,134
SC-REC,PONTEVEDRA,2024Q3,88
SC-REC,PONTEVEDRA,2024Q4,104
SC-REC,PONTEVEDRA,2025Q1,85
SC-REC,PONTEVEDRA,2025Q2,127
SC-REC,PONTEVEDRA,2025Q3,93
SC-REC,PONTEVEDRA,2025Q4,50
SC-REC,PONTEVEDRA,2026Q1,91
SC-REC,MADRID,2021Q1,2075
SC-REC,MADRID,2021Q2,2012
SC-REC,MADRID,2021Q3,1474
SC-REC,MADRID,2021Q4,1785
SC-REC,MADRID,2022Q1,2149
SC-REC,MADRID,2022Q2,2401
SC-REC,MADRID,2022Q3,1740
SC-REC,MADRID,2022Q4,2101
SC-REC,MADRID,2023Q1,2050
SC-REC,MADRID,2023Q2,1764
SC-REC,MADRID,2023Q3,1268
SC-REC,MADRID,2023Q4,1966
SC-REC,MADRID,2024Q1,2207
SC-REC,MADRID,2024Q2,2303
SC-REC,MADRID,2024Q3,1367
SC-REC,MADRID,2024Q4,1819
SC-REC,MADRID,2025Q1,1930
SC-REC,MADRID,2025Q2,1813
SC-REC,MADRID,2025Q3,1089
SC-REC,MADRID,2025Q4,583
SC-REC,MADRID,2026Q1,1568
SC-REC,MURCIA,2021Q1,512
SC-REC,MURCIA,2021Q2,547
SC-REC,MURCIA,2021Q3,303
SC-REC,MURCIA,2021Q4,467
SC-REC,MURCIA,2022Q1,507
SC-REC,MURCIA,2022Q2,381
SC-REC,MURCIA,2022Q3,264
SC-REC,MURCIA,2022Q4,450
SC-REC,MURCIA,2023Q1,148
SC-REC,MURCIA,2023Q2,212
SC-REC,MURCIA,2023Q3,189
SC-REC,MURCIA,2023Q4,392
SC-REC,MURCIA,2024Q1,343
SC-REC,MURCIA,2024Q2,313
SC-REC,MURCIA,2024Q3,232
SC-REC,MURCIA,2024Q4,282
SC-REC,MURCIA,2025Q1,371
SC-REC,MURCIA,2025Q2,234
SC-REC,MURCIA,2025Q3,299
SC-REC,MURCIA,2025Q4,502
SC-REC,MURCIA,2026Q1,617
SC-REC,NAVARRA,2021Q1,88
SC-REC,NAVARRA,2021Q2,103
SC-REC,NAVARRA,2021Q3,57
SC-REC,NAVARRA,2021Q4,96
SC-REC,NAVARRA,2022Q1,107
SC-REC,NAVARRA,2022Q2,97
SC-REC,NAVARRA,2022Q3,52
SC-REC,NAVARRA,2022Q4,70
SC-REC,NAVARRA,2023Q1,56
SC-REC,NAVARRA,2023Q2,54
SC-REC,NAVARRA,2023Q3,54
SC-REC,NAVARRA,2023Q4,78
SC-REC,NAVARRA,2024Q1,77
SC-REC,NAVARRA,2024Q2,72
SC-REC,NAVARRA,2024Q3,56
SC-REC,NAVARRA,2024Q4,83
SC-REC,NAVARRA,2025Q1,99
SC-REC,NAVARRA,2025Q2,75
SC-REC,NAVARRA,2025Q3,48
SC-REC,NAVARRA,2025Q4,11
SC-REC,NAVARRA,2026Q1,111
SC-REC,ARABA/ALAVA,2021Q1,82
SC-REC,ARABA/ALAVA,2021Q2,102
SC-REC,ARABA/ALAVA,2021Q3,65
SC-REC,ARABA/ALAVA,2021Q4,72
SC-REC,ARABA/ALAVA,2022Q1,76
SC-REC,ARABA/ALAVA,2022Q2,65
SC-REC,ARABA/ALAVA,2022Q3,44
SC-REC,ARABA/ALAVA,2022Q4,72
SC-REC,ARABA/ALAVA,2023Q1,20
SC-REC,ARABA/ALAVA,2023Q2,55
SC-REC,ARABA/ALAVA,2023Q3,69
SC-REC,ARABA/ALAVA,2023Q4,64
SC-REC,ARABA/ALAVA,2024Q1,68
SC-REC,ARABA/ALAVA,2024Q2,58
SC-REC,ARABA/ALAVA,2024Q3,6
SC-REC,ARABA/ALAVA,2024Q4,60
SC-REC,ARABA/ALAVA,2025Q1,68
SC-REC,ARABA/ALAVA,2025Q2,78
SC-REC,ARABA/ALAVA,2025Q3,34
SC-REC,ARABA/ALAVA,2025Q4,102
SC-REC,ARABA/ALAVA,2026Q1,46
SC-REC,GIPUZKOA,2021Q1,74
SC-REC,GIPUZKOA,2021Q2,57
SC-REC,GIPUZKOA,2021Q3,48
SC-REC,GIPUZKOA,2021Q4,49
SC-REC,GIPUZKOA,2022Q1,59
SC-REC,GIPUZKOA,2022Q2,69
SC-REC,GIPUZKOA,2022Q3,50
SC-REC,GIPUZKOA,2022Q4,26
SC-REC,GIPUZKOA,2023Q1,27
SC-REC,GIPUZKOA,2023Q2,72
SC-REC,GIPUZKOA,2023Q3,46
SC-REC,GIPUZKOA,2023Q4,47
SC-REC,GIPUZKOA,2024Q1,66
SC-REC,GIPUZKOA,2024Q2,58
SC-REC,GIPUZKOA,2024Q3,40
SC-REC,GIPUZKOA,2024Q4,53
SC-REC,GIPUZKOA,2025Q1,62
SC-REC,GIPUZKOA,2025Q2,47
SC-REC,GIPUZKOA,2025Q3,36
SC-REC,GIPUZKOA,2025Q4,74
SC-REC,GIPUZKOA,2026Q1,74
SC-REC,BIZKAIA,2021Q1,303
SC-REC,BIZKAIA,2021Q2,300
SC-REC,BIZKAIA,2021Q3,188
SC-REC,BIZKAIA,2021Q4,260
SC-REC,BIZKAIA,2022Q1,257
SC-REC,BIZKAIA,2022Q2,288
SC-REC,BIZKAIA,2022Q3,159
SC-REC,BIZKAIA,2022Q4,217
SC-REC,BIZKAIA,2023Q1,117
SC-REC,BIZKAIA,2023Q2,195
SC-REC,BIZKAIA,2023Q3,137
SC-REC,BIZKAIA,2023Q4,125
SC-REC,BIZKAIA,2024Q1,184
SC-REC,BIZKAIA,2024Q2,206
SC-REC,BIZKAIA,2024Q3,122
SC-REC,BIZKAIA,2024Q4,192
SC-REC,BIZKAIA,2025Q1,214
SC-REC,BIZKAIA,2025Q2,211
SC-REC,BIZKAIA,2025Q3,173
SC-REC,BIZKAIA,2025Q4,98
SC-REC,BIZKAIA,2026Q1,243
SC-REC,LA RIOJA,2021Q1,66
SC-REC,LA RIOJA,2021Q2,44
SC-REC,LA RIOJA,2021Q3,25
SC-REC,LA RIOJA,2021Q4,46
SC-REC,LA RIOJA,2022Q1,32
SC-REC,LA RIOJA,2022Q2,75
SC-REC,LA RIOJA,2022Q3,40
SC-REC,LA RIOJA,2022Q4,49
SC-REC,LA RIOJA,2023Q1,12
SC-REC,LA RIOJA,2023Q2,26
SC-REC,LA RIOJA,2023Q3,28
SC-REC,LA RIOJA,2023Q4,27
SC-REC,LA RIOJA,2024Q1,47
SC-REC,LA RIOJA,2024Q2,37
SC-REC,LA RIOJA,2024Q3,21
SC-REC,LA RIOJA,2024Q4,35
SC-REC,LA RIOJA,2025Q1,42
SC-REC,LA RIOJA,2025Q2,45
SC-REC,LA RIOJA,2025Q3,37
SC-REC,LA RIOJA,2025Q4,1
SC-REC,LA RIOJA,2026Q1,38
SC-REC,TOTAL,2021Q1,18131
SC-REC,TOTAL,2021Q2,18598
SC-REC,TOTAL,2021Q3,12390
SC-REC,TOTAL,2021Q4,16187
SC-REC,TOTAL,2022Q1,19257
SC-REC,TOTAL,2022Q2,17134
SC-REC,TOTAL,2022Q3,11425
SC-REC,TOTAL,2022Q4,15536
SC-REC,TOTAL,2023Q1,12736
SC-REC,TOTAL,2023Q2,13516
SC-REC,TOTAL,2023Q3,9605
SC-REC,TOTAL,2023Q4,14645
SC-REC,TOTAL,2024Q1,13362
SC-REC,TOTAL,2024Q2,13926
SC-REC,TOTAL,2024Q3,9569
SC-REC,TOTAL,2024Q4,12481
SC-REC,TOTAL,2025Q1,13563
SC-REC,TOTAL,2025Q2,13628
SC-REC,TOTAL,2025Q3,8647
SC-REC,TOTAL,2025Q4,8787
SC-REC,TOTAL,2026Q1,16167
SC-POS,ALMERIA,2021Q1,216
SC-POS,ALMERIA,2021Q2,193
SC-POS,ALMERIA,2021Q3,166
SC-POS,ALMERIA,2021Q4,252
SC-POS,ALMERIA,2022Q1,231
SC-POS,ALMERIA,2022Q2,276
SC-POS,ALMERIA,2022Q3,274
SC-POS,ALMERIA,2022Q4,203
SC-POS,ALMERIA,2023Q1,169
SC-POS,ALMERIA,2023Q2,318
SC-POS,ALMERIA,2023Q3,140
SC-POS,ALMERIA,2023Q4,210
SC-POS,ALMERIA,2024Q1,178
SC-POS,ALMERIA,2024Q2,198
SC-POS,ALMERIA,2024Q3,109
SC-POS,ALMERIA,2024Q4,129
SC-POS,ALMERIA,2025Q1,266
SC-POS,ALMERIA,2025Q2,160
SC-POS,ALMERIA,2025Q3,111
SC-POS,ALMERIA,2025Q4,104
SC-POS,ALMERIA,2026Q1,95
SC-POS,CADIZ,2021Q1,292
SC-POS,CADIZ,2021Q2,323
SC-POS,CADIZ,2021Q3,197
SC-POS,CADIZ,2021Q4,272
SC-POS,CADIZ,2022Q1,331
SC-POS,CADIZ,2022Q2,255
SC-POS,CADIZ,2022Q3,204
SC-POS,CADIZ,2022Q4,262
SC-POS,CADIZ,2023Q1,226
SC-POS,CADIZ,2023Q2,108
SC-POS,CADIZ,2023Q3,146
SC-POS,CADIZ,2023Q4,157
SC-POS,CADIZ,2024Q1,156
SC-POS,CADIZ,2024Q2,147
SC-POS,CADIZ,2024Q3,189
SC-POS,CADIZ,2024Q4,216
SC-POS,CADIZ,2025Q1,159
SC-POS,CADIZ,2025Q2,151
SC-POS,CADIZ,2025Q3,120
SC-POS,CADIZ,2025Q4,133
SC-POS,CADIZ,2026Q1,182
SC-POS,CORDOBA,2021Q1,125
SC-POS,CORDOBA,2021Q2,110
SC-POS,CORDOBA,2021Q3,66
SC-POS,CORDOBA,2021Q4,104
SC-POS,CORDOBA,2022Q1,126
SC-POS,CORDOBA,2022Q2,155
SC-POS,CORDOBA,2022Q3,95
SC-POS,CORDOBA,2022Q4,124
SC-POS,CORDOBA,2023Q1,89
SC-POS,CORDOBA,2023Q2,83
SC-POS,CORDOBA,2023Q3,48
SC-POS,CORDOBA,2023Q4,78
SC-POS,CORDOBA,2024Q1,57
SC-POS,CORDOBA,2024Q2,72
SC-POS,CORDOBA,2024Q3,45
SC-POS,CORDOBA,2024Q4,78
SC-POS,CORDOBA,2025Q1,27
SC-POS,CORDOBA,2025Q2,82
SC-POS,CORDOBA,2025Q3,50
SC-POS,CORDOBA,2025Q4,121
SC-POS,CORDOBA,2026Q1,90
SC-POS,GRANADA,2021Q1,212
SC-POS,GRANADA,2021Q2,209
SC-POS,GRANADA,2021Q3,127
SC-POS,GRANADA,2021Q4,200
SC-POS,GRANADA,2022Q1,224
SC-POS,GRANADA,2022Q2,229
SC-POS,GRANADA,2022Q3,146
SC-POS,GRANADA,2022Q4,197
SC-POS,GRANADA,2023Q1,123
SC-POS,GRANADA,2023Q2,56
SC-POS,GRANADA,2023Q3,90
SC-POS,GRANADA,2023Q4,238
SC-POS,GRANADA,2024Q1,172
SC-POS,GRANADA,2024Q2,147
SC-POS,GRANADA,2024Q3,72
SC-POS,GRANADA,2024Q4,148
SC-POS,GRANADA,2025Q1,157
SC-POS,GRANADA,2025Q2,137
SC-POS,GRANADA,2025Q3,82
SC-POS,GRANADA,2025Q4,128
SC-POS,GRANADA,2026Q1,140
SC-POS,HUELVA,2021Q1,143
SC-POS,HUELVA,2021Q2,136
SC-POS,HUELVA,2021Q3,73
SC-POS,HUELVA,2021Q4,147
SC-POS,HUELVA,2022Q1,140
SC-POS,HUELVA,2022Q2,152
SC-POS,HUELVA,2022Q3,114
SC-POS,HUELVA,2022Q4,143
SC-POS,HUELVA,2023Q1,87
SC-POS,HUELVA,2023Q2,111
SC-POS,HUELVA,2023Q3,104
SC-POS,HUELVA,2023Q4,101
SC-POS,HUELVA,2024Q1,98
SC-POS,HUELVA,2024Q2,93
SC-POS,HUELVA,2024Q3,73
SC-POS,HUELVA,2024Q4,75
SC-POS,HUELVA,2025Q1,61
SC-POS,HUELVA,2025Q2,75
SC-POS,HUELVA,2025Q3,30
SC-POS,HUELVA,2025Q4,46
SC-POS,HUELVA,2026Q1,55
SC-POS,JAEN,2021Q1,83
SC-POS,JAEN,2021Q2,87
SC-POS,JAEN,2021Q3,57
SC-POS,JAEN,2021Q4,87
SC-POS,JAEN,2022Q1,60
SC-POS,JAEN,2022Q2,74
SC-POS,JAEN,2022Q3,30
SC-POS,JAEN,2022Q4,98
SC-POS,JAEN,2023Q1,53
SC-POS,JAEN,2023Q2,28
SC-POS,JAEN,2023Q3,38
SC-POS,JAEN,2023Q4,55
SC-POS,JAEN,2024Q1,35
SC-POS,JAEN,2024Q2,60
SC-POS,JAEN,2024Q3,23
SC-POS,JAEN,2024Q4,49
SC-POS,JAEN,2025Q1,44
SC-POS,JAEN,2025Q2,46
SC-POS,JAEN,2025Q3,19
SC-POS,JAEN,2025Q4,59
SC-POS,JAEN,2026Q1,56
SC-POS,MALAGA,2021Q1,507
SC-POS,MALAGA,2021Q2,618
SC-POS,MALAGA,2021Q3,382
SC-POS,MALAGA,2021Q4,531
SC-POS,MALAGA,2022Q1,524
SC-POS,MALAGA,2022Q2,469
SC-POS,MALAGA,2022Q3,255
SC-POS,MALAGA,2022Q4,498
SC-POS,MALAGA,2023Q1,454
SC-POS,MALAGA,2023Q2,335
SC-POS,MALAGA,2023Q3,191
SC-POS,MALAGA,2023Q4,314
SC-POS,MALAGA,2024Q1,305
SC-POS,MALAGA,2024Q2,274
SC-POS,MALAGA,2024Q3,209
SC-POS,MALAGA,2024Q4,345
SC-POS,MALAGA,2025Q1,356
SC-POS,MALAGA,2025Q2,362
SC-POS,MALAGA,2025Q3,271
SC-POS,MALAGA,2025Q4,275
SC-POS,MALAGA,2026Q1,288
SC-POS,SEVILLA,2021Q1,133
SC-POS,SEVILLA,2021Q2,147
SC-POS,SEVILLA,2021Q3,130
SC-POS,SEVILLA,2021Q4,136
SC-POS,SEVILLA,2022Q1,174
SC-POS,SEVILLA,2022Q2,157
SC-POS,SEVILLA,2022Q3,83
SC-POS,SEVILLA,2022Q4,154
SC-POS,SEVILLA,2023Q1,137
SC-POS,SEVILLA,2023Q2,131
SC-POS,SEVILLA,2023Q3,66
SC-POS,SEVILLA,2023Q4,96
SC-POS,SEVILLA,2024Q1,80
SC-POS,SEVILLA,2024Q2,86
SC-POS,SEVILLA,2024Q3,66
SC-POS,SEVILLA,2024Q4,105
SC-POS,SEVILLA,2025Q1,115
SC-POS,SEVILLA,2025Q2,130
SC-POS,SEVILLA,2025Q3,66
SC-POS,SEVILLA,2025Q4,84
SC-POS,SEVILLA,2026Q1,100
SC-POS,HUESCA,2021Q1,
SC-POS,HUESCA,2021Q2,
SC-POS,HUESCA,2021Q3,
SC-POS,HUESCA,2021Q4,
SC-POS,HUESCA,2022Q1,
SC-POS,HUESCA,2022Q2,
SC-POS,HUESCA,2022Q3,
SC-POS,HUESCA,2022Q4,
SC-POS,HUESCA,2023Q1,
SC-POS,HUESCA,2023Q2,
SC-POS,HUESCA,2023Q3,
SC-POS,HUESCA,2023Q4,
SC-POS,HUESCA,2024Q1,
SC-POS,HUESCA,2024Q2,
SC-POS,HUESCA,2024Q3,
SC-POS,HUESCA,2024Q4,
SC-POS,HUESCA,2025Q1,
SC-POS,HUESCA,2025Q2,
SC-POS,HUESCA,2025Q3,15
SC-POS,HUESCA,2025Q4,10
SC-POS,HUESCA,2026Q1,41
SC-POS,TERUEL,2021Q1,
SC-POS,TERUEL,2021Q2,
SC-POS,TERUEL,2021Q3,
SC-POS,TERUEL,2021Q4,
SC-POS,TERUEL,2022Q1,
SC-POS,TERUEL,2022Q2,
SC-POS,TERUEL,2022Q3,
SC-POS,TERUEL,2022Q4,
SC-POS,TERUEL,2023Q1,
SC-POS,TERUEL,2023Q2,
SC-POS,TERUEL,2023Q3,
SC-POS,TERUEL,2023Q4,
SC-POS,TERUEL,2024Q1,
SC-POS,TERUEL,2024Q2,
SC-POS,TERUEL,2024Q3,
SC-POS,TERUEL,2024Q4,
SC-POS,TERUEL,2025Q1,
SC-POS,TERUEL,2025Q2,
SC-POS,TERUEL,2025Q3,0
SC-POS,TERUEL,2025Q4,11
SC-POS,TERUEL,2026Q1,2
SC-POS,ZARAGOZA,2021Q1,226
SC-POS,ZARAGOZA,2021Q2,224
SC-POS,ZARAGOZA,2021Q3,125
SC-POS,ZARAGOZA,2021Q4,184
SC-POS,ZARAGOZA,2022Q1,197
SC-POS,ZARAGOZA,2022Q2,213
SC-POS,ZARAGOZA,2022Q3,139
SC-POS,ZARAGOZA,2022Q4,199
SC-POS,ZARAGOZA,2023Q1,178
SC-POS,ZARAGOZA,2023Q2,190
SC-POS,ZARAGOZA,2023Q3,103
SC-POS,ZARAGOZA,2023Q4,158
SC-POS,ZARAGOZA,2024Q1,48
SC-POS,ZARAGOZA,2024Q2,145
SC-POS,ZARAGOZA,2024Q3,114
SC-POS,ZARAGOZA,2024Q4,166
SC-POS,ZARAGOZA,2025Q1,183
SC-POS,ZARAGOZA,2025Q2,152
SC-POS,ZARAGOZA,2025Q3,131
SC-POS,ZARAGOZA,2025Q4,7
SC-POS,ZARAGOZA,2026Q1,161
SC-POS,ASTURIAS,2021Q1,166
SC-POS,ASTURIAS,2021Q2,230
SC-POS,ASTURIAS,2021Q3,93
SC-POS,ASTURIAS,2021Q4,108
SC-POS,ASTURIAS,2022Q1,132
SC-POS,ASTURIAS,2022Q2,163
SC-POS,ASTURIAS,2022Q3,93
SC-POS,ASTURIAS,2022Q4,149
SC-POS,ASTURIAS,2023Q1,90
SC-POS,ASTURIAS,2023Q2,52
SC-POS,ASTURIAS,2023Q3,53
SC-POS,ASTURIAS,2023Q4,123
SC-POS,ASTURIAS,2024Q1,141
SC-POS,ASTURIAS,2024Q2,165
SC-POS,ASTURIAS,2024Q3,70
SC-POS,ASTURIAS,2024Q4,145
SC-POS,ASTURIAS,2025Q1,107
SC-POS,ASTURIAS,2025Q2,134
SC-POS,ASTURIAS,2025Q3,89
SC-POS,ASTURIAS,2025Q4,132
SC-POS,ASTURIAS,2026Q1,162
SC-POS,ILLES BALEARS,2021Q1,465
SC-POS,ILLES BALEARS,2021Q2,426
SC-POS,ILLES BALEARS,2021Q3,319
SC-POS,ILLES BALEARS,2021Q4,323
SC-POS,ILLES BALEARS,2022Q1,431
SC-POS,ILLES BALEARS,2022Q2,365
SC-POS,ILLES BALEARS,2022Q3,276
SC-POS,ILLES BALEARS,2022Q4,395
SC-POS,ILLES BALEARS,2023Q1,304
SC-POS,ILLES BALEARS,2023Q2,282
SC-POS,ILLES BALEARS,2023Q3,243
SC-POS,ILLES BALEARS,2023Q4,259
SC-POS,ILLES BALEARS,2024Q1,242
SC-POS,ILLES BALEARS,2024Q2,397
SC-POS,ILLES BALEARS,2024Q3,248
SC-POS,ILLES BALEARS,2024Q4,315
SC-POS,ILLES BALEARS,2025Q1,284
SC-POS,ILLES BALEARS,2025Q2,319
SC-POS,ILLES BALEARS,2025Q3,203
SC-POS,ILLES BALEARS,2025Q4,126
SC-POS,ILLES BALEARS,2026Q1,342
SC-POS,LAS PALMAS,2021Q1,92
SC-POS,LAS PALMAS,2021Q2,106
SC-POS,LAS PALMAS,2021Q3,74
SC-POS,LAS PALMAS,2021Q4,73
SC-POS,LAS PALMAS,2022Q1,72
SC-POS,LAS PALMAS,2022Q2,86
SC-POS,LAS PALMAS,2022Q3,57
SC-POS,LAS PALMAS,2022Q4,49
SC-POS,LAS PALMAS,2023Q1,30
SC-POS,LAS PALMAS,2023Q2,47
SC-POS,LAS PALMAS,2023Q3,63
SC-POS,LAS PALMAS,2023Q4,73
SC-POS,LAS PALMAS,2024Q1,49
SC-POS,LAS PALMAS,2024Q2,87
SC-POS,LAS PALMAS,2024Q3,43
SC-POS,LAS PALMAS,2024Q4,50
SC-POS,LAS PALMAS,2025Q1,57
SC-POS,LAS PALMAS,2025Q2,59
SC-POS,LAS PALMAS,2025Q3,47
SC-POS,LAS PALMAS,2025Q4,8
SC-POS,LAS PALMAS,2026Q1,100
SC-POS,SANTA CRUZ DE TENERIFE,2021Q1,85
SC-POS,SANTA CRUZ DE TENERIFE,2021Q2,63
SC-POS,SANTA CRUZ DE TENERIFE,2021Q3,47
SC-POS,SANTA CRUZ DE TENERIFE,2021Q4,63
SC-POS,SANTA CRUZ DE TENERIFE,2022Q1,52
SC-POS,SANTA CRUZ DE TENERIFE,2022Q2,61
SC-POS,SANTA CRUZ DE TENERIFE,2022Q3,54
SC-POS,SANTA CRUZ DE TENERIFE,2022Q4,47
SC-POS,SANTA CRUZ DE TENERIFE,2023Q1,18
SC-POS,SANTA CRUZ DE TENERIFE,2023Q2,22
SC-POS,SANTA CRUZ DE TENERIFE,2023Q3,20
SC-POS,SANTA CRUZ DE TENERIFE,2023Q4,66
SC-POS,SANTA CRUZ DE TENERIFE,2024Q1,68
SC-POS,SANTA CRUZ DE TENERIFE,2024Q2,56
SC-POS,SANTA CRUZ DE TENERIFE,2024Q3,48
SC-POS,SANTA CRUZ DE TENERIFE,2024Q4,39
SC-POS,SANTA CRUZ DE TENERIFE,2025Q1,34
SC-POS,SANTA CRUZ DE TENERIFE,2025Q2,61
SC-POS,SANTA CRUZ DE TENERIFE,2025Q3,36
SC-POS,SANTA CRUZ DE TENERIFE,2025Q4,59
SC-POS,SANTA CRUZ DE TENERIFE,2026Q1,163
SC-POS,CANTABRIA,2021Q1,86
SC-POS,CANTABRIA,2021Q2,90
SC-POS,CANTABRIA,2021Q3,39
SC-POS,CANTABRIA,2021Q4,51
SC-POS,CANTABRIA,2022Q1,60
SC-POS,CANTABRIA,2022Q2,65
SC-POS,CANTABRIA,2022Q3,36
SC-POS,CANTABRIA,2022Q4,41
SC-POS,CANTABRIA,2023Q1,28
SC-POS,CANTABRIA,2023Q2,5
SC-POS,CANTABRIA,2023Q3,16
SC-POS,CANTABRIA,2023Q4,48
SC-POS,CANTABRIA,2024Q1,48
SC-POS,CANTABRIA,2024Q2,50
SC-POS,CANTABRIA,2024Q3,38
SC-POS,CANTABRIA,2024Q4,54
SC-POS,CANTABRIA,2025Q1,86
SC-POS,CANTABRIA,2025Q2,46
SC-POS,CANTABRIA,2025Q3,52
SC-POS,CANTABRIA,2025Q4,19
SC-POS,CANTABRIA,2026Q1,54
SC-POS,AVILA,2021Q1,
SC-POS,AVILA,2021Q2,
SC-POS,AVILA,2021Q3,
SC-POS,AVILA,2021Q4,
SC-POS,AVILA,2022Q1,
SC-POS,AVILA,2022Q2,
SC-POS,AVILA,2022Q3,
SC-POS,AVILA,2022Q4,
SC-POS,AVILA,2023Q1,
SC-POS,AVILA,2023Q2,
SC-POS,AVILA,2023Q3,
SC-POS,AVILA,2023Q4,
SC-POS,AVILA,2024Q1,
SC-POS,AVILA,2024Q2,
SC-POS,AVILA,2024Q3,
SC-POS,AVILA,2024Q4,
SC-POS,AVILA,2025Q1,
SC-POS,AVILA,2025Q2,
SC-POS,AVILA,2025Q3,6
SC-POS,AVILA,2025Q4,0
SC-POS,AVILA,2026Q1,3
SC-POS,BURGOS,2021Q1,32
SC-POS,BURGOS,2021Q2,28
SC-POS,BURGOS,2021Q3,29
SC-POS,BURGOS,2021Q4,33
SC-POS,BURGOS,2022Q1,21
SC-POS,BURGOS,2022Q2,24
SC-POS,BURGOS,2022Q3,17
SC-POS,BURGOS,2022Q4,19
SC-POS,BURGOS,2023Q1,39
SC-POS,BURGOS,2023Q2,16
SC-POS,BURGOS,2023Q3,16
SC-POS,BURGOS,2023Q4,16
SC-POS,BURGOS,2024Q1,36
SC-POS,BURGOS,2024Q2,23
SC-POS,BURGOS,2024Q3,9
SC-POS,BURGOS,2024Q4,28
SC-POS,BURGOS,2025Q1,22
SC-POS,BURGOS,2025Q2,20
SC-POS,BURGOS,2025Q3,9
SC-POS,BURGOS,2025Q4,16
SC-POS,BURGOS,2026Q1,34
SC-POS,LEON,2021Q1,97
SC-POS,LEON,2021Q2,138
SC-POS,LEON,2021Q3,78
SC-POS,LEON,2021Q4,91
SC-POS,LEON,2022Q1,105
SC-POS,LEON,2022Q2,88
SC-POS,LEON,2022Q3,70
SC-POS,LEON,2022Q4,89
SC-POS,LEON,2023Q1,33
SC-POS,LEON,2023Q2,52
SC-POS,LEON,2023Q3,51
SC-POS,LEON,2023Q4,133
SC-POS,LEON,2024Q1,94
SC-POS,LEON,2024Q2,98
SC-POS,LEON,2024Q3,66
SC-POS,LEON,2024Q4,83
SC-POS,LEON,2025Q1,79
SC-POS,LEON,2025Q2,74
SC-POS,LEON,2025Q3,86
SC-POS,LEON,2025Q4,69
SC-POS,LEON,2026Q1,58
SC-POS,PALENCIA,2021Q1,21
SC-POS,PALENCIA,2021Q2,32
SC-POS,PALENCIA,2021Q3,11
SC-POS,PALENCIA,2021Q4,5
SC-POS,PALENCIA,2022Q1,20
SC-POS,PALENCIA,2022Q2,12
SC-POS,PALENCIA,2022Q3,26
SC-POS,PALENCIA,2022Q4,40
SC-POS,PALENCIA,2023Q1,10
SC-POS,PALENCIA,2023Q2,30
SC-POS,PALENCIA,2023Q3,20
SC-POS,PALENCIA,2023Q4,14
SC-POS,PALENCIA,2024Q1,11
SC-POS,PALENCIA,2024Q2,20
SC-POS,PALENCIA,2024Q3,11
SC-POS,PALENCIA,2024Q4,14
SC-POS,PALENCIA,2025Q1,9
SC-POS,PALENCIA,2025Q2,26
SC-POS,PALENCIA,2025Q3,6
SC-POS,PALENCIA,2025Q4,32
SC-POS,PALENCIA,2026Q1,14
SC-POS,SALAMANCA,2021Q1,53
SC-POS,SALAMANCA,2021Q2,67
SC-POS,SALAMANCA,2021Q3,48
SC-POS,SALAMANCA,2021Q4,45
SC-POS,SALAMANCA,2022Q1,56
SC-POS,SALAMANCA,2022Q2,60
SC-POS,SALAMANCA,2022Q3,21
SC-POS,SALAMANCA,2022Q4,53
SC-POS,SALAMANCA,2023Q1,43
SC-POS,SALAMANCA,2023Q2,22
SC-POS,SALAMANCA,2023Q3,32
SC-POS,SALAMANCA,2023Q4,44
SC-POS,SALAMANCA,2024Q1,44
SC-POS,SALAMANCA,2024Q2,46
SC-POS,SALAMANCA,2024Q3,23
SC-POS,SALAMANCA,2024Q4,58
SC-POS,SALAMANCA,2025Q1,35
SC-POS,SALAMANCA,2025Q2,31
SC-POS,SALAMANCA,2025Q3,22
SC-POS,SALAMANCA,2025Q4,36
SC-POS,SALAMANCA,2026Q1,36
SC-POS,SEGOVIA,2021Q1,
SC-POS,SEGOVIA,2021Q2,
SC-POS,SEGOVIA,2021Q3,
SC-POS,SEGOVIA,2021Q4,
SC-POS,SEGOVIA,2022Q1,
SC-POS,SEGOVIA,2022Q2,
SC-POS,SEGOVIA,2022Q3,
SC-POS,SEGOVIA,2022Q4,
SC-POS,SEGOVIA,2023Q1,
SC-POS,SEGOVIA,2023Q2,
SC-POS,SEGOVIA,2023Q3,
SC-POS,SEGOVIA,2023Q4,0
SC-POS,SEGOVIA,2024Q1,5
SC-POS,SEGOVIA,2024Q2,11
SC-POS,SEGOVIA,2024Q3,4
SC-POS,SEGOVIA,2024Q4,15
SC-POS,SEGOVIA,2025Q1,0
SC-POS,SEGOVIA,2025Q2,10
SC-POS,SEGOVIA,2025Q3,10
SC-POS,SEGOVIA,2025Q4,12
SC-POS,SEGOVIA,2026Q1,3
SC-POS,SORIA,2021Q1,
SC-POS,SORIA,2021Q2,
SC-POS,SORIA,2021Q3,
SC-POS,SORIA,2021Q4,
SC-POS,SORIA,2022Q1,
SC-POS,SORIA,2022Q2,
SC-POS,SORIA,2022Q3,
SC-POS,SORIA,2022Q4,
SC-POS,SORIA,2023Q1,
SC-POS,SORIA,2023Q2,
SC-POS,SORIA,2023Q3,
SC-POS,SORIA,2023Q4,
SC-POS,SORIA,2024Q1,
SC-POS,SORIA,2024Q2,
SC-POS,SORIA,2024Q3,
SC-POS,SORIA,2024Q4,
SC-POS,SORIA,2025Q1,
SC-POS,SORIA,2025Q2,
SC-POS,SORIA,2025Q3,1
SC-POS,SORIA,2025Q4,1
SC-POS,SORIA,2026Q1,1
SC-POS,VALLADOLID,2021Q1,201
SC-POS,VALLADOLID,2021Q2,155
SC-POS,VALLADOLID,2021Q3,65
SC-POS,VALLADOLID,2021Q4,85
SC-POS,VALLADOLID,2022Q1,289
SC-POS,VALLADOLID,2022Q2,341
SC-POS,VALLADOLID,2022Q3,210
SC-POS,VALLADOLID,2022Q4,99
SC-POS,VALLADOLID,2023Q1,49
SC-POS,VALLADOLID,2023Q2,45
SC-POS,VALLADOLID,2023Q3,72
SC-POS,VALLADOLID,2023Q4,45
SC-POS,VALLADOLID,2024Q1,98
SC-POS,VALLADOLID,2024Q2,92
SC-POS,VALLADOLID,2024Q3,92
SC-POS,VALLADOLID,2024Q4,83
SC-POS,VALLADOLID,2025Q1,142
SC-POS,VALLADOLID,2025Q2,148
SC-POS,VALLADOLID,2025Q3,81
SC-POS,VALLADOLID,2025Q4,3
SC-POS,VALLADOLID,2026Q1,37
SC-POS,ZAMORA,2021Q1,40
SC-POS,ZAMORA,2021Q2,27
SC-POS,ZAMORA,2021Q3,20
SC-POS,ZAMORA,2021Q4,21
SC-POS,ZAMORA,2022Q1,18
SC-POS,ZAMORA,2022Q2,48
SC-POS,ZAMORA,2022Q3,21
SC-POS,ZAMORA,2022Q4,42
SC-POS,ZAMORA,2023Q1,20
SC-POS,ZAMORA,2023Q2,34
SC-POS,ZAMORA,2023Q3,13
SC-POS,ZAMORA,2023Q4,35
SC-POS,ZAMORA,2024Q1,33
SC-POS,ZAMORA,2024Q2,3
SC-POS,ZAMORA,2024Q3,15
SC-POS,ZAMORA,2024Q4,28
SC-POS,ZAMORA,2025Q1,22
SC-POS,ZAMORA,2025Q2,24
SC-POS,ZAMORA,2025Q3,25
SC-POS,ZAMORA,2025Q4,1
SC-POS,ZAMORA,2026Q1,26
SC-POS,ALBACETE,2021Q1,35
SC-POS,ALBACETE,2021Q2,29
SC-POS,ALBACETE,2021Q3,25
SC-POS,ALBACETE,2021Q4,21
SC-POS,ALBACETE,2022Q1,27
SC-POS,ALBACETE,2022Q2,48
SC-POS,ALBACETE,2022Q3,18
SC-POS,ALBACETE,2022Q4,27
SC-POS,ALBACETE,2023Q1,9
SC-POS,ALBACETE,2023Q2,17
SC-POS,ALBACETE,2023Q3,16
SC-POS,ALBACETE,2023Q4,11
SC-POS,ALBACETE,2024Q1,41
SC-POS,ALBACETE,2024Q2,34
SC-POS,ALBACETE,2024Q3,25
SC-POS,ALBACETE,2024Q4,25
SC-POS,ALBACETE,2025Q1,33
SC-POS,ALBACETE,2025Q2,37
SC-POS,ALBACETE,2025Q3,15
SC-POS,ALBACETE,2025Q4,4
SC-POS,ALBACETE,2026Q1,53
SC-POS,CIUDAD REAL,2021Q1,43
SC-POS,CIUDAD REAL,2021Q2,15
SC-POS,CIUDAD REAL,2021Q3,28
SC-POS,CIUDAD REAL,2021Q4,68
SC-POS,CIUDAD REAL,2022Q1,73
SC-POS,CIUDAD REAL,2022Q2,41
SC-POS,CIUDAD REAL,2022Q3,28
SC-POS,CIUDAD REAL,2022Q4,22
SC-POS,CIUDAD REAL,2023Q1,16
SC-POS,CIUDAD REAL,2023Q2,13
SC-POS,CIUDAD REAL,2023Q3,28
SC-POS,CIUDAD REAL,2023Q4,18
SC-POS,CIUDAD REAL,2024Q1,15
SC-POS,CIUDAD REAL,2024Q2,14
SC-POS,CIUDAD REAL,2024Q3,29
SC-POS,CIUDAD REAL,2024Q4,15
SC-POS,CIUDAD REAL,2025Q1,16
SC-POS,CIUDAD REAL,2025Q2,18
SC-POS,CIUDAD REAL,2025Q3,36
SC-POS,CIUDAD REAL,2025Q4,25
SC-POS,CIUDAD REAL,2026Q1,28
SC-POS,CUENCA,2021Q1,18
SC-POS,CUENCA,2021Q2,23
SC-POS,CUENCA,2021Q3,11
SC-POS,CUENCA,2021Q4,14
SC-POS,CUENCA,2022Q1,16
SC-POS,CUENCA,2022Q2,13
SC-POS,CUENCA,2022Q3,2
SC-POS,CUENCA,2022Q4,15
SC-POS,CUENCA,2023Q1,15
SC-POS,CUENCA,2023Q2,2
SC-POS,CUENCA,2023Q3,12
SC-POS,CUENCA,2023Q4,8
SC-POS,CUENCA,2024Q1,17
SC-POS,CUENCA,2024Q2,7
SC-POS,CUENCA,2024Q3,11
SC-POS,CUENCA,2024Q4,5
SC-POS,CUENCA,2025Q1,15
SC-POS,CUENCA,2025Q2,23
SC-POS,CUENCA,2025Q3,12
SC-POS,CUENCA,2025Q4,11
SC-POS,CUENCA,2026Q1,19
SC-POS,GUADALAJARA,2021Q1,82
SC-POS,GUADALAJARA,2021Q2,95
SC-POS,GUADALAJARA,2021Q3,58
SC-POS,GUADALAJARA,2021Q4,76
SC-POS,GUADALAJARA,2022Q1,83
SC-POS,GUADALAJARA,2022Q2,69
SC-POS,GUADALAJARA,2022Q3,54
SC-POS,GUADALAJARA,2022Q4,53
SC-POS,GUADALAJARA,2023Q1,8
SC-POS,GUADALAJARA,2023Q2,4
SC-POS,GUADALAJARA,2023Q3,18
SC-POS,GUADALAJARA,2023Q4,35
SC-POS,GUADALAJARA,2024Q1,55
SC-POS,GUADALAJARA,2024Q2,45
SC-POS,GUADALAJARA,2024Q3,25
SC-POS,GUADALAJARA,2024Q4,40
SC-POS,GUADALAJARA,2025Q1,25
SC-POS,GUADALAJARA,2025Q2,26
SC-POS,GUADALAJARA,2025Q3,38
SC-POS,GUADALAJARA,2025Q4,2
SC-POS,GUADALAJARA,2026Q1,23
SC-POS,TOLEDO,2021Q1,87
SC-POS,TOLEDO,2021Q2,119
SC-POS,TOLEDO,2021Q3,95
SC-POS,TOLEDO,2021Q4,79
SC-POS,TOLEDO,2022Q1,64
SC-POS,TOLEDO,2022Q2,60
SC-POS,TOLEDO,2022Q3,39
SC-POS,TOLEDO,2022Q4,66
SC-POS,TOLEDO,2023Q1,34
SC-POS,TOLEDO,2023Q2,28
SC-POS,TOLEDO,2023Q3,38
SC-POS,TOLEDO,2023Q4,37
SC-POS,TOLEDO,2024Q1,83
SC-POS,TOLEDO,2024Q2,66
SC-POS,TOLEDO,2024Q3,26
SC-POS,TOLEDO,2024Q4,44
SC-POS,TOLEDO,2025Q1,53
SC-POS,TOLEDO,2025Q2,47
SC-POS,TOLEDO,2025Q3,40
SC-POS,TOLEDO,2025Q4,24
SC-POS,TOLEDO,2026Q1,50
SC-POS,BARCELONA,2021Q1,1184
SC-POS,BARCELONA,2021Q2,1228
SC-POS,BARCELONA,2021Q3,680
SC-POS,BARCELONA,2021Q4,1106
SC-POS,BARCELONA,2022Q1,1250
SC-POS,BARCELONA,2022Q2,1327
SC-POS,BARCELONA,2022Q3,869
SC-POS,BARCELONA,2022Q4,1033
SC-POS,BARCELONA,2023Q1,1003
SC-POS,BARCELONA,2023Q2,1157
SC-POS,BARCELONA,2023Q3,679
SC-POS,BARCELONA,2023Q4,1366
SC-POS,BARCELONA,2024Q1,898
SC-POS,BARCELONA,2024Q2,918
SC-POS,BARCELONA,2024Q3,792
SC-POS,BARCELONA,2024Q4,1078
SC-POS,BARCELONA,2025Q1,1117
SC-POS,BARCELONA,2025Q2,2408
SC-POS,BARCELONA,2025Q3,576
SC-POS,BARCELONA,2025Q4,601
SC-POS,BARCELONA,2026Q1,1809
SC-POS,GIRONA,2021Q1,254
SC-POS,GIRONA,2021Q2,279
SC-POS,GIRONA,2021Q3,163
SC-POS,GIRONA,2021Q4,225
SC-POS,GIRONA,2022Q1,205
SC-POS,GIRONA,2022Q2,198
SC-POS,GIRONA,2022Q3,122
SC-POS,GIRONA,2022Q4,145
SC-POS,GIRONA,2023Q1,93
SC-POS,GIRONA,2023Q2,196
SC-POS,GIRONA,2023Q3,105
SC-POS,GIRONA,2023Q4,188
SC-POS,GIRONA,2024Q1,166
SC-POS,GIRONA,2024Q2,204
SC-POS,GIRONA,2024Q3,160
SC-POS,GIRONA,2024Q4,209
SC-POS,GIRONA,2025Q1,238
SC-POS,GIRONA,2025Q2,281
SC-POS,GIRONA,2025Q3,202
SC-POS,GIRONA,2025Q4,140
SC-POS,GIRONA,2026Q1,612
SC-POS,LLEIDA,2021Q1,109
SC-POS,LLEIDA,2021Q2,110
SC-POS,LLEIDA,2021Q3,92
SC-POS,LLEIDA,2021Q4,102
SC-POS,LLEIDA,2022Q1,114
SC-POS,LLEIDA,2022Q2,178
SC-POS,LLEIDA,2022Q3,88
SC-POS,LLEIDA,2022Q4,92
SC-POS,LLEIDA,2023Q1,109
SC-POS,LLEIDA,2023Q2,126
SC-POS,LLEIDA,2023Q3,56
SC-POS,LLEIDA,2023Q4,87
SC-POS,LLEIDA,2024Q1,81
SC-POS,LLEIDA,2024Q2,66
SC-POS,LLEIDA,2024Q3,68
SC-POS,LLEIDA,2024Q4,82
SC-POS,LLEIDA,2025Q1,84
SC-POS,LLEIDA,2025Q2,64
SC-POS,LLEIDA,2025Q3,44
SC-POS,LLEIDA,2025Q4,8
SC-POS,LLEIDA,2026Q1,65
SC-POS,TARRAGONA,2021Q1,70
SC-POS,TARRAGONA,2021Q2,70
SC-POS,TARRAGONA,2021Q3,37
SC-POS,TARRAGONA,2021Q4,62
SC-POS,TARRAGONA,2022Q1,95
SC-POS,TARRAGONA,2022Q2,81
SC-POS,TARRAGONA,2022Q3,50
SC-POS,TARRAGONA,2022Q4,80
SC-POS,TARRAGONA,2023Q1,26
SC-POS,TARRAGONA,2023Q2,56
SC-POS,TARRAGONA,2023Q3,103
SC-POS,TARRAGONA,2023Q4,47
SC-POS,TARRAGONA,2024Q1,66
SC-POS,TARRAGONA,2024Q2,65
SC-POS,TARRAGONA,2024Q3,45
SC-POS,TARRAGONA,2024Q4,87
SC-POS,TARRAGONA,2025Q1,82
SC-POS,TARRAGONA,2025Q2,78
SC-POS,TARRAGONA,2025Q3,56
SC-POS,TARRAGONA,2025Q4,70
SC-POS,TARRAGONA,2026Q1,131
SC-POS,ALICANTE,2021Q1,727
SC-POS,ALICANTE,2021Q2,795
SC-POS,ALICANTE,2021Q3,472
SC-POS,ALICANTE,2021Q4,772
SC-POS,ALICANTE,2022Q1,704
SC-POS,ALICANTE,2022Q2,691
SC-POS,ALICANTE,2022Q3,347
SC-POS,ALICANTE,2022Q4,523
SC-POS,ALICANTE,2023Q1,375
SC-POS,ALICANTE,2023Q2,486
SC-POS,ALICANTE,2023Q3,364
SC-POS,ALICANTE,2023Q4,401
SC-POS,ALICANTE,2024Q1,431
SC-POS,ALICANTE,2024Q2,446
SC-POS,ALICANTE,2024Q3,278
SC-POS,ALICANTE,2024Q4,410
SC-POS,ALICANTE,2025Q1,378
SC-POS,ALICANTE,2025Q2,490
SC-POS,ALICANTE,2025Q3,269
SC-POS,ALICANTE,2025Q4,362
SC-POS,ALICANTE,2026Q1,360
SC-POS,CASTELLON,2021Q1,240
SC-POS,CASTELLON,2021Q2,219
SC-POS,CASTELLON,2021Q3,111
SC-POS,CASTELLON,2021Q4,258
SC-POS,CASTELLON,2022Q1,174
SC-POS,CASTELLON,2022Q2,233
SC-POS,CASTELLON,2022Q3,137
SC-POS,CASTELLON,2022Q4,220
SC-POS,CASTELLON,2023Q1,208
SC-POS,CASTELLON,2023Q2,151
SC-POS,CASTELLON,2023Q3,82
SC-POS,CASTELLON,2023Q4,164
SC-POS,CASTELLON,2024Q1,184
SC-POS,CASTELLON,2024Q2,121
SC-POS,CASTELLON,2024Q3,131
SC-POS,CASTELLON,2024Q4,138
SC-POS,CASTELLON,2025Q1,152
SC-POS,CASTELLON,2025Q2,138
SC-POS,CASTELLON,2025Q3,97
SC-POS,CASTELLON,2025Q4,95
SC-POS,CASTELLON,2026Q1,123
SC-POS,VALENCIA,2021Q1,794
SC-POS,VALENCIA,2021Q2,721
SC-POS,VALENCIA,2021Q3,514
SC-POS,VALENCIA,2021Q4,628
SC-POS,VALENCIA,2022Q1,722
SC-POS,VALENCIA,2022Q2,614
SC-POS,VALENCIA,2022Q3,343
SC-POS,VALENCIA,2022Q4,572
SC-POS,VALENCIA,2023Q1,451
SC-POS,VALENCIA,2023Q2,613
SC-POS,VALENCIA,2023Q3,372
SC-POS,VALENCIA,2023Q4,465
SC-POS,VALENCIA,2024Q1,532
SC-POS,VALENCIA,2024Q2,599
SC-POS,VALENCIA,2024Q3,336
SC-POS,VALENCIA,2024Q4,436
SC-POS,VALENCIA,2025Q1,507
SC-POS,VALENCIA,2025Q2,478
SC-POS,VALENCIA,2025Q3,378
SC-POS,VALENCIA,2025Q4,331
SC-POS,VALENCIA,2026Q1,523
SC-POS,BADAJOZ,2021Q1,49
SC-POS,BADAJOZ,2021Q2,37
SC-POS,BADAJOZ,2021Q3,42
SC-POS,BADAJOZ,2021Q4,44
SC-POS,BADAJOZ,2022Q1,45
SC-POS,BADAJOZ,2022Q2,47
SC-POS,BADAJOZ,2022Q3,29
SC-POS,BADAJOZ,2022Q4,29
SC-POS,BADAJOZ,2023Q1,12
SC-POS,BADAJOZ,2023Q2,12
SC-POS,BADAJOZ,2023Q3,26
SC-POS,BADAJOZ,2023Q4,25
SC-POS,BADAJOZ,2024Q1,26
SC-POS,BADAJOZ,2024Q2,51
SC-POS,BADAJOZ,2024Q3,19
SC-POS,BADAJOZ,2024Q4,39
SC-POS,BADAJOZ,2025Q1,33
SC-POS,BADAJOZ,2025Q2,42
SC-POS,BADAJOZ,2025Q3,27
SC-POS,BADAJOZ,2025Q4,34
SC-POS,BADAJOZ,2026Q1,38
SC-POS,CACERES,2021Q1,20
SC-POS,CACERES,2021Q2,20
SC-POS,CACERES,2021Q3,10
SC-POS,CACERES,2021Q4,23
SC-POS,CACERES,2022Q1,32
SC-POS,CACERES,2022Q2,32
SC-POS,CACERES,2022Q3,11
SC-POS,CACERES,2022Q4,18
SC-POS,CACERES,2023Q1,1
SC-POS,CACERES,2023Q2,12
SC-POS,CACERES,2023Q3,4
SC-POS,CACERES,2023Q4,6
SC-POS,CACERES,2024Q1,19
SC-POS,CACERES,2024Q2,10
SC-POS,CACERES,2024Q3,6
SC-POS,CACERES,2024Q4,10
SC-POS,CACERES,2025Q1,4
SC-POS,CACERES,2025Q2,9
SC-POS,CACERES,2025Q3,7
SC-POS,CACERES,2025Q4,5
SC-POS,CACERES,2026Q1,12
SC-POS,A CORUNA,2021Q1,163
SC-POS,A CORUNA,2021Q2,138
SC-POS,A CORUNA,2021Q3,98
SC-POS,A CORUNA,2021Q4,131
SC-POS,A CORUNA,2022Q1,129
SC-POS,A CORUNA,2022Q2,113
SC-POS,A CORUNA,2022Q3,65
SC-POS,A CORUNA,2022Q4,100
SC-POS,A CORUNA,2023Q1,48
SC-POS,A CORUNA,2023Q2,94
SC-POS,A CORUNA,2023Q3,92
SC-POS,A CORUNA,2023Q4,99
SC-POS,A CORUNA,2024Q1,101
SC-POS,A CORUNA,2024Q2,135
SC-POS,A CORUNA,2024Q3,61
SC-POS,A CORUNA,2024Q4,86
SC-POS,A CORUNA,2025Q1,92
SC-POS,A CORUNA,2025Q2,109
SC-POS,A CORUNA,2025Q3,85
SC-POS,A CORUNA,2025Q4,14
SC-POS,A CORUNA,2026Q1,69
SC-POS,LUGO,2021Q1,22
SC-POS,LUGO,2021Q2,37
SC-POS,LUGO,2021Q3,21
SC-POS,LUGO,2021Q4,14
SC-POS,LUGO,2022Q1,22
SC-POS,LUGO,2022Q2,29
SC-POS,LUGO,2022Q3,15
SC-POS,LUGO,2022Q4,27
SC-POS,LUGO,2023Q1,24
SC-POS,LUGO,2023Q2,20
SC-POS,LUGO,2023Q3,25
SC-POS,LUGO,2023Q4,17
SC-POS,LUGO,2024Q1,20
SC-POS,LUGO,2024Q2,22
SC-POS,LUGO,2024Q3,20
SC-POS,LUGO,2024Q4,22
SC-POS,LUGO,2025Q1,17
SC-POS,LUGO,2025Q2,19
SC-POS,LUGO,2025Q3,15
SC-POS,LUGO,2025Q4,11
SC-POS,LUGO,2026Q1,28
SC-POS,OURENSE,2021Q1,51
SC-POS,OURENSE,2021Q2,22
SC-POS,OURENSE,2021Q3,13
SC-POS,OURENSE,2021Q4,30
SC-POS,OURENSE,2022Q1,40
SC-POS,OURENSE,2022Q2,47
SC-POS,OURENSE,2022Q3,21
SC-POS,OURENSE,2022Q4,20
SC-POS,OURENSE,2023Q1,18
SC-POS,OURENSE,2023Q2,23
SC-POS,OURENSE,2023Q3,9
SC-POS,OURENSE,2023Q4,31
SC-POS,OURENSE,2024Q1,22
SC-POS,OURENSE,2024Q2,59
SC-POS,OURENSE,2024Q3,26
SC-POS,OURENSE,2024Q4,24
SC-POS,OURENSE,2025Q1,34
SC-POS,OURENSE,2025Q2,24
SC-POS,OURENSE,2025Q3,30
SC-POS,OURENSE,2025Q4,3
SC-POS,OURENSE,2026Q1,17
SC-POS,PONTEVEDRA,2021Q1,136
SC-POS,PONTEVEDRA,2021Q2,119
SC-POS,PONTEVEDRA,2021Q3,85
SC-POS,PONTEVEDRA,2021Q4,112
SC-POS,PONTEVEDRA,2022Q1,102
SC-POS,PONTEVEDRA,2022Q2,131
SC-POS,PONTEVEDRA,2022Q3,68
SC-POS,PONTEVEDRA,2022Q4,70
SC-POS,PONTEVEDRA,2023Q1,21
SC-POS,PONTEVEDRA,2023Q2,116
SC-POS,PONTEVEDRA,2023Q3,56
SC-POS,PONTEVEDRA,2023Q4,70
SC-POS,PONTEVEDRA,2024Q1,76
SC-POS,PONTEVEDRA,2024Q2,114
SC-POS,PONTEVEDRA,2024Q3,61
SC-POS,PONTEVEDRA,2024Q4,90
SC-POS,PONTEVEDRA,2025Q1,58
SC-POS,PONTEVEDRA,2025Q2,82
SC-POS,PONTEVEDRA,2025Q3,66
SC-POS,PONTEVEDRA,2025Q4,34
SC-POS,PONTEVEDRA,2026Q1,73
SC-POS,MADRID,2021Q1,1027
SC-POS,MADRID,2021Q2,1150
SC-POS,MADRID,2021Q3,750
SC-POS,MADRID,2021Q4,921
SC-POS,MADRID,2022Q1,1308
SC-POS,MADRID,2022Q2,1344
SC-POS,MADRID,2022Q3,879
SC-POS,MADRID,2022Q4,1253
SC-POS,MADRID,2023Q1,1086
SC-POS,MADRID,2023Q2,872
SC-POS,MADRID,2023Q3,650
SC-POS,MADRID,2023Q4,1159
SC-POS,MADRID,2024Q1,1143
SC-POS,MADRID,2024Q2,1389
SC-POS,MADRID,2024Q3,704
SC-POS,MADRID,2024Q4,955
SC-POS,MADRID,2025Q1,1025
SC-POS,MADRID,2025Q2,1062
SC-POS,MADRID,2025Q3,638
SC-POS,MADRID,2025Q4,193
SC-POS,MADRID,2026Q1,867
SC-POS,MURCIA,2021Q1,196
SC-POS,MURCIA,2021Q2,221
SC-POS,MURCIA,2021Q3,234
SC-POS,MURCIA,2021Q4,198
SC-POS,MURCIA,2022Q1,195
SC-POS,MURCIA,2022Q2,207
SC-POS,MURCIA,2022Q3,124
SC-POS,MURCIA,2022Q4,147
SC-POS,MURCIA,2023Q1,26
SC-POS,MURCIA,2023Q2,105
SC-POS,MURCIA,2023Q3,54
SC-POS,MURCIA,2023Q4,128
SC-POS,MURCIA,2024Q1,128
SC-POS,MURCIA,2024Q2,121
SC-POS,MURCIA,2024Q3,47
SC-POS,MURCIA,2024Q4,117
SC-POS,MURCIA,2025Q1,108
SC-POS,MURCIA,2025Q2,89
SC-POS,MURCIA,2025Q3,107
SC-POS,MURCIA,2025Q4,255
SC-POS,MURCIA,2026Q1,262
SC-POS,NAVARRA,2021Q1,57
SC-POS,NAVARRA,2021Q2,71
SC-POS,NAVARRA,2021Q3,38
SC-POS,NAVARRA,2021Q4,65
SC-POS,NAVARRA,2022Q1,78
SC-POS,NAVARRA,2022Q2,74
SC-POS,NAVARRA,2022Q3,40
SC-POS,NAVARRA,2022Q4,37
SC-POS,NAVARRA,2023Q1,21
SC-POS,NAVARRA,2023Q2,19
SC-POS,NAVARRA,2023Q3,15
SC-POS,NAVARRA,2023Q4,35
SC-POS,NAVARRA,2024Q1,17
SC-POS,NAVARRA,2024Q2,35
SC-POS,NAVARRA,2024Q3,9
SC-POS,NAVARRA,2024Q4,23
SC-POS,NAVARRA,2025Q1,38
SC-POS,NAVARRA,2025Q2,44
SC-POS,NAVARRA,2025Q3,23
SC-POS,NAVARRA,2025Q4,7
SC-POS,NAVARRA,2026Q1,51
SC-POS,ARABA/ALAVA,2021Q1,62
SC-POS,ARABA/ALAVA,2021Q2,96
SC-POS,ARABA/ALAVA,2021Q3,50
SC-POS,ARABA/ALAVA,2021Q4,65
SC-POS,ARABA/ALAVA,2022Q1,58
SC-POS,ARABA/ALAVA,2022Q2,58
SC-POS,ARABA/ALAVA,2022Q3,44
SC-POS,ARABA/ALAVA,2022Q4,66
SC-POS,ARABA/ALAVA,2023Q1,16
SC-POS,ARABA/ALAVA,2023Q2,38
SC-POS,ARABA/ALAVA,2023Q3,68
SC-POS,ARABA/ALAVA,2023Q4,56
SC-POS,ARABA/ALAVA,2024Q1,57
SC-POS,ARABA/ALAVA,2024Q2,57
SC-POS,ARABA/ALAVA,2024Q3,4
SC-POS,ARABA/ALAVA,2024Q4,50
SC-POS,ARABA/ALAVA,2025Q1,56
SC-POS,ARABA/ALAVA,2025Q2,67
SC-POS,ARABA/ALAVA,2025Q3,29
SC-POS,ARABA/ALAVA,2025Q4,93
SC-POS,ARABA/ALAVA,2026Q1,41
SC-POS,GIPUZKOA,2021Q1,49
SC-POS,GIPUZKOA,2021Q2,37
SC-POS,GIPUZKOA,2021Q3,36
SC-POS,GIPUZKOA,2021Q4,39
SC-POS,GIPUZKOA,2022Q1,51
SC-POS,GIPUZKOA,2022Q2,47
SC-POS,GIPUZKOA,2022Q3,44
SC-POS,GIPUZKOA,2022Q4,24
SC-POS,GIPUZKOA,2023Q1,24
SC-POS,GIPUZKOA,2023Q2,32
SC-POS,GIPUZKOA,2023Q3,34
SC-POS,GIPUZKOA,2023Q4,41
SC-POS,GIPUZKOA,2024Q1,38
SC-POS,GIPUZKOA,2024Q2,39
SC-POS,GIPUZKOA,2024Q3,29
SC-POS,GIPUZKOA,2024Q4,32
SC-POS,GIPUZKOA,2025Q1,50
SC-POS,GIPUZKOA,2025Q2,33
SC-POS,GIPUZKOA,2025Q3,27
SC-POS,GIPUZKOA,2025Q4,54
SC-POS,GIPUZKOA,2026Q1,52
SC-POS,BIZKAIA,2021Q1,145
SC-POS,BIZKAIA,2021Q2,188
SC-POS,BIZKAIA,2021Q3,127
SC-POS,BIZKAIA,2021Q4,159
SC-POS,BIZKAIA,2022Q1,138
SC-POS,BIZKAIA,2022Q2,172
SC-POS,BIZKAIA,2022Q3,93
SC-POS,BIZKAIA,2022Q4,123
SC-POS,BIZKAIA,2023Q1,98
SC-POS,BIZKAIA,2023Q2,71
SC-POS,BIZKAIA,2023Q3,79
SC-POS,BIZKAIA,2023Q4,101
SC-POS,BIZKAIA,2024Q1,108
SC-POS,BIZKAIA,2024Q2,131
SC-POS,BIZKAIA,2024Q3,66
SC-POS,BIZKAIA,2024Q4,113
SC-POS,BIZKAIA,2025Q1,112
SC-POS,BIZKAIA,2025Q2,140
SC-POS,BIZKAIA,2025Q3,81
SC-POS,BIZKAIA,2025Q4,36
SC-POS,BIZKAIA,2026Q1,122
SC-POS,LA RIOJA,2021Q1,41
SC-POS,LA RIOJA,2021Q2,27
SC-POS,LA RIOJA,2021Q3,37
SC-POS,LA RIOJA,2021Q4,22
SC-POS,LA RIOJA,2022Q1,25
SC-POS,LA RIOJA,2022Q2,38
SC-POS,LA RIOJA,2022Q3,40
SC-POS,LA RIOJA,2022Q4,50
SC-POS,LA RIOJA,2023Q1,9
SC-POS,LA RIOJA,2023Q2,18
SC-POS,LA RIOJA,2023Q3,16
SC-POS,LA RIOJA,2023Q4,14
SC-POS,LA RIOJA,2024Q1,22
SC-POS,LA RIOJA,2024Q2,13
SC-POS,LA RIOJA,2024Q3,11
SC-POS,LA RIOJA,2024Q4,22
SC-POS,LA RIOJA,2025Q1,26
SC-POS,LA RIOJA,2025Q2,20
SC-POS,LA RIOJA,2025Q3,30
SC-POS,LA RIOJA,2025Q4,2
SC-POS,LA RIOJA,2026Q1,25
SC-POS,TOTAL,2021Q1,8936
SC-POS,TOTAL,2021Q2,9275
SC-POS,TOTAL,2021Q3,5973
SC-POS,TOTAL,2021Q4,8045
SC-POS,TOTAL,2022Q1,9013
SC-POS,TOTAL,2022Q2,9185
SC-POS,TOTAL,2022Q3,5791
SC-POS,TOTAL,2022Q4,7713
SC-POS,TOTAL,2023Q1,5931
SC-POS,TOTAL,2023Q2,6248
SC-POS,TOTAL,2023Q3,4526
SC-POS,TOTAL,2023Q4,6872
SC-POS,TOTAL,2024Q1,6344
SC-POS,TOTAL,2024Q2,7031
SC-POS,TOTAL,2024Q3,4556
SC-POS,TOTAL,2024Q4,6375
SC-POS,TOTAL,2025Q1,6598
SC-POS,TOTAL,2025Q2,8075
SC-POS,TOTAL,2025Q3,4496
SC-POS,TOTAL,2025Q4,3906
SC-POS,TOTAL,2026Q1,7696
NC-EH,ALMERIA,2021Q1,211
NC-EH,ALMERIA,2021Q2,197
NC-EH,ALMERIA,2021Q3,192
NC-EH,ALMERIA,2021Q4,221
NC-EH,ALMERIA,2022Q1,234
NC-EH,ALMERIA,2022Q2,170
NC-EH,ALMERIA,2022Q3,173
NC-EH,ALMERIA,2022Q4,237
NC-EH,ALMERIA,2023Q1,188
NC-EH,ALMERIA,2023Q2,138
NC-EH,ALMERIA,2023Q3,118
NC-EH,ALMERIA,2023Q4,155
NC-EH,ALMERIA,2024Q1,138
NC-EH,ALMERIA,2024Q2,136
NC-EH,ALMERIA,2024Q3,166
NC-EH,ALMERIA,2024Q4,203
NC-EH,ALMERIA,2025Q1,193
NC-EH,ALMERIA,2025Q2,206
NC-EH,ALMERIA,2025Q3,195
NC-EH,ALMERIA,2025Q4,236
NC-EH,ALMERIA,2026Q1,161
NC-EH,CADIZ,2021Q1,178
NC-EH,CADIZ,2021Q2,202
NC-EH,CADIZ,2021Q3,150
NC-EH,CADIZ,2021Q4,157
NC-EH,CADIZ,2022Q1,190
NC-EH,CADIZ,2022Q2,182
NC-EH,CADIZ,2022Q3,181
NC-EH,CADIZ,2022Q4,209
NC-EH,CADIZ,2023Q1,195
NC-EH,CADIZ,2023Q2,129
NC-EH,CADIZ,2023Q3,94
NC-EH,CADIZ,2023Q4,205
NC-EH,CADIZ,2024Q1,212
NC-EH,CADIZ,2024Q2,178
NC-EH,CADIZ,2024Q3,198
NC-EH,CADIZ,2024Q4,221
NC-EH,CADIZ,2025Q1,207
NC-EH,CADIZ,2025Q2,290
NC-EH,CADIZ,2025Q3,257
NC-EH,CADIZ,2025Q4,218
NC-EH,CADIZ,2026Q1,209
NC-EH,CORDOBA,2021Q1,127
NC-EH,CORDOBA,2021Q2,147
NC-EH,CORDOBA,2021Q3,113
NC-EH,CORDOBA,2021Q4,125
NC-EH,CORDOBA,2022Q1,130
NC-EH,CORDOBA,2022Q2,123
NC-EH,CORDOBA,2022Q3,132
NC-EH,CORDOBA,2022Q4,135
NC-EH,CORDOBA,2023Q1,136
NC-EH,CORDOBA,2023Q2,102
NC-EH,CORDOBA,2023Q3,56
NC-EH,CORDOBA,2023Q4,111
NC-EH,CORDOBA,2024Q1,121
NC-EH,CORDOBA,2024Q2,95
NC-EH,CORDOBA,2024Q3,116
NC-EH,CORDOBA,2024Q4,109
NC-EH,CORDOBA,2025Q1,129
NC-EH,CORDOBA,2025Q2,138
NC-EH,CORDOBA,2025Q3,135
NC-EH,CORDOBA,2025Q4,129
NC-EH,CORDOBA,2026Q1,123
NC-EH,GRANADA,2021Q1,144
NC-EH,GRANADA,2021Q2,144
NC-EH,GRANADA,2021Q3,118
NC-EH,GRANADA,2021Q4,120
NC-EH,GRANADA,2022Q1,147
NC-EH,GRANADA,2022Q2,107
NC-EH,GRANADA,2022Q3,119
NC-EH,GRANADA,2022Q4,129
NC-EH,GRANADA,2023Q1,147
NC-EH,GRANADA,2023Q2,107
NC-EH,GRANADA,2023Q3,79
NC-EH,GRANADA,2023Q4,169
NC-EH,GRANADA,2024Q1,175
NC-EH,GRANADA,2024Q2,148
NC-EH,GRANADA,2024Q3,149
NC-EH,GRANADA,2024Q4,201
NC-EH,GRANADA,2025Q1,172
NC-EH,GRANADA,2025Q2,212
NC-EH,GRANADA,2025Q3,164
NC-EH,GRANADA,2025Q4,214
NC-EH,GRANADA,2026Q1,101
NC-EH,HUELVA,2021Q1,83
NC-EH,HUELVA,2021Q2,84
NC-EH,HUELVA,2021Q3,81
NC-EH,HUELVA,2021Q4,62
NC-EH,HUELVA,2022Q1,77
NC-EH,HUELVA,2022Q2,77
NC-EH,HUELVA,2022Q3,68
NC-EH,HUELVA,2022Q4,94
NC-EH,HUELVA,2023Q1,72
NC-EH,HUELVA,2023Q2,63
NC-EH,HUELVA,2023Q3,45
NC-EH,HUELVA,2023Q4,56
NC-EH,HUELVA,2024Q1,134
NC-EH,HUELVA,2024Q2,100
NC-EH,HUELVA,2024Q3,79
NC-EH,HUELVA,2024Q4,105
NC-EH,HUELVA,2025Q1,113
NC-EH,HUELVA,2025Q2,117
NC-EH,HUELVA,2025Q3,86
NC-EH,HUELVA,2025Q4,96
NC-EH,HUELVA,2026Q1,72
NC-EH,JAEN,2021Q1,94
NC-EH,JAEN,2021Q2,109
NC-EH,JAEN,2021Q3,94
NC-EH,JAEN,2021Q4,101
NC-EH,JAEN,2022Q1,98
NC-EH,JAEN,2022Q2,110
NC-EH,JAEN,2022Q3,102
NC-EH,JAEN,2022Q4,125
NC-EH,JAEN,2023Q1,112
NC-EH,JAEN,2023Q2,105
NC-EH,JAEN,2023Q3,29
NC-EH,JAEN,2023Q4,115
NC-EH,JAEN,2024Q1,77
NC-EH,JAEN,2024Q2,64
NC-EH,JAEN,2024Q3,91
NC-EH,JAEN,2024Q4,126
NC-EH,JAEN,2025Q1,90
NC-EH,JAEN,2025Q2,138
NC-EH,JAEN,2025Q3,126
NC-EH,JAEN,2025Q4,109
NC-EH,JAEN,2026Q1,103
NC-EH,MALAGA,2021Q1,262
NC-EH,MALAGA,2021Q2,323
NC-EH,MALAGA,2021Q3,223
NC-EH,MALAGA,2021Q4,299
NC-EH,MALAGA,2022Q1,291
NC-EH,MALAGA,2022Q2,329
NC-EH,MALAGA,2022Q3,239
NC-EH,MALAGA,2022Q4,377
NC-EH,MALAGA,2023Q1,309
NC-EH,MALAGA,2023Q2,214
NC-EH,MALAGA,2023Q3,81
NC-EH,MALAGA,2023Q4,260
NC-EH,MALAGA,2024Q1,273
NC-EH,MALAGA,2024Q2,254
NC-EH,MALAGA,2024Q3,214
NC-EH,MALAGA,2024Q4,276
NC-EH,MALAGA,2025Q1,272
NC-EH,MALAGA,2025Q2,339
NC-EH,MALAGA,2025Q3,231
NC-EH,MALAGA,2025Q4,277
NC-EH,MALAGA,2026Q1,270
NC-EH,SEVILLA,2021Q1,332
NC-EH,SEVILLA,2021Q2,402
NC-EH,SEVILLA,2021Q3,309
NC-EH,SEVILLA,2021Q4,299
NC-EH,SEVILLA,2022Q1,264
NC-EH,SEVILLA,2022Q2,294
NC-EH,SEVILLA,2022Q3,236
NC-EH,SEVILLA,2022Q4,289
NC-EH,SEVILLA,2023Q1,287
NC-EH,SEVILLA,2023Q2,206
NC-EH,SEVILLA,2023Q3,134
NC-EH,SEVILLA,2023Q4,334
NC-EH,SEVILLA,2024Q1,328
NC-EH,SEVILLA,2024Q2,263
NC-EH,SEVILLA,2024Q3,264
NC-EH,SEVILLA,2024Q4,305
NC-EH,SEVILLA,2025Q1,287
NC-EH,SEVILLA,2025Q2,456
NC-EH,SEVILLA,2025Q3,322
NC-EH,SEVILLA,2025Q4,312
NC-EH,SEVILLA,2026Q1,254
NC-EH,HUESCA,2021Q1,38
NC-EH,HUESCA,2021Q2,47
NC-EH,HUESCA,2021Q3,27
NC-EH,HUESCA,2021Q4,28
NC-EH,HUESCA,2022Q1,35
NC-EH,HUESCA,2022Q2,27
NC-EH,HUESCA,2022Q3,24
NC-EH,HUESCA,2022Q4,26
NC-EH,HUESCA,2023Q1,32
NC-EH,HUESCA,2023Q2,26
NC-EH,HUESCA,2023Q3,9
NC-EH,HUESCA,2023Q4,18
NC-EH,HUESCA,2024Q1,17
NC-EH,HUESCA,2024Q2,14
NC-EH,HUESCA,2024Q3,28
NC-EH,HUESCA,2024Q4,34
NC-EH,HUESCA,2025Q1,19
NC-EH,HUESCA,2025Q2,27
NC-EH,HUESCA,2025Q3,16
NC-EH,HUESCA,2025Q4,25
NC-EH,HUESCA,2026Q1,18
NC-EH,TERUEL,2021Q1,11
NC-EH,TERUEL,2021Q2,18
NC-EH,TERUEL,2021Q3,7
NC-EH,TERUEL,2021Q4,11
NC-EH,TERUEL,2022Q1,4
NC-EH,TERUEL,2022Q2,5
NC-EH,TERUEL,2022Q3,9
NC-EH,TERUEL,2022Q4,18
NC-EH,TERUEL,2023Q1,9
NC-EH,TERUEL,2023Q2,8
NC-EH,TERUEL,2023Q3,2
NC-EH,TERUEL,2023Q4,9
NC-EH,TERUEL,2024Q1,2
NC-EH,TERUEL,2024Q2,7
NC-EH,TERUEL,2024Q3,6
NC-EH,TERUEL,2024Q4,7
NC-EH,TERUEL,2025Q1,8
NC-EH,TERUEL,2025Q2,16
NC-EH,TERUEL,2025Q3,11
NC-EH,TERUEL,2025Q4,10
NC-EH,TERUEL,2026Q1,10
NC-EH,ZARAGOZA,2021Q1,121
NC-EH,ZARAGOZA,2021Q2,137
NC-EH,ZARAGOZA,2021Q3,59
NC-EH,ZARAGOZA,2021Q4,108
NC-EH,ZARAGOZA,2022Q1,105
NC-EH,ZARAGOZA,2022Q2,93
NC-EH,ZARAGOZA,2022Q3,68
NC-EH,ZARAGOZA,2022Q4,105
NC-EH,ZARAGOZA,2023Q1,91
NC-EH,ZARAGOZA,2023Q2,56
NC-EH,ZARAGOZA,2023Q3,35
NC-EH,ZARAGOZA,2023Q4,83
NC-EH,ZARAGOZA,2024Q1,48
NC-EH,ZARAGOZA,2024Q2,65
NC-EH,ZARAGOZA,2024Q3,82
NC-EH,ZARAGOZA,2024Q4,77
NC-EH,ZARAGOZA,2025Q1,79
NC-EH,ZARAGOZA,2025Q2,112
NC-EH,ZARAGOZA,2025Q3,65
NC-EH,ZARAGOZA,2025Q4,81
NC-EH,ZARAGOZA,2026Q1,84
NC-EH,ASTURIAS,2021Q1,113
NC-EH,ASTURIAS,2021Q2,101
NC-EH,ASTURIAS,2021Q3,91
NC-EH,ASTURIAS,2021Q4,109
NC-EH,ASTURIAS,2022Q1,78
NC-EH,ASTURIAS,2022Q2,98
NC-EH,ASTURIAS,2022Q3,58
NC-EH,ASTURIAS,2022Q4,113
NC-EH,ASTURIAS,2023Q1,89
NC-EH,ASTURIAS,2023Q2,61
NC-EH,ASTURIAS,2023Q3,40
NC-EH,ASTURIAS,2023Q4,131
NC-EH,ASTURIAS,2024Q1,98
NC-EH,ASTURIAS,2024Q2,77
NC-EH,ASTURIAS,2024Q3,98
NC-EH,ASTURIAS,2024Q4,115
NC-EH,ASTURIAS,2025Q1,102
NC-EH,ASTURIAS,2025Q2,150
NC-EH,ASTURIAS,2025Q3,120
NC-EH,ASTURIAS,2025Q4,120
NC-EH,ASTURIAS,2026Q1,112
NC-EH,ILLES BALEARS,2021Q1,107
NC-EH,ILLES BALEARS,2021Q2,146
NC-EH,ILLES BALEARS,2021Q3,116
NC-EH,ILLES BALEARS,2021Q4,125
NC-EH,ILLES BALEARS,2022Q1,96
NC-EH,ILLES BALEARS,2022Q2,130
NC-EH,ILLES BALEARS,2022Q3,88
NC-EH,ILLES BALEARS,2022Q4,96
NC-EH,ILLES BALEARS,2023Q1,81
NC-EH,ILLES BALEARS,2023Q2,77
NC-EH,ILLES BALEARS,2023Q3,54
NC-EH,ILLES BALEARS,2023Q4,91
NC-EH,ILLES BALEARS,2024Q1,92
NC-EH,ILLES BALEARS,2024Q2,111
NC-EH,ILLES BALEARS,2024Q3,110
NC-EH,ILLES BALEARS,2024Q4,88
NC-EH,ILLES BALEARS,2025Q1,117
NC-EH,ILLES BALEARS,2025Q2,106
NC-EH,ILLES BALEARS,2025Q3,117
NC-EH,ILLES BALEARS,2025Q4,119
NC-EH,ILLES BALEARS,2026Q1,103
NC-EH,LAS PALMAS,2021Q1,130
NC-EH,LAS PALMAS,2021Q2,171
NC-EH,LAS PALMAS,2021Q3,133
NC-EH,LAS PALMAS,2021Q4,138
NC-EH,LAS PALMAS,2022Q1,121
NC-EH,LAS PALMAS,2022Q2,134
NC-EH,LAS PALMAS,2022Q3,120
NC-EH,LAS PALMAS,2022Q4,162
NC-EH,LAS PALMAS,2023Q1,198
NC-EH,LAS PALMAS,2023Q2,149
NC-EH,LAS PALMAS,2023Q3,64
NC-EH,LAS PALMAS,2023Q4,133
NC-EH,LAS PALMAS,2024Q1,130
NC-EH,LAS PALMAS,2024Q2,120
NC-EH,LAS PALMAS,2024Q3,138
NC-EH,LAS PALMAS,2024Q4,144
NC-EH,LAS PALMAS,2025Q1,166
NC-EH,LAS PALMAS,2025Q2,221
NC-EH,LAS PALMAS,2025Q3,157
NC-EH,LAS PALMAS,2025Q4,170
NC-EH,LAS PALMAS,2026Q1,93
NC-EH,SANTA CRUZ DE TENERIFE,2021Q1,104
NC-EH,SANTA CRUZ DE TENERIFE,2021Q2,137
NC-EH,SANTA CRUZ DE TENERIFE,2021Q3,109
NC-EH,SANTA CRUZ DE TENERIFE,2021Q4,92
NC-EH,SANTA CRUZ DE TENERIFE,2022Q1,104
NC-EH,SANTA CRUZ DE TENERIFE,2022Q2,71
NC-EH,SANTA CRUZ DE TENERIFE,2022Q3,85
NC-EH,SANTA CRUZ DE TENERIFE,2022Q4,84
NC-EH,SANTA CRUZ DE TENERIFE,2023Q1,94
NC-EH,SANTA CRUZ DE TENERIFE,2023Q2,81
NC-EH,SANTA CRUZ DE TENERIFE,2023Q3,52
NC-EH,SANTA CRUZ DE TENERIFE,2023Q4,118
NC-EH,SANTA CRUZ DE TENERIFE,2024Q1,113
NC-EH,SANTA CRUZ DE TENERIFE,2024Q2,78
NC-EH,SANTA CRUZ DE TENERIFE,2024Q3,87
NC-EH,SANTA CRUZ DE TENERIFE,2024Q4,77
NC-EH,SANTA CRUZ DE TENERIFE,2025Q1,116
NC-EH,SANTA CRUZ DE TENERIFE,2025Q2,109
NC-EH,SANTA CRUZ DE TENERIFE,2025Q3,146
NC-EH,SANTA CRUZ DE TENERIFE,2025Q4,112
NC-EH,SANTA CRUZ DE TENERIFE,2026Q1,64
NC-EH,CANTABRIA,2021Q1,62
NC-EH,CANTABRIA,2021Q2,74
NC-EH,CANTABRIA,2021Q3,72
NC-EH,CANTABRIA,2021Q4,75
NC-EH,CANTABRIA,2022Q1,82
NC-EH,CANTABRIA,2022Q2,65
NC-EH,CANTABRIA,2022Q3,57
NC-EH,CANTABRIA,2022Q4,66
NC-EH,CANTABRIA,2023Q1,68
NC-EH,CANTABRIA,2023Q2,48
NC-EH,CANTABRIA,2023Q3,29
NC-EH,CANTABRIA,2023Q4,47
NC-EH,CANTABRIA,2024Q1,71
NC-EH,CANTABRIA,2024Q2,48
NC-EH,CANTABRIA,2024Q3,68
NC-EH,CANTABRIA,2024Q4,53
NC-EH,CANTABRIA,2025Q1,58
NC-EH,CANTABRIA,2025Q2,67
NC-EH,CANTABRIA,2025Q3,65
NC-EH,CANTABRIA,2025Q4,77
NC-EH,CANTABRIA,2026Q1,59
NC-EH,AVILA,2021Q1,12
NC-EH,AVILA,2021Q2,19
NC-EH,AVILA,2021Q3,14
NC-EH,AVILA,2021Q4,13
NC-EH,AVILA,2022Q1,14
NC-EH,AVILA,2022Q2,22
NC-EH,AVILA,2022Q3,14
NC-EH,AVILA,2022Q4,10
NC-EH,AVILA,2023Q1,27
NC-EH,AVILA,2023Q2,15
NC-EH,AVILA,2023Q3,7
NC-EH,AVILA,2023Q4,17
NC-EH,AVILA,2024Q1,19
NC-EH,AVILA,2024Q2,21
NC-EH,AVILA,2024Q3,20
NC-EH,AVILA,2024Q4,27
NC-EH,AVILA,2025Q1,24
NC-EH,AVILA,2025Q2,23
NC-EH,AVILA,2025Q3,17
NC-EH,AVILA,2025Q4,32
NC-EH,AVILA,2026Q1,21
NC-EH,BURGOS,2021Q1,29
NC-EH,BURGOS,2021Q2,36
NC-EH,BURGOS,2021Q3,30
NC-EH,BURGOS,2021Q4,46
NC-EH,BURGOS,2022Q1,30
NC-EH,BURGOS,2022Q2,23
NC-EH,BURGOS,2022Q3,21
NC-EH,BURGOS,2022Q4,22
NC-EH,BURGOS,2023Q1,31
NC-EH,BURGOS,2023Q2,23
NC-EH,BURGOS,2023Q3,18
NC-EH,BURGOS,2023Q4,25
NC-EH,BURGOS,2024Q1,29
NC-EH,BURGOS,2024Q2,21
NC-EH,BURGOS,2024Q3,89
NC-EH,BURGOS,2024Q4,31
NC-EH,BURGOS,2025Q1,37
NC-EH,BURGOS,2025Q2,68
NC-EH,BURGOS,2025Q3,29
NC-EH,BURGOS,2025Q4,38
NC-EH,BURGOS,2026Q1,29
NC-EH,LEON,2021Q1,48
NC-EH,LEON,2021Q2,56
NC-EH,LEON,2021Q3,41
NC-EH,LEON,2021Q4,60
NC-EH,LEON,2022Q1,33
NC-EH,LEON,2022Q2,47
NC-EH,LEON,2022Q3,38
NC-EH,LEON,2022Q4,43
NC-EH,LEON,2023Q1,29
NC-EH,LEON,2023Q2,36
NC-EH,LEON,2023Q3,18
NC-EH,LEON,2023Q4,62
NC-EH,LEON,2024Q1,44
NC-EH,LEON,2024Q2,35
NC-EH,LEON,2024Q3,37
NC-EH,LEON,2024Q4,60
NC-EH,LEON,2025Q1,56
NC-EH,LEON,2025Q2,56
NC-EH,LEON,2025Q3,40
NC-EH,LEON,2025Q4,66
NC-EH,LEON,2026Q1,39
NC-EH,PALENCIA,2021Q1,5
NC-EH,PALENCIA,2021Q2,16
NC-EH,PALENCIA,2021Q3,6
NC-EH,PALENCIA,2021Q4,8
NC-EH,PALENCIA,2022Q1,16
NC-EH,PALENCIA,2022Q2,8
NC-EH,PALENCIA,2022Q3,4
NC-EH,PALENCIA,2022Q4,11
NC-EH,PALENCIA,2023Q1,8
NC-EH,PALENCIA,2023Q2,13
NC-EH,PALENCIA,2023Q3,1
NC-EH,PALENCIA,2023Q4,6
NC-EH,PALENCIA,2024Q1,8
NC-EH,PALENCIA,2024Q2,6
NC-EH,PALENCIA,2024Q3,6
NC-EH,PALENCIA,2024Q4,11
NC-EH,PALENCIA,2025Q1,9
NC-EH,PALENCIA,2025Q2,9
NC-EH,PALENCIA,2025Q3,18
NC-EH,PALENCIA,2025Q4,16
NC-EH,PALENCIA,2026Q1,9
NC-EH,SALAMANCA,2021Q1,31
NC-EH,SALAMANCA,2021Q2,24
NC-EH,SALAMANCA,2021Q3,24
NC-EH,SALAMANCA,2021Q4,20
NC-EH,SALAMANCA,2022Q1,31
NC-EH,SALAMANCA,2022Q2,24
NC-EH,SALAMANCA,2022Q3,24
NC-EH,SALAMANCA,2022Q4,26
NC-EH,SALAMANCA,2023Q1,23
NC-EH,SALAMANCA,2023Q2,21
NC-EH,SALAMANCA,2023Q3,12
NC-EH,SALAMANCA,2023Q4,30
NC-EH,SALAMANCA,2024Q1,24
NC-EH,SALAMANCA,2024Q2,30
NC-EH,SALAMANCA,2024Q3,23
NC-EH,SALAMANCA,2024Q4,34
NC-EH,SALAMANCA,2025Q1,40
NC-EH,SALAMANCA,2025Q2,39
NC-EH,SALAMANCA,2025Q3,28
NC-EH,SALAMANCA,2025Q4,34
NC-EH,SALAMANCA,2026Q1,27
NC-EH,SEGOVIA,2021Q1,23
NC-EH,SEGOVIA,2021Q2,22
NC-EH,SEGOVIA,2021Q3,10
NC-EH,SEGOVIA,2021Q4,10
NC-EH,SEGOVIA,2022Q1,15
NC-EH,SEGOVIA,2022Q2,9
NC-EH,SEGOVIA,2022Q3,13
NC-EH,SEGOVIA,2022Q4,12
NC-EH,SEGOVIA,2023Q1,12
NC-EH,SEGOVIA,2023Q2,15
NC-EH,SEGOVIA,2023Q3,3
NC-EH,SEGOVIA,2023Q4,10
NC-EH,SEGOVIA,2024Q1,9
NC-EH,SEGOVIA,2024Q2,7
NC-EH,SEGOVIA,2024Q3,12
NC-EH,SEGOVIA,2024Q4,13
NC-EH,SEGOVIA,2025Q1,16
NC-EH,SEGOVIA,2025Q2,10
NC-EH,SEGOVIA,2025Q3,22
NC-EH,SEGOVIA,2025Q4,21
NC-EH,SEGOVIA,2026Q1,13
NC-EH,SORIA,2021Q1,6
NC-EH,SORIA,2021Q2,4
NC-EH,SORIA,2021Q3,4
NC-EH,SORIA,2021Q4,3
NC-EH,SORIA,2022Q1,6
NC-EH,SORIA,2022Q2,6
NC-EH,SORIA,2022Q3,2
NC-EH,SORIA,2022Q4,5
NC-EH,SORIA,2023Q1,7
NC-EH,SORIA,2023Q2,4
NC-EH,SORIA,2023Q3,2
NC-EH,SORIA,2023Q4,3
NC-EH,SORIA,2024Q1,3
NC-EH,SORIA,2024Q2,2
NC-EH,SORIA,2024Q3,4
NC-EH,SORIA,2024Q4,6
NC-EH,SORIA,2025Q1,6
NC-EH,SORIA,2025Q2,10
NC-EH,SORIA,2025Q3,6
NC-EH,SORIA,2025Q4,5
NC-EH,SORIA,2026Q1,10
NC-EH,VALLADOLID,2021Q1,44
NC-EH,VALLADOLID,2021Q2,51
NC-EH,VALLADOLID,2021Q3,32
NC-EH,VALLADOLID,2021Q4,38
NC-EH,VALLADOLID,2022Q1,35
NC-EH,VALLADOLID,2022Q2,34
NC-EH,VALLADOLID,2022Q3,33
NC-EH,VALLADOLID,2022Q4,31
NC-EH,VALLADOLID,2023Q1,17
NC-EH,VALLADOLID,2023Q2,33
NC-EH,VALLADOLID,2023Q3,21
NC-EH,VALLADOLID,2023Q4,34
NC-EH,VALLADOLID,2024Q1,23
NC-EH,VALLADOLID,2024Q2,30
NC-EH,VALLADOLID,2024Q3,42
NC-EH,VALLADOLID,2024Q4,65
NC-EH,VALLADOLID,2025Q1,46
NC-EH,VALLADOLID,2025Q2,60
NC-EH,VALLADOLID,2025Q3,50
NC-EH,VALLADOLID,2025Q4,56
NC-EH,VALLADOLID,2026Q1,36
NC-EH,ZAMORA,2021Q1,18
NC-EH,ZAMORA,2021Q2,14
NC-EH,ZAMORA,2021Q3,12
NC-EH,ZAMORA,2021Q4,15
NC-EH,ZAMORA,2022Q1,15
NC-EH,ZAMORA,2022Q2,45
NC-EH,ZAMORA,2022Q3,52
NC-EH,ZAMORA,2022Q4,13
NC-EH,ZAMORA,2023Q1,8
NC-EH,ZAMORA,2023Q2,7
NC-EH,ZAMORA,2023Q3,9
NC-EH,ZAMORA,2023Q4,11
NC-EH,ZAMORA,2024Q1,19
NC-EH,ZAMORA,2024Q2,12
NC-EH,ZAMORA,2024Q3,6
NC-EH,ZAMORA,2024Q4,17
NC-EH,ZAMORA,2025Q1,18
NC-EH,ZAMORA,2025Q2,15
NC-EH,ZAMORA,2025Q3,22
NC-EH,ZAMORA,2025Q4,32
NC-EH,ZAMORA,2026Q1,14
NC-EH,ALBACETE,2021Q1,49
NC-EH,ALBACETE,2021Q2,63
NC-EH,ALBACETE,2021Q3,37
NC-EH,ALBACETE,2021Q4,29
NC-EH,ALBACETE,2022Q1,28
NC-EH,ALBACETE,2022Q2,34
NC-EH,ALBACETE,2022Q3,18
NC-EH,ALBACETE,2022Q4,27
NC-EH,ALBACETE,2023Q1,29
NC-EH,ALBACETE,2023Q2,26
NC-EH,ALBACETE,2023Q3,8
NC-EH,ALBACETE,2023Q4,30
NC-EH,ALBACETE,2024Q1,25
NC-EH,ALBACETE,2024Q2,28
NC-EH,ALBACETE,2024Q3,23
NC-EH,ALBACETE,2024Q4,44
NC-EH,ALBACETE,2025Q1,39
NC-EH,ALBACETE,2025Q2,37
NC-EH,ALBACETE,2025Q3,44
NC-EH,ALBACETE,2025Q4,55
NC-EH,ALBACETE,2026Q1,53
NC-EH,CIUDAD REAL,2021Q1,65
NC-EH,CIUDAD REAL,2021Q2,86
NC-EH,CIUDAD REAL,2021Q3,67
NC-EH,CIUDAD REAL,2021Q4,78
NC-EH,CIUDAD REAL,2022Q1,59
NC-EH,CIUDAD REAL,2022Q2,101
NC-EH,CIUDAD REAL,2022Q3,65
NC-EH,CIUDAD REAL,2022Q4,73
NC-EH,CIUDAD REAL,2023Q1,97
NC-EH,CIUDAD REAL,2023Q2,75
NC-EH,CIUDAD REAL,2023Q3,25
NC-EH,CIUDAD REAL,2023Q4,67
NC-EH,CIUDAD REAL,2024Q1,59
NC-EH,CIUDAD REAL,2024Q2,56
NC-EH,CIUDAD REAL,2024Q3,80
NC-EH,CIUDAD REAL,2024Q4,94
NC-EH,CIUDAD REAL,2025Q1,68
NC-EH,CIUDAD REAL,2025Q2,114
NC-EH,CIUDAD REAL,2025Q3,80
NC-EH,CIUDAD REAL,2025Q4,107
NC-EH,CIUDAD REAL,2026Q1,72
NC-EH,CUENCA,2021Q1,25
NC-EH,CUENCA,2021Q2,30
NC-EH,CUENCA,2021Q3,18
NC-EH,CUENCA,2021Q4,20
NC-EH,CUENCA,2022Q1,14
NC-EH,CUENCA,2022Q2,18
NC-EH,CUENCA,2022Q3,25
NC-EH,CUENCA,2022Q4,13
NC-EH,CUENCA,2023Q1,13
NC-EH,CUENCA,2023Q2,21
NC-EH,CUENCA,2023Q3,11
NC-EH,CUENCA,2023Q4,16
NC-EH,CUENCA,2024Q1,8
NC-EH,CUENCA,2024Q2,13
NC-EH,CUENCA,2024Q3,20
NC-EH,CUENCA,2024Q4,34
NC-EH,CUENCA,2025Q1,20
NC-EH,CUENCA,2025Q2,21
NC-EH,CUENCA,2025Q3,26
NC-EH,CUENCA,2025Q4,20
NC-EH,CUENCA,2026Q1,20
NC-EH,GUADALAJARA,2021Q1,33
NC-EH,GUADALAJARA,2021Q2,40
NC-EH,GUADALAJARA,2021Q3,43
NC-EH,GUADALAJARA,2021Q4,31
NC-EH,GUADALAJARA,2022Q1,36
NC-EH,GUADALAJARA,2022Q2,29
NC-EH,GUADALAJARA,2022Q3,27
NC-EH,GUADALAJARA,2022Q4,27
NC-EH,GUADALAJARA,2023Q1,17
NC-EH,GUADALAJARA,2023Q2,43
NC-EH,GUADALAJARA,2023Q3,11
NC-EH,GUADALAJARA,2023Q4,19
NC-EH,GUADALAJARA,2024Q1,21
NC-EH,GUADALAJARA,2024Q2,30
NC-EH,GUADALAJARA,2024Q3,29
NC-EH,GUADALAJARA,2024Q4,30
NC-EH,GUADALAJARA,2025Q1,26
NC-EH,GUADALAJARA,2025Q2,42
NC-EH,GUADALAJARA,2025Q3,30
NC-EH,GUADALAJARA,2025Q4,55
NC-EH,GUADALAJARA,2026Q1,26
NC-EH,TOLEDO,2021Q1,147
NC-EH,TOLEDO,2021Q2,146
NC-EH,TOLEDO,2021Q3,206
NC-EH,TOLEDO,2021Q4,179
NC-EH,TOLEDO,2022Q1,129
NC-EH,TOLEDO,2022Q2,120
NC-EH,TOLEDO,2022Q3,124
NC-EH,TOLEDO,2022Q4,131
NC-EH,TOLEDO,2023Q1,115
NC-EH,TOLEDO,2023Q2,114
NC-EH,TOLEDO,2023Q3,94
NC-EH,TOLEDO,2023Q4,131
NC-EH,TOLEDO,2024Q1,130
NC-EH,TOLEDO,2024Q2,138
NC-EH,TOLEDO,2024Q3,125
NC-EH,TOLEDO,2024Q4,135
NC-EH,TOLEDO,2025Q1,147
NC-EH,TOLEDO,2025Q2,183
NC-EH,TOLEDO,2025Q3,164
NC-EH,TOLEDO,2025Q4,224
NC-EH,TOLEDO,2026Q1,149
NC-EH,BARCELONA,2021Q1,1069
NC-EH,BARCELONA,2021Q2,1007
NC-EH,BARCELONA,2021Q3,758
NC-EH,BARCELONA,2021Q4,751
NC-EH,BARCELONA,2022Q1,811
NC-EH,BARCELONA,2022Q2,755
NC-EH,BARCELONA,2022Q3,718
NC-EH,BARCELONA,2022Q4,750
NC-EH,BARCELONA,2023Q1,567
NC-EH,BARCELONA,2023Q2,685
NC-EH,BARCELONA,2023Q3,287
NC-EH,BARCELONA,2023Q4,694
NC-EH,BARCELONA,2024Q1,719
NC-EH,BARCELONA,2024Q2,794
NC-EH,BARCELONA,2024Q3,756
NC-EH,BARCELONA,2024Q4,722
NC-EH,BARCELONA,2025Q1,821
NC-EH,BARCELONA,2025Q2,2010
NC-EH,BARCELONA,2025Q3,1553
NC-EH,BARCELONA,2025Q4,1591
NC-EH,BARCELONA,2026Q1,1432
NC-EH,GIRONA,2021Q1,287
NC-EH,GIRONA,2021Q2,259
NC-EH,GIRONA,2021Q3,189
NC-EH,GIRONA,2021Q4,179
NC-EH,GIRONA,2022Q1,175
NC-EH,GIRONA,2022Q2,143
NC-EH,GIRONA,2022Q3,126
NC-EH,GIRONA,2022Q4,106
NC-EH,GIRONA,2023Q1,123
NC-EH,GIRONA,2023Q2,99
NC-EH,GIRONA,2023Q3,55
NC-EH,GIRONA,2023Q4,123
NC-EH,GIRONA,2024Q1,159
NC-EH,GIRONA,2024Q2,111
NC-EH,GIRONA,2024Q3,157
NC-EH,GIRONA,2024Q4,164
NC-EH,GIRONA,2025Q1,169
NC-EH,GIRONA,2025Q2,426
NC-EH,GIRONA,2025Q3,307
NC-EH,GIRONA,2025Q4,409
NC-EH,GIRONA,2026Q1,283
NC-EH,LLEIDA,2021Q1,83
NC-EH,LLEIDA,2021Q2,79
NC-EH,LLEIDA,2021Q3,70
NC-EH,LLEIDA,2021Q4,83
NC-EH,LLEIDA,2022Q1,68
NC-EH,LLEIDA,2022Q2,80
NC-EH,LLEIDA,2022Q3,56
NC-EH,LLEIDA,2022Q4,49
NC-EH,LLEIDA,2023Q1,58
NC-EH,LLEIDA,2023Q2,76
NC-EH,LLEIDA,2023Q3,22
NC-EH,LLEIDA,2023Q4,66
NC-EH,LLEIDA,2024Q1,52
NC-EH,LLEIDA,2024Q2,60
NC-EH,LLEIDA,2024Q3,59
NC-EH,LLEIDA,2024Q4,60
NC-EH,LLEIDA,2025Q1,88
NC-EH,LLEIDA,2025Q2,256
NC-EH,LLEIDA,2025Q3,148
NC-EH,LLEIDA,2025Q4,240
NC-EH,LLEIDA,2026Q1,231
NC-EH,TARRAGONA,2021Q1,328
NC-EH,TARRAGONA,2021Q2,247
NC-EH,TARRAGONA,2021Q3,251
NC-EH,TARRAGONA,2021Q4,208
NC-EH,TARRAGONA,2022Q1,197
NC-EH,TARRAGONA,2022Q2,219
NC-EH,TARRAGONA,2022Q3,214
NC-EH,TARRAGONA,2022Q4,200
NC-EH,TARRAGONA,2023Q1,117
NC-EH,TARRAGONA,2023Q2,167
NC-EH,TARRAGONA,2023Q3,113
NC-EH,TARRAGONA,2023Q4,205
NC-EH,TARRAGONA,2024Q1,195
NC-EH,TARRAGONA,2024Q2,157
NC-EH,TARRAGONA,2024Q3,194
NC-EH,TARRAGONA,2024Q4,132
NC-EH,TARRAGONA,2025Q1,148
NC-EH,TARRAGONA,2025Q2,410
NC-EH,TARRAGONA,2025Q3,312
NC-EH,TARRAGONA,2025Q4,482
NC-EH,TARRAGONA,2026Q1,670
NC-EH,ALICANTE,2021Q1,619
NC-EH,ALICANTE,2021Q2,685
NC-EH,ALICANTE,2021Q3,608
NC-EH,ALICANTE,2021Q4,553
NC-EH,ALICANTE,2022Q1,490
NC-EH,ALICANTE,2022Q2,538
NC-EH,ALICANTE,2022Q3,448
NC-EH,ALICANTE,2022Q4,516
NC-EH,ALICANTE,2023Q1,491
NC-EH,ALICANTE,2023Q2,388
NC-EH,ALICANTE,2023Q3,191
NC-EH,ALICANTE,2023Q4,427
NC-EH,ALICANTE,2024Q1,424
NC-EH,ALICANTE,2024Q2,416
NC-EH,ALICANTE,2024Q3,428
NC-EH,ALICANTE,2024Q4,359
NC-EH,ALICANTE,2025Q1,381
NC-EH,ALICANTE,2025Q2,545
NC-EH,ALICANTE,2025Q3,309
NC-EH,ALICANTE,2025Q4,423
NC-EH,ALICANTE,2026Q1,405
NC-EH,CASTELLON,2021Q1,107
NC-EH,CASTELLON,2021Q2,132
NC-EH,CASTELLON,2021Q3,122
NC-EH,CASTELLON,2021Q4,107
NC-EH,CASTELLON,2022Q1,99
NC-EH,CASTELLON,2022Q2,94
NC-EH,CASTELLON,2022Q3,130
NC-EH,CASTELLON,2022Q4,169
NC-EH,CASTELLON,2023Q1,94
NC-EH,CASTELLON,2023Q2,73
NC-EH,CASTELLON,2023Q3,34
NC-EH,CASTELLON,2023Q4,100
NC-EH,CASTELLON,2024Q1,72
NC-EH,CASTELLON,2024Q2,83
NC-EH,CASTELLON,2024Q3,91
NC-EH,CASTELLON,2024Q4,85
NC-EH,CASTELLON,2025Q1,72
NC-EH,CASTELLON,2025Q2,131
NC-EH,CASTELLON,2025Q3,125
NC-EH,CASTELLON,2025Q4,107
NC-EH,CASTELLON,2026Q1,119
NC-EH,VALENCIA,2021Q1,527
NC-EH,VALENCIA,2021Q2,458
NC-EH,VALENCIA,2021Q3,452
NC-EH,VALENCIA,2021Q4,424
NC-EH,VALENCIA,2022Q1,453
NC-EH,VALENCIA,2022Q2,411
NC-EH,VALENCIA,2022Q3,395
NC-EH,VALENCIA,2022Q4,418
NC-EH,VALENCIA,2023Q1,457
NC-EH,VALENCIA,2023Q2,360
NC-EH,VALENCIA,2023Q3,134
NC-EH,VALENCIA,2023Q4,351
NC-EH,VALENCIA,2024Q1,341
NC-EH,VALENCIA,2024Q2,363
NC-EH,VALENCIA,2024Q3,420
NC-EH,VALENCIA,2024Q4,321
NC-EH,VALENCIA,2025Q1,309
NC-EH,VALENCIA,2025Q2,422
NC-EH,VALENCIA,2025Q3,310
NC-EH,VALENCIA,2025Q4,396
NC-EH,VALENCIA,2026Q1,317
NC-EH,BADAJOZ,2021Q1,60
NC-EH,BADAJOZ,2021Q2,78
NC-EH,BADAJOZ,2021Q3,66
NC-EH,BADAJOZ,2021Q4,73
NC-EH,BADAJOZ,2022Q1,97
NC-EH,BADAJOZ,2022Q2,102
NC-EH,BADAJOZ,2022Q3,59
NC-EH,BADAJOZ,2022Q4,70
NC-EH,BADAJOZ,2023Q1,64
NC-EH,BADAJOZ,2023Q2,64
NC-EH,BADAJOZ,2023Q3,26
NC-EH,BADAJOZ,2023Q4,54
NC-EH,BADAJOZ,2024Q1,56
NC-EH,BADAJOZ,2024Q2,79
NC-EH,BADAJOZ,2024Q3,58
NC-EH,BADAJOZ,2024Q4,85
NC-EH,BADAJOZ,2025Q1,93
NC-EH,BADAJOZ,2025Q2,93
NC-EH,BADAJOZ,2025Q3,88
NC-EH,BADAJOZ,2025Q4,99
NC-EH,BADAJOZ,2026Q1,83
NC-EH,CACERES,2021Q1,20
NC-EH,CACERES,2021Q2,22
NC-EH,CACERES,2021Q3,16
NC-EH,CACERES,2021Q4,22
NC-EH,CACERES,2022Q1,23
NC-EH,CACERES,2022Q2,23
NC-EH,CACERES,2022Q3,24
NC-EH,CACERES,2022Q4,20
NC-EH,CACERES,2023Q1,14
NC-EH,CACERES,2023Q2,25
NC-EH,CACERES,2023Q3,11
NC-EH,CACERES,2023Q4,16
NC-EH,CACERES,2024Q1,24
NC-EH,CACERES,2024Q2,13
NC-EH,CACERES,2024Q3,21
NC-EH,CACERES,2024Q4,35
NC-EH,CACERES,2025Q1,41
NC-EH,CACERES,2025Q2,40
NC-EH,CACERES,2025Q3,33
NC-EH,CACERES,2025Q4,30
NC-EH,CACERES,2026Q1,50
NC-EH,A CORUNA,2021Q1,68
NC-EH,A CORUNA,2021Q2,106
NC-EH,A CORUNA,2021Q3,72
NC-EH,A CORUNA,2021Q4,83
NC-EH,A CORUNA,2022Q1,82
NC-EH,A CORUNA,2022Q2,67
NC-EH,A CORUNA,2022Q3,60
NC-EH,A CORUNA,2022Q4,66
NC-EH,A CORUNA,2023Q1,53
NC-EH,A CORUNA,2023Q2,83
NC-EH,A CORUNA,2023Q3,38
NC-EH,A CORUNA,2023Q4,122
NC-EH,A CORUNA,2024Q1,75
NC-EH,A CORUNA,2024Q2,84
NC-EH,A CORUNA,2024Q3,156
NC-EH,A CORUNA,2024Q4,112
NC-EH,A CORUNA,2025Q1,89
NC-EH,A CORUNA,2025Q2,121
NC-EH,A CORUNA,2025Q3,125
NC-EH,A CORUNA,2025Q4,97
NC-EH,A CORUNA,2026Q1,99
NC-EH,LUGO,2021Q1,24
NC-EH,LUGO,2021Q2,20
NC-EH,LUGO,2021Q3,50
NC-EH,LUGO,2021Q4,21
NC-EH,LUGO,2022Q1,19
NC-EH,LUGO,2022Q2,24
NC-EH,LUGO,2022Q3,20
NC-EH,LUGO,2022Q4,17
NC-EH,LUGO,2023Q1,19
NC-EH,LUGO,2023Q2,22
NC-EH,LUGO,2023Q3,13
NC-EH,LUGO,2023Q4,29
NC-EH,LUGO,2024Q1,21
NC-EH,LUGO,2024Q2,26
NC-EH,LUGO,2024Q3,21
NC-EH,LUGO,2024Q4,27
NC-EH,LUGO,2025Q1,28
NC-EH,LUGO,2025Q2,35
NC-EH,LUGO,2025Q3,30
NC-EH,LUGO,2025Q4,33
NC-EH,LUGO,2026Q1,31
NC-EH,OURENSE,2021Q1,16
NC-EH,OURENSE,2021Q2,20
NC-EH,OURENSE,2021Q3,19
NC-EH,OURENSE,2021Q4,29
NC-EH,OURENSE,2022Q1,19
NC-EH,OURENSE,2022Q2,7
NC-EH,OURENSE,2022Q3,12
NC-EH,OURENSE,2022Q4,25
NC-EH,OURENSE,2023Q1,15
NC-EH,OURENSE,2023Q2,18
NC-EH,OURENSE,2023Q3,12
NC-EH,OURENSE,2023Q4,22
NC-EH,OURENSE,2024Q1,18
NC-EH,OURENSE,2024Q2,13
NC-EH,OURENSE,2024Q3,17
NC-EH,OURENSE,2024Q4,18
NC-EH,OURENSE,2025Q1,18
NC-EH,OURENSE,2025Q2,20
NC-EH,OURENSE,2025Q3,28
NC-EH,OURENSE,2025Q4,17
NC-EH,OURENSE,2026Q1,22
NC-EH,PONTEVEDRA,2021Q1,81
NC-EH,PONTEVEDRA,2021Q2,102
NC-EH,PONTEVEDRA,2021Q3,81
NC-EH,PONTEVEDRA,2021Q4,101
NC-EH,PONTEVEDRA,2022Q1,71
NC-EH,PONTEVEDRA,2022Q2,57
NC-EH,PONTEVEDRA,2022Q3,72
NC-EH,PONTEVEDRA,2022Q4,115
NC-EH,PONTEVEDRA,2023Q1,90
NC-EH,PONTEVEDRA,2023Q2,80
NC-EH,PONTEVEDRA,2023Q3,40
NC-EH,PONTEVEDRA,2023Q4,115
NC-EH,PONTEVEDRA,2024Q1,96
NC-EH,PONTEVEDRA,2024Q2,94
NC-EH,PONTEVEDRA,2024Q3,68
NC-EH,PONTEVEDRA,2024Q4,98
NC-EH,PONTEVEDRA,2025Q1,90
NC-EH,PONTEVEDRA,2025Q2,98
NC-EH,PONTEVEDRA,2025Q3,79
NC-EH,PONTEVEDRA,2025Q4,103
NC-EH,PONTEVEDRA,2026Q1,70
NC-EH,MADRID,2021Q1,652
NC-EH,MADRID,2021Q2,611
NC-EH,MADRID,2021Q3,647
NC-EH,MADRID,2021Q4,613
NC-EH,MADRID,2022Q1,741
NC-EH,MADRID,2022Q2,616
NC-EH,MADRID,2022Q3,594
NC-EH,MADRID,2022Q4,843
NC-EH,MADRID,2023Q1,521
NC-EH,MADRID,2023Q2,567
NC-EH,MADRID,2023Q3,280
NC-EH,MADRID,2023Q4,668
NC-EH,MADRID,2024Q1,471
NC-EH,MADRID,2024Q2,529
NC-EH,MADRID,2024Q3,491
NC-EH,MADRID,2024Q4,713
NC-EH,MADRID,2025Q1,609
NC-EH,MADRID,2025Q2,903
NC-EH,MADRID,2025Q3,715
NC-EH,MADRID,2025Q4,662
NC-EH,MADRID,2026Q1,564
NC-EH,MURCIA,2021Q1,434
NC-EH,MURCIA,2021Q2,500
NC-EH,MURCIA,2021Q3,405
NC-EH,MURCIA,2021Q4,336
NC-EH,MURCIA,2022Q1,291
NC-EH,MURCIA,2022Q2,393
NC-EH,MURCIA,2022Q3,295
NC-EH,MURCIA,2022Q4,393
NC-EH,MURCIA,2023Q1,297
NC-EH,MURCIA,2023Q2,195
NC-EH,MURCIA,2023Q3,151
NC-EH,MURCIA,2023Q4,229
NC-EH,MURCIA,2024Q1,295
NC-EH,MURCIA,2024Q2,301
NC-EH,MURCIA,2024Q3,295
NC-EH,MURCIA,2024Q4,338
NC-EH,MURCIA,2025Q1,264
NC-EH,MURCIA,2025Q2,479
NC-EH,MURCIA,2025Q3,293
NC-EH,MURCIA,2025Q4,282
NC-EH,MURCIA,2026Q1,293
NC-EH,NAVARRA,2021Q1,57
NC-EH,NAVARRA,2021Q2,62
NC-EH,NAVARRA,2021Q3,44
NC-EH,NAVARRA,2021Q4,37
NC-EH,NAVARRA,2022Q1,37
NC-EH,NAVARRA,2022Q2,38
NC-EH,NAVARRA,2022Q3,31
NC-EH,NAVARRA,2022Q4,37
NC-EH,NAVARRA,2023Q1,30
NC-EH,NAVARRA,2023Q2,37
NC-EH,NAVARRA,2023Q3,15
NC-EH,NAVARRA,2023Q4,41
NC-EH,NAVARRA,2024Q1,37
NC-EH,NAVARRA,2024Q2,43
NC-EH,NAVARRA,2024Q3,20
NC-EH,NAVARRA,2024Q4,39
NC-EH,NAVARRA,2025Q1,37
NC-EH,NAVARRA,2025Q2,43
NC-EH,NAVARRA,2025Q3,42
NC-EH,NAVARRA,2025Q4,28
NC-EH,NAVARRA,2026Q1,26
NC-EH,ARABA/ALAVA,2021Q1,22
NC-EH,ARABA/ALAVA,2021Q2,33
NC-EH,ARABA/ALAVA,2021Q3,27
NC-EH,ARABA/ALAVA,2021Q4,38
NC-EH,ARABA/ALAVA,2022Q1,28
NC-EH,ARABA/ALAVA,2022Q2,20
NC-EH,ARABA/ALAVA,2022Q3,16
NC-EH,ARABA/ALAVA,2022Q4,4
NC-EH,ARABA/ALAVA,2023Q1,25
NC-EH,ARABA/ALAVA,2023Q2,24
NC-EH,ARABA/ALAVA,2023Q3,18
NC-EH,ARABA/ALAVA,2023Q4,22
NC-EH,ARABA/ALAVA,2024Q1,16
NC-EH,ARABA/ALAVA,2024Q2,18
NC-EH,ARABA/ALAVA,2024Q3,14
NC-EH,ARABA/ALAVA,2024Q4,23
NC-EH,ARABA/ALAVA,2025Q1,18
NC-EH,ARABA/ALAVA,2025Q2,39
NC-EH,ARABA/ALAVA,2025Q3,14
NC-EH,ARABA/ALAVA,2025Q4,22
NC-EH,ARABA/ALAVA,2026Q1,15
NC-EH,GIPUZKOA,2021Q1,42
NC-EH,GIPUZKOA,2021Q2,51
NC-EH,GIPUZKOA,2021Q3,40
NC-EH,GIPUZKOA,2021Q4,34
NC-EH,GIPUZKOA,2022Q1,40
NC-EH,GIPUZKOA,2022Q2,34
NC-EH,GIPUZKOA,2022Q3,33
NC-EH,GIPUZKOA,2022Q4,27
NC-EH,GIPUZKOA,2023Q1,45
NC-EH,GIPUZKOA,2023Q2,57
NC-EH,GIPUZKOA,2023Q3,45
NC-EH,GIPUZKOA,2023Q4,61
NC-EH,GIPUZKOA,2024Q1,47
NC-EH,GIPUZKOA,2024Q2,28
NC-EH,GIPUZKOA,2024Q3,26
NC-EH,GIPUZKOA,2024Q4,40
NC-EH,GIPUZKOA,2025Q1,38
NC-EH,GIPUZKOA,2025Q2,55
NC-EH,GIPUZKOA,2025Q3,29
NC-EH,GIPUZKOA,2025Q4,24
NC-EH,GIPUZKOA,2026Q1,37
NC-EH,BIZKAIA,2021Q1,80
NC-EH,BIZKAIA,2021Q2,75
NC-EH,BIZKAIA,2021Q3,107
NC-EH,BIZKAIA,2021Q4,108
NC-EH,BIZKAIA,2022Q1,111
NC-EH,BIZKAIA,2022Q2,55
NC-EH,BIZKAIA,2022Q3,68
NC-EH,BIZKAIA,2022Q4,69
NC-EH,BIZKAIA,2023Q1,108
NC-EH,BIZKAIA,2023Q2,94
NC-EH,BIZKAIA,2023Q3,47
NC-EH,BIZKAIA,2023Q4,69
NC-EH,BIZKAIA,2024Q1,61
NC-EH,BIZKAIA,2024Q2,58
NC-EH,BIZKAIA,2024Q3,61
NC-EH,BIZKAIA,2024Q4,83
NC-EH,BIZKAIA,2025Q1,97
NC-EH,BIZKAIA,2025Q2,85
NC-EH,BIZKAIA,2025Q3,86
NC-EH,BIZKAIA,2025Q4,70
NC-EH,BIZKAIA,2026Q1,65
NC-EH,LA RIOJA,2021Q1,52
NC-EH,LA RIOJA,2021Q2,48
NC-EH,LA RIOJA,2021Q3,42
NC-EH,LA RIOJA,2021Q4,29
NC-EH,LA RIOJA,2022Q1,41
NC-EH,LA RIOJA,2022Q2,31
NC-EH,LA RIOJA,2022Q3,47
NC-EH,LA RIOJA,2022Q4,43
NC-EH,LA RIOJA,2023Q1,24
NC-EH,LA RIOJA,2023Q2,31
NC-EH,LA RIOJA,2023Q3,23
NC-EH,LA RIOJA,2023Q4,37
NC-EH,LA RIOJA,2024Q1,29
NC-EH,LA RIOJA,2024Q2,26
NC-EH,LA RIOJA,2024Q3,31
NC-EH,LA RIOJA,2024Q4,33
NC-EH,LA RIOJA,2025Q1,30
NC-EH,LA RIOJA,2025Q2,38
NC-EH,LA RIOJA,2025Q3,29
NC-EH,LA RIOJA,2025Q4,31
NC-EH,LA RIOJA,2026Q1,28
NC-EH,TOTAL,2021Q1,7280
NC-EH,TOTAL,2021Q2,7641
NC-EH,TOTAL,2021Q3,6504
NC-EH,TOTAL,2021Q4,6449
NC-EH,TOTAL,2022Q1,6410
NC-EH,TOTAL,2022Q2,6242
NC-EH,TOTAL,2022Q3,5637
NC-EH,TOTAL,2022Q4,6646
NC-EH,TOTAL,2023Q1,5753
NC-EH,TOTAL,2023Q2,5161
NC-EH,TOTAL,2023Q3,2716
NC-EH,TOTAL,2023Q4,5947
NC-EH,TOTAL,2024Q1,5658
NC-EH,TOTAL,2024Q2,5483
NC-EH,TOTAL,2024Q3,5794
NC-EH,TOTAL,2024Q4,6229
NC-EH,TOTAL,2025Q1,6120
NC-EH,TOTAL,2025Q2,9640
NC-EH,TOTAL,2025Q3,7444
NC-EH,TOTAL,2025Q4,8212
NC-EH,TOTAL,2026Q1,7194
NC-DES,ALMERIA,2021Q1,622
NC-DES,ALMERIA,2021Q2,551
NC-DES,ALMERIA,2021Q3,620
NC-DES,ALMERIA,2021Q4,486
NC-DES,ALMERIA,2022Q1,635
NC-DES,ALMERIA,2022Q2,748
NC-DES,ALMERIA,2022Q3,640
NC-DES,ALMERIA,2022Q4,715
NC-DES,ALMERIA,2023Q1,728
NC-DES,ALMERIA,2023Q2,793
NC-DES,ALMERIA,2023Q3,652
NC-DES,ALMERIA,2023Q4,884
NC-DES,ALMERIA,2024Q1,585
NC-DES,ALMERIA,2024Q2,721
NC-DES,ALMERIA,2024Q3,648
NC-DES,ALMERIA,2024Q4,940
NC-DES,ALMERIA,2025Q1,764
NC-DES,ALMERIA,2025Q2,678
NC-DES,ALMERIA,2025Q3,840
NC-DES,ALMERIA,2025Q4,1091
NC-DES,ALMERIA,2026Q1,938
NC-DES,CADIZ,2021Q1,578
NC-DES,CADIZ,2021Q2,523
NC-DES,CADIZ,2021Q3,426
NC-DES,CADIZ,2021Q4,450
NC-DES,CADIZ,2022Q1,517
NC-DES,CADIZ,2022Q2,550
NC-DES,CADIZ,2022Q3,674
NC-DES,CADIZ,2022Q4,555
NC-DES,CADIZ,2023Q1,476
NC-DES,CADIZ,2023Q2,582
NC-DES,CADIZ,2023Q3,750
NC-DES,CADIZ,2023Q4,1218
NC-DES,CADIZ,2024Q1,1046
NC-DES,CADIZ,2024Q2,752
NC-DES,CADIZ,2024Q3,787
NC-DES,CADIZ,2024Q4,774
NC-DES,CADIZ,2025Q1,884
NC-DES,CADIZ,2025Q2,813
NC-DES,CADIZ,2025Q3,789
NC-DES,CADIZ,2025Q4,885
NC-DES,CADIZ,2026Q1,803
NC-DES,CORDOBA,2021Q1,296
NC-DES,CORDOBA,2021Q2,277
NC-DES,CORDOBA,2021Q3,257
NC-DES,CORDOBA,2021Q4,216
NC-DES,CORDOBA,2022Q1,286
NC-DES,CORDOBA,2022Q2,303
NC-DES,CORDOBA,2022Q3,330
NC-DES,CORDOBA,2022Q4,423
NC-DES,CORDOBA,2023Q1,326
NC-DES,CORDOBA,2023Q2,267
NC-DES,CORDOBA,2023Q3,506
NC-DES,CORDOBA,2023Q4,438
NC-DES,CORDOBA,2024Q1,387
NC-DES,CORDOBA,2024Q2,417
NC-DES,CORDOBA,2024Q3,435
NC-DES,CORDOBA,2024Q4,420
NC-DES,CORDOBA,2025Q1,424
NC-DES,CORDOBA,2025Q2,407
NC-DES,CORDOBA,2025Q3,427
NC-DES,CORDOBA,2025Q4,363
NC-DES,CORDOBA,2026Q1,440
NC-DES,GRANADA,2021Q1,473
NC-DES,GRANADA,2021Q2,372
NC-DES,GRANADA,2021Q3,420
NC-DES,GRANADA,2021Q4,379
NC-DES,GRANADA,2022Q1,436
NC-DES,GRANADA,2022Q2,415
NC-DES,GRANADA,2022Q3,543
NC-DES,GRANADA,2022Q4,584
NC-DES,GRANADA,2023Q1,627
NC-DES,GRANADA,2023Q2,492
NC-DES,GRANADA,2023Q3,736
NC-DES,GRANADA,2023Q4,730
NC-DES,GRANADA,2024Q1,925
NC-DES,GRANADA,2024Q2,823
NC-DES,GRANADA,2024Q3,797
NC-DES,GRANADA,2024Q4,824
NC-DES,GRANADA,2025Q1,785
NC-DES,GRANADA,2025Q2,647
NC-DES,GRANADA,2025Q3,793
NC-DES,GRANADA,2025Q4,808
NC-DES,GRANADA,2026Q1,761
NC-DES,HUELVA,2021Q1,227
NC-DES,HUELVA,2021Q2,335
NC-DES,HUELVA,2021Q3,285
NC-DES,HUELVA,2021Q4,220
NC-DES,HUELVA,2022Q1,221
NC-DES,HUELVA,2022Q2,207
NC-DES,HUELVA,2022Q3,316
NC-DES,HUELVA,2022Q4,384
NC-DES,HUELVA,2023Q1,249
NC-DES,HUELVA,2023Q2,242
NC-DES,HUELVA,2023Q3,337
NC-DES,HUELVA,2023Q4,405
NC-DES,HUELVA,2024Q1,335
NC-DES,HUELVA,2024Q2,558
NC-DES,HUELVA,2024Q3,349
NC-DES,HUELVA,2024Q4,321
NC-DES,HUELVA,2025Q1,354
NC-DES,HUELVA,2025Q2,349
NC-DES,HUELVA,2025Q3,462
NC-DES,HUELVA,2025Q4,362
NC-DES,HUELVA,2026Q1,372
NC-DES,JAEN,2021Q1,206
NC-DES,JAEN,2021Q2,146
NC-DES,JAEN,2021Q3,138
NC-DES,JAEN,2021Q4,173
NC-DES,JAEN,2022Q1,207
NC-DES,JAEN,2022Q2,182
NC-DES,JAEN,2022Q3,178
NC-DES,JAEN,2022Q4,202
NC-DES,JAEN,2023Q1,173
NC-DES,JAEN,2023Q2,213
NC-DES,JAEN,2023Q3,212
NC-DES,JAEN,2023Q4,215
NC-DES,JAEN,2024Q1,238
NC-DES,JAEN,2024Q2,312
NC-DES,JAEN,2024Q3,332
NC-DES,JAEN,2024Q4,205
NC-DES,JAEN,2025Q1,256
NC-DES,JAEN,2025Q2,235
NC-DES,JAEN,2025Q3,245
NC-DES,JAEN,2025Q4,239
NC-DES,JAEN,2026Q1,250
NC-DES,MALAGA,2021Q1,1372
NC-DES,MALAGA,2021Q2,1002
NC-DES,MALAGA,2021Q3,947
NC-DES,MALAGA,2021Q4,1028
NC-DES,MALAGA,2022Q1,1065
NC-DES,MALAGA,2022Q2,1049
NC-DES,MALAGA,2022Q3,1097
NC-DES,MALAGA,2022Q4,1204
NC-DES,MALAGA,2023Q1,1323
NC-DES,MALAGA,2023Q2,1254
NC-DES,MALAGA,2023Q3,1373
NC-DES,MALAGA,2023Q4,1449
NC-DES,MALAGA,2024Q1,1555
NC-DES,MALAGA,2024Q2,1787
NC-DES,MALAGA,2024Q3,1567
NC-DES,MALAGA,2024Q4,1498
NC-DES,MALAGA,2025Q1,1633
NC-DES,MALAGA,2025Q2,1479
NC-DES,MALAGA,2025Q3,1676
NC-DES,MALAGA,2025Q4,1633
NC-DES,MALAGA,2026Q1,1655
NC-DES,SEVILLA,2021Q1,1415
NC-DES,SEVILLA,2021Q2,977
NC-DES,SEVILLA,2021Q3,933
NC-DES,SEVILLA,2021Q4,1134
NC-DES,SEVILLA,2022Q1,1213
NC-DES,SEVILLA,2022Q2,1101
NC-DES,SEVILLA,2022Q3,1145
NC-DES,SEVILLA,2022Q4,1224
NC-DES,SEVILLA,2023Q1,1453
NC-DES,SEVILLA,2023Q2,1493
NC-DES,SEVILLA,2023Q3,1537
NC-DES,SEVILLA,2023Q4,1800
NC-DES,SEVILLA,2024Q1,1600
NC-DES,SEVILLA,2024Q2,1626
NC-DES,SEVILLA,2024Q3,1669
NC-DES,SEVILLA,2024Q4,1781
NC-DES,SEVILLA,2025Q1,1517
NC-DES,SEVILLA,2025Q2,1652
NC-DES,SEVILLA,2025Q3,1668
NC-DES,SEVILLA,2025Q4,1565
NC-DES,SEVILLA,2026Q1,1976
NC-DES,HUESCA,2021Q1,89
NC-DES,HUESCA,2021Q2,74
NC-DES,HUESCA,2021Q3,75
NC-DES,HUESCA,2021Q4,79
NC-DES,HUESCA,2022Q1,89
NC-DES,HUESCA,2022Q2,94
NC-DES,HUESCA,2022Q3,96
NC-DES,HUESCA,2022Q4,93
NC-DES,HUESCA,2023Q1,104
NC-DES,HUESCA,2023Q2,119
NC-DES,HUESCA,2023Q3,63
NC-DES,HUESCA,2023Q4,89
NC-DES,HUESCA,2024Q1,96
NC-DES,HUESCA,2024Q2,90
NC-DES,HUESCA,2024Q3,124
NC-DES,HUESCA,2024Q4,97
NC-DES,HUESCA,2025Q1,101
NC-DES,HUESCA,2025Q2,94
NC-DES,HUESCA,2025Q3,116
NC-DES,HUESCA,2025Q4,106
NC-DES,HUESCA,2026Q1,107
NC-DES,TERUEL,2021Q1,37
NC-DES,TERUEL,2021Q2,23
NC-DES,TERUEL,2021Q3,12
NC-DES,TERUEL,2021Q4,18
NC-DES,TERUEL,2022Q1,22
NC-DES,TERUEL,2022Q2,17
NC-DES,TERUEL,2022Q3,20
NC-DES,TERUEL,2022Q4,29
NC-DES,TERUEL,2023Q1,28
NC-DES,TERUEL,2023Q2,34
NC-DES,TERUEL,2023Q3,29
NC-DES,TERUEL,2023Q4,24
NC-DES,TERUEL,2024Q1,28
NC-DES,TERUEL,2024Q2,53
NC-DES,TERUEL,2024Q3,68
NC-DES,TERUEL,2024Q4,35
NC-DES,TERUEL,2025Q1,37
NC-DES,TERUEL,2025Q2,43
NC-DES,TERUEL,2025Q3,29
NC-DES,TERUEL,2025Q4,26
NC-DES,TERUEL,2026Q1,34
NC-DES,ZARAGOZA,2021Q1,548
NC-DES,ZARAGOZA,2021Q2,547
NC-DES,ZARAGOZA,2021Q3,490
NC-DES,ZARAGOZA,2021Q4,693
NC-DES,ZARAGOZA,2022Q1,472
NC-DES,ZARAGOZA,2022Q2,460
NC-DES,ZARAGOZA,2022Q3,558
NC-DES,ZARAGOZA,2022Q4,560
NC-DES,ZARAGOZA,2023Q1,475
NC-DES,ZARAGOZA,2023Q2,578
NC-DES,ZARAGOZA,2023Q3,503
NC-DES,ZARAGOZA,2023Q4,586
NC-DES,ZARAGOZA,2024Q1,590
NC-DES,ZARAGOZA,2024Q2,606
NC-DES,ZARAGOZA,2024Q3,685
NC-DES,ZARAGOZA,2024Q4,631
NC-DES,ZARAGOZA,2025Q1,642
NC-DES,ZARAGOZA,2025Q2,652
NC-DES,ZARAGOZA,2025Q3,633
NC-DES,ZARAGOZA,2025Q4,641
NC-DES,ZARAGOZA,2026Q1,673
NC-DES,ASTURIAS,2021Q1,645
NC-DES,ASTURIAS,2021Q2,547
NC-DES,ASTURIAS,2021Q3,492
NC-DES,ASTURIAS,2021Q4,561
NC-DES,ASTURIAS,2022Q1,462
NC-DES,ASTURIAS,2022Q2,592
NC-DES,ASTURIAS,2022Q3,509
NC-DES,ASTURIAS,2022Q4,570
NC-DES,ASTURIAS,2023Q1,574
NC-DES,ASTURIAS,2023Q2,446
NC-DES,ASTURIAS,2023Q3,678
NC-DES,ASTURIAS,2023Q4,620
NC-DES,ASTURIAS,2024Q1,602
NC-DES,ASTURIAS,2024Q2,700
NC-DES,ASTURIAS,2024Q3,601
NC-DES,ASTURIAS,2024Q4,583
NC-DES,ASTURIAS,2025Q1,702
NC-DES,ASTURIAS,2025Q2,627
NC-DES,ASTURIAS,2025Q3,619
NC-DES,ASTURIAS,2025Q4,738
NC-DES,ASTURIAS,2026Q1,683
NC-DES,ILLES BALEARS,2021Q1,600
NC-DES,ILLES BALEARS,2021Q2,403
NC-DES,ILLES BALEARS,2021Q3,623
NC-DES,ILLES BALEARS,2021Q4,730
NC-DES,ILLES BALEARS,2022Q1,431
NC-DES,ILLES BALEARS,2022Q2,552
NC-DES,ILLES BALEARS,2022Q3,553
NC-DES,ILLES BALEARS,2022Q4,539
NC-DES,ILLES BALEARS,2023Q1,457
NC-DES,ILLES BALEARS,2023Q2,659
NC-DES,ILLES BALEARS,2023Q3,721
NC-DES,ILLES BALEARS,2023Q4,587
NC-DES,ILLES BALEARS,2024Q1,594
NC-DES,ILLES BALEARS,2024Q2,833
NC-DES,ILLES BALEARS,2024Q3,824
NC-DES,ILLES BALEARS,2024Q4,660
NC-DES,ILLES BALEARS,2025Q1,640
NC-DES,ILLES BALEARS,2025Q2,856
NC-DES,ILLES BALEARS,2025Q3,940
NC-DES,ILLES BALEARS,2025Q4,859
NC-DES,ILLES BALEARS,2026Q1,657
NC-DES,LAS PALMAS,2021Q1,1350
NC-DES,LAS PALMAS,2021Q2,1253
NC-DES,LAS PALMAS,2021Q3,1135
NC-DES,LAS PALMAS,2021Q4,1321
NC-DES,LAS PALMAS,2022Q1,1290
NC-DES,LAS PALMAS,2022Q2,1416
NC-DES,LAS PALMAS,2022Q3,1222
NC-DES,LAS PALMAS,2022Q4,1438
NC-DES,LAS PALMAS,2023Q1,1602
NC-DES,LAS PALMAS,2023Q2,1527
NC-DES,LAS PALMAS,2023Q3,1464
NC-DES,LAS PALMAS,2023Q4,1573
NC-DES,LAS PALMAS,2024Q1,1550
NC-DES,LAS PALMAS,2024Q2,1547
NC-DES,LAS PALMAS,2024Q3,1579
NC-DES,LAS PALMAS,2024Q4,1563
NC-DES,LAS PALMAS,2025Q1,1631
NC-DES,LAS PALMAS,2025Q2,1531
NC-DES,LAS PALMAS,2025Q3,1684
NC-DES,LAS PALMAS,2025Q4,1504
NC-DES,LAS PALMAS,2026Q1,1498
NC-DES,SANTA CRUZ DE TENERIFE,2021Q1,978
NC-DES,SANTA CRUZ DE TENERIFE,2021Q2,711
NC-DES,SANTA CRUZ DE TENERIFE,2021Q3,666
NC-DES,SANTA CRUZ DE TENERIFE,2021Q4,717
NC-DES,SANTA CRUZ DE TENERIFE,2022Q1,788
NC-DES,SANTA CRUZ DE TENERIFE,2022Q2,842
NC-DES,SANTA CRUZ DE TENERIFE,2022Q3,857
NC-DES,SANTA CRUZ DE TENERIFE,2022Q4,868
NC-DES,SANTA CRUZ DE TENERIFE,2023Q1,930
NC-DES,SANTA CRUZ DE TENERIFE,2023Q2,1096
NC-DES,SANTA CRUZ DE TENERIFE,2023Q3,1024
NC-DES,SANTA CRUZ DE TENERIFE,2023Q4,960
NC-DES,SANTA CRUZ DE TENERIFE,2024Q1,1017
NC-DES,SANTA CRUZ DE TENERIFE,2024Q2,1043
NC-DES,SANTA CRUZ DE TENERIFE,2024Q3,1018
NC-DES,SANTA CRUZ DE TENERIFE,2024Q4,1027
NC-DES,SANTA CRUZ DE TENERIFE,2025Q1,1149
NC-DES,SANTA CRUZ DE TENERIFE,2025Q2,1085
NC-DES,SANTA CRUZ DE TENERIFE,2025Q3,1069
NC-DES,SANTA CRUZ DE TENERIFE,2025Q4,1085
NC-DES,SANTA CRUZ DE TENERIFE,2026Q1,1136
NC-DES,CANTABRIA,2021Q1,259
NC-DES,CANTABRIA,2021Q2,249
NC-DES,CANTABRIA,2021Q3,185
NC-DES,CANTABRIA,2021Q4,252
NC-DES,CANTABRIA,2022Q1,296
NC-DES,CANTABRIA,2022Q2,222
NC-DES,CANTABRIA,2022Q3,253
NC-DES,CANTABRIA,2022Q4,242
NC-DES,CANTABRIA,2023Q1,255
NC-DES,CANTABRIA,2023Q2,240
NC-DES,CANTABRIA,2023Q3,378
NC-DES,CANTABRIA,2023Q4,334
NC-DES,CANTABRIA,2024Q1,352
NC-DES,CANTABRIA,2024Q2,336
NC-DES,CANTABRIA,2024Q3,331
NC-DES,CANTABRIA,2024Q4,320
NC-DES,CANTABRIA,2025Q1,325
NC-DES,CANTABRIA,2025Q2,331
NC-DES,CANTABRIA,2025Q3,326
NC-DES,CANTABRIA,2025Q4,308
NC-DES,CANTABRIA,2026Q1,317
NC-DES,AVILA,2021Q1,48
NC-DES,AVILA,2021Q2,33
NC-DES,AVILA,2021Q3,40
NC-DES,AVILA,2021Q4,51
NC-DES,AVILA,2022Q1,35
NC-DES,AVILA,2022Q2,37
NC-DES,AVILA,2022Q3,51
NC-DES,AVILA,2022Q4,42
NC-DES,AVILA,2023Q1,58
NC-DES,AVILA,2023Q2,53
NC-DES,AVILA,2023Q3,58
NC-DES,AVILA,2023Q4,71
NC-DES,AVILA,2024Q1,86
NC-DES,AVILA,2024Q2,53
NC-DES,AVILA,2024Q3,72
NC-DES,AVILA,2024Q4,59
NC-DES,AVILA,2025Q1,96
NC-DES,AVILA,2025Q2,46
NC-DES,AVILA,2025Q3,80
NC-DES,AVILA,2025Q4,69
NC-DES,AVILA,2026Q1,56
NC-DES,BURGOS,2021Q1,170
NC-DES,BURGOS,2021Q2,157
NC-DES,BURGOS,2021Q3,136
NC-DES,BURGOS,2021Q4,147
NC-DES,BURGOS,2022Q1,174
NC-DES,BURGOS,2022Q2,172
NC-DES,BURGOS,2022Q3,138
NC-DES,BURGOS,2022Q4,162
NC-DES,BURGOS,2023Q1,137
NC-DES,BURGOS,2023Q2,194
NC-DES,BURGOS,2023Q3,180
NC-DES,BURGOS,2023Q4,188
NC-DES,BURGOS,2024Q1,335
NC-DES,BURGOS,2024Q2,204
NC-DES,BURGOS,2024Q3,249
NC-DES,BURGOS,2024Q4,226
NC-DES,BURGOS,2025Q1,302
NC-DES,BURGOS,2025Q2,247
NC-DES,BURGOS,2025Q3,256
NC-DES,BURGOS,2025Q4,231
NC-DES,BURGOS,2026Q1,267
NC-DES,LEON,2021Q1,247
NC-DES,LEON,2021Q2,198
NC-DES,LEON,2021Q3,235
NC-DES,LEON,2021Q4,168
NC-DES,LEON,2022Q1,255
NC-DES,LEON,2022Q2,203
NC-DES,LEON,2022Q3,198
NC-DES,LEON,2022Q4,214
NC-DES,LEON,2023Q1,139
NC-DES,LEON,2023Q2,344
NC-DES,LEON,2023Q3,210
NC-DES,LEON,2023Q4,401
NC-DES,LEON,2024Q1,272
NC-DES,LEON,2024Q2,359
NC-DES,LEON,2024Q3,272
NC-DES,LEON,2024Q4,261
NC-DES,LEON,2025Q1,256
NC-DES,LEON,2025Q2,278
NC-DES,LEON,2025Q3,258
NC-DES,LEON,2025Q4,312
NC-DES,LEON,2026Q1,325
NC-DES,PALENCIA,2021Q1,70
NC-DES,PALENCIA,2021Q2,62
NC-DES,PALENCIA,2021Q3,99
NC-DES,PALENCIA,2021Q4,50
NC-DES,PALENCIA,2022Q1,63
NC-DES,PALENCIA,2022Q2,70
NC-DES,PALENCIA,2022Q3,94
NC-DES,PALENCIA,2022Q4,61
NC-DES,PALENCIA,2023Q1,63
NC-DES,PALENCIA,2023Q2,65
NC-DES,PALENCIA,2023Q3,58
NC-DES,PALENCIA,2023Q4,88
NC-DES,PALENCIA,2024Q1,88
NC-DES,PALENCIA,2024Q2,103
NC-DES,PALENCIA,2024Q3,99
NC-DES,PALENCIA,2024Q4,77
NC-DES,PALENCIA,2025Q1,102
NC-DES,PALENCIA,2025Q2,82
NC-DES,PALENCIA,2025Q3,92
NC-DES,PALENCIA,2025Q4,109
NC-DES,PALENCIA,2026Q1,140
NC-DES,SALAMANCA,2021Q1,166
NC-DES,SALAMANCA,2021Q2,139
NC-DES,SALAMANCA,2021Q3,106
NC-DES,SALAMANCA,2021Q4,115
NC-DES,SALAMANCA,2022Q1,116
NC-DES,SALAMANCA,2022Q2,124
NC-DES,SALAMANCA,2022Q3,137
NC-DES,SALAMANCA,2022Q4,200
NC-DES,SALAMANCA,2023Q1,130
NC-DES,SALAMANCA,2023Q2,150
NC-DES,SALAMANCA,2023Q3,127
NC-DES,SALAMANCA,2023Q4,163
NC-DES,SALAMANCA,2024Q1,192
NC-DES,SALAMANCA,2024Q2,194
NC-DES,SALAMANCA,2024Q3,198
NC-DES,SALAMANCA,2024Q4,190
NC-DES,SALAMANCA,2025Q1,190
NC-DES,SALAMANCA,2025Q2,147
NC-DES,SALAMANCA,2025Q3,201
NC-DES,SALAMANCA,2025Q4,183
NC-DES,SALAMANCA,2026Q1,171
NC-DES,SEGOVIA,2021Q1,52
NC-DES,SEGOVIA,2021Q2,48
NC-DES,SEGOVIA,2021Q3,46
NC-DES,SEGOVIA,2021Q4,40
NC-DES,SEGOVIA,2022Q1,61
NC-DES,SEGOVIA,2022Q2,49
NC-DES,SEGOVIA,2022Q3,46
NC-DES,SEGOVIA,2022Q4,57
NC-DES,SEGOVIA,2023Q1,80
NC-DES,SEGOVIA,2023Q2,55
NC-DES,SEGOVIA,2023Q3,66
NC-DES,SEGOVIA,2023Q4,56
NC-DES,SEGOVIA,2024Q1,98
NC-DES,SEGOVIA,2024Q2,79
NC-DES,SEGOVIA,2024Q3,84
NC-DES,SEGOVIA,2024Q4,74
NC-DES,SEGOVIA,2025Q1,100
NC-DES,SEGOVIA,2025Q2,69
NC-DES,SEGOVIA,2025Q3,72
NC-DES,SEGOVIA,2025Q4,78
NC-DES,SEGOVIA,2026Q1,90
NC-DES,SORIA,2021Q1,28
NC-DES,SORIA,2021Q2,27
NC-DES,SORIA,2021Q3,20
NC-DES,SORIA,2021Q4,29
NC-DES,SORIA,2022Q1,25
NC-DES,SORIA,2022Q2,27
NC-DES,SORIA,2022Q3,23
NC-DES,SORIA,2022Q4,26
NC-DES,SORIA,2023Q1,35
NC-DES,SORIA,2023Q2,30
NC-DES,SORIA,2023Q3,21
NC-DES,SORIA,2023Q4,43
NC-DES,SORIA,2024Q1,79
NC-DES,SORIA,2024Q2,52
NC-DES,SORIA,2024Q3,39
NC-DES,SORIA,2024Q4,45
NC-DES,SORIA,2025Q1,48
NC-DES,SORIA,2025Q2,61
NC-DES,SORIA,2025Q3,37
NC-DES,SORIA,2025Q4,107
NC-DES,SORIA,2026Q1,100
NC-DES,VALLADOLID,2021Q1,404
NC-DES,VALLADOLID,2021Q2,422
NC-DES,VALLADOLID,2021Q3,288
NC-DES,VALLADOLID,2021Q4,261
NC-DES,VALLADOLID,2022Q1,321
NC-DES,VALLADOLID,2022Q2,333
NC-DES,VALLADOLID,2022Q3,382
NC-DES,VALLADOLID,2022Q4,330
NC-DES,VALLADOLID,2023Q1,402
NC-DES,VALLADOLID,2023Q2,319
NC-DES,VALLADOLID,2023Q3,333
NC-DES,VALLADOLID,2023Q4,340
NC-DES,VALLADOLID,2024Q1,510
NC-DES,VALLADOLID,2024Q2,451
NC-DES,VALLADOLID,2024Q3,333
NC-DES,VALLADOLID,2024Q4,307
NC-DES,VALLADOLID,2025Q1,411
NC-DES,VALLADOLID,2025Q2,389
NC-DES,VALLADOLID,2025Q3,343
NC-DES,VALLADOLID,2025Q4,367
NC-DES,VALLADOLID,2026Q1,447
NC-DES,ZAMORA,2021Q1,64
NC-DES,ZAMORA,2021Q2,39
NC-DES,ZAMORA,2021Q3,50
NC-DES,ZAMORA,2021Q4,67
NC-DES,ZAMORA,2022Q1,67
NC-DES,ZAMORA,2022Q2,57
NC-DES,ZAMORA,2022Q3,72
NC-DES,ZAMORA,2022Q4,62
NC-DES,ZAMORA,2023Q1,60
NC-DES,ZAMORA,2023Q2,64
NC-DES,ZAMORA,2023Q3,76
NC-DES,ZAMORA,2023Q4,95
NC-DES,ZAMORA,2024Q1,93
NC-DES,ZAMORA,2024Q2,73
NC-DES,ZAMORA,2024Q3,87
NC-DES,ZAMORA,2024Q4,64
NC-DES,ZAMORA,2025Q1,107
NC-DES,ZAMORA,2025Q2,68
NC-DES,ZAMORA,2025Q3,63
NC-DES,ZAMORA,2025Q4,116
NC-DES,ZAMORA,2026Q1,117
NC-DES,ALBACETE,2021Q1,207
NC-DES,ALBACETE,2021Q2,168
NC-DES,ALBACETE,2021Q3,147
NC-DES,ALBACETE,2021Q4,151
NC-DES,ALBACETE,2022Q1,156
NC-DES,ALBACETE,2022Q2,170
NC-DES,ALBACETE,2022Q3,178
NC-DES,ALBACETE,2022Q4,202
NC-DES,ALBACETE,2023Q1,92
NC-DES,ALBACETE,2023Q2,347
NC-DES,ALBACETE,2023Q3,236
NC-DES,ALBACETE,2023Q4,227
NC-DES,ALBACETE,2024Q1,199
NC-DES,ALBACETE,2024Q2,231
NC-DES,ALBACETE,2024Q3,186
NC-DES,ALBACETE,2024Q4,193
NC-DES,ALBACETE,2025Q1,181
NC-DES,ALBACETE,2025Q2,134
NC-DES,ALBACETE,2025Q3,190
NC-DES,ALBACETE,2025Q4,210
NC-DES,ALBACETE,2026Q1,226
NC-DES,CIUDAD REAL,2021Q1,157
NC-DES,CIUDAD REAL,2021Q2,121
NC-DES,CIUDAD REAL,2021Q3,112
NC-DES,CIUDAD REAL,2021Q4,158
NC-DES,CIUDAD REAL,2022Q1,169
NC-DES,CIUDAD REAL,2022Q2,145
NC-DES,CIUDAD REAL,2022Q3,193
NC-DES,CIUDAD REAL,2022Q4,168
NC-DES,CIUDAD REAL,2023Q1,227
NC-DES,CIUDAD REAL,2023Q2,194
NC-DES,CIUDAD REAL,2023Q3,210
NC-DES,CIUDAD REAL,2023Q4,208
NC-DES,CIUDAD REAL,2024Q1,203
NC-DES,CIUDAD REAL,2024Q2,190
NC-DES,CIUDAD REAL,2024Q3,243
NC-DES,CIUDAD REAL,2024Q4,251
NC-DES,CIUDAD REAL,2025Q1,224
NC-DES,CIUDAD REAL,2025Q2,201
NC-DES,CIUDAD REAL,2025Q3,206
NC-DES,CIUDAD REAL,2025Q4,188
NC-DES,CIUDAD REAL,2026Q1,201
NC-DES,CUENCA,2021Q1,79
NC-DES,CUENCA,2021Q2,117
NC-DES,CUENCA,2021Q3,66
NC-DES,CUENCA,2021Q4,55
NC-DES,CUENCA,2022Q1,99
NC-DES,CUENCA,2022Q2,81
NC-DES,CUENCA,2022Q3,84
NC-DES,CUENCA,2022Q4,73
NC-DES,CUENCA,2023Q1,109
NC-DES,CUENCA,2023Q2,67
NC-DES,CUENCA,2023Q3,130
NC-DES,CUENCA,2023Q4,115
NC-DES,CUENCA,2024Q1,108
NC-DES,CUENCA,2024Q2,119
NC-DES,CUENCA,2024Q3,81
NC-DES,CUENCA,2024Q4,96
NC-DES,CUENCA,2025Q1,117
NC-DES,CUENCA,2025Q2,123
NC-DES,CUENCA,2025Q3,117
NC-DES,CUENCA,2025Q4,120
NC-DES,CUENCA,2026Q1,100
NC-DES,GUADALAJARA,2021Q1,166
NC-DES,GUADALAJARA,2021Q2,149
NC-DES,GUADALAJARA,2021Q3,105
NC-DES,GUADALAJARA,2021Q4,97
NC-DES,GUADALAJARA,2022Q1,121
NC-DES,GUADALAJARA,2022Q2,135
NC-DES,GUADALAJARA,2022Q3,133
NC-DES,GUADALAJARA,2022Q4,147
NC-DES,GUADALAJARA,2023Q1,161
NC-DES,GUADALAJARA,2023Q2,147
NC-DES,GUADALAJARA,2023Q3,164
NC-DES,GUADALAJARA,2023Q4,159
NC-DES,GUADALAJARA,2024Q1,208
NC-DES,GUADALAJARA,2024Q2,163
NC-DES,GUADALAJARA,2024Q3,157
NC-DES,GUADALAJARA,2024Q4,174
NC-DES,GUADALAJARA,2025Q1,174
NC-DES,GUADALAJARA,2025Q2,171
NC-DES,GUADALAJARA,2025Q3,155
NC-DES,GUADALAJARA,2025Q4,182
NC-DES,GUADALAJARA,2026Q1,205
NC-DES,TOLEDO,2021Q1,455
NC-DES,TOLEDO,2021Q2,361
NC-DES,TOLEDO,2021Q3,206
NC-DES,TOLEDO,2021Q4,247
NC-DES,TOLEDO,2022Q1,267
NC-DES,TOLEDO,2022Q2,258
NC-DES,TOLEDO,2022Q3,281
NC-DES,TOLEDO,2022Q4,274
NC-DES,TOLEDO,2023Q1,262
NC-DES,TOLEDO,2023Q2,259
NC-DES,TOLEDO,2023Q3,449
NC-DES,TOLEDO,2023Q4,447
NC-DES,TOLEDO,2024Q1,501
NC-DES,TOLEDO,2024Q2,380
NC-DES,TOLEDO,2024Q3,551
NC-DES,TOLEDO,2024Q4,366
NC-DES,TOLEDO,2025Q1,450
NC-DES,TOLEDO,2025Q2,475
NC-DES,TOLEDO,2025Q3,408
NC-DES,TOLEDO,2025Q4,403
NC-DES,TOLEDO,2026Q1,431
NC-DES,BARCELONA,2021Q1,5183
NC-DES,BARCELONA,2021Q2,4385
NC-DES,BARCELONA,2021Q3,4013
NC-DES,BARCELONA,2021Q4,4321
NC-DES,BARCELONA,2022Q1,5293
NC-DES,BARCELONA,2022Q2,4558
NC-DES,BARCELONA,2022Q3,4690
NC-DES,BARCELONA,2022Q4,5285
NC-DES,BARCELONA,2023Q1,5205
NC-DES,BARCELONA,2023Q2,5977
NC-DES,BARCELONA,2023Q3,5198
NC-DES,BARCELONA,2023Q4,6057
NC-DES,BARCELONA,2024Q1,6697
NC-DES,BARCELONA,2024Q2,6128
NC-DES,BARCELONA,2024Q3,5805
NC-DES,BARCELONA,2024Q4,6388
NC-DES,BARCELONA,2025Q1,6294
NC-DES,BARCELONA,2025Q2,5852
NC-DES,BARCELONA,2025Q3,6293
NC-DES,BARCELONA,2025Q4,6785
NC-DES,BARCELONA,2026Q1,7274
NC-DES,GIRONA,2021Q1,428
NC-DES,GIRONA,2021Q2,365
NC-DES,GIRONA,2021Q3,374
NC-DES,GIRONA,2021Q4,422
NC-DES,GIRONA,2022Q1,410
NC-DES,GIRONA,2022Q2,406
NC-DES,GIRONA,2022Q3,416
NC-DES,GIRONA,2022Q4,404
NC-DES,GIRONA,2023Q1,448
NC-DES,GIRONA,2023Q2,415
NC-DES,GIRONA,2023Q3,569
NC-DES,GIRONA,2023Q4,548
NC-DES,GIRONA,2024Q1,583
NC-DES,GIRONA,2024Q2,530
NC-DES,GIRONA,2024Q3,528
NC-DES,GIRONA,2024Q4,543
NC-DES,GIRONA,2025Q1,553
NC-DES,GIRONA,2025Q2,523
NC-DES,GIRONA,2025Q3,551
NC-DES,GIRONA,2025Q4,551
NC-DES,GIRONA,2026Q1,569
NC-DES,LLEIDA,2021Q1,171
NC-DES,LLEIDA,2021Q2,144
NC-DES,LLEIDA,2021Q3,175
NC-DES,LLEIDA,2021Q4,154
NC-DES,LLEIDA,2022Q1,160
NC-DES,LLEIDA,2022Q2,160
NC-DES,LLEIDA,2022Q3,196
NC-DES,LLEIDA,2022Q4,197
NC-DES,LLEIDA,2023Q1,163
NC-DES,LLEIDA,2023Q2,187
NC-DES,LLEIDA,2023Q3,192
NC-DES,LLEIDA,2023Q4,249
NC-DES,LLEIDA,2024Q1,246
NC-DES,LLEIDA,2024Q2,236
NC-DES,LLEIDA,2024Q3,260
NC-DES,LLEIDA,2024Q4,290
NC-DES,LLEIDA,2025Q1,224
NC-DES,LLEIDA,2025Q2,217
NC-DES,LLEIDA,2025Q3,240
NC-DES,LLEIDA,2025Q4,247
NC-DES,LLEIDA,2026Q1,303
NC-DES,TARRAGONA,2021Q1,476
NC-DES,TARRAGONA,2021Q2,345
NC-DES,TARRAGONA,2021Q3,408
NC-DES,TARRAGONA,2021Q4,432
NC-DES,TARRAGONA,2022Q1,424
NC-DES,TARRAGONA,2022Q2,459
NC-DES,TARRAGONA,2022Q3,468
NC-DES,TARRAGONA,2022Q4,538
NC-DES,TARRAGONA,2023Q1,597
NC-DES,TARRAGONA,2023Q2,581
NC-DES,TARRAGONA,2023Q3,586
NC-DES,TARRAGONA,2023Q4,575
NC-DES,TARRAGONA,2024Q1,690
NC-DES,TARRAGONA,2024Q2,650
NC-DES,TARRAGONA,2024Q3,610
NC-DES,TARRAGONA,2024Q4,620
NC-DES,TARRAGONA,2025Q1,674
NC-DES,TARRAGONA,2025Q2,711
NC-DES,TARRAGONA,2025Q3,673
NC-DES,TARRAGONA,2025Q4,715
NC-DES,TARRAGONA,2026Q1,740
NC-DES,ALICANTE,2021Q1,1532
NC-DES,ALICANTE,2021Q2,1141
NC-DES,ALICANTE,2021Q3,1095
NC-DES,ALICANTE,2021Q4,1083
NC-DES,ALICANTE,2022Q1,1061
NC-DES,ALICANTE,2022Q2,997
NC-DES,ALICANTE,2022Q3,1139
NC-DES,ALICANTE,2022Q4,1147
NC-DES,ALICANTE,2023Q1,1402
NC-DES,ALICANTE,2023Q2,1424
NC-DES,ALICANTE,2023Q3,1388
NC-DES,ALICANTE,2023Q4,1514
NC-DES,ALICANTE,2024Q1,1715
NC-DES,ALICANTE,2024Q2,1770
NC-DES,ALICANTE,2024Q3,1517
NC-DES,ALICANTE,2024Q4,1629
NC-DES,ALICANTE,2025Q1,1762
NC-DES,ALICANTE,2025Q2,1694
NC-DES,ALICANTE,2025Q3,1666
NC-DES,ALICANTE,2025Q4,1536
NC-DES,ALICANTE,2026Q1,1682
NC-DES,CASTELLON,2021Q1,361
NC-DES,CASTELLON,2021Q2,269
NC-DES,CASTELLON,2021Q3,277
NC-DES,CASTELLON,2021Q4,293
NC-DES,CASTELLON,2022Q1,308
NC-DES,CASTELLON,2022Q2,243
NC-DES,CASTELLON,2022Q3,331
NC-DES,CASTELLON,2022Q4,334
NC-DES,CASTELLON,2023Q1,460
NC-DES,CASTELLON,2023Q2,365
NC-DES,CASTELLON,2023Q3,411
NC-DES,CASTELLON,2023Q4,419
NC-DES,CASTELLON,2024Q1,460
NC-DES,CASTELLON,2024Q2,375
NC-DES,CASTELLON,2024Q3,403
NC-DES,CASTELLON,2024Q4,598
NC-DES,CASTELLON,2025Q1,560
NC-DES,CASTELLON,2025Q2,682
NC-DES,CASTELLON,2025Q3,566
NC-DES,CASTELLON,2025Q4,442
NC-DES,CASTELLON,2026Q1,456
NC-DES,VALENCIA,2021Q1,2211
NC-DES,VALENCIA,2021Q2,1669
NC-DES,VALENCIA,2021Q3,1667
NC-DES,VALENCIA,2021Q4,1716
NC-DES,VALENCIA,2022Q1,1940
NC-DES,VALENCIA,2022Q2,1931
NC-DES,VALENCIA,2022Q3,2049
NC-DES,VALENCIA,2022Q4,2063
NC-DES,VALENCIA,2023Q1,2485
NC-DES,VALENCIA,2023Q2,2728
NC-DES,VALENCIA,2023Q3,2469
NC-DES,VALENCIA,2023Q4,2525
NC-DES,VALENCIA,2024Q1,3513
NC-DES,VALENCIA,2024Q2,3260
NC-DES,VALENCIA,2024Q3,3388
NC-DES,VALENCIA,2024Q4,3126
NC-DES,VALENCIA,2025Q1,3031
NC-DES,VALENCIA,2025Q2,3066
NC-DES,VALENCIA,2025Q3,2886
NC-DES,VALENCIA,2025Q4,3663
NC-DES,VALENCIA,2026Q1,3538
NC-DES,BADAJOZ,2021Q1,255
NC-DES,BADAJOZ,2021Q2,211
NC-DES,BADAJOZ,2021Q3,226
NC-DES,BADAJOZ,2021Q4,256
NC-DES,BADAJOZ,2022Q1,245
NC-DES,BADAJOZ,2022Q2,321
NC-DES,BADAJOZ,2022Q3,275
NC-DES,BADAJOZ,2022Q4,320
NC-DES,BADAJOZ,2023Q1,265
NC-DES,BADAJOZ,2023Q2,284
NC-DES,BADAJOZ,2023Q3,226
NC-DES,BADAJOZ,2023Q4,346
NC-DES,BADAJOZ,2024Q1,324
NC-DES,BADAJOZ,2024Q2,385
NC-DES,BADAJOZ,2024Q3,350
NC-DES,BADAJOZ,2024Q4,371
NC-DES,BADAJOZ,2025Q1,383
NC-DES,BADAJOZ,2025Q2,415
NC-DES,BADAJOZ,2025Q3,437
NC-DES,BADAJOZ,2025Q4,405
NC-DES,BADAJOZ,2026Q1,327
NC-DES,CACERES,2021Q1,193
NC-DES,CACERES,2021Q2,121
NC-DES,CACERES,2021Q3,102
NC-DES,CACERES,2021Q4,120
NC-DES,CACERES,2022Q1,112
NC-DES,CACERES,2022Q2,109
NC-DES,CACERES,2022Q3,121
NC-DES,CACERES,2022Q4,130
NC-DES,CACERES,2023Q1,106
NC-DES,CACERES,2023Q2,174
NC-DES,CACERES,2023Q3,138
NC-DES,CACERES,2023Q4,177
NC-DES,CACERES,2024Q1,151
NC-DES,CACERES,2024Q2,170
NC-DES,CACERES,2024Q3,135
NC-DES,CACERES,2024Q4,130
NC-DES,CACERES,2025Q1,162
NC-DES,CACERES,2025Q2,191
NC-DES,CACERES,2025Q3,203
NC-DES,CACERES,2025Q4,188
NC-DES,CACERES,2026Q1,233
NC-DES,A CORUNA,2021Q1,679
NC-DES,A CORUNA,2021Q2,502
NC-DES,A CORUNA,2021Q3,607
NC-DES,A CORUNA,2021Q4,499
NC-DES,A CORUNA,2022Q1,527
NC-DES,A CORUNA,2022Q2,574
NC-DES,A CORUNA,2022Q3,555
NC-DES,A CORUNA,2022Q4,543
NC-DES,A CORUNA,2023Q1,460
NC-DES,A CORUNA,2023Q2,801
NC-DES,A CORUNA,2023Q3,505
NC-DES,A CORUNA,2023Q4,641
NC-DES,A CORUNA,2024Q1,677
NC-DES,A CORUNA,2024Q2,630
NC-DES,A CORUNA,2024Q3,628
NC-DES,A CORUNA,2024Q4,628
NC-DES,A CORUNA,2025Q1,698
NC-DES,A CORUNA,2025Q2,627
NC-DES,A CORUNA,2025Q3,635
NC-DES,A CORUNA,2025Q4,686
NC-DES,A CORUNA,2026Q1,677
NC-DES,LUGO,2021Q1,163
NC-DES,LUGO,2021Q2,132
NC-DES,LUGO,2021Q3,124
NC-DES,LUGO,2021Q4,137
NC-DES,LUGO,2022Q1,161
NC-DES,LUGO,2022Q2,192
NC-DES,LUGO,2022Q3,153
NC-DES,LUGO,2022Q4,148
NC-DES,LUGO,2023Q1,107
NC-DES,LUGO,2023Q2,167
NC-DES,LUGO,2023Q3,131
NC-DES,LUGO,2023Q4,169
NC-DES,LUGO,2024Q1,181
NC-DES,LUGO,2024Q2,178
NC-DES,LUGO,2024Q3,137
NC-DES,LUGO,2024Q4,172
NC-DES,LUGO,2025Q1,158
NC-DES,LUGO,2025Q2,204
NC-DES,LUGO,2025Q3,129
NC-DES,LUGO,2025Q4,152
NC-DES,LUGO,2026Q1,293
NC-DES,OURENSE,2021Q1,115
NC-DES,OURENSE,2021Q2,92
NC-DES,OURENSE,2021Q3,95
NC-DES,OURENSE,2021Q4,137
NC-DES,OURENSE,2022Q1,110
NC-DES,OURENSE,2022Q2,108
NC-DES,OURENSE,2022Q3,129
NC-DES,OURENSE,2022Q4,105
NC-DES,OURENSE,2023Q1,102
NC-DES,OURENSE,2023Q2,179
NC-DES,OURENSE,2023Q3,129
NC-DES,OURENSE,2023Q4,172
NC-DES,OURENSE,2024Q1,153
NC-DES,OURENSE,2024Q2,166
NC-DES,OURENSE,2024Q3,170
NC-DES,OURENSE,2024Q4,147
NC-DES,OURENSE,2025Q1,156
NC-DES,OURENSE,2025Q2,132
NC-DES,OURENSE,2025Q3,147
NC-DES,OURENSE,2025Q4,140
NC-DES,OURENSE,2026Q1,239
NC-DES,PONTEVEDRA,2021Q1,422
NC-DES,PONTEVEDRA,2021Q2,429
NC-DES,PONTEVEDRA,2021Q3,373
NC-DES,PONTEVEDRA,2021Q4,345
NC-DES,PONTEVEDRA,2022Q1,405
NC-DES,PONTEVEDRA,2022Q2,438
NC-DES,PONTEVEDRA,2022Q3,487
NC-DES,PONTEVEDRA,2022Q4,496
NC-DES,PONTEVEDRA,2023Q1,545
NC-DES,PONTEVEDRA,2023Q2,573
NC-DES,PONTEVEDRA,2023Q3,519
NC-DES,PONTEVEDRA,2023Q4,547
NC-DES,PONTEVEDRA,2024Q1,725
NC-DES,PONTEVEDRA,2024Q2,687
NC-DES,PONTEVEDRA,2024Q3,563
NC-DES,PONTEVEDRA,2024Q4,540
NC-DES,PONTEVEDRA,2025Q1,583
NC-DES,PONTEVEDRA,2025Q2,531
NC-DES,PONTEVEDRA,2025Q3,521
NC-DES,PONTEVEDRA,2025Q4,619
NC-DES,PONTEVEDRA,2026Q1,600
NC-DES,MADRID,2021Q1,7353
NC-DES,MADRID,2021Q2,5828
NC-DES,MADRID,2021Q3,5347
NC-DES,MADRID,2021Q4,5918
NC-DES,MADRID,2022Q1,5714
NC-DES,MADRID,2022Q2,5100
NC-DES,MADRID,2022Q3,5761
NC-DES,MADRID,2022Q4,5605
NC-DES,MADRID,2023Q1,5739
NC-DES,MADRID,2023Q2,5230
NC-DES,MADRID,2023Q3,7076
NC-DES,MADRID,2023Q4,5689
NC-DES,MADRID,2024Q1,5850
NC-DES,MADRID,2024Q2,8361
NC-DES,MADRID,2024Q3,6566
NC-DES,MADRID,2024Q4,6812
NC-DES,MADRID,2025Q1,7721
NC-DES,MADRID,2025Q2,8745
NC-DES,MADRID,2025Q3,7785
NC-DES,MADRID,2025Q4,7550
NC-DES,MADRID,2026Q1,7138
NC-DES,MURCIA,2021Q1,757
NC-DES,MURCIA,2021Q2,895
NC-DES,MURCIA,2021Q3,719
NC-DES,MURCIA,2021Q4,787
NC-DES,MURCIA,2022Q1,1088
NC-DES,MURCIA,2022Q2,922
NC-DES,MURCIA,2022Q3,880
NC-DES,MURCIA,2022Q4,1355
NC-DES,MURCIA,2023Q1,1366
NC-DES,MURCIA,2023Q2,848
NC-DES,MURCIA,2023Q3,897
NC-DES,MURCIA,2023Q4,1857
NC-DES,MURCIA,2024Q1,1490
NC-DES,MURCIA,2024Q2,1285
NC-DES,MURCIA,2024Q3,1278
NC-DES,MURCIA,2024Q4,1721
NC-DES,MURCIA,2025Q1,1572
NC-DES,MURCIA,2025Q2,1217
NC-DES,MURCIA,2025Q3,1341
NC-DES,MURCIA,2025Q4,1366
NC-DES,MURCIA,2026Q1,1297
NC-DES,NAVARRA,2021Q1,271
NC-DES,NAVARRA,2021Q2,279
NC-DES,NAVARRA,2021Q3,264
NC-DES,NAVARRA,2021Q4,220
NC-DES,NAVARRA,2022Q1,310
NC-DES,NAVARRA,2022Q2,258
NC-DES,NAVARRA,2022Q3,215
NC-DES,NAVARRA,2022Q4,255
NC-DES,NAVARRA,2023Q1,375
NC-DES,NAVARRA,2023Q2,293
NC-DES,NAVARRA,2023Q3,264
NC-DES,NAVARRA,2023Q4,326
NC-DES,NAVARRA,2024Q1,376
NC-DES,NAVARRA,2024Q2,385
NC-DES,NAVARRA,2024Q3,306
NC-DES,NAVARRA,2024Q4,328
NC-DES,NAVARRA,2025Q1,327
NC-DES,NAVARRA,2025Q2,299
NC-DES,NAVARRA,2025Q3,304
NC-DES,NAVARRA,2025Q4,289
NC-DES,NAVARRA,2026Q1,295
NC-DES,ARABA/ALAVA,2021Q1,316
NC-DES,ARABA/ALAVA,2021Q2,201
NC-DES,ARABA/ALAVA,2021Q3,180
NC-DES,ARABA/ALAVA,2021Q4,202
NC-DES,ARABA/ALAVA,2022Q1,173
NC-DES,ARABA/ALAVA,2022Q2,173
NC-DES,ARABA/ALAVA,2022Q3,202
NC-DES,ARABA/ALAVA,2022Q4,198
NC-DES,ARABA/ALAVA,2023Q1,212
NC-DES,ARABA/ALAVA,2023Q2,214
NC-DES,ARABA/ALAVA,2023Q3,222
NC-DES,ARABA/ALAVA,2023Q4,229
NC-DES,ARABA/ALAVA,2024Q1,213
NC-DES,ARABA/ALAVA,2024Q2,247
NC-DES,ARABA/ALAVA,2024Q3,246
NC-DES,ARABA/ALAVA,2024Q4,227
NC-DES,ARABA/ALAVA,2025Q1,232
NC-DES,ARABA/ALAVA,2025Q2,276
NC-DES,ARABA/ALAVA,2025Q3,246
NC-DES,ARABA/ALAVA,2025Q4,244
NC-DES,ARABA/ALAVA,2026Q1,224
NC-DES,GIPUZKOA,2021Q1,304
NC-DES,GIPUZKOA,2021Q2,232
NC-DES,GIPUZKOA,2021Q3,273
NC-DES,GIPUZKOA,2021Q4,271
NC-DES,GIPUZKOA,2022Q1,275
NC-DES,GIPUZKOA,2022Q2,220
NC-DES,GIPUZKOA,2022Q3,251
NC-DES,GIPUZKOA,2022Q4,218
NC-DES,GIPUZKOA,2023Q1,320
NC-DES,GIPUZKOA,2023Q2,247
NC-DES,GIPUZKOA,2023Q3,284
NC-DES,GIPUZKOA,2023Q4,321
NC-DES,GIPUZKOA,2024Q1,357
NC-DES,GIPUZKOA,2024Q2,268
NC-DES,GIPUZKOA,2024Q3,306
NC-DES,GIPUZKOA,2024Q4,353
NC-DES,GIPUZKOA,2025Q1,341
NC-DES,GIPUZKOA,2025Q2,310
NC-DES,GIPUZKOA,2025Q3,297
NC-DES,GIPUZKOA,2025Q4,424
NC-DES,GIPUZKOA,2026Q1,366
NC-DES,BIZKAIA,2021Q1,1158
NC-DES,BIZKAIA,2021Q2,796
NC-DES,BIZKAIA,2021Q3,646
NC-DES,BIZKAIA,2021Q4,706
NC-DES,BIZKAIA,2022Q1,910
NC-DES,BIZKAIA,2022Q2,861
NC-DES,BIZKAIA,2022Q3,742
NC-DES,BIZKAIA,2022Q4,782
NC-DES,BIZKAIA,2023Q1,850
NC-DES,BIZKAIA,2023Q2,869
NC-DES,BIZKAIA,2023Q3,800
NC-DES,BIZKAIA,2023Q4,870
NC-DES,BIZKAIA,2024Q1,859
NC-DES,BIZKAIA,2024Q2,863
NC-DES,BIZKAIA,2024Q3,738
NC-DES,BIZKAIA,2024Q4,827
NC-DES,BIZKAIA,2025Q1,905
NC-DES,BIZKAIA,2025Q2,868
NC-DES,BIZKAIA,2025Q3,931
NC-DES,BIZKAIA,2025Q4,828
NC-DES,BIZKAIA,2026Q1,975
NC-DES,LA RIOJA,2021Q1,105
NC-DES,LA RIOJA,2021Q2,112
NC-DES,LA RIOJA,2021Q3,109
NC-DES,LA RIOJA,2021Q4,107
NC-DES,LA RIOJA,2022Q1,141
NC-DES,LA RIOJA,2022Q2,112
NC-DES,LA RIOJA,2022Q3,106
NC-DES,LA RIOJA,2022Q4,118
NC-DES,LA RIOJA,2023Q1,137
NC-DES,LA RIOJA,2023Q2,135
NC-DES,LA RIOJA,2023Q3,128
NC-DES,LA RIOJA,2023Q4,134
NC-DES,LA RIOJA,2024Q1,151
NC-DES,LA RIOJA,2024Q2,187
NC-DES,LA RIOJA,2024Q3,157
NC-DES,LA RIOJA,2024Q4,163
NC-DES,LA RIOJA,2025Q1,178
NC-DES,LA RIOJA,2025Q2,150
NC-DES,LA RIOJA,2025Q3,117
NC-DES,LA RIOJA,2025Q4,208
NC-DES,LA RIOJA,2026Q1,170
NC-DES,TOTAL,2021Q1,34461
NC-DES,TOTAL,2021Q2,28179
NC-DES,TOTAL,2021Q3,26434
NC-DES,TOTAL,2021Q4,28219
NC-DES,TOTAL,2022Q1,30126
NC-DES,TOTAL,2022Q2,28753
NC-DES,TOTAL,2022Q3,30167
NC-DES,TOTAL,2022Q4,31889
NC-DES,TOTAL,2023Q1,33079
NC-DES,TOTAL,2023Q2,34014
NC-DES,TOTAL,2023Q3,35413
NC-DES,TOTAL,2023Q4,37878
NC-DES,TOTAL,2024Q1,39883
NC-DES,TOTAL,2024Q2,41616
NC-DES,TOTAL,2024Q3,38556
NC-DES,TOTAL,2024Q4,39675
NC-DES,TOTAL,2025Q1,41116
NC-DES,TOTAL,2025Q2,40680
NC-DES,TOTAL,2025Q3,40762
NC-DES,TOTAL,2025Q4,41926
NC-DES,TOTAL,2026Q1,42572
PC-MON,ALMERIA,2021Q1,3707
PC-MON,ALMERIA,2021Q2,3739
PC-MON,ALMERIA,2021Q3,2724
PC-MON,ALMERIA,2021Q4,3197
PC-MON,ALMERIA,2022Q1,3905
PC-MON,ALMERIA,2022Q2,3721
PC-MON,ALMERIA,2022Q3,3306
PC-MON,ALMERIA,2022Q4,4460
PC-MON,ALMERIA,2023Q1,4477
PC-MON,ALMERIA,2023Q2,5875
PC-MON,ALMERIA,2023Q3,4765
PC-MON,ALMERIA,2023Q4,4784
PC-MON,ALMERIA,2024Q1,4968
PC-MON,ALMERIA,2024Q2,5122
PC-MON,ALMERIA,2024Q3,4053
PC-MON,ALMERIA,2024Q4,5621
PC-MON,ALMERIA,2025Q1,9312
PC-MON,ALMERIA,2025Q2,2743
PC-MON,ALMERIA,2025Q3,1528
PC-MON,ALMERIA,2025Q4,2498
PC-MON,ALMERIA,2026Q1,3407
PC-MON,CADIZ,2021Q1,6530
PC-MON,CADIZ,2021Q2,6216
PC-MON,CADIZ,2021Q3,4710
PC-MON,CADIZ,2021Q4,5877
PC-MON,CADIZ,2022Q1,6434
PC-MON,CADIZ,2022Q2,6114
PC-MON,CADIZ,2022Q3,6453
PC-MON,CADIZ,2022Q4,8097
PC-MON,CADIZ,2023Q1,7914
PC-MON,CADIZ,2023Q2,6860
PC-MON,CADIZ,2023Q3,7880
PC-MON,CADIZ,2023Q4,9444
PC-MON,CADIZ,2024Q1,8260
PC-MON,CADIZ,2024Q2,8631
PC-MON,CADIZ,2024Q3,7365
PC-MON,CADIZ,2024Q4,9588
PC-MON,CADIZ,2025Q1,16021
PC-MON,CADIZ,2025Q2,4817
PC-MON,CADIZ,2025Q3,2544
PC-MON,CADIZ,2025Q4,4374
PC-MON,CADIZ,2026Q1,5629
PC-MON,CORDOBA,2021Q1,2733
PC-MON,CORDOBA,2021Q2,2775
PC-MON,CORDOBA,2021Q3,1938
PC-MON,CORDOBA,2021Q4,2585
PC-MON,CORDOBA,2022Q1,2742
PC-MON,CORDOBA,2022Q2,3165
PC-MON,CORDOBA,2022Q3,2782
PC-MON,CORDOBA,2022Q4,3838
PC-MON,CORDOBA,2023Q1,3525
PC-MON,CORDOBA,2023Q2,2567
PC-MON,CORDOBA,2023Q3,3407
PC-MON,CORDOBA,2023Q4,3736
PC-MON,CORDOBA,2024Q1,3852
PC-MON,CORDOBA,2024Q2,3502
PC-MON,CORDOBA,2024Q3,4069
PC-MON,CORDOBA,2024Q4,4471
PC-MON,CORDOBA,2025Q1,7177
PC-MON,CORDOBA,2025Q2,2536
PC-MON,CORDOBA,2025Q3,1250
PC-MON,CORDOBA,2025Q4,1961
PC-MON,CORDOBA,2026Q1,2738
PC-MON,GRANADA,2021Q1,4254
PC-MON,GRANADA,2021Q2,4319
PC-MON,GRANADA,2021Q3,2585
PC-MON,GRANADA,2021Q4,3664
PC-MON,GRANADA,2022Q1,4194
PC-MON,GRANADA,2022Q2,4401
PC-MON,GRANADA,2022Q3,3980
PC-MON,GRANADA,2022Q4,5057
PC-MON,GRANADA,2023Q1,4756
PC-MON,GRANADA,2023Q2,5063
PC-MON,GRANADA,2023Q3,4571
PC-MON,GRANADA,2023Q4,4658
PC-MON,GRANADA,2024Q1,5312
PC-MON,GRANADA,2024Q2,5677
PC-MON,GRANADA,2024Q3,4626
PC-MON,GRANADA,2024Q4,7110
PC-MON,GRANADA,2025Q1,11136
PC-MON,GRANADA,2025Q2,2692
PC-MON,GRANADA,2025Q3,2137
PC-MON,GRANADA,2025Q4,3675
PC-MON,GRANADA,2026Q1,3767
PC-MON,HUELVA,2021Q1,2383
PC-MON,HUELVA,2021Q2,2525
PC-MON,HUELVA,2021Q3,1696
PC-MON,HUELVA,2021Q4,1808
PC-MON,HUELVA,2022Q1,2411
PC-MON,HUELVA,2022Q2,2976
PC-MON,HUELVA,2022Q3,2492
PC-MON,HUELVA,2022Q4,3136
PC-MON,HUELVA,2023Q1,2836
PC-MON,HUELVA,2023Q2,3053
PC-MON,HUELVA,2023Q3,3356
PC-MON,HUELVA,2023Q4,2616
PC-MON,HUELVA,2024Q1,4009
PC-MON,HUELVA,2024Q2,3466
PC-MON,HUELVA,2024Q3,2981
PC-MON,HUELVA,2024Q4,4096
PC-MON,HUELVA,2025Q1,6299
PC-MON,HUELVA,2025Q2,1956
PC-MON,HUELVA,2025Q3,1068
PC-MON,HUELVA,2025Q4,2718
PC-MON,HUELVA,2026Q1,2386
PC-MON,JAEN,2021Q1,1995
PC-MON,JAEN,2021Q2,2233
PC-MON,JAEN,2021Q3,1604
PC-MON,JAEN,2021Q4,1949
PC-MON,JAEN,2022Q1,2116
PC-MON,JAEN,2022Q2,2233
PC-MON,JAEN,2022Q3,1949
PC-MON,JAEN,2022Q4,2935
PC-MON,JAEN,2023Q1,2788
PC-MON,JAEN,2023Q2,3788
PC-MON,JAEN,2023Q3,2609
PC-MON,JAEN,2023Q4,3165
PC-MON,JAEN,2024Q1,3030
PC-MON,JAEN,2024Q2,3335
PC-MON,JAEN,2024Q3,2439
PC-MON,JAEN,2024Q4,3433
PC-MON,JAEN,2025Q1,7212
PC-MON,JAEN,2025Q2,1336
PC-MON,JAEN,2025Q3,1225
PC-MON,JAEN,2025Q4,1767
PC-MON,JAEN,2026Q1,2862
PC-MON,MALAGA,2021Q1,8782
PC-MON,MALAGA,2021Q2,9018
PC-MON,MALAGA,2021Q3,6361
PC-MON,MALAGA,2021Q4,8873
PC-MON,MALAGA,2022Q1,8613
PC-MON,MALAGA,2022Q2,8738
PC-MON,MALAGA,2022Q3,8441
PC-MON,MALAGA,2022Q4,10670
PC-MON,MALAGA,2023Q1,12314
PC-MON,MALAGA,2023Q2,10363
PC-MON,MALAGA,2023Q3,8313
PC-MON,MALAGA,2023Q4,10583
PC-MON,MALAGA,2024Q1,11061
PC-MON,MALAGA,2024Q2,14311
PC-MON,MALAGA,2024Q3,10439
PC-MON,MALAGA,2024Q4,12659
PC-MON,MALAGA,2025Q1,19107
PC-MON,MALAGA,2025Q2,9381
PC-MON,MALAGA,2025Q3,3965
PC-MON,MALAGA,2025Q4,6595
PC-MON,MALAGA,2026Q1,7900
PC-MON,SEVILLA,2021Q1,10288
PC-MON,SEVILLA,2021Q2,8683
PC-MON,SEVILLA,2021Q3,7037
PC-MON,SEVILLA,2021Q4,8738
PC-MON,SEVILLA,2022Q1,9387
PC-MON,SEVILLA,2022Q2,9433
PC-MON,SEVILLA,2022Q3,9150
PC-MON,SEVILLA,2022Q4,12280
PC-MON,SEVILLA,2023Q1,13064
PC-MON,SEVILLA,2023Q2,14904
PC-MON,SEVILLA,2023Q3,10547
PC-MON,SEVILLA,2023Q4,13907
PC-MON,SEVILLA,2024Q1,12738
PC-MON,SEVILLA,2024Q2,12425
PC-MON,SEVILLA,2024Q3,10284
PC-MON,SEVILLA,2024Q4,14451
PC-MON,SEVILLA,2025Q1,21186
PC-MON,SEVILLA,2025Q2,9803
PC-MON,SEVILLA,2025Q3,4199
PC-MON,SEVILLA,2025Q4,5722
PC-MON,SEVILLA,2026Q1,8750
PC-MON,HUESCA,2021Q1,808
PC-MON,HUESCA,2021Q2,731
PC-MON,HUESCA,2021Q3,691
PC-MON,HUESCA,2021Q4,1000
PC-MON,HUESCA,2022Q1,895
PC-MON,HUESCA,2022Q2,827
PC-MON,HUESCA,2022Q3,811
PC-MON,HUESCA,2022Q4,1146
PC-MON,HUESCA,2023Q1,1084
PC-MON,HUESCA,2023Q2,1126
PC-MON,HUESCA,2023Q3,844
PC-MON,HUESCA,2023Q4,1178
PC-MON,HUESCA,2024Q1,1188
PC-MON,HUESCA,2024Q2,1025
PC-MON,HUESCA,2024Q3,964
PC-MON,HUESCA,2024Q4,1062
PC-MON,HUESCA,2025Q1,2001
PC-MON,HUESCA,2025Q2,601
PC-MON,HUESCA,2025Q3,404
PC-MON,HUESCA,2025Q4,604
PC-MON,HUESCA,2026Q1,883
PC-MON,TERUEL,2021Q1,314
PC-MON,TERUEL,2021Q2,251
PC-MON,TERUEL,2021Q3,250
PC-MON,TERUEL,2021Q4,317
PC-MON,TERUEL,2022Q1,420
PC-MON,TERUEL,2022Q2,438
PC-MON,TERUEL,2022Q3,367
PC-MON,TERUEL,2022Q4,464
PC-MON,TERUEL,2023Q1,444
PC-MON,TERUEL,2023Q2,441
PC-MON,TERUEL,2023Q3,299
PC-MON,TERUEL,2023Q4,513
PC-MON,TERUEL,2024Q1,501
PC-MON,TERUEL,2024Q2,536
PC-MON,TERUEL,2024Q3,413
PC-MON,TERUEL,2024Q4,625
PC-MON,TERUEL,2025Q1,900
PC-MON,TERUEL,2025Q2,219
PC-MON,TERUEL,2025Q3,143
PC-MON,TERUEL,2025Q4,236
PC-MON,TERUEL,2026Q1,423
PC-MON,ZARAGOZA,2021Q1,3635
PC-MON,ZARAGOZA,2021Q2,3435
PC-MON,ZARAGOZA,2021Q3,2693
PC-MON,ZARAGOZA,2021Q4,4452
PC-MON,ZARAGOZA,2022Q1,4641
PC-MON,ZARAGOZA,2022Q2,3693
PC-MON,ZARAGOZA,2022Q3,4203
PC-MON,ZARAGOZA,2022Q4,5495
PC-MON,ZARAGOZA,2023Q1,4806
PC-MON,ZARAGOZA,2023Q2,3959
PC-MON,ZARAGOZA,2023Q3,5074
PC-MON,ZARAGOZA,2023Q4,5319
PC-MON,ZARAGOZA,2024Q1,4583
PC-MON,ZARAGOZA,2024Q2,4827
PC-MON,ZARAGOZA,2024Q3,4440
PC-MON,ZARAGOZA,2024Q4,4775
PC-MON,ZARAGOZA,2025Q1,5160
PC-MON,ZARAGOZA,2025Q2,4763
PC-MON,ZARAGOZA,2025Q3,1676
PC-MON,ZARAGOZA,2025Q4,2868
PC-MON,ZARAGOZA,2026Q1,4263
PC-MON,ASTURIAS,2021Q1,3882
PC-MON,ASTURIAS,2021Q2,4530
PC-MON,ASTURIAS,2021Q3,3112
PC-MON,ASTURIAS,2021Q4,4358
PC-MON,ASTURIAS,2022Q1,4696
PC-MON,ASTURIAS,2022Q2,4096
PC-MON,ASTURIAS,2022Q3,4389
PC-MON,ASTURIAS,2022Q4,5823
PC-MON,ASTURIAS,2023Q1,5896
PC-MON,ASTURIAS,2023Q2,3329
PC-MON,ASTURIAS,2023Q3,4740
PC-MON,ASTURIAS,2023Q4,5621
PC-MON,ASTURIAS,2024Q1,5968
PC-MON,ASTURIAS,2024Q2,5488
PC-MON,ASTURIAS,2024Q3,4704
PC-MON,ASTURIAS,2024Q4,5812
PC-MON,ASTURIAS,2025Q1,10559
PC-MON,ASTURIAS,2025Q2,3032
PC-MON,ASTURIAS,2025Q3,1533
PC-MON,ASTURIAS,2025Q4,3042
PC-MON,ASTURIAS,2026Q1,4094
PC-MON,ILLES BALEARS,2021Q1,5686
PC-MON,ILLES BALEARS,2021Q2,6202
PC-MON,ILLES BALEARS,2021Q3,4690
PC-MON,ILLES BALEARS,2021Q4,6242
PC-MON,ILLES BALEARS,2022Q1,6597
PC-MON,ILLES BALEARS,2022Q2,5936
PC-MON,ILLES BALEARS,2022Q3,5378
PC-MON,ILLES BALEARS,2022Q4,8423
PC-MON,ILLES BALEARS,2023Q1,5618
PC-MON,ILLES BALEARS,2023Q2,8418
PC-MON,ILLES BALEARS,2023Q3,6144
PC-MON,ILLES BALEARS,2023Q4,7677
PC-MON,ILLES BALEARS,2024Q1,8999
PC-MON,ILLES BALEARS,2024Q2,7078
PC-MON,ILLES BALEARS,2024Q3,6791
PC-MON,ILLES BALEARS,2024Q4,8139
PC-MON,ILLES BALEARS,2025Q1,13871
PC-MON,ILLES BALEARS,2025Q2,5265
PC-MON,ILLES BALEARS,2025Q3,2118
PC-MON,ILLES BALEARS,2025Q4,4511
PC-MON,ILLES BALEARS,2026Q1,5622
PC-MON,LAS PALMAS,2021Q1,7845
PC-MON,LAS PALMAS,2021Q2,9061
PC-MON,LAS PALMAS,2021Q3,6762
PC-MON,LAS PALMAS,2021Q4,9159
PC-MON,LAS PALMAS,2022Q1,10530
PC-MON,LAS PALMAS,2022Q2,7928
PC-MON,LAS PALMAS,2022Q3,7808
PC-MON,LAS PALMAS,2022Q4,11154
PC-MON,LAS PALMAS,2023Q1,11131
PC-MON,LAS PALMAS,2023Q2,12990
PC-MON,LAS PALMAS,2023Q3,8487
PC-MON,LAS PALMAS,2023Q4,11527
PC-MON,LAS PALMAS,2024Q1,10082
PC-MON,LAS PALMAS,2024Q2,12453
PC-MON,LAS PALMAS,2024Q3,9744
PC-MON,LAS PALMAS,2024Q4,15033
PC-MON,LAS PALMAS,2025Q1,18378
PC-MON,LAS PALMAS,2025Q2,9490
PC-MON,LAS PALMAS,2025Q3,2696
PC-MON,LAS PALMAS,2025Q4,5682
PC-MON,LAS PALMAS,2026Q1,6650
PC-MON,SANTA CRUZ DE TENERIFE,2021Q1,6525
PC-MON,SANTA CRUZ DE TENERIFE,2021Q2,6766
PC-MON,SANTA CRUZ DE TENERIFE,2021Q3,5689
PC-MON,SANTA CRUZ DE TENERIFE,2021Q4,6606
PC-MON,SANTA CRUZ DE TENERIFE,2022Q1,7928
PC-MON,SANTA CRUZ DE TENERIFE,2022Q2,6155
PC-MON,SANTA CRUZ DE TENERIFE,2022Q3,6055
PC-MON,SANTA CRUZ DE TENERIFE,2022Q4,8092
PC-MON,SANTA CRUZ DE TENERIFE,2023Q1,7742
PC-MON,SANTA CRUZ DE TENERIFE,2023Q2,7069
PC-MON,SANTA CRUZ DE TENERIFE,2023Q3,7214
PC-MON,SANTA CRUZ DE TENERIFE,2023Q4,7875
PC-MON,SANTA CRUZ DE TENERIFE,2024Q1,8251
PC-MON,SANTA CRUZ DE TENERIFE,2024Q2,8070
PC-MON,SANTA CRUZ DE TENERIFE,2024Q3,6988
PC-MON,SANTA CRUZ DE TENERIFE,2024Q4,8031
PC-MON,SANTA CRUZ DE TENERIFE,2025Q1,13651
PC-MON,SANTA CRUZ DE TENERIFE,2025Q2,8724
PC-MON,SANTA CRUZ DE TENERIFE,2025Q3,2556
PC-MON,SANTA CRUZ DE TENERIFE,2025Q4,3672
PC-MON,SANTA CRUZ DE TENERIFE,2026Q1,5027
PC-MON,CANTABRIA,2021Q1,2326
PC-MON,CANTABRIA,2021Q2,2243
PC-MON,CANTABRIA,2021Q3,1584
PC-MON,CANTABRIA,2021Q4,2359
PC-MON,CANTABRIA,2022Q1,2538
PC-MON,CANTABRIA,2022Q2,2412
PC-MON,CANTABRIA,2022Q3,2075
PC-MON,CANTABRIA,2022Q4,3363
PC-MON,CANTABRIA,2023Q1,1827
PC-MON,CANTABRIA,2023Q2,2625
PC-MON,CANTABRIA,2023Q3,1887
PC-MON,CANTABRIA,2023Q4,3543
PC-MON,CANTABRIA,2024Q1,3452
PC-MON,CANTABRIA,2024Q2,3156
PC-MON,CANTABRIA,2024Q3,2694
PC-MON,CANTABRIA,2024Q4,2860
PC-MON,CANTABRIA,2025Q1,3910
PC-MON,CANTABRIA,2025Q2,2117
PC-MON,CANTABRIA,2025Q3,866
PC-MON,CANTABRIA,2025Q4,1533
PC-MON,CANTABRIA,2026Q1,2151
PC-MON,AVILA,2021Q1,378
PC-MON,AVILA,2021Q2,498
PC-MON,AVILA,2021Q3,359
PC-MON,AVILA,2021Q4,539
PC-MON,AVILA,2022Q1,561
PC-MON,AVILA,2022Q2,509
PC-MON,AVILA,2022Q3,485
PC-MON,AVILA,2022Q4,750
PC-MON,AVILA,2023Q1,662
PC-MON,AVILA,2023Q2,829
PC-MON,AVILA,2023Q3,552
PC-MON,AVILA,2023Q4,749
PC-MON,AVILA,2024Q1,788
PC-MON,AVILA,2024Q2,627
PC-MON,AVILA,2024Q3,653
PC-MON,AVILA,2024Q4,769
PC-MON,AVILA,2025Q1,1459
PC-MON,AVILA,2025Q2,254
PC-MON,AVILA,2025Q3,232
PC-MON,AVILA,2025Q4,355
PC-MON,AVILA,2026Q1,595
PC-MON,BURGOS,2021Q1,1105
PC-MON,BURGOS,2021Q2,1340
PC-MON,BURGOS,2021Q3,958
PC-MON,BURGOS,2021Q4,1248
PC-MON,BURGOS,2022Q1,1130
PC-MON,BURGOS,2022Q2,1185
PC-MON,BURGOS,2022Q3,1106
PC-MON,BURGOS,2022Q4,2076
PC-MON,BURGOS,2023Q1,1227
PC-MON,BURGOS,2023Q2,1437
PC-MON,BURGOS,2023Q3,1739
PC-MON,BURGOS,2023Q4,1848
PC-MON,BURGOS,2024Q1,1801
PC-MON,BURGOS,2024Q2,1406
PC-MON,BURGOS,2024Q3,1694
PC-MON,BURGOS,2024Q4,1919
PC-MON,BURGOS,2025Q1,2882
PC-MON,BURGOS,2025Q2,1051
PC-MON,BURGOS,2025Q3,562
PC-MON,BURGOS,2025Q4,801
PC-MON,BURGOS,2026Q1,1238
PC-MON,LEON,2021Q1,1729
PC-MON,LEON,2021Q2,1891
PC-MON,LEON,2021Q3,1533
PC-MON,LEON,2021Q4,1964
PC-MON,LEON,2022Q1,1623
PC-MON,LEON,2022Q2,2020
PC-MON,LEON,2022Q3,1711
PC-MON,LEON,2022Q4,2496
PC-MON,LEON,2023Q1,1249
PC-MON,LEON,2023Q2,2880
PC-MON,LEON,2023Q3,2269
PC-MON,LEON,2023Q4,2469
PC-MON,LEON,2024Q1,2429
PC-MON,LEON,2024Q2,2467
PC-MON,LEON,2024Q3,2275
PC-MON,LEON,2024Q4,2505
PC-MON,LEON,2025Q1,3686
PC-MON,LEON,2025Q2,1613
PC-MON,LEON,2025Q3,792
PC-MON,LEON,2025Q4,1161
PC-MON,LEON,2026Q1,1836
PC-MON,PALENCIA,2021Q1,456
PC-MON,PALENCIA,2021Q2,479
PC-MON,PALENCIA,2021Q3,382
PC-MON,PALENCIA,2021Q4,469
PC-MON,PALENCIA,2022Q1,490
PC-MON,PALENCIA,2022Q2,446
PC-MON,PALENCIA,2022Q3,459
PC-MON,PALENCIA,2022Q4,644
PC-MON,PALENCIA,2023Q1,408
PC-MON,PALENCIA,2023Q2,946
PC-MON,PALENCIA,2023Q3,519
PC-MON,PALENCIA,2023Q4,707
PC-MON,PALENCIA,2024Q1,637
PC-MON,PALENCIA,2024Q2,658
PC-MON,PALENCIA,2024Q3,566
PC-MON,PALENCIA,2024Q4,736
PC-MON,PALENCIA,2025Q1,1160
PC-MON,PALENCIA,2025Q2,382
PC-MON,PALENCIA,2025Q3,274
PC-MON,PALENCIA,2025Q4,347
PC-MON,PALENCIA,2026Q1,501
PC-MON,SALAMANCA,2021Q1,1001
PC-MON,SALAMANCA,2021Q2,908
PC-MON,SALAMANCA,2021Q3,816
PC-MON,SALAMANCA,2021Q4,1052
PC-MON,SALAMANCA,2022Q1,1293
PC-MON,SALAMANCA,2022Q2,1061
PC-MON,SALAMANCA,2022Q3,1117
PC-MON,SALAMANCA,2022Q4,1493
PC-MON,SALAMANCA,2023Q1,1518
PC-MON,SALAMANCA,2023Q2,1691
PC-MON,SALAMANCA,2023Q3,925
PC-MON,SALAMANCA,2023Q4,1278
PC-MON,SALAMANCA,2024Q1,1486
PC-MON,SALAMANCA,2024Q2,1434
PC-MON,SALAMANCA,2024Q3,1231
PC-MON,SALAMANCA,2024Q4,1524
PC-MON,SALAMANCA,2025Q1,2116
PC-MON,SALAMANCA,2025Q2,1105
PC-MON,SALAMANCA,2025Q3,334
PC-MON,SALAMANCA,2025Q4,602
PC-MON,SALAMANCA,2026Q1,1033
PC-MON,SEGOVIA,2021Q1,387
PC-MON,SEGOVIA,2021Q2,460
PC-MON,SEGOVIA,2021Q3,502
PC-MON,SEGOVIA,2021Q4,598
PC-MON,SEGOVIA,2022Q1,679
PC-MON,SEGOVIA,2022Q2,603
PC-MON,SEGOVIA,2022Q3,604
PC-MON,SEGOVIA,2022Q4,901
PC-MON,SEGOVIA,2023Q1,660
PC-MON,SEGOVIA,2023Q2,1023
PC-MON,SEGOVIA,2023Q3,617
PC-MON,SEGOVIA,2023Q4,850
PC-MON,SEGOVIA,2024Q1,799
PC-MON,SEGOVIA,2024Q2,792
PC-MON,SEGOVIA,2024Q3,745
PC-MON,SEGOVIA,2024Q4,883
PC-MON,SEGOVIA,2025Q1,1589
PC-MON,SEGOVIA,2025Q2,346
PC-MON,SEGOVIA,2025Q3,223
PC-MON,SEGOVIA,2025Q4,471
PC-MON,SEGOVIA,2026Q1,566
PC-MON,SORIA,2021Q1,194
PC-MON,SORIA,2021Q2,254
PC-MON,SORIA,2021Q3,204
PC-MON,SORIA,2021Q4,286
PC-MON,SORIA,2022Q1,266
PC-MON,SORIA,2022Q2,275
PC-MON,SORIA,2022Q3,252
PC-MON,SORIA,2022Q4,431
PC-MON,SORIA,2023Q1,340
PC-MON,SORIA,2023Q2,357
PC-MON,SORIA,2023Q3,278
PC-MON,SORIA,2023Q4,405
PC-MON,SORIA,2024Q1,400
PC-MON,SORIA,2024Q2,301
PC-MON,SORIA,2024Q3,301
PC-MON,SORIA,2024Q4,393
PC-MON,SORIA,2025Q1,727
PC-MON,SORIA,2025Q2,215
PC-MON,SORIA,2025Q3,103
PC-MON,SORIA,2025Q4,188
PC-MON,SORIA,2026Q1,292
PC-MON,VALLADOLID,2021Q1,2524
PC-MON,VALLADOLID,2021Q2,2117
PC-MON,VALLADOLID,2021Q3,1443
PC-MON,VALLADOLID,2021Q4,2202
PC-MON,VALLADOLID,2022Q1,2023
PC-MON,VALLADOLID,2022Q2,1837
PC-MON,VALLADOLID,2022Q3,2456
PC-MON,VALLADOLID,2022Q4,2678
PC-MON,VALLADOLID,2023Q1,728
PC-MON,VALLADOLID,2023Q2,3345
PC-MON,VALLADOLID,2023Q3,2829
PC-MON,VALLADOLID,2023Q4,2786
PC-MON,VALLADOLID,2024Q1,2428
PC-MON,VALLADOLID,2024Q2,2287
PC-MON,VALLADOLID,2024Q3,3614
PC-MON,VALLADOLID,2024Q4,4043
PC-MON,VALLADOLID,2025Q1,4373
PC-MON,VALLADOLID,2025Q2,3596
PC-MON,VALLADOLID,2025Q3,888
PC-MON,VALLADOLID,2025Q4,1504
PC-MON,VALLADOLID,2026Q1,2076
PC-MON,ZAMORA,2021Q1,576
PC-MON,ZAMORA,2021Q2,576
PC-MON,ZAMORA,2021Q3,456
PC-MON,ZAMORA,2021Q4,525
PC-MON,ZAMORA,2022Q1,626
PC-MON,ZAMORA,2022Q2,702
PC-MON,ZAMORA,2022Q3,729
PC-MON,ZAMORA,2022Q4,875
PC-MON,ZAMORA,2023Q1,580
PC-MON,ZAMORA,2023Q2,792
PC-MON,ZAMORA,2023Q3,708
PC-MON,ZAMORA,2023Q4,764
PC-MON,ZAMORA,2024Q1,821
PC-MON,ZAMORA,2024Q2,871
PC-MON,ZAMORA,2024Q3,520
PC-MON,ZAMORA,2024Q4,842
PC-MON,ZAMORA,2025Q1,1399
PC-MON,ZAMORA,2025Q2,347
PC-MON,ZAMORA,2025Q3,235
PC-MON,ZAMORA,2025Q4,353
PC-MON,ZAMORA,2026Q1,462
PC-MON,ALBACETE,2021Q1,1337
PC-MON,ALBACETE,2021Q2,1757
PC-MON,ALBACETE,2021Q3,1117
PC-MON,ALBACETE,2021Q4,1673
PC-MON,ALBACETE,2022Q1,1685
PC-MON,ALBACETE,2022Q2,1544
PC-MON,ALBACETE,2022Q3,1252
PC-MON,ALBACETE,2022Q4,2208
PC-MON,ALBACETE,2023Q1,1169
PC-MON,ALBACETE,2023Q2,2942
PC-MON,ALBACETE,2023Q3,1718
PC-MON,ALBACETE,2023Q4,1748
PC-MON,ALBACETE,2024Q1,1915
PC-MON,ALBACETE,2024Q2,1777
PC-MON,ALBACETE,2024Q3,1473
PC-MON,ALBACETE,2024Q4,2034
PC-MON,ALBACETE,2025Q1,3555
PC-MON,ALBACETE,2025Q2,1459
PC-MON,ALBACETE,2025Q3,832
PC-MON,ALBACETE,2025Q4,961
PC-MON,ALBACETE,2026Q1,1480
PC-MON,CIUDAD REAL,2021Q1,1971
PC-MON,CIUDAD REAL,2021Q2,2050
PC-MON,CIUDAD REAL,2021Q3,1492
PC-MON,CIUDAD REAL,2021Q4,2215
PC-MON,CIUDAD REAL,2022Q1,2013
PC-MON,CIUDAD REAL,2022Q2,2148
PC-MON,CIUDAD REAL,2022Q3,2258
PC-MON,CIUDAD REAL,2022Q4,2672
PC-MON,CIUDAD REAL,2023Q1,2413
PC-MON,CIUDAD REAL,2023Q2,3247
PC-MON,CIUDAD REAL,2023Q3,2675
PC-MON,CIUDAD REAL,2023Q4,2954
PC-MON,CIUDAD REAL,2024Q1,3027
PC-MON,CIUDAD REAL,2024Q2,2531
PC-MON,CIUDAD REAL,2024Q3,2230
PC-MON,CIUDAD REAL,2024Q4,3307
PC-MON,CIUDAD REAL,2025Q1,4810
PC-MON,CIUDAD REAL,2025Q2,1965
PC-MON,CIUDAD REAL,2025Q3,852
PC-MON,CIUDAD REAL,2025Q4,1327
PC-MON,CIUDAD REAL,2026Q1,1859
PC-MON,CUENCA,2021Q1,591
PC-MON,CUENCA,2021Q2,623
PC-MON,CUENCA,2021Q3,425
PC-MON,CUENCA,2021Q4,718
PC-MON,CUENCA,2022Q1,663
PC-MON,CUENCA,2022Q2,661
PC-MON,CUENCA,2022Q3,592
PC-MON,CUENCA,2022Q4,1010
PC-MON,CUENCA,2023Q1,735
PC-MON,CUENCA,2023Q2,739
PC-MON,CUENCA,2023Q3,839
PC-MON,CUENCA,2023Q4,1066
PC-MON,CUENCA,2024Q1,574
PC-MON,CUENCA,2024Q2,858
PC-MON,CUENCA,2024Q3,952
PC-MON,CUENCA,2024Q4,1132
PC-MON,CUENCA,2025Q1,1619
PC-MON,CUENCA,2025Q2,542
PC-MON,CUENCA,2025Q3,361
PC-MON,CUENCA,2025Q4,512
PC-MON,CUENCA,2026Q1,756
PC-MON,GUADALAJARA,2021Q1,1200
PC-MON,GUADALAJARA,2021Q2,1240
PC-MON,GUADALAJARA,2021Q3,990
PC-MON,GUADALAJARA,2021Q4,1398
PC-MON,GUADALAJARA,2022Q1,1445
PC-MON,GUADALAJARA,2022Q2,1255
PC-MON,GUADALAJARA,2022Q3,1045
PC-MON,GUADALAJARA,2022Q4,2322
PC-MON,GUADALAJARA,2023Q1,573
PC-MON,GUADALAJARA,2023Q2,2594
PC-MON,GUADALAJARA,2023Q3,1354
PC-MON,GUADALAJARA,2023Q4,2095
PC-MON,GUADALAJARA,2024Q1,1977
PC-MON,GUADALAJARA,2024Q2,1532
PC-MON,GUADALAJARA,2024Q3,1384
PC-MON,GUADALAJARA,2024Q4,2109
PC-MON,GUADALAJARA,2025Q1,2430
PC-MON,GUADALAJARA,2025Q2,1379
PC-MON,GUADALAJARA,2025Q3,402
PC-MON,GUADALAJARA,2025Q4,935
PC-MON,GUADALAJARA,2026Q1,1224
PC-MON,TOLEDO,2021Q1,2652
PC-MON,TOLEDO,2021Q2,3173
PC-MON,TOLEDO,2021Q3,3393
PC-MON,TOLEDO,2021Q4,3671
PC-MON,TOLEDO,2022Q1,3243
PC-MON,TOLEDO,2022Q2,3521
PC-MON,TOLEDO,2022Q3,3274
PC-MON,TOLEDO,2022Q4,4292
PC-MON,TOLEDO,2023Q1,3172
PC-MON,TOLEDO,2023Q2,4165
PC-MON,TOLEDO,2023Q3,4853
PC-MON,TOLEDO,2023Q4,5564
PC-MON,TOLEDO,2024Q1,4553
PC-MON,TOLEDO,2024Q2,4440
PC-MON,TOLEDO,2024Q3,4212
PC-MON,TOLEDO,2024Q4,5819
PC-MON,TOLEDO,2025Q1,6644
PC-MON,TOLEDO,2025Q2,5023
PC-MON,TOLEDO,2025Q3,1912
PC-MON,TOLEDO,2025Q4,2415
PC-MON,TOLEDO,2026Q1,4265
PC-MON,BARCELONA,2021Q1,22907
PC-MON,BARCELONA,2021Q2,19909
PC-MON,BARCELONA,2021Q3,18099
PC-MON,BARCELONA,2021Q4,30055
PC-MON,BARCELONA,2022Q1,33207
PC-MON,BARCELONA,2022Q2,27091
PC-MON,BARCELONA,2022Q3,23801
PC-MON,BARCELONA,2022Q4,35058
PC-MON,BARCELONA,2023Q1,24179
PC-MON,BARCELONA,2023Q2,37262
PC-MON,BARCELONA,2023Q3,29521
PC-MON,BARCELONA,2023Q4,34909
PC-MON,BARCELONA,2024Q1,36204
PC-MON,BARCELONA,2024Q2,25483
PC-MON,BARCELONA,2024Q3,21928
PC-MON,BARCELONA,2024Q4,29505
PC-MON,BARCELONA,2025Q1,65238
PC-MON,BARCELONA,2025Q2,23846
PC-MON,BARCELONA,2025Q3,8691
PC-MON,BARCELONA,2025Q4,16224
PC-MON,BARCELONA,2026Q1,20388
PC-MON,GIRONA,2021Q1,2818
PC-MON,GIRONA,2021Q2,2652
PC-MON,GIRONA,2021Q3,2646
PC-MON,GIRONA,2021Q4,3972
PC-MON,GIRONA,2022Q1,4574
PC-MON,GIRONA,2022Q2,3539
PC-MON,GIRONA,2022Q3,3638
PC-MON,GIRONA,2022Q4,5019
PC-MON,GIRONA,2023Q1,2949
PC-MON,GIRONA,2023Q2,5499
PC-MON,GIRONA,2023Q3,4387
PC-MON,GIRONA,2023Q4,5401
PC-MON,GIRONA,2024Q1,4160
PC-MON,GIRONA,2024Q2,3283
PC-MON,GIRONA,2024Q3,2954
PC-MON,GIRONA,2024Q4,4886
PC-MON,GIRONA,2025Q1,7919
PC-MON,GIRONA,2025Q2,3714
PC-MON,GIRONA,2025Q3,1054
PC-MON,GIRONA,2025Q4,2309
PC-MON,GIRONA,2026Q1,2812
PC-MON,LLEIDA,2021Q1,1273
PC-MON,LLEIDA,2021Q2,1446
PC-MON,LLEIDA,2021Q3,1271
PC-MON,LLEIDA,2021Q4,2054
PC-MON,LLEIDA,2022Q1,2410
PC-MON,LLEIDA,2022Q2,2006
PC-MON,LLEIDA,2022Q3,2057
PC-MON,LLEIDA,2022Q4,2886
PC-MON,LLEIDA,2023Q1,2319
PC-MON,LLEIDA,2023Q2,2827
PC-MON,LLEIDA,2023Q3,2038
PC-MON,LLEIDA,2023Q4,3011
PC-MON,LLEIDA,2024Q1,2648
PC-MON,LLEIDA,2024Q2,2057
PC-MON,LLEIDA,2024Q3,1465
PC-MON,LLEIDA,2024Q4,2299
PC-MON,LLEIDA,2025Q1,5151
PC-MON,LLEIDA,2025Q2,1329
PC-MON,LLEIDA,2025Q3,619
PC-MON,LLEIDA,2025Q4,1130
PC-MON,LLEIDA,2026Q1,1328
PC-MON,TARRAGONA,2021Q1,3267
PC-MON,TARRAGONA,2021Q2,3277
PC-MON,TARRAGONA,2021Q3,2965
PC-MON,TARRAGONA,2021Q4,4812
PC-MON,TARRAGONA,2022Q1,5570
PC-MON,TARRAGONA,2022Q2,4347
PC-MON,TARRAGONA,2022Q3,4161
PC-MON,TARRAGONA,2022Q4,5763
PC-MON,TARRAGONA,2023Q1,2907
PC-MON,TARRAGONA,2023Q2,5795
PC-MON,TARRAGONA,2023Q3,4893
PC-MON,TARRAGONA,2023Q4,5973
PC-MON,TARRAGONA,2024Q1,5946
PC-MON,TARRAGONA,2024Q2,3947
PC-MON,TARRAGONA,2024Q3,4173
PC-MON,TARRAGONA,2024Q4,4611
PC-MON,TARRAGONA,2025Q1,9376
PC-MON,TARRAGONA,2025Q2,4466
PC-MON,TARRAGONA,2025Q3,1230
PC-MON,TARRAGONA,2025Q4,2521
PC-MON,TARRAGONA,2026Q1,2955
PC-MON,ALICANTE,2021Q1,9594
PC-MON,ALICANTE,2021Q2,9164
PC-MON,ALICANTE,2021Q3,7342
PC-MON,ALICANTE,2021Q4,9399
PC-MON,ALICANTE,2022Q1,10037
PC-MON,ALICANTE,2022Q2,9372
PC-MON,ALICANTE,2022Q3,9261
PC-MON,ALICANTE,2022Q4,12651
PC-MON,ALICANTE,2023Q1,9907
PC-MON,ALICANTE,2023Q2,13308
PC-MON,ALICANTE,2023Q3,10413
PC-MON,ALICANTE,2023Q4,12393
PC-MON,ALICANTE,2024Q1,13863
PC-MON,ALICANTE,2024Q2,12989
PC-MON,ALICANTE,2024Q3,9942
PC-MON,ALICANTE,2024Q4,13673
PC-MON,ALICANTE,2025Q1,21062
PC-MON,ALICANTE,2025Q2,9511
PC-MON,ALICANTE,2025Q3,3990
PC-MON,ALICANTE,2025Q4,7419
PC-MON,ALICANTE,2026Q1,8530
PC-MON,CASTELLON,2021Q1,3131
PC-MON,CASTELLON,2021Q2,2749
PC-MON,CASTELLON,2021Q3,1936
PC-MON,CASTELLON,2021Q4,3053
PC-MON,CASTELLON,2022Q1,2653
PC-MON,CASTELLON,2022Q2,2641
PC-MON,CASTELLON,2022Q3,2863
PC-MON,CASTELLON,2022Q4,3318
PC-MON,CASTELLON,2023Q1,3524
PC-MON,CASTELLON,2023Q2,3589
PC-MON,CASTELLON,2023Q3,2932
PC-MON,CASTELLON,2023Q4,3226
PC-MON,CASTELLON,2024Q1,3250
PC-MON,CASTELLON,2024Q2,3003
PC-MON,CASTELLON,2024Q3,2854
PC-MON,CASTELLON,2024Q4,3660
PC-MON,CASTELLON,2025Q1,5123
PC-MON,CASTELLON,2025Q2,3501
PC-MON,CASTELLON,2025Q3,1081
PC-MON,CASTELLON,2025Q4,2066
PC-MON,CASTELLON,2026Q1,2476
PC-MON,VALENCIA,2021Q1,13808
PC-MON,VALENCIA,2021Q2,12057
PC-MON,VALENCIA,2021Q3,9553
PC-MON,VALENCIA,2021Q4,13511
PC-MON,VALENCIA,2022Q1,14295
PC-MON,VALENCIA,2022Q2,13266
PC-MON,VALENCIA,2022Q3,12171
PC-MON,VALENCIA,2022Q4,17703
PC-MON,VALENCIA,2023Q1,14175
PC-MON,VALENCIA,2023Q2,18043
PC-MON,VALENCIA,2023Q3,14144
PC-MON,VALENCIA,2023Q4,16003
PC-MON,VALENCIA,2024Q1,16811
PC-MON,VALENCIA,2024Q2,16478
PC-MON,VALENCIA,2024Q3,15379
PC-MON,VALENCIA,2024Q4,17096
PC-MON,VALENCIA,2025Q1,26148
PC-MON,VALENCIA,2025Q2,13885
PC-MON,VALENCIA,2025Q3,6156
PC-MON,VALENCIA,2025Q4,8782
PC-MON,VALENCIA,2026Q1,11863
PC-MON,BADAJOZ,2021Q1,2603
PC-MON,BADAJOZ,2021Q2,2632
PC-MON,BADAJOZ,2021Q3,2045
PC-MON,BADAJOZ,2021Q4,2734
PC-MON,BADAJOZ,2022Q1,2668
PC-MON,BADAJOZ,2022Q2,2756
PC-MON,BADAJOZ,2022Q3,2647
PC-MON,BADAJOZ,2022Q4,3657
PC-MON,BADAJOZ,2023Q1,2618
PC-MON,BADAJOZ,2023Q2,4030
PC-MON,BADAJOZ,2023Q3,3043
PC-MON,BADAJOZ,2023Q4,3821
PC-MON,BADAJOZ,2024Q1,3537
PC-MON,BADAJOZ,2024Q2,4052
PC-MON,BADAJOZ,2024Q3,3346
PC-MON,BADAJOZ,2024Q4,4649
PC-MON,BADAJOZ,2025Q1,6741
PC-MON,BADAJOZ,2025Q2,2283
PC-MON,BADAJOZ,2025Q3,1250
PC-MON,BADAJOZ,2025Q4,1989
PC-MON,BADAJOZ,2026Q1,2963
PC-MON,CACERES,2021Q1,1490
PC-MON,CACERES,2021Q2,1510
PC-MON,CACERES,2021Q3,988
PC-MON,CACERES,2021Q4,1406
PC-MON,CACERES,2022Q1,1427
PC-MON,CACERES,2022Q2,1412
PC-MON,CACERES,2022Q3,1206
PC-MON,CACERES,2022Q4,1822
PC-MON,CACERES,2023Q1,1561
PC-MON,CACERES,2023Q2,1600
PC-MON,CACERES,2023Q3,1457
PC-MON,CACERES,2023Q4,1631
PC-MON,CACERES,2024Q1,1734
PC-MON,CACERES,2024Q2,1880
PC-MON,CACERES,2024Q3,1481
PC-MON,CACERES,2024Q4,1910
PC-MON,CACERES,2025Q1,3099
PC-MON,CACERES,2025Q2,1252
PC-MON,CACERES,2025Q3,563
PC-MON,CACERES,2025Q4,754
PC-MON,CACERES,2026Q1,1434
PC-MON,A CORUNA,2021Q1,4472
PC-MON,A CORUNA,2021Q2,4403
PC-MON,A CORUNA,2021Q3,3329
PC-MON,A CORUNA,2021Q4,4134
PC-MON,A CORUNA,2022Q1,4691
PC-MON,A CORUNA,2022Q2,4085
PC-MON,A CORUNA,2022Q3,4007
PC-MON,A CORUNA,2022Q4,5909
PC-MON,A CORUNA,2023Q1,3027
PC-MON,A CORUNA,2023Q2,7822
PC-MON,A CORUNA,2023Q3,4596
PC-MON,A CORUNA,2023Q4,5645
PC-MON,A CORUNA,2024Q1,5224
PC-MON,A CORUNA,2024Q2,5306
PC-MON,A CORUNA,2024Q3,5793
PC-MON,A CORUNA,2024Q4,6549
PC-MON,A CORUNA,2025Q1,9863
PC-MON,A CORUNA,2025Q2,3742
PC-MON,A CORUNA,2025Q3,1783
PC-MON,A CORUNA,2025Q4,2999
PC-MON,A CORUNA,2026Q1,3410
PC-MON,LUGO,2021Q1,1069
PC-MON,LUGO,2021Q2,1191
PC-MON,LUGO,2021Q3,1026
PC-MON,LUGO,2021Q4,1247
PC-MON,LUGO,2022Q1,1307
PC-MON,LUGO,2022Q2,1362
PC-MON,LUGO,2022Q3,1223
PC-MON,LUGO,2022Q4,1578
PC-MON,LUGO,2023Q1,1323
PC-MON,LUGO,2023Q2,2012
PC-MON,LUGO,2023Q3,1058
PC-MON,LUGO,2023Q4,1457
PC-MON,LUGO,2024Q1,1341
PC-MON,LUGO,2024Q2,1385
PC-MON,LUGO,2024Q3,1432
PC-MON,LUGO,2024Q4,1598
PC-MON,LUGO,2025Q1,3088
PC-MON,LUGO,2025Q2,687
PC-MON,LUGO,2025Q3,469
PC-MON,LUGO,2025Q4,892
PC-MON,LUGO,2026Q1,1330
PC-MON,OURENSE,2021Q1,1074
PC-MON,OURENSE,2021Q2,1280
PC-MON,OURENSE,2021Q3,888
PC-MON,OURENSE,2021Q4,1058
PC-MON,OURENSE,2022Q1,1223
PC-MON,OURENSE,2022Q2,1076
PC-MON,OURENSE,2022Q3,1092
PC-MON,OURENSE,2022Q4,1456
PC-MON,OURENSE,2023Q1,952
PC-MON,OURENSE,2023Q2,1980
PC-MON,OURENSE,2023Q3,1249
PC-MON,OURENSE,2023Q4,1647
PC-MON,OURENSE,2024Q1,1436
PC-MON,OURENSE,2024Q2,1550
PC-MON,OURENSE,2024Q3,1453
PC-MON,OURENSE,2024Q4,2031
PC-MON,OURENSE,2025Q1,2653
PC-MON,OURENSE,2025Q2,1244
PC-MON,OURENSE,2025Q3,439
PC-MON,OURENSE,2025Q4,832
PC-MON,OURENSE,2026Q1,1363
PC-MON,PONTEVEDRA,2021Q1,3966
PC-MON,PONTEVEDRA,2021Q2,3772
PC-MON,PONTEVEDRA,2021Q3,3386
PC-MON,PONTEVEDRA,2021Q4,3847
PC-MON,PONTEVEDRA,2022Q1,4071
PC-MON,PONTEVEDRA,2022Q2,3690
PC-MON,PONTEVEDRA,2022Q3,3509
PC-MON,PONTEVEDRA,2022Q4,5029
PC-MON,PONTEVEDRA,2023Q1,4817
PC-MON,PONTEVEDRA,2023Q2,5074
PC-MON,PONTEVEDRA,2023Q3,3932
PC-MON,PONTEVEDRA,2023Q4,4975
PC-MON,PONTEVEDRA,2024Q1,4941
PC-MON,PONTEVEDRA,2024Q2,4739
PC-MON,PONTEVEDRA,2024Q3,4369
PC-MON,PONTEVEDRA,2024Q4,6602
PC-MON,PONTEVEDRA,2025Q1,8363
PC-MON,PONTEVEDRA,2025Q2,4532
PC-MON,PONTEVEDRA,2025Q3,1743
PC-MON,PONTEVEDRA,2025Q4,2794
PC-MON,PONTEVEDRA,2026Q1,3813
PC-MON,MADRID,2021Q1,29265
PC-MON,MADRID,2021Q2,39226
PC-MON,MADRID,2021Q3,27483
PC-MON,MADRID,2021Q4,39163
PC-MON,MADRID,2022Q1,38545
PC-MON,MADRID,2022Q2,35682
PC-MON,MADRID,2022Q3,33611
PC-MON,MADRID,2022Q4,48842
PC-MON,MADRID,2023Q1,33778
PC-MON,MADRID,2023Q2,53122
PC-MON,MADRID,2023Q3,43575
PC-MON,MADRID,2023Q4,44592
PC-MON,MADRID,2024Q1,54695
PC-MON,MADRID,2024Q2,49142
PC-MON,MADRID,2024Q3,45053
PC-MON,MADRID,2024Q4,70314
PC-MON,MADRID,2025Q1,80608
PC-MON,MADRID,2025Q2,47553
PC-MON,MADRID,2025Q3,15075
PC-MON,MADRID,2025Q4,28849
PC-MON,MADRID,2026Q1,35534
PC-MON,MURCIA,2021Q1,7876
PC-MON,MURCIA,2021Q2,7289
PC-MON,MURCIA,2021Q3,5722
PC-MON,MURCIA,2021Q4,6832
PC-MON,MURCIA,2022Q1,7668
PC-MON,MURCIA,2022Q2,7550
PC-MON,MURCIA,2022Q3,7048
PC-MON,MURCIA,2022Q4,10593
PC-MON,MURCIA,2023Q1,7859
PC-MON,MURCIA,2023Q2,6589
PC-MON,MURCIA,2023Q3,9039
PC-MON,MURCIA,2023Q4,12017
PC-MON,MURCIA,2024Q1,10051
PC-MON,MURCIA,2024Q2,10933
PC-MON,MURCIA,2024Q3,8406
PC-MON,MURCIA,2024Q4,11567
PC-MON,MURCIA,2025Q1,13548
PC-MON,MURCIA,2025Q2,9124
PC-MON,MURCIA,2025Q3,2647
PC-MON,MURCIA,2025Q4,4354
PC-MON,MURCIA,2026Q1,6530
PC-MON,NAVARRA,2021Q1,1513
PC-MON,NAVARRA,2021Q2,1930
PC-MON,NAVARRA,2021Q3,1471
PC-MON,NAVARRA,2021Q4,1846
PC-MON,NAVARRA,2022Q1,2220
PC-MON,NAVARRA,2022Q2,1803
PC-MON,NAVARRA,2022Q3,1558
PC-MON,NAVARRA,2022Q4,2981
PC-MON,NAVARRA,2023Q1,2312
PC-MON,NAVARRA,2023Q2,2060
PC-MON,NAVARRA,2023Q3,2027
PC-MON,NAVARRA,2023Q4,2525
PC-MON,NAVARRA,2024Q1,2512
PC-MON,NAVARRA,2024Q2,2471
PC-MON,NAVARRA,2024Q3,2006
PC-MON,NAVARRA,2024Q4,2212
PC-MON,NAVARRA,2025Q1,3762
PC-MON,NAVARRA,2025Q2,1223
PC-MON,NAVARRA,2025Q3,817
PC-MON,NAVARRA,2025Q4,1276
PC-MON,NAVARRA,2026Q1,2103
PC-MON,ARABA/ALAVA,2021Q1,1334
PC-MON,ARABA/ALAVA,2021Q2,793
PC-MON,ARABA/ALAVA,2021Q3,644
PC-MON,ARABA/ALAVA,2021Q4,892
PC-MON,ARABA/ALAVA,2022Q1,1026
PC-MON,ARABA/ALAVA,2022Q2,818
PC-MON,ARABA/ALAVA,2022Q3,738
PC-MON,ARABA/ALAVA,2022Q4,1094
PC-MON,ARABA/ALAVA,2023Q1,368
PC-MON,ARABA/ALAVA,2023Q2,1168
PC-MON,ARABA/ALAVA,2023Q3,1443
PC-MON,ARABA/ALAVA,2023Q4,1037
PC-MON,ARABA/ALAVA,2024Q1,1472
PC-MON,ARABA/ALAVA,2024Q2,1425
PC-MON,ARABA/ALAVA,2024Q3,1001
PC-MON,ARABA/ALAVA,2024Q4,1127
PC-MON,ARABA/ALAVA,2025Q1,1656
PC-MON,ARABA/ALAVA,2025Q2,730
PC-MON,ARABA/ALAVA,2025Q3,330
PC-MON,ARABA/ALAVA,2025Q4,603
PC-MON,ARABA/ALAVA,2026Q1,865
PC-MON,GIPUZKOA,2021Q1,1791
PC-MON,GIPUZKOA,2021Q2,1421
PC-MON,GIPUZKOA,2021Q3,1136
PC-MON,GIPUZKOA,2021Q4,1632
PC-MON,GIPUZKOA,2022Q1,1883
PC-MON,GIPUZKOA,2022Q2,1502
PC-MON,GIPUZKOA,2022Q3,1223
PC-MON,GIPUZKOA,2022Q4,2136
PC-MON,GIPUZKOA,2023Q1,1294
PC-MON,GIPUZKOA,2023Q2,1572
PC-MON,GIPUZKOA,2023Q3,1517
PC-MON,GIPUZKOA,2023Q4,1718
PC-MON,GIPUZKOA,2024Q1,1901
PC-MON,GIPUZKOA,2024Q2,1789
PC-MON,GIPUZKOA,2024Q3,1507
PC-MON,GIPUZKOA,2024Q4,2200
PC-MON,GIPUZKOA,2025Q1,2829
PC-MON,GIPUZKOA,2025Q2,1565
PC-MON,GIPUZKOA,2025Q3,672
PC-MON,GIPUZKOA,2025Q4,964
PC-MON,GIPUZKOA,2026Q1,1135
PC-MON,BIZKAIA,2021Q1,3172
PC-MON,BIZKAIA,2021Q2,2703
PC-MON,BIZKAIA,2021Q3,2259
PC-MON,BIZKAIA,2021Q4,2937
PC-MON,BIZKAIA,2022Q1,3357
PC-MON,BIZKAIA,2022Q2,2712
PC-MON,BIZKAIA,2022Q3,2265
PC-MON,BIZKAIA,2022Q4,3994
PC-MON,BIZKAIA,2023Q1,2954
PC-MON,BIZKAIA,2023Q2,3002
PC-MON,BIZKAIA,2023Q3,3028
PC-MON,BIZKAIA,2023Q4,4044
PC-MON,BIZKAIA,2024Q1,3858
PC-MON,BIZKAIA,2024Q2,3376
PC-MON,BIZKAIA,2024Q3,2922
PC-MON,BIZKAIA,2024Q4,3333
PC-MON,BIZKAIA,2025Q1,4988
PC-MON,BIZKAIA,2025Q2,2933
PC-MON,BIZKAIA,2025Q3,1636
PC-MON,BIZKAIA,2025Q4,2120
PC-MON,BIZKAIA,2026Q1,2870
PC-MON,LA RIOJA,2021Q1,995
PC-MON,LA RIOJA,2021Q2,1182
PC-MON,LA RIOJA,2021Q3,874
PC-MON,LA RIOJA,2021Q4,1210
PC-MON,LA RIOJA,2022Q1,1353
PC-MON,LA RIOJA,2022Q2,1058
PC-MON,LA RIOJA,2022Q3,1035
PC-MON,LA RIOJA,2022Q4,1618
PC-MON,LA RIOJA,2023Q1,700
PC-MON,LA RIOJA,2023Q2,1887
PC-MON,LA RIOJA,2023Q3,1435
PC-MON,LA RIOJA,2023Q4,1642
PC-MON,LA RIOJA,2024Q1,1361
PC-MON,LA RIOJA,2024Q2,1558
PC-MON,LA RIOJA,2024Q3,1385
PC-MON,LA RIOJA,2024Q4,1534
PC-MON,LA RIOJA,2025Q1,2974
PC-MON,LA RIOJA,2025Q2,931
PC-MON,LA RIOJA,2025Q3,412
PC-MON,LA RIOJA,2025Q4,729
PC-MON,LA RIOJA,2026Q1,1241
PC-MON,TOTAL,2021Q1,205212
PC-MON,TOTAL,2021Q2,210679
PC-MON,TOTAL,2021Q3,163259
PC-MON,TOTAL,2021Q4,225536
PC-MON,TOTAL,2022Q1,239972
PC-MON,TOTAL,2022Q2,217801
PC-MON,TOTAL,2022Q3,206093
PC-MON,TOTAL,2022Q4,292388
PC-MON,TOTAL,2023Q1,229179
PC-MON,TOTAL,2023Q2,297658
PC-MON,TOTAL,2023Q3,247739
PC-MON,TOTAL,2023Q4,289096
PC-MON,TOTAL,2024Q1,296834
PC-MON,TOTAL,2024Q2,277929
PC-MON,TOTAL,2024Q3,243693
PC-MON,TOTAL,2024Q4,327137
PC-MON,TOTAL,2025Q1,488518
PC-MON,TOTAL,2025Q2,226803
PC-MON,TOTAL,2025Q3,88567
PC-MON,TOTAL,2025Q4,152996
PC-MON,TOTAL,2026Q1,199678
