reading,qid,fact_id,surface,final_verdict,domain,type,url
1,F01-Q1,F01,aio,current,lamoncloa.gob.es,other_public,https://www.lamoncloa.gob.es/serviciosdeprensa/notasprensa/trabajo14/paginas/2023/140223-salario-minimo-interprofesional.aspx
1,F01-Q1,F01,aio,current,taxdown.es,software,https://taxdown.es/blog/smi-salario-minimo-interprofesional
1,F01-Q1,F01,mode,current,lamoncloa.gob.es,other_public,https://www.lamoncloa.gob.es/serviciosdeprensa/notasprensa/trabajo14/paginas/2023/140223-salario-minimo-interprofesional.aspx
1,F01-Q1,F01,mode,current,bankinter.com,other,https://www.bankinter.com/blog/finanzas-personales/salario-minimo-interprofesional-smi
1,F01-Q1,F01,mode,current,taxdown.es,software,https://taxdown.es/blog/smi-salario-minimo-interprofesional
1,F01-Q2,F01,aio,current,lamoncloa.gob.es,other_public,https://www.lamoncloa.gob.es/serviciosdeprensa/notasprensa/trabajo14/paginas/2023/140223-salario-minimo-interprofesional.aspx
1,F01-Q2,F01,aio,current,boe.es,boe,https://www.boe.es/buscar/doc.php?id=BOE-A-2026-3815
1,F01-Q2,F01,aio,current,caixabank.com,other,https://www.caixabank.com/es/esfera/content/salario-minimo-smi
1,F01-Q2,F01,aio,current,cegid.com,software,https://www.cegid.com/ib/es/blog/salario-minimo-interprofesional-smi-espana/
1,F01-Q2,F01,aio,current,taxdown.es,software,https://taxdown.es/blog/smi-salario-minimo-interprofesional
1,F01-Q2,F01,mode,current,grupo2000.es,advisory,https://www.grupo2000.es/asi-sera-tu-nomina-en-2020-tras-congelarse-el-salario-minimo/
1,F01-Q2,F01,mode,current,taxdown.es,software,https://taxdown.es/blog/smi-salario-minimo-interprofesional
1,F01-Q2,F01,mode,current,lamoncloa.gob.es,other_public,https://www.lamoncloa.gob.es/serviciosdeprensa/notasprensa/trabajo14/paginas/2023/140223-salario-minimo-interprofesional.aspx
1,F01-Q3,F01,mode,current,lamoncloa.gob.es,other_public,https://www.lamoncloa.gob.es/serviciosdeprensa/notasprensa/trabajo14/paginas/2023/140223-salario-minimo-interprofesional.aspx
1,F01-Q3,F01,mode,current,taxdown.es,software,https://taxdown.es/blog/smi-salario-minimo-interprofesional
1,F01-Q3,F01,mode,current,wise.com,other,https://wise.com/co/blog/salario-minimo-en-espana
1,F01-Q4,F01,aio,current,lamoncloa.gob.es,other_public,https://www.lamoncloa.gob.es/serviciosdeprensa/notasprensa/trabajo14/paginas/2023/140223-salario-minimo-interprofesional.aspx
1,F01-Q4,F01,aio,current,taxdown.es,software,https://taxdown.es/blog/smi-salario-minimo-interprofesional
1,F01-Q4,F01,aio,current,taxfix.com,software,https://taxfix.com/es-es/diccionario/salario-minimo-interprofesional-smi/
1,F01-Q4,F01,aio,current,agenciacolocacion.idelnet.com,other,https://agenciacolocacion.idelnet.com/el-salario-minimo-interprofesional-smi.html
1,F01-Q4,F01,mode,current,lamoncloa.gob.es,other_public,https://www.lamoncloa.gob.es/serviciosdeprensa/notasprensa/trabajo14/paginas/2023/140223-salario-minimo-interprofesional.aspx
1,F01-Q4,F01,mode,current,ugt.es,other,https://www.ugt.es/el-smi-alcanza-los-1221-euros-en-14-pagas-consolidar-la-senda-de-dignificacion-salarial-y-avanzar
1,F01-Q4,F01,mode,current,prodegest.com,advisory,https://www.prodegest.com/smi-2026/
1,F02-Q1,F02,aio,current,inclusion.gob.es,social_security,https://www.inclusion.gob.es/w/el-gobierno-amplia-en-tres-semanas-el-permiso-de-nacimiento-y-cuidado-de-menor-y-lo-incrementa-a-32-semanas-para-familias-monoparentales-1
1,F02-Q1,F02,aio,current,uso.es,other,https://www.uso.es/como-pedir-las-semanas-adicionales-del-permiso-de-maternidad-paternidad/
1,F02-Q1,F02,aio,current,maternify.io,software,https://www.maternify.io/blog/permisos-maternidad-paternidad-2026
1,F02-Q1,F02,aio,current,teamsystem.es,software,https://teamsystem.es/magazine/permiso-paternidad-2026/
1,F02-Q1,F02,aio,current,seg-social.es,social_security,https://www.seg-social.es/wps/portal/wss/internet/Trabajadores/PrestacionesPensionesTrabajadores/6b96a085-4dc0-47af-b2cb-97e00716791e/0b5879ed-1156-4676-b38c-7229dcba9c49/descansoet
1,F02-Q1,F02,mode,current,uso.es,other,https://www.uso.es/como-pedir-las-semanas-adicionales-del-permiso-de-maternidad-paternidad/
1,F02-Q1,F02,mode,current,edenred.es,software,https://www.edenred.es/blog/baja-de-maternidad-y-de-paternidad-todo-lo-que-necesitas-saber/
1,F02-Q1,F02,mode,current,maternify.io,software,https://www.maternify.io/blog/permisos-maternidad-paternidad-2026
1,F02-Q1,F02,mode,current,teamsystem.es,software,https://teamsystem.es/magazine/permiso-paternidad-2026/
1,F02-Q1,F02,mode,current,factorial.es,software,https://factorial.es/blog/permiso-de-paternidad/
1,F02-Q2,F02,aio,current,inclusion.gob.es,social_security,https://www.inclusion.gob.es/w/el-gobierno-amplia-en-tres-semanas-el-permiso-de-nacimiento-y-cuidado-de-menor-y-lo-incrementa-a-32-semanas-para-familias-monoparentales-1
1,F02-Q2,F02,aio,current,lamoncloa.gob.es,other_public,https://www.lamoncloa.gob.es/serviciosdeprensa/notasprensa/inclusion/paginas/2025/solicitud-permiso-nacimiento-y-cuidado-menor.aspx
1,F02-Q2,F02,aio,current,maternify.io,software,https://www.maternify.io/blog/permisos-maternidad-paternidad-2026
1,F02-Q2,F02,aio,current,payfit.com,software,https://payfit.com/es/contenido-practico/baja-por-paternidad/
1,F02-Q2,F02,mode,current,maternify.io,software,https://www.maternify.io/blog/permisos-maternidad-paternidad-2026
1,F02-Q2,F02,mode,current,alvarezreal.com,advisory,https://alvarezreal.com/permiso-por-nacimiento-2026/
1,F02-Q2,F02,mode,current,bankinter.com,other,https://www.bankinter.com/blog/finanzas-personales/baja-maternidad-paternidad
1,F02-Q2,F02,mode,current,vidacaixa.es,other,https://www.vidacaixa.es/articulos/seguros-e-imprevistos/permisos-bajas-maternidad-paternidad
1,F02-Q3,F02,aio,current,payfit.com,software,https://payfit.com/es/contenido-practico/baja-por-maternidad/
1,F02-Q3,F02,aio,current,allianz-assistance.es,other,https://www.allianz-assistance.es/blog/legal/baja-por-maternidad.html
1,F02-Q3,F02,aio,current,factorial.es,software,https://factorial.es/blog/baja-por-paternidad/
1,F02-Q3,F02,mode,current,seg-social.es,social_security,https://www.seg-social.es/wps/portal/wss/internet/Trabajadores/PrestacionesPensionesTrabajadores/6b96a085-4dc0-47af-b2cb-97e00716791e/situaciones+protegidas19-c021
1,F02-Q3,F02,mode,current,alibebe.es,other,https://alibebe.es/blog/post/baja-por-maternidad
1,F02-Q3,F02,mode,current,bankinter.com,other,https://www.bankinter.com/blog/finanzas-personales/baja-maternidad-paternidad
1,F02-Q3,F02,mode,current,alvarezreal.com,advisory,https://alvarezreal.com/permiso-por-nacimiento-2026/
1,F02-Q4,F02,aio,current,revista.seg-social.es,social_security,https://revista.seg-social.es/-/c%C3%B3mo-pedir-la-prestaci%C3%B3n-por-nacimiento-y-cuidado-de-menor
1,F02-Q4,F02,aio,current,maternify.io,software,https://www.maternify.io/blog/permisos-maternidad-paternidad-2026
1,F02-Q4,F02,aio,current,teamsystem.es,software,https://teamsystem.es/magazine/permiso-paternidad-2026/
1,F02-Q4,F02,aio,current,skello.es,software,https://www.skello.es/blog/baja-maternidad-paternidad
1,F02-Q4,F02,aio,current,mibajaparental.es,other,https://www.mibajaparental.es/guia-baja-parental.html
1,F02-Q4,F02,aio,current,alibebe.es,other,https://alibebe.es/blog/post/baja-por-maternidad
1,F02-Q4,F02,aio,current,factorial.es,software,https://factorial.es/blog/permiso-de-paternidad/
1,F02-Q4,F02,mode,current,payfit.com,software,https://payfit.com/es/contenido-practico/baja-por-paternidad/
1,F02-Q4,F02,mode,current,teamsystem.es,software,https://teamsystem.es/magazine/permiso-paternidad-2026/
1,F03-Q1,F03,aio,current,inclusion.gob.es,social_security,https://www.inclusion.gob.es/w/el-gobierno-amplia-en-tres-semanas-el-permiso-de-nacimiento-y-cuidado-de-menor-y-lo-incrementa-a-32-semanas-para-familias-monoparentales-1
1,F03-Q1,F03,aio,current,mibajaparental.es,other,https://www.mibajaparental.es/permiso-monoparental-32-semanas.html
1,F03-Q1,F03,aio,current,babybelegal.com,advisory,https://babybelegal.com/blogs/noticias/baja-maternidad-familia-monoparental?srsltid=AU7gw4V9IjRtMIKcFgwtcn9dZS4mtpjGM-bE5SjteR8kpZuVSD7khjwL
1,F03-Q1,F03,aio,current,babybelegal.com,advisory,https://babybelegal.com/blogs/noticias/baja-maternidad-familia-monoparental
1,F03-Q1,F03,mode,current,inclusion.gob.es,social_security,https://www.inclusion.gob.es/w/el-gobierno-amplia-en-tres-semanas-el-permiso-de-nacimiento-y-cuidado-de-menor-y-lo-incrementa-a-32-semanas-para-familias-monoparentales-1
1,F03-Q1,F03,mode,current,mibajaparental.es,other,https://www.mibajaparental.es/permiso-monoparental-32-semanas.html
1,F03-Q1,F03,mode,current,lamoncloa.gob.es,other_public,https://www.lamoncloa.gob.es/serviciosdeprensa/notasprensa/inclusion/paginas/2026/300726-permiso-nacimiento-ampliado.aspx
1,F03-Q1,F03,mode,current,revista.seg-social.es,social_security,https://revista.seg-social.es/-/m%C3%A1s-de-231.000-padres-y-madres-disfrutan-del-permiso-de-nacimiento-ampliado-a-19-semanas-32-en-el-caso-de-familias-monoparentales
1,F03-Q2,F03,aio,current,inclusion.gob.es,social_security,https://www.inclusion.gob.es/w/el-gobierno-amplia-en-tres-semanas-el-permiso-de-nacimiento-y-cuidado-de-menor-y-lo-incrementa-a-32-semanas-para-familias-monoparentales-1
1,F03-Q2,F03,aio,current,mibajaparental.es,other,https://www.mibajaparental.es/permiso-monoparental-32-semanas.html
1,F03-Q2,F03,mode,current,mibajaparental.es,other,https://www.mibajaparental.es/permiso-monoparental-32-semanas.html
1,F03-Q2,F03,mode,current,mutuafacil.es,other,https://mutuafacil.es/guias-y-recursos/prestacion-nacimiento-cuidado-menor/
1,F03-Q2,F03,mode,current,maternify.io,software,https://www.maternify.io/blog/permisos-maternidad-paternidad-2026
1,F03-Q2,F03,mode,current,boe.es,boe,https://www.boe.es/buscar/doc.php?id=BOE-A-2025-15741
1,F03-Q2,F03,mode,current,espacioasesoria.com,advisory,https://espacioasesoria.com/noticia/baja-por-maternidad-y-paternidad-semanas-prestacion-economica-y-como-solicitarla
1,F03-Q3,F03,aio,current,inclusion.gob.es,social_security,https://www.inclusion.gob.es/w/el-gobierno-amplia-en-tres-semanas-el-permiso-de-nacimiento-y-cuidado-de-menor-y-lo-incrementa-a-32-semanas-para-familias-monoparentales-1
1,F03-Q3,F03,aio,current,mibajaparental.es,other,https://www.mibajaparental.es/permiso-monoparental-32-semanas.html
1,F03-Q3,F03,aio,current,babybelegal.com,advisory,https://babybelegal.com/blogs/noticias/baja-maternidad-familia-monoparental
1,F03-Q3,F03,mode,current,lamoncloa.gob.es,other_public,https://www.lamoncloa.gob.es/serviciosdeprensa/notasprensa/inclusion/paginas/2025/solicitud-permiso-nacimiento-y-cuidado-menor.aspx
1,F03-Q3,F03,mode,current,lamoncloa.gob.es,other_public,https://www.lamoncloa.gob.es/serviciosdeprensa/notasprensa/inclusion/paginas/2026/300726-permiso-nacimiento-ampliado.aspx
1,F03-Q3,F03,mode,current,mibajaparental.es,other,https://www.mibajaparental.es/permiso-monoparental-32-semanas.html
1,F03-Q3,F03,mode,current,grupo2000.es,advisory,https://www.grupo2000.es/asi-es-el-proyecto-de-ley-que-ampliara-el-permiso-de-paternidad-a-16-semanas/
1,F03-Q3,F03,mode,current,cuatrecasas.com,advisory,https://www.cuatrecasas.com/es/spain/laboral/art/permiso-nacimiento-familias-monoparentales
1,F04-Q1,F04,aio,current,wolterskluwer.com,advisory,https://www.wolterskluwer.com/es-es/expert-insights/despido-por-incapacidad-permanente-total
1,F04-Q1,F04,aio,current,augustaabogados.com,advisory,https://augustaabogados.com/extincion-del-contrato-por-incapacidad-permanente/
1,F04-Q1,F04,aio,current,laboral-social.com,advisory,https://www.laboral-social.com/ley-2-2025-incapacidad-permanente-extincion-contrato
1,F04-Q1,F04,aio,current,rebesferrer.com,advisory,https://www.rebesferrer.com/13010-2/
1,F04-Q1,F04,aio,current,youtube.com,forum_social,https://youtube.com/ (path withheld)
1,F04-Q1,F04,mode,current,elderecho.com,advisory,https://elderecho.com/extincion-del-contrato-por-incapacidad-permanente/
1,F04-Q1,F04,mode,current,augustaabogados.com,advisory,https://augustaabogados.com/extincion-del-contrato-por-incapacidad-permanente/
1,F04-Q1,F04,mode,current,sagardoy.com,advisory,https://sagardoy.com/la-ley-2-2025-y-la-extincion-del-contrato-por-incapacidad-permanente/
1,F04-Q2,F04,aio,current,wolterskluwer.com,advisory,https://www.wolterskluwer.com/es-es/expert-insights/despido-por-incapacidad-permanente-total
1,F04-Q2,F04,aio,current,spmprevencion.com,advisory,https://spmprevencion.com/incapacidad-permanente-y-extincion-del-contrato-la-empresa-ya-no-puede-despedir-automaticamente-sin-valorar-ajustes-razonables/
1,F04-Q2,F04,aio,current,tiktok.com,forum_social,https://tiktok.com/ (path withheld)
1,F04-Q2,F04,aio,current,youtube.com,forum_social,https://youtube.com/ (path withheld)
1,F04-Q2,F04,aio,current,facebook.com,forum_social,https://facebook.com/ (path withheld)
1,F04-Q2,F04,aio,current,supercontable.com,software,https://www.supercontable.com/informacion/laboral/El_despido_de_un_empleado_tras_declararse_la_.html
1,F04-Q2,F04,aio,current,youtube.com,forum_social,https://youtube.com/ (path withheld)
1,F04-Q2,F04,aio,current,jovermarben.com,advisory,https://www.jovermarben.com/blog/eliminado-el-despido-automatico-por-incapacidad-permanente-en-espana/
1,F04-Q2,F04,mode,current,wolterskluwer.com,advisory,https://www.wolterskluwer.com/es-es/expert-insights/despido-por-incapacidad-permanente-total
1,F04-Q2,F04,mode,current,civicabogados.com,advisory,https://civicabogados.com/despido-por-incapacidad-permanente-total/
1,F04-Q2,F04,mode,current,bloglaboral.garrigues.com,advisory,https://bloglaboral.garrigues.com/la-incapacidad-permanente-ya-no-extingue-automaticamente-el-contrato-de-trabajo
1,F04-Q2,F04,mode,current,laboral-social.com,advisory,https://www.laboral-social.com/ley-2-2025-incapacidad-permanente-extincion-contrato
1,F04-Q3,F04,aio,current,bloglaboral.garrigues.com,advisory,https://bloglaboral.garrigues.com/la-incapacidad-permanente-ya-no-extingue-automaticamente-el-contrato-de-trabajo
1,F04-Q3,F04,aio,current,prensa.mites.gob.es,other_public,https://prensa.mites.gob.es/webPrensa/listado-noticia/noticia/4354
1,F04-Q3,F04,aio,current,youtube.com,forum_social,https://youtube.com/ (path withheld)
1,F04-Q3,F04,aio,current,seg-social.es,social_security,https://www.seg-social.es/wps/portal/wss/internet/Trabajadores/PrestacionesPensionesTrabajadores/10960/28750/28680/28700
1,F04-Q3,F04,aio,current,augustaabogados.com,advisory,https://augustaabogados.com/extincion-del-contrato-por-incapacidad-permanente/
1,F04-Q3,F04,aio,current,campmanyabogados.com,advisory,https://www.campmanyabogados.com/incapacidad-permanente/se-puede-trabajar-solicitar
1,F04-Q3,F04,aio,current,youtube.com,forum_social,https://youtube.com/ (path withheld)
1,F04-Q3,F04,aio,current,cogami.gal,other,https://www.cogami.gal/es_ES/preguntas-frecuentes/me-concedieron-una-incapacidad-permanente-total-puedo-compatibilizarlo-con-un-trabajo/
1,F04-Q3,F04,aio,current,youtube.com,forum_social,https://youtube.com/ (path withheld)
1,F04-Q3,F04,aio,current,youtube.com,forum_social,https://youtube.com/ (path withheld)
1,F04-Q3,F04,mode,current,boe.es,boe,https://www.boe.es/diario_boe/txt.php?id=BOE-A-2025-8567
1,F04-Q3,F04,mode,current,campmanyabogados.com,advisory,https://www.campmanyabogados.com/blog/compatibilidad-entre-incapacidad-permanente-y-trabajo
1,F04-Q3,F04,mode,current,csif.es,other,https://www.csif.es/es/articulo/nacional/administraciondejusticia/70520
1,F04-Q3,F04,mode,current,sirventygranados.com,advisory,https://sirventygranados.com/incapacidad-permanente-y-contrato-de-trabajo-ley-2-2025/
1,F04-Q3,F04,mode,current,augustaabogados.com,advisory,https://augustaabogados.com/extincion-del-contrato-por-incapacidad-permanente/
1,F04-Q3,F04,mode,current,aguadoabogados.com,advisory,https://aguadoabogados.com/derecho-laboral/incapacidad-permanente-seguridad-social/
1,F04-Q3,F04,mode,current,portalprestaciones.es,other,https://portalprestaciones.es/compatibilidad-incapacidad-permanente-total-trabajo-2026/
1,F04-Q4,F04,aio,mixed,velazquezyvilla.es,advisory,https://velazquezyvilla.es/que-pasa-con-mi-trabajo-si-me-conceden-una-incapacidad/
1,F04-Q4,F04,aio,mixed,facebook.com,forum_social,https://facebook.com/ (path withheld)
1,F04-Q4,F04,aio,mixed,elabogado.com,advisory,https://www.elabogado.com/c/reserva-de-puesto-de-trabajo-por-incapacidad-permanente/
1,F04-Q4,F04,aio,mixed,puntoseguro.com,other,https://www.puntoseguro.com/blog/en-que-casos-se-concede-la-incapacidad-permanente-absoluta/
1,F04-Q4,F04,aio,mixed,bbva.es,other,https://www.bbva.es/finanzas-vistazo/ef/seguros/que-es-la-incapacidad-laboral-permanente-y-cuales-son-sus-tipos.html
1,F04-Q4,F04,aio,mixed,youtube.com,forum_social,https://youtube.com/ (path withheld)
1,F04-Q4,F04,aio,mixed,antonioarroyoabogados.wordpress.com,advisory,https://antonioarroyoabogados.wordpress.com/2021/08/09/pierdo-mi-trabajo-si-me-dan-una-incapacidad-permanente/
1,F04-Q4,F04,aio,mixed,instagram.com,forum_social,https://instagram.com/ (path withheld)
1,F04-Q4,F04,aio,mixed,anclabogados.es,advisory,https://www.anclabogados.es/incapacidad-permanente-gran-invalidez-trabajo/
1,F04-Q4,F04,aio,mixed,youtube.com,forum_social,https://youtube.com/ (path withheld)
1,F04-Q4,F04,mode,current,boe.es,boe,https://www.boe.es/diario_boe/txt.php?id=BOE-A-2025-8567
1,F04-Q4,F04,mode,current,sagardoy.com,advisory,https://sagardoy.com/la-ley-2-2025-y-la-extincion-del-contrato-por-incapacidad-permanente/
1,F04-Q4,F04,mode,current,uso.es,other,https://www.uso.es/estos-son-los-cambios-ley-2-2025-regulacion-laboral-incapacidad-permanente/
1,F04-Q4,F04,mode,current,campmanyabogados.com,advisory,https://www.campmanyabogados.com/blog/actividades-compatibles-con-incapacidad-permanente-absoluta-y-gran-invalidez
1,F04-Q4,F04,mode,current,dkvintegralia.org,other,https://dkvintegralia.org/blog/es-compatible-una-pension-por-incapacidad-con-el-trabajo
1,F04-Q4,F04,mode,current,cogami.gal,other,https://www.cogami.gal/es_ES/preguntas-frecuentes/me-concedieron-una-incapacidad-permanente-total-puedo-compatibilizarlo-con-un-trabajo/
1,F04-Q4,F04,mode,current,bloglaboral.garrigues.com,advisory,https://bloglaboral.garrigues.com/la-incapacidad-permanente-ya-no-extingue-automaticamente-el-contrato-de-trabajo
1,F04-Q4,F04,mode,current,mutuauniversal.net,other,https://www.mutuauniversal.net/es/mu-articulo/Incapacidad-permanente-y-extincion-de-contrato
1,F05-Q1,F05,aio,current,teamsystem.es,software,https://teamsystem.es/magazine/trabajar-mas-de-40-horas-semanales/
1,F05-Q1,F05,aio,current,bankinter.com,other,https://www.bankinter.com/blog/finanzas-personales/jornada-laboral-espana
1,F05-Q1,F05,aio,current,factorial.es,software,https://factorial.es/blog/nueva-ley-jornada-laboral-38-5-horas-semanales/
1,F05-Q1,F05,aio,current,avanselseleccion.es,advisory,https://www.avanselseleccion.es/es-posible-y-legal-trabajar-12-horas-diarias/
1,F05-Q1,F05,aio,current,es.wikipedia.org,other,https://es.wikipedia.org/wiki/Jornada_de_trabajo_en_Espa%C3%B1a
1,F05-Q1,F05,mode,current,administracion.gob.es,other_public,https://administracion.gob.es/tu-espacio-europeo/derechos-obligaciones/ciudadanos/trabajo-jubilacion/condiciones-trabajo/jornada-permisos
1,F05-Q1,F05,mode,current,iberley.es,advisory,https://www.iberley.es/legislacion/articulo-34-estatuto-trabajadores
1,F05-Q1,F05,mode,current,factorial.es,software,https://factorial.es/blog/nueva-ley-jornada-laboral-38-5-horas-semanales/
1,F05-Q1,F05,mode,current,es.wikipedia.org,other,https://es.wikipedia.org/wiki/Jornada_de_trabajo_en_Espa%C3%B1a
1,F05-Q2,F05,mode,current,factorial.es,software,https://factorial.es/blog/nueva-ley-jornada-laboral-38-5-horas-semanales/
1,F05-Q2,F05,mode,current,pgplanning.es,other,https://www.pgplanning.es/blog/todo-sobre-la-reduccion-de-la-jornada/
1,F05-Q2,F05,mode,current,es.wikipedia.org,other,https://es.wikipedia.org/wiki/Reducci%C3%B3n_de_la_jornada_laboral_de_Espa%C3%B1a_de_2025
1,F05-Q3,F05,aio,current,factorial.es,software,https://factorial.es/blog/nueva-ley-jornada-laboral-38-5-horas-semanales/
1,F05-Q3,F05,aio,current,cardeseo.com,advisory,https://cardeseo.com/cumplimiento-legal/jornada-laboral
1,F05-Q3,F05,aio,current,pgplanning.es,other,https://www.pgplanning.es/blog/todo-sobre-la-reduccion-de-la-jornada/
1,F05-Q3,F05,aio,current,avanselseleccion.es,advisory,https://www.avanselseleccion.es/es-posible-y-legal-trabajar-12-horas-diarias/
1,F05-Q3,F05,aio,current,klaro.legal,advisory,https://klaro.legal/es-es/laboral/jornada-laboral-derechos
1,F05-Q3,F05,mode,current,kelio.es,software,https://www.kelio.es/recursos/blog/horas-laborales-2026-cuantas-horas-hay-trabajar-al-ano.html
1,F05-Q3,F05,mode,current,pgplanning.es,other,https://www.pgplanning.es/blog/todo-sobre-la-reduccion-de-la-jornada/
1,F05-Q3,F05,mode,current,factorial.es,software,https://factorial.es/blog/nueva-ley-jornada-laboral-38-5-horas-semanales/
1,F05-Q3,F05,mode,current,checkpluspresence.com,software,https://www.checkpluspresence.com/blog/reduccion-jornada-laboral-espana/
1,F05-Q4,F05,aio,current,pgplanning.es,other,https://www.pgplanning.es/blog/todo-sobre-la-reduccion-de-la-jornada/
1,F05-Q4,F05,aio,current,elespanol.com,press,https://www.elespanol.com/sociedad/20260507/oficial-jornada-laboral-reduce-convenio-ano-despues-intento-lograr-horas/1003744232243_0.html
1,F05-Q4,F05,aio,current,genbeta.com,press,https://www.genbeta.com/laboral/congreso-tumba-reduccion-jornada-laboral-a-37-5-horas-esto-que-ocurrira-a-partir-ahora
1,F05-Q4,F05,aio,current,es.wikipedia.org,other,https://es.wikipedia.org/wiki/Reducci%C3%B3n_de_la_jornada_laboral_de_Espa%C3%B1a_de_2025
1,F05-Q4,F05,mode,current,pgplanning.es,other,https://www.pgplanning.es/blog/todo-sobre-la-reduccion-de-la-jornada/
1,F05-Q4,F05,mode,current,grupo2000.es,advisory,https://www.grupo2000.es/ayudas-de-hasta-150-000-euros-por-reducir-la-jornada-laboral-a-4-dias/
1,F05-Q4,F05,mode,current,securexrrhh.com,advisory,https://securexrrhh.com/reduccion-de-jornada-a-375-horas-que-es-real-y-que-no-en-2026/
1,F05-Q4,F05,mode,current,wolterskluwer.com,advisory,https://www.wolterskluwer.com/es-es/expert-insights/jornada-laboral-375-horas-semanales
1,F05-Q4,F05,mode,current,legatiq.ai,software,https://legatiq.ai/guias/derechos-laborales/jornada-laboral-maxima-reduccion-de-jornada-2026
1,F06-Q1,F06,aio,current,seg-social.es,social_security,https://www.seg-social.es/wps/portal/wss/internet/Trabajadores/CotizacionRecaudacionTrabajadores/36537
1,F06-Q1,F06,aio,current,wolterskluwer.com,advisory,https://www.wolterskluwer.com/es-es/expert-insights/bases-cotizacion-2026
1,F06-Q1,F06,aio,current,boe.es,boe,https://www.boe.es/diario_boe/txt.php?id=BOE-A-2026-7296
1,F06-Q1,F06,aio,current,garrigues.com,advisory,https://www.garrigues.com/es_ES/noticia/publica-orden-cotizacion-espana-2026
1,F06-Q1,F06,aio,current,grupo2000.es,advisory,https://www.grupo2000.es/que-seguros-sociales-debo-aplicar-en-2020-bases-y-tipos-de-cotizacion/
1,F06-Q1,F06,aio,current,laboral-social.com,advisory,https://www.laboral-social.com/publicada-orden-cotizacion-2026
1,F06-Q1,F06,aio,current,sage.com,software,https://www.sage.com/es-es/blog/las-cotizaciones-a-la-seguridad-social-conceptos-bases-y-porcentajes/
1,F06-Q1,F06,aio,current,youtube.com,forum_social,https://youtube.com/ (path withheld)
1,F06-Q1,F06,mode,current,seg-social.es,social_security,https://www.seg-social.es/wps/portal/wss/internet/Trabajadores/CotizacionRecaudacionTrabajadores/36537
1,F06-Q1,F06,mode,current,boe.es,boe,https://www.boe.es/diario_boe/txt.php?id=BOE-A-2026-7296
1,F06-Q2,F06,aio,current,wolterskluwer.com,advisory,https://www.wolterskluwer.com/es-es/expert-insights/base-maxima-cotizacion-2025
1,F06-Q2,F06,aio,current,payfit.com,software,https://payfit.com/es/contenido-practico/base-cotizacion-maxima/
1,F06-Q2,F06,aio,current,afinom.es,advisory,https://afinom.es/bases-y-tipos-de-cotizacion-2026/
1,F06-Q2,F06,aio,current,grupo2000.es,advisory,https://www.grupo2000.es/que-es-y-como-funcionara-la-nueva-cuota-de-solidaridad/
1,F06-Q2,F06,mode,current,seg-social.es,social_security,https://www.seg-social.es/wps/portal/wss/internet/Trabajadores/CotizacionRecaudacionTrabajadores/36537
1,F06-Q2,F06,mode,current,boe.es,boe,https://www.boe.es/diario_boe/txt.php?id=BOE-A-2026-7296
1,F06-Q2,F06,mode,current,grupo2000.es,advisory,https://www.grupo2000.es/que-seguros-sociales-debo-aplicar-en-2020-bases-y-tipos-de-cotizacion/
1,F06-Q3,F06,aio,current,seg-social.es,social_security,https://www.seg-social.es/wps/portal/wss/internet/Trabajadores/CotizacionRecaudacionTrabajadores/36537
1,F06-Q3,F06,aio,current,cuatrecasas.com,advisory,https://www.cuatrecasas.com/es/spain/laboral/art/seguridad-social-nuevos-topes-bases-cotizacion-2026
1,F06-Q3,F06,aio,current,afinom.es,advisory,https://afinom.es/bases-y-tipos-de-cotizacion-2026/
1,F06-Q3,F06,aio,current,laboral-social.com,advisory,https://www.laboral-social.com/publicada-orden-cotizacion-2026
1,F06-Q3,F06,aio,current,grupo2000.es,advisory,https://www.grupo2000.es/que-es-y-como-funcionara-la-nueva-cuota-de-solidaridad/
1,F06-Q3,F06,mode,current,seg-social.es,social_security,https://www.seg-social.es/wps/portal/wss/internet/Trabajadores/CotizacionRecaudacionTrabajadores/36537
1,F06-Q3,F06,mode,current,boe.es,boe,https://www.boe.es/diario_boe/txt.php?id=BOE-A-2026-7296
1,F06-Q3,F06,mode,current,wolterskluwer.com,advisory,https://www.wolterskluwer.com/es-es/expert-insights/bases-cotizacion-2026
1,F06-Q4,F06,aio,current,wolterskluwer.com,advisory,https://www.wolterskluwer.com/es-es/expert-insights/bases-cotizacion-2026
1,F06-Q4,F06,aio,current,declarando.es,software,https://declarando.es/base-cotizacion-autonomos
1,F06-Q4,F06,aio,current,sage.com,software,https://www.sage.com/es-es/blog/las-cotizaciones-a-la-seguridad-social-conceptos-bases-y-porcentajes/
1,F06-Q4,F06,aio,current,garrigues.com,advisory,https://www.garrigues.com/es_ES/noticia/publica-orden-cotizacion-espana-2025
1,F06-Q4,F06,mode,current,seg-social.es,social_security,https://www.seg-social.es/wps/portal/wss/internet/Trabajadores/CotizacionRecaudacionTrabajadores/36537
1,F06-Q4,F06,mode,current,afinom.es,advisory,https://afinom.es/bases-y-tipos-de-cotizacion-2026/
1,F06-Q4,F06,mode,current,asepeyo.es,other,https://www.asepeyo.es/duda/bases-y-tipos-de-cotizacion/
1,F06-Q4,F06,mode,current,garrigues.com,advisory,https://www.garrigues.com/es_ES/noticia/publica-orden-cotizacion-espana-2026
1,F07-Q1,F07,aio,current,laboral-social.com,advisory,https://www.laboral-social.com/mecanismo-equidad-intergeneracional-mei-nominas-2026
1,F07-Q1,F07,aio,current,grupo2000.es,advisory,https://www.grupo2000.es/asi-afectara-a-tu-nomina-el-impuesto-de-equidad-intergeneracional/
1,F07-Q1,F07,aio,current,institutosantalucia.es,other,https://institutosantalucia.es/actualidad/seguridad-social/mei-que-es-y-como-afecta-a-tu-nomina/
1,F07-Q1,F07,aio,current,instagram.com,forum_social,https://instagram.com/ (path withheld)
1,F07-Q1,F07,mode,current,laboral-social.com,advisory,https://www.laboral-social.com/mecanismo-equidad-intergeneracional-mei-nominas-2026
1,F07-Q1,F07,mode,current,wolterskluwer.com,advisory,https://www.wolterskluwer.com/es-es/expert-insights/mecanismo-de-equidad-intergeneracional-que-es
1,F07-Q1,F07,mode,current,fs-uso.es,other,https://www.fs-uso.es/mei-en-2026/
1,F07-Q2,F07,aio,current,grupo2000.es,advisory,https://www.grupo2000.es/asi-afectara-a-tu-nomina-el-impuesto-de-equidad-intergeneracional/
1,F07-Q2,F07,aio,current,bbva.com,other,https://www.bbva.com/es/salud-financiera/mecanismo-de-equidad-intergeneracional-que-es-y-como-afecta-a-tu-sueldo/
1,F07-Q2,F07,aio,current,facebook.com,forum_social,https://facebook.com/ (path withheld)
1,F07-Q2,F07,mode,current,laboral-social.com,advisory,https://www.laboral-social.com/mecanismo-equidad-intergeneracional-mei-nominas-2026
1,F07-Q2,F07,mode,current,grupo2000.es,advisory,https://www.grupo2000.es/asi-afectara-a-tu-nomina-el-impuesto-de-equidad-intergeneracional/
1,F07-Q2,F07,mode,current,grupocastilla.es,software,https://www.grupocastilla.es/impuesto-mei/
1,F07-Q2,F07,mode,current,infoautonomos.com,advisory,https://www.infoautonomos.com/seguridad-social/cuota-de-autonomos-cuanto-se-paga/
1,F07-Q2,F07,mode,current,aplusae.es,advisory,https://www.aplusae.es/cuota-de-autonomos-2026-lo-que-de-verdad-cambia-y-lo-que-no/
1,F07-Q3,F07,aio,current,bbva.es,other,https://www.bbva.es/finanzas-vistazo/ae/financiacion/impuesto-mei.html
1,F07-Q3,F07,aio,current,institutosantalucia.es,other,https://institutosantalucia.es/actualidad/seguridad-social/mei-que-es-y-como-afecta-a-tu-nomina/
1,F07-Q3,F07,aio,current,grupo2000.es,advisory,https://www.grupo2000.es/asi-afectara-a-tu-nomina-el-impuesto-de-equidad-intergeneracional/
1,F07-Q3,F07,aio,current,enae.es,other,https://www.enae.es/blog/cotizacion-mei-que-es-como-funciona-y-quien-afecta
1,F07-Q3,F07,aio,current,wolterskluwer.com,advisory,https://www.wolterskluwer.com/es-es/expert-insights/mecanismo-de-equidad-intergeneracional-que-es
1,F07-Q3,F07,aio,current,csif.es,other,https://www.csif.es/gl/articulo/castillayleon/empresaprivada/82648
1,F07-Q3,F07,aio,current,youtube.com,forum_social,https://youtube.com/ (path withheld)
1,F07-Q3,F07,mode,current,seg-social.es,social_security,https://www.seg-social.es/wps/portal/wss/internet/Trabajadores/CotizacionRecaudacionTrabajadores/36537
1,F07-Q3,F07,mode,current,grupo2000.es,advisory,https://www.grupo2000.es/asi-afectara-a-tu-nomina-el-impuesto-de-equidad-intergeneracional/
1,F08-Q1,F08,aio,current,grupo2000.es,advisory,https://www.grupo2000.es/que-es-y-como-funcionara-la-nueva-cuota-de-solidaridad/
1,F08-Q1,F08,aio,current,pluxee.es,software,https://www.pluxee.es/blog/cuota-solidaridad/
1,F08-Q1,F08,aio,current,bbvamijubilacion.es,other,https://www.bbvamijubilacion.es/blog/en-2026-sube-el-mei-la-cotizacion-de-solidaridad-y-la-base-maxima-pagaras-mas-cotizaciones/
1,F08-Q1,F08,aio,current,bbvamijubilacion.es,other,https://www.bbvamijubilacion.es/blog/cuota-de-solidaridad-2026-tramos-salariales-de-cotizacion-por-encima-de-la-base-maxima-y-tipos-aplicados/
1,F08-Q1,F08,aio,current,pimec.org,other,https://pimec.org/es/actualidad/noticia/n/cotizacion-adicional-de-solidaridad-2026
1,F08-Q1,F08,mode,current,pluxee.es,software,https://www.pluxee.es/blog/cuota-solidaridad/
1,F08-Q1,F08,mode,current,copilotgestoria.com,advisory,https://copilotgestoria.com/blog/cuota-solidaridad-2026-calcular-nomina-tramos-ejemplos-guia-gestorias
1,F08-Q1,F08,mode,current,grupo2000.es,advisory,https://www.grupo2000.es/que-es-y-como-funcionara-la-nueva-cuota-de-solidaridad/
1,F08-Q1,F08,mode,current,nnespana.es,other,https://www.nnespana.es/blog/cuota-de-solidaridad-2026-que-es-y-a-quien-afecta
1,F08-Q1,F08,mode,current,a3satel.com,software,https://www.a3satel.com/blog/bases-de-cotizacion-2026-guia-completa-sobre-el-mei-y-cuota-de-solidaridad/
1,F08-Q1,F08,mode,current,bbva.com,other,https://www.bbva.com/es/es/salud-financiera/cuota-de-solidaridad-en-espana-que-es-a-quien-afecta-y-como-se-calcula/
1,F08-Q2,F08,aio,current,grupo2000.es,advisory,https://www.grupo2000.es/que-es-y-como-funcionara-la-nueva-cuota-de-solidaridad/
1,F08-Q2,F08,aio,current,blog.aegon.es,other,https://blog.aegon.es/vida/cuota-de-solidaridad/
1,F08-Q2,F08,aio,current,basededatos.indicator.es,advisory,https://basededatos.indicator.es/seguridad_social/cuota_de_solidaridad_en_2026/ESACLBAR_EU26050401/26/search?&t=53&k=309
1,F08-Q2,F08,aio,current,personio.es,software,https://www.personio.es/glosario/cuota-solidaridad/
1,F08-Q2,F08,aio,current,cuatrecasas.com,advisory,https://www.cuatrecasas.com/es/spain/laboral/art/cotizacion-adicional-solidaridad-2025
1,F08-Q2,F08,aio,current,youtube.com,forum_social,https://youtube.com/ (path withheld)
1,F08-Q2,F08,mode,current,grupo2000.es,advisory,https://www.grupo2000.es/que-es-y-como-funcionara-la-nueva-cuota-de-solidaridad/
1,F08-Q2,F08,mode,current,seg-social.es,social_security,https://www.seg-social.es/wps/portal/wss/internet/Trabajadores/CotizacionRecaudacionTrabajadores/36537
1,F08-Q2,F08,mode,current,nnespana.es,other,https://www.nnespana.es/blog/cuota-de-solidaridad-2026-que-es-y-a-quien-afecta
1,F08-Q3,F08,mode,current,bbvamijubilacion.es,other,https://www.bbvamijubilacion.es/blog/cuota-de-solidaridad-2026-tramos-salariales-de-cotizacion-por-encima-de-la-base-maxima-y-tipos-aplicados/
1,F08-Q3,F08,mode,current,grupo2000.es,advisory,https://www.grupo2000.es/que-es-y-como-funcionara-la-nueva-cuota-de-solidaridad/
1,F08-Q3,F08,mode,current,idealista.com,other,https://www.idealista.com/news/finanzas/economia/2026/01/02/878386-los-salarios-superiores-a-los-5-101-2-euros-al-mes-pagaran-una-cotizacion-extra-a
1,F08-Q3,F08,mode,current,nnespana.es,other,https://www.nnespana.es/blog/cuota-de-solidaridad-2026-que-es-y-a-quien-afecta
1,F09-Q1,F09,mode,current,lamoncloa.gob.es,other_public,https://www.lamoncloa.gob.es/serviciosdeprensa/notasprensa/inclusion/paginas/2026/subida-pensiones-2026.aspx
1,F09-Q1,F09,mode,current,revista.seg-social.es,social_security,https://revista.seg-social.es/-/m%C3%A1s-de-10-4-millones-de-pensiones-contributivas-subir%C3%A1n-alrededor-de-un-2-7-en-2026
1,F09-Q1,F09,mode,current,caixabank.com,other,https://www.caixabank.com/es/esfera/content/pension-minima-maxima-2026
1,F09-Q2,F09,aio,current,seg-social.es,social_security,https://www.seg-social.es/wps/portal/wss/internet/Pensionistas/Revalorizacion/30431
1,F09-Q2,F09,aio,current,lamoncloa.gob.es,other_public,https://www.lamoncloa.gob.es/serviciosdeprensa/notasprensa/inclusion/paginas/2026/subida-pensiones-2026.aspx
1,F09-Q2,F09,aio,current,laboral-social.com,advisory,https://www.laboral-social.com/pensiones-revalorizacion-2026
1,F09-Q2,F09,mode,current,infobae.com,press,https://www.infobae.com/espana/2026/10/02/las-pensiones-apuntan-a-una-subida-del-35-en-2027-tras-la-escalada-del-ipc-esta-es-la-cifra-que-cobraran-los-jubilados/
1,F09-Q3,F09,aio,current,lamoncloa.gob.es,other_public,https://www.lamoncloa.gob.es/serviciosdeprensa/notasprensa/inclusion/paginas/2024/pension-contributiva-jubilacion-requisitos.aspx
1,F09-Q3,F09,aio,current,seg-social.es,social_security,https://www.seg-social.es/wps/portal/wss/internet/Pensionistas/Revalorizacion/30459
1,F09-Q3,F09,aio,current,bbvamijubilacion.es,other,https://www.bbvamijubilacion.es/blog/la-revalorizacion-de-las-pensiones-minimas-y-no-contributivas-2026/
1,F09-Q3,F09,mode,current,lamoncloa.gob.es,other_public,https://www.lamoncloa.gob.es/serviciosdeprensa/notasprensa/inclusion/paginas/2026/subida-pensiones-2026.aspx
1,F09-Q3,F09,mode,current,caixabank.com,other,https://www.caixabank.com/es/esfera/content/pension-minima-maxima-2026
1,F09-Q3,F09,mode,current,revista.seg-social.es,social_security,https://revista.seg-social.es/-/m%C3%A1s-de-10-4-millones-de-pensiones-contributivas-subir%C3%A1n-alrededor-de-un-2-7-en-2026
1,F09-Q4,F09,mode,current,revista.seg-social.es,social_security,https://revista.seg-social.es/-/la-pension-media-del-sistema-de-seguridad-social-se-situa-en-1.363-4-euros-al-mes-en-enero-de-2026-un-4-5-mas-alta-que-hace-un-a%C3%B1o
1,F09-Q4,F09,mode,current,lamoncloa.gob.es,other_public,https://www.lamoncloa.gob.es/serviciosdeprensa/notasprensa/inclusion/paginas/2026/subida-pensiones-2026.aspx
1,F09-Q4,F09,mode,current,revista.seg-social.es,social_security,https://revista.seg-social.es/-/el-gobierno-aprueba-la-revalorizaci%C3%B3n-de-casi-13-millones-de-pensiones-y-prestaciones-en-2026
1,F09-Q4,F09,mode,current,bbvamijubilacion.es,other,https://www.bbvamijubilacion.es/blog/el-ipc-de-septiembre-49-incrementa-hasta-el-35-la-estimacion-de-revalorizacion-de-las-pensiones-para-2027/
1,F10-Q1,F10,aio,current,taxdown.es,software,https://taxdown.es/blog/pensiones-no-contributivas
1,F10-Q1,F10,aio,current,imserso.es,other_public,https://imserso.es/documents/20123/1595507/pncresumen2026.pdf/c4b41c80-63fe-942d-7231-f3ee20e28694
1,F10-Q1,F10,aio,current,vidacaixa.es,other,https://www.vidacaixa.es/articulos/jubilacion-y-pensiones/pensiones-no-contributivas-discapacidad-invalidez
1,F10-Q1,F10,aio,current,imserso.es,other_public,https://imserso.es/pnc-prestaciones-subvenciones/pnc-jubilacion/normativa-requisitos
1,F10-Q1,F10,aio,current,youtube.com,forum_social,https://youtube.com/ (path withheld)
1,F10-Q1,F10,mode,current,imserso.es,other_public,https://imserso.es/documents/20123/1595507/pncresumen2026.pdf/c4b41c80-63fe-942d-7231-f3ee20e28694
1,F10-Q1,F10,mode,current,imserso.es,other_public,https://imserso.es/detalle-imagen/-/asset_publisher/mRMO7xZ4z5DY/content/actualizacion-de-las-pensiones-para-2026-1
1,F10-Q1,F10,mode,current,solidaridadintergeneracional.es,other,https://solidaridadintergeneracional.es/wp/tabla-con-los-nuevos-importes-y-el-calculo-de-las-pensiones-no-contributivas-en-2026/
1,F10-Q1,F10,mode,current,lamoncloa.gob.es,other_public,https://www.lamoncloa.gob.es/serviciosdeprensa/notasprensa/inclusion/paginas/2024/pension-contributiva-jubilacion-requisitos.aspx
1,F10-Q1,F10,mode,current,vidacaixa.es,other,https://www.vidacaixa.es/articulos/jubilacion-y-pensiones/pension-no-contributiva
1,F10-Q1,F10,mode,current,juntadeandalucia.es,other_public,https://www.juntadeandalucia.es/organismos/serviciossocialesfamiliaseigualdad/areas/pensiones/cuantias.html
1,F10-Q1,F10,mode,current,asidi.com,other,https://asidi.com/pensiones-no-contributivas-en-espana-en-2026/
1,F10-Q1,F10,mode,current,iberley.es,advisory,https://www.iberley.es/noticias/publicado-rd-revalorizacion-las-pensiones-2026-35944
1,F10-Q1,F10,mode,current,youtube.com,forum_social,https://youtube.com/ (path withheld)
1,F10-Q1,F10,mode,current,youtube.com,forum_social,https://youtube.com/ (path withheld)
1,F10-Q2,F10,aio,current,imserso.es,other_public,https://imserso.es/detalle-imagen/-/asset_publisher/mRMO7xZ4z5DY/content/actualizacion-de-las-pensiones-para-2026-1
1,F10-Q2,F10,aio,current,juntadeandalucia.es,other_public,https://www.juntadeandalucia.es/organismos/serviciossocialesfamiliaseigualdad/areas/pensiones/cuantias.html
1,F10-Q2,F10,aio,current,seg-social.es,social_security,https://www.seg-social.es/wps/portal/wss/internet/Pensionistas/Revalorizacion/36869/40882
1,F10-Q2,F10,aio,current,asidi.com,other,https://asidi.com/pensiones-no-contributivas-en-espana-en-2026/
1,F10-Q2,F10,aio,current,iberley.es,advisory,https://www.iberley.es/noticias/publicado-rd-revalorizacion-las-pensiones-2026-35944
1,F10-Q2,F10,mode,current,imserso.es,other_public,https://imserso.es/documents/20123/1595507/pncresumen2026.pdf/c4b41c80-63fe-942d-7231-f3ee20e28694
1,F10-Q2,F10,mode,current,vidacaixa.es,other,https://www.vidacaixa.es/articulos/jubilacion-y-pensiones/pension-no-contributiva
1,F10-Q2,F10,mode,current,taxdown.es,software,https://taxdown.es/blog/pensiones-no-contributivas
1,F10-Q3,F10,aio,current,caixabank.com,other,https://www.caixabank.com/es/esfera/content/pension-no-contributiva
1,F10-Q3,F10,aio,current,juntadeandalucia.es,other_public,https://www.juntadeandalucia.es/organismos/serviciossocialesfamiliaseigualdad/areas/pensiones/cuantias.html
1,F10-Q3,F10,aio,current,vidacaixa.es,other,https://www.vidacaixa.es/articulos/jubilacion-y-pensiones/pension-no-contributiva
1,F10-Q3,F10,aio,current,sede.mscbs.gob.es,other_public,https://sede.mscbs.gob.es/gl/ciudadanos/procAdministrativos.do?tipo=detallar&cod=022390
1,F10-Q3,F10,aio,current,instagram.com,forum_social,https://instagram.com/ (path withheld)
1,F10-Q3,F10,mode,current,serviciossociales.gva.es,other_public,https://serviciossociales.gva.es/es/web/integracion-inclusionsocial-cooperacion/pensions-no-contributives
1,F10-Q3,F10,mode,current,juntadeandalucia.es,other_public,https://www.juntadeandalucia.es/organismos/serviciossocialesfamiliaseigualdad/areas/pensiones/pensiones-no-contributivas.html
1,F10-Q3,F10,mode,current,nnespana.es,other,https://www.nnespana.es/blog/pensiones/jubilacion/sabes-si-tienes-derecho-a-una-pension-no-contributiva-estos-son-los-principales-requisitos
1,F11-Q1,F11,aio,current,vidacaixa.es,other,https://www.vidacaixa.es/articulos/jubilacion-y-pensiones/pension-maxima-jubilacion
1,F11-Q1,F11,aio,current,institutosantalucia.es,other,https://institutosantalucia.es/actualidad/pensiones/pension-maxima/
1,F11-Q1,F11,aio,current,youtube.com,forum_social,https://youtube.com/ (path withheld)
1,F11-Q1,F11,aio,current,seg-social.es,social_security,https://www.seg-social.es/wps/portal/wss/internet/Pensionistas/Revalorizacion/30459
1,F11-Q1,F11,aio,current,bbva.es,other,https://www.bbva.es/finanzas-vistazo/ef/planes-de-pensiones/pension-maxima-jubilacion.html
1,F11-Q1,F11,mode,current,seg-social.es,social_security,https://www.seg-social.es/wps/portal/wss/internet/Pensionistas/Revalorizacion/30459
1,F11-Q1,F11,mode,current,lamoncloa.gob.es,other_public,https://www.lamoncloa.gob.es/serviciosdeprensa/notasprensa/inclusion/paginas/2026/subida-pensiones-2026.aspx
1,F11-Q2,F11,aio,current,bbva.es,other,https://www.bbva.es/finanzas-vistazo/ef/planes-de-pensiones/pension-maxima-jubilacion.html
1,F11-Q2,F11,aio,current,vidacaixa.es,other,https://www.vidacaixa.es/articulos/jubilacion-y-pensiones/pension-maxima-jubilacion
1,F11-Q2,F11,aio,current,gestifis.com,advisory,https://gestifis.com/blog/cual-es-la-jubilacion-maxima-en-espana-y-quien-puede-cobrarla/
1,F11-Q2,F11,aio,current,youtube.com,forum_social,https://youtube.com/ (path withheld)
1,F11-Q2,F11,mode,current,institutosantalucia.es,other,https://institutosantalucia.es/actualidad/pensiones/pension-maxima/
1,F11-Q2,F11,mode,current,caixabank.com,other,https://www.caixabank.com/es/esfera/content/pension-minima-maxima-2026
1,F11-Q2,F11,mode,current,seg-social.es,social_security,https://www.seg-social.es/wps/portal/wss/internet/Pensionistas/Revalorizacion/30459
1,F11-Q3,F11,aio,current,jubilistos.com,other,https://jubilistos.com/pension-maxima-espana-anio/
1,F11-Q3,F11,mode,current,seg-social.es,social_security,https://www.seg-social.es/wps/portal/wss/internet/Pensionistas/Revalorizacion/30459
1,F11-Q3,F11,mode,current,zurich.es,other,https://www.zurich.es/blog/pension-maxima-minima-espana-2026
1,F11-Q4,F11,aio,current,seg-social.es,social_security,https://www.seg-social.es/wps/portal/wss/internet/Pensionistas/Revalorizacion/30459
1,F11-Q4,F11,aio,current,zurich.es,other,https://www.zurich.es/blog/pension-maxima-minima-espana-2026
1,F11-Q4,F11,aio,current,jubilistos.com,other,https://jubilistos.com/pension-maxima-espana-anio/
1,F11-Q4,F11,mode,current,caixabank.com,other,https://www.caixabank.com/es/esfera/content/pension-minima-maxima-2026
1,F11-Q4,F11,mode,current,bbva.es,other,https://www.bbva.es/finanzas-vistazo/ef/planes-de-pensiones/pension-maxima-jubilacion.html
1,F11-Q4,F11,mode,current,institutosantalucia.es,other,https://institutosantalucia.es/actualidad/pensiones/pension-maxima/
1,F11-Q4,F11,mode,current,seg-social.es,social_security,https://www.seg-social.es/wps/portal/wss/internet/Pensionistas/Revalorizacion/30459
1,F12-Q1,F12,aio,current,caixabank.com,other,https://www.caixabank.com/es/esfera/content/pension-minima-maxima-2026
1,F12-Q1,F12,aio,current,seg-social.es,social_security,https://www.seg-social.es/wps/portal/wss/internet/Pensionistas/Revalorizacion/30458
1,F12-Q1,F12,aio,current,vidacaixa.es,other,https://www.vidacaixa.es/articulos/jubilacion-y-pensiones/pension-minima-contributiva
1,F12-Q1,F12,aio,current,bbva.es,other,https://www.bbva.es/finanzas-vistazo/ef/planes-de-pensiones/pension-minima.html
1,F12-Q1,F12,aio,current,gestoriabarrantes.es,advisory,https://gestoriabarrantes.es/actualidad/pension-minima-y-maxima/
1,F12-Q1,F12,mode,current,lamoncloa.gob.es,other_public,https://www.lamoncloa.gob.es/serviciosdeprensa/notasprensa/inclusion/paginas/2026/subida-pensiones-2026.aspx
1,F12-Q2,F12,aio,current,seg-social.es,social_security,https://www.seg-social.es/wps/portal/wss/internet/Pensionistas/Revalorizacion/30434
1,F12-Q2,F12,aio,current,caixabank.com,other,https://www.caixabank.com/es/esfera/content/pension-minima-maxima-2026
1,F12-Q2,F12,aio,current,zurich.es,other,https://www.zurich.es/blog/pension-maxima-minima-espana-2026
1,F12-Q2,F12,aio,current,iberley.es,advisory,https://www.iberley.es/noticias/publicado-rd-revalorizacion-las-pensiones-2026-35944
1,F12-Q2,F12,mode,current,seg-social.es,social_security,https://www.seg-social.es/wps/portal/wss/internet/Pensionistas/Revalorizacion/30434
1,F12-Q2,F12,mode,current,caixabank.com,other,https://www.caixabank.com/es/esfera/content/pension-minima-maxima-2026
1,F12-Q2,F12,mode,current,lamoncloa.gob.es,other_public,https://www.lamoncloa.gob.es/serviciosdeprensa/notasprensa/inclusion/paginas/2026/subida-pensiones-2026.aspx
1,F12-Q2,F12,mode,current,qida.es,other,https://www.qida.es/blog/tabla-de-jubilacion-por-anos-cotizados
1,F12-Q3,F12,aio,current,caixabank.com,other,https://www.caixabank.com/es/esfera/content/pension-minima-maxima-2026
1,F12-Q3,F12,aio,current,seg-social.es,social_security,https://www.seg-social.es/wps/portal/wss/internet/Pensionistas/Revalorizacion/30434
1,F12-Q3,F12,aio,current,campmanyabogados.com,advisory,https://www.campmanyabogados.com/blog/jubilacion/pension-minima-maxima-jubilacion
1,F12-Q3,F12,aio,current,gestoriabarrantes.es,advisory,https://gestoriabarrantes.es/actualidad/pension-minima-y-maxima/
1,F12-Q3,F12,mode,current,seg-social.es,social_security,https://www.seg-social.es/wps/portal/wss/internet/Pensionistas/Revalorizacion/30434
1,F12-Q3,F12,mode,current,zurich.es,other,https://www.zurich.es/blog/pension-maxima-minima-espana-2026
1,F12-Q3,F12,mode,current,mutualidad.com,other,https://www.mutualidad.com/blog/pension-minima-maxima-de-jubilacion-2026
1,F13-Q1,F13,aio,current,vidacaixa.es,other,https://www.vidacaixa.es/articulos/jubilacion-y-pensiones/tabla-edad-jubilacion-segun-ano-nacimiento
1,F13-Q1,F13,aio,current,uso.es,other,https://www.uso.es/cual-es-la-edad-de-jubilacion-ordinaria-para-2026/
1,F13-Q1,F13,aio,current,prestaciones.seg-social.es,social_security,https://prestaciones.seg-social.es/servicio/pension-jubilacion.html
1,F13-Q1,F13,aio,current,ugt-sp.es,other,https://ugt-sp.es/wp-content/uploads/boletin-jubilacion-seguridad-social-2026-web.pdf
1,F13-Q1,F13,aio,current,youtube.com,forum_social,https://youtube.com/ (path withheld)
1,F13-Q1,F13,mode,current,seg-social.es,social_security,https://www.seg-social.es/wps/portal/wss/internet/Trabajadores/PrestacionesPensionesTrabajadores/10963/28393/28396/28472
1,F13-Q1,F13,mode,current,vidacaixa.es,other,https://www.vidacaixa.es/articulos/jubilacion-y-pensiones/tabla-edad-jubilacion-segun-ano-nacimiento
1,F13-Q2,F13,aio,current,caixabank.com,other,https://www.caixabank.com/es/esfera/content/requisitos-pension-jubilacion
1,F13-Q2,F13,aio,current,institutosantalucia.es,other,https://institutosantalucia.es/actualidad/jubilacion/jubilacion-a-los-63-anos/
1,F13-Q2,F13,aio,current,vidacaixa.es,other,https://www.vidacaixa.es/jubilacion-en-espana
1,F13-Q2,F13,mode,current,institutosantalucia.es,other,https://institutosantalucia.es/actualidad/jubilacion/tablas-de-edad-de-jubilacion/
1,F13-Q2,F13,mode,current,vidacaixa.es,other,https://www.vidacaixa.es/articulos/jubilacion-y-pensiones/tabla-edad-jubilacion-segun-ano-nacimiento
1,F13-Q3,F13,aio,current,seg-social.es,social_security,https://www.seg-social.es/wps/portal/wss/internet/Trabajadores/PrestacionesPensionesTrabajadores/10963/28393/28396/28472
1,F13-Q3,F13,aio,current,vidacaixa.es,other,https://www.vidacaixa.es/articulos/jubilacion-y-pensiones/tabla-edad-jubilacion-segun-ano-nacimiento
1,F13-Q3,F13,aio,current,caixabank.com,other,https://www.caixabank.com/es/esfera/content/requisitos-pension-jubilacion
1,F13-Q3,F13,mode,current,seg-social.es,social_security,https://www.seg-social.es/wps/portal/wss/internet/Trabajadores/PrestacionesPensionesTrabajadores/10963/28393/28396/28472
1,F13-Q3,F13,mode,current,vidacaixa.es,other,https://www.vidacaixa.es/articulos/jubilacion-y-pensiones/tabla-edad-jubilacion-segun-ano-nacimiento
1,F13-Q4,F13,aio,current,seg-social.es,social_security,https://www.seg-social.es/wps/portal/wss/internet/Trabajadores/PrestacionesPensionesTrabajadores/10963/28393/28396/28472
1,F13-Q4,F13,aio,current,caixabank.com,other,https://www.caixabank.com/es/esfera/content/requisitos-pension-jubilacion
1,F13-Q4,F13,aio,current,facebook.com,forum_social,https://facebook.com/ (path withheld)
1,F13-Q4,F13,aio,current,instagram.com,forum_social,https://instagram.com/ (path withheld)
1,F13-Q4,F13,aio,current,facebook.com,forum_social,https://facebook.com/ (path withheld)
1,F13-Q4,F13,mode,current,seg-social.es,social_security,https://www.seg-social.es/wps/portal/wss/internet/Trabajadores/PrestacionesPensionesTrabajadores/10963/28393/28396/28472
1,F13-Q4,F13,mode,current,vidacaixa.es,other,https://www.vidacaixa.es/articulos/jubilacion-y-pensiones/tabla-edad-jubilacion-segun-ano-nacimiento
1,F13-Q4,F13,mode,current,institutosantalucia.es,other,https://institutosantalucia.es/actualidad/jubilacion/edad-de-jubilacion/
1,F13-Q4,F13,mode,current,bankinter.com,other,https://www.bankinter.com/blog/finanzas-personales/edad-jubilacion-espana-pensiones
1,F14-Q1,F14,aio,not_stated,portal.seg-social.gob.es,social_security,https://portal.seg-social.gob.es/wps/portal/importass/importass/tramites/simuladorRETAPublico
1,F14-Q1,F14,aio,not_stated,wolterskluwer.com,advisory,https://www.wolterskluwer.com/es-es/expert-insights/cuotas-autonomos-2026
1,F14-Q1,F14,aio,not_stated,centregestor.es,advisory,https://centregestor.es/tramos-cuota-autonomos/
1,F14-Q1,F14,aio,not_stated,cuentica.com,software,https://cuentica.com/asesoria/guia-cuota-autonomos/
1,F14-Q1,F14,aio,not_stated,vidacaixa.es,other,https://www.vidacaixa.es/articulos/finanzas-y-ahorro/cuanto-paga-un-autonomo
1,F14-Q1,F14,aio,not_stated,talenom.com,advisory,https://talenom.com/es-es/blog/autonomos/nuevas-cuotas-autonomos/
1,F14-Q1,F14,aio,not_stated,grupo2000.es,advisory,https://www.grupo2000.es/category/cuota-autonomos-2026/
1,F14-Q1,F14,mode,current,portal.seg-social.gob.es,social_security,https://portal.seg-social.gob.es/wps/portal/importass/importass/tramites/simuladorRETAPublico
1,F14-Q1,F14,mode,current,wolterskluwer.com,advisory,https://www.wolterskluwer.com/es-es/expert-insights/cuotas-autonomos-2026
1,F14-Q1,F14,mode,current,centregestor.es,advisory,https://centregestor.es/tramos-cuota-autonomos/
1,F14-Q1,F14,mode,current,cuentica.com,software,https://cuentica.com/asesoria/guia-cuota-autonomos/
1,F14-Q1,F14,mode,current,vidacaixa.es,other,https://www.vidacaixa.es/articulos/finanzas-y-ahorro/cuanto-paga-un-autonomo
1,F14-Q1,F14,mode,current,talenom.com,advisory,https://talenom.com/es-es/blog/autonomos/nuevas-cuotas-autonomos/
1,F14-Q2,F14,mode,current,wolterskluwer.com,advisory,https://www.wolterskluwer.com/es-es/expert-insights/cuotas-autonomos-2026
1,F14-Q2,F14,mode,current,seg-social.es,social_security,https://www.seg-social.es/wps/portal/wss/internet/Trabajadores/CotizacionRecaudacionTrabajadores/10721/10724/1320/1322
1,F14-Q2,F14,mode,current,ata.es,other,https://ata.es/noticias/base-minima-autonomos-societarios-y-colaboradores/
1,F14-Q2,F14,mode,current,talenom.com,advisory,https://talenom.com/es-es/blog/autonomos/nuevas-cuotas-autonomos/
1,F14-Q3,F14,mode,not_stated,portal.seg-social.gob.es,social_security,https://portal.seg-social.gob.es/wps/portal/importass/importass/tramites/simuladorRETAPublico
1,F14-Q3,F14,mode,not_stated,infoautonomos.com,advisory,https://www.infoautonomos.com/seguridad-social/cuota-de-autonomos-cuanto-se-paga/
1,F14-Q3,F14,mode,not_stated,portal.seg-social.gob.es,social_security,https://portal.seg-social.gob.es/wps/portal/importass/importass/tramites/simuladorRETAPublico/inicio/
1,F14-Q3,F14,mode,not_stated,agencianegociadora.com,other,https://www.agencianegociadora.com/blog/cuota-de-autonomos-2026
1,F14-Q4,F14,aio,not_stated,portal.seg-social.gob.es,social_security,https://portal.seg-social.gob.es/wps/portal/importass/importass/tramites/simuladorRETAPublico
1,F14-Q4,F14,aio,not_stated,centregestor.es,advisory,https://centregestor.es/tramos-cuota-autonomos/
1,F14-Q4,F14,aio,not_stated,bankinter.com,other,https://www.bankinter.com/blog/empresas/cuota-autonomos
1,F14-Q4,F14,aio,not_stated,vidacaixa.es,other,https://www.vidacaixa.es/articulos/finanzas-y-ahorro/cuanto-paga-un-autonomo
1,F14-Q4,F14,mode,not_stated,portal.seg-social.gob.es,social_security,https://portal.seg-social.gob.es/wps/portal/importass/importass/tramites/simuladorRETAPublico
1,F14-Q4,F14,mode,not_stated,wolterskluwer.com,advisory,https://www.wolterskluwer.com/es-es/expert-insights/cuotas-autonomos-2026
1,F14-Q4,F14,mode,not_stated,cuentica.com,software,https://cuentica.com/asesoria/guia-cuota-autonomos/
1,F14-Q4,F14,mode,not_stated,seg-social.es,social_security,https://www.seg-social.es/wps/portal/wss/internet/Trabajadores/CotizacionRecaudacionTrabajadores/10721/10724/1320/1322
1,F14-Q4,F14,mode,not_stated,asesoratepymes.com,advisory,https://www.asesoratepymes.com/cuota-autonomos-2026-tabla-tramos/
1,F15-Q1,F15,mode,outdated,mivau.gob.es,other_public,https://www.mivau.gob.es/vivienda/ventanilla-unica/alquiler-de-alojamientos-de-corta-duracion
1,F15-Q1,F15,mode,outdated,registradores.org,other,https://www.registradores.org/documents/33383/229101/registro+unico+de+arrendamientos+de+corta+duracion_vok.pdf/62560792-5d92-66ce-bf9f-ebba2f40fd7b
1,F15-Q1,F15,mode,outdated,idealista.com,other,https://www.idealista.com/news/inmobiliario/vivienda/2024/12/01/821100-registrar-un-contrato-de-alquiler-es-un-tramite-obligatorio
1,F15-Q1,F15,mode,outdated,cuartaplanta.com,other,https://cuartaplanta.com/2025/04/24/registro-unico-de-arrendamientos/
1,F15-Q1,F15,mode,outdated,arrenta.es,other,https://www.arrenta.es/blog/alquiler-gestion/contratos-alquiler-inscribir-registro-propiedad-firmar-ante-notario/
1,F15-Q2,F15,aio,current,registradores.org,other,https://www.registradores.org/documents/33383/229101/Manual_de_Solicitud_de_Numero_de_Registro_de_Alquiler.pdf/51d50715-4c30-05f3-baf9-79db36d79c84?t=1749813031486
1,F15-Q2,F15,aio,current,mivau.gob.es,other_public,https://www.mivau.gob.es/vivienda/alquiler-de-alojamientos-de-corta-duracion
1,F15-Q2,F15,aio,current,mivau.gob.es,other_public,https://www.mivau.gob.es/vivienda/ventanilla-unica/alquiler-de-alojamientos-de-corta-duracion
1,F15-Q2,F15,aio,current,idealista.com,other,https://www.idealista.com/news/inmobiliario/vivienda/2026/05/21/898563-el-supremo-tumba-el-registro-unico-de-alquiler-de-corta-duracion-por-invadir
1,F15-Q2,F15,aio,current,facebook.com,forum_social,https://facebook.com/ (path withheld)
1,F15-Q2,F15,mode,outdated,registradores.org,other,https://www.registradores.org/documents/33383/229101/Manual_de_Solicitud_de_Numero_de_Registro_de_Alquiler.pdf/51d50715-4c30-05f3-baf9-79db36d79c84?t=1749813031486
1,F15-Q2,F15,mode,outdated,mivau.gob.es,other_public,https://www.mivau.gob.es/vivienda/alquiler-de-alojamientos-de-corta-duracion
1,F15-Q2,F15,mode,outdated,idealista.com,other,https://www.idealista.com/tools/centrodeayuda/articulos/numero-de-registro-de-alquiler-nra-que-debes-saber/
1,F15-Q2,F15,mode,outdated,youtube.com,forum_social,https://youtube.com/ (path withheld)
1,F15-Q3,F15,mode,current,idealista.com,other,https://www.idealista.com/news/inmobiliario/vivienda/2026/05/21/898563-el-supremo-tumba-el-registro-unico-de-alquiler-de-corta-duracion-por-invadir
1,F15-Q3,F15,mode,current,mivau.gob.es,other_public,https://www.mivau.gob.es/vivienda/ventanilla-unica/alquiler-de-alojamientos-de-corta-duracion
1,F15-Q3,F15,mode,current,poderjudicial.es,other_public,https://www.poderjudicial.es/cgpj/es/Poder-Judicial/Noticias-Judiciales/El-Tribunal-Supremo-anula-el-Registro-Unico-de-arrendamientos-de-corta-duracion-por-considerar-que-el-Estado-carece-de-competencia-para-su-creacion
1,F15-Q3,F15,mode,current,iberiantax.com,advisory,https://www.iberiantax.com/es/blog/tribunal-supremo-espana-anula-el-numero-de-registro-de-alquiler-nra
1,F16-Q1,F16,aio,not_stated,mivau.gob.es,other_public,https://www.mivau.gob.es/vivienda/calculadora-precio-alquiler
1,F16-Q1,F16,aio,not_stated,gibobs.com,other,https://www.gibobs.com/blog/cuanto-puede-subir-alquiler/
1,F16-Q1,F16,aio,not_stated,vivara.io,software,https://www.vivara.io/blog/economico/subida-del-alquiler-en-2026/
1,F16-Q1,F16,aio,not_stated,lexway.es,advisory,https://lexway.es/actualizacion-renta/
1,F16-Q1,F16,aio,not_stated,youtube.com,forum_social,https://youtube.com/ (path withheld)
1,F16-Q1,F16,aio,not_stated,live4life.com,other,https://live4life.com/blog/indice-de-referencia-del-alquiler-2026
1,F16-Q1,F16,aio,not_stated,facebook.com,forum_social,https://facebook.com/ (path withheld)
1,F16-Q1,F16,mode,not_stated,mivau.gob.es,other_public,https://www.mivau.gob.es/vivienda/calculadora-precio-alquiler
1,F16-Q1,F16,mode,not_stated,ine.es,other_public,https://www.ine.es/uc/oC7D0Ncd
1,F16-Q1,F16,mode,not_stated,vivara.io,software,https://www.vivara.io/blog/economico/subida-del-alquiler-en-2026/
1,F16-Q1,F16,mode,not_stated,idealista.com,other,https://www.idealista.com/news/inmobiliario/vivienda/2024/12/23/825724-el-nuevo-indice-para-la-actualizacion-del-alquiler-como-funciona
1,F16-Q2,F16,aio,not_stated,mivau.gob.es,other_public,https://www.mivau.gob.es/vivienda/calculadora-precio-alquiler
1,F16-Q2,F16,aio,not_stated,gibobs.com,other,https://www.gibobs.com/blog/cuanto-puede-subir-alquiler/
1,F16-Q2,F16,aio,not_stated,fotocasa.es,other,https://www.fotocasa.es/fotocasa-life/alquiler/cuanto-me-puede-subir-el-alquiler-el-ano-que-viene/
1,F16-Q2,F16,aio,not_stated,finaer.es,other,https://finaer.es/es/blog/me-pueden-subir-el-alquiler-cada-ano-guia-completa-2026
1,F16-Q2,F16,aio,not_stated,facebook.com,forum_social,https://facebook.com/ (path withheld)
1,F16-Q2,F16,aio,not_stated,realadvisor.es,other,https://realadvisor.es/es/blog/subir-precio-alquiler-despues-anos-inquilino
1,F16-Q2,F16,aio,not_stated,ampervillas.com,other,https://ampervillas.com/blog/inmobiliaria/como-funciona-subida-alquiler-renovar-contrato.html
1,F16-Q2,F16,mode,outdated,mivau.gob.es,other_public,https://www.mivau.gob.es/vivienda/calculadora-precio-alquiler
1,F16-Q2,F16,mode,outdated,homming.com,software,https://homming.com/blog/rdl-8-2026-tope-actualizacion-del-alquiler-y-prorroga-extraordinaria
1,F16-Q2,F16,mode,outdated,alvarezsalmeron.com,advisory,https://alvarezsalmeron.com/blog-cuanto-subir-alquiler-2026/
1,F16-Q2,F16,mode,outdated,marca.com,press,https://www.marca.com/tiramillas/economia/2026/09/30/nuevo-limite-subida-alquiler-afectar-millones-inquilinos.html
1,F16-Q2,F16,mode,outdated,legatiq.ai,software,https://legatiq.ai/guias/arrendamientos/actualizacion-renta-alquiler-2026
1,F16-Q3,F16,aio,current,zazume.com,software,https://www.zazume.com/es/blog/actualidad-inmobiliaria/prorroga-del-alquiler-y-tope-del-2-en-espana-que-establece-el-real-decreto-ley-8-2026
1,F16-Q3,F16,aio,current,civio.es,press,https://civio.es/el-boe-nuestro-de-cada-dia/2026/03/21/prorroga-extraordinaria-de-dos-anos-del-alquiler-y-tope-del-2-percent-a-las-subidas-anuales-en-un-decreto-ley-por-separado/
1,F16-Q3,F16,aio,current,facebook.com,forum_social,https://facebook.com/ (path withheld)
1,F16-Q3,F16,aio,current,inmobiliariafortuny.com,other,https://www.inmobiliariafortuny.com/blog/nuevas-reglas-alquiler-2026-topes-prorrogas/
1,F16-Q3,F16,aio,current,alquilerseguro.es,other,https://www.alquilerseguro.es/blog/cuando-se-puede-subir-el-precio-del-alquiler-1
1,F16-Q3,F16,mode,current,vivara.io,software,https://www.vivara.io/blog/economico/subida-del-alquiler-en-2026/
1,F16-Q3,F16,mode,current,gibobs.com,other,https://www.gibobs.com/blog/cuanto-puede-subir-alquiler/
1,F16-Q3,F16,mode,current,idealista.com,other,https://www.idealista.com/news/inmobiliario/vivienda/2024/12/23/825724-el-nuevo-indice-para-la-actualizacion-del-alquiler-como-funciona
1,F16-Q4,F16,mode,current,gibobs.com,other,https://www.gibobs.com/blog/cuanto-puede-subir-alquiler/
1,F16-Q4,F16,mode,current,mivau.gob.es,other_public,https://www.mivau.gob.es/vivienda/calculadora-precio-alquiler
1,F16-Q4,F16,mode,current,vivara.io,software,https://www.vivara.io/blog/economico/subida-del-alquiler-en-2026/
1,F17-Q1,F17,aio,current,boe.es,boe,https://www.boe.es/diario_boe/txt.php?id=BOE-A-2026-8872
1,F17-Q1,F17,aio,current,mivau.gob.es,other_public,https://www.mivau.gob.es/vivienda/info-plan-estatal-de-vivienda-2026-2030
1,F17-Q1,F17,aio,current,lamoncloa.gob.es,other_public,https://www.lamoncloa.gob.es/serviciosdeprensa/notasprensa/vivienda-agenda-urbana/paginas/2025/plan-estatal-de-vivienda-2026-2030.aspx
1,F17-Q1,F17,aio,current,provivienda.org,other,https://provivienda.org/observatorio/plan-estatal-de-vivienda-2026-2030/
1,F17-Q1,F17,aio,current,facebook.com,forum_social,https://facebook.com/ (path withheld)
1,F17-Q1,F17,aio,current,youtube.com,forum_social,https://youtube.com/ (path withheld)
1,F17-Q1,F17,mode,current,mivau.gob.es,other_public,https://www.mivau.gob.es/vivienda/info-plan-estatal-de-vivienda-2026-2030
1,F17-Q1,F17,mode,current,boe.es,boe,https://www.boe.es/diario_boe/txt.php?id=BOE-A-2026-8872
1,F17-Q1,F17,mode,current,lamoncloa.gob.es,other_public,https://www.lamoncloa.gob.es/consejodeministros/resumenes/Documents/2025/160925-PEV%2026-30_RESUMEN%20EJECUTIVO_250916_150204.pdf
1,F17-Q2,F17,aio,current,mivau.gob.es,other_public,https://www.mivau.gob.es/arquitectura-vivienda-y-suelo/programas-de-ayudas-a-la-vivienda/programa-de-ayudas-al-alquiler-de-vivienda
1,F17-Q2,F17,aio,current,caixabank.com,other,https://www.caixabank.com/es/esfera/content/plan-vivienda-alquiler-ayudas
1,F17-Q2,F17,aio,current,provivienda.org,other,https://provivienda.org/observatorio/plan-estatal-de-vivienda-2026-2030/
1,F17-Q2,F17,aio,current,facebook.com,forum_social,https://facebook.com/ (path withheld)
1,F17-Q2,F17,aio,current,youtube.com,forum_social,https://youtube.com/ (path withheld)
1,F17-Q2,F17,mode,current,mivau.gob.es,other_public,https://www.mivau.gob.es/vivienda/info-plan-estatal-de-vivienda-2026-2030
1,F17-Q2,F17,mode,current,mivau.gob.es,other_public,https://www.mivau.gob.es/arquitectura-vivienda-y-suelo/programas-de-ayudas-a-la-vivienda/programa-de-ayudas-al-alquiler-de-vivienda
1,F17-Q2,F17,mode,current,mivau.gob.es,other_public,https://www.mivau.gob.es/vivienda/bono-alquiler-joven
1,F17-Q2,F17,mode,current,vivienda.castillalamancha.es,other_public,https://vivienda.castillalamancha.es/ayudas-y-subvenciones/ayudas-al-alquiler
1,F17-Q2,F17,mode,current,sede.comunidad.madrid,other_public,https://sede.comunidad.madrid/ayudas-becas-subvenciones/ayudas-alquiler-vivienda-jovenes
1,F17-Q2,F17,mode,current,consorcihabitatge.barcelona,other_public,https://www.consorcihabitatge.barcelona/es/subvenciones-para-el-pago-del-alquiler-de-viviendas-del-mercado-privado-para-personas-en-situacion
1,F17-Q2,F17,mode,current,bankinter.com,other,https://www.bankinter.com/blog/finanzas-personales/ayudas-actuales-alquiler-madrid
1,F17-Q2,F17,mode,current,facebook.com,forum_social,https://facebook.com/ (path withheld)
1,F17-Q2,F17,mode,current,youtube.com,forum_social,https://youtube.com/ (path withheld)
1,F17-Q3,F17,aio,current,iberley.es,advisory,https://www.iberley.es/noticias/publicado-plan-estatal-vivienda-2026-2030-36366
1,F17-Q3,F17,aio,current,gestilar.com,other,https://www.gestilar.com/es/blog/el-nuevo-plan-estatal-de-vivienda-2026-2030-oportunidades-reales-para-acceder-a-tu-vivienda
1,F17-Q3,F17,aio,current,mivau.gob.es,other_public,https://www.mivau.gob.es/vivienda/info-plan-estatal-de-vivienda-2026-2030
1,F17-Q3,F17,aio,current,dsconsultores.es,advisory,https://dsconsultores.es/plan-estatal-vivienda-2026-2030
1,F17-Q3,F17,aio,current,youtube.com,forum_social,https://youtube.com/ (path withheld)
1,F17-Q3,F17,aio,current,rankia.com,forum_social,https://www.rankia.com/blog/mejores-hipotecas/7257559-plan-estatal-vivienda-2026-2030
1,F17-Q3,F17,aio,current,iustel.com,advisory,https://www.iustel.com/diario_del_derecho/noticia.asp?ref_iustel=1265183
1,F17-Q3,F17,mode,current,lamoncloa.gob.es,other_public,https://www.lamoncloa.gob.es/serviciosdeprensa/notasprensa/vivienda-agenda-urbana/paginas/2025/plan-estatal-de-vivienda-2026-2030.aspx
1,F17-Q3,F17,mode,current,mivau.gob.es,other_public,https://www.mivau.gob.es/vivienda/info-plan-estatal-de-vivienda-2026-2030
1,F17-Q3,F17,mode,current,lamoncloa.gob.es,other_public,https://www.lamoncloa.gob.es/consejodeministros/resumenes/Documents/2025/160925-PEV%2026-30_RESUMEN%20EJECUTIVO_250916_150204.pdf
1,F17-Q4,F17,aio,current,mivau.gob.es,other_public,https://www.mivau.gob.es/vivienda/info-plan-estatal-de-vivienda-2026-2030
1,F17-Q4,F17,aio,current,boe.es,boe,https://www.boe.es/diario_boe/txt.php?id=BOE-A-2026-8872
1,F17-Q4,F17,aio,current,mivau.gob.es,other_public,https://www.mivau.gob.es/recursos_mfom/audienciainfopublica/recursos/rd_pev_26-30_inf_publica.pdf
1,F17-Q4,F17,aio,current,boe.es,boe,https://www.boe.es/buscar/act.php?id=BOE-A-2026-8872
1,F17-Q4,F17,aio,current,elconsultor.aranzadilaley.es,advisory,https://elconsultor.aranzadilaley.es/Content/DocumentoDestUrb.aspx?params=H4sIAAAAAAAEAMtMSbF1CTEAAlNDU3NzY7Wy1KLizPw8WyMDIzMDEyOwQGZapUt-ckhlQaptWmJOcSoAAbGR4DUAAAA=WKE
1,F17-Q4,F17,aio,current,velux.es,other,https://www.velux.es/magazine/plan-estatal-de-vivienda
1,F17-Q4,F17,mode,current,mivau.gob.es,other_public,https://www.mivau.gob.es/vivienda/info-plan-estatal-de-vivienda-2026-2030
1,F17-Q4,F17,mode,current,lamoncloa.gob.es,other_public,https://www.lamoncloa.gob.es/consejodeministros/resumenes/Documents/2025/160925-PEV%2026-30_RESUMEN%20EJECUTIVO_250916_150204.pdf
1,F17-Q4,F17,mode,current,boe.es,boe,https://www.boe.es/buscar/act.php?id=BOE-A-2026-20266
1,F18-Q1,F18,mode,current,boe.es,boe,https://www.boe.es/buscar/act.php?id=BOE-A-2025-76
1,F18-Q1,F18,mode,current,mediacion-online.com,advisory,https://mediacion-online.com/blog/es-obligatorio-intentar-la-mediacion-antes-de-demandar-en-espana/
1,F18-Q1,F18,mode,current,mbabogados.eu,advisory,https://mbabogados.eu/la-mediacion-previa-requisito-obligatorio-en-la-interposicion-de-una-demanda/
1,F18-Q1,F18,mode,current,copao.es,other,https://www.copao.es/noticias/cop-andalucia-occidental/1821-acudir-a-la-mediacion-ya-es-obligatorio-antes-de-poner-una-demanda-judicial
1,F18-Q1,F18,mode,current,contiabogados.com,advisory,https://www.contiabogados.com/civil/mediacion/tengo-que-hacer-mediacion-antes-de-demandar/
1,F18-Q2,F18,aio,current,administraciondejusticia.gob.es,other_public,https://www.administraciondejusticia.gob.es/cuando-es-obligatorio-acudir-masc
1,F18-Q2,F18,aio,current,mpr.gob.es,other_public,https://www.mpr.gob.es/prencom/notas/paginas/2025/030425-masc-resolucion-controversias.aspx
1,F18-Q2,F18,aio,current,mediacion-online.com,advisory,https://mediacion-online.com/blog/es-obligatorio-intentar-la-mediacion-antes-de-demandar-en-espana/
1,F18-Q2,F18,aio,current,sfabogados.com,advisory,https://www.sfabogados.com/publicaciones/la-obligacion-de-acudir-a-una-conciliacion-previa-antes-de-demandar-un-nuevo-procedimiento-procesal-en-espana
1,F18-Q2,F18,aio,current,abogacia.es,other,https://www.abogacia.es/wp-content/uploads/2025/04/GUIA_MASC_CONSEJO_GENERAL_ABOGACIA.pdf
1,F18-Q2,F18,aio,current,kobrux.com,software,https://kobrux.com/mediacion-previa-obligatoria-masc-guia/
1,F18-Q2,F18,aio,current,gwabogados.es,advisory,https://www.gwabogados.es/la-muerte-del-procedimiento-monitorio/
1,F18-Q2,F18,aio,current,icagr.es,other,https://icagr.es/pm92/masc
1,F18-Q2,F18,aio,current,bmaa.es,advisory,https://bmaa.es/es-obligatorio-acudir-a-un-masc-antes-de-presentar-una-demanda/
1,F18-Q2,F18,aio,current,manriquedetorres.com,advisory,https://manriquedetorres.com/blog/requisito-de-procedibilidad-masc/
1,F18-Q2,F18,mode,current,administraciondejusticia.gob.es,other_public,https://www.administraciondejusticia.gob.es/cuando-es-obligatorio-acudir-masc
1,F18-Q2,F18,mode,current,guiajuridica.es,advisory,https://guiajuridica.es/masc-que-tienes-que-hacer-antes-de-demandar-en-espana-2026/
1,F18-Q2,F18,mode,current,coboserranoabogados.com,advisory,https://www.coboserranoabogados.com/los-masc-y-la-nueva-ley-de-eficiencia-procesal-1-2025/
1,F18-Q2,F18,mode,current,asetra.net,other,https://asetra.net/ley-eficiencia-procesal/
1,F18-Q3,F18,aio,current,plataformaredes.es,other,https://plataformaredes.es/noticias/masc/marco-legal-general-del-requisito-masc-la-ley-organica-1-2025-y-normativa-complementaria/
1,F18-Q3,F18,aio,current,garrigues.com,advisory,https://www.garrigues.com/sites/default/files/noticias/files/20250103_ley-organica-eficiencia-organizativa.pdf
1,F18-Q3,F18,aio,current,portal-cec.consumo.gob.es,other_public,https://portal-cec.consumo.gob.es/es/comunicacion/noticias/2025/espana-establece-un-nuevo-concepto-de-justicia-y-redefine-los-mecanismos
1,F18-Q3,F18,aio,current,micap.es,other,https://micap.es/ciudadanos/masc/
1,F18-Q3,F18,aio,current,facebook.com,forum_social,https://facebook.com/ (path withheld)
1,F18-Q3,F18,aio,current,universidadeuropea.com,other,https://universidadeuropea.com/blog/masc/
1,F18-Q3,F18,mode,current,boe.es,boe,https://www.boe.es/buscar/act.php?id=BOE-A-2025-76
1,F18-Q3,F18,mode,current,administraciondejusticia.gob.es,other_public,https://www.administraciondejusticia.gob.es/medios-solucion-controversias-masc
1,F18-Q3,F18,mode,current,icablog.icab.cat,other,https://icablog.icab.cat/es/los-medios-adecuados-de-solucion-de-controversias-un-nuevo-enfoque-para-la-eficiencia-en-la-justicia-civil-y-mercantil/
1,F18-Q3,F18,mode,current,legal500.com,other,https://www.legal500.com/intelligence/spain/litigation-mediation-arbitration/ley-org%C3%A1nica-1-2025-y-entrada-en-vigor-de-los-medios-adecuados-de-soluci%C3%B3n-de-controversias-masc
1,F18-Q4,F18,aio,current,uria.com,advisory,https://www.uria.com/es/publicaciones/9337-los-masc-tras-la-lo-12025-el-requisito-de-procedibilidad-y-el-nuevo-regimen-de
1,F18-Q4,F18,aio,current,sedejudicial.justicia.es,other_public,https://sedejudicial.justicia.es/-/masc-acreditaci%C3%B3n-requisito-de-procedibilidad
1,F18-Q4,F18,aio,current,abogacia.es,other,https://www.abogacia.es/wp-content/uploads/2025/04/GUIA_MASC_CONSEJO_GENERAL_ABOGACIA.pdf
1,F18-Q4,F18,aio,current,justizia.eus,other_public,https://www.justizia.eus/guia-cumplir-requisito-procedibilidad-lo-1-2025/webjus00-contentgen/es/
1,F18-Q4,F18,aio,current,elderecho.com,advisory,https://elderecho.com/guia-practica-para-la-aplicacion-de-los-masc/
1,F18-Q4,F18,aio,current,manriquedetorres.com,advisory,https://manriquedetorres.com/blog/requisito-de-procedibilidad-masc/
1,F18-Q4,F18,aio,current,mediadorconflictos.com,advisory,https://mediadorconflictos.com/que-es-el-requisito-de-procedibilidad/
1,F18-Q4,F18,mode,current,uria.com,advisory,https://www.uria.com/es/publicaciones/9337-los-masc-tras-la-lo-12025-el-requisito-de-procedibilidad-y-el-nuevo-regimen-de
1,F18-Q4,F18,mode,current,sedejudicial.justicia.es,other_public,https://sedejudicial.justicia.es/-/masc-acreditaci%C3%B3n-requisito-de-procedibilidad
1,F18-Q4,F18,mode,current,abogacia.es,other,https://www.abogacia.es/wp-content/uploads/2025/04/GUIA_MASC_CONSEJO_GENERAL_ABOGACIA.pdf
1,F18-Q4,F18,mode,current,elderecho.com,advisory,https://elderecho.com/guia-practica-para-la-aplicacion-de-los-masc/
1,F19-Q1,F19,aio,current,mjusticia.gob.es,other_public,https://www.mjusticia.gob.es/es/servicio-justicia/nuevo-modelo-organizativo-justicia/tribunales-instancia/competencias
1,F19-Q1,F19,aio,current,juntadeandalucia.es,other_public,https://www.juntadeandalucia.es/sites/default/files/inline-files/2025/05/CJALFP-250519-FAQ-TI.pdf
1,F19-Q1,F19,aio,current,justicia2030.es,other_public,https://www.justicia2030.es/-/11.-tribunales-de-instancia-y-oficina-judicial
1,F19-Q1,F19,aio,current,poderjudicial.es,other_public,https://www.poderjudicial.es/cgpj/es/Poder-Judicial/Tribunales-Superiores-de-Justicia/TSJ-Madrid/Organos-judiciales/Organos-judiciales-en-Madrid/Tribunales-de-Instancia/
1,F19-Q1,F19,aio,current,conceptosjuridicos.com,advisory,https://www.conceptosjuridicos.com/tribunal-de-instancia/
1,F19-Q1,F19,aio,current,web.icam.es,other,https://web.icam.es/implantacion-de-los-tribunales-de-instancia-en-el-partido-judicial-de-madrid-fase-iii/
1,F19-Q1,F19,mode,current,mjusticia.gob.es,other_public,https://www.mjusticia.gob.es/es/servicio-justicia/nuevo-modelo-organizativo-justicia/tribunales-instancia/competencias
1,F19-Q1,F19,mode,current,justicia2030.es,other_public,https://www.justicia2030.es/-/11.-tribunales-de-instancia-y-oficina-judicial
1,F19-Q1,F19,mode,current,conceptosjuridicos.com,advisory,https://www.conceptosjuridicos.com/tribunal-de-instancia/
1,F19-Q1,F19,mode,current,juntadeandalucia.es,other_public,https://www.juntadeandalucia.es/sites/default/files/inline-files/2025/05/CJALFP-250519-FAQ-TI.pdf
1,F19-Q1,F19,mode,current,administrativando.es,other,https://administrativando.es/tribunales-instancia-coordinacion-funcionamiento/
1,F19-Q1,F19,mode,current,poderjudicial.es,other_public,https://www.poderjudicial.es/cgpj/es/Poder-Judicial/Tribunales-Superiores-de-Justicia/TSJ-Madrid/Organos-judiciales/Organos-judiciales-en-Madrid/Tribunales-de-Instancia/
1,F19-Q1,F19,mode,current,poderjudicial.es,other_public,https://www.poderjudicial.es/cgpj/es/Poder-Judicial/Tribunales-Superiores-de-Justicia/TSJ-Comunidad-Valenciana/Organos-judiciales/Organos-judiciales-en-la-Comunidad-Valenciana/Tribunales-de-Instancia/Tribunales-de-Instancia---Seccion-Civil-y-de-Instruccion
1,F19-Q1,F19,mode,current,web.icam.es,other,https://web.icam.es/implantacion-de-los-tribunales-de-instancia-en-el-partido-judicial-de-madrid-fase-iii/
1,F19-Q1,F19,mode,current,csif.es,other,https://www.csif.es/es/articulo/nacional/administraciondejusticia/64288
1,F19-Q1,F19,mode,current,ruthgalvan.es,advisory,https://www.ruthgalvan.es/que-son-tribunales-de-instancia/
1,F19-Q1,F19,mode,current,youtube.com,forum_social,https://youtube.com/ (path withheld)
1,F19-Q2,F19,aio,current,mjusticia.gob.es,other_public,https://www.mjusticia.gob.es/es/servicio-justicia/organizacion-justicia/servicio-jueces/juzgados-tribunales
1,F19-Q2,F19,aio,current,instagram.com,forum_social,https://instagram.com/ (path withheld)
1,F19-Q2,F19,aio,current,es.linkedin.com,forum_social,https://es.linkedin.com/ (path withheld)
1,F19-Q2,F19,aio,current,mjusticia.gob.es,other_public,https://www.mjusticia.gob.es/eu/ElMinisterio/GabineteComunicacion/Paginas/congreso-modernizacion.aspx
1,F19-Q2,F19,aio,current,mchmabogados.es,advisory,https://www.mchmabogados.es/blog-mchmabogados/articulo/legislaci%C3%B3n%20actual/1497/reforma-judicial-en-espana-la-ley-organica-1/2025-introduce-tribunales-de-instancia-y-secciones-especializadas/
1,F19-Q2,F19,mode,current,mjusticia.gob.es,other_public,https://www.mjusticia.gob.es/es/servicio-justicia/nuevo-modelo-organizativo-justicia/tribunales-instancia/competencias
1,F19-Q2,F19,mode,current,mjusticia.gob.es,other_public,https://www.mjusticia.gob.es/es/institucional/gabinete-comunicacion/noticias-ministerio/300625-primeros-315-tribunales-instancia
1,F19-Q2,F19,mode,current,mpr.gob.es,other_public,https://www.mpr.gob.es/prencom/notas/paginas/2026/los-primeros-tribunales-de-instancia-cumplen-un-an.aspx
1,F19-Q2,F19,mode,current,tiempodenegocios.com,press,https://tiempodenegocios.com/tribunales-instancia-2026/
1,F19-Q3,F19,mode,current,mjusticia.gob.es,other_public,https://www.mjusticia.gob.es/es/institucional/gabinete-comunicacion/noticias-ministerio/300625-primeros-315-tribunales-instancia
1,F19-Q3,F19,mode,current,iberley.es,advisory,https://www.iberley.es/noticias/2-fase-implantacion-los-tribunales-instancia-35387
1,F19-Q3,F19,mode,current,elnotario.es,advisory,https://www.elnotario.es/hemeroteca/revista-122/13626-ley-organica-1-2025-de-2-de-enero-los-tribunales-de-instancia
1,F19-Q3,F19,mode,current,web.icam.es,other,https://web.icam.es/implantacion-de-los-tribunales-de-instancia-en-el-partido-judicial-de-madrid-fase-iii/
1,F20-Q1,F20,mode,current,rtve.es,press,https://www.rtve.es/noticias/20240227/gobierno-aprueba-ley-minutos-espera-atencion-telefonica-tiempo/15987947.shtml
1,F20-Q1,F20,mode,current,dsca.gob.es,other_public,https://www.dsca.gob.es/es/comunicacion/notas-prensa/consumo-limita-los-tiempos-de-espera-telef-nica-y-ampl-los-derechos-de-la-ciudadan-con-la
1,F20-Q1,F20,mode,current,comunidad.madrid,other_public,https://www.comunidad.madrid/consumo/entra-vigor-nueva-ley-atencion-cliente
1,F20-Q1,F20,mode,current,infobae.com,press,https://www.infobae.com/espana/2026/06/07/ya-es-oficial-las-empresas-tendran-que-atender-las-llamadas-de-sus-clientes-en-menos-de-tres-minutos-a-partir-de-diciembre/
1,F20-Q1,F20,mode,current,canalsenior.es,press,https://canalsenior.es/noticias/ley-atencion-clientela-derechos-2026/
1,F20-Q2,F20,mode,current,lamoncloa.gob.es,other_public,https://www.lamoncloa.gob.es/serviciosdeprensa/notasprensa/derechos-sociales-consumo-agenda-2030/paginas/2025/ley-servicios-atencion-al-cliente.aspx
1,F20-Q2,F20,mode,current,comunidad.madrid,other_public,https://www.comunidad.madrid/consumo/entra-vigor-nueva-ley-atencion-cliente
1,F20-Q2,F20,mode,current,dsca.gob.es,other_public,https://www.dsca.gob.es/es/comunicacion/notas-prensa/consumo-limita-los-tiempos-de-espera-telef-nica-y-ampl-los-derechos-de-la-ciudadan-con-la
1,F20-Q3,F20,aio,current,lamoncloa.gob.es,other_public,https://www.lamoncloa.gob.es/serviciosdeprensa/notasprensa/derechos-sociales-consumo-agenda-2030/paginas/2025/ley-servicios-atencion-al-cliente.aspx
1,F20-Q3,F20,aio,current,congreso.es,other_public,https://www.congreso.es/public_oficiales/L15/CONG/BOCG/A/BOCG-15-A-12-3.PDF
1,F20-Q3,F20,aio,current,osborneclarke.com,advisory,https://www.osborneclarke.com/es/insights/servicios-de-atencion-la-clientela-evolucion-del-proyecto-de-ley
1,F20-Q3,F20,aio,current,sngular.com,software,https://www.sngular.com/es/insights/245/conoces-la-nueva-ley-de-servicios-de-atencion-al-cliente
1,F20-Q3,F20,aio,current,fernandezadvocats.es,advisory,https://fernandezadvocats.es/es/ley-10-2025-atencion-clientela-10-claves/
1,F20-Q3,F20,aio,current,privacydriver.com,advisory,https://privacydriver.com/es/ley-102025-por-que-regulan-los-servicios-atencion-clientela-c685
1,F20-Q3,F20,aio,current,endesa.com,other,https://www.endesa.com/es/blog/blog-de-endesa/luz/nueva-ley-atencion-cliente
1,F20-Q3,F20,aio,current,contactcenterhub.es,press,https://contactcenterhub.es/ley-sac-atencion-al-cliente-logikaline/
1,F20-Q3,F20,aio,current,grupocibernos.com,software,https://www.grupocibernos.com/blog/ley-atencion-al-cliente-3-minutos
1,F20-Q3,F20,mode,current,boe.es,boe,https://www.boe.es/buscar/act.php?id=BOE-A-2025-26698
1,F20-Q3,F20,mode,current,boe.es,boe,https://www.boe.es/diario_boe/txt.php?id=BOE-A-2025-26698
1,F20-Q3,F20,mode,current,notariosyregistradores.com,other,https://www.notariosyregistradores.com/web/secciones/consumo-y-derecho/varios-cyd/resumen-de-la-ley-10-2025-de-26-de-diciembre-por-la-que-se-regulan-los-servicios-de-atencion-a-la-clientela/
1,F20-Q3,F20,mode,current,vidiv.com,other,https://vidiv.com/soluciones/ley-atencion-cliente/
1,F20-Q3,F20,mode,current,comunidad.madrid,other_public,https://www.comunidad.madrid/consumo/entra-vigor-nueva-ley-atencion-cliente
1,F20-Q3,F20,mode,current,baylos.com,advisory,https://baylos.com/blog/la-nueva-ley-de-atencion-al-cliente-entrada-en-vigor
1,F20-Q4,F20,mode,current,dsca.gob.es,other_public,https://www.dsca.gob.es/es/comunicacion/notas-prensa/consumo-limita-los-tiempos-de-espera-telef-nica-y-ampl-los-derechos-de-la-ciudadan-con-la
1,F20-Q4,F20,mode,current,comunidad.madrid,other_public,https://www.comunidad.madrid/consumo/entra-vigor-nueva-ley-atencion-cliente
1,F20-Q4,F20,mode,current,asesoriacasado.com,advisory,https://www.asesoriacasado.com/cambios-en-la-atencion-al-cliente-3-minutos-de-espera-como-maximo/
1,F21-Q1,F21,aio,not_stated,juntadeandalucia.es,other_public,https://www.juntadeandalucia.es/organismos/presidenciasanidadyemergencias/servicios/actualidad/noticias/detalle/234709.html
1,F21-Q1,F21,aio,not_stated,facebook.com,forum_social,https://facebook.com/ (path withheld)
1,F21-Q1,F21,aio,not_stated,mataro.cat,other_public,https://www.mataro.cat/es/temas/consumo/preguntas-mas-frecuentes-por-ambitos-tematicos-del-consumo/preguntas-mas-frecuentes-con-respecto-a-las-reclamaciones-de-las-comunidades-de-propietarios
1,F21-Q1,F21,aio,not_stated,asesor.legal,advisory,https://asesor.legal/reclamacion-de-derechos-del-consumidor-en-avila-procedimientos-y-plazos/
1,F21-Q1,F21,mode,current,boe.es,boe,https://www.boe.es/buscar/act.php?id=BOE-A-2025-26698
1,F21-Q1,F21,mode,current,comunidad.madrid,other_public,https://www.comunidad.madrid/consumo/entra-vigor-nueva-ley-atencion-cliente
1,F21-Q1,F21,mode,current,federacionafedeco.es,other,https://federacionafedeco.es/normativa/consumidores.php
1,F21-Q1,F21,mode,current,consumoresponde.es,other_public,https://www.consumoresponde.es/art%C3%ADculos/nueva_ley_de_servicios_de_atencion_la_clientela_lsac
1,F21-Q1,F21,mode,current,consumoresponde.es,other_public,https://www.consumoresponde.es/art%C3%ADculos/que_hacer_si_se_recibe_una_reclamacion
1,F21-Q1,F21,mode,current,ocu.org,other,https://www.ocu.org/consumo-familia/derechos-consumidor/informe/reclamar-como-consumidor
1,F21-Q1,F21,mode,current,consumoresponde.es,other_public,https://www.consumoresponde.es/art%C3%ADculos/que_plazos_han_de_cumplirse_cuando_una_persona_presenta_una_queja_o_reclamacion_en_las
1,F21-Q2,F21,aio,not_stated,juntadeandalucia.es,other_public,https://www.juntadeandalucia.es/organismos/presidenciasanidadyemergencias/servicios/actualidad/noticias/detalle/234709.html
1,F21-Q2,F21,aio,not_stated,consumoresponde.es,other_public,https://www.consumoresponde.es/art%C3%ADculos/que_plazos_han_de_cumplirse_cuando_una_persona_presenta_una_queja_o_reclamacion_en_las
1,F21-Q2,F21,aio,not_stated,consumo.cordoba.es,other_public,https://consumo.cordoba.es/index.php?option=com_content&view=article&id=2435%3Atramites-y-plazos-hojas-de-quejas-y-reclamaciones&catid=460&Itemid=2
1,F21-Q2,F21,aio,not_stated,portal-cec.consumo.gob.es,other_public,https://portal-cec.consumo.gob.es/es/comunicacion/noticias/2021/cec-espana-recuerda-los-consumidores-como-pueden-reclamar-sus-derechos
1,F21-Q2,F21,aio,not_stated,consumoresponde.es,other_public,https://www.consumoresponde.es/art%C3%ADculos/que_hacer_si_se_recibe_una_reclamacion
1,F21-Q2,F21,mode,current,consumo.cordoba.es,other_public,https://consumo.cordoba.es/index.php?option=com_content&view=article&id=2435%3Atramites-y-plazos-hojas-de-quejas-y-reclamaciones&catid=460&Itemid=2
1,F21-Q2,F21,mode,current,legalionabogados.com,advisory,https://www.legalionabogados.com/blog/ley-atencion-al-cliente-2025
1,F21-Q2,F21,mode,current,consumoresponde.es,other_public,https://www.consumoresponde.es/art%C3%ADculos/nueva_ley_de_servicios_de_atencion_la_clientela_lsac
1,F21-Q2,F21,mode,current,juntadeandalucia.es,other_public,https://www.juntadeandalucia.es/servicios/sede/tramites/procedimientos/detalle/2634.html
1,F21-Q3,F21,mode,current,comunidad.madrid,other_public,https://www.comunidad.madrid/consumo/entra-vigor-nueva-ley-atencion-cliente
1,F21-Q3,F21,mode,current,elderecho.com,advisory,https://elderecho.com/que-obligaciones-tienen-las-empresas-en-materia-de-atencion-a-la-clientela/
1,F22-Q1,F22,mode,current,dsca.gob.es,other_public,https://www.dsca.gob.es/es/comunicacion/notas-prensa/congreso-aprueba-primera-ley-blinda-derechos-consumidores-frente-grandes
1,F22-Q1,F22,mode,current,comunidad.madrid,other_public,https://www.comunidad.madrid/consumo/entra-vigor-nueva-ley-atencion-cliente
1,F22-Q1,F22,mode,current,contactcenterinstitute.es,other,https://contactcenterinstitute.es/como-transforma-la-ley-de-servicios-de-atencion-a-la-clientela-2
1,F22-Q2,F22,mode,current,boe.es,boe,https://www.boe.es/diario_boe/txt.php?id=BOE-A-2025-26698
1,F22-Q2,F22,mode,current,opensistemas.com,software,https://opensistemas.com/ley-10-2025-atencion-cliente-contact-center/
1,F22-Q2,F22,mode,current,dataseg.es,advisory,https://dataseg.es/ley-10-2025-atencion-clientela-guia-completa/
1,F22-Q2,F22,mode,current,pymesmagazine.es,press,https://pymesmagazine.es/actualidad/la-ley-de-atencion-al-cliente-obliga-a-las-empresas-en-espana-a-adaptar-su-operativa-antes-de-diciembre-de-2026-con-nuevos-requisitos-de-respuesta-y-atencion/
1,F22-Q3,F22,mode,current,boe.es,boe,https://www.boe.es/buscar/act.php?id=BOE-A-2025-26698
1,F22-Q3,F22,mode,current,dsca.gob.es,other_public,https://www.dsca.gob.es/es/comunicacion/notas-prensa/congreso-aprueba-primera-ley-blinda-derechos-consumidores-frente-grandes
1,F22-Q3,F22,mode,current,contactcenterinstitute.es,other,https://contactcenterinstitute.es/como-transforma-la-ley-de-servicios-de-atencion-a-la-clientela-2
1,F22-Q3,F22,mode,current,comunidad.madrid,other_public,https://www.comunidad.madrid/consumo/entra-vigor-nueva-ley-atencion-cliente
1,F23-Q1,F23,aio,current,race.es,other,https://www.race.es/hasta-cuando-son-obligatorios-triangulos-coche
1,F23-Q1,F23,aio,current,movilidadelectrica.com,press,https://movilidadelectrica.com/dgt-triangulos-baliza-v16-2026-multas/
1,F23-Q1,F23,aio,current,ralarsa.com,other,https://www.ralarsa.com/es/es-obligatorio-llevar-triangulos-en-el-coche/
1,F23-Q1,F23,aio,current,facebook.com,forum_social,https://facebook.com/ (path withheld)
1,F23-Q1,F23,aio,current,leasys.com,other,https://www.leasys.com/es/espanol/leasys-world/triangulos-emergencia-coche-normativa-uso
1,F23-Q1,F23,aio,current,youtube.com,forum_social,https://youtube.com/ (path withheld)
1,F23-Q1,F23,mode,current,dgt.es,other_public,https://www.dgt.es/muevete-con-seguridad/tecnologia-e-innovacion-en-carretera/Dispositivos-de-presenalizacion-V16/
1,F23-Q1,F23,mode,current,race.es,other,https://www.race.es/luz-de-emergencia-v16
1,F23-Q1,F23,mode,current,race.es,other,https://www.race.es/hasta-cuando-son-obligatorios-triangulos-coche
1,F23-Q1,F23,mode,current,c1brokers.es,other,https://c1brokers.es/seguro-coche/espana-elimina-los-triangulos-y-obliga-a-la-luz-v16-en-2026/
1,F23-Q1,F23,mode,current,autopistas.com,other,https://www.autopistas.com/blog/el-triangulo-de-emergencia-ya-no-es-obligatorio-en-autopista/
1,F23-Q2,F23,aio,current,lamoncloa.gob.es,other_public,https://www.lamoncloa.gob.es/serviciosdeprensa/notasprensa/interior/paginas/2025/251125-obligacion-baliza-v16-carretera.aspx
1,F23-Q2,F23,aio,current,carwow.es,other,https://www.carwow.es/noticias/6611/baliza-v16-obligatoria-2026-flexibilidad
1,F23-Q2,F23,aio,current,expansion.com,press,https://www.expansion.com/empresas/motor/2025/12/01/692d5a43468aeba0138b4589.html
1,F23-Q2,F23,aio,current,facebook.com,forum_social,https://facebook.com/ (path withheld)
1,F23-Q2,F23,aio,current,autopista.es,press,https://www.autopista.es/noticias-motor/dgt-endurece-obligatoriedad-baliza-v16-aprueba-nueva-norma-mayor-efectividad_329675_102.html
1,F23-Q2,F23,aio,current,confortauto.com,other,https://www.confortauto.com/blogs/noticias/baliza-v16-guia-completa
1,F23-Q2,F23,mode,current,dgt.es,other_public,https://www.dgt.es/muevete-con-seguridad/tecnologia-e-innovacion-en-carretera/Dispositivos-de-presenalizacion-V16/index.html
1,F23-Q2,F23,mode,current,dgt.es,other_public,https://www.dgt.es/muevete-con-seguridad/tecnologia-e-innovacion-en-carretera/Dispositivos-de-presenalizacion-V16/
1,F23-Q2,F23,mode,current,dgt.es,other_public,https://www.dgt.es/comunicacion/notas-de-prensa/20251125-dgt-recuerda-la-obligacion-de-disponer-de-la-baliza-v-16-para-senalizar-averias-y-accidentes-en-carretera/
1,F23-Q2,F23,mode,current,motor16.com,press,https://www.motor16.com/las-ultimas-noticias/baliza-v16-obligatoria-multa-80-euros-4/
1,F23-Q2,F23,mode,current,elespanol.com,press,https://www.elespanol.com/motor/20260930/oficial-octubre-baliza-v-16-seguira-obligatoria-espana-no-llevarla-supondra-euros-multa/1003744400890_0.html
1,F23-Q3,F23,mode,current,dgt.es,other_public,https://www.dgt.es/muevete-con-seguridad/tecnologia-e-innovacion-en-carretera/Dispositivos-de-presenalizacion-V16/
1,F23-Q3,F23,mode,current,carwow.es,other,https://www.carwow.es/noticias/6704/dgt-baliza-v16-triangulos-uso-conjunto
1,F23-Q3,F23,mode,current,icarstalleres.com,other,https://www.icarstalleres.com/hasta-cuando-puedes-usar-los-triangulos-de-emergencia-en-espana-la-dgt-lo-aclara/
1,F23-Q3,F23,mode,current,libertaddigital.com,press,https://www.libertaddigital.com/libremercado/2025-12-31/la-dgt-rectifica-y-confirma-que-los-conductores-podran-seguir-utilizanndo-los-triangulos-tradicionales-en-2026-7338979/
1,F23-Q3,F23,mode,current,netun.com,advisory,https://netun.com/blogs/blog-es/triangulos-de-presenalizacion-2026
1,F23-Q4,F23,aio,current,athlon.com,other,https://www.athlon.com/es/blog/baliza-de-emergencia-requisitos-y-normativa-2026/
1,F23-Q4,F23,aio,current,motor.flexicar.es,other,https://motor.flexicar.es/autoescuela/triangulos-emergencia/
1,F23-Q4,F23,aio,current,carglass.es,other,https://www.carglass.es/blog/conduce-seguro/llevar-triangulo-ermergencia/
1,F23-Q4,F23,aio,current,netun.com,advisory,https://netun.com/pt-portugal/blogs/blog-es/triangulos-de-presenalizacion-2026?srsltid=AU7gw4UV1lfPbbUrIKE_oplManZvDdC4HTVqIDTu7K8mroNd_WZFsyuU
1,F23-Q4,F23,aio,current,netun.com,advisory,https://netun.com/pt-portugal/blogs/blog-es/triangulos-de-presenalizacion-2026
1,F23-Q4,F23,mode,current,dgt.es,other_public,https://www.dgt.es/muevete-con-seguridad/tecnologia-e-innovacion-en-carretera/Dispositivos-de-presenalizacion-V16/
1,F23-Q4,F23,mode,current,netun.com,advisory,https://netun.com/blogs/blog-es/triangulos-de-presenalizacion-2026
1,F23-Q4,F23,mode,current,race.es,other,https://www.race.es/luz-de-emergencia-v16
1,F24-Q1,F24,aio,current,dgt.es,other_public,https://www.dgt.es/muevete-con-seguridad/viaja-seguro/en-patinete/
1,F24-Q1,F24,aio,current,mutua.es,other,https://www.mutua.es/seguros-bicicletas-patinetes/patinetes/
1,F24-Q1,F24,aio,current,cleverea.com,other,https://www.cleverea.com/blog/el-seguro-del-patinete-obligatorio-en-toda-espana
1,F24-Q1,F24,aio,current,segurabici.es,other,https://www.segurabici.es/seguro-patinetes-electricos/
1,F24-Q1,F24,aio,current,youtube.com,forum_social,https://youtube.com/ (path withheld)
1,F24-Q1,F24,aio,current,welcomeseguros.com,other,https://www.welcomeseguros.com/seguro-patinetes/
1,F24-Q1,F24,aio,current,tiktok.com,forum_social,https://tiktok.com/ (path withheld)
1,F24-Q1,F24,mode,current,race.es,other,https://www.race.es/obligacion-seguro-patinete-electrico
1,F24-Q1,F24,mode,current,calcular-seguro.axa.es,other,https://calcular-seguro.axa.es/patinete-electrico
1,F24-Q1,F24,mode,current,mapfre.es,other,https://www.mapfre.es/particulares/patinete-electrico/
1,F24-Q1,F24,mode,current,cleverea.com,other,https://www.cleverea.com/blog/el-seguro-del-patinete-obligatorio-en-toda-espana
1,F24-Q1,F24,mode,current,terranea.es,other,https://www.terranea.es/seguro-patinete-electrico.aspx?srsltid=AU7gw4X5Zi13RqKqCYEQquBmRy1-KlMs5Au843JgA7HNLnEPjChhGM9L
1,F24-Q2,F24,aio,current,calcular-seguro.axa.es,other,https://calcular-seguro.axa.es/patinete-electrico
1,F24-Q2,F24,aio,current,instagram.com,forum_social,https://instagram.com/ (path withheld)
1,F24-Q2,F24,aio,current,mapfre.es,other,https://www.mapfre.es/particulares/patinete-electrico/articulos/accidente-con-patinete-sin-seguro/
1,F24-Q2,F24,mode,current,race.es,other,https://www.race.es/obligacion-seguro-patinete-electrico
1,F24-Q2,F24,mode,current,cleverea.com,other,https://www.cleverea.com/blog/el-seguro-del-patinete-obligatorio-en-toda-espana
1,F24-Q2,F24,mode,current,segurabici.es,other,https://www.segurabici.es/seguro-patinetes-electricos/
1,F24-Q3,F24,aio,current,dgt.es,other_public,https://www.dgt.es/muevete-con-seguridad/viaja-seguro/en-patinete/
1,F24-Q3,F24,aio,current,mutua.es,other,https://www.mutua.es/seguros-bicicletas-patinetes/patinetes/
1,F24-Q3,F24,aio,current,cleverea.com,other,https://www.cleverea.com/blog/el-seguro-del-patinete-obligatorio-en-toda-espana
1,F24-Q3,F24,aio,current,segurabici.es,other,https://www.segurabici.es/seguro-patinetes-electricos/
1,F24-Q3,F24,aio,current,youtube.com,forum_social,https://youtube.com/ (path withheld)
1,F24-Q3,F24,aio,current,welcomeseguros.com,other,https://www.welcomeseguros.com/seguro-patinetes/
1,F24-Q3,F24,aio,current,tiktok.com,forum_social,https://tiktok.com/ (path withheld)
1,F24-Q3,F24,mode,current,segurospatineteselectricos.com,other,https://www.segurospatineteselectricos.com/
1,F24-Q3,F24,mode,current,mapfre.es,other,https://www.mapfre.es/particulares/patinete-electrico/
1,F24-Q3,F24,mode,current,holdtag.com,other,https://www.holdtag.com/blogs/novedades-y-actualizaciones/seguro-patinete-electrico-obligatorio-2026?srsltid=AU7gw4Xtg1McALMwTCdl35bVxVH_IT1kF9wNtiwjdmq2ppVxUoFgf9a_
1,F24-Q3,F24,mode,current,rankingsegurosespana.com,other,https://rankingsegurosespana.com/seguros/patinetes
1,F24-Q4,F24,aio,current,cleverea.com,other,https://www.cleverea.com/es/seguros-movilidad/patinetes/seguro-patinete-electrico
1,F24-Q4,F24,aio,current,terranea.es,other,https://www.terranea.es/seguros-patinetes.aspx?srsltid=AU7gw4V9wIXmzcAOP3MZ5sThaQoNBgRopuNciEouzaimWMUAPXJ_taTS
1,F24-Q4,F24,aio,current,calcular-seguro.axa.es,other,https://calcular-seguro.axa.es/patinete-electrico
1,F24-Q4,F24,aio,current,segurospatineteselectricos.com,other,https://www.segurospatineteselectricos.com/blog/mejor-seguro-patinete-electrico/
1,F24-Q4,F24,aio,current,muchoneumatico.com,other,https://www.muchoneumatico.com/blog/noticias/normativa-patinete-electrico-2026-kta/
1,F24-Q4,F24,aio,current,gestoriamorey.com,advisory,https://gestoriamorey.com/blog/seguro-obligatorio-patinetes-requisitos
1,F24-Q4,F24,aio,current,merca2.es,press,https://www.merca2.es/2026/09/05/seguro-patinete-electrico-obligatorio-renfe-2449085/
1,F24-Q4,F24,aio,current,motor16.com,press,https://www.motor16.com/las-ultimas-noticias/registro-patinete-electrico-obligatorio-seguro/
1,F24-Q4,F24,aio,current,terranea.es,other,https://www.terranea.es/seguros-patinetes.aspx
1,F24-Q4,F24,mode,current,race.es,other,https://www.race.es/obligacion-seguro-patinete-electrico
1,F24-Q4,F24,mode,current,dgt.es,other_public,https://www.dgt.es/muevete-con-seguridad/viaja-seguro/en-patinete/
1,F24-Q4,F24,mode,current,race.es,other,https://www.race.es/patinete-electrico-legislacion
1,F24-Q4,F24,mode,current,rocajunyent.com,advisory,https://www.rocajunyent.com/es/eventos-y-publicaciones/alertas/seguro-obligatorio-patinetes-electricos-2026-ley-52025-requisitos
1,F24-Q4,F24,mode,current,mapfre.es,other,https://www.mapfre.es/particulares/patinete-electrico/articulos/seguro-obligatorio-para-patinetes-a-partir-de-2026/
1,F25-Q1,F25,aio,mixed,cuatrecasas.com,advisory,https://www.cuatrecasas.com/resources/movilidad-sostenible-text-69ca16c25c000731457741.pdf?v1.95.5.20260320
1,F25-Q1,F25,aio,mixed,iso-39001.es,advisory,https://www.iso-39001.es/blog/149-la-nueva-ley-de-movilidad-sostenible-como-afectara-a-las-empresas-y-que-exige-el-nuevo-plan-de-movilidad-al-trabajo
1,F25-Q1,F25,aio,mixed,bakertilly.es,advisory,https://www.bakertilly.es/publicaciones/nuevo-requisito-para-las-empresas-planes-de-movilidad-al-trabajo
1,F25-Q1,F25,aio,mixed,zeolos.es,software,https://zeolos.es/guia-plan-movilidad-sostenible-trabajo/
1,F25-Q1,F25,aio,mixed,asesoranza.es,advisory,https://asesoranza.es/ley-movilidad-sostenible-plan-empresas/
1,F25-Q1,F25,aio,mixed,ga-p.com,advisory,https://ga-p.com/publicaciones/planes-de-movilidad-sostenible-al-trabajo-una-nueva-obligacion-para-determinadas-empresas/
1,F25-Q1,F25,aio,mixed,eleconomista.es,press,https://www.eleconomista.es/legal/noticias/13677388/12/25/las-empresas-con-mas-de-200-empleados-deberan-tener-un-plan-de-movilidad-en-dos-anos.html
1,F25-Q1,F25,aio,mixed,greemko.com,software,https://greemko.com/blog/ley-de-movilidad-sostenible-obligaciones/
1,F25-Q1,F25,aio,mixed,facebook.com,forum_social,https://facebook.com/ (path withheld)
1,F25-Q1,F25,mode,current,iberley.es,advisory,https://www.iberley.es/revista/ley-9-2025-rdl-7-2026-nuevas-obligaciones-las-empresas-relacion-los-planes-movilidad-sostenible-trabajo-pmst-1456
1,F25-Q1,F25,mode,current,quironprevencion.com,advisory,https://www.quironprevencion.com/blogs/es/prevenidos/movilidad-sostenible-trabajo-nueva-obligacion-legal-impacto
1,F25-Q1,F25,mode,current,movilidadsostenible.com.es,other,https://www.movilidadsostenible.com.es/plan-de-movilidad-al-trabajo/
1,F25-Q2,F25,aio,outdated,ibermutua.es,other,https://www.ibermutua.es/contenido/resumen-ley-movilidad-sostenible/
1,F25-Q2,F25,aio,outdated,ecogestor.com,advisory,https://www.ecogestor.com/ley-movilidad-sostenible/
1,F25-Q2,F25,aio,outdated,adadebarcelona.es,other,https://www.adadebarcelona.es/conoce-la-ley-de-movilidad-sostenible/
1,F25-Q2,F25,aio,outdated,llanaconsultores.com,advisory,https://llanaconsultores.com/cuales-son-las-obligaciones-laborales-derivadas-de-la-movilidad-sostenible/
1,F25-Q2,F25,aio,outdated,youtube.com,forum_social,https://youtube.com/ (path withheld)
1,F25-Q2,F25,aio,outdated,iso-39001.es,advisory,https://www.iso-39001.es/plan-movilidad
1,F25-Q2,F25,aio,outdated,expertorrhh.lefebvre.es,advisory,https://expertorrhh.lefebvre.es/publicados-los-planes-de-movilidad-sostenible-en-la-empresa/
1,F25-Q2,F25,mode,current,boe.es,boe,https://www.boe.es/buscar/act.php?id=BOE-A-2025-24545
1,F25-Q2,F25,mode,current,juntadeandalucia.es,other_public,https://www.juntadeandalucia.es/organismos/empleoempresaytrabajoautonomo/servicios/actualidad/noticias/detalle/635095.html
1,F25-Q2,F25,mode,current,sagardoy.com,advisory,https://sagardoy.com/claves-para-la-nueva-ley-de-movilidad-sostenible-para-empresas/
1,F25-Q2,F25,mode,current,cedesa.es,advisory,https://cedesa.es/blog/plan-movilidad-sostenible-trabajo-ley-9-2025-plazo-diciembre-2026-datos-turnos-flota/
1,F25-Q2,F25,mode,current,iberley.es,advisory,https://www.iberley.es/revista/ley-9-2025-rdl-7-2026-nuevas-obligaciones-las-empresas-relacion-los-planes-movilidad-sostenible-trabajo-pmst-1456
1,F25-Q2,F25,mode,current,erreese.com,advisory,https://erreese.com/real-decreto-ley-7-2026/
1,F25-Q3,F25,mode,outdated,iberley.es,advisory,https://www.iberley.es/noticias/las-empresas-mas-200-empleados-deberan-disponer-planes-movilidad-sostenible-33242
1,F26-Q1,F26,mode,current,sede.agenciatributaria.gob.es,aeat,https://sede.agenciatributaria.gob.es/Sede/iva/sistemas-informaticos-facturacion-verifactu/nota-informativa-ampliacion-plazo-adaptacion-facturacion.html
1,F26-Q1,F26,mode,current,getrenn.com,software,https://getrenn.com/es/blog/verifactu-entrada-en-vigor
1,F26-Q2,F26,aio,current,bancsabadell.com,other,https://www.bancsabadell.com/bsnacional/es/blog/sistema-verifactu-que-es-cuando-sera-obligatorio-y-que-deben-hacer-autonomos-y-empresas-en-2027/
1,F26-Q2,F26,aio,current,sede.agenciatributaria.gob.es,aeat,https://sede.agenciatributaria.gob.es/Sede/iva/sistemas-informaticos-facturacion-verifactu/cuestiones-generales/quienes-estan-obligados-que-operaciones-incluyen.html
1,F26-Q2,F26,aio,current,datisa.es,software,https://datisa.es/verifactu-que-es-y-cuando-entra-en-vigor/
1,F26-Q2,F26,aio,current,caisoft.es,software,https://www.caisoft.es/blog/facturacion/verifactu-quien-esta-obligado
1,F26-Q2,F26,mode,current,sede.agenciatributaria.gob.es,aeat,https://sede.agenciatributaria.gob.es/Sede/iva/sistemas-informaticos-facturacion-verifactu/nota-informativa-ampliacion-plazo-adaptacion-facturacion.html
1,F26-Q2,F26,mode,current,sede.agenciatributaria.gob.es,aeat,https://sede.agenciatributaria.gob.es/Sede/todas-noticias/2025/diciembre/3/ampliacion-plazo-adaptacion-sistemas-informaticos-facturacion.html
1,F26-Q2,F26,mode,current,boe.es,boe,https://www.boe.es/buscar/act.php?id=BOE-A-2023-24840
1,F26-Q3,F26,aio,current,wolterskluwer.com,advisory,https://www.wolterskluwer.com/es-es/expert-insights/verifactu-que-es
1,F26-Q3,F26,aio,current,youtube.com,forum_social,https://youtube.com/ (path withheld)
1,F26-Q3,F26,aio,current,asesoriasants.com,advisory,https://asesoriasants.com/verifactu-2026-la-guia-completa-para-autonomos-y-empresas/
1,F26-Q3,F26,aio,current,landoo.es,software,https://www.landoo.es/blog/odoo-landoo-blog-1/aeat-verifactu-57
1,F26-Q3,F26,aio,current,blog.crownet.net,software,https://www.blog.crownet.net/verifactu-espana-fechas-requisitos-software-erp/
1,F26-Q3,F26,aio,current,conversoriaecnae.es,software,https://www.conversoriaecnae.es/blog/verifactu-2026-guia-completa-de-la-facturacion-obligatoria
1,F26-Q3,F26,aio,current,instagram.com,forum_social,https://instagram.com/ (path withheld)
1,F26-Q3,F26,mode,current,sede.agenciatributaria.gob.es,aeat,https://sede.agenciatributaria.gob.es/Sede/iva/sistemas-informaticos-facturacion-verifactu/nota-informativa-ampliacion-plazo-adaptacion-facturacion.html
1,F26-Q3,F26,mode,current,politicafiscal.es,advisory,https://www.politicafiscal.es/cartas-a-taxlandia/obligatoriedad-factura-electronica-verifactu-qr
1,F26-Q3,F26,mode,current,facturascloud.com,software,https://facturascloud.com/blog/plazos-verifactu-sanciones/
1,F26-Q4,F26,aio,current,bnfix.com,software,https://www.bnfix.com/el-sistema-verifactu-aplazado-hasta-2027/
1,F26-Q4,F26,aio,current,supercontable.com,software,https://www.supercontable.com/boletin/G/articulos/aplazado_verifactu_hasta_2027_como_actuar_seguir_cambio_obligacion_programas_facturacion.html
1,F26-Q4,F26,aio,current,juberayjubera.com,advisory,https://juberayjubera.com/blog/verifactu-aplazado-hasta-2027-que-es-y-como-afecta-a-empresas-y-autonomos
1,F26-Q4,F26,aio,current,clavei.es,software,https://www.clavei.es/blog/aplazamiento-verifactu-2027-ventaja-empresas-adelantadas/
1,F26-Q4,F26,aio,current,instagram.com,forum_social,https://instagram.com/ (path withheld)
1,F26-Q4,F26,mode,current,sede.agenciatributaria.gob.es,aeat,https://sede.agenciatributaria.gob.es/Sede/iva/sistemas-informaticos-facturacion-verifactu/nota-informativa-ampliacion-plazo-adaptacion-facturacion.html
1,F27-Q1,F27,aio,current,bancsabadell.com,other,https://www.bancsabadell.com/bsnacional/es/blog/sistema-verifactu-que-es-cuando-sera-obligatorio-y-que-deben-hacer-autonomos-y-empresas-en-2027/
1,F27-Q1,F27,aio,current,qonto.com,other,https://qonto.com/es/blog/gestion-empresa/facturacion/verifactu-para-autonomos-obligaciones-plazos-y-como-adaptarte
1,F27-Q1,F27,aio,current,verifactu.com,software,https://www.verifactu.com/verifactu-obligatorio/
1,F27-Q1,F27,aio,current,b2brouter.net,software,https://www.b2brouter.net/es/verifactu-obligatorio-autonomos/
1,F27-Q1,F27,aio,current,infoautonomos.com,advisory,https://www.infoautonomos.com/blog/verifactu-cuando-es-obligatorio-a-quien-afecta/
1,F27-Q1,F27,aio,current,wolterskluwer.com,advisory,https://www.wolterskluwer.com/es-es/expert-insights/verifactu-autonomos-claves-nuevo-sistema
1,F27-Q1,F27,aio,current,declarando.es,software,https://declarando.es/verifactu
1,F27-Q1,F27,mode,current,infoautonomos.com,advisory,https://www.infoautonomos.com/blog/verifactu-cuando-es-obligatorio-a-quien-afecta/
1,F27-Q1,F27,mode,current,youtube.com,forum_social,https://youtube.com/ (path withheld)
1,F27-Q1,F27,mode,current,dsi-net.com,software,https://www.dsi-net.com/verifactu-para-autonomos/
1,F27-Q2,F27,aio,current,holded.com,software,https://www.holded.com/es/blog/verifactu-para-autonomos
1,F27-Q2,F27,aio,current,sede.agenciatributaria.gob.es,aeat,https://sede.agenciatributaria.gob.es/Sede/iva/sistemas-informaticos-facturacion-verifactu/nota-informativa-ampliacion-plazo-adaptacion-facturacion.html
1,F27-Q2,F27,aio,current,bancsabadell.com,other,https://www.bancsabadell.com/bsnacional/es/blog/sistema-verifactu-que-es-cuando-sera-obligatorio-y-que-deben-hacer-autonomos-y-empresas-en-2027/
1,F27-Q2,F27,aio,current,infoautonomos.com,advisory,https://www.infoautonomos.com/blog/verifactu-cuando-es-obligatorio-a-quien-afecta/
1,F27-Q2,F27,aio,current,infoautonomos.com,advisory,https://www.infoautonomos.com/facturas/verifactu-que-es/
1,F27-Q2,F27,aio,current,grupo2000.es,advisory,https://www.grupo2000.es/la-facturacion-electronica-sera-obligatoria-a-partir-de-verano/
1,F27-Q2,F27,mode,current,dsi-net.com,software,https://www.dsi-net.com/verifactu-para-autonomos/
1,F27-Q2,F27,mode,current,facturaenlinea.es,software,https://www.facturaenlinea.es/la-guia-del-empresario/finanzas-y-contabilidad/facturacion/verifactu-para-autonomos-cuando-entra-en-vigor-y-a-quien-afecta
1,F27-Q2,F27,mode,current,infoautonomos.com,advisory,https://www.infoautonomos.com/blog/verifactu-cuando-es-obligatorio-a-quien-afecta/
1,F27-Q3,F27,mode,current,wolterskluwer.com,advisory,https://www.wolterskluwer.com/es-es/expert-insights/verifactu-autonomos-claves-nuevo-sistema
1,F27-Q3,F27,mode,current,holded.com,software,https://www.holded.com/es/blog/verifactu-para-autonomos
1,F27-Q3,F27,mode,current,infoautonomos.com,advisory,https://www.infoautonomos.com/blog/verifactu-cuando-es-obligatorio-a-quien-afecta/
1,F28-Q1,F28,aio,current,grupo2000.es,advisory,https://www.grupo2000.es/la-facturacion-electronica-sera-obligatoria-a-partir-de-verano/
1,F28-Q1,F28,aio,current,consultingf.com,advisory,https://www.consultingf.com/blog/factura-electronica-obligatoria-empresas/
1,F28-Q1,F28,aio,current,mafosan.com,advisory,https://mafosan.com/blog/ley-de-facturacion-electronica-que-debe-preparar-tu-empresa-y-cuando-sera-obligatoria/
1,F28-Q1,F28,aio,current,blogempresas.yoigo.com,other,https://blogempresas.yoigo.com/factura-electronica-obligatoria-plazos-soluciones-para-pymes/
1,F28-Q1,F28,aio,current,youtube.com,forum_social,https://youtube.com/ (path withheld)
1,F28-Q1,F28,mode,current,suportempresa.com,software,https://suportempresa.com/factura-electronica-b2b-obligatoria-calendario-implantacion/
1,F28-Q1,F28,mode,current,b2brouter.net,software,https://www.b2brouter.net/es/plazos-obligatoriedad-factura-electronica-b2b/
1,F28-Q1,F28,mode,current,groupseres.com,software,https://www.groupseres.com/ley-crea-y-crece-factura-electronica
1,F28-Q1,F28,mode,current,lealtadis.es,other,https://www.lealtadis.es/factura-electronica-b2b-estados-pago-pymes/
1,F28-Q2,F28,aio,current,wolterskluwer.com,advisory,https://www.wolterskluwer.com/es-es/expert-insights/ley-crea-crece-claves-novedades
1,F28-Q2,F28,aio,current,bbva.com,other,https://www.bbva.com/es/es/empresas/factura-electronica-b2b-y-ley-crea-y-crece-calendario-requisitos-y-retos/
1,F28-Q2,F28,aio,current,sage.com,software,https://www.sage.com/es-es/certificacion-software/ley-crea-y-crece/
1,F28-Q2,F28,aio,current,b2brouter.net,software,https://www.b2brouter.net/es/ley-crea-crece-factura-electronica/
1,F28-Q2,F28,mode,current,sage.com,software,https://www.sage.com/es-es/certificacion-software/ley-crea-y-crece/
1,F28-Q2,F28,mode,current,gdx-group.com,advisory,https://gdx-group.com/factura-electronica-b2b-ley-crea-crece-calendario-requisitos/
1,F28-Q3,F28,aio,incorrect,declarando.es,software,https://declarando.es/factura-electronica
1,F28-Q3,F28,aio,incorrect,infoautonomos.com,advisory,https://www.infoautonomos.com/blog/factura-electronica-obligatoria-autonomos/
1,F28-Q3,F28,aio,incorrect,youtube.com,forum_social,https://youtube.com/ (path withheld)
1,F28-Q3,F28,aio,incorrect,youtube.com,forum_social,https://youtube.com/ (path withheld)
1,F28-Q3,F28,mode,current,sede.agenciatributaria.gob.es,aeat,https://sede.agenciatributaria.gob.es/Sede/todas-noticias/2026/marzo/31/facturacion-electronica-obligatoria.html
1,F28-Q3,F28,mode,current,asetecasesoria.com,advisory,https://asetecasesoria.com/factura-electronica-obligatoria-calendario/
1,F28-Q3,F28,mode,current,epoint.es,software,https://www.epoint.es/blog/blog-1/factura-electronica-b2b-solucion-publica-aeat-spfe-calendario-289
1,F28-Q3,F28,mode,current,bbva.com,other,https://www.bbva.com/es/es/empresas/factura-electronica-b2b-y-ley-crea-y-crece-calendario-requisitos-y-retos/
1,F28-Q3,F28,mode,current,epoint.es,software,https://www.epoint.es/blog/blog-1/factura-electronica-b2b-obligatoria-rd-238-2026-plazos-205
1,F28-Q3,F28,mode,current,getrenn.com,software,https://getrenn.com/es/blog/factura-electronica-obligatoria
1,F28-Q3,F28,mode,current,caixabank.com,other,https://www.caixabank.com/es/esfera/content/factura-electronica-obligatoria
1,F28-Q3,F28,mode,current,sparkreceipt.com,software,https://sparkreceipt.com/es-es/blog/factura-electronica-obligatoria-autonomos-2026/
1,F28-Q4,F28,aio,current,sede.agenciatributaria.gob.es,aeat,https://sede.agenciatributaria.gob.es/Sede/todas-noticias/2026/marzo/31/facturacion-electronica-obligatoria.html
1,F28-Q4,F28,aio,current,caixabank.com,other,https://www.caixabank.com/es/esfera/content/factura-electronica-obligatoria
1,F28-Q4,F28,aio,current,grupo2000.es,advisory,https://www.grupo2000.es/la-facturacion-electronica-sera-obligatoria-a-partir-de-verano/
1,F28-Q4,F28,aio,current,clavei.es,software,https://www.clavei.es/blog/factura-electronica-obligatoria-en-2026-como-adaptar-tu-erp-al-sistema-verifactu-y-la-ley-crea-y-crece/
1,F28-Q4,F28,aio,current,edicomgroup.com,software,https://edicomgroup.com/es/blog/la-facturacion-electronica-sera-obligatoria-para-las-empresas-espanolas
1,F28-Q4,F28,aio,current,cegid.com,software,https://www.cegid.com/ib/es/factura-electronica-obligatoria/
1,F28-Q4,F28,mode,current,boe.es,boe,https://www.boe.es/diario_boe/txt.php?id=BOE-A-2026-7295
1,F28-Q4,F28,mode,current,caixabank.com,other,https://www.caixabank.com/es/esfera/content/factura-electronica-obligatoria
1,F28-Q4,F28,mode,current,sede.agenciatributaria.gob.es,aeat,https://sede.agenciatributaria.gob.es/Sede/todas-noticias/2026/marzo/31/facturacion-electronica-obligatoria.html
1,F28-Q4,F28,mode,current,interforoabogados.com,advisory,https://interforoabogados.com/contenido-legal/factura-electronica-obligatoria-calendario-definitivo-2026-2030/
1,F28-Q4,F28,mode,current,ibercenter.com,advisory,https://ibercenter.com/factura-electronica-obligatoria-empresas-crea-y-crece/
2,F01-Q1,F01,aio,current,lamoncloa.gob.es,other_public,https://www.lamoncloa.gob.es/serviciosdeprensa/notasprensa/trabajo14/paginas/2023/140223-salario-minimo-interprofesional.aspx
2,F01-Q1,F01,aio,current,taxdown.es,software,https://taxdown.es/blog/smi-salario-minimo-interprofesional
2,F01-Q1,F01,mode,current,boe.es,boe,https://www.boe.es/buscar/doc.php?id=BOE-A-2026-3815
2,F01-Q1,F01,mode,current,lamoncloa.gob.es,other_public,https://www.lamoncloa.gob.es/serviciosdeprensa/notasprensa/trabajo14/paginas/2023/140223-salario-minimo-interprofesional.aspx
2,F01-Q1,F01,mode,current,grupo2000.es,advisory,https://www.grupo2000.es/asi-sera-tu-nomina-en-2020-tras-congelarse-el-salario-minimo/
2,F01-Q2,F01,aio,current,lamoncloa.gob.es,other_public,https://www.lamoncloa.gob.es/serviciosdeprensa/notasprensa/trabajo14/paginas/2023/140223-salario-minimo-interprofesional.aspx
2,F01-Q2,F01,aio,current,boe.es,boe,https://www.boe.es/buscar/doc.php?id=BOE-A-2026-3815
2,F01-Q2,F01,aio,current,caixabank.com,other,https://www.caixabank.com/es/esfera/content/salario-minimo-smi
2,F01-Q2,F01,aio,current,prodegest.com,advisory,https://www.prodegest.com/smi-2026/
2,F01-Q2,F01,aio,current,taxdown.es,software,https://taxdown.es/blog/smi-salario-minimo-interprofesional
2,F01-Q2,F01,mode,current,lamoncloa.gob.es,other_public,https://www.lamoncloa.gob.es/serviciosdeprensa/notasprensa/trabajo14/paginas/2023/140223-salario-minimo-interprofesional.aspx
2,F01-Q2,F01,mode,current,prodegest.com,advisory,https://www.prodegest.com/smi-2026/
2,F01-Q3,F01,aio,current,lamoncloa.gob.es,other_public,https://www.lamoncloa.gob.es/serviciosdeprensa/notasprensa/trabajo14/paginas/2023/140223-salario-minimo-interprofesional.aspx
2,F01-Q3,F01,aio,current,taxdown.es,software,https://taxdown.es/blog/smi-salario-minimo-interprofesional
2,F01-Q3,F01,mode,current,boe.es,boe,https://www.boe.es/buscar/act.php?id=BOE-A-2026-3815
2,F01-Q3,F01,mode,current,taxdown.es,software,https://taxdown.es/blog/smi-salario-minimo-interprofesional
2,F01-Q4,F01,aio,current,grupo2000.es,advisory,https://www.grupo2000.es/asi-sera-tu-nomina-en-2020-tras-congelarse-el-salario-minimo/
2,F01-Q4,F01,aio,current,protime.eu,software,https://www.protime.eu/es-es/noticias/incremento-smi
2,F01-Q4,F01,mode,current,ugt.es,other,https://www.ugt.es/el-smi-alcanza-los-1221-euros-en-14-pagas-consolidar-la-senda-de-dignificacion-salarial-y-avanzar
2,F01-Q4,F01,mode,current,iberley.es,advisory,https://www.iberley.es/noticias/publicado-salario-minimo-interprofesional-2026-36093
2,F02-Q1,F02,aio,current,inclusion.gob.es,social_security,https://www.inclusion.gob.es/w/el-gobierno-amplia-en-tres-semanas-el-permiso-de-nacimiento-y-cuidado-de-menor-y-lo-incrementa-a-32-semanas-para-familias-monoparentales-1
2,F02-Q1,F02,aio,current,uso.es,other,https://www.uso.es/como-pedir-las-semanas-adicionales-del-permiso-de-maternidad-paternidad/
2,F02-Q1,F02,aio,current,maternify.io,software,https://www.maternify.io/blog/permisos-maternidad-paternidad-2026
2,F02-Q1,F02,aio,current,teamsystem.es,software,https://teamsystem.es/magazine/permiso-paternidad-2026/
2,F02-Q1,F02,aio,current,seg-social.es,social_security,https://www.seg-social.es/wps/portal/wss/internet/Trabajadores/PrestacionesPensionesTrabajadores/6b96a085-4dc0-47af-b2cb-97e00716791e/0b5879ed-1156-4676-b38c-7229dcba9c49/descansoet
2,F02-Q1,F02,mode,current,uso.es,other,https://www.uso.es/como-pedir-las-semanas-adicionales-del-permiso-de-maternidad-paternidad/
2,F02-Q1,F02,mode,current,edenred.es,software,https://www.edenred.es/blog/baja-de-maternidad-y-de-paternidad-todo-lo-que-necesitas-saber/
2,F02-Q1,F02,mode,current,maternify.io,software,https://www.maternify.io/blog/permisos-maternidad-paternidad-2026
2,F02-Q1,F02,mode,current,teamsystem.es,software,https://teamsystem.es/magazine/permiso-paternidad-2026/
2,F02-Q1,F02,mode,current,factorial.es,software,https://factorial.es/blog/permiso-de-paternidad/
2,F02-Q2,F02,aio,current,inclusion.gob.es,social_security,https://www.inclusion.gob.es/w/el-gobierno-amplia-en-tres-semanas-el-permiso-de-nacimiento-y-cuidado-de-menor-y-lo-incrementa-a-32-semanas-para-familias-monoparentales-1
2,F02-Q2,F02,aio,current,lamoncloa.gob.es,other_public,https://www.lamoncloa.gob.es/serviciosdeprensa/notasprensa/inclusion/paginas/2025/solicitud-permiso-nacimiento-y-cuidado-menor.aspx
2,F02-Q2,F02,aio,current,maternify.io,software,https://www.maternify.io/blog/permisos-maternidad-paternidad-2026
2,F02-Q2,F02,aio,current,edenred.es,software,https://www.edenred.es/blog/baja-de-maternidad-y-de-paternidad-todo-lo-que-necesitas-saber/
2,F02-Q2,F02,mode,current,prestaciones.seg-social.es,social_security,https://prestaciones.seg-social.es/servicio/prestacion-nacimiento-adopcion-cuidado-menor.html
2,F02-Q2,F02,mode,current,alvarezreal.com,advisory,https://alvarezreal.com/permiso-por-nacimiento-2026/
2,F02-Q2,F02,mode,current,bankinter.com,other,https://www.bankinter.com/blog/finanzas-personales/baja-maternidad-paternidad
2,F02-Q2,F02,mode,current,mibajaparental.es,other,https://www.mibajaparental.es/guia-baja-parental.html
2,F02-Q3,F02,aio,current,payfit.com,software,https://payfit.com/es/contenido-practico/baja-por-maternidad/
2,F02-Q3,F02,aio,current,bankinter.com,other,https://www.bankinter.com/blog/finanzas-personales/baja-maternidad-paternidad
2,F02-Q3,F02,aio,current,alibebe.es,other,https://alibebe.es/blog/post/baja-por-maternidad
2,F02-Q3,F02,aio,current,edenred.es,software,https://www.edenred.es/blog/baja-de-maternidad-y-de-paternidad-todo-lo-que-necesitas-saber/
2,F02-Q3,F02,aio,current,taxdown.es,software,https://taxdown.es/blog/solicitar-baja-maternidad
2,F02-Q3,F02,mode,current,seg-social.es,social_security,https://www.seg-social.es/wps/portal/wss/internet/Trabajadores/PrestacionesPensionesTrabajadores/6b96a085-4dc0-47af-b2cb-97e00716791e/0b5879ed-1156-4676-b38c-7229dcba9c49/descansoet
2,F02-Q3,F02,mode,current,payfit.com,software,https://payfit.com/es/contenido-practico/baja-por-maternidad/
2,F02-Q3,F02,mode,current,bankinter.com,other,https://www.bankinter.com/blog/finanzas-personales/baja-maternidad-paternidad
2,F02-Q4,F02,aio,current,revista.seg-social.es,social_security,https://revista.seg-social.es/-/c%C3%B3mo-pedir-la-prestaci%C3%B3n-por-nacimiento-y-cuidado-de-menor
2,F02-Q4,F02,aio,current,maternify.io,software,https://www.maternify.io/blog/permisos-maternidad-paternidad-2026
2,F02-Q4,F02,aio,current,teamsystem.es,software,https://teamsystem.es/magazine/permiso-paternidad-2026/
2,F02-Q4,F02,aio,current,mibajaparental.es,other,https://www.mibajaparental.es/guia-baja-parental.html
2,F02-Q4,F02,aio,current,bankinter.com,other,https://www.bankinter.com/blog/finanzas-personales/baja-maternidad-paternidad
2,F02-Q4,F02,aio,current,factorial.es,software,https://factorial.es/blog/permiso-de-paternidad/
2,F02-Q4,F02,aio,current,facebook.com,forum_social,https://facebook.com/ (path withheld)
2,F02-Q4,F02,mode,current,payfit.com,software,https://payfit.com/es/contenido-practico/baja-por-paternidad/
2,F03-Q1,F03,mode,current,bankinter.com,other,https://www.bankinter.com/blog/finanzas-personales/baja-maternidad-paternidad
2,F03-Q1,F03,mode,current,guiajuridica.es,advisory,https://guiajuridica.es/permiso-maternidad-paternidad-espana/
2,F03-Q1,F03,mode,current,prestaciones.seg-social.es,social_security,https://prestaciones.seg-social.es/servicio/solicitar-periodos-prestacion-nacimiento-cuidado-menor.html
2,F03-Q1,F03,mode,current,guarderiadreams.es,other,https://www.guarderiadreams.es/materiales/permiso-nacimiento-2026.php
2,F03-Q2,F03,aio,current,comunidad.madrid,other_public,https://www.comunidad.madrid/educacion/permiso-nacimiento-madre-biologica
2,F03-Q2,F03,aio,current,revista.seg-social.es,social_security,https://revista.seg-social.es/-/la-seguridad-social-lanza-una-campa%C3%B1a-informativa-para-que-los-progenitores-soliciten-las-dos-semanas-adicionales-del-permiso-de-nacimiento-y-cuidado-de-menor
2,F03-Q2,F03,aio,current,payfit.com,software,https://payfit.com/es/contenido-practico/baja-por-maternidad/
2,F03-Q2,F03,aio,current,cegid.com,software,https://www.cegid.com/ib/es/blog/baja-paternidad-maternidad/
2,F03-Q2,F03,aio,current,skello.es,software,https://www.skello.es/blog/baja-maternidad-paternidad
2,F03-Q2,F03,aio,current,seg-social.es,social_security,https://www.seg-social.es/wps/portal/wss/internet/Trabajadores/PrestacionesPensionesTrabajadores/6b96a085-4dc0-47af-b2cb-97e00716791e/0b5879ed-1156-4676-b38c-7229dcba9c49/descansoet
2,F03-Q2,F03,mode,current,mibajaparental.es,other,https://www.mibajaparental.es/permiso-monoparental-32-semanas.html
2,F03-Q2,F03,mode,current,maternify.io,software,https://www.maternify.io/blog/permisos-maternidad-paternidad-2026
2,F03-Q2,F03,mode,current,confilegal.com,press,https://confilegal.com/20260525-la-justicia-corrige-al-inss-las-familias-monoparentales-tambien-tienen-derecho-al-permiso-ampliado-por-nacimiento/
2,F03-Q3,F03,aio,current,inclusion.gob.es,social_security,https://www.inclusion.gob.es/w/el-gobierno-amplia-en-tres-semanas-el-permiso-de-nacimiento-y-cuidado-de-menor-y-lo-incrementa-a-32-semanas-para-familias-monoparentales-1
2,F03-Q3,F03,aio,current,mibajaparental.es,other,https://www.mibajaparental.es/permiso-monoparental-32-semanas.html
2,F03-Q3,F03,aio,current,babybelegal.com,advisory,https://babybelegal.com/blogs/noticias/baja-maternidad-familia-monoparental
2,F03-Q3,F03,mode,current,revista.seg-social.es,social_security,https://revista.seg-social.es/-/c%C3%B3mo-pedir-la-prestaci%C3%B3n-por-nacimiento-y-cuidado-de-menor
2,F03-Q3,F03,mode,current,mibajaparental.es,other,https://www.mibajaparental.es/permiso-monoparental-32-semanas.html
2,F03-Q3,F03,mode,current,lamoncloa.gob.es,other_public,https://www.lamoncloa.gob.es/serviciosdeprensa/notasprensa/inclusion/paginas/2026/300726-permiso-nacimiento-ampliado.aspx
2,F03-Q3,F03,mode,current,cuatrecasas.com,advisory,https://www.cuatrecasas.com/es/spain/laboral/art/permiso-nacimiento-familias-monoparentales
2,F03-Q3,F03,mode,current,poderjudicial.es,other_public,https://www.poderjudicial.es/cgpj/es/Poder-Judicial/Noticias-Judiciales/El-Tribunal-Supremo-reconoce-el-derecho-de-las-familias-monoparentales-a-doblar-el-permiso-de-maternidad-para-evitar-la-discriminacion-de-los-recien-nacidos
2,F04-Q1,F04,aio,current,wolterskluwer.com,advisory,https://www.wolterskluwer.com/es-es/expert-insights/despido-por-incapacidad-permanente-total
2,F04-Q1,F04,aio,current,augustaabogados.com,advisory,https://augustaabogados.com/extincion-del-contrato-por-incapacidad-permanente/
2,F04-Q1,F04,aio,current,laboral-social.com,advisory,https://www.laboral-social.com/ley-2-2025-incapacidad-permanente-extincion-contrato
2,F04-Q1,F04,aio,current,rebesferrer.com,advisory,https://www.rebesferrer.com/13010-2/
2,F04-Q1,F04,aio,current,youtube.com,forum_social,https://youtube.com/ (path withheld)
2,F04-Q1,F04,mode,current,augustaabogados.com,advisory,https://augustaabogados.com/extincion-del-contrato-por-incapacidad-permanente/
2,F04-Q2,F04,aio,current,wolterskluwer.com,advisory,https://www.wolterskluwer.com/es-es/expert-insights/despido-por-incapacidad-permanente-total
2,F04-Q2,F04,aio,current,atriumabogados.net,advisory,https://www.atriumabogados.net/despido-incapacidad-permanente/
2,F04-Q2,F04,aio,current,iberley.es,advisory,https://www.iberley.es/noticias/publicada-derogacion-despido-automatico-incapacidad-permanente-34735
2,F04-Q2,F04,aio,current,tiktok.com,forum_social,https://tiktok.com/ (path withheld)
2,F04-Q2,F04,aio,current,tyrabogados.com,advisory,https://tyrabogados.com/2026/incapacidad-permanente-y-despido-que-ocurre-con-tu-contrato/
2,F04-Q2,F04,aio,current,tiktok.com,forum_social,https://tiktok.com/ (path withheld)
2,F04-Q2,F04,mode,current,bloglaboral.garrigues.com,advisory,https://bloglaboral.garrigues.com/la-incapacidad-permanente-ya-no-extingue-automaticamente-el-contrato-de-trabajo
2,F04-Q2,F04,mode,current,iberley.es,advisory,https://www.iberley.es/noticias/publicada-derogacion-despido-automatico-incapacidad-permanente-34735
2,F04-Q2,F04,mode,current,sagardoy.com,advisory,https://sagardoy.com/la-ley-2-2025-y-la-extincion-del-contrato-por-incapacidad-permanente/
2,F04-Q2,F04,mode,current,personio.es,software,https://www.personio.es/glosario/despido-incapacidad-permanente-total/
2,F04-Q3,F04,mode,current,boe.es,boe,https://www.boe.es/diario_boe/txt.php?id=BOE-A-2025-8567
2,F04-Q3,F04,mode,current,elderecho.com,advisory,https://elderecho.com/reforma-articulo-49-1-e-del-estatuto-de-trabajadores-la-declaracion-de-incapacidad-permanente-y-extincion-del-contrato-trabajo
2,F04-Q3,F04,mode,current,iberley.es,advisory,https://www.iberley.es/legislacion/articulo-49-estatuto-trabajadores
2,F04-Q3,F04,mode,current,sagardoy.com,advisory,https://sagardoy.com/la-ley-2-2025-y-la-extincion-del-contrato-por-incapacidad-permanente/
2,F04-Q3,F04,mode,current,seg-social.es,social_security,https://www.seg-social.es/wps/portal/wss/internet/Trabajadores/PrestacionesPensionesTrabajadores/10960/28750/28680/28700/28709
2,F04-Q3,F04,mode,current,garciadelasantaabogados.es,advisory,https://www.garciadelasantaabogados.es/derecho-laboral/guia-sobre-la-extincion-y-la-suspension-del-contrato-por-incapacidad-permanente/
2,F04-Q3,F04,mode,current,tododisca.es,other,https://tododisca.es/prestaciones/seguridad-social-confirma-nuevos-derechos-trabajador-obtener-incapacidad-permanente/
2,F04-Q3,F04,mode,current,portalprestaciones.es,other,https://portalprestaciones.es/compatibilidad-incapacidad-permanente-total-trabajo-2026/
2,F04-Q4,F04,aio,not_stated,velazquezyvilla.es,advisory,https://velazquezyvilla.es/que-pasa-con-mi-trabajo-si-me-conceden-una-incapacidad/
2,F04-Q4,F04,aio,not_stated,instagram.com,forum_social,https://instagram.com/ (path withheld)
2,F04-Q4,F04,aio,not_stated,antonioarroyoabogados.wordpress.com,advisory,https://antonioarroyoabogados.wordpress.com/2021/08/09/pierdo-mi-trabajo-si-me-dan-una-incapacidad-permanente/
2,F04-Q4,F04,aio,not_stated,facebook.com,forum_social,https://facebook.com/ (path withheld)
2,F04-Q4,F04,aio,not_stated,elabogado.com,advisory,https://www.elabogado.com/c/reserva-de-puesto-de-trabajo-por-incapacidad-permanente/
2,F04-Q4,F04,aio,not_stated,bbva.es,other,https://www.bbva.es/finanzas-vistazo/ef/seguros/que-es-la-incapacidad-laboral-permanente-y-cuales-son-sus-tipos.html
2,F04-Q4,F04,aio,not_stated,youtube.com,forum_social,https://youtube.com/ (path withheld)
2,F04-Q4,F04,aio,not_stated,instagram.com,forum_social,https://instagram.com/ (path withheld)
2,F04-Q4,F04,aio,not_stated,anclabogados.es,advisory,https://www.anclabogados.es/incapacidad-permanente-gran-invalidez-trabajo/
2,F04-Q4,F04,aio,not_stated,youtube.com,forum_social,https://youtube.com/ (path withheld)
2,F04-Q4,F04,mode,current,sagardoy.com,advisory,https://sagardoy.com/la-ley-2-2025-y-la-extincion-del-contrato-por-incapacidad-permanente/
2,F04-Q4,F04,mode,current,addwill.eu,other,https://addwill.eu/ley-2-2025-la-incapacidad-permanente-ya-no-extingue-automaticamente-el-contrato-de-trabajo/
2,F04-Q4,F04,mode,current,bloglaboral.garrigues.com,advisory,https://bloglaboral.garrigues.com/la-incapacidad-permanente-ya-no-extingue-automaticamente-el-contrato-de-trabajo
2,F04-Q4,F04,mode,current,labyfis.es,other,https://labyfis.es/ley-2-2025-la-incapacidad-permanente-ya-no-extingue-automaticamente-el-contrato-nuevas-obligaciones-empresariales/
2,F05-Q1,F05,aio,current,conesalegal.com,advisory,https://www.conesalegal.com/es/info/la-jornada-laboral-los-permisos-y-las-vacaciones
2,F05-Q1,F05,aio,current,shiftbase.com,software,https://www.shiftbase.com/es/blog/reduccion-jornada-laboral-37-5-horas
2,F05-Q1,F05,aio,current,instagram.com,forum_social,https://instagram.com/ (path withheld)
2,F05-Q1,F05,aio,current,csis.es,other,https://www.csis.es/los-diferentes-tipos-de-jornadas-laborales-y-sus-normativas/
2,F05-Q1,F05,mode,current,administracion.gob.es,other_public,https://administracion.gob.es/tu-espacio-europeo/derechos-obligaciones/ciudadanos/trabajo-jubilacion/condiciones-trabajo/jornada-permisos
2,F05-Q1,F05,mode,current,iberley.es,advisory,https://www.iberley.es/legislacion/articulo-34-estatuto-trabajadores
2,F05-Q1,F05,mode,current,checkpluspresence.com,software,https://www.checkpluspresence.com/blog/reduccion-jornada-laboral-espana/
2,F05-Q2,F05,mode,current,cegid.com,software,https://www.cegid.com/ib/es/reduccion-jornada-laboral/
2,F05-Q2,F05,mode,current,factorial.es,software,https://factorial.es/blog/nueva-ley-jornada-laboral-38-5-horas-semanales/
2,F05-Q2,F05,mode,current,pgplanning.es,other,https://www.pgplanning.es/blog/todo-sobre-la-reduccion-de-la-jornada/
2,F05-Q2,F05,mode,current,controllaboral.es,advisory,https://controllaboral.es/reduccion-jornada-laboral-ultima-hora/
2,F05-Q3,F05,aio,current,administracion.gob.es,other_public,https://administracion.gob.es/tu-espacio-europeo/derechos-obligaciones/ciudadanos/trabajo-jubilacion/condiciones-trabajo/jornada-permisos
2,F05-Q3,F05,aio,current,eufia.eu,other,https://www.eufia.eu/registro-de-jornada
2,F05-Q3,F05,aio,current,ibercenter.com,advisory,https://ibercenter.com/reduccion-jornada-37-5-horas-empresas/
2,F05-Q3,F05,mode,current,kelio.es,software,https://www.kelio.es/recursos/blog/horas-laborales-2026-cuantas-horas-hay-trabajar-al-ano.html
2,F05-Q3,F05,mode,current,factorial.es,software,https://factorial.es/blog/nueva-ley-jornada-laboral-38-5-horas-semanales/
2,F05-Q3,F05,mode,current,checkpluspresence.com,software,https://www.checkpluspresence.com/blog/reduccion-jornada-laboral-espana/
2,F05-Q3,F05,mode,current,controllaboral.es,advisory,https://controllaboral.es/yolanda-diaz-jornada-laboral/
2,F05-Q4,F05,mode,current,factorial.es,software,https://factorial.es/blog/nueva-ley-jornada-laboral-38-5-horas-semanales/
2,F05-Q4,F05,mode,current,juristasasociados.com,advisory,https://juristasasociados.com/%E2%8F%B1%EF%B8%8F-jornada-de-375-horas-esta-ya-en-vigor-esto-dice-la-ley-en-2026/
2,F06-Q1,F06,aio,current,seg-social.es,social_security,https://www.seg-social.es/wps/portal/wss/internet/Trabajadores/CotizacionRecaudacionTrabajadores/36537
2,F06-Q1,F06,aio,current,wolterskluwer.com,advisory,https://www.wolterskluwer.com/es-es/expert-insights/bases-cotizacion-2026
2,F06-Q1,F06,aio,current,boe.es,boe,https://www.boe.es/diario_boe/txt.php?id=BOE-A-2026-7296
2,F06-Q1,F06,aio,current,garrigues.com,advisory,https://www.garrigues.com/es_ES/noticia/publica-orden-cotizacion-espana-2026
2,F06-Q1,F06,aio,current,laboral-social.com,advisory,https://www.laboral-social.com/publicada-orden-cotizacion-2026
2,F06-Q1,F06,aio,current,sage.com,software,https://www.sage.com/es-es/blog/las-cotizaciones-a-la-seguridad-social-conceptos-bases-y-porcentajes/
2,F06-Q1,F06,mode,current,seg-social.es,social_security,https://www.seg-social.es/wps/portal/wss/internet/Trabajadores/CotizacionRecaudacionTrabajadores/36537
2,F06-Q1,F06,mode,current,asepeyo.es,other,https://www.asepeyo.es/duda/bases-y-tipos-de-cotizacion/
2,F06-Q1,F06,mode,current,laboral-social.com,advisory,https://www.laboral-social.com/publicada-orden-cotizacion-2026
2,F06-Q2,F06,aio,current,seg-social.es,social_security,https://www.seg-social.es/wps/portal/wss/internet/Trabajadores/CotizacionRecaudacionTrabajadores/36537
2,F06-Q2,F06,aio,current,grupo2000.es,advisory,https://www.grupo2000.es/que-seguros-sociales-debo-aplicar-en-2020-bases-y-tipos-de-cotizacion/
2,F06-Q2,F06,aio,current,wolterskluwer.com,advisory,https://www.wolterskluwer.com/es-es/expert-insights/bases-cotizacion-2026
2,F06-Q2,F06,aio,current,asepeyo.es,other,https://www.asepeyo.es/duda/bases-y-tipos-de-cotizacion/
2,F06-Q2,F06,aio,current,wolterskluwer.com,advisory,https://www.wolterskluwer.com/es-es/expert-insights/base-maxima-cotizacion-2024
2,F06-Q2,F06,aio,current,sage.com,software,https://www.sage.com/es-es/blog/las-cotizaciones-a-la-seguridad-social-conceptos-bases-y-porcentajes/
2,F06-Q2,F06,mode,current,wolterskluwer.com,advisory,https://www.wolterskluwer.com/es-es/expert-insights/base-maxima-cotizacion-2025
2,F06-Q2,F06,mode,current,wolterskluwer.com,advisory,https://www.wolterskluwer.com/es-es/expert-insights/bases-cotizacion-2026
2,F06-Q2,F06,mode,current,seg-social.es,social_security,https://www.seg-social.es/wps/portal/wss/internet/Trabajadores/CotizacionRecaudacionTrabajadores/36537
2,F06-Q2,F06,mode,current,boe.es,boe,https://www.boe.es/diario_boe/txt.php?id=BOE-A-2026-7296
2,F06-Q2,F06,mode,current,grupo2000.es,advisory,https://www.grupo2000.es/que-seguros-sociales-debo-aplicar-en-2020-bases-y-tipos-de-cotizacion/
2,F06-Q2,F06,mode,current,ineaf.es,other,https://www.ineaf.es/tribuna/base-maxima-cotizacion-2026/
2,F06-Q3,F06,aio,current,seg-social.es,social_security,https://www.seg-social.es/wps/portal/wss/internet/Trabajadores/CotizacionRecaudacionTrabajadores/36537
2,F06-Q3,F06,aio,current,cuatrecasas.com,advisory,https://www.cuatrecasas.com/es/spain/laboral/art/seguridad-social-nuevos-topes-bases-cotizacion-2026
2,F06-Q3,F06,aio,current,afinom.es,advisory,https://afinom.es/bases-y-tipos-de-cotizacion-2026/
2,F06-Q3,F06,aio,current,laboral-social.com,advisory,https://www.laboral-social.com/publicada-orden-cotizacion-2026
2,F06-Q3,F06,aio,current,grupo2000.es,advisory,https://www.grupo2000.es/que-es-y-como-funcionara-la-nueva-cuota-de-solidaridad/
2,F06-Q3,F06,mode,current,seg-social.es,social_security,https://www.seg-social.es/wps/portal/wss/internet/Trabajadores/CotizacionRecaudacionTrabajadores/10721/10957/9932/4327
2,F06-Q3,F06,mode,current,seg-social.es,social_security,https://www.seg-social.es/wps/portal/wss/internet/Trabajadores/CotizacionRecaudacionTrabajadores/36537
2,F06-Q3,F06,mode,current,cuatrecasas.com,advisory,https://www.cuatrecasas.com/es/spain/laboral/art/seguridad-social-nuevos-topes-bases-cotizacion-2026
2,F06-Q3,F06,mode,current,grupo2000.es,advisory,https://www.grupo2000.es/que-seguros-sociales-debo-aplicar-en-2020-bases-y-tipos-de-cotizacion/
2,F06-Q3,F06,mode,current,boe.es,boe,https://www.boe.es/diario_boe/txt.php?id=BOE-A-2026-7296
2,F06-Q3,F06,mode,current,cisslaboral.laleynext.es,advisory,https://cisslaboral.laleynext.es/Content/Documento.aspx?params=H4sIAAAAAAAEAMtMSbH1czUwMDAyMrQ0MDNUK0stKs7Mz7M1MjAyNTQyNgAJZKZVuuQnh1QWpNqmJeYUpwIA3o-E9DUAAAA=WKE
2,F06-Q3,F06,mode,current,payfit.com,software,https://payfit.com/es/contenido-practico/cuota-solidaridad/
2,F06-Q4,F06,aio,current,afinom.es,advisory,https://afinom.es/bases-y-tipos-de-cotizacion-2026/
2,F06-Q4,F06,aio,current,payfit.com,software,https://payfit.com/es/contenido-practico/base-cotizacion-maxima/
2,F06-Q4,F06,aio,current,laboral-social.com,advisory,https://www.laboral-social.com/publicada-orden-cotizacion-2026
2,F06-Q4,F06,aio,current,wolterskluwer.com,advisory,https://www.wolterskluwer.com/es-es/expert-insights/bases-cotizacion-2026
2,F06-Q4,F06,aio,current,garrigues.com,advisory,https://www.garrigues.com/es_ES/noticia/publica-orden-cotizacion-espana-2026
2,F06-Q4,F06,aio,current,grupo2000.es,advisory,https://www.grupo2000.es/que-es-y-como-funcionara-la-nueva-cuota-de-solidaridad/
2,F06-Q4,F06,mode,current,boe.es,boe,https://www.boe.es/diario_boe/txt.php?id=BOE-A-2026-7296
2,F06-Q4,F06,mode,current,grupo2000.es,advisory,https://www.grupo2000.es/que-seguros-sociales-debo-aplicar-en-2020-bases-y-tipos-de-cotizacion/
2,F06-Q4,F06,mode,current,iberley.es,advisory,https://www.iberley.es/noticias/publicada-orden-cotizacion-seguridad-social-2026-36277
2,F07-Q1,F07,aio,current,laboral-social.com,advisory,https://www.laboral-social.com/mecanismo-equidad-intergeneracional-mei-nominas-2026
2,F07-Q1,F07,aio,current,grupo2000.es,advisory,https://www.grupo2000.es/asi-afectara-a-tu-nomina-el-impuesto-de-equidad-intergeneracional/
2,F07-Q1,F07,aio,current,institutosantalucia.es,other,https://institutosantalucia.es/actualidad/seguridad-social/mei-que-es-y-como-afecta-a-tu-nomina/
2,F07-Q1,F07,aio,current,instagram.com,forum_social,https://instagram.com/ (path withheld)
2,F07-Q1,F07,mode,current,laboral-social.com,advisory,https://www.laboral-social.com/mecanismo-equidad-intergeneracional-mei-nominas-2026
2,F07-Q1,F07,mode,current,wolterskluwer.com,advisory,https://www.wolterskluwer.com/es-es/expert-insights/mecanismo-de-equidad-intergeneracional-que-es
2,F07-Q1,F07,mode,current,seg-social.es,social_security,https://www.seg-social.es/wps/portal/wss/internet/Trabajadores/CotizacionRecaudacionTrabajadores/36537
2,F07-Q2,F07,aio,current,grupo2000.es,advisory,https://www.grupo2000.es/asi-afectara-a-tu-nomina-el-impuesto-de-equidad-intergeneracional/
2,F07-Q2,F07,aio,current,wolterskluwer.com,advisory,https://www.wolterskluwer.com/es-es/expert-insights/mecanismo-de-equidad-intergeneracional-que-es
2,F07-Q2,F07,aio,current,domesticatueconomia.es,other,https://www.domesticatueconomia.es/mei/
2,F07-Q2,F07,mode,current,laboral-social.com,advisory,https://www.laboral-social.com/mecanismo-equidad-intergeneracional-mei-nominas-2026
2,F07-Q2,F07,mode,current,wolterskluwer.com,advisory,https://www.wolterskluwer.com/es-es/expert-insights/mecanismo-de-equidad-intergeneracional-que-es
2,F07-Q2,F07,mode,current,seg-social.es,social_security,https://www.seg-social.es/wps/portal/wss/internet/Trabajadores/CotizacionRecaudacionTrabajadores/36537
2,F07-Q2,F07,mode,current,grupocastilla.es,software,https://www.grupocastilla.es/impuesto-mei/
2,F07-Q2,F07,mode,current,fs-uso.es,other,https://www.fs-uso.es/mei-en-2026/
2,F07-Q2,F07,mode,current,bankinter.com,other,https://www.bankinter.com/blog/empresas/cuota-autonomos
2,F07-Q3,F07,aio,current,institutosantalucia.es,other,https://institutosantalucia.es/actualidad/seguridad-social/mei-que-es-y-como-afecta-a-tu-nomina/
2,F07-Q3,F07,aio,current,grupo2000.es,advisory,https://www.grupo2000.es/asi-afectara-a-tu-nomina-el-impuesto-de-equidad-intergeneracional/
2,F07-Q3,F07,aio,current,laboral-social.com,advisory,https://www.laboral-social.com/mecanismo-equidad-intergeneracional-mei-nominas-2026
2,F07-Q3,F07,aio,current,fiabilis.es,other,https://fiabilis.es/que-es-el-mei-como-aplicar-la-cotizacion/
2,F07-Q3,F07,mode,current,seg-social.es,social_security,https://www.seg-social.es/wps/portal/wss/internet/Trabajadores/CotizacionRecaudacionTrabajadores/36537
2,F07-Q3,F07,mode,current,laboral-social.com,advisory,https://www.laboral-social.com/mecanismo-equidad-intergeneracional-mei-nominas-2026
2,F07-Q3,F07,mode,current,grupo2000.es,advisory,https://www.grupo2000.es/asi-afectara-a-tu-nomina-el-impuesto-de-equidad-intergeneracional/
2,F07-Q3,F07,mode,current,fiabilis.es,other,https://fiabilis.es/mei-2026-cotizacion-cambios/
2,F08-Q1,F08,aio,current,pluxee.es,software,https://www.pluxee.es/blog/cuota-solidaridad/
2,F08-Q1,F08,aio,current,bbvamijubilacion.es,other,https://www.bbvamijubilacion.es/blog/cuota-de-solidaridad-2026-tramos-salariales-de-cotizacion-por-encima-de-la-base-maxima-y-tipos-aplicados/
2,F08-Q1,F08,aio,current,bbvamijubilacion.es,other,https://www.bbvamijubilacion.es/blog/en-2026-sube-el-mei-la-cotizacion-de-solidaridad-y-la-base-maxima-pagaras-mas-cotizaciones/
2,F08-Q1,F08,aio,current,pimec.org,other,https://pimec.org/es/actualidad/noticia/n/cotizacion-adicional-de-solidaridad-2026
2,F08-Q1,F08,mode,current,grupo2000.es,advisory,https://www.grupo2000.es/que-es-y-como-funcionara-la-nueva-cuota-de-solidaridad/
2,F08-Q1,F08,mode,current,bbvamijubilacion.es,other,https://www.bbvamijubilacion.es/blog/cuota-de-solidaridad-2026-tramos-salariales-de-cotizacion-por-encima-de-la-base-maxima-y-tipos-aplicados/
2,F08-Q1,F08,mode,current,nnespana.es,other,https://www.nnespana.es/blog/cuota-de-solidaridad-2026-que-es-y-a-quien-afecta
2,F08-Q1,F08,mode,current,a3satel.com,software,https://www.a3satel.com/blog/bases-de-cotizacion-2026-guia-completa-sobre-el-mei-y-cuota-de-solidaridad/
2,F08-Q2,F08,aio,current,bbvamijubilacion.es,other,https://www.bbvamijubilacion.es/blog/cuota-de-solidaridad-2026-tramos-salariales-de-cotizacion-por-encima-de-la-base-maxima-y-tipos-aplicados/
2,F08-Q2,F08,aio,current,cisslaboral.laleynext.es,advisory,https://cisslaboral.laleynext.es/Content/Documento.aspx?params=H4sIAAAAAAAEAMtMSbH1czUwMDAyMrQ0MDNUK0stKs7Mz7M1MjAyNTQyNgAJZKZVuuQnh1QWpNqmJeYUpwIA3o-E9DUAAAA=WKE
2,F08-Q2,F08,aio,current,pluxee.es,software,https://www.pluxee.es/blog/cuota-solidaridad/
2,F08-Q2,F08,aio,current,payfit.com,software,https://payfit.com/es/contenido-practico/cuota-solidaridad/
2,F08-Q2,F08,mode,current,boe.es,boe,https://www.boe.es/diario_boe/txt.php?id=BOE-A-2026-7296
2,F08-Q2,F08,mode,current,grupo2000.es,advisory,https://www.grupo2000.es/que-es-y-como-funcionara-la-nueva-cuota-de-solidaridad/
2,F08-Q2,F08,mode,current,institutosantalucia.es,other,https://institutosantalucia.es/actualidad/pensiones/cotizacion-adicional-de-solidaridad-2025-2026/
2,F08-Q2,F08,mode,current,cisslaboral.laleynext.es,advisory,https://cisslaboral.laleynext.es/Content/Documento.aspx?params=H4sIAAAAAAAEAMtMSbH1czUwMDAyMrQ0MDNUK0stKs7Mz7M1MjAyNTQyNgAJZKZVuuQnh1QWpNqmJeYUpwIA3o-E9DUAAAA=WKE
2,F08-Q2,F08,mode,current,bbvamijubilacion.es,other,https://www.bbvamijubilacion.es/blog/cuota-de-solidaridad-2026-tramos-salariales-de-cotizacion-por-encima-de-la-base-maxima-y-tipos-aplicados/
2,F08-Q3,F08,aio,current,es.andersen.com,advisory,https://es.andersen.com/blog/2024/04/29/la-cotizacion-adicional-de-solidaridad-para-los-salarios-mas-altos/
2,F08-Q3,F08,aio,current,grupo2000.es,advisory,https://www.grupo2000.es/que-es-y-como-funcionara-la-nueva-cuota-de-solidaridad/
2,F08-Q3,F08,aio,current,dig.es,other,https://www.dig.es/cuota-solidaridad-2025-en-espana-todo-lo-que-debes-saber/
2,F08-Q3,F08,aio,current,ayuda.teamsystem.es,software,https://ayuda.teamsystem.es/hc/es/articles/32074269283601-N2150-Cotizaci%C3%B3n-adicional-de-solidaridad-por-el-exceso-de-la-base-m%C3%A1xima
2,F08-Q3,F08,aio,current,maldita.es,press,https://maldita.es/malditateexplica/20240403/cuota-solidaria-cotizacion-seguridad-social/
2,F08-Q3,F08,aio,current,cuatrecasas.com,advisory,https://www.cuatrecasas.com/es/spain/laboral/art/cotizacion-adicional-solidaridad
2,F08-Q3,F08,mode,current,seg-social.es,social_security,https://www.seg-social.es/wps/portal/wss/internet/Trabajadores/CotizacionRecaudacionTrabajadores/36537
2,F08-Q3,F08,mode,current,grupo2000.es,advisory,https://www.grupo2000.es/que-es-y-como-funcionara-la-nueva-cuota-de-solidaridad/
2,F08-Q3,F08,mode,current,pluxee.es,software,https://www.pluxee.es/blog/cuota-solidaridad/
2,F08-Q3,F08,mode,current,nnespana.es,other,https://www.nnespana.es/blog/cuota-de-solidaridad-2026-que-es-y-a-quien-afecta
2,F09-Q1,F09,aio,current,lamoncloa.gob.es,other_public,https://www.lamoncloa.gob.es/serviciosdeprensa/notasprensa/inclusion/paginas/2026/subida-pensiones-2026.aspx
2,F09-Q1,F09,mode,current,seg-social.es,social_security,https://www.seg-social.es/wps/portal/wss/internet/Pensionistas/Revalorizacion/30431
2,F09-Q1,F09,mode,current,lamoncloa.gob.es,other_public,https://www.lamoncloa.gob.es/serviciosdeprensa/notasprensa/inclusion/paginas/2026/subida-pensiones-2026.aspx
2,F09-Q1,F09,mode,current,bbvamijubilacion.es,other,https://www.bbvamijubilacion.es/blog/el-ipc-de-septiembre-49-incrementa-hasta-el-35-la-estimacion-de-revalorizacion-de-las-pensiones-para-2027/
2,F09-Q1,F09,mode,current,infobae.com,press,https://www.infobae.com/espana/2026/10/02/las-pensiones-apuntan-a-una-subida-del-35-en-2027-tras-la-escalada-del-ipc-esta-es-la-cifra-que-cobraran-los-jubilados/
2,F09-Q2,F09,aio,current,seg-social.es,social_security,https://www.seg-social.es/wps/portal/wss/internet/Pensionistas/Revalorizacion/30431
2,F09-Q2,F09,aio,current,lamoncloa.gob.es,other_public,https://www.lamoncloa.gob.es/serviciosdeprensa/notasprensa/inclusion/paginas/2026/subida-pensiones-2026.aspx
2,F09-Q2,F09,aio,current,laboral-social.com,advisory,https://www.laboral-social.com/pensiones-revalorizacion-2026
2,F09-Q2,F09,mode,current,lamoncloa.gob.es,other_public,https://www.lamoncloa.gob.es/serviciosdeprensa/notasprensa/inclusion/paginas/2026/subida-pensiones-2026.aspx
2,F09-Q2,F09,mode,current,seg-social.es,social_security,https://www.seg-social.es/wps/portal/wss/internet/Pensionistas/Revalorizacion/30431
2,F09-Q2,F09,mode,current,caixabank.com,other,https://www.caixabank.com/es/esfera/content/pension-minima-maxima-2026
2,F09-Q3,F09,aio,current,seg-social.es,social_security,https://www.seg-social.es/wps/portal/wss/internet/Pensionistas/Revalorizacion/30431
2,F09-Q3,F09,aio,current,pyramide.es,other,https://www.pyramide.es/revalorizacion-de-las-pensiones-y-otras-medidas-urgentes-en-materia-de-seguridad-social/
2,F09-Q3,F09,aio,current,tododisca.es,other,https://tododisca.es/prestaciones/congreso-convalida-revalorizacion-pensiones-ano-2026-subida-27/
2,F09-Q3,F09,aio,current,diariodealmeria.es,press,https://www.diariodealmeria.es/almeria/aprobada-revalorizacion-pensiones-sera-incremento_0_2006018343.html
2,F09-Q3,F09,mode,current,seg-social.es,social_security,https://www.seg-social.es/wps/portal/wss/internet/Pensionistas/Revalorizacion/30431
2,F09-Q3,F09,mode,current,lamoncloa.gob.es,other_public,https://www.lamoncloa.gob.es/serviciosdeprensa/notasprensa/inclusion/paginas/2026/subida-pensiones-2026.aspx
2,F09-Q3,F09,mode,current,infobae.com,press,https://www.infobae.com/espana/2026/10/02/las-pensiones-apuntan-a-una-subida-del-35-en-2027-tras-la-escalada-del-ipc-esta-es-la-cifra-que-cobraran-los-jubilados/
2,F09-Q4,F09,mode,current,seg-social.es,social_security,https://www.seg-social.es/wps/portal/wss/internet/Pensionistas/Revalorizacion/30431
2,F09-Q4,F09,mode,current,caixabank.com,other,https://www.caixabank.com/es/esfera/content/pension-minima-maxima-2026
2,F10-Q1,F10,aio,current,taxdown.es,software,https://taxdown.es/blog/pensiones-no-contributivas
2,F10-Q1,F10,aio,current,imserso.es,other_public,https://imserso.es/documents/20123/1595507/pncresumen2026.pdf/c4b41c80-63fe-942d-7231-f3ee20e28694
2,F10-Q1,F10,aio,current,vidacaixa.es,other,https://www.vidacaixa.es/articulos/jubilacion-y-pensiones/pensiones-no-contributivas-discapacidad-invalidez
2,F10-Q1,F10,aio,current,imserso.es,other_public,https://imserso.es/pnc-prestaciones-subvenciones/pnc-jubilacion/normativa-requisitos
2,F10-Q1,F10,aio,current,youtube.com,forum_social,https://youtube.com/ (path withheld)
2,F10-Q1,F10,mode,current,imserso.es,other_public,https://imserso.es/documents/20123/1595507/pncresumen2026.pdf/c4b41c80-63fe-942d-7231-f3ee20e28694
2,F10-Q1,F10,mode,current,vidacaixa.es,other,https://www.vidacaixa.es/articulos/jubilacion-y-pensiones/pension-no-contributiva
2,F10-Q2,F10,aio,current,imserso.es,other_public,https://imserso.es/documents/20123/1595507/pncresumen2026.pdf/c4b41c80-63fe-942d-7231-f3ee20e28694
2,F10-Q2,F10,aio,current,imserso.es,other_public,https://imserso.es/detalle-imagen/-/asset_publisher/mRMO7xZ4z5DY/content/actualizacion-de-las-pensiones-para-2026-1
2,F10-Q2,F10,aio,current,juntadeandalucia.es,other_public,https://www.juntadeandalucia.es/organismos/serviciossocialesfamiliaseigualdad/areas/pensiones/cuantias.html
2,F10-Q2,F10,aio,current,solidaridadintergeneracional.es,other,https://solidaridadintergeneracional.es/wp/tabla-con-los-nuevos-importes-y-el-calculo-de-las-pensiones-no-contributivas-en-2026/
2,F10-Q2,F10,aio,current,asidi.com,other,https://asidi.com/pensiones-no-contributivas-en-espana-en-2026/
2,F10-Q2,F10,aio,current,iberley.es,advisory,https://www.iberley.es/noticias/publicado-rd-revalorizacion-las-pensiones-2026-35944
2,F10-Q2,F10,aio,current,taxdown.es,software,https://taxdown.es/blog/pensiones-no-contributivas
2,F10-Q2,F10,mode,current,imserso.es,other_public,https://imserso.es/documents/20123/1595507/pncresumen2026.pdf/c4b41c80-63fe-942d-7231-f3ee20e28694
2,F10-Q2,F10,mode,current,vidacaixa.es,other,https://www.vidacaixa.es/articulos/jubilacion-y-pensiones/pension-no-contributiva
2,F10-Q2,F10,mode,current,caixabank.com,other,https://www.caixabank.com/es/esfera/content/pension-minima-maxima-2026
2,F10-Q2,F10,mode,current,inclusion.gob.es,social_security,https://www.inclusion.gob.es/w/el-gobierno-aprueba-la-revalorizaci%C3%B3n-de-casi-13-millones-de-pensiones-y-prestaciones-en-2026
2,F10-Q3,F10,aio,current,sede.comunidad.madrid,other_public,https://sede.comunidad.madrid/prestacion-social/pension-no-contributiva-jubilacion
2,F10-Q3,F10,aio,current,lamoncloa.gob.es,other_public,https://www.lamoncloa.gob.es/serviciosdeprensa/notasprensa/inclusion/paginas/2024/pension-contributiva-jubilacion-requisitos.aspx
2,F10-Q3,F10,aio,current,caixabank.com,other,https://www.caixabank.com/es/esfera/content/pension-no-contributiva
2,F10-Q3,F10,aio,current,juntadeandalucia.es,other_public,https://www.juntadeandalucia.es/organismos/serviciossocialesfamiliaseigualdad/areas/pensiones/cuantias.html
2,F10-Q3,F10,aio,current,vidacaixa.es,other,https://www.vidacaixa.es/articulos/jubilacion-y-pensiones/pension-no-contributiva
2,F10-Q3,F10,mode,current,taxdown.es,software,https://taxdown.es/blog/pensiones-no-contributivas
2,F10-Q3,F10,mode,current,imserso.es,other_public,https://imserso.es/pnc-prestaciones-subvenciones/pnc-invalidez/actualizacion-pensiones
2,F10-Q3,F10,mode,current,imserso.es,other_public,https://imserso.es/detalle-imagen/-/asset_publisher/mRMO7xZ4z5DY/content/actualizacion-de-las-pensiones-para-2026-1
2,F10-Q3,F10,mode,current,imserso.es,other_public,https://imserso.es/documents/20123/1595507/pncresumen2026.pdf/c4b41c80-63fe-942d-7231-f3ee20e28694
2,F11-Q1,F11,aio,current,seg-social.es,social_security,https://www.seg-social.es/wps/portal/wss/internet/Pensionistas/Revalorizacion/30459
2,F11-Q1,F11,aio,current,zurich.es,other,https://www.zurich.es/blog/pension-maxima-minima-espana-2026
2,F11-Q1,F11,aio,current,labrujuladelaspensiones.com,other,https://www.labrujuladelaspensiones.com/las-pensiones-en-2026/
2,F11-Q1,F11,aio,current,seg-social.es,social_security,https://www.seg-social.es/wps/portal/wss/internet/Pensionistas/Revalorizacion/30431
2,F11-Q1,F11,aio,current,bbva.es,other,https://www.bbva.es/finanzas-vistazo/ef/planes-de-pensiones/pension-maxima-jubilacion.html
2,F11-Q1,F11,mode,current,caixabank.com,other,https://www.caixabank.com/es/esfera/content/pension-minima-maxima-2026
2,F11-Q1,F11,mode,current,vidacaixa.es,other,https://www.vidacaixa.es/articulos/jubilacion-y-pensiones/pension-maxima-jubilacion
2,F11-Q1,F11,mode,current,seg-social.es,social_security,https://www.seg-social.es/wps/portal/wss/internet/Pensionistas/Revalorizacion/30459
2,F11-Q2,F11,aio,current,bbva.es,other,https://www.bbva.es/finanzas-vistazo/ef/planes-de-pensiones/pension-maxima-jubilacion.html
2,F11-Q2,F11,aio,current,vidacaixa.es,other,https://www.vidacaixa.es/articulos/jubilacion-y-pensiones/pension-maxima-jubilacion
2,F11-Q2,F11,aio,current,gestifis.com,advisory,https://gestifis.com/blog/cual-es-la-jubilacion-maxima-en-espana-y-quien-puede-cobrarla/
2,F11-Q2,F11,aio,current,youtube.com,forum_social,https://youtube.com/ (path withheld)
2,F11-Q2,F11,mode,current,caixabank.com,other,https://www.caixabank.com/es/esfera/content/pension-minima-maxima-2026
2,F11-Q2,F11,mode,current,institutosantalucia.es,other,https://institutosantalucia.es/actualidad/pensiones/pension-maxima/
2,F11-Q2,F11,mode,current,seg-social.es,social_security,https://www.seg-social.es/wps/portal/wss/internet/Pensionistas/Revalorizacion/30459
2,F11-Q3,F11,aio,current,bbva.es,other,https://www.bbva.es/finanzas-vistazo/ef/planes-de-pensiones/pension-maxima-jubilacion.html
2,F11-Q3,F11,aio,current,zurich.es,other,https://www.zurich.es/blog/pension-maxima-minima-espana-2026
2,F11-Q3,F11,aio,current,loentiendo.com,other,https://loentiendo.com/pension-minima-y-pension-maxima-de-jubilacion/
2,F11-Q3,F11,mode,current,seg-social.es,social_security,https://www.seg-social.es/wps/portal/wss/internet/Pensionistas/Revalorizacion/30459
2,F11-Q3,F11,mode,current,caixabank.com,other,https://www.caixabank.com/es/esfera/content/pension-minima-maxima-2026
2,F11-Q4,F11,mode,current,caixabank.com,other,https://www.caixabank.com/es/esfera/content/pension-minima-maxima-2026
2,F11-Q4,F11,mode,current,institutosantalucia.es,other,https://institutosantalucia.es/actualidad/pensiones/pension-maxima/
2,F12-Q1,F12,aio,current,caixabank.com,other,https://www.caixabank.com/es/esfera/content/pension-minima-maxima-2026
2,F12-Q1,F12,aio,current,seg-social.es,social_security,https://www.seg-social.es/wps/portal/wss/internet/Pensionistas/Revalorizacion/30458
2,F12-Q1,F12,aio,current,bbva.es,other,https://www.bbva.es/finanzas-vistazo/ef/planes-de-pensiones/pension-minima.html
2,F12-Q1,F12,aio,current,seg-social.es,social_security,https://www.seg-social.es/wps/portal/wss/internet/Pensionistas/30430/30458/28095?changeLanguage=es
2,F12-Q1,F12,mode,current,seg-social.es,social_security,https://www.seg-social.es/wps/portal/wss/internet/Pensionistas/Revalorizacion/30434
2,F12-Q1,F12,mode,current,gabilos.com,advisory,https://www.gabilos.com/weblaboral/tablas/textotablaspensiones.htm
2,F12-Q2,F12,aio,current,seg-social.es,social_security,https://www.seg-social.es/wps/portal/wss/internet/Pensionistas/Revalorizacion/30434
2,F12-Q2,F12,aio,current,caixabank.com,other,https://www.caixabank.com/es/esfera/content/pension-minima-maxima-2026
2,F12-Q2,F12,aio,current,zurich.es,other,https://www.zurich.es/blog/pension-maxima-minima-espana-2026
2,F12-Q2,F12,aio,current,iberley.es,advisory,https://www.iberley.es/noticias/publicado-rd-revalorizacion-las-pensiones-2026-35944
2,F12-Q2,F12,mode,current,seg-social.es,social_security,https://www.seg-social.es/wps/portal/wss/internet/Pensionistas/Revalorizacion/30434
2,F12-Q2,F12,mode,current,caixabank.com,other,https://www.caixabank.com/es/esfera/content/pension-minima-maxima-2026
2,F12-Q2,F12,mode,current,lamoncloa.gob.es,other_public,https://www.lamoncloa.gob.es/serviciosdeprensa/notasprensa/inclusion/paginas/2026/subida-pensiones-2026.aspx
2,F12-Q2,F12,mode,current,noticias.juridicas.com,advisory,https://noticias.juridicas.com/actualidad/noticias/20840-el-gobierno-aprueba-la-revalorizacion-de-las-pensiones-para-2026/
2,F12-Q2,F12,mode,current,inclusion.gob.es,social_security,https://www.inclusion.gob.es/w/el-gobierno-aprueba-la-revalorizaci%C3%B3n-de-casi-13-millones-de-pensiones-y-prestaciones-en-2026
2,F12-Q3,F12,aio,current,seg-social.es,social_security,https://www.seg-social.es/wps/portal/wss/internet/Pensionistas/Revalorizacion/30434
2,F12-Q3,F12,aio,current,caixabank.com,other,https://www.caixabank.com/es/esfera/content/pension-minima-maxima-2026
2,F12-Q3,F12,aio,current,bbva.es,other,https://www.bbva.es/finanzas-vistazo/ef/planes-de-pensiones/pension-minima.html
2,F12-Q3,F12,aio,current,vidacaixa.es,other,https://www.vidacaixa.es/articulos/jubilacion-y-pensiones/pension-minima-contributiva
2,F12-Q3,F12,aio,current,mutualidad.com,other,https://www.mutualidad.com/blog/pension-minima-maxima-de-jubilacion-2026
2,F12-Q3,F12,aio,current,gestoriabarrantes.es,advisory,https://gestoriabarrantes.es/actualidad/pension-minima-y-maxima/
2,F12-Q3,F12,aio,current,bancsabadell.com,other,https://www.bancsabadell.com/bsnacional/es/blog/cuantia-y-requisitos-de-la-pension-minima-de-jubilacion/
2,F12-Q3,F12,mode,current,seg-social.es,social_security,https://www.seg-social.es/wps/portal/wss/internet/Pensionistas/Revalorizacion/30434
2,F12-Q3,F12,mode,current,campmanyabogados.com,advisory,https://www.campmanyabogados.com/blog/jubilacion/pension-minima-maxima-jubilacion
2,F13-Q1,F13,aio,current,uso.es,other,https://www.uso.es/cual-es-la-edad-de-jubilacion-ordinaria-para-2026/
2,F13-Q1,F13,aio,current,vidacaixa.es,other,https://www.vidacaixa.es/articulos/jubilacion-y-pensiones/tabla-edad-jubilacion-segun-ano-nacimiento
2,F13-Q1,F13,aio,current,prestaciones.seg-social.es,social_security,https://prestaciones.seg-social.es/servicio/pension-jubilacion.html
2,F13-Q1,F13,aio,current,ugt-sp.es,other,https://ugt-sp.es/wp-content/uploads/boletin-jubilacion-seguridad-social-2026-web.pdf
2,F13-Q1,F13,mode,current,prestaciones.seg-social.es,social_security,https://prestaciones.seg-social.es/servicio/pension-jubilacion.html
2,F13-Q1,F13,mode,current,vidacaixa.es,other,https://www.vidacaixa.es/articulos/jubilacion-y-pensiones/tabla-edad-jubilacion-segun-ano-nacimiento
2,F13-Q2,F13,aio,outdated,prestaciones.seg-social.es,social_security,https://prestaciones.seg-social.es/servicio/pension-jubilacion.html
2,F13-Q2,F13,aio,outdated,vidacaixa.es,other,https://www.vidacaixa.es/articulos/jubilacion-y-pensiones/tabla-edad-jubilacion-segun-ano-nacimiento
2,F13-Q2,F13,aio,outdated,vidacaixa.es,other,https://www.vidacaixa.es/articulos/jubilacion-y-pensiones/edad-jubilar-anticipadamente
2,F13-Q2,F13,aio,outdated,vidacaixa.es,other,https://www.vidacaixa.es/anos-cotizados-para-jubilacion
2,F13-Q2,F13,aio,outdated,facebook.com,forum_social,https://facebook.com/ (path withheld)
2,F13-Q2,F13,aio,outdated,vidacaixa.es,other,https://www.vidacaixa.es/jubilacion-en-espana
2,F13-Q2,F13,mode,current,vidacaixa.es,other,https://www.vidacaixa.es/articulos/jubilacion-y-pensiones/tabla-edad-jubilacion-segun-ano-nacimiento
2,F13-Q2,F13,mode,current,institutosantalucia.es,other,https://institutosantalucia.es/actualidad/jubilacion/tablas-de-edad-de-jubilacion/
2,F13-Q3,F13,aio,current,seg-social.es,social_security,https://www.seg-social.es/wps/portal/wss/internet/Trabajadores/PrestacionesPensionesTrabajadores/10963/28393/28396/28472
2,F13-Q3,F13,aio,current,vidacaixa.es,other,https://www.vidacaixa.es/articulos/jubilacion-y-pensiones/tabla-edad-jubilacion-segun-ano-nacimiento
2,F13-Q3,F13,aio,current,caixabank.com,other,https://www.caixabank.com/es/esfera/content/requisitos-pension-jubilacion
2,F13-Q3,F13,mode,current,seg-social.es,social_security,https://www.seg-social.es/wps/portal/wss/internet/Trabajadores/PrestacionesPensionesTrabajadores/10963/28393/28396/28472
2,F13-Q3,F13,mode,current,vidacaixa.es,other,https://www.vidacaixa.es/articulos/jubilacion-y-pensiones/tabla-edad-jubilacion-segun-ano-nacimiento
2,F13-Q4,F13,aio,current,seg-social.es,social_security,https://www.seg-social.es/wps/portal/wss/internet/Trabajadores/PrestacionesPensionesTrabajadores/10963/28393/28396/28472
2,F13-Q4,F13,aio,current,facebook.com,forum_social,https://facebook.com/ (path withheld)
2,F13-Q4,F13,aio,current,caixabank.com,other,https://www.caixabank.com/es/esfera/content/requisitos-pension-jubilacion
2,F13-Q4,F13,aio,current,instagram.com,forum_social,https://instagram.com/ (path withheld)
2,F13-Q4,F13,aio,current,facebook.com,forum_social,https://facebook.com/ (path withheld)
2,F13-Q4,F13,mode,current,vidacaixa.es,other,https://www.vidacaixa.es/articulos/jubilacion-y-pensiones/tabla-edad-jubilacion-segun-ano-nacimiento
2,F13-Q4,F13,mode,current,institutosantalucia.es,other,https://institutosantalucia.es/actualidad/jubilacion/edad-de-jubilacion/
2,F14-Q1,F14,aio,not_stated,portal.seg-social.gob.es,social_security,https://portal.seg-social.gob.es/wps/portal/importass/importass/tramites/simuladorRETAPublico
2,F14-Q1,F14,aio,not_stated,wolterskluwer.com,advisory,https://www.wolterskluwer.com/es-es/expert-insights/cuotas-autonomos-2026
2,F14-Q1,F14,aio,not_stated,centregestor.es,advisory,https://centregestor.es/tramos-cuota-autonomos/
2,F14-Q1,F14,aio,not_stated,cuentica.com,software,https://cuentica.com/asesoria/guia-cuota-autonomos/
2,F14-Q1,F14,aio,not_stated,vidacaixa.es,other,https://www.vidacaixa.es/articulos/finanzas-y-ahorro/cuanto-paga-un-autonomo
2,F14-Q1,F14,aio,not_stated,talenom.com,advisory,https://talenom.com/es-es/blog/autonomos/nuevas-cuotas-autonomos/
2,F14-Q1,F14,aio,not_stated,grupo2000.es,advisory,https://www.grupo2000.es/category/cuota-autonomos-2026/
2,F14-Q1,F14,mode,not_stated,portal.seg-social.gob.es,social_security,https://portal.seg-social.gob.es/wps/portal/importass/importass/tramites/simuladorRETAPublico
2,F14-Q1,F14,mode,not_stated,wolterskluwer.com,advisory,https://www.wolterskluwer.com/es-es/expert-insights/cuotas-autonomos-2026
2,F14-Q1,F14,mode,not_stated,talenom.com,advisory,https://talenom.com/es-es/blog/autonomos/nuevas-cuotas-autonomos/
2,F14-Q1,F14,mode,not_stated,cuentica.com,software,https://cuentica.com/asesoria/guia-cuota-autonomos/
2,F14-Q1,F14,mode,not_stated,asesoratepymes.com,advisory,https://www.asesoratepymes.com/cuota-autonomos-2026-tabla-tramos/
2,F14-Q1,F14,mode,not_stated,agencianegociadora.com,other,https://www.agencianegociadora.com/blog/cuota-de-autonomos-2026
2,F14-Q2,F14,aio,current,centregestor.es,advisory,https://centregestor.es/tramos-cuota-autonomos/
2,F14-Q2,F14,aio,current,ata.es,other,https://ata.es/noticias/base-minima-autonomos-societarios-y-colaboradores/
2,F14-Q2,F14,aio,current,youtube.com,forum_social,https://youtube.com/ (path withheld)
2,F14-Q2,F14,aio,current,infoautonomos.com,advisory,https://www.infoautonomos.com/seguridad-social/cuota-de-autonomos-cuanto-se-paga/
2,F14-Q2,F14,aio,current,bankinter.com,other,https://www.bankinter.com/blog/empresas/cuota-autonomos
2,F14-Q2,F14,aio,current,cuentica.com,software,https://cuentica.com/asesoria/guia-cuota-autonomos/
2,F14-Q2,F14,aio,current,talenom.com,advisory,https://talenom.com/es-es/blog/autonomos/nuevas-cuotas-autonomos/
2,F14-Q2,F14,aio,current,infoautonomos.com,advisory,https://www.infoautonomos.com/blog/por-que-sube-cuota-autonomos-2026/
2,F14-Q2,F14,aio,current,youtube.com,forum_social,https://youtube.com/ (path withheld)
2,F14-Q2,F14,mode,current,wolterskluwer.com,advisory,https://www.wolterskluwer.com/es-es/expert-insights/cuotas-autonomos-2026
2,F14-Q2,F14,mode,current,ata.es,other,https://ata.es/noticias/base-minima-autonomos-societarios-y-colaboradores/
2,F14-Q2,F14,mode,current,centregestor.es,advisory,https://centregestor.es/tramos-cuota-autonomos/
2,F14-Q2,F14,mode,current,cuentica.com,software,https://cuentica.com/asesoria/guia-cuota-autonomos/
2,F14-Q2,F14,mode,current,talenom.com,advisory,https://talenom.com/es-es/blog/autonomos/nuevas-cuotas-autonomos/
2,F14-Q3,F14,aio,not_stated,wolterskluwer.com,advisory,https://www.wolterskluwer.com/es-es/expert-insights/cuotas-autonomos-2026
2,F14-Q3,F14,aio,not_stated,vodafone.es,other,https://www.vodafone.es/c/empresas/es/asesoramiento-digitalizacion-empresas-vhub/centro-de-conocimiento/guia-cuota-autonomos/
2,F14-Q3,F14,aio,not_stated,infoautonomos.com,advisory,https://www.infoautonomos.com/seguridad-social/cuota-autonomos-societarios/
2,F14-Q3,F14,aio,not_stated,fixcal.io,software,https://fixcal.io/fiscalidad-espana/cuotas-autonomos-espana/
2,F14-Q3,F14,aio,not_stated,teamsystem.es,software,https://teamsystem.es/magazine/cuota-autonomos-2026/
2,F14-Q3,F14,mode,not_stated,infoautonomos.com,advisory,https://www.infoautonomos.com/seguridad-social/cuota-de-autonomos-cuanto-se-paga/
2,F14-Q3,F14,mode,not_stated,infoautonomos.com,advisory,https://www.infoautonomos.com/seguridad-social/cuota-autonomos-societarios/
2,F14-Q3,F14,mode,not_stated,seg-social.es,social_security,https://www.seg-social.es/wps/portal/wss/internet/Trabajadores/CotizacionRecaudacionTrabajadores/10721/10724/1320/1322
2,F14-Q3,F14,mode,not_stated,cuentica.com,software,https://cuentica.com/asesoria/guia-cuota-autonomos/
2,F14-Q3,F14,mode,not_stated,wolterskluwer.com,advisory,https://www.wolterskluwer.com/es-es/expert-insights/cuotas-autonomos-2026
2,F14-Q3,F14,mode,not_stated,agencianegociadora.com,other,https://www.agencianegociadora.com/blog/cuota-de-autonomos-2026
2,F14-Q3,F14,mode,not_stated,seg-social.es,social_security,https://www.seg-social.es/wps/portal/wss/internet/HerramientasWeb/9d2fd4f1-ab0f-42a6-8d10-2e74b378ee24
2,F14-Q4,F14,aio,not_stated,portal.seg-social.gob.es,social_security,https://portal.seg-social.gob.es/wps/portal/importass/importass/tramites/simuladorRETAPublico
2,F14-Q4,F14,aio,not_stated,centregestor.es,advisory,https://centregestor.es/tramos-cuota-autonomos/
2,F14-Q4,F14,aio,not_stated,bankinter.com,other,https://www.bankinter.com/blog/empresas/cuota-autonomos
2,F14-Q4,F14,aio,not_stated,vidacaixa.es,other,https://www.vidacaixa.es/articulos/finanzas-y-ahorro/cuanto-paga-un-autonomo
2,F14-Q4,F14,mode,not_stated,infoautonomos.com,advisory,https://www.infoautonomos.com/seguridad-social/cuota-autonomos-societarios/
2,F14-Q4,F14,mode,not_stated,cuentica.com,software,https://cuentica.com/asesoria/guia-cuota-autonomos/
2,F14-Q4,F14,mode,not_stated,agencianegociadora.com,other,https://www.agencianegociadora.com/blog/cuota-de-autonomos-2026
2,F14-Q4,F14,mode,not_stated,versis.es,other,https://versis.es/revista/cotizacion-autonomos-societarios-colaboradores-2026/
2,F15-Q1,F15,aio,outdated,facebook.com,forum_social,https://facebook.com/ (path withheld)
2,F15-Q1,F15,aio,outdated,notariosyregistradores.com,other,https://www.notariosyregistradores.com/web/secciones/oficina-registral/varios-o-r/registro-unico-de-arrendamientos-y-alquiler-de-corta-duracion/
2,F15-Q1,F15,aio,outdated,emasesoria.es,advisory,https://emasesoria.es/registro-unico-de-alquiler-de-temporada/
2,F15-Q1,F15,aio,outdated,blogprofesional.fotocasa.es,other,https://blogprofesional.fotocasa.es/registro-unico-para-alquiler-vacacional-o-corta-duracion/
2,F15-Q1,F15,aio,outdated,holidu.es,other,https://www.holidu.es/magazine/faq-registro-unico-alquileres-vacacionales
2,F15-Q1,F15,aio,outdated,facebook.com,forum_social,https://facebook.com/ (path withheld)
2,F15-Q1,F15,aio,outdated,youtube.com,forum_social,https://youtube.com/ (path withheld)
2,F15-Q1,F15,aio,outdated,consult.tax,advisory,https://consult.tax/registro-unico-de-alquiler-turistico-espana-2025/
2,F15-Q1,F15,aio,outdated,youtube.com,forum_social,https://youtube.com/ (path withheld)
2,F15-Q1,F15,mode,current,poderjudicial.es,other_public,https://www.poderjudicial.es/cgpj/es/Poder-Judicial/Tribunal-Supremo/Oficina-de-Comunicacion/Notas-de-prensa/El-Tribunal-Supremo-anula-el-Registro-Unico-de-arrendamientos-de-corta-duracion-por-considerar-que-el-Estado-carece-de-competencia-para-su-creacion
2,F15-Q1,F15,mode,current,blogturismo.garrigues.com,advisory,https://blogturismo.garrigues.com/legislacion/el-supremo-anula-el-registro-unico-de-alquileres-vacacionales-y-devuelve-a-las-autonomias-el-control-del-alquiler-de-corta-duracion
2,F15-Q1,F15,mode,current,idealista.com,other,https://www.idealista.com/news/inmobiliario/vivienda/2026/05/21/898563-el-supremo-tumba-el-registro-unico-de-alquiler-de-corta-duracion-por-invadir
2,F15-Q1,F15,mode,current,elderecho.com,advisory,https://elderecho.com/el-supremo-tumba-el-registro-unico-de-arrendamientos-turisticos-cronica-de-un-fracaso-regulatorio-anunciado/
2,F15-Q1,F15,mode,current,abogadosparatodos.net,advisory,https://www.abogadosparatodos.net/es-obligatorio-registrar-el-contrato-de-alquiler/
2,F15-Q1,F15,mode,current,legalitas.com,advisory,https://www.legalitas.com/actualidad/es-obligatorio-inscribir-el-contrato-de-arrendamiento-de-un--
2,F15-Q2,F15,mode,outdated,registradores.org,other,https://www.registradores.org/documents/33383/229101/Manual_de_Solicitud_de_Numero_de_Registro_de_Alquiler.pdf/51d50715-4c30-05f3-baf9-79db36d79c84?t=1749813031486
2,F15-Q2,F15,mode,outdated,mivau.gob.es,other_public,https://www.mivau.gob.es/vivienda/ventanilla-unica/alquiler-de-alojamientos-de-corta-duracion
2,F15-Q2,F15,mode,outdated,idealista.com,other,https://www.idealista.com/tools/centrodeayuda/articulos/numero-de-registro-de-alquiler-nra-que-debes-saber/
2,F15-Q2,F15,mode,outdated,helpcenter.avaibook.com,software,https://helpcenter.avaibook.com/es/articles/11047130-numero-de-registro-unico-de-alquiler-nrua-para-uso-turistico-o-temporal
2,F15-Q2,F15,mode,outdated,inmobiliaria-lex.com,advisory,https://inmobiliaria-lex.com/blog/numero-de-registro-de-alquiler-temporal/
2,F15-Q3,F15,aio,current,mivau.gob.es,other_public,https://www.mivau.gob.es/el-ministerio/sala-de-prensa/noticias/lun-02062025-1207
2,F15-Q3,F15,aio,current,helpcenter.avaibook.com,software,https://helpcenter.avaibook.com/es/articles/11047130-numero-de-registro-unico-de-alquiler-nrua-para-uso-turistico-o-temporal
2,F15-Q3,F15,aio,current,idealista.com,other,https://www.idealista.com/news/inmobiliario/vivienda/2026/05/21/898563-el-supremo-tumba-el-registro-unico-de-alquiler-de-corta-duracion-por-invadir
2,F15-Q3,F15,aio,current,rtve.es,press,https://www.rtve.es/noticias/20260522/registro-pisos-turisticos-derogado-supremo-regulacion-claves/17081245.shtml
2,F15-Q3,F15,aio,current,net2rent.com,software,https://net2rent.com/registro-unico-de-alquiler-vacacional/
2,F15-Q3,F15,aio,current,youtube.com,forum_social,https://youtube.com/ (path withheld)
2,F15-Q3,F15,aio,current,vacationbenalmadena.com,other,https://vacationbenalmadena.com/es/blog/guia-para-el-registro-unico-de-arrendamientos-turisticos-en-2025
2,F15-Q3,F15,mode,outdated,checkinscan.com,software,https://www.checkinscan.com/guia-registro-unico-de-alquiler-turistico-nrua/
2,F15-Q3,F15,mode,outdated,mivau.gob.es,other_public,https://www.mivau.gob.es/el-ministerio/sala-de-prensa/noticias/lun-23122024-1230
2,F15-Q3,F15,mode,outdated,lodgify.com,software,https://www.lodgify.com/blog/es/registro-unico-alquiler-turistico/
2,F16-Q1,F16,aio,not_stated,mivau.gob.es,other_public,https://www.mivau.gob.es/vivienda/calculadora-precio-alquiler
2,F16-Q1,F16,aio,not_stated,gibobs.com,other,https://www.gibobs.com/blog/cuanto-puede-subir-alquiler/
2,F16-Q1,F16,aio,not_stated,vivara.io,software,https://www.vivara.io/blog/economico/subida-del-alquiler-en-2026/
2,F16-Q1,F16,aio,not_stated,homyspace.com,other,https://www.homyspace.com/blog/alquiler-ipc/
2,F16-Q1,F16,aio,not_stated,ine.es,other_public,https://www.ine.es/uc/oC7D0Ncd
2,F16-Q1,F16,aio,not_stated,lexway.es,advisory,https://lexway.es/actualizacion-renta/
2,F16-Q1,F16,aio,not_stated,live4life.com,other,https://live4life.com/blog/indice-de-referencia-del-alquiler-2026
2,F16-Q1,F16,aio,not_stated,youtube.com,forum_social,https://youtube.com/ (path withheld)
2,F16-Q1,F16,aio,not_stated,facebook.com,forum_social,https://facebook.com/ (path withheld)
2,F16-Q1,F16,aio,not_stated,tiktok.com,forum_social,https://tiktok.com/ (path withheld)
2,F16-Q1,F16,mode,outdated,boe.es,boe,https://www.boe.es/buscar/doc.php?id=BOE-A-2026-20266
2,F16-Q1,F16,mode,outdated,sede.agenciatributaria.gob.es,aeat,https://sede.agenciatributaria.gob.es/Sede/todas-noticias/2026/septiembre/30/medidas-fiscales-tributarias-introducidas-real-262026.html
2,F16-Q1,F16,mode,outdated,idealista.com,other,https://www.idealista.com/news/inmobiliario/vivienda/2026/09/30/916608-el-gobierno-obliga-a-justificar-cada-alquiler-de-temporada-y-limita-el-de
2,F16-Q1,F16,mode,outdated,provivienda.org,other,https://provivienda.org/observatorio/real-decreto-ley-26-2026-que-cambia-en-el-precio-del-alquiler-y-la-vivienda-asequible/
2,F16-Q1,F16,mode,outdated,elmundo.es,press,https://www.elmundo.es/economia/vivienda/2026/09/30/6abd43a6fdddff14278b45b6.html
2,F16-Q2,F16,aio,not_stated,gibobs.com,other,https://www.gibobs.com/blog/cuanto-puede-subir-alquiler/
2,F16-Q2,F16,aio,not_stated,lexway.es,advisory,https://lexway.es/actualizacion-renta/
2,F16-Q2,F16,aio,not_stated,alexlegal.ai,advisory,https://alexlegal.ai/inquilinos/me-puede-subir-alquiler-cada-ano-evita-sorpresas-conoce-tus-derechos
2,F16-Q2,F16,aio,not_stated,properfy.es,software,https://www.properfy.es/me-pueden-subir-el-alquiler-cada-ano/
2,F16-Q2,F16,mode,outdated,mivau.gob.es,other_public,https://www.mivau.gob.es/vivienda/calculadora-precio-alquiler
2,F16-Q2,F16,mode,outdated,provivienda.org,other,https://provivienda.org/observatorio/real-decreto-ley-26-2026-que-cambia-en-el-precio-del-alquiler-y-la-vivienda-asequible/
2,F16-Q2,F16,mode,outdated,idealista.com,other,https://www.idealista.com/news/inmobiliario/vivienda/2026/09/15/914161-indices-para-renovar-el-alquiler-el-ipc-crece-hasta-el-4-3-con-un-irav-moderado-al
2,F16-Q2,F16,mode,outdated,democrata.es,press,https://www.democrata.es/economia/cuanto-puede-subir-alquiler-octubre-2026-irav/
2,F16-Q2,F16,mode,outdated,elmundo.es,press,https://www.elmundo.es/economia/vivienda/2026/09/30/6abd43a6fdddff14278b45b6.html
2,F16-Q3,F16,aio,current,thejuris.es,advisory,https://thejuris.es/alquiler/zona-tensionada-limite-alquiler/
2,F16-Q3,F16,aio,current,lexway.es,advisory,https://lexway.es/actualizacion-renta/
2,F16-Q3,F16,aio,current,inleval.info,other,https://inleval.info/prorroga-contrato-alquiler-propietario-2026/
2,F16-Q3,F16,mode,current,arrenta.es,other,https://www.arrenta.es/blog/alquiler-gestion/nueva-ley-alquiler/
2,F16-Q3,F16,mode,current,mivau.gob.es,other_public,https://www.mivau.gob.es/vivienda/calculadora-precio-alquiler
2,F16-Q3,F16,mode,current,noticias.juridicas.com,advisory,https://noticias.juridicas.com/base_datos/Fiscal/992943-rd-ley-8-2026-de-20-mar-medidas-en-el-alquiler-en-respuesta-a-las-consecuencias.html
2,F16-Q4,F16,aio,current,iberley.es,advisory,https://www.iberley.es/noticias/el-congreso-rechaza-rd-ley-8-2026-20-marzo-alquiler-prorrogas-36398
2,F16-Q4,F16,aio,current,fotocasa.es,other,https://www.fotocasa.es/fotocasa-life/alquiler/como-funciona-la-actualizacion-del-precio-del-alquiler-con-el-nuevo-indice/
2,F16-Q4,F16,aio,current,vivara.io,software,https://www.vivara.io/blog/economico/subida-del-alquiler-en-2026/
2,F16-Q4,F16,aio,current,homyspace.com,other,https://www.homyspace.com/blog/alquiler-ipc/
2,F16-Q4,F16,aio,current,idealista.com,other,https://www.idealista.com/news/inmobiliario/vivienda/2026/05/14/897607-la-actualizacion-anual-de-los-contratos-de-alquiler-vuelve-a-depender-del-ipc-3-2-y
2,F16-Q4,F16,aio,current,abogadosparatodos.net,advisory,https://www.abogadosparatodos.net/articulo-18-lau-actualizacion-de-la-renta/
2,F16-Q4,F16,mode,not_stated,vivara.io,software,https://www.vivara.io/blog/economico/subida-del-alquiler-en-2026/
2,F16-Q4,F16,mode,not_stated,mivau.gob.es,other_public,https://www.mivau.gob.es/vivienda/calculadora-precio-alquiler
2,F16-Q4,F16,mode,not_stated,idealista.com,other,https://www.idealista.com/news/inmobiliario/vivienda/2024/12/23/825724-el-nuevo-indice-para-la-actualizacion-del-alquiler-como-funciona
2,F16-Q4,F16,mode,not_stated,gibobs.com,other,https://www.gibobs.com/blog/cuanto-puede-subir-alquiler/
2,F17-Q1,F17,aio,current,mivau.gob.es,other_public,https://www.mivau.gob.es/vivienda/info-plan-estatal-de-vivienda-2026-2030
2,F17-Q1,F17,aio,current,elconsultor.aranzadilaley.es,advisory,https://elconsultor.aranzadilaley.es/Content/DocumentoDestUrb.aspx?params=H4sIAAAAAAAEAMtMSbF1CTEAAlNDU3NzY7Wy1KLizPw8WyMDIzMDEyOwQGZapUt-ckhlQaptWmJOcSoAAbGR4DUAAAA=WKE
2,F17-Q1,F17,aio,current,infobae.com,press,https://www.infobae.com/espana/2025/09/16/las-claves-del-nuevo-plan-estatal-de-vivienda-2026-2030-7000-millones-de-euros-para-vivienda-publica-rehabilitacion-y-ayudas-emergentes/
2,F17-Q1,F17,mode,current,mivau.gob.es,other_public,https://www.mivau.gob.es/vivienda/info-plan-estatal-de-vivienda-2026-2030
2,F17-Q1,F17,mode,current,boe.es,boe,https://www.boe.es/diario_boe/txt.php?id=BOE-A-2026-8872
2,F17-Q1,F17,mode,current,lamoncloa.gob.es,other_public,https://www.lamoncloa.gob.es/serviciosdeprensa/notasprensa/vivienda-agenda-urbana/paginas/2025/plan-estatal-de-vivienda-2026-2030.aspx
2,F17-Q2,F17,aio,not_stated,mivau.gob.es,other_public,https://www.mivau.gob.es/vivienda/plan-estatal-de-vivienda/plan-2022-2025/objetivos
2,F17-Q2,F17,aio,not_stated,sede.xunta.gal,other_public,https://sede.xunta.gal/es/detalle-procedemento?codtram=VI483A
2,F17-Q2,F17,aio,not_stated,blog.sepin.es,advisory,https://blog.sepin.es/blog/2021/10/05/ayudas-alquiler-vivienda-jovenes-plan-estatal-2018-2021/
2,F17-Q2,F17,aio,not_stated,elplural.com,press,https://www.elplural.com/sociedad/todas-ayudas-alquiler-puedes-pedir_320022102
2,F17-Q2,F17,aio,not_stated,facebook.com,forum_social,https://facebook.com/ (path withheld)
2,F17-Q2,F17,aio,not_stated,tupaishoy.com,press,https://tupaishoy.com/ayudas/plan-estatal-vivienda-2026-2030
2,F17-Q2,F17,aio,not_stated,provivienda.org,other,https://provivienda.org/observatorio/guia-definitiva-sobre-el-bono-de-alquiler-joven/
2,F17-Q2,F17,mode,current,mivau.gob.es,other_public,https://www.mivau.gob.es/vivienda/info-plan-estatal-de-vivienda-2026-2030
2,F17-Q2,F17,mode,current,mivau.gob.es,other_public,https://www.mivau.gob.es/arquitectura-vivienda-y-suelo/programas-de-ayudas-a-la-vivienda/programa-de-ayudas-al-alquiler-de-vivienda
2,F17-Q2,F17,mode,current,mivau.gob.es,other_public,https://www.mivau.gob.es/vivienda/bono-alquiler-joven
2,F17-Q2,F17,mode,current,vivienda.castillalamancha.es,other_public,https://vivienda.castillalamancha.es/ayudas-y-subvenciones/ayudas-al-alquiler
2,F17-Q2,F17,mode,current,sede.comunidad.madrid,other_public,https://sede.comunidad.madrid/ayudas-becas-subvenciones/ayudas-alquiler-vivienda-jovenes
2,F17-Q2,F17,mode,current,consorcihabitatge.barcelona,other_public,https://www.consorcihabitatge.barcelona/es/subvenciones-para-el-pago-del-alquiler-de-viviendas-del-mercado-privado-para-personas-en-situacion
2,F17-Q2,F17,mode,current,bankinter.com,other,https://www.bankinter.com/blog/finanzas-personales/ayudas-actuales-alquiler-madrid
2,F17-Q2,F17,mode,current,facebook.com,forum_social,https://facebook.com/ (path withheld)
2,F17-Q2,F17,mode,current,youtube.com,forum_social,https://youtube.com/ (path withheld)
2,F17-Q3,F17,aio,current,gestilar.com,other,https://www.gestilar.com/es/blog/el-nuevo-plan-estatal-de-vivienda-2026-2030-oportunidades-reales-para-acceder-a-tu-vivienda
2,F17-Q3,F17,aio,current,rankia.com,forum_social,https://www.rankia.com/blog/mejores-hipotecas/7257559-plan-estatal-vivienda-2026-2030
2,F17-Q3,F17,aio,current,mivau.gob.es,other_public,https://www.mivau.gob.es/vivienda/info-plan-estatal-de-vivienda-2026-2030
2,F17-Q3,F17,aio,current,democrata.es,press,https://www.democrata.es/economia/gobierno-luz-verde-nuevo-plan-estatal-vivienda/
2,F17-Q3,F17,aio,current,youtube.com,forum_social,https://youtube.com/ (path withheld)
2,F17-Q3,F17,aio,current,iustel.com,advisory,https://www.iustel.com/diario_del_derecho/noticia.asp?ref_iustel=1265183
2,F17-Q3,F17,mode,current,mivau.gob.es,other_public,https://www.mivau.gob.es/vivienda/info-plan-estatal-de-vivienda-2026-2030
2,F17-Q3,F17,mode,current,mivau.gob.es,other_public,https://www.mivau.gob.es/el-ministerio/buscador-participacion-publica/real-decreto-por-el-que-se-regula-el-plan-estatal-de-vivienda-2026-2030
2,F17-Q3,F17,mode,current,provivienda.org,other,https://provivienda.org/observatorio/politicas/plan-estatal-de-acceso-a-la-vivienda-2026-2030/
2,F17-Q4,F17,aio,current,mivau.gob.es,other_public,https://www.mivau.gob.es/vivienda/info-plan-estatal-de-vivienda-2026-2030
2,F17-Q4,F17,aio,current,boe.es,boe,https://www.boe.es/diario_boe/txt.php?id=BOE-A-2026-8872
2,F17-Q4,F17,aio,current,mivau.gob.es,other_public,https://www.mivau.gob.es/recursos_mfom/audienciainfopublica/recursos/rd_pev_26-30_inf_publica.pdf
2,F17-Q4,F17,aio,current,boe.es,boe,https://www.boe.es/buscar/act.php?id=BOE-A-2026-8872
2,F17-Q4,F17,aio,current,elconsultor.aranzadilaley.es,advisory,https://elconsultor.aranzadilaley.es/Content/DocumentoDestUrb.aspx?params=H4sIAAAAAAAEAMtMSbF1CTEAAlNDU3NzY7Wy1KLizPw8WyMDIzMDEyOwQGZapUt-ckhlQaptWmJOcSoAAbGR4DUAAAA=WKE
2,F17-Q4,F17,aio,current,velux.es,other,https://www.velux.es/magazine/plan-estatal-de-vivienda
2,F17-Q4,F17,mode,current,mivau.gob.es,other_public,https://www.mivau.gob.es/vivienda/info-plan-estatal-de-vivienda-2026-2030
2,F17-Q4,F17,mode,current,lamoncloa.gob.es,other_public,https://www.lamoncloa.gob.es/consejodeministros/resumenes/Documents/2025/160925-PEV%2026-30_RESUMEN%20EJECUTIVO_250916_150204.pdf
2,F18-Q1,F18,aio,current,administraciondejusticia.gob.es,other_public,https://www.administraciondejusticia.gob.es/cuando-es-obligatorio-acudir-masc
2,F18-Q1,F18,aio,current,grupo2000.es,advisory,https://www.grupo2000.es/la-mediacion-sera-un-paso-obligatorio-previo-a-las-demandas-en-2025/
2,F18-Q1,F18,aio,current,mediacion-online.com,advisory,https://mediacion-online.com/blog/es-obligatorio-intentar-la-mediacion-antes-de-demandar-en-espana/
2,F18-Q1,F18,aio,current,mmizquierdoabogada.es,advisory,https://mmizquierdoabogada.es/es-obligatorio-acudir-a-mediacion-antes-de-un-juicio-civil-o-de-familia/
2,F18-Q1,F18,aio,current,mbabogados.eu,advisory,https://mbabogados.eu/la-mediacion-previa-requisito-obligatorio-en-la-interposicion-de-una-demanda/
2,F18-Q1,F18,aio,current,pactiomediacion.es,advisory,https://www.pactiomediacion.es/2026/09/mediacion-obligatoria-en-espana-antes-de-demandas-civiles-o-mercantiles-1838/
2,F18-Q1,F18,aio,current,agoraabogados.es,advisory,https://agoraabogados.es/la-mediacion-familiar/
2,F18-Q1,F18,aio,current,youtube.com,forum_social,https://youtube.com/ (path withheld)
2,F18-Q1,F18,aio,current,thinkfide.com,advisory,https://thinkfide.com/la-mediacion-como-requisito-de-procedibilidad/
2,F18-Q1,F18,aio,current,youtube.com,forum_social,https://youtube.com/ (path withheld)
2,F18-Q1,F18,mode,current,administraciondejusticia.gob.es,other_public,https://www.administraciondejusticia.gob.es/cuando-es-obligatorio-acudir-masc
2,F18-Q1,F18,mode,current,mediacion-online.com,advisory,https://mediacion-online.com/blog/es-obligatorio-intentar-la-mediacion-antes-de-demandar-en-espana/
2,F18-Q1,F18,mode,current,grupo2000.es,advisory,https://www.grupo2000.es/la-mediacion-sera-un-paso-obligatorio-previo-a-las-demandas-en-2025/
2,F18-Q1,F18,mode,current,mbabogados.eu,advisory,https://mbabogados.eu/la-mediacion-previa-requisito-obligatorio-en-la-interposicion-de-una-demanda/
2,F18-Q2,F18,aio,current,ribasalvarez.cat,advisory,https://ribasalvarez.cat/es/ra-news/la-negociacion-extrajudicial-como-requisito-obligatorio-previo-a-la-via-judicial/
2,F18-Q2,F18,aio,current,abogacia.es,other,https://www.abogacia.es/wp-content/uploads/2025/04/GUIA_MASC_CONSEJO_GENERAL_ABOGACIA.pdf
2,F18-Q2,F18,aio,current,instagram.com,forum_social,https://instagram.com/ (path withheld)
2,F18-Q2,F18,aio,current,gwabogados.es,advisory,https://www.gwabogados.es/blog/morosidad-y-cobro/masc-requisitos-de-juzgados-y-tribunales-1
2,F18-Q2,F18,aio,current,es.linkedin.com,forum_social,https://es.linkedin.com/ (path withheld)
2,F18-Q2,F18,aio,current,portaldemediacion.es,advisory,https://portaldemediacion.es/ley-organica-1-2025-mediacion-obligatoria-antes-de-juicio-que-significa-para-ti/
2,F18-Q2,F18,aio,current,studocu.com,other,https://www.studocu.com/es/document/universidad-carlos-iii-de-madrid/derecho-procesal-civil/tema-4-actos-previos-al-proceso-civil-y-masc/160915978
2,F18-Q2,F18,mode,current,administraciondejusticia.gob.es,other_public,https://www.administraciondejusticia.gob.es/cuando-es-obligatorio-acudir-masc
2,F18-Q2,F18,mode,current,sfabogados.com,advisory,https://www.sfabogados.com/publicaciones/la-obligacion-de-acudir-a-una-conciliacion-previa-antes-de-demandar-un-nuevo-procedimiento-procesal-en-espana
2,F18-Q2,F18,mode,current,coboserranoabogados.com,advisory,https://www.coboserranoabogados.com/los-masc-y-la-nueva-ley-de-eficiencia-procesal-1-2025/
2,F18-Q2,F18,mode,current,asetra.net,other,https://asetra.net/ley-eficiencia-procesal/
2,F18-Q3,F18,aio,current,boe.es,boe,https://www.boe.es/buscar/act.php?id=BOE-A-2025-76
2,F18-Q3,F18,aio,current,icagr.es,other,https://icagr.es/pm92/masc
2,F18-Q3,F18,aio,current,mpr.gob.es,other_public,https://www.mpr.gob.es/prencom/notas/paginas/2025/030425-masc-resolucion-controversias.aspx
2,F18-Q3,F18,aio,current,icablog.icab.cat,other,https://icablog.icab.cat/es/los-medios-adecuados-de-solucion-de-controversias-un-nuevo-enfoque-para-la-eficiencia-en-la-justicia-civil-y-mercantil/
2,F18-Q3,F18,mode,current,boe.es,boe,https://www.boe.es/buscar/act.php?id=BOE-A-2025-76
2,F18-Q3,F18,mode,current,web.icam.es,other,https://web.icam.es/nueva-regulacion-sobre-los-medios-adecuados-de-solucion-de-controversias-masc-en-la-ley-organica-1-2025/
2,F18-Q3,F18,mode,current,mpr.gob.es,other_public,https://www.mpr.gob.es/prencom/notas/paginas/2025/030425-masc-resolucion-controversias.aspx
2,F18-Q4,F18,aio,current,uria.com,advisory,https://www.uria.com/es/publicaciones/9337-los-masc-tras-la-lo-12025-el-requisito-de-procedibilidad-y-el-nuevo-regimen-de
2,F18-Q4,F18,aio,current,sedejudicial.justicia.es,other_public,https://sedejudicial.justicia.es/-/masc-acreditaci%C3%B3n-requisito-de-procedibilidad
2,F18-Q4,F18,aio,current,abogacia.es,other,https://www.abogacia.es/wp-content/uploads/2025/04/GUIA_MASC_CONSEJO_GENERAL_ABOGACIA.pdf
2,F18-Q4,F18,aio,current,justizia.eus,other_public,https://www.justizia.eus/guia-cumplir-requisito-procedibilidad-lo-1-2025/webjus00-contentgen/es/
2,F18-Q4,F18,aio,current,elderecho.com,advisory,https://elderecho.com/guia-practica-para-la-aplicacion-de-los-masc/
2,F18-Q4,F18,aio,current,plataformaredes.es,other,https://plataformaredes.es/noticias/masc/marco-legal-general-del-requisito-masc-la-ley-organica-1-2025-y-normativa-complementaria/
2,F18-Q4,F18,aio,current,abogaciademalaga.es,other,https://abogaciademalaga.es/wp-content/uploads/2025/02/Nuevos-requisitos-de-procedibilidad-para-asuntos-civiles-y-mercantiles.pdf
2,F18-Q4,F18,aio,current,manriquedetorres.com,advisory,https://manriquedetorres.com/blog/requisito-de-procedibilidad-masc/
2,F18-Q4,F18,aio,current,mediadorconflictos.com,advisory,https://mediadorconflictos.com/que-es-el-requisito-de-procedibilidad/
2,F18-Q4,F18,aio,current,fmsb.eu,other,https://fmsb.eu/2025/10/07/masc-el-paso-obligatorio-antes-de-demandar/
2,F18-Q4,F18,mode,current,uria.com,advisory,https://www.uria.com/es/publicaciones/9337-los-masc-tras-la-lo-12025-el-requisito-de-procedibilidad-y-el-nuevo-regimen-de
2,F18-Q4,F18,mode,current,abogacia.es,other,https://www.abogacia.es/wp-content/uploads/2025/04/GUIA_MASC_CONSEJO_GENERAL_ABOGACIA.pdf
2,F18-Q4,F18,mode,current,augustaabogados.com,advisory,https://augustaabogados.com/los-masc-como-requisito-de-procedibilidad-exigido-por-la-lo-1-2025-de-medidas-en-materia-de-eficiencia-del-servicio-publico-de-justicia-dudas-ante-los-conflictos-transfronterizos/
2,F18-Q4,F18,mode,current,uria.com,advisory,https://www.uria.com/documentos/publicaciones/9337/documento/AJUM_67-2025.pdf?id=14021&forceDownload=true
2,F18-Q4,F18,mode,current,elderecho.com,advisory,https://elderecho.com/guia-practica-para-la-aplicacion-de-los-masc/
2,F19-Q1,F19,aio,current,mjusticia.gob.es,other_public,https://www.mjusticia.gob.es/es/servicio-justicia/nuevo-modelo-organizativo-justicia/tribunales-instancia/competencias
2,F19-Q1,F19,aio,current,juntadeandalucia.es,other_public,https://www.juntadeandalucia.es/sites/default/files/inline-files/2025/05/CJALFP-250519-FAQ-TI.pdf
2,F19-Q1,F19,aio,current,justicia2030.es,other_public,https://www.justicia2030.es/-/11.-tribunales-de-instancia-y-oficina-judicial
2,F19-Q1,F19,aio,current,poderjudicial.es,other_public,https://www.poderjudicial.es/cgpj/es/Poder-Judicial/Tribunales-Superiores-de-Justicia/TSJ-Madrid/Organos-judiciales/Organos-judiciales-en-Madrid/Tribunales-de-Instancia/
2,F19-Q1,F19,aio,current,conceptosjuridicos.com,advisory,https://www.conceptosjuridicos.com/tribunal-de-instancia/
2,F19-Q1,F19,aio,current,web.icam.es,other,https://web.icam.es/implantacion-de-los-tribunales-de-instancia-en-el-partido-judicial-de-madrid-fase-iii/
2,F19-Q1,F19,mode,current,mjusticia.gob.es,other_public,https://www.mjusticia.gob.es/es/servicio-justicia/nuevo-modelo-organizativo-justicia/tribunales-instancia/competencias
2,F19-Q1,F19,mode,current,justicia2030.es,other_public,https://www.justicia2030.es/-/11.-tribunales-de-instancia-y-oficina-judicial
2,F19-Q1,F19,mode,current,conceptosjuridicos.com,advisory,https://www.conceptosjuridicos.com/tribunal-de-instancia/
2,F19-Q1,F19,mode,current,juntadeandalucia.es,other_public,https://www.juntadeandalucia.es/sites/default/files/inline-files/2025/05/CJALFP-250519-FAQ-TI.pdf
2,F19-Q1,F19,mode,current,administrativando.es,other,https://administrativando.es/tribunales-instancia-coordinacion-funcionamiento/
2,F19-Q1,F19,mode,current,poderjudicial.es,other_public,https://www.poderjudicial.es/cgpj/es/Poder-Judicial/Tribunales-Superiores-de-Justicia/TSJ-Madrid/Organos-judiciales/Organos-judiciales-en-Madrid/Tribunales-de-Instancia/
2,F19-Q1,F19,mode,current,poderjudicial.es,other_public,https://www.poderjudicial.es/cgpj/es/Poder-Judicial/Tribunales-Superiores-de-Justicia/TSJ-Comunidad-Valenciana/Organos-judiciales/Organos-judiciales-en-la-Comunidad-Valenciana/Tribunales-de-Instancia/Tribunales-de-Instancia---Seccion-Civil-y-de-Instruccion
2,F19-Q1,F19,mode,current,web.icam.es,other,https://web.icam.es/implantacion-de-los-tribunales-de-instancia-en-el-partido-judicial-de-madrid-fase-iii/
2,F19-Q1,F19,mode,current,csif.es,other,https://www.csif.es/es/articulo/nacional/administraciondejusticia/64288
2,F19-Q1,F19,mode,current,ruthgalvan.es,advisory,https://www.ruthgalvan.es/que-son-tribunales-de-instancia/
2,F19-Q1,F19,mode,current,youtube.com,forum_social,https://youtube.com/ (path withheld)
2,F19-Q2,F19,aio,current,martinezbernabeu-abogados.com,advisory,https://martinezbernabeu-abogados.com/consulta-los-nuevos-nombres-de-los-tribunales-de-instancia-1-de-julio-de-2025/
2,F19-Q2,F19,aio,current,web.icam.es,other,https://web.icam.es/implantacion-de-los-tribunales-de-instancia-en-el-partido-judicial-de-madrid-fase-iii/
2,F19-Q2,F19,aio,current,iustel.com,advisory,https://www.iustel.com/diario_del_derecho/noticia.asp?ref_iustel=1262096
2,F19-Q2,F19,aio,current,justicia2030.es,other_public,https://www.justicia2030.es/-/11.-tribunales-de-instancia-y-oficina-judicial
2,F19-Q2,F19,aio,current,elnotario.es,advisory,https://www.elnotario.es/hemeroteca/revista-122/13626-ley-organica-1-2025-de-2-de-enero-los-tribunales-de-instancia
2,F19-Q2,F19,mode,current,mjusticia.gob.es,other_public,https://www.mjusticia.gob.es/es/servicio-justicia/nuevo-modelo-organizativo-justicia/tribunales-instancia/competencias
2,F19-Q2,F19,mode,current,mjusticia.gob.es,other_public,https://www.mjusticia.gob.es/es/servicio-justicia/nuevo-modelo-organizativo-justicia
2,F19-Q2,F19,mode,current,garrido.es,other,https://garrido.es/ley-organica-1-2025-ley-de-eficiencia-de-la-justicia/
2,F19-Q2,F19,mode,current,mjusticia.gob.es,other_public,https://www.mjusticia.gob.es/es/institucional/gabinete-comunicacion/noticias-ministerio/300625-primeros-315-tribunales-instancia
2,F19-Q2,F19,mode,current,ortegoycamenoabogados.com,advisory,https://ortegoycamenoabogados.com/nueva-organizacion-de-los-tribunales-de-instancia-a-partir-del-1-de-julio-de-2025/
2,F19-Q2,F19,mode,current,marcellocarames.com,advisory,https://marcellocarames.com/cambios-organizacion-judicial-tras-lo-1-2025/
2,F19-Q2,F19,mode,current,mpr.gob.es,other_public,https://www.mpr.gob.es/prencom/notas/paginas/2026/los-primeros-tribunales-de-instancia-cumplen-un-an.aspx
2,F19-Q2,F19,mode,current,mjusticia.gob.es,other_public,https://www.mjusticia.gob.es/es/institucional/gabinete-comunicacion/noticias-ministerio/Ultima-fase-Ley-Eficiencia
2,F19-Q2,F19,mode,current,elconfidencialdigital.com,press,https://www.elconfidencialdigital.com/articulo/ministerio/adios-juzgados-tradicionales-asi-cambia-justicia-2026/202512310500001204497.html
2,F19-Q3,F19,aio,current,juntadeandalucia.es,other_public,https://www.juntadeandalucia.es/sites/default/files/inline-files/2025/05/CJALFP-250519-FAQ-TI.pdf
2,F19-Q3,F19,aio,current,web.icam.es,other,https://web.icam.es/implantacion-de-los-tribunales-de-instancia-en-el-partido-judicial-de-madrid-fase-iii/
2,F19-Q3,F19,aio,current,confilegal.com,press,https://confilegal.com/20251211-el-cgpj-muestra-su-preocupacion-ante-las-carencias-de-los-juzgados-ante-la-puesta-en-marcha-de-los-tribunales-de-instancia/amp/
2,F19-Q3,F19,aio,current,stajaragon.blogspot.com,other,http://stajaragon.blogspot.com/2025/12/ribunales-de-instancia-se-retrasan.html
2,F19-Q3,F19,aio,current,elespanol.com,press,https://www.elespanol.com/castilla-y-leon/region/20250630/castilla-leon-pone-marcha-tribunales-instancia-oficinas-justicia-municipio/1003743827505_0.html
2,F19-Q3,F19,aio,current,comunidad.madrid,other_public,https://www.comunidad.madrid/justicia/organizacion-estructura-judicial-0
2,F19-Q3,F19,aio,current,conceptosjuridicos.com,advisory,https://www.conceptosjuridicos.com/tribunal-de-instancia/
2,F19-Q3,F19,mode,current,iberley.es,advisory,https://www.iberley.es/noticias/2-fase-implantacion-los-tribunales-instancia-35387
2,F19-Q3,F19,mode,current,mjusticia.gob.es,other_public,https://www.mjusticia.gob.es/es/institucional/gabinete-comunicacion/noticias-ministerio/300625-primeros-315-tribunales-instancia
2,F19-Q3,F19,mode,current,elnotario.es,advisory,https://www.elnotario.es/hemeroteca/revista-122/13626-ley-organica-1-2025-de-2-de-enero-los-tribunales-de-instancia
2,F19-Q3,F19,mode,current,mjusticia.gob.es,other_public,https://www.mjusticia.gob.es/es/institucional/gabinete-comunicacion/noticias-ministerio/Ultima-fase-Ley-Eficiencia
2,F19-Q3,F19,mode,current,mpr.gob.es,other_public,https://www.mpr.gob.es/prencom/notas/paginas/2026/los-primeros-tribunales-de-instancia-cumplen-un-an.aspx
2,F20-Q1,F20,mode,current,dsca.gob.es,other_public,https://www.dsca.gob.es/es/comunicacion/notas-prensa/consumo-limita-los-tiempos-de-espera-telef-nica-y-ampl-los-derechos-de-la-ciudadan-con-la
2,F20-Q1,F20,mode,current,csedano.com,advisory,https://www.csedano.com/es/actualidad/a-partir-de-diciembre-de-2026-las-empresas-estaran-obligadas-a-atender-por-telefono-en-menos-de-3-minutos-a-sus-clientes/
2,F20-Q1,F20,mode,current,contactcenterhub.es,press,https://contactcenterhub.es/ley-sac-atencion-al-cliente-logikaline/
2,F20-Q1,F20,mode,current,coapema.canalsenior.es,press,https://coapema.canalsenior.es/noticias/ley-atencion-clientela-derechos-2026/
2,F20-Q1,F20,mode,current,grupocibernos.com,software,https://www.grupocibernos.com/blog/ley-atencion-al-cliente-3-minutos
2,F20-Q2,F20,mode,current,lamoncloa.gob.es,other_public,https://www.lamoncloa.gob.es/serviciosdeprensa/notasprensa/derechos-sociales-consumo-agenda-2030/paginas/2025/ley-servicios-atencion-al-cliente.aspx
2,F20-Q2,F20,mode,current,grupocibernos.com,software,https://www.grupocibernos.com/blog/ley-atencion-al-cliente-3-minutos
2,F20-Q2,F20,mode,current,comunidad.madrid,other_public,https://www.comunidad.madrid/consumo/entra-vigor-nueva-ley-atencion-cliente
2,F20-Q2,F20,mode,current,dsca.gob.es,other_public,https://www.dsca.gob.es/es/comunicacion/notas-prensa/consumo-limita-los-tiempos-de-espera-telef-nica-y-ampl-los-derechos-de-la-ciudadan-con-la
2,F20-Q2,F20,mode,current,webmasterosona.com,other,https://webmasterosona.com/es/blog/ley-atencion-cliente-3-minutos-pymes
2,F20-Q3,F20,aio,current,lamoncloa.gob.es,other_public,https://www.lamoncloa.gob.es/serviciosdeprensa/notasprensa/derechos-sociales-consumo-agenda-2030/paginas/2025/ley-servicios-atencion-al-cliente.aspx
2,F20-Q3,F20,aio,current,comunidad.madrid,other_public,https://www.comunidad.madrid/consumo/entra-vigor-nueva-ley-atencion-cliente
2,F20-Q3,F20,aio,current,blogturismo.garrigues.com,advisory,https://blogturismo.garrigues.com/legislacion/la-nueva-ley-de-servicios-de-atencion-al-cliente-transforma-la-atencion-al-consumidor-que-cambia-y-como-prepararse
2,F20-Q3,F20,aio,current,blog.sepin.es,advisory,https://blog.sepin.es/blog/2026/01/14/novedades-ley-10-2025-servicios-atencion-clientela/
2,F20-Q3,F20,aio,current,duransindreu.com,advisory,https://www.duransindreu.com/ley-sac-atencion-clientela/
2,F20-Q3,F20,mode,current,boe.es,boe,https://www.boe.es/buscar/act.php?id=BOE-A-2025-26698
2,F20-Q3,F20,mode,current,lamoncloa.gob.es,other_public,https://www.lamoncloa.gob.es/serviciosdeprensa/notasprensa/derechos-sociales-consumo-agenda-2030/paginas/2025/ley-servicios-atencion-al-cliente.aspx
2,F20-Q3,F20,mode,current,comunidad.madrid,other_public,https://www.comunidad.madrid/consumo/entra-vigor-nueva-ley-atencion-cliente
2,F20-Q3,F20,mode,current,blogturismo.garrigues.com,advisory,https://blogturismo.garrigues.com/legislacion/la-nueva-ley-de-servicios-de-atencion-al-cliente-transforma-la-atencion-al-consumidor-que-cambia-y-como-prepararse
2,F20-Q3,F20,mode,current,duransindreu.com,advisory,https://www.duransindreu.com/ley-sac-atencion-clientela/
2,F20-Q4,F20,mode,current,boe.es,boe,https://www.boe.es/buscar/act.php?id=BOE-A-2025-26698
2,F20-Q4,F20,mode,current,lamoncloa.gob.es,other_public,https://www.lamoncloa.gob.es/serviciosdeprensa/notasprensa/derechos-sociales-consumo-agenda-2030/paginas/2025/ley-servicios-atencion-al-cliente.aspx
2,F20-Q4,F20,mode,current,comunidad.madrid,other_public,https://www.comunidad.madrid/consumo/entra-vigor-nueva-ley-atencion-cliente
2,F20-Q4,F20,mode,current,grupocibernos.com,software,https://www.grupocibernos.com/blog/ley-atencion-al-cliente-3-minutos
2,F21-Q1,F21,aio,current,ayudatpymes.com,advisory,https://ayudatpymes.com/gestron/sancion-no-contestar-hoja-de-reclamaciones/
2,F21-Q1,F21,aio,current,contactcenterhub.es,press,https://contactcenterhub.es/ley-sac-atencion-al-cliente-logikaline/
2,F21-Q1,F21,aio,current,comunidad.madrid,other_public,https://www.comunidad.madrid/consumo/entra-vigor-nueva-ley-atencion-cliente
2,F21-Q1,F21,aio,current,facua.org,other,https://facua.org/consumerismo/facua-te-asesora-con-las-hojas-de-reclamaciones/
2,F21-Q1,F21,aio,current,juntadeandalucia.es,other_public,https://www.juntadeandalucia.es/organismos/presidenciasanidadyemergencias/servicios/actualidad/noticias/detalle/234709.html
2,F21-Q1,F21,aio,current,consumoresponde.es,other_public,https://www.consumoresponde.es/art%C3%ADculos/preguntas_frecuentes_sobre_quejas_y_reclamaciones_de_consumo
2,F21-Q1,F21,aio,current,laboralpensiones.com,advisory,https://laboralpensiones.com/las-hojas-de-reclamaciones-como-consumidores/
2,F21-Q1,F21,mode,current,consumoresponde.es,other_public,https://www.consumoresponde.es/art%C3%ADculos/que_plazos_han_de_cumplirse_cuando_una_persona_presenta_una_queja_o_reclamacion_en_las
2,F21-Q1,F21,mode,current,comunidad.madrid,other_public,https://www.comunidad.madrid/consumo/entra-vigor-nueva-ley-atencion-cliente
2,F21-Q1,F21,mode,current,juntadeandalucia.es,other_public,https://www.juntadeandalucia.es/organismos/presidenciasanidadyemergencias/areas/consumo/reclamaciones.html
2,F21-Q1,F21,mode,current,portal-cec.consumo.gob.es,other_public,https://portal-cec.consumo.gob.es/es/comunicacion/noticias/2021/cec-espana-recuerda-los-consumidores-como-pueden-reclamar-sus-derechos
2,F21-Q1,F21,mode,current,juntadeandalucia.es,other_public,https://www.juntadeandalucia.es/servicios/sede/tramites/procedimientos/detalle/2634.html
2,F21-Q1,F21,mode,current,consumoresponde.es,other_public,https://www.consumoresponde.es/art%C3%ADculos/que_hacer_si_se_recibe_una_reclamacion
2,F21-Q2,F21,aio,not_stated,juntadeandalucia.es,other_public,https://www.juntadeandalucia.es/organismos/presidenciasanidadyemergencias/servicios/actualidad/noticias/detalle/234709.html
2,F21-Q2,F21,aio,not_stated,consumo.cordoba.es,other_public,https://consumo.cordoba.es/index.php?option=com_content&view=article&id=2435%3Atramites-y-plazos-hojas-de-quejas-y-reclamaciones&catid=460&Itemid=2
2,F21-Q2,F21,aio,not_stated,consumoresponde.es,other_public,https://www.consumoresponde.es/art%C3%ADculos/que_plazos_han_de_cumplirse_cuando_una_persona_presenta_una_queja_o_reclamacion_en_las
2,F21-Q2,F21,aio,not_stated,portal-cec.consumo.gob.es,other_public,https://portal-cec.consumo.gob.es/es/comunicacion/noticias/2021/cec-espana-recuerda-los-consumidores-como-pueden-reclamar-sus-derechos
2,F21-Q2,F21,aio,not_stated,consumoresponde.es,other_public,https://www.consumoresponde.es/art%C3%ADculos/que_hacer_si_se_recibe_una_reclamacion
2,F21-Q2,F21,mode,outdated,consumo.cordoba.es,other_public,https://consumo.cordoba.es/index.php?option=com_content&view=article&id=2435%3Atramites-y-plazos-hojas-de-quejas-y-reclamaciones&catid=460&Itemid=2
2,F21-Q2,F21,mode,outdated,portal-cec.consumo.gob.es,other_public,https://portal-cec.consumo.gob.es/es/comunicacion/noticias/2021/cec-espana-recuerda-los-consumidores-como-pueden-reclamar-sus-derechos
2,F21-Q2,F21,mode,outdated,consumoresponde.es,other_public,https://www.consumoresponde.es/art%C3%ADculos/que_hacer_si_se_recibe_una_reclamacion
2,F21-Q2,F21,mode,outdated,entretramites.com,advisory,https://entretramites.com/contable/no-responder-hoja-de-reclamaciones
2,F21-Q3,F21,mode,current,clientebancario.bde.es,other_public,https://clientebancario.bde.es/pcb/es/blog/quiero_reclamar_contra_banco_plazos.html
2,F21-Q3,F21,mode,current,comunidad.madrid,other_public,https://www.comunidad.madrid/consumo/entra-vigor-nueva-ley-atencion-cliente
2,F21-Q3,F21,mode,current,contactcenterinstitute.es,other,https://contactcenterinstitute.es/como-transforma-la-ley-de-servicios-de-atencion-a-la-clientela-2
2,F21-Q3,F21,mode,current,usuariosteleco.digital.gob.es,other_public,https://usuariosteleco.digital.gob.es/reclamaciones/telefonia-e-internet
2,F21-Q3,F21,mode,current,fernandezadvocats.es,advisory,https://fernandezadvocats.es/es/ley-10-2025-atencion-clientela-10-claves/
2,F22-Q1,F22,mode,current,dsca.gob.es,other_public,https://www.dsca.gob.es/es/comunicacion/notas-prensa/congreso-aprueba-primera-ley-blinda-derechos-consumidores-frente-grandes
2,F22-Q1,F22,mode,current,lamoncloa.gob.es,other_public,https://www.lamoncloa.gob.es/serviciosdeprensa/notasprensa/derechos-sociales-consumo-agenda-2030/paginas/2025/ley-servicios-atencion-al-cliente.aspx
2,F22-Q1,F22,mode,current,webmasterosona.com,other,https://webmasterosona.com/es/blog/ley-atencion-cliente-3-minutos-pymes
2,F22-Q2,F22,mode,current,uria.com,advisory,https://www.uria.com/es/publicaciones/newsletter/1997-procesal
2,F22-Q2,F22,mode,current,vodafone.es,other,https://www.vodafone.es/c/empresas/grandes-clientes/es/nuestra-vision/nueva-ley-de-atencion-al-cliente/
2,F22-Q2,F22,mode,current,grupocibernos.com,software,https://www.grupocibernos.com/blog/ley-atencion-al-cliente-3-minutos
2,F22-Q3,F22,mode,current,contactcenterinstitute.es,other,https://contactcenterinstitute.es/como-transforma-la-ley-de-servicios-de-atencion-a-la-clientela-2
2,F22-Q3,F22,mode,current,uria.com,advisory,https://www.uria.com/es/publicaciones/newsletter/1997-procesal
2,F22-Q3,F22,mode,current,dominguezvilaabogados.es,advisory,https://www.dominguezvilaabogados.es/ley-10-2025-de-26-de-diciembre-de-atencion-a-la-clientela/
2,F22-Q3,F22,mode,current,elmundo.es,press,https://www.elmundo.es/economia/2025/12/11/693ab9d4e9cf4ae56b8b4594.html
2,F23-Q1,F23,aio,current,movilidadelectrica.com,press,https://movilidadelectrica.com/dgt-triangulos-baliza-v16-2026-multas/
2,F23-Q1,F23,aio,current,facebook.com,forum_social,https://facebook.com/ (path withheld)
2,F23-Q1,F23,aio,current,leasys.com,other,https://www.leasys.com/es/espanol/leasys-world/triangulos-emergencia-coche-normativa-uso
2,F23-Q1,F23,aio,current,instagram.com,forum_social,https://instagram.com/ (path withheld)
2,F23-Q1,F23,mode,current,autopistas.com,other,https://www.autopistas.com/blog/el-triangulo-de-emergencia-ya-no-es-obligatorio-en-autopista/
2,F23-Q1,F23,mode,current,abc.es,press,https://www.abc.es/espana/andalucia/cordoba/balizas-triangulos-dgt-permite-usar-sistemas-partir-20251231111011-nts.html
2,F23-Q1,F23,mode,current,race.es,other,https://www.race.es/luz-de-emergencia-v16
2,F23-Q1,F23,mode,current,facebook.com,forum_social,https://facebook.com/ (path withheld)
2,F23-Q1,F23,mode,current,telecinco.es,press,https://www.telecinco.es/noticias/motor/20260928/futuro-baliza-v-16-cambios-reglamento-circulacion-dgt_18_020284182.html
2,F23-Q2,F23,aio,current,lamoncloa.gob.es,other_public,https://www.lamoncloa.gob.es/serviciosdeprensa/notasprensa/interior/paginas/2025/251125-obligacion-baliza-v16-carretera.aspx
2,F23-Q2,F23,aio,current,boe.es,boe,https://www.boe.es/buscar/doc.php?id=BOE-A-2022-21683
2,F23-Q2,F23,aio,current,autoleaserenting.es,other,https://autoleaserenting.es/es-obligatoria-la-baliza-v16-en-2026/
2,F23-Q2,F23,aio,current,facebook.com,forum_social,https://facebook.com/ (path withheld)
2,F23-Q2,F23,aio,current,facebook.com,forum_social,https://facebook.com/ (path withheld)
2,F23-Q2,F23,aio,current,tiktok.com,forum_social,https://tiktok.com/ (path withheld)
2,F23-Q2,F23,aio,current,ferrermolina.es,advisory,https://www.ferrermolina.es/baliza-v16-obligatoria-en-espana-normativa-entrada-en-vigor-y-sanciones-en-2026/
2,F23-Q2,F23,mode,current,dgt.es,other_public,https://www.dgt.es/muevete-con-seguridad/tecnologia-e-innovacion-en-carretera/Dispositivos-de-presenalizacion-V16/
2,F23-Q2,F23,mode,current,dgt.es,other_public,https://www.dgt.es/muevete-con-seguridad/tecnologia-e-innovacion-en-carretera/Dispositivos-de-presenalizacion-V16/index.html
2,F23-Q2,F23,mode,current,motor16.com,press,https://www.motor16.com/las-ultimas-noticias/baliza-v16-obligatoria-multa-80-euros-4/
2,F23-Q2,F23,mode,current,motor16.com,press,https://www.motor16.com/las-ultimas-noticias/baliza-v16-obligatoria-multa-dgt-3/
2,F23-Q3,F23,aio,current,tiktok.com,forum_social,https://tiktok.com/ (path withheld)
2,F23-Q3,F23,aio,current,spm-groupe.es,advisory,https://www.spm-groupe.es/sabias-que-a-partir-de-2026-los-triangulos-desapareceran/
2,F23-Q3,F23,aio,current,instagram.com,forum_social,https://instagram.com/ (path withheld)
2,F23-Q3,F23,aio,current,instagram.com,forum_social,https://instagram.com/ (path withheld)
2,F23-Q3,F23,mode,current,facebook.com,forum_social,https://facebook.com/ (path withheld)
2,F23-Q3,F23,mode,current,movilidadelectrica.com,press,https://movilidadelectrica.com/dgt-triangulos-baliza-v16-2026-multas/
2,F23-Q3,F23,mode,current,carwow.es,other,https://www.carwow.es/noticias/6704/dgt-baliza-v16-triangulos-uso-conjunto
2,F23-Q3,F23,mode,current,libertaddigital.com,press,https://www.libertaddigital.com/libremercado/2025-12-31/la-dgt-rectifica-y-confirma-que-los-conductores-podran-seguir-utilizanndo-los-triangulos-tradicionales-en-2026-7338979/
2,F23-Q4,F23,aio,current,facebook.com,forum_social,https://facebook.com/ (path withheld)
2,F23-Q4,F23,aio,current,instagram.com,forum_social,https://instagram.com/ (path withheld)
2,F23-Q4,F23,aio,current,race.es,other,https://www.race.es/luz-de-emergencia-v16
2,F23-Q4,F23,aio,current,facebook.com,forum_social,https://facebook.com/ (path withheld)
2,F23-Q4,F23,aio,current,fundacionavata.org,other,https://fundacionavata.org/blog/triangulo-emergencia-luz-v16-normativa/
2,F23-Q4,F23,aio,current,abc.es,press,https://www.abc.es/motor/reportajes/abci-emergencia-sustituye-triangulos-sera-obligatoria-2026-202102250108_noticia.html
2,F23-Q4,F23,aio,current,heraldo.es,press,https://www.heraldo.es/noticias/motor/2025/12/12/adios-triangulos-emergencia-como-funcionan-balizas-v16-obligatorias-desde-enero-2026-1863741.html
2,F23-Q4,F23,mode,current,dgt.es,other_public,https://www.dgt.es/muevete-con-seguridad/tecnologia-e-innovacion-en-carretera/Dispositivos-de-presenalizacion-V16/
2,F23-Q4,F23,mode,current,race.es,other,https://www.race.es/luz-de-emergencia-v16
2,F23-Q4,F23,mode,current,netun.com,advisory,https://netun.com/blogs/blog-es/triangulos-de-presenalizacion-2026
2,F24-Q1,F24,aio,current,dgt.es,other_public,https://www.dgt.es/muevete-con-seguridad/viaja-seguro/en-patinete/
2,F24-Q1,F24,aio,current,mutua.es,other,https://www.mutua.es/seguros-bicicletas-patinetes/patinetes/
2,F24-Q1,F24,aio,current,cleverea.com,other,https://www.cleverea.com/blog/el-seguro-del-patinete-obligatorio-en-toda-espana
2,F24-Q1,F24,aio,current,segurabici.es,other,https://www.segurabici.es/seguro-patinetes-electricos/
2,F24-Q1,F24,aio,current,youtube.com,forum_social,https://youtube.com/ (path withheld)
2,F24-Q1,F24,aio,current,welcomeseguros.com,other,https://www.welcomeseguros.com/seguro-patinetes/
2,F24-Q1,F24,aio,current,tiktok.com,forum_social,https://tiktok.com/ (path withheld)
2,F24-Q1,F24,mode,current,dgt.es,other_public,https://www.dgt.es/muevete-con-seguridad/viaja-seguro/en-patinete/
2,F24-Q1,F24,mode,current,race.es,other,https://www.race.es/obligacion-seguro-patinete-electrico
2,F24-Q1,F24,mode,current,segurospatineteselectricos.com,other,https://www.segurospatineteselectricos.com/blog/normativa-vmp-seguro-obligatorio/
2,F24-Q2,F24,aio,current,cleverea.com,other,https://www.cleverea.com/blog/el-seguro-del-patinete-obligatorio-en-toda-espana
2,F24-Q2,F24,aio,current,mapfre.es,other,https://www.mapfre.es/particulares/patinete-electrico/
2,F24-Q2,F24,aio,current,instagram.com,forum_social,https://instagram.com/ (path withheld)
2,F24-Q2,F24,aio,current,ajuntament.barcelona.cat,other_public,https://ajuntament.barcelona.cat/eixample/es/noticias/en-marxa-el-tramit-obligatori-per-assegurar-els-patinets-electrics-1601947
2,F24-Q2,F24,aio,current,facebook.com,forum_social,https://facebook.com/ (path withheld)
2,F24-Q2,F24,aio,current,blbcorreduria.com,advisory,https://www.blbcorreduria.com/seguro-para-patinete-electrico-que-cambia-con-la-nueva-normativa/
2,F24-Q2,F24,mode,current,dgt.es,other_public,https://www.dgt.es/comunicacion/notas-de-prensa/20260930-reforma-del-reglamento-de-circulacion-usuarios-vulnerables/
2,F24-Q2,F24,mode,current,alphabet.com,other,https://www.alphabet.com/es-es/sobre-nosotros-renting/blog/cambios-en-el-seguro-obligatorio-lo-que-debes-saber-de-cara-a-2026.html
2,F24-Q2,F24,mode,current,cleverea.com,other,https://www.cleverea.com/blog/el-seguro-del-patinete-obligatorio-en-toda-espana
2,F24-Q2,F24,mode,current,race.es,other,https://www.race.es/patinete-electrico-legislacion
2,F24-Q3,F24,aio,current,dgt.es,other_public,https://www.dgt.es/muevete-con-seguridad/viaja-seguro/en-patinete/
2,F24-Q3,F24,aio,current,mutua.es,other,https://www.mutua.es/seguros-bicicletas-patinetes/patinetes/
2,F24-Q3,F24,aio,current,cleverea.com,other,https://www.cleverea.com/blog/el-seguro-del-patinete-obligatorio-en-toda-espana
2,F24-Q3,F24,aio,current,segurabici.es,other,https://www.segurabici.es/seguro-patinetes-electricos/
2,F24-Q3,F24,aio,current,youtube.com,forum_social,https://youtube.com/ (path withheld)
2,F24-Q3,F24,aio,current,welcomeseguros.com,other,https://www.welcomeseguros.com/seguro-patinetes/
2,F24-Q3,F24,aio,current,tiktok.com,forum_social,https://tiktok.com/ (path withheld)
2,F24-Q3,F24,mode,current,cleverea.com,other,https://www.cleverea.com/es/seguros-movilidad/patinetes/seguro-patinete-electrico
2,F24-Q3,F24,mode,current,race.es,other,https://www.race.es/obligacion-seguro-patinete-electrico
2,F24-Q3,F24,mode,current,rankingsegurosespana.com,other,https://rankingsegurosespana.com/seguros/patinetes
2,F24-Q4,F24,aio,current,terranea.es,other,https://www.terranea.es/seguros-patinetes.aspx?srsltid=AU7gw4WDgiuzEkhVL1j0HACOAW9z2VFMf1vCK1nty-kFjmgdw-3nX4PT
2,F24-Q4,F24,aio,current,calcular-seguro.axa.es,other,https://calcular-seguro.axa.es/patinete-electrico
2,F24-Q4,F24,aio,current,segurospatineteselectricos.com,other,https://www.segurospatineteselectricos.com/blog/mejor-seguro-patinete-electrico/
2,F24-Q4,F24,aio,current,muchoneumatico.com,other,https://www.muchoneumatico.com/blog/noticias/normativa-patinete-electrico-2026-kta/
2,F24-Q4,F24,aio,current,gestoriamorey.com,advisory,https://gestoriamorey.com/blog/seguro-obligatorio-patinetes-requisitos
2,F24-Q4,F24,aio,current,fbicorreduria.com,advisory,https://www.fbicorreduria.com/blog/seguro-patinete/como-elegir-seguro-patinete-electrico-segun-uso
2,F24-Q4,F24,aio,current,merca2.es,press,https://www.merca2.es/2026/09/05/seguro-patinete-electrico-obligatorio-renfe-2449085/
2,F24-Q4,F24,aio,current,motor16.com,press,https://www.motor16.com/las-ultimas-noticias/registro-patinete-electrico-obligatorio-seguro/
2,F24-Q4,F24,aio,current,terranea.es,other,https://www.terranea.es/seguros-patinetes.aspx
2,F24-Q4,F24,mode,current,dgt.es,other_public,https://www.dgt.es/muevete-con-seguridad/viaja-seguro/en-patinete/
2,F24-Q4,F24,mode,current,race.es,other,https://www.race.es/obligacion-seguro-patinete-electrico
2,F24-Q4,F24,mode,current,miotroseguro.com,other,https://www.miotroseguro.com/seguro/preguntas-frecuentes/generalidades/Seguro-obligatorio-patinetes-electricos-desde-2026-Ley-5-2025
2,F24-Q4,F24,mode,current,seguros.elcorteingles.es,other,https://seguros.elcorteingles.es/patinetes-electricos/ayuda/es-obligatorio-seguro-patinete-electrico-espana/
2,F24-Q4,F24,mode,current,rocajunyent.com,advisory,https://www.rocajunyent.com/es/eventos-y-publicaciones/alertas/seguro-obligatorio-patinetes-electricos-2026-ley-52025-requisitos
2,F24-Q4,F24,mode,current,tuteorica.com,other,https://tuteorica.com/blog/seguros/seguro-patinete-electrico-obligatorio/
2,F25-Q1,F25,aio,current,uso.es,other,https://www.uso.es/ley-de-movilidad-sostenible-que-debe-hacer-la-empresa-para-que-llegues-seguro-al-trabajo/
2,F25-Q1,F25,aio,current,ibermutua.es,other,https://www.ibermutua.es/contenido/planes-movilidad-sostenible-plazos/
2,F25-Q1,F25,aio,current,ibermutua.es,other,https://www.ibermutua.es/contenido/resumen-ley-movilidad-sostenible/
2,F25-Q1,F25,aio,current,ejaso.com,advisory,https://ejaso.com/conocimiento/obligaciones-laborales-de-la-nueva-ley-de-movilidad-sostenible-ley-92025-de-3-de-diciembre-de-movilidad-sostenible-pms
2,F25-Q1,F25,aio,current,instagram.com,forum_social,https://instagram.com/ (path withheld)
2,F25-Q1,F25,aio,current,keyiberboard.com,other,https://keyiberboard.com/actualidad/esquema-plan-movilidad-sostenible-centro-trabajo/
2,F25-Q1,F25,mode,current,iberley.es,advisory,https://www.iberley.es/revista/ley-9-2025-rdl-7-2026-nuevas-obligaciones-las-empresas-relacion-los-planes-movilidad-sostenible-trabajo-pmst-1456
2,F25-Q1,F25,mode,current,quironprevencion.com,advisory,https://www.quironprevencion.com/blogs/es/prevenidos/movilidad-sostenible-trabajo-nueva-obligacion-legal-impacto
2,F25-Q1,F25,mode,current,edenred.es,software,https://www.edenred.es/blog/nueva-ley-de-movilidad-sostenible-obligaciones-para-las-empresas-y-como-cumplirlas/
2,F25-Q1,F25,mode,current,iso-39001.es,advisory,https://www.iso-39001.es/plan-movilidad
2,F25-Q1,F25,mode,current,movilidadsostenible.com.es,other,https://www.movilidadsostenible.com.es/plan-de-movilidad-al-trabajo/
2,F25-Q2,F25,aio,outdated,ibermutua.es,other,https://www.ibermutua.es/contenido/resumen-ley-movilidad-sostenible/
2,F25-Q2,F25,aio,outdated,sevillatechpark.es,other,https://sevillatechpark.es/zh/entra-en-vigor-la-ley-de-movilidad-sostenible-conoce-todas-las-obligaciones-y-beneficios-para-tu-empresa-de-esta-nueva-normativa-clave/
2,F25-Q2,F25,aio,outdated,vallbe.cat,advisory,https://vallbe.cat/es/articulo/ley-movilidad-sostenible-laboral
2,F25-Q2,F25,aio,outdated,cms.law,advisory,https://cms.law/es/esp/publication/movilidad-sostenible-en-la-empresa-del-plan-obligatorio-a-la-negociacion-colectiva
2,F25-Q2,F25,aio,outdated,eranovum.energy,other,https://eranovum.energy/es/blog/nueva-ley-de-movilidad-sostenible-como-afectara-a-ciudadanos-y-empresas/
2,F25-Q2,F25,aio,outdated,pereiramenaut.es,advisory,https://pereiramenaut.es/ley-movilidad-sostenible/
2,F25-Q2,F25,aio,outdated,legaltoday.com,advisory,https://www.legaltoday.com/practica-juridica/derecho-social-laboral/las-empresas-deberan-implantar-planes-de-movilidad-en-dos-anos-o-enfrentarse-a-sanciones-y-perdida-de-ayudas-2025-12-22/
2,F25-Q2,F25,mode,current,quironprevencion.com,advisory,https://www.quironprevencion.com/blogs/es/prevenidos/movilidad-sostenible-trabajo-nueva-obligacion-legal-impacto
2,F25-Q2,F25,mode,current,iberley.es,advisory,https://www.iberley.es/revista/ley-9-2025-rdl-7-2026-nuevas-obligaciones-las-empresas-relacion-los-planes-movilidad-sostenible-trabajo-pmst-1456
2,F25-Q2,F25,mode,current,mariscal-abogados.es,advisory,https://www.mariscal-abogados.es/obligaciones-para-las-empresas-en-espana-segun-la-ley-de-movilidad-sostenible/
2,F25-Q3,F25,aio,current,youtube.com,forum_social,https://youtube.com/ (path withheld)
2,F25-Q3,F25,aio,current,fraternidad.com,other,https://www.fraternidad.com/es-ES/plan-movilidad-sostenible-al-trabajo-pmst-faqs
2,F25-Q3,F25,aio,current,uso.es,other,https://www.uso.es/ley-de-movilidad-sostenible-que-debe-hacer-la-empresa-para-que-llegues-seguro-al-trabajo/
2,F25-Q3,F25,aio,current,quironprevencion.com,advisory,https://www.quironprevencion.com/blogs/es/prevenidos/movilidad-sostenible-trabajo-nueva-obligacion-legal-impacto
2,F25-Q3,F25,aio,current,innovate40.es,other,https://innovate40.es/blog/2026/03/23/plan-movilidad-sostenible-trabajo-empresa/
2,F25-Q3,F25,aio,current,ibermutua.es,other,https://www.ibermutua.es/wp-content/uploads/2026/06/Planes-de-Movilidad-al-Trabajo_Preguntas-y-respuestas-frecuentes-para-empresas-y-organizaciones-.pdf?v=1785395330
2,F25-Q3,F25,aio,current,dekra.es,other,https://www.dekra.es/es/planes-desplazamiento-empresa-movilidad-sostenible/
2,F25-Q3,F25,aio,current,movilidadsostenible.com.es,other,https://www.movilidadsostenible.com.es/plan-de-movilidad-al-trabajo/
2,F25-Q3,F25,mode,not_stated,fraternidad.com,other,https://www.fraternidad.com/es-ES/plan-movilidad-sostenible-al-trabajo-pmst-faqs
2,F25-Q3,F25,mode,not_stated,iso-39001.es,advisory,https://www.iso-39001.es/plan-movilidad
2,F25-Q3,F25,mode,not_stated,quironprevencion.com,advisory,https://www.quironprevencion.com/blogs/es/prevenidos/movilidad-sostenible-trabajo-nueva-obligacion-legal-impacto
2,F25-Q3,F25,mode,not_stated,movilidadsostenible.com.es,other,https://www.movilidadsostenible.com.es/plan-de-movilidad-al-trabajo/
2,F26-Q1,F26,aio,current,landoo.es,software,https://www.landoo.es/blog/odoo-landoo-blog-1/aeat-verifactu-57
2,F26-Q1,F26,aio,current,caisoft.es,software,https://www.caisoft.es/blog/facturacion/verifactu-quien-esta-obligado
2,F26-Q1,F26,aio,current,innoqubit.com,software,https://www.innoqubit.com/verifactu-quien-esta-obligado/
2,F26-Q1,F26,aio,current,leiregil.com,advisory,https://www.leiregil.com/que-pasa-si-no-uso-verifactu/
2,F26-Q1,F26,mode,current,sede.agenciatributaria.gob.es,aeat,https://sede.agenciatributaria.gob.es/Sede/iva/sistemas-informaticos-facturacion-verifactu/nota-informativa-ampliacion-plazo-adaptacion-facturacion.html
2,F26-Q1,F26,mode,current,verifactu.com,software,https://www.verifactu.com/plazos-verifactu/
2,F26-Q1,F26,mode,current,getrenn.com,software,https://getrenn.com/es/blog/verifactu-entrada-en-vigor
2,F26-Q1,F26,mode,current,gesisa.net,advisory,https://www.gesisa.net/blog/calendario-verifactu-obligaciones-plazos/
2,F26-Q2,F26,aio,current,bancsabadell.com,other,https://www.bancsabadell.com/bsnacional/es/blog/sistema-verifactu-que-es-cuando-sera-obligatorio-y-que-deben-hacer-autonomos-y-empresas-en-2027/
2,F26-Q2,F26,aio,current,sede.agenciatributaria.gob.es,aeat,https://sede.agenciatributaria.gob.es/Sede/iva/sistemas-informaticos-facturacion-verifactu/cuestiones-generales/quienes-estan-obligados-que-operaciones-incluyen.html
2,F26-Q2,F26,aio,current,holded.com,software,https://www.holded.com/es/blog/verifactu-para-autonomos
2,F26-Q2,F26,aio,current,caisoft.es,software,https://www.caisoft.es/blog/facturacion/verifactu-quien-esta-obligado
2,F26-Q2,F26,mode,current,boe.es,boe,https://www.boe.es/buscar/doc.php?id=BOE-A-2023-24840
2,F26-Q2,F26,mode,current,sede.agenciatributaria.gob.es,aeat,https://sede.agenciatributaria.gob.es/Sede/todas-noticias/2025/diciembre/3/ampliacion-plazo-adaptacion-sistemas-informaticos-facturacion.html
2,F26-Q2,F26,mode,current,portal.coag.es,other,https://portal.coag.es/es/lexislacion-es/aplazamiento-de-la-entrada-en-vigor-del-verifactu/
2,F26-Q2,F26,mode,current,infoautonomos.com,advisory,https://www.infoautonomos.com/blog/verifactu-cuando-es-obligatorio-a-quien-afecta/
2,F26-Q3,F26,aio,current,seconta.es,advisory,https://seconta.es/en-2026-llega-verifactu-el-nuevo-sistema-de-facturacion-de-hacienda-y-esto-es-lo-que-autonomos-y-empresas-deben-saber/
2,F26-Q3,F26,aio,current,elequipoia.com,other,https://elequipoia.com/verifactu-factura-electronica-2026/
2,F26-Q3,F26,aio,current,sede.agenciatributaria.gob.es,aeat,https://sede.agenciatributaria.gob.es/Sede/iva/sistemas-informaticos-facturacion-verifactu/nota-informativa-ampliacion-plazo-adaptacion-facturacion.html
2,F26-Q3,F26,aio,current,teamsystem.es,software,https://teamsystem.es/magazine/verifactu-se-retrasa-2027/
2,F26-Q3,F26,aio,current,rtve.es,press,https://www.rtve.es/noticias/20251202/gobierno-retrasa-normativa-facturacion-electronica-verifactu/16841238.shtml
2,F26-Q3,F26,aio,current,grupo2000.es,advisory,https://www.grupo2000.es/la-facturacion-electronica-sera-obligatoria-a-partir-de-verano/
2,F26-Q3,F26,mode,current,sede.agenciatributaria.gob.es,aeat,https://sede.agenciatributaria.gob.es/Sede/iva/sistemas-informaticos-facturacion-verifactu/nota-informativa-ampliacion-plazo-adaptacion-facturacion.html
2,F26-Q3,F26,mode,current,auris.legal,advisory,https://auris.legal/nuevo-aplazamiento-del-reglamento-verifactu-la-aplicacion-obligatoria-se-retrasa-a-2027/
2,F26-Q4,F26,aio,current,bnfix.com,software,https://www.bnfix.com/el-sistema-verifactu-aplazado-hasta-2027/
2,F26-Q4,F26,aio,current,supercontable.com,software,https://www.supercontable.com/boletin/G/articulos/aplazado_verifactu_hasta_2027_como_actuar_seguir_cambio_obligacion_programas_facturacion.html
2,F26-Q4,F26,aio,current,juberayjubera.com,advisory,https://juberayjubera.com/blog/verifactu-aplazado-hasta-2027-que-es-y-como-afecta-a-empresas-y-autonomos
2,F26-Q4,F26,aio,current,clavei.es,software,https://www.clavei.es/blog/aplazamiento-verifactu-2027-ventaja-empresas-adelantadas/
2,F26-Q4,F26,aio,current,instagram.com,forum_social,https://instagram.com/ (path withheld)
2,F26-Q4,F26,mode,current,bnfix.com,software,https://www.bnfix.com/el-sistema-verifactu-aplazado-hasta-2027/
2,F26-Q4,F26,mode,current,sede.agenciatributaria.gob.es,aeat,https://sede.agenciatributaria.gob.es/Sede/iva/sistemas-informaticos-facturacion-verifactu/nota-informativa-ampliacion-plazo-adaptacion-facturacion.html
2,F27-Q1,F27,aio,current,wolterskluwer.com,advisory,https://www.wolterskluwer.com/es-es/expert-insights/verifactu-que-es
2,F27-Q1,F27,aio,current,e-autonomos.es,other,https://e-autonomos.es/verifactu-en-2027-la-nueva-fecha-limite-autonomos
2,F27-Q1,F27,aio,current,reixmor.com,other,https://www.reixmor.com/verifactu-para-modulos-guia-completa-2026/
2,F27-Q1,F27,aio,current,frihet.io,software,https://www.frihet.io/es/blog/verifactu-que-necesitas-saber-autonomo-2027
2,F27-Q1,F27,aio,current,qonto.com,other,https://qonto.com/es/blog/asesorias/factura-electronica/verifactu-cuando-entra-en-vigor-y-que-necesitas-saber
2,F27-Q1,F27,aio,current,instagram.com,forum_social,https://instagram.com/ (path withheld)
2,F27-Q1,F27,aio,current,youtube.com,forum_social,https://youtube.com/ (path withheld)
2,F27-Q1,F27,aio,current,tukonta.com,advisory,https://tukonta.com/asesoramiento/verifactu-que-es/
2,F27-Q1,F27,aio,current,tarifaautonomo.com,other,https://tarifaautonomo.com/blog/factura-electronica-obligatoria-autonomos-cuando
2,F27-Q1,F27,mode,current,holded.com,software,https://www.holded.com/es/blog/verifactu-para-autonomos
2,F27-Q1,F27,mode,current,bancsabadell.com,other,https://www.bancsabadell.com/bsnacional/es/blog/sistema-verifactu-que-es-cuando-sera-obligatorio-y-que-deben-hacer-autonomos-y-empresas-en-2027/
2,F27-Q1,F27,mode,current,qonto.com,other,https://qonto.com/es/blog/gestion-empresa/facturacion/verifactu-para-autonomos-obligaciones-plazos-y-como-adaptarte
2,F27-Q1,F27,mode,current,declarando.es,software,https://declarando.es/verifactu
2,F27-Q2,F27,aio,current,invoo.es,software,https://invoo.es/es/blog/guias/verifactu-2025-2026-guia-completa-autonomos-pymes/
2,F27-Q2,F27,aio,current,getrenn.com,software,https://getrenn.com/es/blog/verifactu
2,F27-Q2,F27,aio,current,grupo2000.es,advisory,https://www.grupo2000.es/la-facturacion-electronica-sera-obligatoria-a-partir-de-verano/
2,F27-Q2,F27,aio,current,finlai.es,software,https://www.finlai.es/autonomos/verifactu
2,F27-Q2,F27,aio,current,youtube.com,forum_social,https://youtube.com/ (path withheld)
2,F27-Q2,F27,mode,current,dsi-net.com,software,https://www.dsi-net.com/verifactu-para-autonomos/
2,F27-Q2,F27,mode,current,verifactu.com,software,https://www.verifactu.com/plazos-verifactu/
2,F27-Q2,F27,mode,current,bonetasesores.com,advisory,https://bonetasesores.com/blog/verifactu-calendario-entrada-en-vigor/
2,F27-Q2,F27,mode,current,facturaenlinea.es,software,https://www.facturaenlinea.es/la-guia-del-empresario/finanzas-y-contabilidad/facturacion/verifactu-para-autonomos-cuando-entra-en-vigor-y-a-quien-afecta
2,F27-Q3,F27,aio,current,stelorder.com,software,https://www.stelorder.com/blog/que-autonomos-deben-cumplir-con-verifactu/
2,F27-Q3,F27,aio,current,wolterskluwer.com,advisory,https://www.wolterskluwer.com/es-es/expert-insights/verifactu-que-es
2,F27-Q3,F27,aio,current,blog.groupseres.com,software,https://blog.groupseres.com/nuevo-sistema-facturacion-verifactu
2,F27-Q3,F27,aio,current,gestoriagaliano.com,advisory,https://gestoriagaliano.com/reglamento-verifactu/
2,F27-Q3,F27,aio,current,iavanza.es,other,https://www.iavanza.es/cuando-entra-en-vigor-verifactu-2027/
2,F27-Q3,F27,aio,current,leyfacturaelectronica.com,software,https://leyfacturaelectronica.com/cuando-es-obligatorio-verifactu-para-los-autonomos/
2,F27-Q3,F27,mode,current,wolterskluwer.com,advisory,https://www.wolterskluwer.com/es-es/expert-insights/verifactu-autonomos-claves-nuevo-sistema
2,F27-Q3,F27,mode,current,infoautonomos.com,advisory,https://www.infoautonomos.com/blog/verifactu-cuando-es-obligatorio-a-quien-afecta/
2,F27-Q3,F27,mode,current,holded.com,software,https://www.holded.com/es/blog/verifactu-para-autonomos
2,F28-Q1,F28,aio,current,grupo2000.es,advisory,https://www.grupo2000.es/la-facturacion-electronica-sera-obligatoria-a-partir-de-verano/
2,F28-Q1,F28,aio,current,consultingf.com,advisory,https://www.consultingf.com/blog/factura-electronica-obligatoria-empresas/
2,F28-Q1,F28,aio,current,mafosan.com,advisory,https://mafosan.com/blog/ley-de-facturacion-electronica-que-debe-preparar-tu-empresa-y-cuando-sera-obligatoria/
2,F28-Q1,F28,aio,current,es.linkedin.com,forum_social,https://es.linkedin.com/ (path withheld)
2,F28-Q1,F28,aio,current,blogempresas.yoigo.com,other,https://blogempresas.yoigo.com/factura-electronica-obligatoria-plazos-soluciones-para-pymes/
2,F28-Q1,F28,aio,current,autonomo-simple.es,other,https://www.autonomo-simple.es/blog/factura-electronica-obligatoria-autonomos
2,F28-Q1,F28,aio,current,youtube.com,forum_social,https://youtube.com/ (path withheld)
2,F28-Q1,F28,mode,mixed,groupseres.com,software,https://www.groupseres.com/ley-crea-y-crece-factura-electronica
2,F28-Q1,F28,mode,mixed,caixabank.com,other,https://www.caixabank.com/es/esfera/content/factura-electronica-obligatoria
2,F28-Q1,F28,mode,mixed,bbva.com,other,https://www.bbva.com/es/es/empresas/factura-electronica-b2b-y-ley-crea-y-crece-calendario-requisitos-y-retos/
2,F28-Q2,F28,aio,current,cegid.com,software,https://www.cegid.com/ib/es/ley-crea-crece/
2,F28-Q2,F28,aio,current,wolterskluwer.com,advisory,https://www.wolterskluwer.com/es-es/expert-insights/factura-electronica-obligatoria-que-es-plazos
2,F28-Q2,F28,aio,current,taxfix.com,software,https://taxfix.com/es-es/facturacion/ley-crea-y-crece-cuando-entra-en-vigor/
2,F28-Q2,F28,aio,current,salvia365.es,other,https://salvia365.es/ley-crea-y-crece-y-factura-electronica-b2b/
2,F28-Q2,F28,mode,incorrect,wolterskluwer.com,advisory,https://www.wolterskluwer.com/es-es/expert-insights/ley-crea-crece-claves-novedades
2,F28-Q2,F28,mode,incorrect,boe.es,boe,https://www.boe.es/diario_boe/txt.php?id=BOE-A-2026-7295
2,F28-Q2,F28,mode,incorrect,sede.agenciatributaria.gob.es,aeat,https://sede.agenciatributaria.gob.es/Sede/todas-noticias/2026/marzo/31/facturacion-electronica-obligatoria.html
2,F28-Q2,F28,mode,incorrect,b2brouter.net,software,https://www.b2brouter.net/es/ley-crea-crece-factura-electronica/
2,F28-Q3,F28,aio,incorrect,declarando.es,software,https://declarando.es/factura-electronica
2,F28-Q3,F28,aio,incorrect,infoautonomos.com,advisory,https://www.infoautonomos.com/blog/factura-electronica-obligatoria-autonomos/
2,F28-Q3,F28,aio,incorrect,youtube.com,forum_social,https://youtube.com/ (path withheld)
2,F28-Q3,F28,aio,incorrect,youtube.com,forum_social,https://youtube.com/ (path withheld)
2,F28-Q3,F28,mode,mixed,declarando.es,software,https://declarando.es/factura-electronica
2,F28-Q3,F28,mode,mixed,sede.agenciatributaria.gob.es,aeat,https://sede.agenciatributaria.gob.es/Sede/todas-noticias/2026/marzo/31/facturacion-electronica-obligatoria.html
2,F28-Q3,F28,mode,mixed,infoautonomos.com,advisory,https://www.infoautonomos.com/blog/factura-electronica-obligatoria-autonomos/
2,F28-Q4,F28,aio,mixed,caixabank.com,other,https://www.caixabank.com/es/esfera/content/factura-electronica-obligatoria
2,F28-Q4,F28,aio,mixed,edicomgroup.com,software,https://edicomgroup.com/es/blog/la-facturacion-electronica-sera-obligatoria-para-las-empresas-espanolas
2,F28-Q4,F28,aio,mixed,declarando.es,software,https://declarando.es/factura-electronica
2,F28-Q4,F28,aio,mixed,youtube.com,forum_social,https://youtube.com/ (path withheld)
2,F28-Q4,F28,mode,incorrect,sede.agenciatributaria.gob.es,aeat,https://sede.agenciatributaria.gob.es/Sede/todas-noticias/2026/marzo/31/facturacion-electronica-obligatoria.html
2,F28-Q4,F28,mode,incorrect,caixabank.com,other,https://www.caixabank.com/es/esfera/content/factura-electronica-obligatoria
2,F28-Q4,F28,mode,incorrect,grupo2000.es,advisory,https://www.grupo2000.es/la-facturacion-electronica-sera-obligatoria-a-partir-de-verano/
2,F28-Q4,F28,mode,incorrect,edicomgroup.com,software,https://edicomgroup.com/es/blog/la-facturacion-electronica-sera-obligatoria-para-las-empresas-espanolas
2,F28-Q4,F28,mode,incorrect,dashdoc.com,software,https://www.dashdoc.com/es/blog/factura-electronica-en-el-transporte
2,F28-Q4,F28,mode,incorrect,boe.es,boe,https://www.boe.es/diario_boe/txt.php?id=BOE-A-2026-7295
3,F01-Q1,F01,aio,current,lamoncloa.gob.es,other_public,https://www.lamoncloa.gob.es/serviciosdeprensa/notasprensa/trabajo14/paginas/2023/140223-salario-minimo-interprofesional.aspx
3,F01-Q1,F01,aio,current,taxdown.es,software,https://taxdown.es/blog/smi-salario-minimo-interprofesional
3,F01-Q1,F01,aio,current,bancsabadell.com,other,https://www.bancsabadell.com/bsnacional/es/blog/salario-minimo-interprofesional-en-espana/
3,F01-Q1,F01,mode,current,boe.es,boe,https://www.boe.es/buscar/doc.php?id=BOE-A-2026-3815
3,F01-Q1,F01,mode,current,lamoncloa.gob.es,other_public,https://www.lamoncloa.gob.es/serviciosdeprensa/notasprensa/trabajo14/paginas/2023/140223-salario-minimo-interprofesional.aspx
3,F01-Q1,F01,mode,current,grupo2000.es,advisory,https://www.grupo2000.es/asi-sera-tu-nomina-en-2020-tras-congelarse-el-salario-minimo/
3,F01-Q2,F01,aio,current,lamoncloa.gob.es,other_public,https://www.lamoncloa.gob.es/serviciosdeprensa/notasprensa/trabajo14/paginas/2023/140223-salario-minimo-interprofesional.aspx
3,F01-Q2,F01,aio,current,boe.es,boe,https://www.boe.es/buscar/doc.php?id=BOE-A-2026-3815
3,F01-Q2,F01,aio,current,caixabank.com,other,https://www.caixabank.com/es/esfera/content/salario-minimo-smi
3,F01-Q2,F01,aio,current,prodegest.com,advisory,https://www.prodegest.com/smi-2026/
3,F01-Q2,F01,aio,current,taxdown.es,software,https://taxdown.es/blog/smi-salario-minimo-interprofesional
3,F01-Q2,F01,mode,current,lamoncloa.gob.es,other_public,https://www.lamoncloa.gob.es/serviciosdeprensa/notasprensa/trabajo14/paginas/2023/140223-salario-minimo-interprofesional.aspx
3,F01-Q2,F01,mode,current,caixabank.com,other,https://www.caixabank.com/es/esfera/content/salario-minimo-smi
3,F01-Q2,F01,mode,current,prodegest.com,advisory,https://www.prodegest.com/smi-2026/
3,F01-Q3,F01,aio,current,lamoncloa.gob.es,other_public,https://www.lamoncloa.gob.es/serviciosdeprensa/notasprensa/trabajo14/paginas/2023/140223-salario-minimo-interprofesional.aspx
3,F01-Q3,F01,aio,current,taxdown.es,software,https://taxdown.es/blog/smi-salario-minimo-interprofesional
3,F01-Q3,F01,mode,current,lamoncloa.gob.es,other_public,https://www.lamoncloa.gob.es/serviciosdeprensa/notasprensa/trabajo14/paginas/2023/140223-salario-minimo-interprofesional.aspx
3,F01-Q3,F01,mode,current,taxdown.es,software,https://taxdown.es/blog/smi-salario-minimo-interprofesional
3,F01-Q3,F01,mode,current,wise.com,other,https://wise.com/co/blog/salario-minimo-en-espana
3,F01-Q4,F01,aio,current,grupo2000.es,advisory,https://www.grupo2000.es/asi-sera-tu-nomina-en-2020-tras-congelarse-el-salario-minimo/
3,F01-Q4,F01,aio,current,taxdown.es,software,https://taxdown.es/blog/smi-salario-minimo-interprofesional
3,F01-Q4,F01,aio,current,instagram.com,forum_social,https://instagram.com/ (path withheld)
3,F01-Q4,F01,aio,current,pimec.org,other,https://pimec.org/es/actualidad/noticia/n/real-decreto-126-2026-de-18-de-febrero-por-el-que-se-fija-el-salario-minimo-interprofesional-para-2026
3,F01-Q4,F01,mode,current,lamoncloa.gob.es,other_public,https://www.lamoncloa.gob.es/serviciosdeprensa/notasprensa/trabajo14/paginas/2023/140223-salario-minimo-interprofesional.aspx
3,F01-Q4,F01,mode,current,prodegest.com,advisory,https://www.prodegest.com/smi-2026/
3,F02-Q1,F02,aio,current,inclusion.gob.es,social_security,https://www.inclusion.gob.es/w/el-gobierno-amplia-en-tres-semanas-el-permiso-de-nacimiento-y-cuidado-de-menor-y-lo-incrementa-a-32-semanas-para-familias-monoparentales-1
3,F02-Q1,F02,aio,current,uso.es,other,https://www.uso.es/como-pedir-las-semanas-adicionales-del-permiso-de-maternidad-paternidad/
3,F02-Q1,F02,aio,current,maternify.io,software,https://www.maternify.io/blog/permisos-maternidad-paternidad-2026
3,F02-Q1,F02,aio,current,teamsystem.es,software,https://teamsystem.es/magazine/permiso-paternidad-2026/
3,F02-Q1,F02,aio,current,seg-social.es,social_security,https://www.seg-social.es/wps/portal/wss/internet/Trabajadores/PrestacionesPensionesTrabajadores/6b96a085-4dc0-47af-b2cb-97e00716791e/0b5879ed-1156-4676-b38c-7229dcba9c49/descansoet
3,F02-Q1,F02,mode,current,uso.es,other,https://www.uso.es/como-pedir-las-semanas-adicionales-del-permiso-de-maternidad-paternidad/
3,F02-Q1,F02,mode,current,edenred.es,software,https://www.edenred.es/blog/baja-de-maternidad-y-de-paternidad-todo-lo-que-necesitas-saber/
3,F02-Q1,F02,mode,current,maternify.io,software,https://www.maternify.io/blog/permisos-maternidad-paternidad-2026
3,F02-Q1,F02,mode,current,teamsystem.es,software,https://teamsystem.es/magazine/permiso-paternidad-2026/
3,F02-Q1,F02,mode,current,factorial.es,software,https://factorial.es/blog/permiso-de-paternidad/
3,F02-Q2,F02,aio,current,skello.es,software,https://www.skello.es/blog/baja-maternidad-paternidad
3,F02-Q2,F02,aio,current,prestacionespornacimiento.es,other,https://prestacionespornacimiento.es/guias/parto-multiple?srsltid=AU7gw4WlFWsRfeCUUleIWIUuqKa_lK3GQyhcDr46Q1eSl46AfU6Hbuak
3,F02-Q2,F02,aio,current,instagram.com,forum_social,https://instagram.com/ (path withheld)
3,F02-Q2,F02,aio,current,instagram.com,forum_social,https://instagram.com/ (path withheld)
3,F02-Q2,F02,aio,current,noticiasobreras.es,press,https://noticiasobreras.es/2025/09/de-dos-dias-a-19-semanas-el-salto-historico-de-los-permisos-de-paternidad-en-espana/?srsltid=AU7gw4WfVjL7sKsbc8l_-pqN6x9bsMaZG1hVyB-u8M7gtu_WzJ4TK14d
3,F02-Q2,F02,aio,current,prestacionespornacimiento.es,other,https://prestacionespornacimiento.es/guias/parto-multiple
3,F02-Q2,F02,mode,current,boe.es,boe,https://www.boe.es/boe/dias/2025/07/30/pdfs/BOE-A-2025-15741.pdf
3,F02-Q2,F02,mode,current,seg-social.es,social_security,https://www.seg-social.es/wps/portal/wss/internet/Trabajadores/PrestacionesPensionesTrabajadores/6b96a085-4dc0-47af-b2cb-97e00716791e
3,F02-Q2,F02,mode,current,lamoncloa.gob.es,other_public,https://www.lamoncloa.gob.es/serviciosdeprensa/notasprensa/inclusion/paginas/2025/solicitud-permiso-nacimiento-y-cuidado-menor.aspx
3,F02-Q2,F02,mode,current,maternify.io,software,https://www.maternify.io/blog/permisos-maternidad-paternidad-2026
3,F02-Q2,F02,mode,current,alibebe.es,other,https://alibebe.es/blog/post/baja-por-maternidad?srsltid=AU7gw4XODcnEZEybBreVyzXs3NIYsvgPRBKJ5Lje620IB2n0qmOroLg2
3,F02-Q2,F02,mode,current,alibebe.es,other,https://alibebe.es/blog/post/baja-por-maternidad
3,F02-Q3,F02,mode,current,payfit.com,software,https://payfit.com/es/contenido-practico/baja-por-maternidad/
3,F02-Q3,F02,mode,current,bankinter.com,other,https://www.bankinter.com/blog/finanzas-personales/baja-maternidad-paternidad
3,F02-Q3,F02,mode,current,seg-social.es,social_security,https://www.seg-social.es/wps/portal/wss/internet/Trabajadores/PrestacionesPensionesTrabajadores/6b96a085-4dc0-47af-b2cb-97e00716791e/0b5879ed-1156-4676-b38c-7229dcba9c49/descansoet
3,F02-Q3,F02,mode,current,lamoncloa.gob.es,other_public,https://www.lamoncloa.gob.es/serviciosdeprensa/notasprensa/inclusion/paginas/2025/solicitud-permiso-nacimiento-y-cuidado-menor.aspx
3,F02-Q4,F02,aio,current,revista.seg-social.es,social_security,https://revista.seg-social.es/-/c%C3%B3mo-pedir-la-prestaci%C3%B3n-por-nacimiento-y-cuidado-de-menor
3,F02-Q4,F02,aio,current,maternify.io,software,https://www.maternify.io/blog/permisos-maternidad-paternidad-2026
3,F02-Q4,F02,aio,current,teamsystem.es,software,https://teamsystem.es/magazine/permiso-paternidad-2026/
3,F02-Q4,F02,aio,current,mibajaparental.es,other,https://www.mibajaparental.es/guia-baja-parental.html
3,F02-Q4,F02,aio,current,bankinter.com,other,https://www.bankinter.com/blog/finanzas-personales/baja-maternidad-paternidad
3,F02-Q4,F02,aio,current,factorial.es,software,https://factorial.es/blog/permiso-de-paternidad/
3,F02-Q4,F02,aio,current,facebook.com,forum_social,https://facebook.com/ (path withheld)
3,F02-Q4,F02,mode,current,seg-social.es,social_security,https://www.seg-social.es/wps/portal/wss/internet/Trabajadores/PrestacionesPensionesTrabajadores/6b96a085-4dc0-47af-b2cb-97e00716791e/0b5879ed-1156-4676-b38c-7229dcba9c49/descansoet
3,F02-Q4,F02,mode,current,vidacaixa.es,other,https://www.vidacaixa.es/articulos/seguros-e-imprevistos/permisos-bajas-maternidad-paternidad
3,F02-Q4,F02,mode,current,teamsystem.es,software,https://teamsystem.es/magazine/permiso-paternidad-2026/
3,F02-Q4,F02,mode,current,factorial.es,software,https://factorial.es/blog/permiso-de-paternidad/
3,F02-Q4,F02,mode,current,grupo2000.es,advisory,https://www.grupo2000.es/asi-es-el-proyecto-de-ley-que-ampliara-el-permiso-de-paternidad-a-16-semanas/
3,F03-Q1,F03,aio,current,comunidad.madrid,other_public,https://www.comunidad.madrid/educacion/permiso-nacimiento-madre-biologica
3,F03-Q1,F03,aio,current,prensa.mites.gob.es,other_public,https://prensa.mites.gob.es/webPrensa/listado-noticia/noticia/4469
3,F03-Q1,F03,aio,current,seg-social.es,social_security,https://www.seg-social.es/wps/portal/wss/internet/Trabajadores/PrestacionesPensionesTrabajadores/6b96a085-4dc0-47af-b2cb-97e00716791e/0b5879ed-1156-4676-b38c-7229dcba9c49/descansoet
3,F03-Q1,F03,aio,current,talenom.com,advisory,https://talenom.com/es-es/blog/laboral/permiso-maternidad-paternidad-19-semanas/
3,F03-Q1,F03,aio,current,prestaciones.seg-social.es,social_security,https://prestaciones.seg-social.es/servicio/solicitar-periodos-prestacion-nacimiento-cuidado-menor.html
3,F03-Q1,F03,mode,current,revista.seg-social.es,social_security,https://revista.seg-social.es/-/c%C3%B3mo-pedir-la-prestaci%C3%B3n-por-nacimiento-y-cuidado-de-menor
3,F03-Q1,F03,mode,current,inclusion.gob.es,social_security,https://www.inclusion.gob.es/w/el-gobierno-amplia-en-tres-semanas-el-permiso-de-nacimiento-y-cuidado-de-menor-y-lo-incrementa-a-32-semanas-para-familias-monoparentales-1
3,F03-Q1,F03,mode,current,mibajaparental.es,other,https://www.mibajaparental.es/permiso-monoparental-32-semanas.html
3,F03-Q1,F03,mode,current,prestaciones.seg-social.es,social_security,https://prestaciones.seg-social.es/servicio/prestacion-nacimiento-adopcion-cuidado-menor.html
3,F03-Q1,F03,mode,current,prestacionespornacimiento.es,other,https://prestacionespornacimiento.es/guias/familia-monoparental?srsltid=AU7gw4VbbfsXfco4zosEaRc8bg9iG_nqrn1sGJOhuZziBBaie1IpJ51l
3,F03-Q1,F03,mode,current,seg-social.es,social_security,https://www.seg-social.es/wps/portal/wss/internet/Trabajadores/PrestacionesPensionesTrabajadores/6b96a085-4dc0-47af-b2cb-97e00716791e/0b5879ed-1156-4676-b38c-7229dcba9c49/descansoet
3,F03-Q1,F03,mode,current,prestacionespornacimiento.es,other,https://prestacionespornacimiento.es/guias/familia-monoparental
3,F03-Q2,F03,aio,current,inclusion.gob.es,social_security,https://www.inclusion.gob.es/w/el-gobierno-amplia-en-tres-semanas-el-permiso-de-nacimiento-y-cuidado-de-menor-y-lo-incrementa-a-32-semanas-para-familias-monoparentales-1
3,F03-Q2,F03,aio,current,mibajaparental.es,other,https://www.mibajaparental.es/permiso-monoparental-32-semanas.html
3,F03-Q2,F03,mode,current,inclusion.gob.es,social_security,https://www.inclusion.gob.es/w/el-gobierno-amplia-en-tres-semanas-el-permiso-de-nacimiento-y-cuidado-de-menor-y-lo-incrementa-a-32-semanas-para-familias-monoparentales-1
3,F03-Q2,F03,mode,current,comunidad.madrid,other_public,https://www.comunidad.madrid/educacion/permiso-nacimiento-madre-biologica
3,F03-Q2,F03,mode,current,mibajaparental.es,other,https://www.mibajaparental.es/permiso-monoparental-32-semanas.html
3,F03-Q2,F03,mode,current,edenred.es,software,https://www.edenred.es/blog/baja-de-maternidad-y-de-paternidad-todo-lo-que-necesitas-saber/
3,F03-Q3,F03,aio,current,inclusion.gob.es,social_security,https://www.inclusion.gob.es/w/el-gobierno-amplia-en-tres-semanas-el-permiso-de-nacimiento-y-cuidado-de-menor-y-lo-incrementa-a-32-semanas-para-familias-monoparentales-1
3,F03-Q3,F03,aio,current,mibajaparental.es,other,https://www.mibajaparental.es/permiso-monoparental-32-semanas.html
3,F03-Q3,F03,aio,current,babybelegal.com,advisory,https://babybelegal.com/blogs/noticias/baja-maternidad-familia-monoparental
3,F03-Q3,F03,mode,current,revista.seg-social.es,social_security,https://revista.seg-social.es/-/c%C3%B3mo-pedir-la-prestaci%C3%B3n-por-nacimiento-y-cuidado-de-menor
3,F03-Q3,F03,mode,current,prestaciones.seg-social.es,social_security,https://prestaciones.seg-social.es/servicio/prestacion-nacimiento-adopcion-cuidado-menor.html
3,F03-Q3,F03,mode,current,mibajaparental.es,other,https://www.mibajaparental.es/permiso-monoparental-32-semanas.html
3,F03-Q3,F03,mode,current,augustaabogados.com,advisory,https://augustaabogados.com/publicado-el-real-decreto-ley-9-2025-de-29-de-julio-por-el-que-se-amplia-el-permiso-de-nacimiento-y-cuidado-de-menor/
3,F03-Q3,F03,mode,current,elespanol.com,press,https://www.elespanol.com/valencia/20260926/oficial-trabajadores-pueden-ampliar-permiso-nacimiento-hijo-semanas-trt/1003744394401_0.html
3,F04-Q1,F04,aio,current,wolterskluwer.com,advisory,https://www.wolterskluwer.com/es-es/expert-insights/despido-por-incapacidad-permanente-total
3,F04-Q1,F04,aio,current,augustaabogados.com,advisory,https://augustaabogados.com/extincion-del-contrato-por-incapacidad-permanente/
3,F04-Q1,F04,aio,current,laboral-social.com,advisory,https://www.laboral-social.com/ley-2-2025-incapacidad-permanente-extincion-contrato
3,F04-Q1,F04,aio,current,rebesferrer.com,advisory,https://www.rebesferrer.com/13010-2/
3,F04-Q1,F04,aio,current,youtube.com,forum_social,https://youtube.com/ (path withheld)
3,F04-Q1,F04,mode,current,bloglaboral.garrigues.com,advisory,https://bloglaboral.garrigues.com/la-incapacidad-permanente-ya-no-extingue-automaticamente-el-contrato-de-trabajo
3,F04-Q1,F04,mode,current,sagardoy.com,advisory,https://sagardoy.com/la-ley-2-2025-y-la-extincion-del-contrato-por-incapacidad-permanente/
3,F04-Q1,F04,mode,current,augustaabogados.com,advisory,https://augustaabogados.com/extincion-del-contrato-por-incapacidad-permanente/
3,F04-Q2,F04,aio,current,youtube.com,forum_social,https://youtube.com/ (path withheld)
3,F04-Q2,F04,aio,current,supercontable.com,software,https://www.supercontable.com/informacion/laboral/El_despido_de_un_empleado_tras_declararse_la_.html
3,F04-Q2,F04,aio,current,thinkco.es,other,https://thinkco.es/adios-al-despido-automatico-por-incapacidad-permanente-claves-de-la-ley-2-2025/
3,F04-Q2,F04,mode,current,boe.es,boe,https://www.boe.es/diario_boe/txt.php?id=BOE-A-2025-8567
3,F04-Q2,F04,mode,current,iberley.es,advisory,https://www.iberley.es/noticias/publicada-derogacion-despido-automatico-incapacidad-permanente-34735
3,F04-Q2,F04,mode,current,prensa.mites.gob.es,other_public,https://prensa.mites.gob.es/webPrensa/listado-noticia/noticia/4335
3,F04-Q2,F04,mode,current,garciadelasantaabogados.es,advisory,https://www.garciadelasantaabogados.es/derecho-laboral/guia-sobre-la-extincion-y-la-suspension-del-contrato-por-incapacidad-permanente/
3,F04-Q3,F04,aio,current,wolterskluwer.com,advisory,https://www.wolterskluwer.com/es-es/expert-insights/despido-por-incapacidad-permanente-total
3,F04-Q3,F04,aio,current,jenasa.com,advisory,https://www.jenasa.com/extincion-del-contrato-por-incapacidad-permanente/
3,F04-Q3,F04,aio,current,economistjurist.es,press,https://www.economistjurist.es/articulos-juridicos-destacados/incapacidad-permanente-y-empleo-asi-cambia-el-regimen-juridico-con-la-ley-2-2025/
3,F04-Q3,F04,aio,current,gutierrezarrudi.com,advisory,https://gutierrezarrudi.com/incapacidad-permanente-total/
3,F04-Q3,F04,aio,current,alfyr.es,advisory,https://www.alfyr.es/incapacidad-permanente-suspension-contrato-trabajo/
3,F04-Q3,F04,aio,current,bufetetoro.com,advisory,https://www.bufetetoro.com/blog/trabajar-con-incapacidad-permanente-descubre-las-actividades-compatibles/
3,F04-Q3,F04,aio,current,youtube.com,forum_social,https://youtube.com/ (path withheld)
3,F04-Q3,F04,mode,current,boe.es,boe,https://www.boe.es/diario_boe/txt.php?id=BOE-A-2025-8567
3,F04-Q3,F04,mode,current,sagardoy.com,advisory,https://sagardoy.com/la-ley-2-2025-y-la-extincion-del-contrato-por-incapacidad-permanente/
3,F04-Q3,F04,mode,current,csif.es,other,https://www.csif.es/es/articulo/nacional/administraciondejusticia/70520
3,F04-Q3,F04,mode,current,elderecho.com,advisory,https://elderecho.com/la-extincion-del-contrato-de-trabajo-por-incapacidad-permanente-sobrevenida-novedades-introducidas-por-la-ley-2-2025-de-29-de-abril
3,F04-Q3,F04,mode,current,portalprestaciones.es,other,https://portalprestaciones.es/compatibilidad-incapacidad-permanente-total-trabajo-2026/
3,F04-Q4,F04,aio,current,wolterskluwer.com,advisory,https://www.wolterskluwer.com/es-es/expert-insights/despido-por-incapacidad-permanente-total
3,F04-Q4,F04,aio,current,campmanyabogados.com,advisory,https://www.campmanyabogados.com/blog/quien-comunica-a-la-empresa-la-incapacidad-permanente-de-un-trabajador
3,F04-Q4,F04,aio,current,velazquezyvilla.es,advisory,https://velazquezyvilla.es/que-pasa-con-mi-trabajo-si-me-conceden-una-incapacidad/
3,F04-Q4,F04,aio,current,spmas.es,other,https://www.spmas.es/blog/incapacidad-permanente-total-guia-para-actuar-bien/
3,F04-Q4,F04,aio,current,tiktok.com,forum_social,https://tiktok.com/ (path withheld)
3,F04-Q4,F04,aio,current,tiktok.com,forum_social,https://tiktok.com/ (path withheld)
3,F04-Q4,F04,aio,current,youtube.com,forum_social,https://youtube.com/ (path withheld)
3,F04-Q4,F04,aio,current,carrilloasesores.com,advisory,https://carrilloasesores.com/post/como-gestionar-la-incapacidad-permanente-en-tu-empresa/
3,F04-Q4,F04,aio,current,youtube.com,forum_social,https://youtube.com/ (path withheld)
3,F04-Q4,F04,mode,current,uso.es,other,https://www.uso.es/estos-son-los-cambios-ley-2-2025-regulacion-laboral-incapacidad-permanente/
3,F04-Q4,F04,mode,current,elderecho.com,advisory,https://elderecho.com/extincion-del-contrato-por-incapacidad-permanente/
3,F04-Q4,F04,mode,current,sirventygranados.com,advisory,https://sirventygranados.com/incapacidad-permanente-y-contrato-de-trabajo-ley-2-2025/
3,F04-Q4,F04,mode,current,garciadelasantaabogados.es,advisory,https://www.garciadelasantaabogados.es/derecho-laboral/guia-sobre-la-extincion-y-la-suspension-del-contrato-por-incapacidad-permanente/
3,F05-Q1,F05,aio,current,conesalegal.com,advisory,https://www.conesalegal.com/es/info/la-jornada-laboral-los-permisos-y-las-vacaciones
3,F05-Q1,F05,aio,current,shiftbase.com,software,https://www.shiftbase.com/es/blog/reduccion-jornada-laboral-37-5-horas
3,F05-Q1,F05,aio,current,lasprovincias.es,press,https://www.lasprovincias.es/economia/reduccion-jornada-convenios-colectivos-20250218134414-nt.html
3,F05-Q1,F05,aio,current,instagram.com,forum_social,https://instagram.com/ (path withheld)
3,F05-Q1,F05,mode,current,administracion.gob.es,other_public,https://administracion.gob.es/tu-espacio-europeo/derechos-obligaciones/ciudadanos/trabajo-jubilacion/condiciones-trabajo/jornada-permisos
3,F05-Q1,F05,mode,current,teamsystem.es,software,https://teamsystem.es/magazine/trabajar-mas-de-40-horas-semanales/
3,F05-Q1,F05,mode,current,factorial.es,software,https://factorial.es/blog/nueva-ley-jornada-laboral-38-5-horas-semanales/
3,F05-Q1,F05,mode,current,studentjob.es,other,https://www.studentjob.es/orientacion-profesional/derechos/jornada-laboral
3,F05-Q2,F05,mode,current,cegid.com,software,https://www.cegid.com/ib/es/reduccion-jornada-laboral/
3,F05-Q2,F05,mode,current,factorial.es,software,https://factorial.es/blog/nueva-ley-jornada-laboral-38-5-horas-semanales/
3,F05-Q2,F05,mode,current,pgplanning.es,other,https://www.pgplanning.es/blog/todo-sobre-la-reduccion-de-la-jornada/
3,F05-Q3,F05,aio,current,wolterskluwer.com,advisory,https://www.wolterskluwer.com/es-es/expert-insights/jornada-laboral-375-horas-semanales
3,F05-Q3,F05,aio,current,factorial.es,software,https://factorial.es/blog/nueva-ley-jornada-laboral-38-5-horas-semanales/
3,F05-Q3,F05,aio,current,grupo2000.es,advisory,https://www.grupo2000.es/ayudas-de-hasta-150-000-euros-por-reducir-la-jornada-laboral-a-4-dias/
3,F05-Q3,F05,aio,current,controllaboral.es,advisory,https://controllaboral.es/cuando-entra-vigor-reduccion-jornada-laboral-espana/
3,F05-Q3,F05,aio,current,devesa.law,advisory,https://www.devesa.law/reduccion-jornada-laboral-maxima/
3,F05-Q3,F05,aio,current,cope.es,press,https://www.cope.es/actualidad/economia/noticias/adios-jornada-laboral-conocemos-gran-cambio-llega-2026-20251023_3237900.html
3,F05-Q3,F05,aio,current,elespanol.com,press,https://www.elespanol.com/sociedad/20260507/oficial-jornada-laboral-reduce-convenio-ano-despues-intento-lograr-horas/1003744232243_0.html
3,F05-Q3,F05,mode,current,factorial.es,software,https://factorial.es/blog/nueva-ley-jornada-laboral-38-5-horas-semanales/
3,F05-Q3,F05,mode,current,checkpluspresence.com,software,https://www.checkpluspresence.com/blog/reduccion-jornada-laboral-espana/
3,F05-Q3,F05,mode,current,securexrrhh.com,advisory,https://securexrrhh.com/reduccion-de-jornada-a-375-horas-que-es-real-y-que-no-en-2026/
3,F05-Q4,F05,aio,current,pgplanning.es,other,https://www.pgplanning.es/blog/todo-sobre-la-reduccion-de-la-jornada/
3,F05-Q4,F05,aio,current,genbeta.com,press,https://www.genbeta.com/laboral/congreso-tumba-reduccion-jornada-laboral-a-37-5-horas-esto-que-ocurrira-a-partir-ahora
3,F05-Q4,F05,aio,current,elespanol.com,press,https://www.elespanol.com/sociedad/20260507/oficial-jornada-laboral-reduce-convenio-ano-despues-intento-lograr-horas/1003744232243_0.html
3,F05-Q4,F05,mode,current,controllaboral.es,advisory,https://controllaboral.es/reduccion-jornada-laboral-ultima-hora/
3,F05-Q4,F05,mode,current,securexrrhh.com,advisory,https://securexrrhh.com/reduccion-de-jornada-a-375-horas-que-es-real-y-que-no-en-2026/
3,F05-Q4,F05,mode,current,factorial.es,software,https://factorial.es/blog/guia-reduccion-jornada-laboral/
3,F05-Q4,F05,mode,current,wolterskluwer.com,advisory,https://www.wolterskluwer.com/es-es/expert-insights/jornada-laboral-375-horas-semanales
3,F06-Q1,F06,aio,current,seg-social.es,social_security,https://www.seg-social.es/wps/portal/wss/internet/Trabajadores/CotizacionRecaudacionTrabajadores/36537
3,F06-Q1,F06,aio,current,wolterskluwer.com,advisory,https://www.wolterskluwer.com/es-es/expert-insights/bases-cotizacion-2026
3,F06-Q1,F06,aio,current,boe.es,boe,https://www.boe.es/diario_boe/txt.php?id=BOE-A-2026-7296
3,F06-Q1,F06,aio,current,garrigues.com,advisory,https://www.garrigues.com/es_ES/noticia/publica-orden-cotizacion-espana-2026
3,F06-Q1,F06,aio,current,laboral-social.com,advisory,https://www.laboral-social.com/publicada-orden-cotizacion-2026
3,F06-Q1,F06,aio,current,sage.com,software,https://www.sage.com/es-es/blog/las-cotizaciones-a-la-seguridad-social-conceptos-bases-y-porcentajes/
3,F06-Q1,F06,mode,current,seg-social.es,social_security,https://www.seg-social.es/wps/portal/wss/internet/Trabajadores/CotizacionRecaudacionTrabajadores/36537
3,F06-Q1,F06,mode,current,wolterskluwer.com,advisory,https://www.wolterskluwer.com/es-es/expert-insights/bases-cotizacion-2026
3,F06-Q1,F06,mode,current,asepeyo.es,other,https://www.asepeyo.es/duda/bases-y-tipos-de-cotizacion/
3,F06-Q1,F06,mode,current,laboral-social.com,advisory,https://www.laboral-social.com/publicada-orden-cotizacion-2026
3,F06-Q2,F06,aio,current,seg-social.es,social_security,https://www.seg-social.es/wps/portal/wss/internet/Trabajadores/CotizacionRecaudacionTrabajadores/36537
3,F06-Q2,F06,aio,current,asepeyo.es,other,https://www.asepeyo.es/duda/bases-y-tipos-de-cotizacion/
3,F06-Q2,F06,aio,current,grupo2000.es,advisory,https://www.grupo2000.es/que-seguros-sociales-debo-aplicar-en-2020-bases-y-tipos-de-cotizacion/
3,F06-Q2,F06,aio,current,wolterskluwer.com,advisory,https://www.wolterskluwer.com/es-es/expert-insights/bases-cotizacion-2026
3,F06-Q2,F06,aio,current,wolterskluwer.com,advisory,https://www.wolterskluwer.com/es-es/expert-insights/base-maxima-cotizacion-2024
3,F06-Q2,F06,aio,current,sage.com,software,https://www.sage.com/es-es/blog/las-cotizaciones-a-la-seguridad-social-conceptos-bases-y-porcentajes/
3,F06-Q2,F06,mode,current,seg-social.es,social_security,https://www.seg-social.es/wps/portal/wss/internet/Trabajadores/CotizacionRecaudacionTrabajadores/36537
3,F06-Q2,F06,mode,current,asepeyo.es,other,https://www.asepeyo.es/duda/bases-y-tipos-de-cotizacion/
3,F06-Q3,F06,mode,current,consejogestores.org,advisory,https://www.consejogestores.org/noticias/bases-de-cotizacion-a-la-seguridad-social-para-el-ejercicio-2025/
3,F06-Q3,F06,mode,current,wolterskluwer.com,advisory,https://www.wolterskluwer.com/es-es/expert-insights/bases-cotizacion-2026
3,F06-Q3,F06,mode,current,cuatrecasas.com,advisory,https://www.cuatrecasas.com/es/spain/laboral/art/seguridad-social-nuevos-topes-bases-cotizacion-2026
3,F06-Q4,F06,aio,current,bbva.es,other,https://www.bbva.es/finanzas-vistazo/ef/planes-de-pensiones/pension-maxima-jubilacion.html
3,F06-Q4,F06,aio,current,grupo2000.es,advisory,https://www.grupo2000.es/que-es-y-como-funcionara-la-nueva-cuota-de-solidaridad/
3,F06-Q4,F06,aio,current,compromisoempresarial.es,press,https://compromisoempresarial.es/bases-de-cotizacion-a-la-seguridad-social-2026-todo-lo-que-debes-saber/
3,F07-Q1,F07,aio,current,laboral-social.com,advisory,https://www.laboral-social.com/mecanismo-equidad-intergeneracional-mei-nominas-2026
3,F07-Q1,F07,aio,current,grupo2000.es,advisory,https://www.grupo2000.es/asi-afectara-a-tu-nomina-el-impuesto-de-equidad-intergeneracional/
3,F07-Q1,F07,aio,current,institutosantalucia.es,other,https://institutosantalucia.es/actualidad/seguridad-social/mei-que-es-y-como-afecta-a-tu-nomina/
3,F07-Q1,F07,aio,current,instagram.com,forum_social,https://instagram.com/ (path withheld)
3,F07-Q1,F07,mode,current,laboral-social.com,advisory,https://www.laboral-social.com/mecanismo-equidad-intergeneracional-mei-nominas-2026
3,F07-Q1,F07,mode,current,grupo2000.es,advisory,https://www.grupo2000.es/asi-afectara-a-tu-nomina-el-impuesto-de-equidad-intergeneracional/
3,F07-Q1,F07,mode,current,tax.es,advisory,https://www.tax.es/es/cambios-en-la-nomina-de-los-trabajadores-a-partir-de-2026-por-el-mecanismo-de-equidad-intergeneracional-mei
3,F07-Q2,F07,aio,current,wolterskluwer.com,advisory,https://www.wolterskluwer.com/es-es/expert-insights/mecanismo-de-equidad-intergeneracional-que-es
3,F07-Q2,F07,aio,current,pluxee.es,software,https://www.pluxee.es/blog/mecanismo-equidad-intergeneracional/
3,F07-Q2,F07,aio,current,facebook.com,forum_social,https://facebook.com/ (path withheld)
3,F07-Q2,F07,aio,current,iberley.es,advisory,https://www.iberley.es/revista/mei-afectara-tu-nomina-2023-736
3,F07-Q2,F07,mode,current,wolterskluwer.com,advisory,https://www.wolterskluwer.com/es-es/expert-insights/mecanismo-de-equidad-intergeneracional-que-es
3,F07-Q2,F07,mode,current,laboral-social.com,advisory,https://www.laboral-social.com/mecanismo-equidad-intergeneracional-mei-nominas-2026
3,F07-Q2,F07,mode,current,grupo2000.es,advisory,https://www.grupo2000.es/asi-afectara-a-tu-nomina-el-impuesto-de-equidad-intergeneracional/
3,F07-Q2,F07,mode,current,fs-uso.es,other,https://www.fs-uso.es/mei-en-2026/
3,F07-Q3,F07,aio,current,grupo2000.es,advisory,https://www.grupo2000.es/asi-afectara-a-tu-nomina-el-impuesto-de-equidad-intergeneracional/
3,F07-Q3,F07,aio,current,vidacaixa.es,other,https://www.vidacaixa.es/en/articulos/jubilacion-y-pensiones/mei-como-afecta-pensiones
3,F07-Q3,F07,aio,current,blogempresas.yoigo.com,other,https://blogempresas.yoigo.com/te-afecta-subida-del-mei-nomina-mes-mes/
3,F07-Q3,F07,mode,current,laboral-social.com,advisory,https://www.laboral-social.com/mecanismo-equidad-intergeneracional-mei-nominas-2026
3,F07-Q3,F07,mode,current,grupo2000.es,advisory,https://www.grupo2000.es/asi-afectara-a-tu-nomina-el-impuesto-de-equidad-intergeneracional/
3,F07-Q3,F07,mode,current,grupocastilla.es,software,https://www.grupocastilla.es/impuesto-mei/
3,F07-Q3,F07,mode,current,fiabilis.es,other,https://fiabilis.es/mei-2026-cotizacion-cambios/
3,F08-Q1,F08,aio,current,pluxee.es,software,https://www.pluxee.es/blog/cuota-solidaridad/
3,F08-Q1,F08,aio,current,bbvamijubilacion.es,other,https://www.bbvamijubilacion.es/blog/en-2026-sube-el-mei-la-cotizacion-de-solidaridad-y-la-base-maxima-pagaras-mas-cotizaciones/
3,F08-Q1,F08,aio,current,bbvamijubilacion.es,other,https://www.bbvamijubilacion.es/blog/cuota-de-solidaridad-2026-tramos-salariales-de-cotizacion-por-encima-de-la-base-maxima-y-tipos-aplicados/
3,F08-Q1,F08,aio,current,pimec.org,other,https://pimec.org/es/actualidad/noticia/n/cotizacion-adicional-de-solidaridad-2026
3,F08-Q1,F08,mode,current,seg-social.es,social_security,https://www.seg-social.es/wps/portal/wss/internet/Trabajadores/CotizacionRecaudacionTrabajadores/36537
3,F08-Q1,F08,mode,current,grupo2000.es,advisory,https://www.grupo2000.es/que-es-y-como-funcionara-la-nueva-cuota-de-solidaridad/
3,F08-Q1,F08,mode,current,pluxee.es,software,https://www.pluxee.es/blog/cuota-solidaridad/
3,F08-Q2,F08,aio,current,grupo2000.es,advisory,https://www.grupo2000.es/que-es-y-como-funcionara-la-nueva-cuota-de-solidaridad/
3,F08-Q2,F08,aio,current,ibercaja.es,other,https://www.ibercaja.es/particulares/blog/actualidad/que-es-la-cuota-de-solidaridad-y-como-se-aplica/
3,F08-Q2,F08,aio,current,bbvamijubilacion.es,other,https://www.bbvamijubilacion.es/blog/cuota-de-solidaridad-2026-tramos-salariales-de-cotizacion-por-encima-de-la-base-maxima-y-tipos-aplicados/
3,F08-Q2,F08,aio,current,payfit.com,software,https://payfit.com/es/contenido-practico/cuota-solidaridad/
3,F08-Q2,F08,mode,current,grupo2000.es,advisory,https://www.grupo2000.es/que-es-y-como-funcionara-la-nueva-cuota-de-solidaridad/
3,F08-Q2,F08,mode,current,payfit.com,software,https://payfit.com/es/contenido-practico/cuota-solidaridad/
3,F08-Q2,F08,mode,current,institutosantalucia.es,other,https://institutosantalucia.es/actualidad/pensiones/cotizacion-adicional-de-solidaridad-2025-2026/
3,F08-Q2,F08,mode,current,copilotgestoria.com,advisory,https://copilotgestoria.com/blog/cuota-solidaridad-2026-calcular-nomina-tramos-ejemplos-guia-gestorias
3,F08-Q2,F08,mode,current,seg-social.es,social_security,https://www.seg-social.es/wps/portal/wss/internet/Trabajadores/CotizacionRecaudacionTrabajadores/36537
3,F08-Q3,F08,aio,current,grupo2000.es,advisory,https://www.grupo2000.es/que-es-y-como-funcionara-la-nueva-cuota-de-solidaridad/
3,F08-Q3,F08,aio,current,es.andersen.com,advisory,https://es.andersen.com/blog/2024/04/29/la-cotizacion-adicional-de-solidaridad-para-los-salarios-mas-altos/
3,F08-Q3,F08,aio,current,ayuda.teamsystem.es,software,https://ayuda.teamsystem.es/hc/es/articles/32074269283601-N2150-Cotizaci%C3%B3n-adicional-de-solidaridad-por-el-exceso-de-la-base-m%C3%A1xima
3,F08-Q3,F08,aio,current,maldita.es,press,https://maldita.es/malditateexplica/20240403/cuota-solidaria-cotizacion-seguridad-social/
3,F08-Q3,F08,aio,current,dig.es,other,https://www.dig.es/cuota-solidaridad-2025-en-espana-todo-lo-que-debes-saber/
3,F08-Q3,F08,mode,current,grupo2000.es,advisory,https://www.grupo2000.es/que-es-y-como-funcionara-la-nueva-cuota-de-solidaridad/
3,F08-Q3,F08,mode,current,seg-social.es,social_security,https://www.seg-social.es/wps/portal/wss/internet/Trabajadores/CotizacionRecaudacionTrabajadores/36537
3,F08-Q3,F08,mode,current,idealista.com,other,https://www.idealista.com/news/finanzas/economia/2026/01/02/878386-los-salarios-superiores-a-los-5-101-2-euros-al-mes-pagaran-una-cotizacion-extra-a
3,F08-Q3,F08,mode,current,bbva.com,other,https://www.bbva.com/es/es/salud-financiera/cuota-de-solidaridad-en-espana-que-es-a-quien-afecta-y-como-se-calcula/
3,F08-Q3,F08,mode,current,nnespana.es,other,https://www.nnespana.es/blog/cuota-de-solidaridad-2026-que-es-y-a-quien-afecta
3,F09-Q1,F09,mode,current,seg-social.es,social_security,https://www.seg-social.es/wps/portal/wss/internet/Pensionistas/Revalorizacion/30431
3,F09-Q1,F09,mode,current,lamoncloa.gob.es,other_public,https://www.lamoncloa.gob.es/serviciosdeprensa/notasprensa/inclusion/paginas/2026/subida-pensiones-2026.aspx
3,F09-Q1,F09,mode,current,caixabank.com,other,https://www.caixabank.com/es/esfera/content/pension-minima-maxima-2026
3,F09-Q2,F09,aio,current,seg-social.es,social_security,https://www.seg-social.es/wps/portal/wss/internet/Pensionistas/Revalorizacion/30431
3,F09-Q2,F09,aio,current,lamoncloa.gob.es,other_public,https://www.lamoncloa.gob.es/serviciosdeprensa/notasprensa/inclusion/paginas/2026/subida-pensiones-2026.aspx
3,F09-Q2,F09,aio,current,laboral-social.com,advisory,https://www.laboral-social.com/pensiones-revalorizacion-2026
3,F09-Q2,F09,mode,current,seg-social.es,social_security,https://www.seg-social.es/wps/portal/wss/internet/Pensionistas/Revalorizacion/30431
3,F09-Q2,F09,mode,current,caixabank.com,other,https://www.caixabank.com/es/esfera/content/pension-minima-maxima-2026
3,F09-Q2,F09,mode,current,infobae.com,press,https://www.infobae.com/espana/2026/10/02/las-pensiones-apuntan-a-una-subida-del-35-en-2027-tras-la-escalada-del-ipc-esta-es-la-cifra-que-cobraran-los-jubilados/
3,F09-Q3,F09,aio,current,pyramide.es,other,https://www.pyramide.es/revalorizacion-de-las-pensiones-y-otras-medidas-urgentes-en-materia-de-seguridad-social/
3,F09-Q3,F09,aio,current,bbvamijubilacion.es,other,https://www.bbvamijubilacion.es/blog/el-ipc-de-septiembre-49-incrementa-hasta-el-35-la-estimacion-de-revalorizacion-de-las-pensiones-para-2027/
3,F09-Q3,F09,aio,current,tododisca.es,other,https://tododisca.es/prestaciones/congreso-convalida-revalorizacion-pensiones-ano-2026-subida-27/
3,F09-Q3,F09,aio,current,diariodealmeria.es,press,https://www.diariodealmeria.es/almeria/aprobada-revalorizacion-pensiones-sera-incremento_0_2006018343.html
3,F09-Q3,F09,mode,current,seg-social.es,social_security,https://www.seg-social.es/wps/portal/wss/internet/Pensionistas/Revalorizacion/30431
3,F09-Q3,F09,mode,current,lamoncloa.gob.es,other_public,https://www.lamoncloa.gob.es/serviciosdeprensa/notasprensa/inclusion/paginas/2026/subida-pensiones-2026.aspx
3,F09-Q3,F09,mode,current,caixabank.com,other,https://www.caixabank.com/es/esfera/content/pension-minima-maxima-2026
3,F09-Q4,F09,mode,current,imserso.es,other_public,https://imserso.es/detalle-actualidad/-/asset_publisher/n1oS8lWfrx6m/content/el-consejo-de-ministros-aprueba-la-revalorizacion-de-las-pensiones-para-2026/20123
3,F09-Q4,F09,mode,current,caixabank.com,other,https://www.caixabank.com/es/esfera/content/pension-minima-maxima-2026
3,F10-Q1,F10,aio,current,taxdown.es,software,https://taxdown.es/blog/pensiones-no-contributivas
3,F10-Q1,F10,aio,current,imserso.es,other_public,https://imserso.es/documents/20123/1595507/pncresumen2026.pdf/c4b41c80-63fe-942d-7231-f3ee20e28694
3,F10-Q1,F10,aio,current,juntadeandalucia.es,other_public,https://www.juntadeandalucia.es/organismos/serviciossocialesfamiliaseigualdad/areas/pensiones/cuantias.html
3,F10-Q1,F10,aio,current,serviciossociales.gva.es,other_public,https://serviciossociales.gva.es/es/web/integracion-inclusionsocial-cooperacion/pensions-no-contributives
3,F10-Q1,F10,aio,current,solidaridadintergeneracional.es,other,https://solidaridadintergeneracional.es/wp/tabla-con-los-nuevos-importes-y-el-calculo-de-las-pensiones-no-contributivas-en-2026/
3,F10-Q1,F10,mode,current,imserso.es,other_public,https://imserso.es/documents/20123/1595507/pncresumen2026.pdf/c4b41c80-63fe-942d-7231-f3ee20e28694
3,F10-Q1,F10,mode,current,imserso.es,other_public,https://imserso.es/detalle-imagen/-/asset_publisher/mRMO7xZ4z5DY/content/actualizacion-de-las-pensiones-para-2026-1
3,F10-Q1,F10,mode,current,solidaridadintergeneracional.es,other,https://solidaridadintergeneracional.es/wp/tabla-con-los-nuevos-importes-y-el-calculo-de-las-pensiones-no-contributivas-en-2026/
3,F10-Q1,F10,mode,current,lamoncloa.gob.es,other_public,https://www.lamoncloa.gob.es/serviciosdeprensa/notasprensa/inclusion/paginas/2024/pension-contributiva-jubilacion-requisitos.aspx
3,F10-Q1,F10,mode,current,vidacaixa.es,other,https://www.vidacaixa.es/articulos/jubilacion-y-pensiones/pension-no-contributiva
3,F10-Q1,F10,mode,current,juntadeandalucia.es,other_public,https://www.juntadeandalucia.es/organismos/serviciossocialesfamiliaseigualdad/areas/pensiones/cuantias.html
3,F10-Q1,F10,mode,current,asidi.com,other,https://asidi.com/pensiones-no-contributivas-en-espana-en-2026/
3,F10-Q1,F10,mode,current,iberley.es,advisory,https://www.iberley.es/noticias/publicado-rd-revalorizacion-las-pensiones-2026-35944
3,F10-Q1,F10,mode,current,youtube.com,forum_social,https://youtube.com/ (path withheld)
3,F10-Q1,F10,mode,current,youtube.com,forum_social,https://youtube.com/ (path withheld)
3,F10-Q2,F10,aio,current,imserso.es,other_public,https://imserso.es/documents/20123/1595507/pncresumen2026.pdf/c4b41c80-63fe-942d-7231-f3ee20e28694
3,F10-Q2,F10,aio,current,imserso.es,other_public,https://imserso.es/detalle-imagen/-/asset_publisher/mRMO7xZ4z5DY/content/actualizacion-de-las-pensiones-para-2026-1
3,F10-Q2,F10,aio,current,juntadeandalucia.es,other_public,https://www.juntadeandalucia.es/organismos/serviciossocialesfamiliaseigualdad/areas/pensiones/cuantias.html
3,F10-Q2,F10,aio,current,solidaridadintergeneracional.es,other,https://solidaridadintergeneracional.es/wp/tabla-con-los-nuevos-importes-y-el-calculo-de-las-pensiones-no-contributivas-en-2026/
3,F10-Q2,F10,aio,current,asidi.com,other,https://asidi.com/pensiones-no-contributivas-en-espana-en-2026/
3,F10-Q2,F10,aio,current,iberley.es,advisory,https://www.iberley.es/noticias/publicado-rd-revalorizacion-las-pensiones-2026-35944
3,F10-Q2,F10,aio,current,taxdown.es,software,https://taxdown.es/blog/pensiones-no-contributivas
3,F10-Q2,F10,mode,current,seg-social.es,social_security,https://www.seg-social.es/wps/portal/wss/internet/Pensionistas/Revalorizacion/30431
3,F10-Q2,F10,mode,current,imserso.es,other_public,https://imserso.es/documents/20123/1595507/pncresumen2026.pdf/c4b41c80-63fe-942d-7231-f3ee20e28694
3,F10-Q2,F10,mode,current,vidacaixa.es,other,https://www.vidacaixa.es/articulos/jubilacion-y-pensiones/pension-no-contributiva
3,F10-Q2,F10,mode,current,taxdown.es,software,https://taxdown.es/blog/pensiones-no-contributivas
3,F10-Q3,F10,aio,current,sede.comunidad.madrid,other_public,https://sede.comunidad.madrid/prestacion-social/pension-no-contributiva-jubilacion
3,F10-Q3,F10,aio,current,lamoncloa.gob.es,other_public,https://www.lamoncloa.gob.es/serviciosdeprensa/notasprensa/inclusion/paginas/2024/pension-contributiva-jubilacion-requisitos.aspx
3,F10-Q3,F10,aio,current,caixabank.com,other,https://www.caixabank.com/es/esfera/content/pension-no-contributiva
3,F10-Q3,F10,aio,current,juntadeandalucia.es,other_public,https://www.juntadeandalucia.es/organismos/serviciossocialesfamiliaseigualdad/areas/pensiones/cuantias.html
3,F10-Q3,F10,aio,current,vidacaixa.es,other,https://www.vidacaixa.es/articulos/jubilacion-y-pensiones/pension-no-contributiva
3,F10-Q3,F10,mode,current,imserso.es,other_public,https://imserso.es/documents/20123/1595507/pncresumen2026.pdf/c4b41c80-63fe-942d-7231-f3ee20e28694
3,F10-Q3,F10,mode,current,asidi.com,other,https://asidi.com/pensiones-no-contributivas-en-espana-en-2026/
3,F10-Q3,F10,mode,current,taxdown.es,software,https://taxdown.es/blog/pensiones-no-contributivas
3,F11-Q1,F11,aio,current,seg-social.es,social_security,https://www.seg-social.es/wps/portal/wss/internet/Pensionistas/Revalorizacion/30459
3,F11-Q1,F11,aio,current,seg-social.es,social_security,https://www.seg-social.es/wps/portal/wss/internet/Pensionistas/Revalorizacion/30431
3,F11-Q1,F11,aio,current,zurich.es,other,https://www.zurich.es/blog/pension-maxima-minima-espana-2026
3,F11-Q1,F11,aio,current,labrujuladelaspensiones.com,other,https://www.labrujuladelaspensiones.com/las-pensiones-en-2026/
3,F11-Q1,F11,aio,current,bbva.es,other,https://www.bbva.es/finanzas-vistazo/ef/planes-de-pensiones/pension-maxima-jubilacion.html
3,F11-Q1,F11,mode,current,vidacaixa.es,other,https://www.vidacaixa.es/articulos/jubilacion-y-pensiones/pension-maxima-jubilacion
3,F11-Q1,F11,mode,current,seg-social.es,social_security,https://www.seg-social.es/wps/portal/wss/internet/Pensionistas/Revalorizacion/30459
3,F11-Q2,F11,aio,current,bbva.es,other,https://www.bbva.es/finanzas-vistazo/ef/planes-de-pensiones/pension-maxima-jubilacion.html
3,F11-Q2,F11,aio,current,vidacaixa.es,other,https://www.vidacaixa.es/articulos/jubilacion-y-pensiones/pension-maxima-jubilacion
3,F11-Q2,F11,aio,current,gestifis.com,advisory,https://gestifis.com/blog/cual-es-la-jubilacion-maxima-en-espana-y-quien-puede-cobrarla/
3,F11-Q2,F11,aio,current,youtube.com,forum_social,https://youtube.com/ (path withheld)
3,F11-Q2,F11,mode,current,caixabank.com,other,https://www.caixabank.com/es/esfera/content/pension-minima-maxima-2026
3,F11-Q2,F11,mode,current,institutosantalucia.es,other,https://institutosantalucia.es/actualidad/pensiones/pension-maxima/
3,F11-Q2,F11,mode,current,seg-social.es,social_security,https://www.seg-social.es/wps/portal/wss/internet/Pensionistas/Revalorizacion/30459
3,F11-Q3,F11,aio,current,seg-social.es,social_security,https://www.seg-social.es/wps/portal/wss/internet/Pensionistas/Revalorizacion/30459
3,F11-Q3,F11,aio,current,bbva.es,other,https://www.bbva.es/finanzas-vistazo/ef/planes-de-pensiones/pension-maxima-jubilacion.html
3,F11-Q3,F11,aio,current,zurich.es,other,https://www.zurich.es/blog/pension-maxima-minima-espana-2026
3,F11-Q3,F11,aio,current,gestifis.com,advisory,https://gestifis.com/blog/cual-es-la-jubilacion-maxima-en-espana-y-quien-puede-cobrarla/
3,F11-Q3,F11,aio,current,gestoriabarrantes.es,advisory,https://gestoriabarrantes.es/actualidad/pension-minima-y-maxima/
3,F11-Q3,F11,mode,current,seg-social.es,social_security,https://www.seg-social.es/wps/portal/wss/internet/Pensionistas/Revalorizacion/30459
3,F11-Q3,F11,mode,current,institutosantalucia.es,other,https://institutosantalucia.es/actualidad/pensiones/pension-maxima/
3,F11-Q3,F11,mode,current,zurich.es,other,https://www.zurich.es/blog/pension-maxima-minima-espana-2026
3,F11-Q4,F11,aio,current,bbva.es,other,https://www.bbva.es/finanzas-vistazo/ef/planes-de-pensiones/pension-maxima-jubilacion.html
3,F11-Q4,F11,aio,current,seg-social.es,social_security,https://www.seg-social.es/wps/portal/wss/internet/Pensionistas/Revalorizacion/30459
3,F11-Q4,F11,aio,current,vidacaixa.es,other,https://www.vidacaixa.es/articulos/jubilacion-y-pensiones/pension-maxima-jubilacion
3,F11-Q4,F11,aio,current,gestifis.com,advisory,https://gestifis.com/blog/cual-es-la-jubilacion-maxima-en-espana-y-quien-puede-cobrarla/
3,F11-Q4,F11,aio,current,eldebate.com,press,https://www.eldebate.com/economia/20260810/sueldo-necesitas-cobrar-pension-maxima-jubilacion-3360-euros-mes-cns_448195.html
3,F11-Q4,F11,mode,current,caixabank.com,other,https://www.caixabank.com/es/esfera/content/pension-minima-maxima-2026
3,F11-Q4,F11,mode,current,seg-social.es,social_security,https://www.seg-social.es/wps/portal/wss/internet/Pensionistas/Revalorizacion/30459
3,F11-Q4,F11,mode,current,vidacaixa.es,other,https://www.vidacaixa.es/articulos/jubilacion-y-pensiones/pension-maxima-jubilacion
3,F12-Q1,F12,aio,current,caixabank.com,other,https://www.caixabank.com/es/esfera/content/pension-minima-maxima-2026
3,F12-Q1,F12,aio,current,seg-social.es,social_security,https://www.seg-social.es/wps/portal/wss/internet/Pensionistas/Revalorizacion/30458
3,F12-Q1,F12,aio,current,bbva.es,other,https://www.bbva.es/finanzas-vistazo/ef/planes-de-pensiones/pension-minima.html
3,F12-Q1,F12,aio,current,seg-social.es,social_security,https://www.seg-social.es/wps/portal/wss/internet/Pensionistas/30430/30458/28095?changeLanguage=es
3,F12-Q1,F12,mode,current,seg-social.es,social_security,https://www.seg-social.es/wps/portal/wss/internet/Pensionistas/Revalorizacion/30434
3,F12-Q1,F12,mode,current,caixabank.com,other,https://www.caixabank.com/es/esfera/content/pension-minima-maxima-2026
3,F12-Q1,F12,mode,current,bbva.es,other,https://www.bbva.es/finanzas-vistazo/ef/planes-de-pensiones/pension-minima.html
3,F12-Q2,F12,aio,current,seg-social.es,social_security,https://www.seg-social.es/wps/portal/wss/internet/Pensionistas/Revalorizacion/30434
3,F12-Q2,F12,aio,current,caixabank.com,other,https://www.caixabank.com/es/esfera/content/pension-minima-maxima-2026
3,F12-Q2,F12,aio,current,zurich.es,other,https://www.zurich.es/blog/pension-maxima-minima-espana-2026
3,F12-Q2,F12,aio,current,iberley.es,advisory,https://www.iberley.es/noticias/publicado-rd-revalorizacion-las-pensiones-2026-35944
3,F12-Q2,F12,mode,current,boe.es,boe,https://www.boe.es/diario_boe/txt.php?id=BOE-A-2026-1484
3,F12-Q2,F12,mode,current,qida.es,other,https://www.qida.es/blog/tabla-de-jubilacion-por-anos-cotizados
3,F12-Q3,F12,aio,current,seg-social.es,social_security,https://www.seg-social.es/wps/portal/wss/internet/Pensionistas/Revalorizacion/30434
3,F12-Q3,F12,aio,current,caixabank.com,other,https://www.caixabank.com/es/esfera/content/pension-minima-maxima-2026
3,F12-Q3,F12,aio,current,bbva.es,other,https://www.bbva.es/finanzas-vistazo/ef/planes-de-pensiones/pension-minima.html
3,F12-Q3,F12,aio,current,vidacaixa.es,other,https://www.vidacaixa.es/articulos/jubilacion-y-pensiones/pension-minima-contributiva
3,F12-Q3,F12,aio,current,mutualidad.com,other,https://www.mutualidad.com/blog/pension-minima-maxima-de-jubilacion-2026
3,F12-Q3,F12,aio,current,gestoriabarrantes.es,advisory,https://gestoriabarrantes.es/actualidad/pension-minima-y-maxima/
3,F12-Q3,F12,aio,current,bancsabadell.com,other,https://www.bancsabadell.com/bsnacional/es/blog/cuantia-y-requisitos-de-la-pension-minima-de-jubilacion/
3,F12-Q3,F12,mode,current,bbva.es,other,https://www.bbva.es/finanzas-vistazo/ef/planes-de-pensiones/pension-minima.html
3,F12-Q3,F12,mode,current,seg-social.es,social_security,https://www.seg-social.es/wps/portal/wss/internet/Pensionistas/Revalorizacion/30434
3,F13-Q1,F13,aio,current,uso.es,other,https://www.uso.es/cual-es-la-edad-de-jubilacion-ordinaria-para-2026/
3,F13-Q1,F13,aio,current,vidacaixa.es,other,https://www.vidacaixa.es/articulos/jubilacion-y-pensiones/tabla-edad-jubilacion-segun-ano-nacimiento
3,F13-Q1,F13,aio,current,prestaciones.seg-social.es,social_security,https://prestaciones.seg-social.es/servicio/pension-jubilacion.html
3,F13-Q1,F13,aio,current,ugt-sp.es,other,https://ugt-sp.es/wp-content/uploads/boletin-jubilacion-seguridad-social-2026-web.pdf
3,F13-Q1,F13,mode,current,seg-social.es,social_security,https://www.seg-social.es/wps/portal/wss/internet/Trabajadores/PrestacionesPensionesTrabajadores/10963/28393/28396/28472
3,F13-Q1,F13,mode,current,vidacaixa.es,other,https://www.vidacaixa.es/articulos/jubilacion-y-pensiones/tabla-edad-jubilacion-segun-ano-nacimiento
3,F13-Q1,F13,mode,current,infobae.com,press,https://www.infobae.com/espana/2026/09/30/la-seguridad-social-lo-confirma-este-es-el-requisito-de-jubilacion-que-cambia-para-2027/
3,F13-Q2,F13,aio,outdated,prestaciones.seg-social.es,social_security,https://prestaciones.seg-social.es/servicio/pension-jubilacion.html
3,F13-Q2,F13,aio,outdated,vidacaixa.es,other,https://www.vidacaixa.es/articulos/jubilacion-y-pensiones/tabla-edad-jubilacion-segun-ano-nacimiento
3,F13-Q2,F13,aio,outdated,vidacaixa.es,other,https://www.vidacaixa.es/articulos/jubilacion-y-pensiones/edad-jubilar-anticipadamente
3,F13-Q2,F13,aio,outdated,vidacaixa.es,other,https://www.vidacaixa.es/anos-cotizados-para-jubilacion
3,F13-Q2,F13,aio,outdated,facebook.com,forum_social,https://facebook.com/ (path withheld)
3,F13-Q2,F13,aio,outdated,vidacaixa.es,other,https://www.vidacaixa.es/jubilacion-en-espana
3,F13-Q2,F13,mode,current,vidacaixa.es,other,https://www.vidacaixa.es/articulos/jubilacion-y-pensiones/tabla-edad-jubilacion-segun-ano-nacimiento
3,F13-Q3,F13,aio,current,seg-social.es,social_security,https://www.seg-social.es/wps/portal/wss/internet/Trabajadores/PrestacionesPensionesTrabajadores/10963/28393/28396/28472
3,F13-Q3,F13,aio,current,vidacaixa.es,other,https://www.vidacaixa.es/articulos/jubilacion-y-pensiones/tabla-edad-jubilacion-segun-ano-nacimiento
3,F13-Q3,F13,aio,current,caixabank.com,other,https://www.caixabank.com/es/esfera/content/requisitos-pension-jubilacion
3,F13-Q3,F13,mode,current,seg-social.es,social_security,https://www.seg-social.es/wps/portal/wss/internet/Trabajadores/PrestacionesPensionesTrabajadores/10963/28393/28396/28472
3,F13-Q3,F13,mode,current,prestaciones.seg-social.es,social_security,https://prestaciones.seg-social.es/servicio/pension-jubilacion.html
3,F13-Q3,F13,mode,current,vidacaixa.es,other,https://www.vidacaixa.es/articulos/jubilacion-y-pensiones/tabla-edad-jubilacion-segun-ano-nacimiento
3,F13-Q4,F13,aio,current,seg-social.es,social_security,https://www.seg-social.es/wps/portal/wss/internet/Trabajadores/PrestacionesPensionesTrabajadores/10963/28393/28396/28472
3,F13-Q4,F13,aio,current,caixabank.com,other,https://www.caixabank.com/es/esfera/content/requisitos-pension-jubilacion
3,F13-Q4,F13,aio,current,facebook.com,forum_social,https://facebook.com/ (path withheld)
3,F13-Q4,F13,aio,current,instagram.com,forum_social,https://instagram.com/ (path withheld)
3,F13-Q4,F13,aio,current,facebook.com,forum_social,https://facebook.com/ (path withheld)
3,F13-Q4,F13,mode,current,vidacaixa.es,other,https://www.vidacaixa.es/articulos/jubilacion-y-pensiones/tabla-edad-jubilacion-segun-ano-nacimiento
3,F13-Q4,F13,mode,current,sanidad.ccoo.es,other,https://sanidad.ccoo.es/28e11e9855db41cd8f0530fb53018081000058.pdf
3,F14-Q1,F14,aio,current,portal.seg-social.gob.es,social_security,https://portal.seg-social.gob.es/wps/portal/importass/importass/tramites/simuladorRETAPublico
3,F14-Q1,F14,aio,current,wolterskluwer.com,advisory,https://www.wolterskluwer.com/es-es/expert-insights/cuotas-autonomos-2026
3,F14-Q1,F14,aio,current,centregestor.es,advisory,https://centregestor.es/tramos-cuota-autonomos/
3,F14-Q1,F14,aio,current,bankinter.com,other,https://www.bankinter.com/blog/empresas/cuota-autonomos
3,F14-Q1,F14,aio,current,cuentica.com,software,https://cuentica.com/asesoria/guia-cuota-autonomos/
3,F14-Q1,F14,aio,current,vidacaixa.es,other,https://www.vidacaixa.es/articulos/finanzas-y-ahorro/cuanto-paga-un-autonomo
3,F14-Q1,F14,aio,current,talenom.com,advisory,https://talenom.com/es-es/blog/autonomos/nuevas-cuotas-autonomos/
3,F14-Q1,F14,aio,current,grupo2000.es,advisory,https://www.grupo2000.es/category/cuota-autonomos-2026/
3,F14-Q1,F14,aio,current,youtube.com,forum_social,https://youtube.com/ (path withheld)
3,F14-Q1,F14,mode,current,portal.seg-social.gob.es,social_security,https://portal.seg-social.gob.es/wps/portal/importass/importass/tramites/simuladorRETAPublico
3,F14-Q1,F14,mode,current,wolterskluwer.com,advisory,https://www.wolterskluwer.com/es-es/expert-insights/cuotas-autonomos-2026
3,F14-Q1,F14,mode,current,centregestor.es,advisory,https://centregestor.es/tramos-cuota-autonomos/
3,F14-Q1,F14,mode,current,cuentica.com,software,https://cuentica.com/asesoria/guia-cuota-autonomos/
3,F14-Q1,F14,mode,current,vidacaixa.es,other,https://www.vidacaixa.es/articulos/finanzas-y-ahorro/cuanto-paga-un-autonomo
3,F14-Q1,F14,mode,current,talenom.com,advisory,https://talenom.com/es-es/blog/autonomos/nuevas-cuotas-autonomos/
3,F14-Q2,F14,aio,current,centregestor.es,advisory,https://centregestor.es/tramos-cuota-autonomos/
3,F14-Q2,F14,aio,current,ata.es,other,https://ata.es/noticias/base-minima-autonomos-societarios-y-colaboradores/
3,F14-Q2,F14,aio,current,talenom.com,advisory,https://talenom.com/es-es/blog/autonomos/nuevas-cuotas-autonomos/
3,F14-Q2,F14,aio,current,youtube.com,forum_social,https://youtube.com/ (path withheld)
3,F14-Q2,F14,mode,current,wolterskluwer.com,advisory,https://www.wolterskluwer.com/es-es/expert-insights/cuotas-autonomos-2026
3,F14-Q2,F14,mode,current,infoautonomos.com,advisory,https://www.infoautonomos.com/seguridad-social/cuota-de-autonomos-cuanto-se-paga/
3,F14-Q2,F14,mode,current,ata.es,other,https://ata.es/noticias/base-minima-autonomos-societarios-y-colaboradores/
3,F14-Q2,F14,mode,current,cuentica.com,software,https://cuentica.com/asesoria/guia-cuota-autonomos/
3,F14-Q2,F14,mode,current,versis.es,other,https://versis.es/revista/cotizacion-autonomos-societarios-colaboradores-2026/
3,F14-Q2,F14,mode,current,infoautonomos.com,advisory,https://www.infoautonomos.com/blog/novedades-2026-autonomos-pymes/
3,F14-Q2,F14,mode,current,facebook.com,forum_social,https://facebook.com/ (path withheld)
3,F14-Q3,F14,aio,not_stated,portal.seg-social.gob.es,social_security,https://portal.seg-social.gob.es/wps/portal/importass/importass/tramites/simuladorRETAPublico
3,F14-Q3,F14,aio,not_stated,vidacaixa.es,other,https://www.vidacaixa.es/articulos/finanzas-y-ahorro/cuanto-paga-un-autonomo
3,F14-Q3,F14,aio,not_stated,centregestor.es,advisory,https://centregestor.es/tramos-cuota-autonomos/
3,F14-Q3,F14,aio,not_stated,talenom.com,advisory,https://talenom.com/es-es/blog/autonomos/nuevas-cuotas-autonomos/
3,F14-Q3,F14,mode,not_stated,infoautonomos.com,advisory,https://www.infoautonomos.com/seguridad-social/cuota-de-autonomos-cuanto-se-paga/
3,F14-Q3,F14,mode,not_stated,bankinter.com,other,https://www.bankinter.com/blog/empresas/cuota-autonomos
3,F14-Q3,F14,mode,not_stated,vidacaixa.es,other,https://www.vidacaixa.es/articulos/finanzas-y-ahorro/cuanto-paga-un-autonomo
3,F14-Q3,F14,mode,not_stated,holded.com,software,https://www.holded.com/es/blog/cuanto-paga-autonomo
3,F14-Q3,F14,mode,not_stated,billeo.es,software,https://www.billeo.es/blog/cuanto-paga-autonomo-espana-2026?srsltid=AU7gw4XFd08dLB3NmReHh_CLxnOfSXroCgNgBDSSpHlCxUP8awwdkcha
3,F14-Q4,F14,aio,not_stated,portal.seg-social.gob.es,social_security,https://portal.seg-social.gob.es/wps/portal/importass/importass/tramites/simuladorRETAPublico
3,F14-Q4,F14,aio,not_stated,centregestor.es,advisory,https://centregestor.es/tramos-cuota-autonomos/
3,F14-Q4,F14,aio,not_stated,bankinter.com,other,https://www.bankinter.com/blog/empresas/cuota-autonomos
3,F14-Q4,F14,aio,not_stated,vidacaixa.es,other,https://www.vidacaixa.es/articulos/finanzas-y-ahorro/cuanto-paga-un-autonomo
3,F14-Q4,F14,mode,not_stated,portal.seg-social.gob.es,social_security,https://portal.seg-social.gob.es/wps/portal/importass/importass/tramites/simuladorRETAPublico
3,F14-Q4,F14,mode,not_stated,wolterskluwer.com,advisory,https://www.wolterskluwer.com/es-es/expert-insights/cuotas-autonomos-2026
3,F14-Q4,F14,mode,not_stated,cuentica.com,software,https://cuentica.com/asesoria/guia-cuota-autonomos/
3,F14-Q4,F14,mode,not_stated,seg-social.es,social_security,https://www.seg-social.es/wps/portal/wss/internet/Trabajadores/CotizacionRecaudacionTrabajadores/10721/10724/1320/1322
3,F14-Q4,F14,mode,not_stated,talenom.com,advisory,https://talenom.com/es-es/blog/autonomos/nuevas-cuotas-autonomos/
3,F15-Q1,F15,aio,current,idealista.com,other,https://www.idealista.com/news/inmobiliario/vivienda/2026/05/21/898563-el-supremo-tumba-el-registro-unico-de-alquiler-de-corta-duracion-por-invadir
3,F15-Q1,F15,aio,current,checkinvacacional.com,software,https://www.checkinvacacional.com/el-supremo-anula-el-nrua
3,F15-Q1,F15,aio,current,facebook.com,forum_social,https://facebook.com/ (path withheld)
3,F15-Q1,F15,mode,current,idealista.com,other,https://www.idealista.com/news/inmobiliario/vivienda/2026/05/21/898563-el-supremo-tumba-el-registro-unico-de-alquiler-de-corta-duracion-por-invadir
3,F15-Q1,F15,mode,current,chekin.com,software,https://chekin.com/blog/real-decreto-1312-2024/
3,F15-Q1,F15,mode,current,idealista.com,other,https://www.idealista.com/news/finanzas/economia/2026/06/17/902373-el-supremo-se-reafirma-contra-el-registro-unico-de-alquileres-temporales-y-da-la-razon
3,F15-Q1,F15,mode,current,optimizabnb.es,other,https://optimizabnb.es/blog/nrua-preguntas-frecuentes-registro
3,F15-Q2,F15,aio,current,idealista.com,other,https://www.idealista.com/news/inmobiliario/vivienda/2026/05/21/898563-el-supremo-tumba-el-registro-unico-de-alquiler-de-corta-duracion-por-invadir
3,F15-Q2,F15,aio,current,facebook.com,forum_social,https://facebook.com/ (path withheld)
3,F15-Q2,F15,aio,current,instagram.com,forum_social,https://instagram.com/ (path withheld)
3,F15-Q2,F15,aio,current,youtube.com,forum_social,https://youtube.com/ (path withheld)
3,F15-Q2,F15,mode,outdated,mivau.gob.es,other_public,https://www.mivau.gob.es/vivienda/ventanilla-unica/alquiler-de-alojamientos-de-corta-duracion
3,F15-Q2,F15,mode,outdated,youtube.com,forum_social,https://youtube.com/ (path withheld)
3,F15-Q2,F15,mode,outdated,homyspace.com,other,https://www.homyspace.com/blog/nueva-normativa-en-relacion-con-el-nrua/
3,F15-Q2,F15,mode,outdated,lodgify.com,software,https://www.lodgify.com/blog/es/registro-unico-alquiler-turistico/
3,F15-Q2,F15,mode,outdated,registradores.org,other,https://www.registradores.org/documents/33383/229101/Manual_de_Solicitud_de_Numero_de_Registro_de_Alquiler.pdf/51d50715-4c30-05f3-baf9-79db36d79c84?t=1749813031486
3,F15-Q3,F15,aio,current,helpcenter.avaibook.com,software,https://helpcenter.avaibook.com/es/articles/11047130-numero-de-registro-unico-de-alquiler-nrua-para-uso-turistico-o-temporal
3,F15-Q3,F15,aio,current,rtve.es,press,https://www.rtve.es/noticias/20260522/registro-pisos-turisticos-derogado-supremo-regulacion-claves/17081245.shtml
3,F15-Q3,F15,mode,current,idealista.com,other,https://www.idealista.com/news/inmobiliario/vivienda/2026/05/21/898563-el-supremo-tumba-el-registro-unico-de-alquiler-de-corta-duracion-por-invadir
3,F15-Q3,F15,mode,current,mivau.gob.es,other_public,https://www.mivau.gob.es/vivienda/ventanilla-unica/alquiler-de-alojamientos-de-corta-duracion
3,F15-Q3,F15,mode,current,helpcenter.avaibook.com,software,https://helpcenter.avaibook.com/es/articles/11047130-numero-de-registro-unico-de-alquiler-nrua-para-uso-turistico-o-temporal
3,F15-Q3,F15,mode,current,net2rent.com,software,https://net2rent.com/registro-unico-de-alquiler-vacacional/
3,F15-Q3,F15,mode,current,idealista.com,other,https://www.idealista.com/news/finanzas/economia/2026/06/17/902373-el-supremo-se-reafirma-contra-el-registro-unico-de-alquileres-temporales-y-da-la-razon
3,F16-Q1,F16,aio,not_stated,mivau.gob.es,other_public,https://www.mivau.gob.es/vivienda/calculadora-precio-alquiler
3,F16-Q1,F16,aio,not_stated,gibobs.com,other,https://www.gibobs.com/blog/cuanto-puede-subir-alquiler/
3,F16-Q1,F16,aio,not_stated,vivara.io,software,https://www.vivara.io/blog/economico/subida-del-alquiler-en-2026/
3,F16-Q1,F16,aio,not_stated,lexway.es,advisory,https://lexway.es/actualizacion-renta/
3,F16-Q1,F16,aio,not_stated,youtube.com,forum_social,https://youtube.com/ (path withheld)
3,F16-Q1,F16,aio,not_stated,live4life.com,other,https://live4life.com/blog/indice-de-referencia-del-alquiler-2026
3,F16-Q1,F16,aio,not_stated,facebook.com,forum_social,https://facebook.com/ (path withheld)
3,F16-Q1,F16,mode,current,mivau.gob.es,other_public,https://www.mivau.gob.es/vivienda/calculadora-precio-alquiler
3,F16-Q1,F16,mode,current,gibobs.com,other,https://www.gibobs.com/blog/cuanto-puede-subir-alquiler/
3,F16-Q1,F16,mode,current,vivara.io,software,https://www.vivara.io/blog/economico/subida-del-alquiler-en-2026/
3,F16-Q2,F16,aio,not_stated,gibobs.com,other,https://www.gibobs.com/blog/cuanto-puede-subir-alquiler/
3,F16-Q2,F16,aio,not_stated,lexway.es,advisory,https://lexway.es/actualizacion-renta/
3,F16-Q2,F16,aio,not_stated,alexlegal.ai,advisory,https://alexlegal.ai/inquilinos/me-puede-subir-alquiler-cada-ano-evita-sorpresas-conoce-tus-derechos
3,F16-Q2,F16,mode,not_stated,mivau.gob.es,other_public,https://www.mivau.gob.es/vivienda/calculadora-precio-alquiler
3,F16-Q2,F16,mode,not_stated,alquigest.com,other,https://alquigest.com/noticias/actualizacion-renta-alquiler-irav-ipc/
3,F16-Q2,F16,mode,not_stated,vivara.io,software,https://www.vivara.io/blog/economico/subida-del-alquiler-en-2026/
3,F16-Q2,F16,mode,not_stated,gibobs.com,other,https://www.gibobs.com/blog/cuanto-puede-subir-alquiler/
3,F16-Q3,F16,aio,current,vivara.io,software,https://www.vivara.io/blog/economico/subida-del-alquiler-en-2026/
3,F16-Q3,F16,aio,current,mivau.gob.es,other_public,https://www.mivau.gob.es/vivienda/alquila-bien-es-tu-derecho/serpavi/informacion-sobre-la-regulacion-de-los-contratos-de-arrendamiento
3,F16-Q3,F16,aio,current,fotocasa.es,other,https://www.fotocasa.es/fotocasa-life/alquiler/nueva-ley-para-congelar-los-precios-del-alquiler-como-funciona/
3,F16-Q3,F16,aio,current,ocu.org,other,https://www.ocu.org/fincas-y-casas/gestion/alquiler/analisis-gratis/2022/06/prorroga-limite-alquiler-fin-de-2022
3,F16-Q3,F16,aio,current,alexlegal.ai,advisory,https://alexlegal.ai/inquilinos/nueva-ley-aquileres-2025-espana-todo-debes-saber-guia-actualizada
3,F16-Q3,F16,mode,outdated,provivienda.org,other,https://provivienda.org/observatorio/real-decreto-ley-26-2026-que-cambia-en-el-precio-del-alquiler-y-la-vivienda-asequible/
3,F16-Q3,F16,mode,outdated,zazume.com,software,https://www.zazume.com/es/blog/alquiler/es-blog-actualidad-inmobiliaria-decreto-vivienda-2026-que-cambia-para-propietarios
3,F16-Q3,F16,mode,outdated,cronista.com,press,https://www.cronista.com/espana/economia-finanzas/cambia-la-ley-de-alquileres-hasta-cuanto-te-pueden-subir-la-renta-con-la-nueva-regulacion/
3,F16-Q4,F16,aio,outdated,idealista.com,other,https://www.idealista.com/news/inmobiliario/vivienda/2024/12/23/825724-el-nuevo-indice-para-la-actualizacion-del-alquiler-como-funciona
3,F16-Q4,F16,aio,outdated,democrata.es,press,https://www.democrata.es/economia/cuanto-puede-subir-alquiler-octubre-2026-irav/
3,F16-Q4,F16,aio,outdated,vivara.io,software,https://www.vivara.io/blog/economico/subida-del-alquiler-en-2026/
3,F16-Q4,F16,aio,outdated,elmundo.es,press,https://www.elmundo.es/economia/vivienda/2026/09/30/6abd43a6fdddff14278b45b6.html
3,F16-Q4,F16,aio,outdated,youtube.com,forum_social,https://youtube.com/ (path withheld)
3,F16-Q4,F16,aio,outdated,ocu.org,other,https://www.ocu.org/fincas-y-casas/gestion/alquiler/analisis/2025/12/subira-la-renta-en-2026
3,F16-Q4,F16,mode,current,mivau.gob.es,other_public,https://www.mivau.gob.es/vivienda/calculadora-precio-alquiler
3,F16-Q4,F16,mode,current,vivara.io,software,https://www.vivara.io/blog/economico/subida-del-alquiler-en-2026/
3,F16-Q4,F16,mode,current,homming.com,software,https://homming.com/blog/rdl-8-2026-tope-actualizacion-del-alquiler-y-prorroga-extraordinaria
3,F16-Q4,F16,mode,current,idealista.com,other,https://www.idealista.com/news/inmobiliario/vivienda/2026/09/15/914161-indices-para-renovar-el-alquiler-el-ipc-crece-hasta-el-4-3-con-un-irav-moderado-al
3,F17-Q1,F17,aio,current,mivau.gob.es,other_public,https://www.mivau.gob.es/vivienda/info-plan-estatal-de-vivienda-2026-2030
3,F17-Q1,F17,aio,current,elconsultor.aranzadilaley.es,advisory,https://elconsultor.aranzadilaley.es/Content/DocumentoDestUrb.aspx?params=H4sIAAAAAAAEAMtMSbF1CTEAAlNDU3NzY7Wy1KLizPw8WyMDIzMDEyOwQGZapUt-ckhlQaptWmJOcSoAAbGR4DUAAAA=WKE
3,F17-Q1,F17,aio,current,congreso.es,other_public,https://www.congreso.es/l15p/e8/e_0086418_n_000.pdf
3,F17-Q1,F17,aio,current,infobae.com,press,https://www.infobae.com/espana/2025/09/16/las-claves-del-nuevo-plan-estatal-de-vivienda-2026-2030-7000-millones-de-euros-para-vivienda-publica-rehabilitacion-y-ayudas-emergentes/
3,F17-Q1,F17,aio,current,instagram.com,forum_social,https://instagram.com/ (path withheld)
3,F17-Q1,F17,mode,current,mivau.gob.es,other_public,https://www.mivau.gob.es/vivienda/info-plan-estatal-de-vivienda-2026-2030
3,F17-Q1,F17,mode,current,boe.es,boe,https://www.boe.es/diario_boe/txt.php?id=BOE-A-2026-8872
3,F17-Q1,F17,mode,current,lamoncloa.gob.es,other_public,https://www.lamoncloa.gob.es/consejodeministros/resumenes/Documents/2025/160925-PEV%2026-30_RESUMEN%20EJECUTIVO_250916_150204.pdf
3,F17-Q2,F17,aio,current,realadvisor.es,other,https://realadvisor.es/es/blog/ayudas-alquiler-2024
3,F17-Q2,F17,aio,current,tus-ayudas.es,other,https://tus-ayudas.es/vivienda/plan-estatal-vivienda-2026-2030
3,F17-Q2,F17,mode,current,mivau.gob.es,other_public,https://www.mivau.gob.es/vivienda/info-plan-estatal-de-vivienda-2026-2030
3,F17-Q2,F17,mode,current,mivau.gob.es,other_public,https://www.mivau.gob.es/arquitectura-vivienda-y-suelo/programas-de-ayudas-a-la-vivienda/programa-de-ayudas-al-alquiler-de-vivienda
3,F17-Q2,F17,mode,current,mivau.gob.es,other_public,https://www.mivau.gob.es/vivienda/bono-alquiler-joven
3,F17-Q2,F17,mode,current,vivienda.castillalamancha.es,other_public,https://vivienda.castillalamancha.es/ayudas-y-subvenciones/ayudas-al-alquiler
3,F17-Q2,F17,mode,current,sede.comunidad.madrid,other_public,https://sede.comunidad.madrid/ayudas-becas-subvenciones/ayudas-alquiler-vivienda-jovenes
3,F17-Q2,F17,mode,current,consorcihabitatge.barcelona,other_public,https://www.consorcihabitatge.barcelona/es/subvenciones-para-el-pago-del-alquiler-de-viviendas-del-mercado-privado-para-personas-en-situacion
3,F17-Q2,F17,mode,current,bankinter.com,other,https://www.bankinter.com/blog/finanzas-personales/ayudas-actuales-alquiler-madrid
3,F17-Q2,F17,mode,current,facebook.com,forum_social,https://facebook.com/ (path withheld)
3,F17-Q2,F17,mode,current,youtube.com,forum_social,https://youtube.com/ (path withheld)
3,F17-Q3,F17,aio,current,mivau.gob.es,other_public,https://www.mivau.gob.es/vivienda/info-plan-estatal-de-vivienda-2026-2030
3,F17-Q3,F17,aio,current,iberley.es,advisory,https://www.iberley.es/noticias/publicado-plan-estatal-vivienda-2026-2030-36366
3,F17-Q3,F17,aio,current,youtube.com,forum_social,https://youtube.com/ (path withheld)
3,F17-Q3,F17,aio,current,youtube.com,forum_social,https://youtube.com/ (path withheld)
3,F17-Q3,F17,aio,current,iustel.com,advisory,https://www.iustel.com/diario_del_derecho/noticia.asp?ref_iustel=1265183
3,F17-Q3,F17,aio,current,rankia.com,forum_social,https://www.rankia.com/blog/mejores-hipotecas/7257559-plan-estatal-vivienda-2026-2030
3,F17-Q3,F17,aio,current,dsconsultores.es,advisory,https://dsconsultores.es/plan-estatal-vivienda-2026-2030
3,F17-Q3,F17,mode,current,lamoncloa.gob.es,other_public,https://www.lamoncloa.gob.es/serviciosdeprensa/notasprensa/vivienda-agenda-urbana/paginas/2025/plan-estatal-de-vivienda-2026-2030.aspx
3,F17-Q3,F17,mode,current,mivau.gob.es,other_public,https://www.mivau.gob.es/vivienda/info-plan-estatal-de-vivienda-2026-2030
3,F17-Q3,F17,mode,current,lamoncloa.gob.es,other_public,https://www.lamoncloa.gob.es/consejodeministros/resumenes/Documents/2025/160925-PEV%2026-30_RESUMEN%20EJECUTIVO_250916_150204.pdf
3,F17-Q4,F17,aio,current,mivau.gob.es,other_public,https://www.mivau.gob.es/vivienda/info-plan-estatal-de-vivienda-2026-2030
3,F17-Q4,F17,aio,current,boe.es,boe,https://www.boe.es/diario_boe/txt.php?id=BOE-A-2026-8872
3,F17-Q4,F17,aio,current,mivau.gob.es,other_public,https://www.mivau.gob.es/recursos_mfom/audienciainfopublica/recursos/rd_pev_26-30_inf_publica.pdf
3,F17-Q4,F17,aio,current,boe.es,boe,https://www.boe.es/buscar/act.php?id=BOE-A-2026-8872
3,F17-Q4,F17,aio,current,elconsultor.aranzadilaley.es,advisory,https://elconsultor.aranzadilaley.es/Content/DocumentoDestUrb.aspx?params=H4sIAAAAAAAEAMtMSbF1CTEAAlNDU3NzY7Wy1KLizPw8WyMDIzMDEyOwQGZapUt-ckhlQaptWmJOcSoAAbGR4DUAAAA=WKE
3,F17-Q4,F17,aio,current,velux.es,other,https://www.velux.es/magazine/plan-estatal-de-vivienda
3,F17-Q4,F17,mode,current,mivau.gob.es,other_public,https://www.mivau.gob.es/vivienda/info-plan-estatal-de-vivienda-2026-2030
3,F17-Q4,F17,mode,current,boe.es,boe,https://www.boe.es/diario_boe/txt.php?id=BOE-A-2026-8872
3,F17-Q4,F17,mode,current,mivau.gob.es,other_public,https://www.mivau.gob.es/el-ministerio/buscador-participacion-publica/real-decreto-por-el-que-se-regula-el-plan-estatal-de-vivienda-2026-2030
3,F17-Q4,F17,mode,current,lamoncloa.gob.es,other_public,https://www.lamoncloa.gob.es/consejodeministros/resumenes/Documents/2025/160925-PEV%2026-30_RESUMEN%20EJECUTIVO_250916_150204.pdf
3,F17-Q4,F17,mode,current,observatoridesca.org,other,https://observatoridesca.org/descarrega/publication/01KKKFB0PEJP3X4EGB6CTC1EAA.pdf
3,F18-Q1,F18,aio,current,administraciondejusticia.gob.es,other_public,https://www.administraciondejusticia.gob.es/cuando-es-obligatorio-acudir-masc
3,F18-Q1,F18,aio,current,mediacion-online.com,advisory,https://mediacion-online.com/blog/es-obligatorio-intentar-la-mediacion-antes-de-demandar-en-espana/
3,F18-Q1,F18,aio,current,grupo2000.es,advisory,https://www.grupo2000.es/la-mediacion-sera-un-paso-obligatorio-previo-a-las-demandas-en-2025/
3,F18-Q1,F18,aio,current,mmizquierdoabogada.es,advisory,https://mmizquierdoabogada.es/es-obligatorio-acudir-a-mediacion-antes-de-un-juicio-civil-o-de-familia/
3,F18-Q1,F18,aio,current,mbabogados.eu,advisory,https://mbabogados.eu/la-mediacion-previa-requisito-obligatorio-en-la-interposicion-de-una-demanda/
3,F18-Q1,F18,aio,current,pactiomediacion.es,advisory,https://www.pactiomediacion.es/2026/09/mediacion-obligatoria-en-espana-antes-de-demandas-civiles-o-mercantiles-1838/
3,F18-Q1,F18,aio,current,agoraabogados.es,advisory,https://agoraabogados.es/la-mediacion-familiar/
3,F18-Q1,F18,aio,current,youtube.com,forum_social,https://youtube.com/ (path withheld)
3,F18-Q1,F18,mode,current,administraciondejusticia.gob.es,other_public,https://www.administraciondejusticia.gob.es/cuando-es-obligatorio-acudir-masc
3,F18-Q1,F18,mode,current,grupo2000.es,advisory,https://www.grupo2000.es/la-mediacion-sera-un-paso-obligatorio-previo-a-las-demandas-en-2025/
3,F18-Q1,F18,mode,current,mjusticia.gob.es,other_public,https://www.mjusticia.gob.es/es/institucional/gabinete-comunicacion/noticias-ministerio/Acuerdo-previo-proceso-judicial
3,F18-Q1,F18,mode,current,mmizquierdoabogada.es,advisory,https://mmizquierdoabogada.es/es-obligatorio-acudir-a-mediacion-antes-de-un-juicio-civil-o-de-familia/
3,F18-Q1,F18,mode,current,mediacion-online.com,advisory,https://mediacion-online.com/blog/es-obligatorio-intentar-la-mediacion-antes-de-demandar-en-espana/
3,F18-Q2,F18,aio,current,abogacia.es,other,https://www.abogacia.es/wp-content/uploads/2025/04/GUIA_MASC_CONSEJO_GENERAL_ABOGACIA.pdf
3,F18-Q2,F18,aio,current,ribasalvarez.cat,advisory,https://ribasalvarez.cat/es/ra-news/la-negociacion-extrajudicial-como-requisito-obligatorio-previo-a-la-via-judicial/
3,F18-Q2,F18,aio,current,gwabogados.es,advisory,https://www.gwabogados.es/blog/morosidad-y-cobro/masc-requisitos-de-juzgados-y-tribunales-1
3,F18-Q2,F18,aio,current,abogadoars.es,advisory,https://abogadoars.es/he-recibido-un-masc-que-hago-ahora/
3,F18-Q2,F18,aio,current,es.linkedin.com,forum_social,https://es.linkedin.com/ (path withheld)
3,F18-Q2,F18,aio,current,apudacta.com,advisory,https://apudacta.com/caracteristicas-de-los-masc-en-la-justicia-espanola-2/
3,F18-Q2,F18,aio,current,studocu.com,other,https://www.studocu.com/es/document/universidad-carlos-iii-de-madrid/derecho-procesal-civil/tema-4-actos-previos-al-proceso-civil-y-masc/160915978
3,F18-Q2,F18,mode,current,administraciondejusticia.gob.es,other_public,https://www.administraciondejusticia.gob.es/cuando-es-obligatorio-acudir-masc
3,F18-Q2,F18,mode,current,uria.com,advisory,https://www.uria.com/es/publicaciones/9337-los-masc-tras-la-lo-12025-el-requisito-de-procedibilidad-y-el-nuevo-regimen-de
3,F18-Q2,F18,mode,current,coboserranoabogados.com,advisory,https://www.coboserranoabogados.com/los-masc-y-la-nueva-ley-de-eficiencia-procesal-1-2025/
3,F18-Q2,F18,mode,current,asetra.net,other,https://asetra.net/ley-eficiencia-procesal/
3,F18-Q3,F18,aio,current,icagr.es,other,https://icagr.es/pm92/masc
3,F18-Q3,F18,aio,current,vlex.es,advisory,https://vlex.es/vid/medios-adecuados-solucion-controversias-1065380663
3,F18-Q3,F18,aio,current,mpr.gob.es,other_public,https://www.mpr.gob.es/prencom/notas/paginas/2025/030425-masc-resolucion-controversias.aspx
3,F18-Q3,F18,aio,current,icablog.icab.cat,other,https://icablog.icab.cat/es/los-medios-adecuados-de-solucion-de-controversias-un-nuevo-enfoque-para-la-eficiencia-en-la-justicia-civil-y-mercantil/
3,F18-Q3,F18,aio,current,repositorio.ucjc.edu,other,http://repositorio.ucjc.edu/handle/20.500.12020/1639
3,F18-Q3,F18,mode,current,boe.es,boe,https://www.boe.es/buscar/act.php?id=BOE-A-2025-76
3,F18-Q3,F18,mode,current,administraciondejusticia.gob.es,other_public,https://www.administraciondejusticia.gob.es/medios-adecuados-solucion-controversias
3,F18-Q3,F18,mode,current,legal500.com,other,https://www.legal500.com/intelligence/spain/litigation-mediation-arbitration/ley-org%C3%A1nica-1-2025-y-entrada-en-vigor-de-los-medios-adecuados-de-soluci%C3%B3n-de-controversias-masc
3,F18-Q3,F18,mode,current,icablog.icab.cat,other,https://icablog.icab.cat/es/los-medios-adecuados-de-solucion-de-controversias-un-nuevo-enfoque-para-la-eficiencia-en-la-justicia-civil-y-mercantil/
3,F18-Q4,F18,aio,current,uria.com,advisory,https://www.uria.com/es/publicaciones/9337-los-masc-tras-la-lo-12025-el-requisito-de-procedibilidad-y-el-nuevo-regimen-de
3,F18-Q4,F18,aio,current,sedejudicial.justicia.es,other_public,https://sedejudicial.justicia.es/-/masc-acreditaci%C3%B3n-requisito-de-procedibilidad
3,F18-Q4,F18,aio,current,abogacia.es,other,https://www.abogacia.es/wp-content/uploads/2025/04/GUIA_MASC_CONSEJO_GENERAL_ABOGACIA.pdf
3,F18-Q4,F18,aio,current,iberley.es,advisory,https://www.iberley.es/revista/masc-unificacion-los-criterios-procedibilidad-demanda-civil-1336
3,F18-Q4,F18,aio,current,justizia.eus,other_public,https://www.justizia.eus/guia-cumplir-requisito-procedibilidad-lo-1-2025/webjus00-contentgen/es/
3,F18-Q4,F18,aio,current,elderecho.com,advisory,https://elderecho.com/guia-practica-para-la-aplicacion-de-los-masc/
3,F18-Q4,F18,aio,current,plataformaredes.es,other,https://plataformaredes.es/noticias/masc/marco-legal-general-del-requisito-masc-la-ley-organica-1-2025-y-normativa-complementaria/
3,F18-Q4,F18,aio,current,manriquedetorres.com,advisory,https://manriquedetorres.com/blog/requisito-de-procedibilidad-masc/
3,F18-Q4,F18,aio,current,mediadorconflictos.com,advisory,https://mediadorconflictos.com/que-es-el-requisito-de-procedibilidad/
3,F18-Q4,F18,mode,current,uria.com,advisory,https://www.uria.com/es/publicaciones/9337-los-masc-tras-la-lo-12025-el-requisito-de-procedibilidad-y-el-nuevo-regimen-de
3,F18-Q4,F18,mode,current,sedejudicial.justicia.es,other_public,https://sedejudicial.justicia.es/-/masc-acreditaci%C3%B3n-requisito-de-procedibilidad
3,F18-Q4,F18,mode,current,abogacia.es,other,https://www.abogacia.es/wp-content/uploads/2025/04/GUIA_MASC_CONSEJO_GENERAL_ABOGACIA.pdf
3,F18-Q4,F18,mode,current,elderecho.com,advisory,https://elderecho.com/guia-practica-para-la-aplicacion-de-los-masc/
3,F19-Q1,F19,aio,current,mjusticia.gob.es,other_public,https://www.mjusticia.gob.es/es/servicio-justicia/nuevo-modelo-organizativo-justicia/tribunales-instancia/competencias
3,F19-Q1,F19,aio,current,juntadeandalucia.es,other_public,https://www.juntadeandalucia.es/sites/default/files/inline-files/2025/05/CJALFP-250519-FAQ-TI.pdf
3,F19-Q1,F19,aio,current,justicia2030.es,other_public,https://www.justicia2030.es/-/11.-tribunales-de-instancia-y-oficina-judicial
3,F19-Q1,F19,aio,current,poderjudicial.es,other_public,https://www.poderjudicial.es/cgpj/es/Poder-Judicial/Tribunales-Superiores-de-Justicia/TSJ-Madrid/Organos-judiciales/Organos-judiciales-en-Madrid/Tribunales-de-Instancia/
3,F19-Q1,F19,aio,current,conceptosjuridicos.com,advisory,https://www.conceptosjuridicos.com/tribunal-de-instancia/
3,F19-Q1,F19,aio,current,web.icam.es,other,https://web.icam.es/implantacion-de-los-tribunales-de-instancia-en-el-partido-judicial-de-madrid-fase-iii/
3,F19-Q1,F19,mode,current,mjusticia.gob.es,other_public,https://www.mjusticia.gob.es/es/servicio-justicia/nuevo-modelo-organizativo-justicia/tribunales-instancia/competencias
3,F19-Q1,F19,mode,current,justicia2030.es,other_public,https://www.justicia2030.es/-/11.-tribunales-de-instancia-y-oficina-judicial
3,F19-Q1,F19,mode,current,conceptosjuridicos.com,advisory,https://www.conceptosjuridicos.com/tribunal-de-instancia/
3,F19-Q1,F19,mode,current,juntadeandalucia.es,other_public,https://www.juntadeandalucia.es/sites/default/files/inline-files/2025/05/CJALFP-250519-FAQ-TI.pdf
3,F19-Q1,F19,mode,current,administrativando.es,other,https://administrativando.es/tribunales-instancia-coordinacion-funcionamiento/
3,F19-Q1,F19,mode,current,poderjudicial.es,other_public,https://www.poderjudicial.es/cgpj/es/Poder-Judicial/Tribunales-Superiores-de-Justicia/TSJ-Madrid/Organos-judiciales/Organos-judiciales-en-Madrid/Tribunales-de-Instancia/
3,F19-Q1,F19,mode,current,poderjudicial.es,other_public,https://www.poderjudicial.es/cgpj/es/Poder-Judicial/Tribunales-Superiores-de-Justicia/TSJ-Comunidad-Valenciana/Organos-judiciales/Organos-judiciales-en-la-Comunidad-Valenciana/Tribunales-de-Instancia/Tribunales-de-Instancia---Seccion-Civil-y-de-Instruccion
3,F19-Q1,F19,mode,current,web.icam.es,other,https://web.icam.es/implantacion-de-los-tribunales-de-instancia-en-el-partido-judicial-de-madrid-fase-iii/
3,F19-Q1,F19,mode,current,csif.es,other,https://www.csif.es/es/articulo/nacional/administraciondejusticia/64288
3,F19-Q1,F19,mode,current,ruthgalvan.es,advisory,https://www.ruthgalvan.es/que-son-tribunales-de-instancia/
3,F19-Q1,F19,mode,current,youtube.com,forum_social,https://youtube.com/ (path withheld)
3,F19-Q2,F19,aio,mixed,iberley.es,advisory,https://www.iberley.es/revista/los-nuevos-tribunales-instancia-fin-los-juzgados-unipersonales-1284
3,F19-Q2,F19,aio,mixed,diariovasco.com,press,https://www.diariovasco.com/gipuzkoa/juzgados-gipuzkoa-reestructuran-mejorar-eficiencia-fin-ano-20250605235935-nt.html
3,F19-Q2,F19,aio,mixed,conceptosjuridicos.com,advisory,https://www.conceptosjuridicos.com/juzgado-de-primera-instancia/
3,F19-Q2,F19,aio,mixed,poderjudicial.es,other_public,https://www.poderjudicial.es/stfls/TRIBUNALES%20SUPERIORES%20DE%20JUSTICIA/TSJ%20Comunidad%20Valenciana/MEMORIAS/20260211%20Memoria%20TSJCV%202024.pdf
3,F19-Q2,F19,aio,mixed,hayderecho.com,advisory,https://www.hayderecho.com/tag/serie-ley-de-eficiencia-procesal/
3,F19-Q2,F19,mode,current,mjusticia.gob.es,other_public,https://www.mjusticia.gob.es/es/servicio-justicia/nuevo-modelo-organizativo-justicia/tribunales-instancia/competencias
3,F19-Q2,F19,mode,current,miralbellguerin.com,advisory,https://www.miralbellguerin.com/nuevos-tribunales-primera-instancia-ley-eficiencia-2025/
3,F19-Q2,F19,mode,current,mpr.gob.es,other_public,https://www.mpr.gob.es/prencom/notas/paginas/2026/los-primeros-tribunales-de-instancia-cumplen-un-an.aspx
3,F19-Q3,F19,aio,current,mjusticia.gob.es,other_public,https://www.mjusticia.gob.es/es/institucional/gabinete-comunicacion/noticias-ministerio/300625-primeros-315-tribunales-instancia
3,F19-Q3,F19,aio,current,iberley.es,advisory,https://www.iberley.es/noticias/2-fase-implantacion-los-tribunales-instancia-35387
3,F19-Q3,F19,aio,current,juntadeandalucia.es,other_public,https://www.juntadeandalucia.es/sites/default/files/inline-files/2025/05/CJALFP-250519-FAQ-TI.pdf
3,F19-Q3,F19,aio,current,administraciondejusticia.gob.es,other_public,https://www.administraciondejusticia.gob.es/w/novedades-para-facilitar-la-transici%C3%B3n-de-los-%C3%B3rganos-judiciales-a-tribunales-de-instancia-en-lexnet
3,F19-Q3,F19,aio,current,elnotario.es,advisory,https://www.elnotario.es/index.php/opinion/opinion/13626-ley-organica-1-2025-de-2-de-enero-los-tribunales-de-instancia
3,F19-Q3,F19,aio,current,ugt-sp.es,other,https://ugt-sp.es/tribunales-de-instancia-entrada-en-funcionamiento-a-principios-de-ano-2026/
3,F19-Q3,F19,mode,current,mjusticia.gob.es,other_public,https://www.mjusticia.gob.es/es/institucional/gabinete-comunicacion/noticias-ministerio/Ultima-fase-Ley-Eficiencia
3,F19-Q3,F19,mode,current,mpr.gob.es,other_public,https://www.mpr.gob.es/prencom/notas/paginas/2025/300625-primeros-315-tribunales-instancia.aspx
3,F19-Q3,F19,mode,current,juecesdemocracia.es,other,https://www.juecesdemocracia.es/2025/12/17/comunicado-jjpd-denuncia-falta-reforma-reglamentos-tribunales-instancia/
3,F20-Q1,F20,mode,current,comunidad.madrid,other_public,https://www.comunidad.madrid/consumo/entra-vigor-nueva-ley-atencion-cliente
3,F20-Q1,F20,mode,current,dsca.gob.es,other_public,https://www.dsca.gob.es/es/comunicacion/notas-prensa/congreso-aprueba-primera-ley-blinda-derechos-consumidores-frente-grandes
3,F20-Q2,F20,mode,current,lamoncloa.gob.es,other_public,https://www.lamoncloa.gob.es/serviciosdeprensa/notasprensa/derechos-sociales-consumo-agenda-2030/paginas/2025/ley-servicios-atencion-al-cliente.aspx
3,F20-Q2,F20,mode,current,boe.es,boe,https://www.boe.es/diario_boe/txt.php?id=BOE-A-2025-26698
3,F20-Q2,F20,mode,current,comunidad.madrid,other_public,https://www.comunidad.madrid/consumo/entra-vigor-nueva-ley-atencion-cliente
3,F20-Q2,F20,mode,current,grupocibernos.com,software,https://www.grupocibernos.com/blog/ley-atencion-al-cliente-3-minutos
3,F20-Q3,F20,aio,current,lamoncloa.gob.es,other_public,https://www.lamoncloa.gob.es/serviciosdeprensa/notasprensa/derechos-sociales-consumo-agenda-2030/paginas/2025/ley-servicios-atencion-al-cliente.aspx
3,F20-Q3,F20,aio,current,contactcenterhub.es,press,https://contactcenterhub.es/ley-sac-atencion-al-cliente-logikaline/
3,F20-Q3,F20,aio,current,empresariosdealcobendas.com,other,https://www.empresariosdealcobendas.com/hubfs/NOTA%20CEOE%20LEY%20CLIENTELA.pdf
3,F20-Q3,F20,aio,current,instagram.com,forum_social,https://instagram.com/ (path withheld)
3,F20-Q3,F20,mode,current,lamoncloa.gob.es,other_public,https://www.lamoncloa.gob.es/serviciosdeprensa/notasprensa/derechos-sociales-consumo-agenda-2030/paginas/2025/ley-servicios-atencion-al-cliente.aspx
3,F20-Q3,F20,mode,current,boe.es,boe,https://www.boe.es/diario_boe/txt.php?id=BOE-A-2025-26698
3,F20-Q3,F20,mode,current,congreso.es,other_public,https://www.congreso.es/public_oficiales/L15/CONG/BOCG/A/BOCG-15-A-12-6.PDF
3,F20-Q3,F20,mode,current,monteroaramburugva.com,advisory,https://www.monteroaramburugva.com/al-dia/nueva-ley-sobre-servicios-de-atencion-a-la-clientela/
3,F20-Q4,F20,mode,current,dsca.gob.es,other_public,https://www.dsca.gob.es/es/comunicacion/notas-prensa/consumo-limita-los-tiempos-de-espera-telef-nica-y-ampl-los-derechos-de-la-ciudadan-con-la
3,F20-Q4,F20,mode,current,rtve.es,press,https://www.rtve.es/noticias/20240227/gobierno-aprueba-ley-minutos-espera-atencion-telefonica-tiempo/15987947.shtml
3,F20-Q4,F20,mode,current,vodafone.es,other,https://www.vodafone.es/c/empresas/grandes-clientes/es/nuestra-vision/nueva-ley-de-atencion-al-cliente/
3,F20-Q4,F20,mode,current,comunidad.madrid,other_public,https://www.comunidad.madrid/consumo/entra-vigor-nueva-ley-atencion-cliente
3,F20-Q4,F20,mode,current,masip.es,advisory,https://www.masip.es/blog/limitacion-tres-minutos-de-espera-atencion-al-cliente-por-telefono/
3,F21-Q1,F21,aio,not_stated,juntadeandalucia.es,other_public,https://www.juntadeandalucia.es/organismos/presidenciasanidadyemergencias/servicios/actualidad/noticias/detalle/234709.html
3,F21-Q1,F21,aio,not_stated,x.com,forum_social,https://x.com/ (path withheld)
3,F21-Q1,F21,aio,not_stated,consumoresponde.es,other_public,https://www.consumoresponde.es/art%C3%ADculos/obligaciones_de_las_empresas_en_materia_de_quejas_y_reclamaciones_en_andalucia
3,F21-Q1,F21,aio,not_stated,facebook.com,forum_social,https://facebook.com/ (path withheld)
3,F21-Q1,F21,aio,not_stated,elda.redomic.com,other_public,https://elda.redomic.com/es/noticia/view/los-consumidores-piden-cada-vez-mas-hojas-reclamacion-y-no-tenerlas-supone-sancion
3,F21-Q1,F21,aio,not_stated,asesor.legal,advisory,https://asesor.legal/reclamacion-de-derechos-del-consumidor-en-avila-procedimientos-y-plazos/
3,F21-Q1,F21,mode,not_stated,portal-cec.consumo.gob.es,other_public,https://portal-cec.consumo.gob.es/es/comunicacion/noticias/2021/cec-espana-recuerda-los-consumidores-como-pueden-reclamar-sus-derechos
3,F21-Q1,F21,mode,not_stated,sede.comunidad.madrid,other_public,https://sede.comunidad.madrid/denuncias-reclamaciones-recursos/reclamacion-consumo-alegacion-reclamado
3,F21-Q1,F21,mode,not_stated,comunidad.madrid,other_public,https://www.comunidad.madrid/consumo/reclamar-correctamente-consumo
3,F21-Q1,F21,mode,not_stated,ocu.org,other,https://www.ocu.org/consumo-familia/derechos-consumidor/informe/reclamar-como-consumidor
3,F21-Q1,F21,mode,not_stated,consumoresponde.es,other_public,https://www.consumoresponde.es/art%C3%ADculos/que_hacer_si_se_recibe_una_reclamacion
3,F21-Q2,F21,aio,not_stated,juntadeandalucia.es,other_public,https://www.juntadeandalucia.es/organismos/presidenciasanidadyemergencias/servicios/actualidad/noticias/detalle/234709.html
3,F21-Q2,F21,aio,not_stated,consumoresponde.es,other_public,https://www.consumoresponde.es/art%C3%ADculos/que_plazos_han_de_cumplirse_cuando_una_persona_presenta_una_queja_o_reclamacion_en_las
3,F21-Q2,F21,aio,not_stated,consumo.cordoba.es,other_public,https://consumo.cordoba.es/index.php?option=com_content&view=article&id=2435%3Atramites-y-plazos-hojas-de-quejas-y-reclamaciones&catid=460&Itemid=2
3,F21-Q2,F21,aio,not_stated,portal-cec.consumo.gob.es,other_public,https://portal-cec.consumo.gob.es/es/comunicacion/noticias/2021/cec-espana-recuerda-los-consumidores-como-pueden-reclamar-sus-derechos
3,F21-Q2,F21,aio,not_stated,consumoresponde.es,other_public,https://www.consumoresponde.es/art%C3%ADculos/que_hacer_si_se_recibe_una_reclamacion
3,F21-Q2,F21,mode,not_stated,portal-cec.consumo.gob.es,other_public,https://portal-cec.consumo.gob.es/es/comunicacion/noticias/2021/cec-espana-recuerda-los-consumidores-como-pueden-reclamar-sus-derechos
3,F21-Q2,F21,mode,not_stated,consumo.cordoba.es,other_public,https://consumo.cordoba.es/index.php?option=com_content&view=article&id=2435%3Atramites-y-plazos-hojas-de-quejas-y-reclamaciones&catid=460&Itemid=2
3,F21-Q2,F21,mode,not_stated,juntadeandalucia.es,other_public,https://www.juntadeandalucia.es/organismos/presidenciasanidadyemergencias/servicios/actualidad/noticias/detalle/234709.html
3,F21-Q2,F21,mode,not_stated,consumoresponde.es,other_public,https://www.consumoresponde.es/art%C3%ADculos/que_plazos_han_de_cumplirse_cuando_una_persona_presenta_una_queja_o_reclamacion_en_las
3,F21-Q2,F21,mode,not_stated,facua.org,other,https://facua.org/consumerismo/facua-te-asesora-con-las-hojas-de-reclamaciones/?srsltid=AU7gw4XAW-gnUjHHAl7K3aUKWihL8j8nLCWJ9DtVXSF1EvzuiZs0SWvu
3,F21-Q2,F21,mode,not_stated,entretramites.com,advisory,https://entretramites.com/contable/no-responder-hoja-de-reclamaciones
3,F21-Q2,F21,mode,not_stated,facua.org,other,https://facua.org/consumerismo/facua-te-asesora-con-las-hojas-de-reclamaciones/
3,F21-Q3,F21,mode,current,comunidad.madrid,other_public,https://www.comunidad.madrid/consumo/entra-vigor-nueva-ley-atencion-cliente
3,F21-Q3,F21,mode,current,webmasterosona.com,other,https://webmasterosona.com/es/blog/ley-atencion-cliente-3-minutos-pymes
3,F22-Q1,F22,mode,current,comunidad.madrid,other_public,https://www.comunidad.madrid/consumo/entra-vigor-nueva-ley-atencion-cliente
3,F22-Q1,F22,mode,current,dsca.gob.es,other_public,https://www.dsca.gob.es/es/comunicacion/notas-prensa/congreso-aprueba-primera-ley-blinda-derechos-consumidores-frente-grandes
3,F22-Q1,F22,mode,current,guiajuridica.es,advisory,https://guiajuridica.es/ley-atencion-cliente-2026/
3,F22-Q2,F22,aio,current,boe.es,boe,https://www.boe.es/buscar/act.php?id=BOE-A-2025-26698
3,F22-Q2,F22,aio,current,consumoresponde.es,other_public,https://www.consumoresponde.es/art%C3%ADculos/los_servicios_de_atencion_la_clientela_de_las_empresas_prestadoras_de_servicios_o
3,F22-Q2,F22,aio,current,garrido.es,other,https://garrido.es/ley-10-2025-atencion-a-la-clientela-nuevas-obligaciones-para-las-empresas/
3,F22-Q2,F22,aio,current,blog.orange.es,other,https://blog.orange.es/archivo/ley-de-atencion-al-cliente/
3,F22-Q2,F22,aio,current,youtube.com,forum_social,https://youtube.com/ (path withheld)
3,F22-Q2,F22,mode,current,boe.es,boe,https://www.boe.es/diario_boe/txt.php?id=BOE-A-2025-26698
3,F22-Q2,F22,mode,current,comunidad.madrid,other_public,https://www.comunidad.madrid/consumo/entra-vigor-nueva-ley-atencion-cliente
3,F22-Q2,F22,mode,current,instel.es,other,https://instel.es/ley-sac-10-2025-el-nuevo-estandar-obligatorio-para-la-atencion-al-cliente-en-espana/
3,F22-Q2,F22,mode,current,lamoncloa.gob.es,other_public,https://www.lamoncloa.gob.es/serviciosdeprensa/notasprensa/derechos-sociales-consumo-agenda-2030/paginas/2025/ley-servicios-atencion-al-cliente.aspx
3,F22-Q2,F22,mode,current,femz.es,other,https://femz.es/entran-en-vigor-las-nuevas-obligaciones-de-los-servicios-de-atencion-al-cliente/
3,F22-Q3,F22,mode,current,dsca.gob.es,other_public,https://www.dsca.gob.es/es/comunicacion/notas-prensa/consumo-impulsa-una-ley-para-regular-la-atenci-n-al-cliente-de-las-empresas
3,F22-Q3,F22,mode,current,boe.es,boe,https://www.boe.es/buscar/act.php?id=BOE-A-2025-26698
3,F22-Q3,F22,mode,current,comunidad.madrid,other_public,https://www.comunidad.madrid/consumo/entra-vigor-nueva-ley-atencion-cliente
3,F22-Q3,F22,mode,current,contactcenterinstitute.es,other,https://contactcenterinstitute.es/como-transforma-la-ley-de-servicios-de-atencion-a-la-clientela-2
3,F22-Q3,F22,mode,current,atls-global.com,other,https://www.atls-global.com/ley-10-2025-atencion-al-cliente/
3,F23-Q1,F23,aio,current,movilidadelectrica.com,press,https://movilidadelectrica.com/dgt-triangulos-baliza-v16-2026-multas/
3,F23-Q1,F23,aio,current,facebook.com,forum_social,https://facebook.com/ (path withheld)
3,F23-Q1,F23,aio,current,leasys.com,other,https://www.leasys.com/es/espanol/leasys-world/triangulos-emergencia-coche-normativa-uso
3,F23-Q1,F23,aio,current,instagram.com,forum_social,https://instagram.com/ (path withheld)
3,F23-Q1,F23,mode,current,autopistas.com,other,https://www.autopistas.com/blog/el-triangulo-de-emergencia-ya-no-es-obligatorio-en-autopista/
3,F23-Q1,F23,mode,current,abc.es,press,https://www.abc.es/espana/andalucia/cordoba/balizas-triangulos-dgt-permite-usar-sistemas-partir-20251231111011-nts.html
3,F23-Q1,F23,mode,current,race.es,other,https://www.race.es/luz-de-emergencia-v16
3,F23-Q1,F23,mode,current,facebook.com,forum_social,https://facebook.com/ (path withheld)
3,F23-Q1,F23,mode,current,telecinco.es,press,https://www.telecinco.es/noticias/motor/20260928/futuro-baliza-v-16-cambios-reglamento-circulacion-dgt_18_020284182.html
3,F23-Q2,F23,aio,current,youtube.com,forum_social,https://youtube.com/ (path withheld)
3,F23-Q2,F23,aio,current,blog.reale.es,other,https://blog.reale.es/cuando-sera-obligatoria-luz-v16/
3,F23-Q2,F23,aio,current,instagram.com,forum_social,https://instagram.com/ (path withheld)
3,F23-Q2,F23,aio,current,cleverea.com,other,https://www.cleverea.com/blog/balizas-conectadas-obligatorias
3,F23-Q2,F23,aio,current,diario-red.com,press,https://www.diario-red.com/articulo/espana/baliza-v-16-sera-obligatoria-partir-1-enero-2026-requisitos-como-evitar-multas-80-euros/20251230200914061061.html
3,F23-Q2,F23,aio,current,confortauto.com,other,https://www.confortauto.com/blogs/noticias/baliza-v16-guia-completa
3,F23-Q2,F23,mode,current,dgt.es,other_public,https://www.dgt.es/muevete-con-seguridad/tecnologia-e-innovacion-en-carretera/Dispositivos-de-presenalizacion-V16/
3,F23-Q2,F23,mode,current,hiperocio.com,other,https://hiperocio.com/blogs/news/balizas-v16-obligatorias-enero-2026?srsltid=AU7gw4UO3Gvcur_4KWyDqGgYzlFmY3v8rVlyhaqYgh9TzGrrEer1UlPY
3,F23-Q2,F23,mode,current,rymeautomotive.com,other,https://www.rymeautomotive.com/baliza-v16-sigue-siendo-obligatoria-en-2026/
3,F23-Q2,F23,mode,current,motor16.com,press,https://www.motor16.com/las-ultimas-noticias/baliza-v16-obligatoria-multa-80-euros-4/
3,F23-Q2,F23,mode,current,hiperocio.com,other,https://hiperocio.com/blogs/news/balizas-v16-obligatorias-enero-2026
3,F23-Q3,F23,aio,current,facebook.com,forum_social,https://facebook.com/ (path withheld)
3,F23-Q3,F23,aio,current,libertaddigital.com,press,https://www.libertaddigital.com/libremercado/2025-12-31/la-dgt-rectifica-y-confirma-que-los-conductores-podran-seguir-utilizanndo-los-triangulos-tradicionales-en-2026-7338979/
3,F23-Q3,F23,aio,current,carwow.es,other,https://www.carwow.es/noticias/6704/dgt-baliza-v16-triangulos-uso-conjunto
3,F23-Q3,F23,aio,current,autopista.es,press,https://www.autopista.es/noticias-motor/menudo-lio-dgt-cambia-parecer-con-triangulos-aclaramos-si-se-podran-utilizar-en-2026_321114_102.html
3,F23-Q3,F23,aio,current,youtube.com,forum_social,https://youtube.com/ (path withheld)
3,F23-Q3,F23,aio,current,instagram.com,forum_social,https://instagram.com/ (path withheld)
3,F23-Q3,F23,mode,current,m-automocion.com,other,https://m-automocion.com/baliza-v16-obligatoria/
3,F23-Q3,F23,mode,current,netun.com,advisory,https://netun.com/blogs/blog-es/triangulos-de-presenalizacion-2026?srsltid=AU7gw4WnTceTClIX-ssp3DRnBRzidxy7qnnwSeSYfT4otIKC8k8rBx9j
3,F23-Q3,F23,mode,current,revista.dgt.es,other_public,https://revista.dgt.es/es/noticias/nacional/2023/06JUNIO/0630-Triangulos-autopista-verano2023.shtml
3,F23-Q3,F23,mode,current,netun.com,advisory,https://netun.com/blogs/blog-es/triangulos-de-presenalizacion-2026
3,F23-Q4,F23,aio,current,facebook.com,forum_social,https://facebook.com/ (path withheld)
3,F23-Q4,F23,aio,current,carwow.es,other,https://www.carwow.es/noticias/6635/v16-triangulos-multas-obligatoria-2026
3,F23-Q4,F23,aio,current,carwow.es,other,https://www.carwow.es/noticias/6704/dgt-baliza-v16-triangulos-uso-conjunto
3,F23-Q4,F23,aio,current,ecoareaelsaler.com,other,https://ecoareaelsaler.com/adios-al-triangulo-de-emergencia-nueva-normativa-de-trafico-en-espana-a-partir-de-2026/
3,F23-Q4,F23,aio,current,libertaddigital.com,press,https://www.libertaddigital.com/libremercado/2025-12-31/la-dgt-rectifica-y-confirma-que-los-conductores-podran-seguir-utilizanndo-los-triangulos-tradicionales-en-2026-7338979/
3,F23-Q4,F23,aio,current,facebook.com,forum_social,https://facebook.com/ (path withheld)
3,F23-Q4,F23,mode,current,dgt.es,other_public,https://www.dgt.es/muevete-con-seguridad/tecnologia-e-innovacion-en-carretera/Dispositivos-de-presenalizacion-V16/
3,F23-Q4,F23,mode,current,race.es,other,https://www.race.es/luz-de-emergencia-v16
3,F23-Q4,F23,mode,current,c1brokers.es,other,https://c1brokers.es/seguro-coche/espana-elimina-los-triangulos-y-obliga-a-la-luz-v16-en-2026/
3,F24-Q1,F24,aio,current,dgt.es,other_public,https://www.dgt.es/muevete-con-seguridad/viaja-seguro/en-patinete/
3,F24-Q1,F24,aio,current,mutua.es,other,https://www.mutua.es/seguros-bicicletas-patinetes/patinetes/
3,F24-Q1,F24,aio,current,calcular-seguro.axa.es,other,https://calcular-seguro.axa.es/patinete-electrico
3,F24-Q1,F24,aio,current,cleverea.com,other,https://www.cleverea.com/blog/el-seguro-del-patinete-obligatorio-en-toda-espana
3,F24-Q1,F24,aio,current,segurabici.es,other,https://www.segurabici.es/seguro-patinetes-electricos/
3,F24-Q1,F24,aio,current,terranea.es,other,https://www.terranea.es/seguro-patinete-electrico.aspx
3,F24-Q1,F24,aio,current,insurama.es,other,https://insurama.es/seguro-patinete-electrico
3,F24-Q1,F24,aio,current,youtube.com,forum_social,https://youtube.com/ (path withheld)
3,F24-Q1,F24,mode,current,dgt.es,other_public,https://www.dgt.es/muevete-con-seguridad/viaja-seguro/en-patinete/
3,F24-Q1,F24,mode,current,race.es,other,https://www.race.es/obligacion-seguro-patinete-electrico
3,F24-Q1,F24,mode,current,rocajunyent.com,advisory,https://www.rocajunyent.com/es/eventos-y-publicaciones/alertas/seguro-obligatorio-patinetes-electricos-2026-ley-52025-requisitos
3,F24-Q1,F24,mode,current,segurabici.es,other,https://www.segurabici.es/seguro-patinetes-electricos/
3,F24-Q2,F24,mode,current,cleverea.com,other,https://www.cleverea.com/blog/el-seguro-del-patinete-obligatorio-en-toda-espana
3,F24-Q2,F24,mode,current,segurabici.es,other,https://www.segurabici.es/seguro-patinetes-electricos/
3,F24-Q2,F24,mode,current,race.es,other,https://www.race.es/obligacion-seguro-patinete-electrico
3,F24-Q2,F24,mode,current,terranea.es,other,https://www.terranea.es/seguros-patinetes.aspx
3,F24-Q2,F24,mode,current,dgt.es,other_public,https://www.dgt.es/muevete-con-seguridad/viaja-seguro/en-patinete/
3,F24-Q3,F24,aio,current,dgt.es,other_public,https://www.dgt.es/muevete-con-seguridad/viaja-seguro/en-patinete/
3,F24-Q3,F24,aio,current,mutua.es,other,https://www.mutua.es/seguros-bicicletas-patinetes/patinetes/
3,F24-Q3,F24,aio,current,calcular-seguro.axa.es,other,https://calcular-seguro.axa.es/patinete-electrico
3,F24-Q3,F24,aio,current,cleverea.com,other,https://www.cleverea.com/blog/el-seguro-del-patinete-obligatorio-en-toda-espana
3,F24-Q3,F24,aio,current,segurabici.es,other,https://www.segurabici.es/seguro-patinetes-electricos/
3,F24-Q3,F24,aio,current,terranea.es,other,https://www.terranea.es/seguro-patinete-electrico.aspx
3,F24-Q3,F24,aio,current,insurama.es,other,https://insurama.es/seguro-patinete-electrico
3,F24-Q3,F24,aio,current,youtube.com,forum_social,https://youtube.com/ (path withheld)
3,F24-Q3,F24,mode,current,race.es,other,https://www.race.es/obligacion-seguro-patinete-electrico
3,F24-Q3,F24,mode,current,mapfre.es,other,https://www.mapfre.es/particulares/patinete-electrico/articulos/seguro-obligatorio-para-patinetes-a-partir-de-2026/
3,F24-Q3,F24,mode,current,seguros.elcorteingles.es,other,https://seguros.elcorteingles.es/patinetes-electricos/ayuda/es-obligatorio-seguro-patinete-electrico-espana/
3,F24-Q3,F24,mode,current,rankingsegurosespana.com,other,https://rankingsegurosespana.com/seguros/patinetes
3,F24-Q4,F24,mode,current,mptmd.gob.es,other_public,https://mptmd.gob.es/portal/delegaciones_gobierno/delegaciones/larioja/actualidad/2026/01/2026-01-30_01
3,F24-Q4,F24,mode,current,mapfre.es,other,https://www.mapfre.es/particulares/patinete-electrico/articulos/seguro-obligatorio-para-patinetes-a-partir-de-2026/
3,F24-Q4,F24,mode,current,race.es,other,https://www.race.es/patinete-electrico-legislacion
3,F24-Q4,F24,mode,current,holdtag.com,other,https://www.holdtag.com/blogs/novedades-y-actualizaciones/seguro-patinete-electrico-obligatorio-2026?srsltid=AU7gw4ViCwDGxcAMQgxxva_PkAwEXSa2A019dX1blzMFs9YpIDc4NxLm
3,F24-Q4,F24,mode,current,autosolar.es,other,https://autosolar.es/actualidad-luz/normativa-patinete-electrico-2026-todo-lo-que-cambia-y-debes-saber
3,F24-Q4,F24,mode,current,360y5.es,other,https://360y5.es/entra-en-vigor-la-nueva-normativa-de-la-dgt-para-los-usuarios-de-vehiculos-de-movilidad-personal/
3,F25-Q1,F25,mode,current,quironprevencion.com,advisory,https://www.quironprevencion.com/blogs/es/prevenidos/movilidad-sostenible-trabajo-nueva-obligacion-legal-impacto
3,F25-Q1,F25,mode,current,transportes.gob.es,other_public,https://www.transportes.gob.es/movilidad-sostenible/areas-tematicas/preguntas-frecuentes-planes-movilidad-sostenible-trabajo
3,F25-Q1,F25,mode,current,iberley.es,advisory,https://www.iberley.es/revista/ley-9-2025-rdl-7-2026-nuevas-obligaciones-las-empresas-relacion-los-planes-movilidad-sostenible-trabajo-pmst-1456
3,F25-Q1,F25,mode,current,race.es,other,https://www.race.es/plan-de-movilidad-sostenible
3,F25-Q2,F25,aio,current,ibermutua.es,other,https://www.ibermutua.es/contenido/resumen-ley-movilidad-sostenible/
3,F25-Q2,F25,aio,current,cms.law,advisory,https://cms.law/es/esp/publication/movilidad-sostenible-en-la-empresa-del-plan-obligatorio-a-la-negociacion-colectiva
3,F25-Q2,F25,aio,current,vallbe.cat,advisory,https://vallbe.cat/es/articulo/ley-movilidad-sostenible-laboral
3,F25-Q2,F25,aio,current,eranovum.energy,other,https://eranovum.energy/es/blog/nueva-ley-de-movilidad-sostenible-como-afectara-a-ciudadanos-y-empresas/
3,F25-Q2,F25,aio,current,instagram.com,forum_social,https://instagram.com/ (path withheld)
3,F25-Q2,F25,aio,current,cuatrecasas.com,advisory,https://www.cuatrecasas.com/es/spain/laboral/art/planes-movilidad-sostenible-al-trabajo-futura-obligacion-laboral-para-empresas
3,F25-Q2,F25,aio,current,es.linkedin.com,forum_social,https://es.linkedin.com/ (path withheld)
3,F25-Q2,F25,mode,current,boe.es,boe,https://www.boe.es/buscar/act.php?id=BOE-A-2025-24545
3,F25-Q2,F25,mode,current,edenred.es,software,https://www.edenred.es/blog/nueva-ley-de-movilidad-sostenible-obligaciones-para-las-empresas-y-como-cumplirlas/
3,F25-Q2,F25,mode,current,quironprevencion.com,advisory,https://www.quironprevencion.com/blogs/es/prevenidos/movilidad-sostenible-trabajo-nueva-obligacion-legal-impacto
3,F25-Q2,F25,mode,current,iberley.es,advisory,https://www.iberley.es/revista/ley-9-2025-rdl-7-2026-nuevas-obligaciones-las-empresas-relacion-los-planes-movilidad-sostenible-trabajo-pmst-1456
3,F25-Q2,F25,mode,current,bancosantander.es,other,https://www.bancosantander.es/blog/pymes-negocios/ley-movilidad-sostenible/
3,F25-Q3,F25,aio,not_stated,iberley.es,advisory,https://www.iberley.es/noticias/las-empresas-mas-200-empleados-deberan-disponer-planes-movilidad-sostenible-33242
3,F25-Q3,F25,aio,not_stated,fraternidad.com,other,https://www.fraternidad.com/es-ES/plan-movilidad-sostenible-al-trabajo-pmst-faqs
3,F25-Q3,F25,aio,not_stated,youtube.com,forum_social,https://youtube.com/ (path withheld)
3,F25-Q3,F25,aio,not_stated,quironprevencion.com,advisory,https://www.quironprevencion.com/blogs/es/prevenidos/movilidad-sostenible-trabajo-nueva-obligacion-legal-impacto
3,F25-Q3,F25,aio,not_stated,innovate40.es,other,https://innovate40.es/blog/2026/03/23/plan-movilidad-sostenible-trabajo-empresa/
3,F25-Q3,F25,aio,not_stated,iso-39001.es,advisory,https://www.iso-39001.es/blog/124-que-es-un-plan-de-movilidad-para-empresas
3,F25-Q3,F25,aio,not_stated,movilidadsostenible.com.es,other,https://www.movilidadsostenible.com.es/plan-de-movilidad-al-trabajo/
3,F25-Q3,F25,mode,not_stated,iberley.es,advisory,https://www.iberley.es/noticias/las-empresas-mas-200-empleados-deberan-disponer-planes-movilidad-sostenible-33242
3,F25-Q3,F25,mode,not_stated,transportes.gob.es,other_public,https://www.transportes.gob.es/ministerio/comunicacion/sala-prensa/jue-23042026-2009
3,F26-Q1,F26,aio,current,wolterskluwer.com,advisory,https://www.wolterskluwer.com/es-es/expert-insights/verifactu-que-es
3,F26-Q1,F26,aio,current,edicomgroup.com,software,https://edicomgroup.com/es/blog/sif-sistema-informatico-de-facturacion-en-espana-verifactu
3,F26-Q1,F26,aio,current,ediversa.com,software,https://www.ediversa.com/blog/blog_ediversa_group_faqs_sobre_verifactu_y_factura_electronica
3,F26-Q1,F26,aio,current,blog.groupseres.com,software,https://blog.groupseres.com/nuevo-sistema-facturacion-verifactu
3,F26-Q1,F26,aio,current,datadec.es,software,https://www.datadec.es/academia/faqs-preguntas-frecuentes-verifactu-sif-antifraude
3,F26-Q1,F26,aio,current,leyfacturaelectronica.com,software,https://leyfacturaelectronica.com/quien-esta-obligado-al-verifactu/
3,F26-Q1,F26,aio,current,ocr-e.com,software,https://ocr-e.com/verifactu-obligatorio-2027/
3,F26-Q1,F26,aio,current,gonzalbes.com,advisory,https://www.gonzalbes.com/post/verifactu-qui%C3%A9n-est%C3%A1-obligado-y-qui%C3%A9n-no-calendario-actualizado-a-2027
3,F26-Q1,F26,aio,current,hellocash.es,software,https://hellocash.es/blog/quien-esta-obligado-a-verifactu/25532
3,F26-Q1,F26,mode,current,sede.agenciatributaria.gob.es,aeat,https://sede.agenciatributaria.gob.es/Sede/iva/sistemas-informaticos-facturacion-verifactu/nota-informativa-ampliacion-plazo-adaptacion-facturacion.html
3,F26-Q1,F26,mode,current,verifactu.com,software,https://www.verifactu.com/plazos-verifactu/
3,F26-Q1,F26,mode,current,getrenn.com,software,https://getrenn.com/es/blog/verifactu-entrada-en-vigor
3,F26-Q2,F26,aio,current,bancsabadell.com,other,https://www.bancsabadell.com/bsnacional/es/blog/sistema-verifactu-que-es-cuando-sera-obligatorio-y-que-deben-hacer-autonomos-y-empresas-en-2027/
3,F26-Q2,F26,aio,current,sede.agenciatributaria.gob.es,aeat,https://sede.agenciatributaria.gob.es/Sede/iva/sistemas-informaticos-facturacion-verifactu/cuestiones-generales/quienes-estan-obligados-que-operaciones-incluyen.html
3,F26-Q2,F26,aio,current,holded.com,software,https://www.holded.com/es/blog/verifactu-para-autonomos
3,F26-Q2,F26,aio,current,caisoft.es,software,https://www.caisoft.es/blog/facturacion/verifactu-quien-esta-obligado
3,F26-Q2,F26,mode,current,sede.agenciatributaria.gob.es,aeat,https://sede.agenciatributaria.gob.es/Sede/iva/sistemas-informaticos-facturacion-verifactu/cuestiones-generales/quienes-estan-obligados-que-operaciones-incluyen.html
3,F26-Q2,F26,mode,current,verifactu.com,software,https://www.verifactu.com/verifactu-obligatorio/
3,F26-Q2,F26,mode,current,sede.agenciatributaria.gob.es,aeat,https://sede.agenciatributaria.gob.es/Sede/iva/sistemas-informaticos-facturacion-verifactu/nota-informativa-ampliacion-plazo-adaptacion-facturacion.html
3,F26-Q2,F26,mode,current,getquipu.com,software,https://getquipu.com/es/sistema-verifactu
3,F26-Q3,F26,aio,current,web.icam.es,other,https://web.icam.es/se-retrasa-al-2027-la-entrada-en-vigor-de-verifactu-la-nueva-normativa-de-facturacion-electronica/
3,F26-Q3,F26,aio,current,afilcoasesores.com,advisory,https://www.afilcoasesores.com/verifactu-retraso-2027-nuevos-plazos/
3,F26-Q3,F26,aio,current,holded.com,software,https://www.holded.com/es/blog/verifactu-para-autonomos
3,F26-Q3,F26,aio,current,teamsystem.es,software,https://teamsystem.es/magazine/verifactu-se-retrasa-2027/
3,F26-Q3,F26,aio,current,groupseres.com,software,https://www.groupseres.com/sistema-verifactu-espana
3,F26-Q3,F26,mode,current,anfix.com,software,https://www.anfix.com/blog/verifactu-cuando-entra-en-vigor
3,F26-Q3,F26,mode,current,economia3.com,press,https://economia3.com/2026/09/08/760616-cuando-entra-en-vigor-verifactu-y-para-quien-sera-obligatorio/
3,F26-Q3,F26,mode,current,confianzaonline.es,other,https://www.confianzaonline.es/noticias/el-gobierno-amplia-los-plazos-de-adaptacion-a-la-normativa-verifactu-para-facilitar-la-implantacion-de-los-nuevos-sistemas-de-facturacion-electronica/
3,F26-Q4,F26,aio,current,bnfix.com,software,https://www.bnfix.com/el-sistema-verifactu-aplazado-hasta-2027/
3,F26-Q4,F26,aio,current,supercontable.com,software,https://www.supercontable.com/boletin/G/articulos/aplazado_verifactu_hasta_2027_como_actuar_seguir_cambio_obligacion_programas_facturacion.html
3,F26-Q4,F26,aio,current,juberayjubera.com,advisory,https://juberayjubera.com/blog/verifactu-aplazado-hasta-2027-que-es-y-como-afecta-a-empresas-y-autonomos
3,F26-Q4,F26,aio,current,clavei.es,software,https://www.clavei.es/blog/aplazamiento-verifactu-2027-ventaja-empresas-adelantadas/
3,F26-Q4,F26,aio,current,instagram.com,forum_social,https://instagram.com/ (path withheld)
3,F26-Q4,F26,mode,current,sede.agenciatributaria.gob.es,aeat,https://sede.agenciatributaria.gob.es/Sede/iva/sistemas-informaticos-facturacion-verifactu/nota-informativa-ampliacion-plazo-adaptacion-facturacion.html
3,F27-Q1,F27,aio,current,holded.com,software,https://www.holded.com/es/blog/verifactu-para-autonomos
3,F27-Q1,F27,aio,current,bancsabadell.com,other,https://www.bancsabadell.com/bsnacional/es/blog/sistema-verifactu-que-es-cuando-sera-obligatorio-y-que-deben-hacer-autonomos-y-empresas-en-2027/
3,F27-Q1,F27,aio,current,qonto.com,other,https://qonto.com/es/blog/gestion-empresa/facturacion/verifactu-para-autonomos-obligaciones-plazos-y-como-adaptarte
3,F27-Q1,F27,aio,current,infoautonomos.com,advisory,https://www.infoautonomos.com/blog/verifactu-cuando-es-obligatorio-a-quien-afecta/
3,F27-Q1,F27,aio,current,reixmor.com,other,https://www.reixmor.com/verifactu-para-modulos-guia-completa-2026/
3,F27-Q1,F27,mode,current,holded.com,software,https://www.holded.com/es/blog/verifactu-para-autonomos
3,F27-Q1,F27,mode,current,verifactu.com,software,https://www.verifactu.com/verifactu-obligatorio/
3,F27-Q1,F27,mode,current,infoautonomos.com,advisory,https://www.infoautonomos.com/blog/verifactu-cuando-es-obligatorio-a-quien-afecta/
3,F27-Q2,F27,aio,current,bancsabadell.com,other,https://www.bancsabadell.com/bsnacional/es/blog/sistema-verifactu-que-es-cuando-sera-obligatorio-y-que-deben-hacer-autonomos-y-empresas-en-2027/
3,F27-Q2,F27,aio,current,infoautonomos.com,advisory,https://www.infoautonomos.com/blog/verifactu-cuando-es-obligatorio-a-quien-afecta/
3,F27-Q2,F27,mode,current,dsi-net.com,software,https://www.dsi-net.com/verifactu-para-autonomos/
3,F27-Q2,F27,mode,current,infoautonomos.com,advisory,https://www.infoautonomos.com/blog/verifactu-cuando-es-obligatorio-a-quien-afecta/
3,F27-Q2,F27,mode,current,holded.com,software,https://www.holded.com/es/blog/verifactu-para-autonomos
3,F27-Q2,F27,mode,current,facturaenlinea.es,software,https://www.facturaenlinea.es/la-guia-del-empresario/finanzas-y-contabilidad/facturacion/verifactu-para-autonomos-cuando-entra-en-vigor-y-a-quien-afecta
3,F27-Q3,F27,aio,current,grupo2000.es,advisory,https://www.grupo2000.es/la-facturacion-electronica-sera-obligatoria-a-partir-de-verano/
3,F27-Q3,F27,aio,current,wolterskluwer.com,advisory,https://www.wolterskluwer.com/es-es/expert-insights/verifactu-que-es
3,F27-Q3,F27,aio,current,es.linkedin.com,forum_social,https://es.linkedin.com/ (path withheld)
3,F27-Q3,F27,aio,current,altaenautonomos.com,advisory,https://altaenautonomos.com/verifactu-reglamento-autonomos/?srsltid=AU7gw4Vuh54Az4P0Q4VChtNV21lcZOOcrn2H6r_TKP88b7EzBlGPG-vh
3,F27-Q3,F27,aio,current,factorial.es,software,https://factorial.es/blog/factura-electronica-autonomos/
3,F27-Q3,F27,aio,current,aequus.es,advisory,https://www.aequus.es/2027-sera-el-ano-de-verifactu-para-empresas-y-autonomos/
3,F27-Q3,F27,aio,current,billivo.com,software,https://billivo.com/verifactu-2027-guia-autonomos-pymes/
3,F27-Q3,F27,mode,current,wolterskluwer.com,advisory,https://www.wolterskluwer.com/es-es/expert-insights/verifactu-autonomos-claves-nuevo-sistema
3,F27-Q3,F27,mode,current,holded.com,software,https://www.holded.com/es/blog/verifactu-para-autonomos
3,F27-Q3,F27,mode,current,infoautonomos.com,advisory,https://www.infoautonomos.com/blog/verifactu-cuando-es-obligatorio-a-quien-afecta/
3,F28-Q1,F28,aio,current,grupo2000.es,advisory,https://www.grupo2000.es/la-facturacion-electronica-sera-obligatoria-a-partir-de-verano/
3,F28-Q1,F28,aio,current,mafosan.com,advisory,https://mafosan.com/blog/ley-de-facturacion-electronica-que-debe-preparar-tu-empresa-y-cuando-sera-obligatoria/
3,F28-Q1,F28,aio,current,consultingf.com,advisory,https://www.consultingf.com/blog/factura-electronica-obligatoria-empresas/
3,F28-Q1,F28,aio,current,autonomo-simple.es,other,https://www.autonomo-simple.es/blog/factura-electronica-obligatoria-autonomos
3,F28-Q1,F28,aio,current,youtube.com,forum_social,https://youtube.com/ (path withheld)
3,F28-Q1,F28,mode,mixed,boe.es,boe,https://www.boe.es/diario_boe/txt.php?id=BOE-A-2026-7295
3,F28-Q1,F28,mode,mixed,edicomgroup.com,software,https://edicomgroup.com/es/blog/la-facturacion-electronica-sera-obligatoria-para-las-empresas-espanolas
3,F28-Q1,F28,mode,mixed,sede.agenciatributaria.gob.es,aeat,https://sede.agenciatributaria.gob.es/Sede/todas-noticias/2026/marzo/31/facturacion-electronica-obligatoria.html
3,F28-Q1,F28,mode,mixed,supercontable.com,software,https://www.supercontable.com/boletin/H/articulos/calendario_definitivo_implementacion_factura_electronica_obligatoria_empresas_autonomos.html
3,F28-Q1,F28,mode,mixed,esker.com,software,https://www.esker.com/es/soluciones/facturacion-electronica/espana/
3,F28-Q1,F28,mode,mixed,youtube.com,forum_social,https://youtube.com/ (path withheld)
3,F28-Q2,F28,mode,mixed,boe.es,boe,https://www.boe.es/diario_boe/txt.php?id=BOE-A-2026-7295
3,F28-Q2,F28,mode,mixed,wolterskluwer.com,advisory,https://www.wolterskluwer.com/es-es/expert-insights/ley-crea-crece-claves-novedades
3,F28-Q2,F28,mode,mixed,getquipu.com,software,https://getquipu.com/blog/ley-crea-y-crece-y-factura-electronica/
3,F28-Q2,F28,mode,mixed,sede.agenciatributaria.gob.es,aeat,https://sede.agenciatributaria.gob.es/Sede/todas-noticias/2026/marzo/31/facturacion-electronica-obligatoria.html
3,F28-Q2,F28,mode,mixed,garrido.es,other,https://garrido.es/real-decreto-238-2026-aprueba-el-desarrollo-reglamentario-de-la-factura-electronica/
3,F28-Q2,F28,mode,mixed,b2brouter.net,software,https://www.b2brouter.net/es/ley-crea-crece-factura-electronica/
3,F28-Q2,F28,mode,mixed,cedesa.es,advisory,https://cedesa.es/blog/factura-electronica-b2b-obligatoria-rd-238-2026-calendario-erp-industrial/
3,F28-Q2,F28,mode,mixed,getrenn.com,software,https://getrenn.com/es/blog/ley-crea-y-crece-factura-electronica
3,F28-Q3,F28,aio,incorrect,declarando.es,software,https://declarando.es/factura-electronica
3,F28-Q3,F28,aio,incorrect,infoautonomos.com,advisory,https://www.infoautonomos.com/blog/factura-electronica-obligatoria-autonomos/
3,F28-Q3,F28,aio,incorrect,youtube.com,forum_social,https://youtube.com/ (path withheld)
3,F28-Q3,F28,aio,incorrect,youtube.com,forum_social,https://youtube.com/ (path withheld)
3,F28-Q3,F28,mode,current,caixabank.com,other,https://www.caixabank.com/es/esfera/content/factura-electronica-obligatoria
3,F28-Q3,F28,mode,current,sede.agenciatributaria.gob.es,aeat,https://sede.agenciatributaria.gob.es/Sede/todas-noticias/2026/marzo/31/facturacion-electronica-obligatoria.html
3,F28-Q3,F28,mode,current,getquipu.com,software,https://getquipu.com/blog/factura-electronica-obligatoria-para-autonomos/
3,F28-Q3,F28,mode,current,getrenn.com,software,https://getrenn.com/es/blog/factura-electronica-obligatoria
3,F28-Q3,F28,mode,current,fiscalis.es,advisory,https://fiscalis.es/blog/factura-electronica-obligatoria-autonomos-plazos/
3,F28-Q3,F28,mode,current,lealtadis.es,other,https://www.lealtadis.es/factura-electronica-b2b-estados-pago-pymes/
3,F28-Q4,F28,aio,current,sede.agenciatributaria.gob.es,aeat,https://sede.agenciatributaria.gob.es/Sede/todas-noticias/2026/marzo/31/facturacion-electronica-obligatoria.html
3,F28-Q4,F28,aio,current,caixabank.com,other,https://www.caixabank.com/es/esfera/content/factura-electronica-obligatoria
3,F28-Q4,F28,aio,current,grupo2000.es,advisory,https://www.grupo2000.es/la-facturacion-electronica-sera-obligatoria-a-partir-de-verano/
3,F28-Q4,F28,aio,current,clavei.es,software,https://www.clavei.es/blog/factura-electronica-obligatoria-en-2026-como-adaptar-tu-erp-al-sistema-verifactu-y-la-ley-crea-y-crece/
3,F28-Q4,F28,aio,current,edicomgroup.com,software,https://edicomgroup.com/es/blog/la-facturacion-electronica-sera-obligatoria-para-las-empresas-espanolas
3,F28-Q4,F28,aio,current,cegid.com,software,https://www.cegid.com/ib/es/factura-electronica-obligatoria/
3,F28-Q4,F28,mode,current,sede.agenciatributaria.gob.es,aeat,https://sede.agenciatributaria.gob.es/Sede/todas-noticias/2026/marzo/31/facturacion-electronica-obligatoria.html
3,F28-Q4,F28,mode,current,lamoncloa.gob.es,other_public,https://www.lamoncloa.gob.es/consejodeministros/resumenes/paginas/2026/240326-rueda-de-prensa-ministros.aspx
3,F28-Q4,F28,mode,current,groupseres.com,software,https://www.groupseres.com/ley-crea-y-crece-factura-electronica
3,F28-Q4,F28,mode,current,caixabank.com,other,https://www.caixabank.com/es/esfera/content/factura-electronica-obligatoria
