quarter,code,province,free_market_n,free_market_value_keur,mean_value_eur
2004Q1,00,Spain,178620,22184921.1,124201.8
2004Q1,01,Araba/Álava,1007,203146.8,201734.7
2004Q1,02,Albacete,1151,97263.3,84503.3
2004Q1,03,Alicante,16733,1617625.3,96672.8
2004Q1,04,Almería,4280,376994.9,88082.9
2004Q1,05,Ávila,539,34170.6,63396.3
2004Q1,06,Badajoz,1721,104798.6,60894.0
2004Q1,07,Illes Balears,3493,488427.7,139830.4
2004Q1,08,Barcelona,19219,3218836.5,167482.0
2004Q1,09,Burgos,924,121596.1,131597.5
2004Q1,10,Cáceres,1052,56241.9,53461.9
2004Q1,11,Cádiz,4685,345689.9,73786.5
2004Q1,12,Castellón,2870,292630.8,101962.0
2004Q1,13,Ciudad Real,1411,89052.9,63113.3
2004Q1,14,Córdoba,2206,141936.6,64341.2
2004Q1,15,A Coruña,2165,199419.1,92110.4
2004Q1,16,Cuenca,479,29121.4,60796.2
2004Q1,17,Girona,3089,332913.8,107774.0
2004Q1,18,Granada,2126,188544.8,88685.2
2004Q1,19,Guadalajara,1337,168357.4,125921.8
2004Q1,20,Gipuzkoa,1680,352311.6,209709.3
2004Q1,21,Huelva,2719,321232.4,118143.6
2004Q1,22,Huesca,613,63199.1,103098.0
2004Q1,23,Jaén,1890,129507.2,68522.3
2004Q1,24,León,1325,101935.9,76932.8
2004Q1,25,Lleida,1848,143695.8,77757.5
2004Q1,26,La Rioja,1614,179250.5,111059.8
2004Q1,27,Lugo,760,47998.4,63155.8
2004Q1,28,Madrid,25267,5153267.2,203952.5
2004Q1,29,Málaga,8749,1138630.0,130144.0
2004Q1,30,Murcia,7731,694405.6,89820.9
2004Q1,31,Navarra,1164,183103.3,157305.2
2004Q1,32,Ourense,422,25067.1,59400.7
2004Q1,33,Asturias,3887,378578.3,97396.0
2004Q1,34,Palencia,1193,120772.7,101234.5
2004Q1,35,Las Palmas,4086,454767.9,111299.0
2004Q1,36,Pontevedra,1993,221766.8,111272.9
2004Q1,37,Salamanca,1060,75945.5,71646.7
2004Q1,38,Santa Cruz de Tenerife,4449,484377.7,108873.4
2004Q1,39,Cantabria,2623,303828.5,115832.4
2004Q1,40,Segovia,535,58647.9,109622.2
2004Q1,41,Sevilla,5510,537523.5,97554.2
2004Q1,42,Soria,507,41878.8,82601.2
2004Q1,43,Tarragona,3410,382142.3,112065.2
2004Q1,44,Teruel,375,17543.5,46782.7
2004Q1,45,Toledo,2747,252560.1,91940.3
2004Q1,46,Valencia,12219,1189392.9,97339.6
2004Q1,47,Valladolid,1730,189171.5,109347.7
2004Q1,48,Bizkaia,1371,265392.0,193575.5
2004Q1,49,Zamora,577,42695.2,73995.1
2004Q1,50,Zaragoza,3298,460609.7,139663.3
2004Q1,51,Ceuta,241,23346.9,96875.1
2004Q1,52,Melilla,540,43606.9,80753.5
2004Q2,00,Spain,212468,28377885.1,133563.1
2004Q2,01,Araba/Álava,676,143463.6,212224.3
2004Q2,02,Albacete,1182,100565.1,85080.5
2004Q2,03,Alicante,18919,1929129.0,101967.8
2004Q2,04,Almería,5359,467186.3,87177.9
2004Q2,05,Ávila,702,92651.4,131982.1
2004Q2,06,Badajoz,1799,112974.1,62798.3
2004Q2,07,Illes Balears,4876,773587.0,158652.0
2004Q2,08,Barcelona,23322,4279757.7,183507.3
2004Q2,09,Burgos,1595,209182.7,131149.0
2004Q2,10,Cáceres,1280,85319.2,66655.6
2004Q2,11,Cádiz,5416,499509.6,92228.5
2004Q2,12,Castellón,4528,475300.5,104969.2
2004Q2,13,Ciudad Real,1446,97951.9,67739.9
2004Q2,14,Córdoba,2748,201932.3,73483.4
2004Q2,15,A Coruña,3136,305682.9,97475.4
2004Q2,16,Cuenca,487,34352.7,70539.4
2004Q2,17,Girona,4461,655562.8,146954.2
2004Q2,18,Granada,3116,277144.5,88942.4
2004Q2,19,Guadalajara,1616,207259.4,128254.6
2004Q2,20,Gipuzkoa,1819,401580.1,220769.7
2004Q2,21,Huelva,3438,326022.9,94829.2
2004Q2,22,Huesca,1198,115709.7,96585.7
2004Q2,23,Jaén,2257,165886.5,73498.7
2004Q2,24,León,1694,145786.8,86060.7
2004Q2,25,Lleida,2465,275528.1,111776.1
2004Q2,26,La Rioja,2176,227996.7,104777.9
2004Q2,27,Lugo,819,55739.6,68058.1
2004Q2,28,Madrid,26887,5805473.5,215921.2
2004Q2,29,Málaga,9861,1617176.9,163997.3
2004Q2,30,Murcia,7901,729996.4,92392.9
2004Q2,31,Navarra,1287,240845.7,187137.3
2004Q2,32,Ourense,536,41664.3,77731.9
2004Q2,33,Asturias,4644,442415.1,95266.0
2004Q2,34,Palencia,731,67685.7,92593.3
2004Q2,35,Las Palmas,4903,571631.7,116588.2
2004Q2,36,Pontevedra,2654,297980.6,112276.0
2004Q2,37,Salamanca,1415,126476.4,89382.6
2004Q2,38,Santa Cruz de Tenerife,5537,647666.1,116970.6
2004Q2,39,Cantabria,3320,453550.4,136611.6
2004Q2,40,Segovia,608,66835.8,109927.3
2004Q2,41,Sevilla,5767,564898.0,97953.5
2004Q2,42,Soria,531,79646.7,149993.8
2004Q2,43,Tarragona,5193,633586.8,122007.9
2004Q2,44,Teruel,424,21020.7,49577.1
2004Q2,45,Toledo,3051,331696.1,108717.2
2004Q2,46,Valencia,14861,1561398.6,105066.9
2004Q2,47,Valladolid,2178,278330.6,127791.8
2004Q2,48,Bizkaia,2204,420479.6,190780.2
2004Q2,49,Zamora,650,53788.8,82752.0
2004Q2,50,Zaragoza,3942,578351.5,146715.2
2004Q2,51,Ceuta,184,17436.6,94764.1
2004Q2,52,Melilla,669,65089.4,97293.6
2004Q3,00,Spain,190891,25815818.4,135238.5
2004Q3,01,Araba/Álava,706,162429.8,230070.5
2004Q3,02,Albacete,1005,84930.2,84507.7
2004Q3,03,Alicante,17559,1883005.8,107238.8
2004Q3,04,Almería,4521,420062.2,92913.6
2004Q3,05,Ávila,616,42858.8,69576.0
2004Q3,06,Badajoz,1657,101794.3,61432.9
2004Q3,07,Illes Balears,4278,663323.3,155054.5
2004Q3,08,Barcelona,20275,3988757.7,196732.8
2004Q3,09,Burgos,1661,215237.5,129583.1
2004Q3,10,Cáceres,1808,136688.7,75602.2
2004Q3,11,Cádiz,4852,442193.4,91136.3
2004Q3,12,Castellón,5114,562484.5,109989.1
2004Q3,13,Ciudad Real,1777,115414.6,64949.1
2004Q3,14,Córdoba,2089,152880.8,73183.7
2004Q3,15,A Coruña,3610,367182.4,101712.6
2004Q3,16,Cuenca,694,45077.3,64952.9
2004Q3,17,Girona,3927,534059.3,135996.8
2004Q3,18,Granada,3058,278837.2,91182.9
2004Q3,19,Guadalajara,1388,191737.9,138139.7
2004Q3,20,Gipuzkoa,1630,349868.9,214643.5
2004Q3,21,Huelva,2460,249453.1,101403.7
2004Q3,22,Huesca,1282,121817.5,95021.5
2004Q3,23,Jaén,1994,131321.6,65858.4
2004Q3,24,León,1738,175885.4,101199.9
2004Q3,25,Lleida,2040,189358.8,92822.9
2004Q3,26,La Rioja,1615,138779.1,85931.3
2004Q3,27,Lugo,896,58764.8,65585.7
2004Q3,28,Madrid,22409,5269037.4,235130.4
2004Q3,29,Málaga,8042,1365566.9,169804.4
2004Q3,30,Murcia,7478,708588.4,94756.4
2004Q3,31,Navarra,1394,233762.5,167691.9
2004Q3,32,Ourense,685,45973.8,67115.0
2004Q3,33,Asturias,3999,411121.7,102806.1
2004Q3,34,Palencia,682,72619.0,106479.5
2004Q3,35,Las Palmas,4474,522216.8,116722.6
2004Q3,36,Pontevedra,2726,324743.4,119128.2
2004Q3,37,Salamanca,1369,98402.4,71879.0
2004Q3,38,Santa Cruz de Tenerife,4479,518537.9,115770.9
2004Q3,39,Cantabria,3369,457105.3,135679.8
2004Q3,40,Segovia,735,87490.0,119034.0
2004Q3,41,Sevilla,5358,539824.8,100751.2
2004Q3,42,Soria,427,30564.9,71580.6
2004Q3,43,Tarragona,5019,587351.5,117025.6
2004Q3,44,Teruel,445,21208.8,47660.2
2004Q3,45,Toledo,2689,266882.8,99249.8
2004Q3,46,Valencia,12060,1237447.8,102607.6
2004Q3,47,Valladolid,2097,303087.1,144533.7
2004Q3,48,Bizkaia,1355,241195.9,178004.4
2004Q3,49,Zamora,732,51157.2,69886.9
2004Q3,50,Zaragoza,3847,545863.5,141893.3
2004Q3,51,Ceuta,265,33994.9,128282.6
2004Q3,52,Melilla,506,37868.8,74839.5
2004Q4,00,Spain,219716,30504462.2,138835.9
2004Q4,01,Araba/Álava,733,154225.1,210402.6
2004Q4,02,Albacete,1359,123199.0,90654.2
2004Q4,03,Alicante,18175,1975912.8,108716.0
2004Q4,04,Almería,4497,458352.2,101924.0
2004Q4,05,Ávila,763,48147.1,63102.4
2004Q4,06,Badajoz,1782,104535.6,58662.0
2004Q4,07,Illes Balears,5327,912383.1,171275.2
2004Q4,08,Barcelona,24977,4874082.7,195142.8
2004Q4,09,Burgos,1554,183812.4,118283.4
2004Q4,10,Cáceres,1429,93862.3,65683.9
2004Q4,11,Cádiz,4749,492729.3,103754.3
2004Q4,12,Castellón,3873,423831.6,109432.4
2004Q4,13,Ciudad Real,1795,122929.4,68484.3
2004Q4,14,Córdoba,2431,166819.8,68621.9
2004Q4,15,A Coruña,3674,378765.7,103093.5
2004Q4,16,Cuenca,764,51554.3,67479.5
2004Q4,17,Girona,5065,716434.8,141448.1
2004Q4,18,Granada,3036,264896.5,87251.8
2004Q4,19,Guadalajara,1973,274964.7,139363.8
2004Q4,20,Gipuzkoa,1749,387946.4,221810.4
2004Q4,21,Huelva,2671,269595.1,100934.1
2004Q4,22,Huesca,1210,124916.1,103236.4
2004Q4,23,Jaén,2334,167089.1,71589.2
2004Q4,24,León,1919,182412.1,95055.8
2004Q4,25,Lleida,2447,232521.0,95022.9
2004Q4,26,La Rioja,2196,186950.3,85132.2
2004Q4,27,Lugo,995,71866.5,72227.6
2004Q4,28,Madrid,29580,6313253.4,213429.8
2004Q4,29,Málaga,9652,1523268.2,157818.9
2004Q4,30,Murcia,8858,941127.6,106246.1
2004Q4,31,Navarra,1586,276164.8,174126.6
2004Q4,32,Ourense,648,43529.8,67175.6
2004Q4,33,Asturias,4732,475003.8,100381.2
2004Q4,34,Palencia,684,61482.7,89887.0
2004Q4,35,Las Palmas,5656,692904.8,122507.9
2004Q4,36,Pontevedra,2524,296735.2,117565.5
2004Q4,37,Salamanca,1581,135374.4,85625.8
2004Q4,38,Santa Cruz de Tenerife,5091,616558.0,121107.4
2004Q4,39,Cantabria,3519,591693.0,168142.4
2004Q4,40,Segovia,835,105521.4,126372.9
2004Q4,41,Sevilla,6730,737506.8,109585.0
2004Q4,42,Soria,418,29108.9,69638.5
2004Q4,43,Tarragona,5482,684827.8,124923.0
2004Q4,44,Teruel,510,29773.6,58379.6
2004Q4,45,Toledo,3211,332156.1,103443.2
2004Q4,46,Valencia,14645,1562608.7,106699.1
2004Q4,47,Valladolid,2537,375884.0,148160.8
2004Q4,48,Bizkaia,2136,494460.2,231488.9
2004Q4,49,Zamora,751,56316.3,74988.4
2004Q4,50,Zaragoza,4204,620012.0,147481.4
2004Q4,51,Ceuta,194,21800.9,112375.8
2004Q4,52,Melilla,475,42654.8,89799.6
2005Q1,00,Spain,186667,27268283.4,146079.8
2005Q1,01,Araba/Álava,519,107708.9,207531.6
2005Q1,02,Albacete,1201,134480.1,111973.4
2005Q1,03,Alicante,15024,1719544.8,114453.2
2005Q1,04,Almería,4116,457505.7,111153.0
2005Q1,05,Ávila,612,53912.7,88092.6
2005Q1,06,Badajoz,1579,113927.4,72151.6
2005Q1,07,Illes Balears,3942,658148.8,166958.1
2005Q1,08,Barcelona,23417,4701982.9,200793.6
2005Q1,09,Burgos,1357,198027.5,145930.4
2005Q1,10,Cáceres,1263,120865.8,95697.4
2005Q1,11,Cádiz,4966,517070.2,104122.1
2005Q1,12,Castellón,3515,408073.5,116094.9
2005Q1,13,Ciudad Real,1466,121828.2,83102.5
2005Q1,14,Córdoba,1906,177219.6,92979.9
2005Q1,15,A Coruña,2901,303740.9,104702.1
2005Q1,16,Cuenca,653,62144.6,95167.8
2005Q1,17,Girona,4811,720929.5,149850.2
2005Q1,18,Granada,2304,247832.7,107566.3
2005Q1,19,Guadalajara,1566,253147.0,161652.0
2005Q1,20,Gipuzkoa,1533,340200.5,221918.1
2005Q1,21,Huelva,2485,250201.4,100684.7
2005Q1,22,Huesca,1137,139419.0,122620.1
2005Q1,23,Jaén,1645,140693.8,85528.1
2005Q1,24,León,1546,155319.7,100465.5
2005Q1,25,Lleida,1945,241073.3,123945.1
2005Q1,26,La Rioja,1847,266612.4,144348.9
2005Q1,27,Lugo,887,78893.8,88944.5
2005Q1,28,Madrid,23644,5205669.9,220168.7
2005Q1,29,Málaga,8535,1317157.7,154324.3
2005Q1,30,Murcia,6866,715318.2,104182.7
2005Q1,31,Navarra,1206,214255.2,177657.7
2005Q1,32,Ourense,605,52391.0,86596.7
2005Q1,33,Asturias,3727,426925.1,114549.3
2005Q1,34,Palencia,749,81569.3,108904.3
2005Q1,35,Las Palmas,4472,587615.2,131398.7
2005Q1,36,Pontevedra,2118,257057.5,121368.0
2005Q1,37,Salamanca,1526,182603.8,119661.7
2005Q1,38,Santa Cruz de Tenerife,4498,538299.4,119675.3
2005Q1,39,Cantabria,3389,481437.2,142058.8
2005Q1,40,Segovia,558,68939.5,123547.5
2005Q1,41,Sevilla,5058,579220.9,114515.8
2005Q1,42,Soria,178,24268.2,136338.2
2005Q1,43,Tarragona,5805,775817.3,133646.4
2005Q1,44,Teruel,410,38718.6,94435.6
2005Q1,45,Toledo,2939,341434.9,116173.8
2005Q1,46,Valencia,11636,1291292.5,110973.9
2005Q1,47,Valladolid,1978,281230.5,142179.2
2005Q1,48,Bizkaia,1851,407549.0,220177.7
2005Q1,49,Zamora,639,60846.7,95221.8
2005Q1,50,Zaragoza,3692,601305.4,162867.1
2005Q1,51,Ceuta,191,23303.4,122007.3
2005Q1,52,Melilla,254,23552.0,92724.4
2005Q2,00,Spain,229138,34869047.2,152174.9
2005Q2,01,Araba/Álava,837,190516.1,227617.8
2005Q2,02,Albacete,1455,160413.8,110250.0
2005Q2,03,Alicante,19014,2293713.6,120632.9
2005Q2,04,Almería,5465,613976.7,112347.1
2005Q2,05,Ávila,903,88529.7,98039.5
2005Q2,06,Badajoz,1901,144354.9,75936.3
2005Q2,07,Illes Balears,5763,965459.7,167527.3
2005Q2,08,Barcelona,27906,5964649.3,213740.7
2005Q2,09,Burgos,1546,210369.5,136073.4
2005Q2,10,Cáceres,1397,135927.2,97299.4
2005Q2,11,Cádiz,6034,713745.6,118287.3
2005Q2,12,Castellón,5177,643154.1,124233.0
2005Q2,13,Ciudad Real,1771,150511.2,84986.6
2005Q2,14,Córdoba,2111,192065.7,90983.3
2005Q2,15,A Coruña,3589,390819.9,108893.8
2005Q2,16,Cuenca,798,70167.8,87929.6
2005Q2,17,Girona,6104,982301.1,160927.4
2005Q2,18,Granada,3293,380708.0,115611.3
2005Q2,19,Guadalajara,2153,361992.5,168134.0
2005Q2,20,Gipuzkoa,1746,394038.3,225680.6
2005Q2,21,Huelva,2835,298238.9,105198.9
2005Q2,22,Huesca,1279,162949.7,127404.0
2005Q2,23,Jaén,2256,186723.5,82767.5
2005Q2,24,León,1665,181919.4,109260.9
2005Q2,25,Lleida,2087,248590.7,119113.9
2005Q2,26,La Rioja,2096,316875.8,151181.2
2005Q2,27,Lugo,1097,93067.3,84838.0
2005Q2,28,Madrid,27189,6270712.7,230634.2
2005Q2,29,Málaga,10040,1616015.3,160957.7
2005Q2,30,Murcia,10027,1130310.1,112726.6
2005Q2,31,Navarra,1379,253159.0,183581.6
2005Q2,32,Ourense,852,79928.0,93812.2
2005Q2,33,Asturias,4428,524776.5,118513.2
2005Q2,34,Palencia,937,105461.8,112552.6
2005Q2,35,Las Palmas,5386,761827.2,141445.8
2005Q2,36,Pontevedra,2742,346679.5,126433.1
2005Q2,37,Salamanca,1745,218112.2,124992.7
2005Q2,38,Santa Cruz de Tenerife,4798,589811.2,122928.6
2005Q2,39,Cantabria,4181,574837.5,137488.0
2005Q2,40,Segovia,767,103212.3,134566.2
2005Q2,41,Sevilla,5790,697169.6,120409.3
2005Q2,42,Soria,205,22997.2,112181.5
2005Q2,43,Tarragona,7063,1023680.0,144935.6
2005Q2,44,Teruel,462,45642.1,98792.4
2005Q2,45,Toledo,3429,430886.4,125659.5
2005Q2,46,Valencia,13709,1571271.5,114616.1
2005Q2,47,Valladolid,2638,392139.8,148650.4
2005Q2,48,Bizkaia,2908,602133.4,207061.0
2005Q2,49,Zamora,588,73246.1,124568.2
2005Q2,50,Zaragoza,5117,846727.1,165473.3
2005Q2,51,Ceuta,229,27758.2,121214.8
2005Q2,52,Melilla,251,24772.6,98695.6
2005Q3,00,Spain,205247,31858350.3,155219.6
2005Q3,01,Araba/Álava,587,132614.9,225919.8
2005Q3,02,Albacete,1467,170147.0,115983.0
2005Q3,03,Alicante,17014,2150192.2,126377.8
2005Q3,04,Almería,5418,647897.2,119582.4
2005Q3,05,Ávila,769,81937.5,106550.7
2005Q3,06,Badajoz,1691,136724.4,80854.2
2005Q3,07,Illes Balears,5034,896537.1,178096.4
2005Q3,08,Barcelona,21944,4957399.0,225911.4
2005Q3,09,Burgos,1474,201524.2,136719.3
2005Q3,10,Cáceres,1495,143656.8,96091.5
2005Q3,11,Cádiz,5205,641117.9,123173.5
2005Q3,12,Castellón,5476,713325.3,130263.9
2005Q3,13,Ciudad Real,2402,248513.9,103461.2
2005Q3,14,Córdoba,1800,175362.7,97423.7
2005Q3,15,A Coruña,4162,461924.7,110986.2
2005Q3,16,Cuenca,835,89917.3,107685.4
2005Q3,17,Girona,5349,902279.1,168681.8
2005Q3,18,Granada,3405,379342.8,111407.6
2005Q3,19,Guadalajara,1766,286362.3,162153.1
2005Q3,20,Gipuzkoa,1492,341571.4,228935.3
2005Q3,21,Huelva,2408,279882.8,116230.4
2005Q3,22,Huesca,1427,183614.2,128671.5
2005Q3,23,Jaén,2406,216072.8,89805.8
2005Q3,24,León,1977,221675.2,112127.1
2005Q3,25,Lleida,2200,288348.8,131067.6
2005Q3,26,La Rioja,1900,276194.8,145365.7
2005Q3,27,Lugo,1159,101671.6,87723.6
2005Q3,28,Madrid,22525,5439250.5,241476.2
2005Q3,29,Málaga,9091,1507109.2,165780.4
2005Q3,30,Murcia,8380,974854.7,116331.1
2005Q3,31,Navarra,1220,217968.1,178662.4
2005Q3,32,Ourense,964,90201.8,93570.3
2005Q3,33,Asturias,4439,537965.8,121190.8
2005Q3,34,Palencia,809,81586.7,100848.8
2005Q3,35,Las Palmas,4480,606628.6,135408.2
2005Q3,36,Pontevedra,2960,379549.9,128226.3
2005Q3,37,Salamanca,1778,232518.0,130775.0
2005Q3,38,Santa Cruz de Tenerife,4356,569336.9,130701.8
2005Q3,39,Cantabria,3626,536128.1,147856.6
2005Q3,40,Segovia,687,95184.5,138550.9
2005Q3,41,Sevilla,5061,627120.3,123912.3
2005Q3,42,Soria,244,28203.5,115588.1
2005Q3,43,Tarragona,6976,1071437.9,153589.1
2005Q3,44,Teruel,452,41970.7,92855.5
2005Q3,45,Toledo,3241,413191.6,127488.9
2005Q3,46,Valencia,12174,1472361.9,120943.1
2005Q3,47,Valladolid,2174,320158.0,147266.8
2005Q3,48,Bizkaia,2090,455864.7,218117.1
2005Q3,49,Zamora,748,75692.6,101193.3
2005Q3,50,Zaragoza,4124,717697.8,174029.5
2005Q3,51,Ceuta,174,20443.3,117490.2
2005Q3,52,Melilla,212,20117.4,94893.4
2005Q4,00,Spain,233637,37959242.1,162471.0
2005Q4,01,Araba/Álava,919,208957.7,227375.1
2005Q4,02,Albacete,1433,164516.8,114805.9
2005Q4,03,Alicante,17833,2362251.1,132465.2
2005Q4,04,Almería,5893,719187.0,122040.9
2005Q4,05,Ávila,906,100134.7,110524.0
2005Q4,06,Badajoz,2282,187772.5,82284.2
2005Q4,07,Illes Balears,5665,1050246.3,185392.1
2005Q4,08,Barcelona,27182,6301164.7,231813.9
2005Q4,09,Burgos,2037,296322.9,145470.3
2005Q4,10,Cáceres,1284,117493.3,91505.7
2005Q4,11,Cádiz,5927,688011.0,116080.8
2005Q4,12,Castellón,5066,690644.1,136329.3
2005Q4,13,Ciudad Real,2492,242239.9,97207.0
2005Q4,14,Córdoba,2304,249587.2,108327.8
2005Q4,15,A Coruña,3992,486973.9,121987.4
2005Q4,16,Cuenca,864,94933.4,109876.6
2005Q4,17,Girona,6064,1083049.9,178603.2
2005Q4,18,Granada,3568,429783.5,120455.0
2005Q4,19,Guadalajara,2172,355166.2,163520.3
2005Q4,20,Gipuzkoa,2232,517817.7,231997.2
2005Q4,21,Huelva,2755,322255.5,116971.1
2005Q4,22,Huesca,1714,237874.5,138783.3
2005Q4,23,Jaén,2370,213120.2,89924.1
2005Q4,24,León,2236,257171.3,115014.0
2005Q4,25,Lleida,2538,331102.7,130458.1
2005Q4,26,La Rioja,1983,319833.8,161287.8
2005Q4,27,Lugo,1210,115265.9,95261.1
2005Q4,28,Madrid,27901,6653919.4,238483.2
2005Q4,29,Málaga,9630,1697260.2,176247.2
2005Q4,30,Murcia,9338,1089023.9,116622.8
2005Q4,31,Navarra,2230,396922.4,177992.1
2005Q4,32,Ourense,835,83252.4,99703.5
2005Q4,33,Asturias,5414,699249.0,129155.7
2005Q4,34,Palencia,906,97319.0,107416.1
2005Q4,35,Las Palmas,5634,815406.2,144729.5
2005Q4,36,Pontevedra,3088,417308.2,135138.7
2005Q4,37,Salamanca,1817,247539.5,136235.3
2005Q4,38,Santa Cruz de Tenerife,5214,704180.7,135055.8
2005Q4,39,Cantabria,3886,575535.4,148104.8
2005Q4,40,Segovia,712,97809.8,137373.3
2005Q4,41,Sevilla,6257,827098.9,132187.8
2005Q4,42,Soria,259,27561.3,106414.3
2005Q4,43,Tarragona,7593,1219784.0,160645.9
2005Q4,44,Teruel,475,42621.4,89729.3
2005Q4,45,Toledo,3308,446744.4,135049.7
2005Q4,46,Valencia,12826,1639131.6,127797.6
2005Q4,47,Valladolid,2363,359205.1,152012.3
2005Q4,48,Bizkaia,3455,772138.6,223484.4
2005Q4,49,Zamora,912,108393.2,118852.2
2005Q4,50,Zaragoza,4109,740672.7,180256.2
2005Q4,51,Ceuta,324,36496.0,112642.0
2005Q4,52,Melilla,230,21790.6,94741.7
2006Q1,00,Spain,222720,37422216.5,168023.6
2006Q1,01,Araba/Álava,789,183668.3,232786.2
2006Q1,02,Albacete,1369,166564.4,121668.7
2006Q1,03,Alicante,16767,2213345.1,132006.0
2006Q1,04,Almería,5600,711213.9,127002.5
2006Q1,05,Ávila,908,110030.5,121179.0
2006Q1,06,Badajoz,2048,166275.1,81189.0
2006Q1,07,Illes Balears,5416,1002453.3,185091.1
2006Q1,08,Barcelona,26202,6355064.7,242541.2
2006Q1,09,Burgos,1949,300911.7,154392.9
2006Q1,10,Cáceres,1326,133989.3,101047.7
2006Q1,11,Cádiz,5392,685715.8,127172.8
2006Q1,12,Castellón,4870,695803.8,142875.5
2006Q1,13,Ciudad Real,2518,245491.2,97494.5
2006Q1,14,Córdoba,2068,221018.1,106875.3
2006Q1,15,A Coruña,4098,496096.9,121058.3
2006Q1,16,Cuenca,611,62041.9,101541.6
2006Q1,17,Girona,5636,1041778.5,184843.6
2006Q1,18,Granada,3279,417273.2,127256.2
2006Q1,19,Guadalajara,1629,305407.7,187481.7
2006Q1,20,Gipuzkoa,1927,475964.8,246997.8
2006Q1,21,Huelva,2776,343045.3,123575.4
2006Q1,22,Huesca,1419,204147.3,143867.0
2006Q1,23,Jaén,2132,190446.1,89327.4
2006Q1,24,León,1934,208644.7,107882.5
2006Q1,25,Lleida,2546,344815.5,135434.2
2006Q1,26,La Rioja,1931,311004.8,161058.9
2006Q1,27,Lugo,860,79792.8,92782.3
2006Q1,28,Madrid,27369,6876498.1,251251.3
2006Q1,29,Málaga,8873,1618851.3,182446.9
2006Q1,30,Murcia,9277,1144332.6,123351.6
2006Q1,31,Navarra,2178,437514.0,200878.8
2006Q1,32,Ourense,777,84593.6,108872.1
2006Q1,33,Asturias,4701,576591.2,122652.9
2006Q1,34,Palencia,822,94013.7,114371.9
2006Q1,35,Las Palmas,5240,744010.4,141986.7
2006Q1,36,Pontevedra,2744,373635.3,136164.5
2006Q1,37,Salamanca,1789,235711.4,131756.0
2006Q1,38,Santa Cruz de Tenerife,5419,715145.4,131970.0
2006Q1,39,Cantabria,3239,500862.9,154635.0
2006Q1,40,Segovia,832,117569.3,141309.3
2006Q1,41,Sevilla,6264,813913.5,129935.1
2006Q1,42,Soria,308,42841.3,139095.1
2006Q1,43,Tarragona,7106,1147747.1,161518.0
2006Q1,44,Teruel,600,63113.1,105188.5
2006Q1,45,Toledo,3361,467826.7,139192.7
2006Q1,46,Valencia,13326,1769788.6,132807.2
2006Q1,47,Valladolid,2494,386127.9,154822.7
2006Q1,48,Bizkaia,2524,572768.0,226928.7
2006Q1,49,Zamora,851,99043.6,116385.0
2006Q1,50,Zaragoza,4179,819400.7,196075.8
2006Q1,51,Ceuta,174,19983.8,114849.4
2006Q1,52,Melilla,273,28328.2,103766.3
2006Q2,00,Spain,239622,41475361.5,173086.6
2006Q2,01,Araba/Álava,867,202389.0,233436.0
2006Q2,02,Albacete,1504,179380.7,119269.1
2006Q2,03,Alicante,19427,2693042.7,138623.7
2006Q2,04,Almería,6289,798904.8,127032.1
2006Q2,05,Ávila,1021,115644.3,113265.7
2006Q2,06,Badajoz,2222,189334.2,85208.9
2006Q2,07,Illes Balears,6534,1291235.2,197617.9
2006Q2,08,Barcelona,26448,6799251.5,257080.0
2006Q2,09,Burgos,1931,311183.5,161151.5
2006Q2,10,Cáceres,1294,131626.0,101720.2
2006Q2,11,Cádiz,5874,795425.7,135414.7
2006Q2,12,Castellón,5432,782894.1,144126.3
2006Q2,13,Ciudad Real,2683,265716.4,99037.0
2006Q2,14,Córdoba,2492,281686.0,113036.1
2006Q2,15,A Coruña,3871,500855.0,129386.5
2006Q2,16,Cuenca,663,64008.0,96543.0
2006Q2,17,Girona,5974,1149817.5,192470.3
2006Q2,18,Granada,4090,524860.8,128327.8
2006Q2,19,Guadalajara,1965,362809.8,184636.0
2006Q2,20,Gipuzkoa,2028,515331.2,254108.1
2006Q2,21,Huelva,2893,377482.5,130481.3
2006Q2,22,Huesca,1579,237223.9,150236.8
2006Q2,23,Jaén,2341,224065.0,95713.4
2006Q2,24,León,2004,233111.6,116323.2
2006Q2,25,Lleida,2687,389490.8,144953.8
2006Q2,26,La Rioja,2489,384015.3,154285.0
2006Q2,27,Lugo,1171,139973.5,119533.3
2006Q2,28,Madrid,27737,7015737.3,252937.9
2006Q2,29,Málaga,10344,1993203.1,192691.7
2006Q2,30,Murcia,10333,1279205.3,123798.1
2006Q2,31,Navarra,2271,446807.8,196745.0
2006Q2,32,Ourense,795,82511.9,103788.6
2006Q2,33,Asturias,4966,617532.4,124352.1
2006Q2,34,Palencia,948,112436.1,118603.5
2006Q2,35,Las Palmas,5642,846102.0,149964.9
2006Q2,36,Pontevedra,2948,404435.6,137189.8
2006Q2,37,Salamanca,2483,321227.8,129370.8
2006Q2,38,Santa Cruz de Tenerife,5550,736816.5,132759.7
2006Q2,39,Cantabria,3597,599228.4,166591.2
2006Q2,40,Segovia,706,106874.9,151380.9
2006Q2,41,Sevilla,6776,963552.8,142200.8
2006Q2,42,Soria,388,46343.2,119441.2
2006Q2,43,Tarragona,8036,1362630.6,169565.8
2006Q2,44,Teruel,611,62255.7,101891.5
2006Q2,45,Toledo,3439,494187.0,143700.8
2006Q2,46,Valencia,13325,1913309.5,143588.0
2006Q2,47,Valladolid,2428,399519.4,164546.7
2006Q2,48,Bizkaia,2791,699291.8,250552.4
2006Q2,49,Zamora,769,90337.7,117474.3
2006Q2,50,Zaragoza,4366,866843.4,198544.1
2006Q2,51,Ceuta,224,33949.8,151561.6
2006Q2,52,Melilla,376,40262.2,107080.3
2006Q3,00,Spain,210190,36838832.8,175264.4
2006Q3,01,Araba/Álava,1012,224963.0,222295.5
2006Q3,02,Albacete,1433,171460.8,119651.6
2006Q3,03,Alicante,16686,2398185.8,143724.4
2006Q3,04,Almería,6256,836018.1,133634.6
2006Q3,05,Ávila,1180,151180.7,128119.2
2006Q3,06,Badajoz,2240,218439.7,97517.7
2006Q3,07,Illes Balears,6066,1262582.9,208140.9
2006Q3,08,Barcelona,19067,5069386.9,265872.3
2006Q3,09,Burgos,1987,311689.4,156864.3
2006Q3,10,Cáceres,1394,136468.8,97897.3
2006Q3,11,Cádiz,5213,731660.0,140353.0
2006Q3,12,Castellón,5484,841241.9,153399.3
2006Q3,13,Ciudad Real,2645,269981.5,102072.4
2006Q3,14,Córdoba,2631,338707.9,128737.3
2006Q3,15,A Coruña,4053,512363.5,126415.9
2006Q3,16,Cuenca,923,104332.0,113035.8
2006Q3,17,Girona,5322,1070524.7,201150.8
2006Q3,18,Granada,4356,564959.8,129696.9
2006Q3,19,Guadalajara,1655,329961.2,199372.3
2006Q3,20,Gipuzkoa,1801,446566.7,247954.9
2006Q3,21,Huelva,2520,340579.2,135150.5
2006Q3,22,Huesca,1211,186443.4,153958.2
2006Q3,23,Jaén,2209,211839.6,95898.4
2006Q3,24,León,1898,236857.2,124793.0
2006Q3,25,Lleida,2582,384323.5,148847.2
2006Q3,26,La Rioja,2364,394304.4,166795.4
2006Q3,27,Lugo,1182,122929.4,104001.2
2006Q3,28,Madrid,22260,5881163.2,264203.2
2006Q3,29,Málaga,8916,1767018.2,198185.1
2006Q3,30,Murcia,8618,1117543.7,129675.5
2006Q3,31,Navarra,2341,444066.6,189691.0
2006Q3,32,Ourense,758,80445.9,106129.2
2006Q3,33,Asturias,4783,643890.2,134620.6
2006Q3,34,Palencia,795,102277.7,128651.2
2006Q3,35,Las Palmas,4661,685760.1,147127.2
2006Q3,36,Pontevedra,2871,412879.8,143810.4
2006Q3,37,Salamanca,1860,246077.4,132299.7
2006Q3,38,Santa Cruz de Tenerife,5021,735858.2,146556.1
2006Q3,39,Cantabria,3155,517446.7,164008.5
2006Q3,40,Segovia,663,109873.5,165721.7
2006Q3,41,Sevilla,6799,1019224.6,149908.0
2006Q3,42,Soria,604,79795.3,132111.4
2006Q3,43,Tarragona,6708,1170134.5,174438.7
2006Q3,44,Teruel,429,44979.5,104847.3
2006Q3,45,Toledo,3697,559110.7,151233.6
2006Q3,46,Valencia,11495,1724780.8,150046.2
2006Q3,47,Valladolid,2275,371892.0,163469.0
2006Q3,48,Bizkaia,2368,604585.9,255315.0
2006Q3,49,Zamora,659,77854.7,118140.7
2006Q3,50,Zaragoza,2605,511731.8,196442.1
2006Q3,51,Ceuta,220,32479.1,147632.3
2006Q3,52,Melilla,259,30010.5,115870.7
2006Q4,00,Spain,235455,42945537.3,182393.8
2006Q4,01,Araba/Álava,1021,253437.2,248224.5
2006Q4,02,Albacete,1568,197571.6,126002.3
2006Q4,03,Alicante,17311,2547282.4,147148.2
2006Q4,04,Almería,6567,895210.7,136319.6
2006Q4,05,Ávila,1404,175881.5,125271.7
2006Q4,06,Badajoz,2199,211891.0,96357.9
2006Q4,07,Illes Balears,7810,1640399.1,210038.3
2006Q4,08,Barcelona,22645,6122577.0,270372.1
2006Q4,09,Burgos,2300,389736.4,169450.6
2006Q4,10,Cáceres,1389,135159.9,97307.3
2006Q4,11,Cádiz,5222,761105.5,145749.8
2006Q4,12,Castellón,5261,856981.4,162893.3
2006Q4,13,Ciudad Real,2991,346489.9,115844.2
2006Q4,14,Córdoba,3067,410698.4,133908.8
2006Q4,15,A Coruña,4508,619402.5,137400.7
2006Q4,16,Cuenca,987,123281.4,124905.2
2006Q4,17,Girona,5694,1217445.4,213812.0
2006Q4,18,Granada,4158,552589.8,132898.0
2006Q4,19,Guadalajara,1939,401605.1,207119.7
2006Q4,20,Gipuzkoa,2044,534201.0,261350.8
2006Q4,21,Huelva,2714,361495.9,133196.7
2006Q4,22,Huesca,1501,229125.8,152648.8
2006Q4,23,Jaén,2497,259532.6,103937.8
2006Q4,24,León,2295,277891.2,121085.5
2006Q4,25,Lleida,3176,499789.9,157364.6
2006Q4,26,La Rioja,2492,405483.5,162714.1
2006Q4,27,Lugo,1038,103954.0,100148.4
2006Q4,28,Madrid,25788,6956776.8,269768.0
2006Q4,29,Málaga,9563,1859865.6,194485.6
2006Q4,30,Murcia,10198,1407409.5,138008.4
2006Q4,31,Navarra,2185,413133.2,189077.0
2006Q4,32,Ourense,799,85621.6,107161.0
2006Q4,33,Asturias,5786,772272.0,133472.5
2006Q4,34,Palencia,789,99269.2,125816.5
2006Q4,35,Las Palmas,5101,826362.2,162000.0
2006Q4,36,Pontevedra,2737,404673.1,147852.8
2006Q4,37,Salamanca,1827,271297.7,148493.5
2006Q4,38,Santa Cruz de Tenerife,5492,806194.1,146794.3
2006Q4,39,Cantabria,3706,643794.8,173716.9
2006Q4,40,Segovia,768,119846.5,156050.1
2006Q4,41,Sevilla,7068,1047469.9,148198.9
2006Q4,42,Soria,450,56306.5,125125.6
2006Q4,43,Tarragona,6836,1288380.3,188469.9
2006Q4,44,Teruel,609,62823.8,103158.9
2006Q4,45,Toledo,4083,659637.6,161557.1
2006Q4,46,Valencia,13613,2174388.5,159728.8
2006Q4,47,Valladolid,2669,441194.5,165303.3
2006Q4,48,Bizkaia,3633,923725.6,254259.7
2006Q4,49,Zamora,886,112304.6,126754.6
2006Q4,50,Zaragoza,4300,888429.4,206611.5
2006Q4,51,Ceuta,295,44883.3,152146.8
2006Q4,52,Melilla,476,49256.8,103480.7
2007Q1,00,Spain,211799,38906160.9,183693.8
2007Q1,01,Araba/Álava,999,260443.2,260703.9
2007Q1,02,Albacete,1472,197414.5,134113.1
2007Q1,03,Alicante,15414,2286218.1,148320.9
2007Q1,04,Almería,5458,766397.9,140417.4
2007Q1,05,Ávila,1170,151182.0,129215.4
2007Q1,06,Badajoz,2189,208801.4,95386.7
2007Q1,07,Illes Balears,5645,1209363.6,214236.2
2007Q1,08,Barcelona,20891,5820334.7,278604.9
2007Q1,09,Burgos,2268,375391.5,165516.5
2007Q1,10,Cáceres,1606,169868.8,105771.4
2007Q1,11,Cádiz,5622,837719.8,149007.4
2007Q1,12,Castellón,4414,679554.1,153954.3
2007Q1,13,Ciudad Real,2442,252870.0,103550.4
2007Q1,14,Córdoba,2925,398209.6,136140.0
2007Q1,15,A Coruña,3749,509638.8,135939.9
2007Q1,16,Cuenca,649,68251.7,105164.4
2007Q1,17,Girona,4778,1034026.6,216414.1
2007Q1,18,Granada,4718,635132.2,134618.9
2007Q1,19,Guadalajara,1561,333407.4,213585.8
2007Q1,20,Gipuzkoa,1830,505450.1,276202.2
2007Q1,21,Huelva,2796,365074.2,130570.2
2007Q1,22,Huesca,1566,242200.6,154661.9
2007Q1,23,Jaén,2489,262916.3,105631.3
2007Q1,24,León,2415,290889.8,120451.3
2007Q1,25,Lleida,2408,383866.1,159412.8
2007Q1,26,La Rioja,1697,287258.6,169274.4
2007Q1,27,Lugo,942,105600.6,112102.5
2007Q1,28,Madrid,18916,5323801.1,281444.3
2007Q1,29,Málaga,10949,2214049.4,202214.8
2007Q1,30,Murcia,9208,1338774.4,145392.5
2007Q1,31,Navarra,2117,430304.4,203261.4
2007Q1,32,Ourense,934,98714.6,105690.1
2007Q1,33,Asturias,4655,626242.6,134531.2
2007Q1,34,Palencia,741,93715.1,126471.1
2007Q1,35,Las Palmas,5245,797345.3,152020.1
2007Q1,36,Pontevedra,2711,392756.9,144875.3
2007Q1,37,Salamanca,1691,237645.8,140535.7
2007Q1,38,Santa Cruz de Tenerife,4686,676424.0,144350.0
2007Q1,39,Cantabria,3192,568897.9,178226.2
2007Q1,40,Segovia,708,110921.6,156668.9
2007Q1,41,Sevilla,8024,1215441.8,151475.8
2007Q1,42,Soria,489,59992.4,122683.8
2007Q1,43,Tarragona,5328,1003004.8,188251.7
2007Q1,44,Teruel,578,65163.8,112740.1
2007Q1,45,Toledo,3881,635313.2,163698.3
2007Q1,46,Valencia,12875,2070527.7,160817.7
2007Q1,47,Valladolid,2216,410182.8,185100.5
2007Q1,48,Bizkaia,3505,969876.5,276712.3
2007Q1,49,Zamora,696,79011.1,113521.7
2007Q1,50,Zaragoza,3779,768537.0,203370.5
2007Q1,51,Ceuta,234,36508.8,156020.5
2007Q1,52,Melilla,328,45525.4,138797.0
2007Q2,00,Spain,210241,39716359.3,188908.7
2007Q2,01,Araba/Álava,736,194601.0,264403.5
2007Q2,02,Albacete,1458,197077.3,135169.6
2007Q2,03,Alicante,16383,2554156.7,155902.9
2007Q2,04,Almería,5594,799589.8,142937.0
2007Q2,05,Ávila,1019,136131.1,133592.8
2007Q2,06,Badajoz,2063,221094.6,107171.4
2007Q2,07,Illes Balears,6154,1379957.4,224237.5
2007Q2,08,Barcelona,18125,5193722.1,286550.2
2007Q2,09,Burgos,2136,395137.1,184989.3
2007Q2,10,Cáceres,1362,150255.9,110320.0
2007Q2,11,Cádiz,5856,964887.5,164769.0
2007Q2,12,Castellón,5018,830469.0,165498.0
2007Q2,13,Ciudad Real,2519,293146.0,116374.0
2007Q2,14,Córdoba,2891,407462.6,140941.8
2007Q2,15,A Coruña,4111,550182.0,133831.7
2007Q2,16,Cuenca,992,128448.1,129484.0
2007Q2,17,Girona,4629,1024105.9,221237.0
2007Q2,18,Granada,5154,804127.1,156020.0
2007Q2,19,Guadalajara,1512,315423.2,208613.2
2007Q2,20,Gipuzkoa,1771,488366.6,275757.5
2007Q2,21,Huelva,2705,379492.7,140293.0
2007Q2,22,Huesca,1426,218821.2,153451.1
2007Q2,23,Jaén,2268,235301.6,103748.5
2007Q2,24,León,2343,312616.2,133425.6
2007Q2,25,Lleida,2297,380055.8,165457.5
2007Q2,26,La Rioja,1969,345889.4,175667.5
2007Q2,27,Lugo,1153,131329.9,113902.8
2007Q2,28,Madrid,18228,5318600.4,291781.9
2007Q2,29,Málaga,10214,2215566.9,216914.7
2007Q2,30,Murcia,9671,1445726.4,149490.9
2007Q2,31,Navarra,2329,441241.6,189455.4
2007Q2,32,Ourense,820,85791.1,104623.3
2007Q2,33,Asturias,4641,640827.7,138079.7
2007Q2,34,Palencia,742,101198.1,136385.6
2007Q2,35,Las Palmas,5392,827926.1,153547.1
2007Q2,36,Pontevedra,2768,421658.9,152333.4
2007Q2,37,Salamanca,1662,274473.1,165146.3
2007Q2,38,Santa Cruz de Tenerife,5216,764157.9,146502.7
2007Q2,39,Cantabria,3578,631188.5,176408.2
2007Q2,40,Segovia,589,90926.8,154374.9
2007Q2,41,Sevilla,7180,1110122.8,154613.2
2007Q2,42,Soria,429,67352.0,156997.7
2007Q2,43,Tarragona,5743,1113281.1,193850.1
2007Q2,44,Teruel,581,67009.7,115335.1
2007Q2,45,Toledo,2890,484388.3,167608.4
2007Q2,46,Valencia,12984,2206476.5,169938.1
2007Q2,47,Valladolid,2251,407480.8,181022.1
2007Q2,48,Bizkaia,3394,983475.3,289768.8
2007Q2,49,Zamora,736,85193.9,115752.6
2007Q2,50,Zaragoza,4031,818670.4,203093.6
2007Q2,51,Ceuta,228,34377.0,150776.3
2007Q2,52,Melilla,300,47400.2,158000.7
2007Q3,00,Spain,171880,31866536.6,185399.9
2007Q3,01,Araba/Álava,566,151374.3,267445.8
2007Q3,02,Albacete,1270,186291.7,146686.4
2007Q3,03,Alicante,13015,2083141.1,160056.9
2007Q3,04,Almería,4611,690335.4,149714.9
2007Q3,05,Ávila,1009,133851.7,132657.8
2007Q3,06,Badajoz,2083,209620.1,100633.7
2007Q3,07,Illes Balears,4772,1103933.5,231335.6
2007Q3,08,Barcelona,11931,3358877.3,281525.2
2007Q3,09,Burgos,1882,363348.2,193064.9
2007Q3,10,Cáceres,1246,129706.6,104098.4
2007Q3,11,Cádiz,4667,743761.6,159366.1
2007Q3,12,Castellón,4330,741373.8,171218.0
2007Q3,13,Ciudad Real,2207,244229.8,110661.4
2007Q3,14,Córdoba,2257,340769.7,150983.5
2007Q3,15,A Coruña,4169,536841.6,128769.9
2007Q3,16,Cuenca,868,116129.4,133789.6
2007Q3,17,Girona,3247,723055.7,222684.2
2007Q3,18,Granada,4212,628838.0,149296.8
2007Q3,19,Guadalajara,1429,283218.7,198193.6
2007Q3,20,Gipuzkoa,1648,494719.2,300193.7
2007Q3,21,Huelva,2508,373184.1,148797.5
2007Q3,22,Huesca,1413,213016.0,150754.4
2007Q3,23,Jaén,2091,222409.0,106364.9
2007Q3,24,León,2229,280995.9,126063.7
2007Q3,25,Lleida,1949,352592.8,180909.6
2007Q3,26,La Rioja,1840,319695.7,173747.7
2007Q3,27,Lugo,1115,121651.5,109104.5
2007Q3,28,Madrid,14694,4203384.9,286061.3
2007Q3,29,Málaga,8502,1798367.8,211522.9
2007Q3,30,Murcia,7221,1087240.1,150566.4
2007Q3,31,Navarra,1672,342344.1,204751.3
2007Q3,32,Ourense,894,95301.9,106601.7
2007Q3,33,Asturias,4390,635624.9,144789.3
2007Q3,34,Palencia,574,78380.7,136551.7
2007Q3,35,Las Palmas,4334,688276.7,158808.7
2007Q3,36,Pontevedra,2999,442684.1,147610.6
2007Q3,37,Salamanca,1498,224684.3,149989.5
2007Q3,38,Santa Cruz de Tenerife,3978,573379.5,144137.6
2007Q3,39,Cantabria,2850,488179.5,171291.1
2007Q3,40,Segovia,734,118724.0,161749.3
2007Q3,41,Sevilla,5700,901503.2,158158.5
2007Q3,42,Soria,430,66435.4,154500.9
2007Q3,43,Tarragona,4316,846587.1,196150.9
2007Q3,44,Teruel,584,80082.1,137126.9
2007Q3,45,Toledo,4184,683926.7,163462.4
2007Q3,46,Valencia,9395,1603131.5,170636.7
2007Q3,47,Valladolid,1897,322224.7,169860.1
2007Q3,48,Bizkaia,2663,754888.1,283472.8
2007Q3,49,Zamora,678,76917.1,113447.1
2007Q3,50,Zaragoza,2733,545123.6,199459.8
2007Q3,51,Ceuta,215,34892.0,162288.4
2007Q3,52,Melilla,181,27290.2,150774.6
2007Q4,00,Spain,174944,33287841.0,190277.1
2007Q4,01,Araba/Álava,628,161495.4,257158.3
2007Q4,02,Albacete,1241,177229.4,142811.8
2007Q4,03,Alicante,11213,1758208.6,156800.9
2007Q4,04,Almería,4293,612726.6,142726.9
2007Q4,05,Ávila,892,132047.4,148035.2
2007Q4,06,Badajoz,2053,207821.6,101228.3
2007Q4,07,Illes Balears,4808,1151373.0,239470.3
2007Q4,08,Barcelona,13183,3668227.1,278254.4
2007Q4,09,Burgos,1635,292069.2,178635.6
2007Q4,10,Cáceres,1284,134405.5,104677.2
2007Q4,11,Cádiz,4678,784928.4,167791.4
2007Q4,12,Castellón,4608,835728.1,181364.6
2007Q4,13,Ciudad Real,2023,226918.9,112169.5
2007Q4,14,Córdoba,2429,357112.3,147020.3
2007Q4,15,A Coruña,3501,472057.2,134835.0
2007Q4,16,Cuenca,1522,214689.2,141057.3
2007Q4,17,Girona,3433,757873.7,220761.3
2007Q4,18,Granada,4473,698224.0,156097.5
2007Q4,19,Guadalajara,1597,334977.0,209753.9
2007Q4,20,Gipuzkoa,1808,531629.8,294043.0
2007Q4,21,Huelva,2475,389460.8,157357.9
2007Q4,22,Huesca,1255,214628.9,171019.0
2007Q4,23,Jaén,2256,241593.8,107089.5
2007Q4,24,León,2276,298708.2,131242.6
2007Q4,25,Lleida,2153,395624.5,183755.0
2007Q4,26,La Rioja,1574,281797.7,179032.8
2007Q4,27,Lugo,935,111700.0,119465.2
2007Q4,28,Madrid,16507,4493152.4,272196.8
2007Q4,29,Málaga,9311,2049216.5,220085.5
2007Q4,30,Murcia,7549,1188551.6,157444.9
2007Q4,31,Navarra,1553,322389.6,207591.5
2007Q4,32,Ourense,853,99216.4,116314.7
2007Q4,33,Asturias,4313,660531.0,153148.9
2007Q4,34,Palencia,627,79810.2,127289.0
2007Q4,35,Las Palmas,4491,764100.8,170140.5
2007Q4,36,Pontevedra,2748,406850.0,148053.1
2007Q4,37,Salamanca,1568,246744.6,157362.6
2007Q4,38,Santa Cruz de Tenerife,3496,548549.8,156907.8
2007Q4,39,Cantabria,2638,485886.6,184187.5
2007Q4,40,Segovia,642,100382.1,156358.4
2007Q4,41,Sevilla,6657,1156230.0,173686.3
2007Q4,42,Soria,355,47405.8,133537.5
2007Q4,43,Tarragona,3759,736638.2,195966.5
2007Q4,44,Teruel,656,78381.5,119484.0
2007Q4,45,Toledo,5341,892438.6,167092.0
2007Q4,46,Valencia,8810,1557237.5,176757.9
2007Q4,47,Valladolid,1841,313917.8,170514.8
2007Q4,48,Bizkaia,3091,935238.4,302568.2
2007Q4,49,Zamora,702,87539.4,124700.0
2007Q4,50,Zaragoza,2851,538981.7,189050.1
2007Q4,51,Ceuta,166,26638.9,160475.3
2007Q4,52,Melilla,193,28555.3,147954.9
2008Q1,00,Spain,145669,27146850.4,186359.8
2008Q1,01,Araba/Álava,547,129084.5,235986.3
2008Q1,02,Albacete,902,135531.0,150256.1
2008Q1,03,Alicante,9761,1577392.9,161601.6
2008Q1,04,Almería,3331,501063.0,150424.2
2008Q1,05,Ávila,802,119908.4,149511.7
2008Q1,06,Badajoz,2086,229371.5,109957.6
2008Q1,07,Illes Balears,3333,771881.9,231587.7
2008Q1,08,Barcelona,10411,2801076.9,269049.7
2008Q1,09,Burgos,1160,196806.9,169661.1
2008Q1,10,Cáceres,1214,142746.4,117583.5
2008Q1,11,Cádiz,4037,666054.8,164987.6
2008Q1,12,Castellón,3164,529765.3,167435.3
2008Q1,13,Ciudad Real,1917,221702.9,115651.0
2008Q1,14,Córdoba,1961,259206.6,132180.8
2008Q1,15,A Coruña,3335,490192.7,146984.3
2008Q1,16,Cuenca,835,131537.9,157530.4
2008Q1,17,Girona,2566,566237.1,220669.2
2008Q1,18,Granada,3880,585564.3,150918.6
2008Q1,19,Guadalajara,1417,299889.3,211636.8
2008Q1,20,Gipuzkoa,1436,386866.2,269405.4
2008Q1,21,Huelva,2065,293386.6,142075.8
2008Q1,22,Huesca,1219,200829.0,164749.0
2008Q1,23,Jaén,2181,237242.1,108776.8
2008Q1,24,León,1824,245565.2,134630.0
2008Q1,25,Lleida,1608,270045.1,167938.5
2008Q1,26,La Rioja,1252,225220.7,179888.7
2008Q1,27,Lugo,749,79347.2,105937.5
2008Q1,28,Madrid,13605,3677513.5,270306.0
2008Q1,29,Málaga,7098,1558428.5,219558.8
2008Q1,30,Murcia,7338,1174573.7,160067.3
2008Q1,31,Navarra,1235,245187.2,198532.1
2008Q1,32,Ourense,716,86114.5,120271.6
2008Q1,33,Asturias,3864,583402.4,150984.1
2008Q1,34,Palencia,516,69725.5,135126.9
2008Q1,35,Las Palmas,3583,589528.9,164535.0
2008Q1,36,Pontevedra,2443,376163.9,153976.2
2008Q1,37,Salamanca,1486,208199.5,140107.3
2008Q1,38,Santa Cruz de Tenerife,3037,472353.4,155532.9
2008Q1,39,Cantabria,2545,466714.8,183385.0
2008Q1,40,Segovia,670,115506.9,172398.4
2008Q1,41,Sevilla,5630,948381.5,168451.4
2008Q1,42,Soria,343,45971.5,134027.7
2008Q1,43,Tarragona,2991,551357.1,184338.7
2008Q1,44,Teruel,502,59238.8,118005.6
2008Q1,45,Toledo,4309,706348.6,163924.0
2008Q1,46,Valencia,7266,1310639.5,180379.8
2008Q1,47,Valladolid,1658,301173.5,181648.7
2008Q1,48,Bizkaia,2624,742849.9,283098.3
2008Q1,49,Zamora,613,78656.3,128313.7
2008Q1,50,Zaragoza,2260,432062.4,191178.1
2008Q1,51,Ceuta,176,28009.7,159146.0
2008Q1,52,Melilla,168,25232.8,150195.2
2008Q2,00,Spain,141922,26548177.7,187061.8
2008Q2,01,Araba/Álava,659,163507.4,248114.4
2008Q2,02,Albacete,890,133830.3,150371.1
2008Q2,03,Alicante,9642,1584368.3,164319.5
2008Q2,04,Almería,3242,493990.8,152372.2
2008Q2,05,Ávila,962,139565.9,145078.9
2008Q2,06,Badajoz,1983,221945.7,111924.2
2008Q2,07,Illes Balears,3630,852133.7,234747.6
2008Q2,08,Barcelona,9448,2519634.5,266684.4
2008Q2,09,Burgos,1207,191774.6,158885.3
2008Q2,10,Cáceres,1114,144470.1,129685.9
2008Q2,11,Cádiz,3668,622186.8,169625.6
2008Q2,12,Castellón,3453,572645.8,165840.1
2008Q2,13,Ciudad Real,1927,233197.8,121016.0
2008Q2,14,Córdoba,2039,311887.7,152961.1
2008Q2,15,A Coruña,3293,467606.5,142000.2
2008Q2,16,Cuenca,686,90309.5,131646.5
2008Q2,17,Girona,2499,573800.4,229612.0
2008Q2,18,Granada,3549,520855.1,146761.1
2008Q2,19,Guadalajara,1473,277658.5,188498.6
2008Q2,20,Gipuzkoa,1529,435232.9,284652.0
2008Q2,21,Huelva,1972,290704.0,147415.8
2008Q2,22,Huesca,1092,185632.9,169993.5
2008Q2,23,Jaén,2112,244855.7,115935.5
2008Q2,24,León,1482,181741.1,122632.3
2008Q2,25,Lleida,1505,260053.5,172793.0
2008Q2,26,La Rioja,1320,242464.7,183685.4
2008Q2,27,Lugo,956,110244.0,115318.0
2008Q2,28,Madrid,14185,3820785.5,269353.9
2008Q2,29,Málaga,6825,1490906.0,218447.8
2008Q2,30,Murcia,6658,1051515.0,157932.6
2008Q2,31,Navarra,1562,324237.6,207578.5
2008Q2,32,Ourense,710,77499.7,109154.5
2008Q2,33,Asturias,3695,552206.3,149446.9
2008Q2,34,Palencia,462,64125.8,138800.4
2008Q2,35,Las Palmas,3153,529776.5,168023.0
2008Q2,36,Pontevedra,2529,385475.0,152421.9
2008Q2,37,Salamanca,1071,159824.0,149228.8
2008Q2,38,Santa Cruz de Tenerife,2862,468770.3,163791.2
2008Q2,39,Cantabria,2711,495268.2,182688.4
2008Q2,40,Segovia,497,85074.2,171175.5
2008Q2,41,Sevilla,4968,775561.7,156111.5
2008Q2,42,Soria,328,47897.8,146029.9
2008Q2,43,Tarragona,2618,486605.3,185869.1
2008Q2,44,Teruel,589,76477.7,129843.3
2008Q2,45,Toledo,3368,533008.0,158256.5
2008Q2,46,Valencia,8212,1444767.6,175933.7
2008Q2,47,Valladolid,1425,252818.7,177416.6
2008Q2,48,Bizkaia,2747,732547.4,266671.8
2008Q2,49,Zamora,515,57931.3,112488.0
2008Q2,50,Zaragoza,2612,520976.3,199454.9
2008Q2,51,Ceuta,128,22376.4,174815.6
2008Q2,52,Melilla,160,25447.5,159046.9
2008Q3,00,Spain,111657,20645429.8,184900.5
2008Q3,01,Araba/Álava,628,153388.2,244248.7
2008Q3,02,Albacete,770,116495.2,151292.5
2008Q3,03,Alicante,7022,1192499.0,169823.3
2008Q3,04,Almería,3123,497166.2,159195.1
2008Q3,05,Ávila,728,102480.5,140769.9
2008Q3,06,Badajoz,1546,163994.8,106076.8
2008Q3,07,Illes Balears,2777,666815.6,240120.8
2008Q3,08,Barcelona,7256,1904215.6,262433.2
2008Q3,09,Burgos,1302,226639.4,174070.2
2008Q3,10,Cáceres,1128,120473.6,106802.8
2008Q3,11,Cádiz,2793,503087.2,180124.3
2008Q3,12,Castellón,2736,471325.8,172268.2
2008Q3,13,Ciudad Real,1657,200199.3,120820.3
2008Q3,14,Córdoba,1736,244943.9,141096.7
2008Q3,15,A Coruña,2778,396324.3,142665.3
2008Q3,16,Cuenca,579,84720.6,146322.3
2008Q3,17,Girona,1806,409031.5,226484.8
2008Q3,18,Granada,2884,432117.8,149832.8
2008Q3,19,Guadalajara,793,161013.0,203042.9
2008Q3,20,Gipuzkoa,1238,345250.5,278877.6
2008Q3,21,Huelva,1723,285219.1,165536.3
2008Q3,22,Huesca,730,117411.1,160837.1
2008Q3,23,Jaén,1580,189033.1,119641.2
2008Q3,24,León,1248,153629.3,123100.4
2008Q3,25,Lleida,1046,176972.9,169190.2
2008Q3,26,La Rioja,1097,192318.7,175313.3
2008Q3,27,Lugo,975,105976.0,108693.3
2008Q3,28,Madrid,9502,2575617.7,271060.6
2008Q3,29,Málaga,5222,1093020.5,209310.7
2008Q3,30,Murcia,5954,907048.0,152342.6
2008Q3,31,Navarra,1144,233791.0,204362.8
2008Q3,32,Ourense,787,84777.1,107721.9
2008Q3,33,Asturias,3117,464186.2,148920.8
2008Q3,34,Palencia,364,47538.9,130601.4
2008Q3,35,Las Palmas,2436,394469.2,161933.2
2008Q3,36,Pontevedra,1982,299366.4,151042.6
2008Q3,37,Salamanca,1012,143664.9,141961.4
2008Q3,38,Santa Cruz de Tenerife,2742,445517.1,162478.9
2008Q3,39,Cantabria,2162,402814.6,186315.7
2008Q3,40,Segovia,490,81887.5,167117.3
2008Q3,41,Sevilla,3776,626139.6,165820.9
2008Q3,42,Soria,340,44030.5,129501.5
2008Q3,43,Tarragona,2111,392053.2,185719.2
2008Q3,44,Teruel,594,87293.8,146959.3
2008Q3,45,Toledo,2589,462724.3,178727.0
2008Q3,46,Valencia,6298,1133431.0,179966.8
2008Q3,47,Valladolid,1100,195881.8,178074.4
2008Q3,48,Bizkaia,1676,482770.2,288049.0
2008Q3,49,Zamora,681,77271.6,113467.8
2008Q3,50,Zaragoza,1641,320023.2,195017.2
2008Q3,51,Ceuta,146,23553.2,161323.3
2008Q3,52,Melilla,112,13816.2,123358.9
2008Q4,00,Spain,110632,20610976.7,186302.1
2008Q4,01,Araba/Álava,455,109195.9,239991.0
2008Q4,02,Albacete,915,149913.8,163840.2
2008Q4,03,Alicante,7348,1234770.3,168041.7
2008Q4,04,Almería,2553,399869.0,156627.1
2008Q4,05,Ávila,688,91877.5,133542.9
2008Q4,06,Badajoz,1474,144639.3,98127.1
2008Q4,07,Illes Balears,2483,605694.3,243936.5
2008Q4,08,Barcelona,7504,1896584.7,252743.2
2008Q4,09,Burgos,1061,189971.4,179049.4
2008Q4,10,Cáceres,1171,146868.3,125421.3
2008Q4,11,Cádiz,2549,438866.6,172172.1
2008Q4,12,Castellón,2084,354413.8,170064.2
2008Q4,13,Ciudad Real,1387,172801.9,124586.8
2008Q4,14,Córdoba,1426,217940.9,152833.7
2008Q4,15,A Coruña,2317,317682.3,137109.3
2008Q4,16,Cuenca,468,56843.2,121459.8
2008Q4,17,Girona,2064,473187.6,229257.6
2008Q4,18,Granada,2653,373628.5,140832.5
2008Q4,19,Guadalajara,940,182311.9,193948.8
2008Q4,20,Gipuzkoa,1094,304801.8,278612.2
2008Q4,21,Huelva,1558,223367.4,143368.0
2008Q4,22,Huesca,717,123686.2,172505.2
2008Q4,23,Jaén,1440,165187.0,114713.2
2008Q4,24,León,1201,161350.9,134347.1
2008Q4,25,Lleida,1108,215978.0,194926.0
2008Q4,26,La Rioja,1411,251326.9,178119.7
2008Q4,27,Lugo,960,110009.0,114592.7
2008Q4,28,Madrid,10548,2788674.4,264379.4
2008Q4,29,Málaga,5685,1200052.7,211091.1
2008Q4,30,Murcia,5264,832345.0,158120.3
2008Q4,31,Navarra,1379,263822.5,191314.4
2008Q4,32,Ourense,701,82212.5,117278.9
2008Q4,33,Asturias,2778,428117.7,154110.0
2008Q4,34,Palencia,433,59508.9,137433.9
2008Q4,35,Las Palmas,2938,490164.6,166836.1
2008Q4,36,Pontevedra,1771,275891.0,155782.6
2008Q4,37,Salamanca,796,110902.9,139325.3
2008Q4,38,Santa Cruz de Tenerife,2421,384952.5,159005.6
2008Q4,39,Cantabria,1977,356726.8,180438.4
2008Q4,40,Segovia,445,73937.0,166150.6
2008Q4,41,Sevilla,3680,589055.7,160069.5
2008Q4,42,Soria,247,38751.0,156886.6
2008Q4,43,Tarragona,1957,369622.7,188872.1
2008Q4,44,Teruel,534,71325.3,133568.0
2008Q4,45,Toledo,2924,449904.0,153865.9
2008Q4,46,Valencia,6793,1316453.4,193795.6
2008Q4,47,Valladolid,1234,224469.4,181903.9
2008Q4,48,Bizkaia,2576,656809.0,254972.4
2008Q4,49,Zamora,524,67858.9,129501.7
2008Q4,50,Zaragoza,1739,321858.2,185082.3
2008Q4,51,Ceuta,144,27233.8,189123.6
2008Q4,52,Melilla,115,17558.7,152684.3
2009Q1,00,Spain,93095,16784525.4,180294.6
2009Q1,01,Araba/Álava,364,80144.6,220177.5
2009Q1,02,Albacete,697,112000.0,160688.7
2009Q1,03,Alicante,5610,872575.1,155539.2
2009Q1,04,Almería,2022,312967.7,154781.3
2009Q1,05,Ávila,473,63547.7,134350.3
2009Q1,06,Badajoz,1261,140140.0,111134.0
2009Q1,07,Illes Balears,1921,419095.6,218165.3
2009Q1,08,Barcelona,7424,1838575.0,247652.9
2009Q1,09,Burgos,989,179497.3,181493.7
2009Q1,10,Cáceres,775,86350.6,111420.1
2009Q1,11,Cádiz,2334,379205.6,162470.3
2009Q1,12,Castellón,2085,330049.8,158297.3
2009Q1,13,Ciudad Real,1251,149102.5,119186.7
2009Q1,14,Córdoba,1285,193205.6,150354.6
2009Q1,15,A Coruña,2110,288861.6,136901.2
2009Q1,16,Cuenca,515,67411.2,130895.5
2009Q1,17,Girona,1709,345428.6,202123.2
2009Q1,18,Granada,2483,369377.7,148762.7
2009Q1,19,Guadalajara,886,170307.9,192221.1
2009Q1,20,Gipuzkoa,1131,278205.3,245981.7
2009Q1,21,Huelva,1266,176063.1,139070.4
2009Q1,22,Huesca,681,110065.8,161623.8
2009Q1,23,Jaén,1205,130255.5,108095.9
2009Q1,24,León,949,134351.8,141572.0
2009Q1,25,Lleida,882,153582.1,174129.4
2009Q1,26,La Rioja,910,152918.9,168042.7
2009Q1,27,Lugo,669,81686.7,122102.7
2009Q1,28,Madrid,9727,2426384.6,249448.4
2009Q1,29,Málaga,4819,940557.2,195176.8
2009Q1,30,Murcia,4950,751315.3,151780.9
2009Q1,32,Ourense,587,64553.9,109972.6
2009Q1,33,Asturias,2221,342226.2,154086.5
2009Q1,34,Palencia,295,38778.5,131452.5
2009Q1,35,Las Palmas,2075,319930.7,154183.5
2009Q1,36,Pontevedra,1642,255365.7,155521.1
2009Q1,37,Salamanca,649,83440.2,128567.3
2009Q1,38,Santa Cruz de Tenerife,1817,274135.8,150872.8
2009Q1,39,Cantabria,1634,293364.1,179537.4
2009Q1,40,Segovia,410,63750.2,155488.3
2009Q1,41,Sevilla,3238,533536.4,164773.4
2009Q1,42,Soria,263,42143.3,160240.7
2009Q1,43,Tarragona,1812,345397.6,190616.8
2009Q1,44,Teruel,338,43487.7,128661.8
2009Q1,45,Toledo,2038,327978.7,160931.6
2009Q1,46,Valencia,4831,812249.2,168132.7
2009Q1,47,Valladolid,955,179036.4,187472.7
2009Q1,48,Bizkaia,1658,426836.0,257440.3
2009Q1,49,Zamora,376,47950.4,127527.7
2009Q1,50,Zaragoza,1515,283794.4,187323.0
2009Q1,51,Ceuta,143,28254.7,197585.3
2009Q1,52,Melilla,136,24661.9,181337.5
2009Q2,00,Spain,106612,19297587.2,181007.6
2009Q2,01,Araba/Álava,475,97473.2,205206.7
2009Q2,02,Albacete,788,122947.6,156024.9
2009Q2,03,Alicante,7124,1099608.6,154352.7
2009Q2,04,Almería,2553,373680.5,146369.2
2009Q2,05,Ávila,616,99839.8,162077.6
2009Q2,06,Badajoz,1533,178068.1,116156.6
2009Q2,07,Illes Balears,2292,509684.2,222375.3
2009Q2,08,Barcelona,8432,2028674.6,240592.3
2009Q2,09,Burgos,1083,194231.6,179345.9
2009Q2,10,Cáceres,879,109598.5,124685.4
2009Q2,11,Cádiz,2510,462441.7,184239.7
2009Q2,12,Castellón,2239,359302.6,160474.6
2009Q2,13,Ciudad Real,1114,138644.7,124456.6
2009Q2,14,Córdoba,1479,240217.8,162419.1
2009Q2,15,A Coruña,2582,377532.8,146217.2
2009Q2,16,Cuenca,589,84202.6,142958.6
2009Q2,17,Girona,1939,380737.6,196357.7
2009Q2,18,Granada,2631,377259.4,143390.1
2009Q2,19,Guadalajara,1138,233044.3,204784.1
2009Q2,20,Gipuzkoa,1051,282390.1,268687.1
2009Q2,21,Huelva,1190,182690.5,153521.4
2009Q2,22,Huesca,699,118513.5,169547.2
2009Q2,23,Jaén,1301,151907.3,116762.0
2009Q2,24,León,1055,142216.6,134802.5
2009Q2,25,Lleida,1007,166933.9,165773.5
2009Q2,26,La Rioja,1188,257867.7,217060.4
2009Q2,27,Lugo,738,80923.0,109651.8
2009Q2,28,Madrid,11275,2874133.2,254912.0
2009Q2,29,Málaga,5282,1032520.8,195479.1
2009Q2,30,Murcia,5900,872260.7,147840.8
2009Q2,32,Ourense,586,70205.2,119804.1
2009Q2,33,Asturias,2327,355541.3,152789.6
2009Q2,34,Palencia,378,51819.5,137088.6
2009Q2,35,Las Palmas,2175,321892.5,147996.6
2009Q2,36,Pontevedra,1694,266597.2,157377.3
2009Q2,37,Salamanca,748,108046.5,144447.2
2009Q2,38,Santa Cruz de Tenerife,2076,306134.0,147463.4
2009Q2,39,Cantabria,1886,324944.8,172293.1
2009Q2,40,Segovia,307,46975.7,153015.3
2009Q2,41,Sevilla,3913,585644.5,149666.4
2009Q2,42,Soria,358,55723.4,155652.0
2009Q2,43,Tarragona,2136,388867.2,182053.9
2009Q2,44,Teruel,258,34894.6,135250.4
2009Q2,45,Toledo,1768,270349.4,152912.6
2009Q2,46,Valencia,5696,944996.7,165905.3
2009Q2,47,Valladolid,1143,213475.3,186767.5
2009Q2,48,Bizkaia,2119,533354.2,251700.9
2009Q2,49,Zamora,603,77461.6,128460.4
2009Q2,50,Zaragoza,2102,387705.3,184445.9
2009Q2,51,Ceuta,117,18834.0,160974.4
2009Q2,52,Melilla,137,20904.1,152584.7
2009Q3,00,Spain,96741,17464385.0,180527.2
2009Q3,01,Araba/Álava,424,90837.0,214238.2
2009Q3,02,Albacete,754,123508.4,163804.2
2009Q3,03,Alicante,6488,1000645.5,154230.2
2009Q3,04,Almería,2376,352981.7,148561.3
2009Q3,05,Ávila,614,83483.5,135966.6
2009Q3,06,Badajoz,1190,133203.2,111935.5
2009Q3,07,Illes Balears,2176,488354.0,224427.4
2009Q3,08,Barcelona,7245,1787128.5,246670.6
2009Q3,09,Burgos,910,151791.5,166803.8
2009Q3,10,Cáceres,935,111730.0,119497.3
2009Q3,11,Cádiz,2473,407697.3,164859.4
2009Q3,12,Castellón,2119,312988.5,147705.8
2009Q3,13,Ciudad Real,1110,130585.9,117645.0
2009Q3,14,Córdoba,1191,184792.1,155157.1
2009Q3,15,A Coruña,2560,370368.8,144675.3
2009Q3,16,Cuenca,538,70770.1,131542.9
2009Q3,17,Girona,1685,336603.4,199764.6
2009Q3,18,Granada,2215,310732.2,140285.4
2009Q3,19,Guadalajara,832,139006.0,167074.5
2009Q3,20,Gipuzkoa,1173,305384.7,260345.0
2009Q3,21,Huelva,1009,148699.4,147373.0
2009Q3,22,Huesca,617,100243.6,162469.4
2009Q3,23,Jaén,1039,116658.5,112279.6
2009Q3,24,León,1086,136612.7,125794.4
2009Q3,25,Lleida,861,146743.2,170433.4
2009Q3,26,La Rioja,974,172717.2,177327.7
2009Q3,27,Lugo,803,92881.5,115668.1
2009Q3,28,Madrid,11141,2806060.8,251867.9
2009Q3,29,Málaga,5299,1070093.7,201942.6
2009Q3,30,Murcia,4145,627001.4,151266.9
2009Q3,32,Ourense,590,66362.0,112478.0
2009Q3,33,Asturias,2365,358839.8,151729.3
2009Q3,34,Palencia,382,50445.6,132056.5
2009Q3,35,Las Palmas,1826,293717.3,160852.8
2009Q3,36,Pontevedra,1814,277606.3,153035.4
2009Q3,37,Salamanca,770,108407.6,140789.1
2009Q3,38,Santa Cruz de Tenerife,1864,276260.5,148208.4
2009Q3,39,Cantabria,1787,332790.1,186228.4
2009Q3,40,Segovia,365,59114.4,161957.3
2009Q3,41,Sevilla,2758,429970.1,155899.2
2009Q3,42,Soria,205,29507.4,143938.5
2009Q3,43,Tarragona,2049,350877.5,171243.3
2009Q3,44,Teruel,456,64869.7,142258.1
2009Q3,45,Toledo,1686,252374.6,149688.4
2009Q3,46,Valencia,5373,873428.3,162558.8
2009Q3,47,Valladolid,1015,184362.7,181638.1
2009Q3,48,Bizkaia,1979,528039.9,266821.6
2009Q3,49,Zamora,492,57713.4,117303.7
2009Q3,50,Zaragoza,1707,316404.5,185357.1
2009Q3,51,Ceuta,93,18312.3,196906.5
2009Q3,52,Melilla,122,17467.5,143176.2
2009Q4,00,Spain,117685,21429636.7,182093.2
2009Q4,01,Araba/Álava,717,142395.6,198599.2
2009Q4,02,Albacete,797,135373.1,169853.3
2009Q4,03,Alicante,7460,1090765.8,146215.3
2009Q4,04,Almería,2486,353027.6,142006.3
2009Q4,05,Ávila,542,70594.8,130248.7
2009Q4,06,Badajoz,1387,163173.4,117644.8
2009Q4,07,Illes Balears,2898,634749.6,219030.2
2009Q4,08,Barcelona,10160,2448647.9,241008.7
2009Q4,09,Burgos,1063,190773.2,179466.8
2009Q4,10,Cáceres,1066,126769.0,118920.3
2009Q4,11,Cádiz,2863,464475.3,162233.8
2009Q4,12,Castellón,2032,298328.8,146815.4
2009Q4,13,Ciudad Real,1280,148267.4,115833.9
2009Q4,14,Córdoba,1555,222971.6,143390.1
2009Q4,15,A Coruña,2795,402700.6,144078.9
2009Q4,16,Cuenca,549,68728.3,125188.2
2009Q4,17,Girona,2525,522116.9,206779.0
2009Q4,18,Granada,2568,375076.4,146057.8
2009Q4,19,Guadalajara,984,181755.8,184711.2
2009Q4,20,Gipuzkoa,1374,385626.8,280660.0
2009Q4,21,Huelva,1394,213600.2,153228.3
2009Q4,22,Huesca,729,121844.9,167139.8
2009Q4,23,Jaén,1176,134789.6,114617.0
2009Q4,24,León,1330,173684.7,130590.0
2009Q4,25,Lleida,1120,198241.7,177001.5
2009Q4,26,La Rioja,855,142993.8,167244.2
2009Q4,27,Lugo,833,96827.1,116239.0
2009Q4,28,Madrid,15450,3876374.6,250898.0
2009Q4,29,Málaga,5995,1156388.9,192892.2
2009Q4,30,Murcia,4802,723474.2,150661.0
2009Q4,32,Ourense,567,65266.8,115109.0
2009Q4,33,Asturias,2949,447922.9,151889.8
2009Q4,34,Palencia,454,63130.1,139053.1
2009Q4,35,Las Palmas,2232,348904.3,156319.1
2009Q4,36,Pontevedra,1738,269372.2,154989.8
2009Q4,37,Salamanca,956,145736.5,152444.0
2009Q4,38,Santa Cruz de Tenerife,2283,339483.0,148700.4
2009Q4,39,Cantabria,1956,355195.3,181592.7
2009Q4,40,Segovia,483,78602.0,162737.1
2009Q4,41,Sevilla,3860,631938.1,163714.5
2009Q4,42,Soria,448,74668.3,166670.3
2009Q4,43,Tarragona,2471,429528.7,173827.9
2009Q4,44,Teruel,363,47446.3,130706.1
2009Q4,45,Toledo,2059,314037.3,152519.3
2009Q4,46,Valencia,6443,1050873.6,163103.2
2009Q4,47,Valladolid,1338,213555.0,159607.6
2009Q4,48,Bizkaia,2019,503725.0,249492.3
2009Q4,49,Zamora,471,55763.7,118394.3
2009Q4,50,Zaragoza,2182,410908.5,188317.4
2009Q4,51,Ceuta,158,29619.5,187465.2
2009Q4,52,Melilla,110,15412.9,140117.3
2010Q1,00,Spain,96716,17525536.6,181206.2
2010Q1,01,Araba/Álava,814,140786.3,172956.1
2010Q1,02,Albacete,652,100615.4,154318.1
2010Q1,03,Alicante,6161,889471.5,144371.3
2010Q1,04,Almería,1734,246551.5,142186.6
2010Q1,05,Ávila,593,94437.3,159253.5
2010Q1,06,Badajoz,1205,130140.6,108000.5
2010Q1,07,Illes Balears,2179,453454.6,208102.2
2010Q1,08,Barcelona,8530,2090264.7,245048.6
2010Q1,09,Burgos,788,134928.8,171229.4
2010Q1,10,Cáceres,776,88224.8,113691.8
2010Q1,11,Cádiz,2243,354534.2,158062.5
2010Q1,12,Castellón,1364,194472.2,142574.9
2010Q1,13,Ciudad Real,1052,122937.5,116860.7
2010Q1,14,Córdoba,1151,164386.2,142820.3
2010Q1,15,A Coruña,2252,310978.0,138089.7
2010Q1,16,Cuenca,397,47391.1,119373.0
2010Q1,17,Girona,1926,382596.4,198648.2
2010Q1,18,Granada,1995,286304.9,143511.2
2010Q1,19,Guadalajara,673,121075.3,179903.9
2010Q1,20,Gipuzkoa,1408,383029.0,272037.6
2010Q1,21,Huelva,1192,157700.9,132299.4
2010Q1,22,Huesca,627,99650.1,158931.6
2010Q1,23,Jaén,983,116394.7,118407.6
2010Q1,24,León,1156,163863.8,141750.7
2010Q1,25,Lleida,711,117477.2,165228.1
2010Q1,26,La Rioja,805,130738.2,162407.7
2010Q1,27,Lugo,833,97573.7,117135.3
2010Q1,28,Madrid,11787,3046412.9,258455.3
2010Q1,29,Málaga,4616,872174.3,188945.9
2010Q1,30,Murcia,3817,548935.1,143813.2
2010Q1,32,Ourense,533,75406.5,141475.6
2010Q1,33,Asturias,2328,349394.5,150083.5
2010Q1,34,Palencia,358,44579.7,124524.3
2010Q1,35,Las Palmas,1884,273906.9,145385.8
2010Q1,36,Pontevedra,1499,233354.7,155673.6
2010Q1,37,Salamanca,879,129769.6,147633.2
2010Q1,38,Santa Cruz de Tenerife,1883,268405.6,142541.5
2010Q1,39,Cantabria,1663,286527.0,172295.2
2010Q1,40,Segovia,341,50778.7,148911.1
2010Q1,41,Sevilla,3173,517779.5,163182.9
2010Q1,42,Soria,275,45904.5,166925.5
2010Q1,43,Tarragona,1960,341845.8,174411.1
2010Q1,44,Teruel,343,42470.6,123821.0
2010Q1,45,Toledo,1616,236781.1,146523.0
2010Q1,46,Valencia,5553,892409.9,160707.7
2010Q1,47,Valladolid,1349,231624.6,171701.0
2010Q1,48,Bizkaia,2850,746036.5,261767.2
2010Q1,49,Zamora,374,43391.9,116021.1
2010Q1,50,Zaragoza,1784,333603.3,186997.4
2010Q1,51,Ceuta,157,22714.7,144679.6
2010Q1,52,Melilla,116,15540.5,133969.8
2010Q2,00,Spain,138019,25905388.6,187694.4
2010Q2,01,Araba/Álava,899,180489.7,200767.2
2010Q2,02,Albacete,1139,200119.0,175697.1
2010Q2,03,Alicante,8817,1319338.7,149635.8
2010Q2,04,Almería,2924,426087.8,145720.9
2010Q2,05,Ávila,750,100329.1,133772.1
2010Q2,06,Badajoz,1579,185014.4,117171.9
2010Q2,07,Illes Balears,3191,702086.9,220021.0
2010Q2,08,Barcelona,12939,3273446.2,252990.7
2010Q2,09,Burgos,1211,214746.8,177330.1
2010Q2,10,Cáceres,1057,128034.0,121129.6
2010Q2,11,Cádiz,3278,527839.7,161024.9
2010Q2,12,Castellón,2494,361650.2,145008.1
2010Q2,13,Ciudad Real,1603,188890.8,117835.8
2010Q2,14,Córdoba,1795,261068.7,145442.2
2010Q2,15,A Coruña,3641,545213.4,149742.8
2010Q2,16,Cuenca,509,62825.1,123428.5
2010Q2,17,Girona,2598,538399.9,207236.3
2010Q2,18,Granada,2946,431511.7,146473.8
2010Q2,19,Guadalajara,950,167178.1,175976.9
2010Q2,20,Gipuzkoa,1881,526896.6,280115.2
2010Q2,21,Huelva,1622,251089.1,154802.2
2010Q2,22,Huesca,825,134087.4,162530.2
2010Q2,23,Jaén,1326,163423.9,123245.8
2010Q2,24,León,1577,216633.7,137370.8
2010Q2,25,Lleida,1187,198087.0,166880.4
2010Q2,26,La Rioja,1247,223983.3,179617.7
2010Q2,27,Lugo,1166,150112.8,128741.7
2010Q2,28,Madrid,17082,4437114.6,259753.8
2010Q2,29,Málaga,6653,1324319.9,199056.0
2010Q2,30,Murcia,5389,809877.0,150283.4
2010Q2,32,Ourense,882,108390.5,122891.7
2010Q2,33,Asturias,3403,544547.8,160019.9
2010Q2,34,Palencia,545,98102.7,180005.0
2010Q2,35,Las Palmas,2183,327050.2,149816.9
2010Q2,36,Pontevedra,2092,334915.6,160093.5
2010Q2,37,Salamanca,1115,184014.3,165035.2
2010Q2,38,Santa Cruz de Tenerife,2178,311255.6,142908.9
2010Q2,39,Cantabria,2661,492874.4,185221.5
2010Q2,40,Segovia,627,110309.8,175932.7
2010Q2,41,Sevilla,4162,701957.4,168658.7
2010Q2,42,Soria,269,40130.5,149184.0
2010Q2,43,Tarragona,2784,490938.3,176342.8
2010Q2,44,Teruel,612,97820.9,159838.1
2010Q2,45,Toledo,2489,380648.2,152932.2
2010Q2,46,Valencia,7762,1297053.2,167103.0
2010Q2,47,Valladolid,1740,304461.2,174977.7
2010Q2,48,Bizkaia,3506,934927.2,266664.9
2010Q2,49,Zamora,479,60969.9,127285.8
2010Q2,50,Zaragoza,2543,490798.7,192999.9
2010Q2,51,Ceuta,116,17683.7,152445.7
2010Q2,52,Melilla,129,17892.3,138700.0
2010Q3,00,Spain,73948,12677608.1,171439.5
2010Q3,01,Araba/Álava,319,67316.5,211023.5
2010Q3,02,Albacete,531,74162.3,139665.3
2010Q3,03,Alicante,5263,731253.0,138942.2
2010Q3,04,Almería,1632,219763.3,134658.9
2010Q3,05,Ávila,285,34540.9,121196.1
2010Q3,06,Badajoz,987,91240.8,92442.6
2010Q3,07,Illes Balears,1927,415230.4,215480.2
2010Q3,08,Barcelona,6117,1378025.8,225278.0
2010Q3,09,Burgos,710,109423.3,154117.3
2010Q3,10,Cáceres,748,77065.6,103028.9
2010Q3,11,Cádiz,1702,266749.1,156726.9
2010Q3,12,Castellón,1460,199540.2,136671.4
2010Q3,13,Ciudad Real,826,89665.4,108553.8
2010Q3,14,Córdoba,899,116185.3,129238.4
2010Q3,15,A Coruña,1865,254692.2,136564.2
2010Q3,16,Cuenca,332,35725.8,107607.8
2010Q3,17,Girona,1241,257801.9,207737.2
2010Q3,18,Granada,1554,214049.4,137740.9
2010Q3,19,Guadalajara,606,99774.4,164644.2
2010Q3,20,Gipuzkoa,1081,297785.6,275472.3
2010Q3,21,Huelva,950,123918.8,130440.8
2010Q3,22,Huesca,351,54941.1,156527.4
2010Q3,23,Jaén,820,89303.2,108906.3
2010Q3,24,León,840,104084.6,123910.2
2010Q3,25,Lleida,640,96921.3,151439.5
2010Q3,26,La Rioja,579,90286.9,155935.9
2010Q3,27,Lugo,572,64596.4,112930.8
2010Q3,28,Madrid,8721,2124947.8,243658.7
2010Q3,29,Málaga,3745,697463.8,186238.7
2010Q3,30,Murcia,2398,330459.3,137806.2
2010Q3,32,Ourense,489,54883.2,112235.6
2010Q3,33,Asturias,1482,206692.0,139468.3
2010Q3,34,Palencia,273,33723.5,123529.3
2010Q3,35,Las Palmas,1954,284143.4,145416.3
2010Q3,36,Pontevedra,1197,181871.0,151939.0
2010Q3,37,Salamanca,626,93488.3,149342.3
2010Q3,38,Santa Cruz de Tenerife,1838,261897.8,142490.6
2010Q3,39,Cantabria,1141,192670.4,168861.0
2010Q3,40,Segovia,332,51487.2,155081.9
2010Q3,41,Sevilla,2252,348203.3,154619.6
2010Q3,42,Soria,187,23890.4,127756.1
2010Q3,43,Tarragona,1336,209963.0,157157.9
2010Q3,44,Teruel,259,26080.6,100697.3
2010Q3,45,Toledo,1213,166721.6,137445.7
2010Q3,46,Valencia,4259,667619.3,156754.9
2010Q3,47,Valladolid,839,136846.1,163106.2
2010Q3,48,Bizkaia,1904,489750.8,257222.1
2010Q3,49,Zamora,347,37213.8,107244.4
2010Q3,50,Zaragoza,1420,235985.3,166186.8
2010Q3,51,Ceuta,95,16050.8,168955.8
2010Q3,52,Melilla,106,15779.8,148866.0
2010Q4,00,Spain,135705,24673638.7,181818.2
2010Q4,01,Araba/Álava,643,122174.5,190007.0
2010Q4,02,Albacete,968,142075.1,146771.8
2010Q4,03,Alicante,8035,1144628.1,142455.3
2010Q4,04,Almería,2596,337233.3,129905.0
2010Q4,05,Ávila,629,81971.4,130320.2
2010Q4,06,Badajoz,1503,172901.8,115037.8
2010Q4,07,Illes Balears,3378,727102.8,215246.5
2010Q4,08,Barcelona,13636,3232480.5,237054.9
2010Q4,09,Burgos,1406,230300.9,163798.6
2010Q4,10,Cáceres,1021,119016.2,116568.3
2010Q4,11,Cádiz,3176,496959.5,156473.4
2010Q4,12,Castellón,2085,303558.1,145591.4
2010Q4,13,Ciudad Real,1527,183433.6,120126.8
2010Q4,14,Córdoba,1848,271954.8,147161.7
2010Q4,15,A Coruña,3268,480059.7,146897.1
2010Q4,16,Cuenca,517,63043.1,121940.2
2010Q4,17,Girona,2483,489884.3,197295.3
2010Q4,18,Granada,2871,440378.1,153388.4
2010Q4,19,Guadalajara,1361,247638.3,181953.2
2010Q4,20,Gipuzkoa,1584,429621.5,271225.7
2010Q4,21,Huelva,1571,218289.2,138949.2
2010Q4,22,Huesca,757,116777.0,154262.9
2010Q4,23,Jaén,1482,169427.5,114323.5
2010Q4,24,León,1674,228458.0,136474.3
2010Q4,25,Lleida,1247,196203.5,157340.4
2010Q4,26,La Rioja,1167,192357.2,164830.5
2010Q4,27,Lugo,1000,116251.6,116251.6
2010Q4,28,Madrid,18053,4721184.4,261518.0
2010Q4,29,Málaga,6192,1140238.8,184147.1
2010Q4,30,Murcia,4805,674993.3,140477.3
2010Q4,32,Ourense,838,106405.2,126975.2
2010Q4,33,Asturias,3097,461872.6,149135.5
2010Q4,34,Palencia,616,93951.0,152517.9
2010Q4,35,Las Palmas,2924,457443.5,156444.4
2010Q4,36,Pontevedra,2036,316074.9,155243.1
2010Q4,37,Salamanca,1156,171639.2,148476.8
2010Q4,38,Santa Cruz de Tenerife,2749,409895.9,149107.3
2010Q4,39,Cantabria,2277,393549.4,172836.8
2010Q4,40,Segovia,542,88602.3,163472.9
2010Q4,41,Sevilla,4321,703177.1,162734.8
2010Q4,42,Soria,357,53990.9,151235.0
2010Q4,43,Tarragona,2748,443756.5,161483.4
2010Q4,44,Teruel,437,55562.9,127146.2
2010Q4,45,Toledo,2089,292990.6,140254.0
2010Q4,46,Valencia,7688,1225955.3,159463.5
2010Q4,47,Valladolid,1712,282834.7,165207.2
2010Q4,48,Bizkaia,2636,705859.7,267776.8
2010Q4,49,Zamora,561,69537.6,123952.9
2010Q4,50,Zaragoza,2997,584986.3,195190.6
2010Q4,51,Ceuta,249,46777.9,187863.1
2010Q4,52,Melilla,132,19700.2,149243.9
2011Q1,00,Spain,66780,10954978.7,164045.8
2011Q1,01,Araba/Álava,402,83679.7,208158.5
2011Q1,02,Albacete,428,52467.1,122586.7
2011Q1,03,Alicante,5241,716569.4,136723.8
2011Q1,04,Almería,1491,188082.4,126145.1
2011Q1,05,Ávila,309,34484.9,111601.6
2011Q1,06,Badajoz,866,88631.9,102346.3
2011Q1,07,Illes Balears,1728,365948.2,211775.6
2011Q1,08,Barcelona,5246,1133431.1,216056.3
2011Q1,09,Burgos,425,67504.1,158833.2
2011Q1,10,Cáceres,517,55431.6,107217.8
2011Q1,11,Cádiz,1791,280572.4,156656.8
2011Q1,12,Castellón,1337,183307.8,137103.8
2011Q1,13,Ciudad Real,644,67432.3,104708.5
2011Q1,14,Córdoba,849,111772.9,131652.4
2011Q1,15,A Coruña,1350,181381.8,134356.9
2011Q1,16,Cuenca,210,21844.7,104022.4
2011Q1,17,Girona,1357,255585.0,188345.6
2011Q1,18,Granada,1713,223875.2,130691.9
2011Q1,19,Guadalajara,618,92607.1,149849.7
2011Q1,20,Gipuzkoa,906,226080.6,249537.1
2011Q1,21,Huelva,923,117338.3,127127.1
2011Q1,22,Huesca,360,50854.4,141262.2
2011Q1,23,Jaén,807,82066.8,101693.7
2011Q1,24,León,628,70895.7,112891.2
2011Q1,25,Lleida,606,87243.7,143966.5
2011Q1,26,La Rioja,513,83787.9,163329.2
2011Q1,27,Lugo,575,67433.9,117276.3
2011Q1,28,Madrid,7762,1741936.6,224418.5
2011Q1,29,Málaga,3574,646674.3,180938.5
2011Q1,30,Murcia,2521,338257.6,134176.0
2011Q1,32,Ourense,335,36095.3,107747.2
2011Q1,33,Asturias,1256,168867.1,134448.3
2011Q1,34,Palencia,243,32385.3,133272.8
2011Q1,35,Las Palmas,1527,202033.7,132307.6
2011Q1,36,Pontevedra,900,126406.4,140451.6
2011Q1,37,Salamanca,508,67869.9,133602.2
2011Q1,38,Santa Cruz de Tenerife,1523,209199.9,137360.4
2011Q1,39,Cantabria,1022,181637.7,177727.7
2011Q1,40,Segovia,279,43290.7,155163.8
2011Q1,41,Sevilla,2305,323366.3,140289.1
2011Q1,42,Soria,120,14075.0,117291.7
2011Q1,43,Tarragona,1401,211871.8,151229.0
2011Q1,44,Teruel,251,27920.7,111237.8
2011Q1,45,Toledo,1145,158336.4,138285.1
2011Q1,46,Valencia,3369,473245.3,140470.6
2011Q1,47,Valladolid,638,95976.4,150433.2
2011Q1,48,Bizkaia,1954,497826.6,254773.1
2011Q1,49,Zamora,277,33290.9,120183.8
2011Q1,50,Zaragoza,1056,158669.8,150255.5
2011Q1,51,Ceuta,94,11860.3,126173.4
2011Q1,52,Melilla,70,10200.4,145720.0
2011Q2,00,Spain,79814,13482830.3,168928.1
2011Q2,01,Araba/Álava,425,100151.4,235650.4
2011Q2,02,Albacete,438,57293.1,130806.2
2011Q2,03,Alicante,6276,866181.2,138014.9
2011Q2,04,Almería,1786,227695.1,127488.9
2011Q2,05,Ávila,344,44969.1,130724.1
2011Q2,06,Badajoz,933,94134.7,100894.6
2011Q2,07,Illes Balears,2245,485519.3,216266.9
2011Q2,08,Barcelona,7181,1562281.6,217557.7
2011Q2,09,Burgos,607,98984.8,163072.2
2011Q2,10,Cáceres,708,120659.8,170423.4
2011Q2,11,Cádiz,1886,285808.2,151542.0
2011Q2,12,Castellón,1498,188845.2,126064.9
2011Q2,13,Ciudad Real,867,92059.7,106181.9
2011Q2,14,Córdoba,1023,133177.3,130183.1
2011Q2,15,A Coruña,1435,189900.3,132334.7
2011Q2,16,Cuenca,257,24164.1,94023.7
2011Q2,17,Girona,1780,358064.1,201159.6
2011Q2,18,Granada,1885,244805.4,129870.2
2011Q2,19,Guadalajara,610,98600.0,161639.3
2011Q2,20,Gipuzkoa,1031,264533.3,256579.3
2011Q2,21,Huelva,1223,158560.8,129649.1
2011Q2,22,Huesca,406,63882.6,157346.3
2011Q2,23,Jaén,888,97576.9,109883.9
2011Q2,24,León,780,98961.4,126873.6
2011Q2,25,Lleida,552,78560.3,142319.4
2011Q2,26,La Rioja,564,85790.9,152111.5
2011Q2,27,Lugo,449,47885.7,106649.7
2011Q2,28,Madrid,9346,2218619.0,237387.0
2011Q2,29,Málaga,4303,827316.9,192265.1
2011Q2,30,Murcia,2773,362813.1,130837.8
2011Q2,32,Ourense,435,45217.3,103947.8
2011Q2,33,Asturias,1582,217537.4,137507.8
2011Q2,34,Palencia,289,38953.2,134786.2
2011Q2,35,Las Palmas,1721,233747.2,135820.6
2011Q2,36,Pontevedra,1052,154543.0,146904.0
2011Q2,37,Salamanca,551,75977.0,137889.3
2011Q2,38,Santa Cruz de Tenerife,1716,236113.8,137595.5
2011Q2,39,Cantabria,1395,222847.8,159747.5
2011Q2,40,Segovia,234,32099.7,137178.2
2011Q2,41,Sevilla,2389,340719.1,142620.0
2011Q2,42,Soria,169,19129.3,113191.1
2011Q2,43,Tarragona,1773,270033.3,152303.0
2011Q2,44,Teruel,236,26599.7,112710.6
2011Q2,45,Toledo,1759,222661.3,126584.0
2011Q2,46,Valencia,4132,599251.8,145027.1
2011Q2,47,Valladolid,857,150855.8,176027.8
2011Q2,48,Bizkaia,2014,505624.2,251054.7
2011Q2,49,Zamora,304,35431.4,116550.7
2011Q2,50,Zaragoza,1490,248831.4,167000.9
2011Q2,51,Ceuta,97,18946.6,195325.8
2011Q2,52,Melilla,183,37588.2,205400.0
2011Q3,00,Spain,68729,11279291.9,164112.6
2011Q3,01,Araba/Álava,491,89394.8,182066.8
2011Q3,02,Albacete,374,46828.5,125209.9
2011Q3,03,Alicante,5131,669175.6,130418.2
2011Q3,04,Almería,1529,179448.8,117363.5
2011Q3,05,Ávila,302,32909.4,108971.5
2011Q3,06,Badajoz,800,74784.2,93480.2
2011Q3,07,Illes Balears,1909,420481.4,220262.7
2011Q3,08,Barcelona,6082,1290094.5,212116.8
2011Q3,09,Burgos,586,82916.6,141495.9
2011Q3,10,Cáceres,591,75588.1,127898.6
2011Q3,11,Cádiz,1677,232419.6,138592.5
2011Q3,12,Castellón,1538,199155.9,129490.2
2011Q3,13,Ciudad Real,668,65217.6,97631.1
2011Q3,14,Córdoba,889,117040.2,131653.8
2011Q3,15,A Coruña,1580,213874.8,135363.8
2011Q3,16,Cuenca,226,22227.8,98353.1
2011Q3,17,Girona,1717,315667.9,183848.5
2011Q3,18,Granada,1545,211431.0,136848.5
2011Q3,19,Guadalajara,492,72007.1,146355.9
2011Q3,20,Gipuzkoa,1034,261147.9,252560.8
2011Q3,21,Huelva,970,125415.1,129293.9
2011Q3,22,Huesca,383,48871.1,127600.8
2011Q3,23,Jaén,838,93522.4,111601.9
2011Q3,24,León,735,80293.7,109243.1
2011Q3,25,Lleida,647,82302.5,127206.3
2011Q3,26,La Rioja,484,66043.5,136453.5
2011Q3,27,Lugo,448,45759.1,102140.8
2011Q3,28,Madrid,7545,1792638.5,237592.9
2011Q3,29,Málaga,3714,688994.1,185512.7
2011Q3,30,Murcia,2152,275377.5,127963.5
2011Q3,32,Ourense,415,44326.9,106811.8
2011Q3,33,Asturias,1210,168289.2,139082.0
2011Q3,34,Palencia,242,30018.2,124042.1
2011Q3,35,Las Palmas,1515,195177.9,128830.3
2011Q3,36,Pontevedra,1099,170473.5,155116.9
2011Q3,37,Salamanca,689,89329.2,129650.5
2011Q3,38,Santa Cruz de Tenerife,1364,180557.8,132373.8
2011Q3,39,Cantabria,1011,164207.3,162420.7
2011Q3,40,Segovia,223,33592.9,150640.8
2011Q3,41,Sevilla,1994,306117.0,153519.1
2011Q3,42,Soria,156,17415.4,111637.2
2011Q3,43,Tarragona,1426,203879.9,142973.3
2011Q3,44,Teruel,284,34096.7,120058.8
2011Q3,45,Toledo,1101,137850.8,125205.1
2011Q3,46,Valencia,3915,529873.7,135344.5
2011Q3,47,Valladolid,760,115832.3,152410.9
2011Q3,48,Bizkaia,1569,450815.9,287326.9
2011Q3,49,Zamora,280,32175.1,114911.1
2011Q3,50,Zaragoza,1306,212704.6,162867.2
2011Q3,51,Ceuta,67,10276.6,153382.1
2011Q3,52,Melilla,93,14375.1,154571.0
2011Q4,00,Spain,93815,15207290.9,162098.7
2011Q4,01,Araba/Álava,567,118906.3,209711.3
2011Q4,02,Albacete,569,73686.0,129500.9
2011Q4,03,Alicante,6181,808687.2,130834.4
2011Q4,04,Almería,1696,204061.5,120319.3
2011Q4,05,Ávila,413,47619.2,115300.7
2011Q4,06,Badajoz,898,91510.9,101905.2
2011Q4,07,Illes Balears,2726,591867.9,217119.6
2011Q4,08,Barcelona,8156,1677530.3,205680.5
2011Q4,09,Burgos,758,116136.7,153214.6
2011Q4,10,Cáceres,666,83459.9,125315.2
2011Q4,11,Cádiz,2380,357848.8,150356.6
2011Q4,12,Castellón,1793,228894.8,127660.2
2011Q4,13,Ciudad Real,1031,105973.5,102787.1
2011Q4,14,Córdoba,1149,141956.4,123547.8
2011Q4,15,A Coruña,2256,314790.5,139534.8
2011Q4,16,Cuenca,358,38323.0,107047.5
2011Q4,17,Girona,2005,396545.0,197778.1
2011Q4,18,Granada,1890,236793.7,125287.7
2011Q4,19,Guadalajara,900,121642.8,135158.7
2011Q4,20,Gipuzkoa,1644,424081.8,257957.3
2011Q4,21,Huelva,1053,129448.0,122932.6
2011Q4,22,Huesca,476,65725.9,138079.6
2011Q4,23,Jaén,1014,102854.9,101434.8
2011Q4,24,León,1043,120356.8,115394.8
2011Q4,25,Lleida,914,123595.7,135225.1
2011Q4,26,La Rioja,776,123671.2,159370.1
2011Q4,27,Lugo,703,79150.5,112589.6
2011Q4,28,Madrid,11834,2514965.1,212520.3
2011Q4,29,Málaga,5037,913397.9,181337.7
2011Q4,30,Murcia,3032,393206.0,129685.4
2011Q4,32,Ourense,530,60263.3,113704.3
2011Q4,33,Asturias,1875,277302.8,147894.8
2011Q4,34,Palencia,326,41323.1,126758.0
2011Q4,35,Las Palmas,1768,227061.1,128428.2
2011Q4,36,Pontevedra,1556,232575.0,149469.8
2011Q4,37,Salamanca,811,124914.8,154025.6
2011Q4,38,Santa Cruz de Tenerife,1753,233148.9,132999.9
2011Q4,39,Cantabria,1469,244341.7,166332.0
2011Q4,40,Segovia,353,46619.4,132066.3
2011Q4,41,Sevilla,2789,376999.5,135173.7
2011Q4,42,Soria,176,22038.0,125215.9
2011Q4,43,Tarragona,2338,348424.3,149026.6
2011Q4,44,Teruel,443,55105.2,124391.0
2011Q4,45,Toledo,1981,234549.0,118399.3
2011Q4,46,Valencia,4682,617409.2,131868.7
2011Q4,47,Valladolid,1045,149880.3,143426.1
2011Q4,48,Bizkaia,2280,585513.3,256804.1
2011Q4,49,Zamora,369,41928.7,113627.9
2011Q4,50,Zaragoza,1753,260359.5,148522.2
2011Q4,51,Ceuta,70,10318.1,147401.4
2011Q4,52,Melilla,92,15542.9,168944.6
2012Q1,00,Spain,63372,9457664.0,149240.4
2012Q1,01,Araba/Álava,239,42852.3,179298.3
2012Q1,02,Albacete,291,34408.7,118243.0
2012Q1,03,Alicante,4829,594610.1,123133.2
2012Q1,04,Almería,1403,155513.9,110843.8
2012Q1,05,Ávila,284,29604.3,104240.5
2012Q1,06,Badajoz,830,79997.7,96382.8
2012Q1,07,Illes Balears,1701,357713.0,210295.7
2012Q1,08,Barcelona,6050,1177301.4,194595.3
2012Q1,09,Burgos,496,67675.9,136443.3
2012Q1,10,Cáceres,467,44956.6,96266.8
2012Q1,11,Cádiz,1565,199928.2,127749.6
2012Q1,12,Castellón,1383,159713.8,115483.6
2012Q1,13,Ciudad Real,610,57635.1,94483.8
2012Q1,14,Córdoba,731,106301.8,145419.7
2012Q1,15,A Coruña,1154,140262.3,121544.5
2012Q1,16,Cuenca,316,30672.9,97066.1
2012Q1,17,Girona,1509,245100.6,162425.8
2012Q1,18,Granada,1375,156365.3,113720.2
2012Q1,19,Guadalajara,528,64339.8,121855.7
2012Q1,20,Gipuzkoa,633,136561.7,215737.3
2012Q1,21,Huelva,799,90323.9,113046.2
2012Q1,22,Huesca,413,51650.6,125062.0
2012Q1,23,Jaén,655,65399.1,99846.0
2012Q1,24,León,564,60238.7,106806.2
2012Q1,25,Lleida,524,69761.6,133132.8
2012Q1,26,La Rioja,416,54644.6,131357.2
2012Q1,27,Lugo,405,44981.2,111064.7
2012Q1,29,Málaga,3943,676963.3,171687.4
2012Q1,30,Murcia,1994,231124.6,115910.0
2012Q1,32,Ourense,302,35559.9,117748.0
2012Q1,34,Palencia,181,17775.3,98206.1
2012Q1,35,Las Palmas,1786,232598.7,130234.4
2012Q1,36,Pontevedra,696,99072.5,142345.5
2012Q1,37,Salamanca,518,67439.2,130191.5
2012Q1,38,Santa Cruz de Tenerife,1681,213766.7,127166.4
2012Q1,39,Cantabria,702,109094.3,155405.0
2012Q1,40,Segovia,235,30238.1,128672.8
2012Q1,41,Sevilla,2063,267179.2,129510.0
2012Q1,42,Soria,102,11891.3,116581.4
2012Q1,43,Tarragona,1367,181147.6,132514.7
2012Q1,44,Teruel,193,19666.8,101900.5
2012Q1,45,Toledo,1243,130679.6,105132.4
2012Q1,46,Valencia,3401,416290.5,122402.4
2012Q1,47,Valladolid,752,99508.3,132324.9
2012Q1,48,Bizkaia,1186,293381.9,247370.9
2012Q1,49,Zamora,224,25591.0,114245.5
2012Q1,50,Zaragoza,1357,185894.3,136989.2
2012Q1,51,Ceuta,81,13719.4,169375.3
2012Q1,52,Melilla,91,13704.7,150601.1
2012Q2,00,Spain,76416,11351394.3,148547.4
2012Q2,01,Araba/Álava,296,69216.4,233839.2
2012Q2,02,Albacete,436,45560.9,104497.5
2012Q2,03,Alicante,6908,903986.8,130860.9
2012Q2,04,Almería,1672,166970.6,99862.8
2012Q2,05,Ávila,312,33545.0,107516.0
2012Q2,06,Badajoz,1035,114477.7,110606.5
2012Q2,07,Illes Balears,2047,403557.2,197145.7
2012Q2,08,Barcelona,7228,1330771.9,184113.4
2012Q2,09,Burgos,539,82230.4,152561.0
2012Q2,10,Cáceres,691,76196.5,110269.9
2012Q2,11,Cádiz,1905,257305.7,135068.6
2012Q2,12,Castellón,1333,134781.9,101111.7
2012Q2,13,Ciudad Real,667,59170.1,88710.8
2012Q2,14,Córdoba,849,92210.9,108611.2
2012Q2,15,A Coruña,1478,184866.8,125079.0
2012Q2,16,Cuenca,323,42859.8,132692.9
2012Q2,17,Girona,1594,275654.1,172932.3
2012Q2,18,Granada,1814,204488.5,112727.9
2012Q2,19,Guadalajara,607,84757.0,139632.6
2012Q2,20,Gipuzkoa,900,201971.6,224412.9
2012Q2,21,Huelva,858,93280.6,108718.6
2012Q2,22,Huesca,378,46785.0,123769.8
2012Q2,23,Jaén,814,88258.9,108426.2
2012Q2,24,León,634,69966.5,110357.3
2012Q2,25,Lleida,753,159202.1,211423.8
2012Q2,26,La Rioja,568,72676.7,127951.9
2012Q2,27,Lugo,421,43399.1,103085.7
2012Q2,29,Málaga,4332,721245.6,166492.5
2012Q2,30,Murcia,2568,304476.3,118565.5
2012Q2,32,Ourense,373,45893.5,123038.9
2012Q2,34,Palencia,221,27880.9,126157.9
2012Q2,35,Las Palmas,1886,269647.0,142973.0
2012Q2,36,Pontevedra,1000,127114.4,127114.4
2012Q2,37,Salamanca,488,61338.0,125692.6
2012Q2,38,Santa Cruz de Tenerife,1781,241486.2,135590.2
2012Q2,39,Cantabria,949,141898.4,149524.1
2012Q2,40,Segovia,312,38795.0,124342.9
2012Q2,41,Sevilla,2401,310832.9,129459.8
2012Q2,42,Soria,158,18610.2,117786.1
2012Q2,43,Tarragona,1843,230891.0,125280.0
2012Q2,44,Teruel,200,18234.6,91173.0
2012Q2,45,Toledo,2113,244940.3,115920.6
2012Q2,46,Valencia,4337,519029.0,119674.7
2012Q2,47,Valladolid,795,105500.4,132704.9
2012Q2,48,Bizkaia,1196,272945.3,228215.1
2012Q2,49,Zamora,237,26938.5,113664.6
2012Q2,50,Zaragoza,1448,209103.1,144408.2
2012Q2,51,Ceuta,77,8941.0,116116.9
2012Q2,52,Melilla,111,19120.7,172258.6
2012Q3,00,Spain,68201,9758046.9,143077.8
2012Q3,01,Araba/Álava,517,114557.8,221581.8
2012Q3,02,Albacete,374,41188.9,110130.7
2012Q3,03,Alicante,5619,677560.1,120583.8
2012Q3,04,Almería,1647,175660.9,106655.1
2012Q3,05,Ávila,305,33456.5,109693.4
2012Q3,06,Badajoz,806,79892.4,99122.1
2012Q3,07,Illes Balears,2120,430635.8,203130.1
2012Q3,08,Barcelona,6044,1113007.4,184150.8
2012Q3,09,Burgos,557,80951.7,145335.2
2012Q3,10,Cáceres,485,46456.5,95786.6
2012Q3,11,Cádiz,1660,200020.2,120494.1
2012Q3,12,Castellón,1912,190802.1,99791.9
2012Q3,13,Ciudad Real,671,58989.6,87913.0
2012Q3,14,Córdoba,858,98491.4,114791.8
2012Q3,15,A Coruña,1467,187381.7,127731.2
2012Q3,16,Cuenca,232,16752.4,72208.6
2012Q3,17,Girona,1771,283825.5,160262.8
2012Q3,18,Granada,1555,183482.2,117995.0
2012Q3,19,Guadalajara,503,69681.9,138532.6
2012Q3,20,Gipuzkoa,695,164620.0,236863.3
2012Q3,21,Huelva,888,114013.8,128393.9
2012Q3,22,Huesca,452,55837.1,123533.4
2012Q3,23,Jaén,603,56599.9,93863.8
2012Q3,24,León,713,81399.8,114165.2
2012Q3,25,Lleida,665,91123.2,137027.4
2012Q3,26,La Rioja,468,59648.0,127453.0
2012Q3,27,Lugo,501,50506.7,100811.8
2012Q3,29,Málaga,3909,651332.9,166623.9
2012Q3,30,Murcia,2231,245308.5,109954.5
2012Q3,32,Ourense,362,37220.4,102818.8
2012Q3,34,Palencia,245,27344.4,111609.8
2012Q3,35,Las Palmas,1411,183982.0,130391.2
2012Q3,36,Pontevedra,961,128057.2,133254.1
2012Q3,37,Salamanca,555,70711.7,127408.5
2012Q3,38,Santa Cruz de Tenerife,1325,142484.7,107535.6
2012Q3,39,Cantabria,1084,166799.7,153874.3
2012Q3,40,Segovia,261,35038.4,134246.7
2012Q3,41,Sevilla,1885,232390.7,123284.2
2012Q3,42,Soria,216,32084.5,148539.4
2012Q3,43,Tarragona,1768,228746.5,129381.5
2012Q3,44,Teruel,229,21839.0,95366.8
2012Q3,45,Toledo,1381,138927.5,100599.2
2012Q3,46,Valencia,3974,474258.1,119340.2
2012Q3,47,Valladolid,630,79244.2,125784.4
2012Q3,48,Bizkaia,1149,258142.5,224667.1
2012Q3,49,Zamora,265,26678.2,100672.5
2012Q3,50,Zaragoza,1183,161775.2,136750.0
2012Q3,51,Ceuta,58,8792.6,151596.6
2012Q3,52,Melilla,81,13755.5,169821.0
2012Q4,00,Spain,119183,17214938.4,144441.2
2012Q4,01,Araba/Álava,683,126831.4,185697.5
2012Q4,02,Albacete,698,82638.7,118393.6
2012Q4,03,Alicante,8942,1031323.4,115334.8
2012Q4,04,Almería,2794,268382.8,96056.8
2012Q4,05,Ávila,558,59832.4,107226.5
2012Q4,06,Badajoz,1114,110556.7,99243.0
2012Q4,07,Illes Balears,3490,735869.8,210850.9
2012Q4,08,Barcelona,10516,1882015.1,178966.8
2012Q4,09,Burgos,1016,140183.4,137975.8
2012Q4,10,Cáceres,784,85983.9,109673.3
2012Q4,11,Cádiz,2549,325659.1,127759.6
2012Q4,12,Castellón,2177,219418.0,100789.2
2012Q4,13,Ciudad Real,1123,106056.3,94440.2
2012Q4,14,Córdoba,1486,175598.6,118168.6
2012Q4,15,A Coruña,2787,337339.4,121040.3
2012Q4,16,Cuenca,611,80045.9,131008.0
2012Q4,17,Girona,2605,443079.1,170087.9
2012Q4,18,Granada,2571,289874.5,112747.8
2012Q4,19,Guadalajara,705,95464.9,135411.2
2012Q4,20,Gipuzkoa,1530,357118.6,233410.8
2012Q4,21,Huelva,1411,171792.6,121752.4
2012Q4,22,Huesca,826,100501.6,121672.6
2012Q4,23,Jaén,1104,111111.6,100644.6
2012Q4,24,León,1222,130790.5,107029.9
2012Q4,25,Lleida,1122,155873.3,138924.5
2012Q4,26,La Rioja,1038,130006.6,125247.2
2012Q4,27,Lugo,988,111587.8,112943.1
2012Q4,29,Málaga,6538,1068047.2,163359.9
2012Q4,30,Murcia,4118,472758.3,114802.9
2012Q4,32,Ourense,635,77857.2,122609.8
2012Q4,34,Palencia,423,54264.9,128285.8
2012Q4,35,Las Palmas,2323,290374.3,124999.7
2012Q4,36,Pontevedra,1930,251487.4,130304.4
2012Q4,37,Salamanca,915,107490.9,117476.4
2012Q4,38,Santa Cruz de Tenerife,2005,228394.7,113912.6
2012Q4,39,Cantabria,1542,221227.4,143467.8
2012Q4,40,Segovia,454,59579.3,131231.9
2012Q4,41,Sevilla,4395,518230.6,117913.7
2012Q4,42,Soria,263,36774.2,139825.9
2012Q4,43,Tarragona,2585,354582.6,137169.3
2012Q4,44,Teruel,475,56267.2,118457.3
2012Q4,45,Toledo,2438,254574.5,104419.4
2012Q4,46,Valencia,6080,723864.4,119056.6
2012Q4,47,Valladolid,1327,170259.8,128304.3
2012Q4,48,Bizkaia,2348,539297.8,229683.9
2012Q4,49,Zamora,476,50114.2,105281.9
2012Q4,50,Zaragoza,2568,350722.7,136574.3
2012Q4,51,Ceuta,94,13656.7,145284.0
2012Q4,52,Melilla,118,17122.9,145109.3
2013Q1,00,Spain,51830,6713009.4,129519.8
2013Q1,01,Araba/Álava,278,55915.1,201133.5
2013Q1,02,Albacete,268,25529.9,95260.8
2013Q1,03,Alicante,5215,564126.2,108173.8
2013Q1,04,Almería,1419,279530.3,196991.1
2013Q1,05,Ávila,172,15135.0,87994.2
2013Q1,06,Badajoz,501,41930.2,83693.0
2013Q1,07,Illes Balears,1362,238355.1,175003.7
2013Q1,08,Barcelona,4847,778179.6,160548.7
2013Q1,09,Burgos,333,38846.6,116656.5
2013Q1,10,Cáceres,330,33905.9,102745.2
2013Q1,11,Cádiz,1179,128314.8,108833.6
2013Q1,12,Castellón,839,71206.9,84871.2
2013Q1,13,Ciudad Real,530,42129.2,79489.1
2013Q1,14,Córdoba,577,52959.1,91783.5
2013Q1,15,A Coruña,898,97084.9,108112.4
2013Q1,16,Cuenca,193,16678.0,86414.5
2013Q1,17,Girona,1275,217192.5,170347.1
2013Q1,18,Granada,1100,111026.9,100933.5
2013Q1,19,Guadalajara,367,36689.7,99971.9
2013Q1,20,Gipuzkoa,526,106706.9,202864.8
2013Q1,21,Huelva,555,58654.4,105683.6
2013Q1,22,Huesca,262,27387.5,104532.4
2013Q1,23,Jaén,515,39428.5,76560.2
2013Q1,24,León,362,35257.7,97397.0
2013Q1,25,Lleida,489,51598.4,105518.2
2013Q1,26,La Rioja,309,31931.8,103339.2
2013Q1,27,Lugo,385,32377.8,84098.2
2013Q1,29,Málaga,3012,481515.8,159865.8
2013Q1,30,Murcia,1993,218513.5,109640.5
2013Q1,32,Ourense,185,17926.5,96900.0
2013Q1,34,Palencia,142,13993.9,98548.6
2013Q1,35,Las Palmas,1517,170200.7,112195.6
2013Q1,36,Pontevedra,615,74913.0,121809.8
2013Q1,37,Salamanca,302,29156.4,96544.4
2013Q1,38,Santa Cruz de Tenerife,1543,181868.3,117866.7
2013Q1,39,Cantabria,467,58661.6,125613.7
2013Q1,40,Segovia,146,16263.2,111391.8
2013Q1,41,Sevilla,2108,204462.0,96993.4
2013Q1,42,Soria,79,7820.8,98997.5
2013Q1,43,Tarragona,1364,167265.1,122628.4
2013Q1,44,Teruel,155,14562.6,93952.3
2013Q1,45,Toledo,904,69651.6,77048.2
2013Q1,46,Valencia,2627,274669.5,104556.3
2013Q1,47,Valladolid,396,40254.2,101652.0
2013Q1,48,Bizkaia,809,165388.2,204435.4
2013Q1,49,Zamora,182,17055.6,93712.1
2013Q1,50,Zaragoza,882,96176.3,109043.4
2013Q1,51,Ceuta,55,5796.2,105385.5
2013Q1,52,Melilla,74,9288.9,125525.7
2013Q2,00,Spain,77607,10263565.0,132250.5
2013Q2,01,Araba/Álava,276,49383.1,178924.3
2013Q2,02,Albacete,428,42399.0,99063.1
2013Q2,03,Alicante,7614,831545.6,109212.7
2013Q2,04,Almería,1754,155608.2,88716.2
2013Q2,05,Ávila,275,26806.5,97478.2
2013Q2,06,Badajoz,670,57638.3,86027.3
2013Q2,07,Illes Balears,2099,403725.6,192341.9
2013Q2,08,Barcelona,7546,1234141.2,163549.1
2013Q2,09,Burgos,506,55447.8,109580.6
2013Q2,10,Cáceres,419,37699.2,89974.2
2013Q2,11,Cádiz,1653,196713.8,119004.1
2013Q2,12,Castellón,1402,118537.2,84548.6
2013Q2,13,Ciudad Real,716,58181.2,81258.7
2013Q2,14,Córdoba,910,91214.8,100236.0
2013Q2,15,A Coruña,1319,142207.7,107814.8
2013Q2,16,Cuenca,229,19241.0,84021.8
2013Q2,17,Girona,2046,317717.5,155287.1
2013Q2,18,Granada,1536,166636.4,108487.2
2013Q2,19,Guadalajara,542,57752.3,106554.1
2013Q2,20,Gipuzkoa,754,168730.2,223780.1
2013Q2,21,Huelva,944,92104.5,97568.3
2013Q2,22,Huesca,478,51256.5,107231.2
2013Q2,23,Jaén,603,50401.4,83584.4
2013Q2,24,León,523,50739.2,97015.7
2013Q2,25,Lleida,672,99687.8,148344.9
2013Q2,26,La Rioja,531,56859.7,107080.4
2013Q2,27,Lugo,447,34967.3,78226.6
2013Q2,29,Málaga,5148,850782.1,165264.6
2013Q2,30,Murcia,2760,275745.0,99907.6
2013Q2,32,Ourense,296,31738.9,107226.0
2013Q2,34,Palencia,206,20508.1,99553.9
2013Q2,35,Las Palmas,2199,293192.8,133330.1
2013Q2,36,Pontevedra,912,108864.9,119369.4
2013Q2,37,Salamanca,435,44937.7,103305.1
2013Q2,38,Santa Cruz de Tenerife,2053,276197.7,134533.7
2013Q2,39,Cantabria,797,112481.0,141130.5
2013Q2,40,Segovia,233,25292.6,108551.9
2013Q2,41,Sevilla,2455,257178.5,104757.0
2013Q2,42,Soria,162,17509.7,108084.6
2013Q2,43,Tarragona,2127,232242.5,109187.8
2013Q2,44,Teruel,188,15677.0,83388.3
2013Q2,45,Toledo,1220,101525.8,83217.9
2013Q2,46,Valencia,4414,456761.9,103480.3
2013Q2,47,Valladolid,675,74214.6,109947.6
2013Q2,48,Bizkaia,1307,268934.1,205764.4
2013Q2,49,Zamora,291,24544.6,84345.7
2013Q2,50,Zaragoza,1362,158873.5,116647.2
2013Q2,51,Ceuta,76,9084.4,119531.6
2013Q2,52,Melilla,83,10755.7,129586.7
2013Q3,00,Spain,66909,9023231.3,134858.3
2013Q3,01,Araba/Álava,237,39494.4,166643.0
2013Q3,02,Albacete,347,31774.2,91568.3
2013Q3,03,Alicante,6327,734055.5,116019.5
2013Q3,04,Almería,1810,182205.7,100666.1
2013Q3,05,Ávila,298,25952.2,87087.9
2013Q3,06,Badajoz,619,56450.3,91196.0
2013Q3,07,Illes Balears,1977,403682.7,204189.5
2013Q3,08,Barcelona,6797,1177616.9,173255.4
2013Q3,09,Burgos,532,61415.2,115442.1
2013Q3,10,Cáceres,413,33588.9,81329.1
2013Q3,11,Cádiz,1597,188570.3,118077.8
2013Q3,12,Castellón,1421,126884.0,89292.0
2013Q3,13,Ciudad Real,611,50191.4,82146.3
2013Q3,14,Córdoba,783,74216.3,94784.5
2013Q3,15,A Coruña,1106,136013.8,122978.1
2013Q3,16,Cuenca,255,19975.4,78334.9
2013Q3,17,Girona,1812,285764.2,157706.5
2013Q3,18,Granada,1481,157565.2,106391.1
2013Q3,19,Guadalajara,418,49361.8,118090.4
2013Q3,20,Gipuzkoa,738,169395.1,229532.7
2013Q3,21,Huelva,825,97451.3,118122.8
2013Q3,22,Huesca,305,36676.1,120249.5
2013Q3,23,Jaén,613,51625.4,84217.6
2013Q3,24,León,523,49766.2,95155.3
2013Q3,25,Lleida,546,76220.7,139598.4
2013Q3,26,La Rioja,522,54171.2,103776.2
2013Q3,27,Lugo,569,42166.9,74107.0
2013Q3,29,Málaga,4575,771708.8,168679.5
2013Q3,30,Murcia,2239,233360.3,104225.2
2013Q3,32,Ourense,307,27626.2,89987.6
2013Q3,34,Palencia,206,21623.3,104967.5
2013Q3,35,Las Palmas,1615,195765.5,121217.0
2013Q3,36,Pontevedra,725,94095.9,129787.4
2013Q3,37,Salamanca,443,48540.2,109571.6
2013Q3,38,Santa Cruz de Tenerife,1505,178507.4,118609.6
2013Q3,39,Cantabria,701,93406.4,133247.4
2013Q3,40,Segovia,174,18023.1,103581.0
2013Q3,41,Sevilla,2166,216706.1,100049.0
2013Q3,42,Soria,164,22177.3,135227.4
2013Q3,43,Tarragona,1648,191746.0,116350.7
2013Q3,44,Teruel,201,19772.0,98368.2
2013Q3,45,Toledo,994,78693.0,79168.0
2013Q3,46,Valencia,3671,378847.0,103199.9
2013Q3,47,Valladolid,565,69355.0,122752.2
2013Q3,48,Bizkaia,1140,228937.1,200822.0
2013Q3,49,Zamora,209,19809.6,94782.8
2013Q3,50,Zaragoza,1092,121362.1,111137.5
2013Q3,51,Ceuta,39,5067.9,129946.2
2013Q3,52,Melilla,62,8364.0,134903.2
2013Q4,00,Spain,88958,12075864.9,135747.9
2013Q4,01,Araba/Álava,389,65948.7,169533.9
2013Q4,02,Albacete,471,45361.0,96307.9
2013Q4,03,Alicante,7191,823350.0,114497.3
2013Q4,04,Almería,1667,159847.5,95889.3
2013Q4,05,Ávila,343,26907.7,78448.1
2013Q4,06,Badajoz,737,64371.3,87342.3
2013Q4,07,Illes Balears,2751,615684.6,223803.9
2013Q4,08,Barcelona,7921,1294936.2,163481.4
2013Q4,09,Burgos,613,73605.0,120073.4
2013Q4,10,Cáceres,606,55754.7,92004.5
2013Q4,11,Cádiz,1901,227408.0,119625.5
2013Q4,12,Castellón,1438,125679.0,87398.5
2013Q4,13,Ciudad Real,772,56611.8,73331.3
2013Q4,14,Córdoba,985,101277.6,102819.9
2013Q4,15,A Coruña,1547,200045.5,129311.9
2013Q4,16,Cuenca,253,19881.0,78581.0
2013Q4,17,Girona,2035,321896.6,158180.1
2013Q4,18,Granada,1704,179653.1,105430.2
2013Q4,19,Guadalajara,617,68561.8,111121.2
2013Q4,20,Gipuzkoa,1113,243273.7,218574.8
2013Q4,21,Huelva,888,90636.1,102067.7
2013Q4,22,Huesca,439,48822.4,111212.8
2013Q4,23,Jaén,658,48622.9,73895.0
2013Q4,24,León,692,62624.0,90497.1
2013Q4,25,Lleida,639,73798.0,115489.8
2013Q4,26,La Rioja,610,73962.5,121250.0
2013Q4,27,Lugo,724,50077.6,69168.0
2013Q4,29,Málaga,5371,893555.9,166366.8
2013Q4,30,Murcia,2612,259494.3,99347.0
2013Q4,32,Ourense,321,28444.4,88611.8
2013Q4,34,Palencia,263,28748.1,109308.4
2013Q4,35,Las Palmas,2467,276875.6,112231.7
2013Q4,36,Pontevedra,1050,140738.4,134036.6
2013Q4,37,Salamanca,557,60540.5,108690.3
2013Q4,38,Santa Cruz de Tenerife,2096,252264.4,120355.2
2013Q4,39,Cantabria,1013,148548.7,146642.3
2013Q4,40,Segovia,258,30255.7,117270.2
2013Q4,41,Sevilla,2828,309023.6,109272.8
2013Q4,42,Soria,177,18648.2,105357.1
2013Q4,43,Tarragona,2089,237466.4,113674.7
2013Q4,44,Teruel,245,21256.7,86762.0
2013Q4,45,Toledo,1323,113162.3,85534.6
2013Q4,46,Valencia,4540,499752.0,110077.5
2013Q4,47,Valladolid,856,100792.7,117748.5
2013Q4,48,Bizkaia,1731,371919.9,214858.4
2013Q4,49,Zamora,283,22465.2,79382.3
2013Q4,50,Zaragoza,1485,177481.3,119516.0
2013Q4,51,Ceuta,105,15300.2,145716.2
2013Q4,52,Melilla,94,12565.4,133674.5
2014Q1,00,Spain,77331,10456493.3,135217.4
2014Q1,01,Araba/Álava,389,64099.6,164780.5
2014Q1,02,Albacete,427,42749.7,100116.4
2014Q1,03,Alicante,6356,724269.4,113950.5
2014Q1,04,Almería,1680,153956.8,91641.0
2014Q1,05,Ávila,305,27347.0,89662.3
2014Q1,06,Badajoz,741,61899.8,83535.5
2014Q1,07,Illes Balears,2291,479453.9,209277.1
2014Q1,08,Barcelona,7798,1314721.6,168597.3
2014Q1,09,Burgos,570,62664.0,109936.8
2014Q1,10,Cáceres,518,45732.3,88286.3
2014Q1,11,Cádiz,1831,205795.6,112395.2
2014Q1,12,Castellón,1241,108071.7,87084.4
2014Q1,13,Ciudad Real,672,51600.1,76785.9
2014Q1,14,Córdoba,864,82616.8,95621.3
2014Q1,15,A Coruña,1183,141752.6,119824.7
2014Q1,16,Cuenca,258,26865.0,104127.9
2014Q1,17,Girona,1707,276152.0,161776.2
2014Q1,18,Granada,1424,137753.7,96737.1
2014Q1,19,Guadalajara,744,80230.2,107836.3
2014Q1,20,Gipuzkoa,922,197873.0,214612.8
2014Q1,21,Huelva,835,80467.3,96368.0
2014Q1,22,Huesca,352,38716.2,109989.2
2014Q1,23,Jaén,642,49988.3,77863.4
2014Q1,24,León,570,49732.6,87250.2
2014Q1,25,Lleida,551,84584.0,153510.0
2014Q1,26,La Rioja,592,63884.7,107913.3
2014Q1,27,Lugo,560,42386.1,75689.5
2014Q1,29,Málaga,4873,795215.7,163188.1
2014Q1,30,Murcia,2457,239143.7,97331.6
2014Q1,32,Ourense,289,29670.4,102665.7
2014Q1,34,Palencia,257,25208.4,98087.2
2014Q1,35,Las Palmas,2111,227405.6,107724.1
2014Q1,36,Pontevedra,842,100864.4,119791.4
2014Q1,37,Salamanca,465,47108.5,101308.6
2014Q1,38,Santa Cruz de Tenerife,2274,245594.9,108001.3
2014Q1,39,Cantabria,800,109295.8,136619.8
2014Q1,40,Segovia,210,23173.2,110348.6
2014Q1,41,Sevilla,2721,286038.1,105122.4
2014Q1,42,Soria,102,10069.6,98721.6
2014Q1,43,Tarragona,1549,171050.6,110426.5
2014Q1,44,Teruel,205,17728.4,86480.0
2014Q1,45,Toledo,1060,83806.3,79062.5
2014Q1,46,Valencia,3788,373154.5,98509.6
2014Q1,47,Valladolid,746,81429.0,109154.2
2014Q1,48,Bizkaia,1389,271848.7,195715.4
2014Q1,49,Zamora,241,20353.2,84453.1
2014Q1,50,Zaragoza,1391,156675.4,112635.1
2014Q1,51,Ceuta,106,16575.0,156367.9
2014Q1,52,Melilla,94,12260.5,130430.9
2014Q2,00,Spain,87316,11945079.5,136802.9
2014Q2,01,Araba/Álava,330,51929.7,157362.7
2014Q2,02,Albacete,615,57030.4,92732.4
2014Q2,03,Alicante,7649,870635.8,113823.5
2014Q2,04,Almería,1824,177694.7,97420.3
2014Q2,05,Ávila,314,24832.7,79085.0
2014Q2,06,Badajoz,783,64925.7,82919.2
2014Q2,07,Illes Balears,2543,530076.2,208445.2
2014Q2,08,Barcelona,9063,1554906.1,171566.4
2014Q2,09,Burgos,664,76746.6,115582.2
2014Q2,10,Cáceres,495,38426.1,77628.5
2014Q2,11,Cádiz,1978,230641.3,116603.3
2014Q2,12,Castellón,1265,113723.7,89900.2
2014Q2,13,Ciudad Real,712,54743.2,76886.5
2014Q2,14,Córdoba,998,99418.7,99617.9
2014Q2,15,A Coruña,1399,164324.5,117458.5
2014Q2,16,Cuenca,259,20904.1,80710.8
2014Q2,17,Girona,2118,315835.9,149119.9
2014Q2,18,Granada,1792,171954.7,95956.9
2014Q2,19,Guadalajara,595,63815.1,107252.3
2014Q2,20,Gipuzkoa,1045,218368.7,208965.3
2014Q2,21,Huelva,954,89918.6,94254.3
2014Q2,22,Huesca,434,47390.3,109194.2
2014Q2,23,Jaén,744,61145.1,82184.3
2014Q2,24,León,591,55687.1,94225.2
2014Q2,25,Lleida,588,64985.6,110519.7
2014Q2,26,La Rioja,542,55574.4,102535.8
2014Q2,27,Lugo,531,45430.9,85557.3
2014Q2,29,Málaga,6253,997328.8,159496.0
2014Q2,30,Murcia,2695,265785.7,98621.8
2014Q2,32,Ourense,278,28350.2,101979.1
2014Q2,34,Palencia,221,24199.4,109499.5
2014Q2,35,Las Palmas,2110,285761.9,135432.2
2014Q2,36,Pontevedra,973,127264.2,130795.7
2014Q2,37,Salamanca,561,68179.3,121531.7
2014Q2,38,Santa Cruz de Tenerife,2245,263293.2,117279.8
2014Q2,39,Cantabria,916,118919.6,129824.9
2014Q2,40,Segovia,228,24707.4,108365.8
2014Q2,41,Sevilla,2808,317728.4,113151.1
2014Q2,42,Soria,128,12374.7,96677.3
2014Q2,43,Tarragona,2050,233452.6,113879.3
2014Q2,44,Teruel,187,17175.2,91846.0
2014Q2,45,Toledo,1107,97382.6,87969.8
2014Q2,46,Valencia,4651,468622.2,100757.3
2014Q2,47,Valladolid,777,82548.4,106239.9
2014Q2,48,Bizkaia,1704,353437.1,207416.1
2014Q2,49,Zamora,245,20684.9,84428.2
2014Q2,50,Zaragoza,1638,197790.5,120751.2
2014Q2,51,Ceuta,95,16201.0,170536.8
2014Q2,52,Melilla,86,11022.2,128165.1
2014Q3,00,Spain,76338,10137299.8,132794.9
2014Q3,01,Araba/Álava,281,42807.4,152339.5
2014Q3,02,Albacete,436,38169.9,87545.6
2014Q3,03,Alicante,6511,736327.2,113089.7
2014Q3,04,Almería,1507,154009.3,102196.0
2014Q3,05,Ávila,286,21106.8,73800.0
2014Q3,06,Badajoz,691,59718.1,86422.7
2014Q3,07,Illes Balears,2634,537309.3,203989.9
2014Q3,08,Barcelona,7561,1299683.8,171893.1
2014Q3,09,Burgos,650,69345.5,106685.4
2014Q3,10,Cáceres,458,31622.6,69045.0
2014Q3,11,Cádiz,1682,206144.0,122558.9
2014Q3,12,Castellón,1268,108402.2,85490.7
2014Q3,13,Ciudad Real,626,42529.8,67939.0
2014Q3,14,Córdoba,869,80994.7,93204.5
2014Q3,15,A Coruña,1382,152424.4,110292.6
2014Q3,16,Cuenca,249,18833.6,75636.9
2014Q3,17,Girona,1757,271164.8,154334.0
2014Q3,18,Granada,1487,146700.3,98655.2
2014Q3,19,Guadalajara,539,49291.4,91449.7
2014Q3,20,Gipuzkoa,855,176722.9,206693.5
2014Q3,21,Huelva,857,85124.9,99328.9
2014Q3,22,Huesca,413,46115.2,111659.1
2014Q3,23,Jaén,696,49267.6,70786.8
2014Q3,24,León,606,47900.8,79044.2
2014Q3,25,Lleida,632,82638.4,130757.0
2014Q3,26,La Rioja,507,56267.4,110981.1
2014Q3,27,Lugo,581,43260.9,74459.4
2014Q3,29,Málaga,5461,878958.1,160951.9
2014Q3,30,Murcia,2420,229160.9,94694.6
2014Q3,32,Ourense,324,28178.5,86970.7
2014Q3,34,Palencia,246,22883.7,93023.2
2014Q3,35,Las Palmas,1984,206679.6,104173.2
2014Q3,36,Pontevedra,928,114944.9,123863.0
2014Q3,37,Salamanca,545,54202.0,99453.2
2014Q3,38,Santa Cruz de Tenerife,1746,185599.9,106300.1
2014Q3,39,Cantabria,911,121650.2,133534.8
2014Q3,40,Segovia,247,24363.4,98637.2
2014Q3,41,Sevilla,2205,243158.1,110275.8
2014Q3,42,Soria,135,8993.8,66620.7
2014Q3,43,Tarragona,1678,179144.6,106760.8
2014Q3,44,Teruel,206,14899.3,72326.7
2014Q3,45,Toledo,1127,94895.0,84201.4
2014Q3,46,Valencia,3811,370030.6,97095.4
2014Q3,47,Valladolid,693,69111.0,99727.3
2014Q3,48,Bizkaia,1348,257021.8,190669.0
2014Q3,49,Zamora,283,23038.6,81408.5
2014Q3,50,Zaragoza,1476,150681.7,102087.9
2014Q3,51,Ceuta,103,19912.0,193320.4
2014Q3,52,Melilla,91,12666.6,139193.4
2014Q4,00,Spain,106185,14483237.5,136396.3
2014Q4,01,Araba/Álava,450,66990.8,148868.4
2014Q4,02,Albacete,561,51446.0,91704.1
2014Q4,03,Alicante,8340,943017.7,113071.7
2014Q4,04,Almería,1825,169005.6,92605.8
2014Q4,05,Ávila,446,35866.4,80417.9
2014Q4,06,Badajoz,1149,82162.7,71508.0
2014Q4,07,Illes Balears,3451,759483.3,220076.3
2014Q4,08,Barcelona,11119,1987117.3,178713.7
2014Q4,09,Burgos,860,95145.2,110634.0
2014Q4,10,Cáceres,668,52568.2,78694.9
2014Q4,11,Cádiz,2231,259531.6,116329.7
2014Q4,12,Castellón,1776,153907.8,86659.8
2014Q4,13,Ciudad Real,832,57344.0,68923.1
2014Q4,14,Córdoba,1167,105148.7,90101.7
2014Q4,15,A Coruña,1824,195119.2,106973.2
2014Q4,16,Cuenca,353,26744.9,75764.6
2014Q4,17,Girona,2405,386387.2,160660.0
2014Q4,18,Granada,1981,190822.2,96326.2
2014Q4,19,Guadalajara,721,71762.7,99532.2
2014Q4,20,Gipuzkoa,1416,304363.8,214946.2
2014Q4,21,Huelva,935,86001.8,91980.5
2014Q4,22,Huesca,632,59507.1,94156.8
2014Q4,23,Jaén,982,72041.7,73362.2
2014Q4,24,León,767,64205.8,83710.3
2014Q4,25,Lleida,938,103549.4,110393.8
2014Q4,26,La Rioja,847,89481.8,105645.6
2014Q4,27,Lugo,663,51992.0,78419.3
2014Q4,29,Málaga,6776,1178826.1,173970.8
2014Q4,30,Murcia,3126,301618.1,96486.9
2014Q4,32,Ourense,468,43928.2,93863.7
2014Q4,34,Palencia,319,29443.4,92299.1
2014Q4,35,Las Palmas,2672,287865.6,107734.1
2014Q4,36,Pontevedra,1307,160754.1,122994.7
2014Q4,37,Salamanca,778,77146.6,99160.2
2014Q4,38,Santa Cruz de Tenerife,2335,248268.0,106324.6
2014Q4,39,Cantabria,1200,163609.3,136341.1
2014Q4,40,Segovia,382,33745.2,88338.2
2014Q4,41,Sevilla,3210,363599.6,113270.9
2014Q4,42,Soria,226,22396.5,99099.6
2014Q4,43,Tarragona,2294,236504.0,103096.8
2014Q4,44,Teruel,310,26022.8,83944.5
2014Q4,45,Toledo,1366,114026.6,83474.8
2014Q4,46,Valencia,5520,546278.4,98963.5
2014Q4,47,Valladolid,1074,105485.8,98217.7
2014Q4,48,Bizkaia,2123,401993.8,189351.8
2014Q4,49,Zamora,343,25729.4,75012.8
2014Q4,50,Zaragoza,2148,290513.7,135248.5
2014Q4,51,Ceuta,137,22094.1,161270.8
2014Q4,52,Melilla,138,21149.0,153253.6
2015Q1,00,Spain,81131,10677434.5,131607.3
2015Q1,01,Araba/Álava,304,45833.9,150769.4
2015Q1,02,Albacete,394,35275.5,89531.7
2015Q1,03,Alicante,6595,726290.2,110127.4
2015Q1,04,Almería,1584,169453.2,106978.0
2015Q1,05,Ávila,241,18212.3,75569.7
2015Q1,06,Badajoz,708,51003.4,72038.7
2015Q1,07,Illes Balears,2637,537610.5,203872.0
2015Q1,08,Barcelona,8784,1486667.9,169247.3
2015Q1,09,Burgos,636,62960.6,98994.7
2015Q1,10,Cáceres,442,32300.7,73078.5
2015Q1,11,Cádiz,1844,203272.1,110234.3
2015Q1,12,Castellón,1258,112620.1,89523.1
2015Q1,13,Ciudad Real,606,40949.5,67573.4
2015Q1,14,Córdoba,937,84325.8,89995.5
2015Q1,15,A Coruña,1303,145895.3,111968.8
2015Q1,16,Cuenca,261,18489.8,70842.1
2015Q1,17,Girona,1620,230811.8,142476.4
2015Q1,18,Granada,1534,142194.6,92695.3
2015Q1,19,Guadalajara,537,53577.6,99772.1
2015Q1,20,Gipuzkoa,1034,212013.3,205041.9
2015Q1,21,Huelva,858,78315.8,91277.2
2015Q1,22,Huesca,406,37915.2,93387.2
2015Q1,23,Jaén,764,58479.4,76543.7
2015Q1,24,León,588,60837.9,103465.8
2015Q1,25,Lleida,613,67488.9,110096.1
2015Q1,26,La Rioja,609,56553.6,92863.1
2015Q1,27,Lugo,552,40055.8,72564.9
2015Q1,29,Málaga,5392,868155.7,161008.1
2015Q1,30,Murcia,2315,211767.6,91476.3
2015Q1,32,Ourense,293,26863.1,91682.9
2015Q1,34,Palencia,213,18972.5,89072.8
2015Q1,35,Las Palmas,2325,262566.0,112931.6
2015Q1,36,Pontevedra,888,106780.2,120248.0
2015Q1,37,Salamanca,526,52125.2,99097.3
2015Q1,38,Santa Cruz de Tenerife,2036,218868.1,107499.1
2015Q1,39,Cantabria,887,111269.8,125445.1
2015Q1,40,Segovia,217,20601.8,94939.2
2015Q1,41,Sevilla,2712,290152.8,106988.5
2015Q1,42,Soria,156,14414.0,92397.4
2015Q1,43,Tarragona,1610,168181.6,104460.6
2015Q1,44,Teruel,207,15935.3,76982.1
2015Q1,45,Toledo,1127,85444.6,75816.0
2015Q1,46,Valencia,4231,400446.1,94645.7
2015Q1,47,Valladolid,745,75015.7,100692.2
2015Q1,48,Bizkaia,1681,315699.7,187804.7
2015Q1,49,Zamora,235,19274.1,82017.4
2015Q1,50,Zaragoza,1520,159810.3,105138.4
2015Q1,51,Ceuta,119,14813.8,124485.7
2015Q1,52,Melilla,97,15708.6,161944.3
2015Q2,00,Spain,102174,13911463.6,136154.6
2015Q2,01,Araba/Álava,437,76637.9,175372.8
2015Q2,02,Albacete,483,43382.1,89818.0
2015Q2,03,Alicante,8659,1018183.9,117586.8
2015Q2,04,Almería,1966,182531.8,92844.3
2015Q2,05,Ávila,326,23062.1,70742.6
2015Q2,06,Badajoz,852,63029.0,73977.7
2015Q2,07,Illes Balears,3284,726919.4,221351.8
2015Q2,08,Barcelona,10738,1830051.5,170427.6
2015Q2,09,Burgos,791,87541.3,110671.7
2015Q2,10,Cáceres,522,44557.7,85359.6
2015Q2,11,Cádiz,2802,306736.3,109470.5
2015Q2,12,Castellón,1806,153336.9,84904.2
2015Q2,13,Ciudad Real,683,47336.4,69306.6
2015Q2,14,Córdoba,1137,105233.0,92553.2
2015Q2,15,A Coruña,1676,183180.6,109296.3
2015Q2,16,Cuenca,295,21276.3,72123.1
2015Q2,17,Girona,2147,316879.5,147591.8
2015Q2,18,Granada,1996,207459.4,103937.6
2015Q2,19,Guadalajara,686,73153.7,106638.0
2015Q2,20,Gipuzkoa,1109,218702.7,197207.1
2015Q2,21,Huelva,1102,102227.1,92765.1
2015Q2,22,Huesca,467,48148.7,103102.1
2015Q2,23,Jaén,891,68592.7,76984.0
2015Q2,24,León,711,65386.8,91964.6
2015Q2,25,Lleida,734,81704.2,111313.6
2015Q2,26,La Rioja,814,95536.3,117366.5
2015Q2,27,Lugo,619,50925.2,82270.1
2015Q2,29,Málaga,7035,1195252.7,169900.9
2015Q2,30,Murcia,3312,313395.3,94624.2
2015Q2,32,Ourense,347,32469.3,93571.5
2015Q2,34,Palencia,249,23103.7,92785.9
2015Q2,35,Las Palmas,2614,310928.3,118947.3
2015Q2,36,Pontevedra,1028,129070.2,125554.7
2015Q2,37,Salamanca,572,54729.3,95680.6
2015Q2,38,Santa Cruz de Tenerife,2244,288513.3,128571.0
2015Q2,39,Cantabria,1162,150273.2,129322.9
2015Q2,40,Segovia,479,34587.5,72207.7
2015Q2,41,Sevilla,2916,338449.3,116066.3
2015Q2,42,Soria,165,15794.1,95721.8
2015Q2,43,Tarragona,2400,240896.6,100373.6
2015Q2,44,Teruel,235,18797.5,79989.4
2015Q2,45,Toledo,1204,90008.3,74757.7
2015Q2,46,Valencia,5695,583112.0,102390.2
2015Q2,47,Valladolid,979,100454.0,102608.8
2015Q2,48,Bizkaia,2312,466586.8,201810.9
2015Q2,49,Zamora,266,20071.6,75457.1
2015Q2,50,Zaragoza,2023,223402.5,110431.3
2015Q2,51,Ceuta,131,18122.2,138337.4
2015Q2,52,Melilla,118,15518.4,131511.9
2015Q3,00,Spain,90350,12311620.8,136265.9
2015Q3,01,Araba/Álava,400,65354.8,163387.0
2015Q3,02,Albacete,487,40106.8,82354.8
2015Q3,03,Alicante,7335,894830.7,121994.6
2015Q3,04,Almería,1794,174519.6,97279.6
2015Q3,05,Ávila,313,23166.3,74013.7
2015Q3,06,Badajoz,833,64399.9,77310.8
2015Q3,07,Illes Balears,3011,704320.5,233915.8
2015Q3,08,Barcelona,9456,1653701.3,174883.8
2015Q3,09,Burgos,739,76937.6,104110.4
2015Q3,10,Cáceres,536,42382.5,79071.8
2015Q3,11,Cádiz,2088,237907.8,113940.5
2015Q3,12,Castellón,1371,122684.6,89485.5
2015Q3,13,Ciudad Real,610,45142.2,74003.6
2015Q3,14,Córdoba,1022,91275.7,89310.9
2015Q3,15,A Coruña,1455,156127.5,107304.1
2015Q3,16,Cuenca,274,20244.5,73885.0
2015Q3,17,Girona,2000,297475.0,148737.5
2015Q3,18,Granada,1788,171340.0,95827.7
2015Q3,19,Guadalajara,574,56458.0,98358.9
2015Q3,20,Gipuzkoa,1208,250253.5,207163.5
2015Q3,21,Huelva,902,78339.7,86851.1
2015Q3,22,Huesca,479,47292.3,98731.3
2015Q3,23,Jaén,776,60196.1,77572.3
2015Q3,24,León,701,61193.4,87294.4
2015Q3,25,Lleida,673,69088.7,102657.8
2015Q3,26,La Rioja,710,71725.8,101022.3
2015Q3,27,Lugo,597,58629.2,98206.4
2015Q3,29,Málaga,6146,1119523.6,182154.8
2015Q3,30,Murcia,3497,348707.4,99716.2
2015Q3,32,Ourense,362,28973.2,80036.5
2015Q3,34,Palencia,276,24861.5,90077.9
2015Q3,35,Las Palmas,2631,288194.8,109538.1
2015Q3,36,Pontevedra,1143,138796.4,121431.7
2015Q3,37,Salamanca,546,59794.3,109513.4
2015Q3,38,Santa Cruz de Tenerife,2179,239130.9,109743.4
2015Q3,39,Cantabria,1200,154137.7,128448.1
2015Q3,40,Segovia,304,27322.6,89877.0
2015Q3,41,Sevilla,2607,282550.2,108381.4
2015Q3,42,Soria,190,17771.5,93534.2
2015Q3,43,Tarragona,1993,198673.7,99685.8
2015Q3,44,Teruel,241,20248.6,84019.1
2015Q3,45,Toledo,1232,98720.7,80130.4
2015Q3,46,Valencia,4701,458092.7,97445.8
2015Q3,47,Valladolid,800,77980.9,97476.1
2015Q3,48,Bizkaia,1612,306203.4,189952.5
2015Q3,49,Zamora,292,23250.1,79623.6
2015Q3,50,Zaragoza,1829,216350.6,118289.0
2015Q3,51,Ceuta,102,14306.5,140259.8
2015Q3,52,Melilla,95,15338.2,161454.7
2015Q4,00,Spain,109452,15060939.0,137603.1
2015Q4,01,Araba/Álava,505,79385.7,157199.4
2015Q4,02,Albacete,596,53177.4,89223.8
2015Q4,03,Alicante,8494,1001479.9,117904.4
2015Q4,04,Almería,2053,186250.5,90721.1
2015Q4,05,Ávila,378,30036.4,79461.4
2015Q4,06,Badajoz,1029,77461.3,75278.2
2015Q4,07,Illes Balears,3959,910483.8,229978.2
2015Q4,08,Barcelona,11476,2011049.8,175239.6
2015Q4,09,Burgos,908,92194.3,101535.6
2015Q4,10,Cáceres,613,50126.9,81773.1
2015Q4,11,Cádiz,2634,314948.9,119570.6
2015Q4,12,Castellón,1615,146116.4,90474.6
2015Q4,13,Ciudad Real,751,52877.1,70408.9
2015Q4,14,Córdoba,1288,118065.2,91665.5
2015Q4,15,A Coruña,1680,186539.2,111035.2
2015Q4,16,Cuenca,331,23342.5,70521.1
2015Q4,17,Girona,2558,394730.4,154312.1
2015Q4,18,Granada,2289,226969.3,99156.5
2015Q4,19,Guadalajara,690,66830.2,96855.4
2015Q4,20,Gipuzkoa,1689,359705.1,212969.3
2015Q4,21,Huelva,1059,102192.4,96499.0
2015Q4,22,Huesca,772,79239.3,102641.6
2015Q4,23,Jaén,1033,73095.2,70760.1
2015Q4,24,León,789,65547.6,83076.8
2015Q4,25,Lleida,860,96824.7,112586.9
2015Q4,26,La Rioja,785,75682.2,96410.4
2015Q4,27,Lugo,561,46256.4,82453.5
2015Q4,29,Málaga,6625,1146409.2,173042.9
2015Q4,30,Murcia,3284,313055.9,95327.6
2015Q4,32,Ourense,370,32807.1,88667.8
2015Q4,34,Palencia,299,24550.0,82107.0
2015Q4,35,Las Palmas,2834,324032.1,114337.4
2015Q4,36,Pontevedra,1234,153160.5,124117.1
2015Q4,37,Salamanca,662,68677.4,103742.3
2015Q4,38,Santa Cruz de Tenerife,2543,303704.4,119427.6
2015Q4,39,Cantabria,1248,173731.2,139207.7
2015Q4,40,Segovia,397,40773.1,102703.0
2015Q4,41,Sevilla,3284,358354.2,109121.3
2015Q4,42,Soria,198,17378.1,87768.2
2015Q4,43,Tarragona,2284,237826.5,104127.2
2015Q4,44,Teruel,406,31418.8,77386.2
2015Q4,45,Toledo,1409,112510.6,79851.4
2015Q4,46,Valencia,5722,557315.9,97398.8
2015Q4,47,Valladolid,944,93403.6,98944.5
2015Q4,48,Bizkaia,2244,434134.3,193464.5
2015Q4,49,Zamora,301,22963.1,76289.4
2015Q4,50,Zaragoza,2389,277328.7,116085.7
2015Q4,51,Ceuta,148,18775.9,126864.2
2015Q4,52,Melilla,132,19952.8,151157.6
2016Q1,00,Spain,98462,13565863.2,137777.7
2016Q1,01,Araba/Álava,451,65100.3,144346.6
2016Q1,02,Albacete,512,47759.6,93280.5
2016Q1,03,Alicante,7847,925678.7,117965.9
2016Q1,04,Almería,1749,157053.3,89796.1
2016Q1,05,Ávila,334,24182.5,72402.7
2016Q1,06,Badajoz,926,73599.7,79481.3
2016Q1,07,Illes Balears,3453,764331.7,221352.9
2016Q1,08,Barcelona,11211,1972314.0,175926.7
2016Q1,09,Burgos,763,85481.8,112033.8
2016Q1,10,Cáceres,501,37058.3,73968.7
2016Q1,11,Cádiz,2567,288722.0,112474.5
2016Q1,12,Castellón,1481,132710.7,89608.8
2016Q1,13,Ciudad Real,700,63049.0,90070.0
2016Q1,14,Córdoba,1208,115896.7,95941.0
2016Q1,15,A Coruña,1449,169622.7,117061.9
2016Q1,16,Cuenca,290,19669.7,67826.6
2016Q1,17,Girona,2043,303016.2,148319.2
2016Q1,18,Granada,1863,180524.0,96899.6
2016Q1,19,Guadalajara,610,60177.4,98651.5
2016Q1,20,Gipuzkoa,1338,299819.0,224080.0
2016Q1,21,Huelva,919,78279.1,85178.6
2016Q1,22,Huesca,396,40243.3,101624.5
2016Q1,23,Jaén,937,67794.9,72353.1
2016Q1,24,León,624,55099.7,88300.8
2016Q1,25,Lleida,794,84985.7,107034.9
2016Q1,26,La Rioja,700,74112.2,105874.6
2016Q1,27,Lugo,488,37785.5,77429.3
2016Q1,29,Málaga,5986,1008969.1,168554.8
2016Q1,30,Murcia,3165,284689.8,89949.4
2016Q1,32,Ourense,330,31853.4,96525.5
2016Q1,34,Palencia,272,27176.3,99912.9
2016Q1,35,Las Palmas,3076,350683.1,114006.2
2016Q1,36,Pontevedra,1027,123672.4,120421.0
2016Q1,37,Salamanca,590,59491.8,100833.6
2016Q1,38,Santa Cruz de Tenerife,2376,284960.6,119932.9
2016Q1,39,Cantabria,1008,128172.1,127154.9
2016Q1,40,Segovia,327,32024.0,97932.7
2016Q1,41,Sevilla,2934,325757.6,111028.5
2016Q1,42,Soria,152,13919.1,91573.0
2016Q1,43,Tarragona,1892,199210.2,105290.8
2016Q1,44,Teruel,210,13062.0,62200.0
2016Q1,45,Toledo,1301,100448.8,77208.9
2016Q1,46,Valencia,5212,508592.8,97581.1
2016Q1,47,Valladolid,905,96671.2,106819.0
2016Q1,48,Bizkaia,2066,402087.9,194621.4
2016Q1,49,Zamora,253,19688.8,77821.3
2016Q1,50,Zaragoza,1457,141503.2,97119.6
2016Q1,51,Ceuta,142,22353.6,157419.7
2016Q1,52,Melilla,116,18264.1,157449.1
2016Q2,00,Spain,117566,16454078.3,139956.1
2016Q2,01,Araba/Álava,551,81614.2,148120.1
2016Q2,02,Albacete,630,60569.0,96141.3
2016Q2,03,Alicante,9453,1087384.3,115030.6
2016Q2,04,Almería,2207,204397.8,92613.4
2016Q2,05,Ávila,356,29023.2,81525.8
2016Q2,06,Badajoz,1053,79925.9,75903.0
2016Q2,07,Illes Balears,4304,959907.7,223026.9
2016Q2,08,Barcelona,13924,2485958.5,178537.7
2016Q2,09,Burgos,841,90390.2,107479.4
2016Q2,10,Cáceres,649,51479.4,79321.1
2016Q2,11,Cádiz,2663,301919.3,113375.6
2016Q2,12,Castellón,1636,141057.3,86220.8
2016Q2,13,Ciudad Real,755,51946.7,68803.6
2016Q2,14,Córdoba,1269,117555.6,92636.4
2016Q2,15,A Coruña,1660,181066.2,109076.0
2016Q2,16,Cuenca,340,25350.8,74561.2
2016Q2,17,Girona,2637,392692.2,148916.3
2016Q2,18,Granada,2157,223204.1,103479.0
2016Q2,19,Guadalajara,745,78281.9,105076.4
2016Q2,20,Gipuzkoa,1417,310483.9,219113.5
2016Q2,21,Huelva,1118,104644.2,93599.5
2016Q2,22,Huesca,552,51578.2,93438.8
2016Q2,23,Jaén,1063,79796.1,75066.9
2016Q2,24,León,806,78172.1,96987.7
2016Q2,25,Lleida,998,99397.4,99596.6
2016Q2,26,La Rioja,764,72855.1,95360.1
2016Q2,27,Lugo,598,48350.0,80852.8
2016Q2,29,Málaga,7550,1232952.7,163305.0
2016Q2,30,Murcia,3706,359144.2,96908.9
2016Q2,32,Ourense,423,40297.5,95266.0
2016Q2,34,Palencia,353,32350.9,91645.6
2016Q2,35,Las Palmas,3023,370866.4,122681.6
2016Q2,36,Pontevedra,1226,147780.7,120538.9
2016Q2,37,Salamanca,703,72772.6,103517.2
2016Q2,38,Santa Cruz de Tenerife,2837,352919.7,124398.9
2016Q2,39,Cantabria,1341,174014.1,129764.4
2016Q2,40,Segovia,378,35705.7,94459.5
2016Q2,41,Sevilla,3516,386635.3,109964.5
2016Q2,42,Soria,220,23472.4,106692.7
2016Q2,43,Tarragona,2512,254047.1,101133.4
2016Q2,44,Teruel,241,18653.4,77400.0
2016Q2,45,Toledo,1611,129619.3,80458.9
2016Q2,46,Valencia,6378,635806.2,99687.4
2016Q2,47,Valladolid,1072,109660.0,102294.8
2016Q2,48,Bizkaia,2690,578345.6,214998.4
2016Q2,49,Zamora,304,25373.3,83464.8
2016Q2,50,Zaragoza,2182,246842.5,113126.7
2016Q2,51,Ceuta,166,24062.6,144955.4
2016Q2,52,Melilla,132,18550.9,140537.1
2016Q3,00,Spain,99696,13852836.8,138950.8
2016Q3,01,Araba/Álava,435,68492.8,157454.7
2016Q3,02,Albacete,510,44204.0,86674.5
2016Q3,03,Alicante,8319,986637.2,118600.5
2016Q3,04,Almería,2019,207687.8,102866.7
2016Q3,05,Ávila,347,25286.8,72872.6
2016Q3,06,Badajoz,896,65918.7,73570.0
2016Q3,07,Illes Balears,3517,803569.5,228481.5
2016Q3,08,Barcelona,11701,2087685.4,178419.4
2016Q3,09,Burgos,674,67038.4,99463.5
2016Q3,10,Cáceres,546,39908.8,73093.0
2016Q3,11,Cádiz,2322,260951.7,112382.3
2016Q3,12,Castellón,1571,146218.3,93073.4
2016Q3,13,Ciudad Real,592,42032.3,71000.5
2016Q3,14,Córdoba,1013,94440.0,93228.0
2016Q3,15,A Coruña,1582,174917.6,110567.4
2016Q3,16,Cuenca,288,20438.5,70967.0
2016Q3,17,Girona,2234,322968.5,144569.6
2016Q3,18,Granada,1834,182926.2,99741.7
2016Q3,19,Guadalajara,573,60143.6,104962.7
2016Q3,20,Gipuzkoa,1250,276213.3,220970.6
2016Q3,21,Huelva,946,84645.5,89477.3
2016Q3,22,Huesca,532,52098.7,97929.9
2016Q3,23,Jaén,885,69068.3,78043.3
2016Q3,24,León,821,69358.1,84480.0
2016Q3,25,Lleida,773,77229.9,99909.3
2016Q3,26,La Rioja,666,71496.7,107352.4
2016Q3,27,Lugo,565,42017.1,74366.5
2016Q3,29,Málaga,6236,1106862.9,177495.7
2016Q3,30,Murcia,2855,272760.3,95537.8
2016Q3,32,Ourense,389,35359.1,90897.4
2016Q3,34,Palencia,252,22851.7,90681.3
2016Q3,35,Las Palmas,2617,321627.2,122899.2
2016Q3,36,Pontevedra,1124,136016.2,121010.9
2016Q3,37,Salamanca,658,64318.9,97749.1
2016Q3,38,Santa Cruz de Tenerife,2246,270469.7,120422.8
2016Q3,39,Cantabria,1179,151837.9,128785.3
2016Q3,40,Segovia,328,27721.4,84516.5
2016Q3,41,Sevilla,2614,283640.2,108508.1
2016Q3,42,Soria,185,15964.8,86296.2
2016Q3,43,Tarragona,2345,236936.3,101038.9
2016Q3,44,Teruel,259,22550.1,87066.0
2016Q3,45,Toledo,1433,127658.0,89084.4
2016Q3,46,Valencia,5375,544480.6,101298.7
2016Q3,47,Valladolid,966,99342.0,102838.5
2016Q3,48,Bizkaia,1888,404595.6,214298.5
2016Q3,49,Zamora,310,21946.7,70795.8
2016Q3,50,Zaragoza,1875,223170.6,119024.3
2016Q3,51,Ceuta,87,11950.0,137356.3
2016Q3,52,Melilla,109,15665.2,143717.4
2016Q4,00,Spain,120850,16996505.4,140641.3
2016Q4,01,Araba/Álava,672,105339.2,156754.8
2016Q4,02,Albacete,625,52922.3,84675.7
2016Q4,03,Alicante,9161,1069597.2,116755.5
2016Q4,04,Almería,2143,190774.2,89022.0
2016Q4,05,Ávila,386,29762.2,77104.1
2016Q4,06,Badajoz,1035,73989.2,71487.1
2016Q4,07,Illes Balears,4507,1021788.2,226711.4
2016Q4,08,Barcelona,14037,2605018.7,185582.3
2016Q4,09,Burgos,1018,104800.8,102947.7
2016Q4,10,Cáceres,665,47221.4,71009.6
2016Q4,11,Cádiz,2623,290942.7,110919.8
2016Q4,12,Castellón,1837,155744.5,84782.0
2016Q4,13,Ciudad Real,825,71070.5,86146.1
2016Q4,14,Córdoba,1380,126777.9,91868.0
2016Q4,15,A Coruña,1715,186043.4,108480.1
2016Q4,16,Cuenca,373,25162.1,67458.7
2016Q4,17,Girona,2799,435613.5,155631.8
2016Q4,18,Granada,2358,247421.5,104928.5
2016Q4,19,Guadalajara,943,94880.8,100615.9
2016Q4,20,Gipuzkoa,1535,322553.0,210132.2
2016Q4,21,Huelva,1167,106592.5,91338.9
2016Q4,22,Huesca,738,74873.5,101454.6
2016Q4,23,Jaén,1114,77690.0,69739.7
2016Q4,24,León,871,79037.4,90743.3
2016Q4,25,Lleida,922,92434.5,100254.3
2016Q4,26,La Rioja,817,78651.8,96269.0
2016Q4,27,Lugo,635,49644.8,78180.8
2016Q4,29,Málaga,7124,1182289.9,165958.7
2016Q4,30,Murcia,3498,340526.1,97348.8
2016Q4,32,Ourense,389,36454.1,93712.3
2016Q4,34,Palencia,349,30771.7,88171.1
2016Q4,35,Las Palmas,2899,391596.2,135079.8
2016Q4,36,Pontevedra,1370,176757.5,129020.1
2016Q4,37,Salamanca,747,75688.4,101323.2
2016Q4,38,Santa Cruz de Tenerife,2702,326334.6,120775.2
2016Q4,39,Cantabria,1482,189055.0,127567.5
2016Q4,40,Segovia,373,36065.2,96689.5
2016Q4,41,Sevilla,3412,392797.7,115122.4
2016Q4,42,Soria,238,23190.8,97440.3
2016Q4,43,Tarragona,2952,308534.9,104517.2
2016Q4,44,Teruel,295,25446.6,86259.7
2016Q4,45,Toledo,1738,160392.8,92285.8
2016Q4,46,Valencia,6668,663761.5,99544.3
2016Q4,47,Valladolid,1228,123989.8,100968.9
2016Q4,48,Bizkaia,2704,527741.6,195170.7
2016Q4,49,Zamora,349,25856.6,74087.7
2016Q4,50,Zaragoza,2239,237495.9,106072.3
2016Q4,51,Ceuta,137,21006.7,153333.6
2016Q4,52,Melilla,120,16365.7,136380.8
2017Q1,00,Spain,119169,16978520.8,142474.3
2017Q1,01,Araba/Álava,722,110239.8,152686.7
2017Q1,02,Albacete,754,66594.2,88321.2
2017Q1,03,Alicante,8990,1057491.4,117629.7
2017Q1,04,Almería,2011,180605.0,89808.6
2017Q1,05,Ávila,346,26351.0,76159.0
2017Q1,06,Badajoz,1136,83469.3,73476.5
2017Q1,07,Illes Balears,4451,968496.4,217590.7
2017Q1,08,Barcelona,14138,2644817.5,187071.5
2017Q1,09,Burgos,876,91672.3,104648.7
2017Q1,10,Cáceres,676,50829.9,75192.2
2017Q1,11,Cádiz,2608,304511.2,116760.4
2017Q1,12,Castellón,1529,125252.4,81917.9
2017Q1,13,Ciudad Real,769,56104.5,72957.7
2017Q1,14,Córdoba,1343,126811.2,94423.8
2017Q1,15,A Coruña,1740,192456.4,110607.1
2017Q1,16,Cuenca,380,30841.7,81162.4
2017Q1,17,Girona,2657,385799.5,145201.2
2017Q1,18,Granada,2226,218875.5,98326.8
2017Q1,19,Guadalajara,707,69616.6,98467.6
2017Q1,20,Gipuzkoa,1625,358119.4,220381.2
2017Q1,21,Huelva,1045,96754.9,92588.4
2017Q1,22,Huesca,627,57077.3,91032.4
2017Q1,23,Jaén,1170,85038.0,72682.1
2017Q1,24,León,820,72153.1,87991.6
2017Q1,25,Lleida,876,90329.2,103115.5
2017Q1,26,La Rioja,773,71104.8,91985.5
2017Q1,27,Lugo,495,40882.0,82589.9
2017Q1,29,Málaga,7163,1165499.7,162711.1
2017Q1,30,Murcia,3299,307335.6,93160.2
2017Q1,32,Ourense,350,29259.0,83597.1
2017Q1,34,Palencia,310,28022.5,90395.2
2017Q1,35,Las Palmas,3085,394606.0,127911.2
2017Q1,36,Pontevedra,1301,157002.1,120678.0
2017Q1,37,Salamanca,717,77103.1,107535.7
2017Q1,38,Santa Cruz de Tenerife,3106,403974.8,130062.7
2017Q1,39,Cantabria,1270,168980.0,133055.1
2017Q1,40,Segovia,408,56855.7,139352.2
2017Q1,41,Sevilla,3452,384341.3,111338.7
2017Q1,42,Soria,180,15995.7,88865.0
2017Q1,43,Tarragona,2422,256006.3,105700.4
2017Q1,44,Teruel,231,18365.5,79504.3
2017Q1,45,Toledo,1962,153526.6,78250.1
2017Q1,46,Valencia,6373,648205.4,101711.2
2017Q1,47,Valladolid,1205,127193.5,105554.8
2017Q1,48,Bizkaia,2467,454381.8,184183.9
2017Q1,49,Zamora,295,22248.1,75417.3
2017Q1,50,Zaragoza,2216,242105.0,109253.2
2017Q1,51,Ceuta,144,25541.3,177370.1
2017Q1,52,Melilla,128,17519.5,136871.1
2017Q2,00,Spain,137790,19838286.9,143974.8
2017Q2,01,Araba/Álava,685,107640.8,157139.9
2017Q2,02,Albacete,709,68871.1,97138.4
2017Q2,03,Alicante,10431,1212139.1,116205.5
2017Q2,04,Almería,2783,271610.5,97596.3
2017Q2,05,Ávila,447,38613.5,86383.7
2017Q2,06,Badajoz,1075,82433.1,76682.0
2017Q2,07,Illes Balears,4975,1110909.9,223298.5
2017Q2,08,Barcelona,16467,3174515.4,192780.4
2017Q2,09,Burgos,920,93559.9,101695.5
2017Q2,10,Cáceres,718,55578.8,77407.8
2017Q2,11,Cádiz,2953,340351.5,115256.2
2017Q2,12,Castellón,1945,157491.6,80972.5
2017Q2,13,Ciudad Real,838,60218.1,71859.3
2017Q2,14,Córdoba,1630,155172.3,95197.7
2017Q2,15,A Coruña,1997,222492.8,111413.5
2017Q2,16,Cuenca,425,31067.5,73100.0
2017Q2,17,Girona,3129,469696.9,150110.9
2017Q2,18,Granada,2762,295700.5,107060.3
2017Q2,19,Guadalajara,898,85210.3,94889.0
2017Q2,20,Gipuzkoa,1790,405317.9,226434.6
2017Q2,21,Huelva,1274,122084.0,95827.3
2017Q2,22,Huesca,697,71261.0,102239.6
2017Q2,23,Jaén,1214,92463.0,76163.9
2017Q2,24,León,819,66934.9,81727.6
2017Q2,25,Lleida,1003,91752.1,91477.7
2017Q2,26,La Rioja,934,97802.0,104713.1
2017Q2,27,Lugo,545,49179.1,90236.9
2017Q2,29,Málaga,8620,1437072.5,166713.7
2017Q2,30,Murcia,4081,378004.0,92625.3
2017Q2,32,Ourense,450,40267.2,89482.7
2017Q2,34,Palencia,355,29519.7,83154.1
2017Q2,35,Las Palmas,3584,448329.6,125092.0
2017Q2,36,Pontevedra,1527,187064.6,122504.6
2017Q2,37,Salamanca,816,88143.7,108019.2
2017Q2,38,Santa Cruz de Tenerife,3375,437120.4,129517.2
2017Q2,39,Cantabria,1636,208547.6,127474.1
2017Q2,40,Segovia,423,44435.0,105047.3
2017Q2,41,Sevilla,3851,441712.6,114700.8
2017Q2,42,Soria,190,16374.5,86181.6
2017Q2,43,Tarragona,3080,346063.1,112358.1
2017Q2,44,Teruel,272,22032.1,81000.4
2017Q2,45,Toledo,2113,171585.9,81204.9
2017Q2,46,Valencia,8086,777452.1,96147.9
2017Q2,47,Valladolid,1249,134706.5,107851.5
2017Q2,48,Bizkaia,2876,567548.1,197339.4
2017Q2,49,Zamora,300,21830.0,72766.7
2017Q2,50,Zaragoza,2440,255292.4,104628.0
2017Q2,51,Ceuta,135,24758.6,183397.0
2017Q2,52,Melilla,148,21953.0,148331.1
2017Q3,00,Spain,114522,16924725.0,147785.8
2017Q3,01,Araba/Álava,606,104560.3,172541.7
2017Q3,02,Albacete,682,70560.2,103460.7
2017Q3,03,Alicante,8735,1072101.6,122736.3
2017Q3,04,Almería,2107,206240.4,97883.4
2017Q3,05,Ávila,440,32068.2,72882.3
2017Q3,06,Badajoz,1013,78048.5,77046.9
2017Q3,07,Illes Balears,4058,1001733.0,246853.9
2017Q3,08,Barcelona,12861,2521185.7,196033.4
2017Q3,09,Burgos,878,87719.8,99908.7
2017Q3,10,Cáceres,617,42964.0,69633.7
2017Q3,11,Cádiz,2604,297308.1,114173.6
2017Q3,12,Castellón,1878,156294.1,83223.7
2017Q3,13,Ciudad Real,809,60860.8,75229.7
2017Q3,14,Córdoba,1275,127808.5,100242.0
2017Q3,15,A Coruña,1720,186221.9,108268.5
2017Q3,16,Cuenca,468,31474.3,67252.8
2017Q3,17,Girona,2569,378197.1,147215.7
2017Q3,18,Granada,2331,255407.9,109570.1
2017Q3,19,Guadalajara,738,75391.7,102156.8
2017Q3,20,Gipuzkoa,1408,321783.0,228539.1
2017Q3,21,Huelva,1140,105535.1,92574.6
2017Q3,22,Huesca,551,55305.8,100373.5
2017Q3,23,Jaén,1040,76623.8,73676.7
2017Q3,24,León,784,71439.8,91122.2
2017Q3,25,Lleida,869,85622.5,98529.9
2017Q3,26,La Rioja,806,77056.1,95603.1
2017Q3,27,Lugo,594,47127.9,79339.9
2017Q3,29,Málaga,6939,1214928.9,175087.0
2017Q3,30,Murcia,3307,311652.2,94240.2
2017Q3,32,Ourense,438,36322.7,82928.5
2017Q3,34,Palencia,283,27713.8,97928.6
2017Q3,35,Las Palmas,3196,416536.0,130330.4
2017Q3,36,Pontevedra,1388,175879.3,126714.2
2017Q3,37,Salamanca,735,78664.0,107025.9
2017Q3,38,Santa Cruz de Tenerife,2651,343715.8,129655.1
2017Q3,39,Cantabria,1454,196370.4,135055.3
2017Q3,40,Segovia,342,32534.0,95128.7
2017Q3,41,Sevilla,3257,440053.0,135109.9
2017Q3,42,Soria,192,16582.7,86368.2
2017Q3,43,Tarragona,2571,279680.6,108782.8
2017Q3,44,Teruel,294,20237.9,68836.4
2017Q3,45,Toledo,1596,137350.8,86059.4
2017Q3,46,Valencia,6225,620959.1,99752.5
2017Q3,47,Valladolid,1036,107664.4,103923.2
2017Q3,48,Bizkaia,2097,424265.1,202320.0
2017Q3,49,Zamora,357,27496.8,77021.8
2017Q3,50,Zaragoza,2175,237278.9,109093.7
2017Q3,51,Ceuta,115,19163.6,166640.0
2017Q3,52,Melilla,116,19447.9,167654.3
2017Q4,00,Spain,138366,20084850.9,145157.4
2017Q4,01,Araba/Álava,727,115598.2,159007.2
2017Q4,02,Albacete,778,69963.7,89927.6
2017Q4,03,Alicante,10956,1332165.1,121592.3
2017Q4,04,Almería,2523,235748.7,93439.8
2017Q4,05,Ávila,494,37855.3,76630.2
2017Q4,06,Badajoz,1158,86342.5,74561.7
2017Q4,07,Illes Balears,4779,1148476.7,240317.4
2017Q4,08,Barcelona,14260,2715271.1,190411.7
2017Q4,09,Burgos,966,102722.4,106337.9
2017Q4,10,Cáceres,735,54664.5,74373.5
2017Q4,11,Cádiz,3236,362953.7,112161.2
2017Q4,12,Castellón,2450,209352.5,85450.0
2017Q4,13,Ciudad Real,1079,83985.7,77836.6
2017Q4,14,Córdoba,1627,152885.2,93967.5
2017Q4,15,A Coruña,1987,229410.6,115455.8
2017Q4,16,Cuenca,459,32418.3,70628.1
2017Q4,17,Girona,2881,409049.2,141981.7
2017Q4,18,Granada,2801,324892.3,115991.5
2017Q4,19,Guadalajara,995,109846.4,110398.4
2017Q4,20,Gipuzkoa,1801,417038.9,231559.6
2017Q4,21,Huelva,1231,114274.0,92830.2
2017Q4,22,Huesca,882,85069.0,96450.1
2017Q4,23,Jaén,1219,91254.6,74860.2
2017Q4,24,León,929,79691.4,85781.9
2017Q4,25,Lleida,1063,96482.6,90764.4
2017Q4,26,La Rioja,973,98403.4,101134.0
2017Q4,27,Lugo,604,49135.0,81349.3
2017Q4,29,Málaga,8275,1460657.1,176514.5
2017Q4,30,Murcia,4269,397817.7,93187.6
2017Q4,32,Ourense,451,40619.3,90065.0
2017Q4,34,Palencia,329,26557.9,80723.1
2017Q4,35,Las Palmas,3269,417715.0,127780.7
2017Q4,36,Pontevedra,1422,177069.8,124521.7
2017Q4,37,Salamanca,872,99497.9,114103.1
2017Q4,38,Santa Cruz de Tenerife,3030,402454.5,132823.3
2017Q4,39,Cantabria,2055,278212.7,135383.3
2017Q4,40,Segovia,448,45038.8,100533.0
2017Q4,41,Sevilla,4027,478111.7,118726.5
2017Q4,42,Soria,220,18912.2,85964.5
2017Q4,43,Tarragona,2974,298143.1,100249.9
2017Q4,44,Teruel,374,28866.8,77184.0
2017Q4,45,Toledo,2444,204135.3,83525.1
2017Q4,46,Valencia,8019,795339.9,99181.9
2017Q4,47,Valladolid,1299,134761.4,103742.4
2017Q4,48,Bizkaia,2937,563958.2,192018.5
2017Q4,49,Zamora,382,27704.3,72524.3
2017Q4,50,Zaragoza,2656,295660.7,111318.0
2017Q4,51,Ceuta,126,21179.8,168093.7
2017Q4,52,Melilla,120,15748.1,131234.2
2018Q1,00,Spain,129898,18873795.5,145297.0
2018Q1,01,Araba/Álava,726,115039.8,158457.0
2018Q1,02,Albacete,715,66569.8,93104.6
2018Q1,03,Alicante,10589,1296345.2,122423.8
2018Q1,04,Almería,2509,228706.9,91154.6
2018Q1,05,Ávila,440,33167.5,75380.7
2018Q1,06,Badajoz,1145,90842.8,79338.7
2018Q1,07,Illes Balears,4139,954855.3,230697.1
2018Q1,08,Barcelona,13723,2611148.5,190275.3
2018Q1,09,Burgos,919,91473.3,99535.7
2018Q1,10,Cáceres,757,60733.5,80229.2
2018Q1,11,Cádiz,2912,330532.5,113507.0
2018Q1,12,Castellón,2043,171899.1,84140.5
2018Q1,13,Ciudad Real,939,69810.0,74345.0
2018Q1,14,Córdoba,1539,145309.5,94418.1
2018Q1,15,A Coruña,1815,203162.7,111935.4
2018Q1,16,Cuenca,381,27274.0,71585.3
2018Q1,17,Girona,2659,389531.1,146495.3
2018Q1,18,Granada,2605,272656.2,104666.5
2018Q1,19,Guadalajara,806,91676.7,113742.8
2018Q1,20,Gipuzkoa,1700,373537.1,219727.7
2018Q1,21,Huelva,1170,114166.6,97578.3
2018Q1,22,Huesca,705,66861.3,94838.7
2018Q1,23,Jaén,1215,87159.7,71736.4
2018Q1,24,León,852,80540.8,94531.5
2018Q1,25,Lleida,1084,111596.2,102948.5
2018Q1,26,La Rioja,1032,121367.1,117603.8
2018Q1,27,Lugo,653,58948.1,90272.7
2018Q1,29,Málaga,7971,1364628.6,171199.2
2018Q1,30,Murcia,4045,374811.9,92660.5
2018Q1,32,Ourense,431,39231.6,91024.6
2018Q1,34,Palencia,308,31233.2,101406.5
2018Q1,35,Las Palmas,3288,425459.1,129397.5
2018Q1,36,Pontevedra,1358,170696.3,125696.8
2018Q1,37,Salamanca,753,79842.5,106032.5
2018Q1,38,Santa Cruz de Tenerife,3079,422938.7,137362.4
2018Q1,39,Cantabria,1359,172025.5,126582.4
2018Q1,40,Segovia,528,49723.7,94173.7
2018Q1,41,Sevilla,4116,474541.3,115291.9
2018Q1,42,Soria,212,17793.6,83932.1
2018Q1,43,Tarragona,2692,286635.5,106476.8
2018Q1,44,Teruel,307,25334.7,82523.5
2018Q1,45,Toledo,2149,168013.7,78182.3
2018Q1,46,Valencia,7779,806082.5,103622.9
2018Q1,47,Valladolid,1348,139029.5,103137.6
2018Q1,48,Bizkaia,2731,520025.9,190415.9
2018Q1,49,Zamora,356,26365.0,74059.0
2018Q1,50,Zaragoza,2505,282543.4,112791.8
2018Q1,51,Ceuta,122,16704.2,136919.7
2018Q1,52,Melilla,145,19355.9,133489.0
2018Q2,00,Spain,154508,23111676.3,149582.4
2018Q2,01,Araba/Álava,716,118612.7,165660.2
2018Q2,02,Albacete,829,79286.9,95641.6
2018Q2,03,Alicante,11916,1477131.8,123962.1
2018Q2,04,Almería,3163,303671.2,96007.3
2018Q2,05,Ávila,518,40556.1,78293.6
2018Q2,06,Badajoz,1298,106777.0,82262.7
2018Q2,07,Illes Balears,5072,1134899.4,223757.8
2018Q2,08,Barcelona,16517,3284842.3,198876.4
2018Q2,09,Burgos,1224,143621.3,117337.7
2018Q2,10,Cáceres,841,65732.7,78160.2
2018Q2,11,Cádiz,3706,409068.0,110379.9
2018Q2,12,Castellón,2439,206885.3,84823.8
2018Q2,13,Ciudad Real,955,71787.5,75170.2
2018Q2,14,Córdoba,1808,175687.8,97172.5
2018Q2,15,A Coruña,2289,267756.6,116975.4
2018Q2,16,Cuenca,462,35535.5,76916.7
2018Q2,17,Girona,3149,482752.1,153303.3
2018Q2,18,Granada,3111,328628.0,105634.2
2018Q2,19,Guadalajara,1137,126627.9,111370.2
2018Q2,20,Gipuzkoa,1796,397880.3,221536.9
2018Q2,21,Huelva,1852,158484.0,85574.5
2018Q2,22,Huesca,778,76387.2,98184.1
2018Q2,23,Jaén,1394,111007.7,79632.5
2018Q2,24,León,1000,94359.9,94359.9
2018Q2,25,Lleida,1188,125461.5,105607.3
2018Q2,26,La Rioja,1060,107385.4,101307.0
2018Q2,27,Lugo,650,53631.6,82510.2
2018Q2,29,Málaga,9722,1749974.6,180001.5
2018Q2,30,Murcia,4840,460094.2,95060.8
2018Q2,32,Ourense,490,45270.9,92389.6
2018Q2,34,Palencia,366,30916.5,84471.3
2018Q2,35,Las Palmas,3593,494082.6,137512.6
2018Q2,36,Pontevedra,1732,213032.1,122997.7
2018Q2,37,Salamanca,832,87682.7,105387.9
2018Q2,38,Santa Cruz de Tenerife,3334,476072.3,142793.1
2018Q2,39,Cantabria,1856,242973.6,130912.5
2018Q2,40,Segovia,474,48243.1,101778.7
2018Q2,41,Sevilla,4800,575418.6,119878.9
2018Q2,42,Soria,220,20325.4,92388.2
2018Q2,43,Tarragona,3457,385295.9,111453.8
2018Q2,44,Teruel,359,26126.9,72776.9
2018Q2,45,Toledo,2572,215500.7,83787.2
2018Q2,46,Valencia,9038,954436.9,105602.7
2018Q2,47,Valladolid,1586,172838.2,108977.4
2018Q2,48,Bizkaia,3193,640955.9,200737.8
2018Q2,49,Zamora,356,28953.7,81330.6
2018Q2,50,Zaragoza,3052,339901.4,111370.1
2018Q2,51,Ceuta,118,17147.0,145313.6
2018Q2,52,Melilla,160,24546.3,153414.4
2018Q3,00,Spain,126772,19281405.0,152095.1
2018Q3,01,Araba/Álava,611,98723.0,161576.1
2018Q3,02,Albacete,710,63800.1,89859.3
2018Q3,03,Alicante,9620,1232731.1,128142.5
2018Q3,04,Almería,2808,258053.9,91899.5
2018Q3,05,Ávila,524,41847.3,79861.3
2018Q3,06,Badajoz,1184,92319.6,77972.6
2018Q3,07,Illes Balears,3670,883185.6,240650.0
2018Q3,08,Barcelona,13276,2818161.7,212274.9
2018Q3,09,Burgos,1043,113415.9,108740.1
2018Q3,10,Cáceres,842,62414.8,74126.8
2018Q3,11,Cádiz,3184,371666.9,116729.6
2018Q3,12,Castellón,2165,203064.3,93794.1
2018Q3,13,Ciudad Real,895,66892.7,74740.4
2018Q3,14,Córdoba,1458,150479.1,103209.3
2018Q3,15,A Coruña,2005,232918.8,116169.0
2018Q3,16,Cuenca,419,29601.3,70647.5
2018Q3,17,Girona,2660,422704.0,158911.3
2018Q3,18,Granada,2579,269595.9,104535.1
2018Q3,19,Guadalajara,879,99064.4,112701.3
2018Q3,20,Gipuzkoa,1488,332907.8,223728.4
2018Q3,21,Huelva,1375,129569.5,94232.4
2018Q3,22,Huesca,666,67865.0,101899.4
2018Q3,23,Jaén,1228,90766.4,73914.0
2018Q3,24,León,1002,96029.3,95837.6
2018Q3,25,Lleida,1023,102115.2,99819.4
2018Q3,26,La Rioja,1007,129110.4,128212.9
2018Q3,27,Lugo,658,58093.8,88288.4
2018Q3,29,Málaga,7295,1383728.5,189681.8
2018Q3,30,Murcia,4062,384166.9,94575.8
2018Q3,32,Ourense,487,43976.9,90301.6
2018Q3,34,Palencia,290,23774.5,81981.0
2018Q3,35,Las Palmas,2821,408580.2,144835.2
2018Q3,36,Pontevedra,1553,194799.4,125434.3
2018Q3,37,Salamanca,811,88203.1,108758.4
2018Q3,38,Santa Cruz de Tenerife,2778,430540.9,154982.3
2018Q3,39,Cantabria,1729,237665.5,137458.4
2018Q3,40,Segovia,463,46087.8,99541.7
2018Q3,41,Sevilla,4241,497465.2,117299.0
2018Q3,42,Soria,242,22539.7,93139.3
2018Q3,43,Tarragona,2877,325271.6,113059.3
2018Q3,44,Teruel,302,25890.4,85729.8
2018Q3,45,Toledo,2224,196472.2,88341.8
2018Q3,46,Valencia,7475,803492.4,107490.6
2018Q3,47,Valladolid,1261,139491.2,110619.5
2018Q3,48,Bizkaia,2575,532807.4,206915.5
2018Q3,49,Zamora,356,24704.5,69394.7
2018Q3,50,Zaragoza,2319,254394.5,109700.1
2018Q3,51,Ceuta,98,15381.5,156954.1
2018Q3,52,Melilla,136,21218.6,156019.1
2018Q4,00,Spain,147812,22641799.7,153179.7
2018Q4,01,Araba/Álava,843,145794.6,172947.3
2018Q4,02,Albacete,844,76749.7,90935.7
2018Q4,03,Alicante,10920,1371626.6,125606.8
2018Q4,04,Almería,2828,291179.4,102963.0
2018Q4,05,Ávila,579,47015.8,81201.7
2018Q4,06,Badajoz,1483,117616.9,79310.1
2018Q4,07,Illes Balears,4463,1062694.2,238112.1
2018Q4,08,Barcelona,16035,3338570.6,208205.2
2018Q4,09,Burgos,1096,115737.7,105600.1
2018Q4,10,Cáceres,917,71349.1,77807.1
2018Q4,11,Cádiz,3578,423195.2,118277.0
2018Q4,12,Castellón,2291,207041.6,90371.7
2018Q4,13,Ciudad Real,1105,83839.9,75873.2
2018Q4,14,Córdoba,1718,162571.5,94628.3
2018Q4,15,A Coruña,2347,282932.0,120550.5
2018Q4,16,Cuenca,525,37108.4,70682.7
2018Q4,17,Girona,3075,486752.1,158293.4
2018Q4,18,Granada,2835,300741.5,106081.7
2018Q4,19,Guadalajara,1172,134730.3,114957.6
2018Q4,20,Gipuzkoa,2059,457148.6,222024.6
2018Q4,21,Huelva,1651,149304.2,90432.6
2018Q4,22,Huesca,898,99473.5,110772.3
2018Q4,23,Jaén,1263,97125.5,76900.6
2018Q4,24,León,963,82816.6,85998.5
2018Q4,25,Lleida,1160,111616.0,96220.7
2018Q4,26,La Rioja,1256,125981.9,100304.1
2018Q4,27,Lugo,662,52873.4,79869.2
2018Q4,29,Málaga,8562,1643594.3,191963.8
2018Q4,30,Murcia,4758,497199.4,104497.6
2018Q4,32,Ourense,469,43312.7,92351.2
2018Q4,34,Palencia,383,33861.1,88410.2
2018Q4,35,Las Palmas,3068,426683.4,139075.4
2018Q4,36,Pontevedra,1660,217919.7,131276.9
2018Q4,37,Salamanca,998,106906.4,107120.6
2018Q4,38,Santa Cruz de Tenerife,2783,393947.6,141555.0
2018Q4,39,Cantabria,1906,246245.7,129195.0
2018Q4,40,Segovia,542,55843.2,103031.7
2018Q4,41,Sevilla,4654,545228.4,117152.6
2018Q4,42,Soria,295,27466.2,93105.8
2018Q4,43,Tarragona,3379,369144.3,109246.6
2018Q4,44,Teruel,427,39268.4,91963.5
2018Q4,45,Toledo,2837,249186.5,87834.5
2018Q4,46,Valencia,8389,915991.1,109189.5
2018Q4,47,Valladolid,1388,150981.0,108775.9
2018Q4,48,Bizkaia,3319,687090.3,207017.3
2018Q4,49,Zamora,370,28908.1,78130.0
2018Q4,50,Zaragoza,2772,344313.8,124211.3
2018Q4,51,Ceuta,209,32161.6,153883.3
2018Q4,52,Melilla,117,16914.9,144571.8
2019Q1,00,Spain,132304,20113309.7,152023.4
2019Q1,01,Araba/Álava,826,139079.1,168376.6
2019Q1,02,Albacete,872,83357.0,95592.9
2019Q1,03,Alicante,9937,1251988.3,125992.6
2019Q1,04,Almería,2710,274394.8,101252.7
2019Q1,05,Ávila,505,41953.3,83075.8
2019Q1,06,Badajoz,1251,105264.4,84144.2
2019Q1,07,Illes Balears,3778,884607.6,234147.1
2019Q1,08,Barcelona,14376,2972291.8,206753.7
2019Q1,09,Burgos,1133,123928.9,109381.2
2019Q1,10,Cáceres,824,65651.7,79674.4
2019Q1,11,Cádiz,3365,393225.7,116857.6
2019Q1,12,Castellón,2099,200730.0,95631.3
2019Q1,13,Ciudad Real,1005,73251.9,72887.5
2019Q1,14,Córdoba,1675,164668.7,98309.7
2019Q1,15,A Coruña,2050,242691.4,118386.0
2019Q1,16,Cuenca,424,39437.1,93012.0
2019Q1,17,Girona,2924,467409.5,159852.8
2019Q1,18,Granada,2957,327029.0,110594.9
2019Q1,19,Guadalajara,884,95481.7,108011.0
2019Q1,20,Gipuzkoa,1812,417581.4,230453.3
2019Q1,21,Huelva,1446,132380.4,91549.4
2019Q1,22,Huesca,824,76382.0,92696.6
2019Q1,23,Jaén,1351,101795.7,75348.4
2019Q1,24,León,954,86728.4,90910.3
2019Q1,25,Lleida,955,95812.4,100327.1
2019Q1,26,La Rioja,1009,128097.4,126954.8
2019Q1,27,Lugo,687,89958.1,130943.4
2019Q1,29,Málaga,7321,1391300.2,190042.4
2019Q1,30,Murcia,4288,423329.2,98724.2
2019Q1,32,Ourense,456,40741.0,89344.3
2019Q1,34,Palencia,338,32391.0,95831.4
2019Q1,35,Las Palmas,2923,406177.9,138959.3
2019Q1,36,Pontevedra,1443,183207.8,126963.1
2019Q1,37,Salamanca,832,88706.6,106618.5
2019Q1,38,Santa Cruz de Tenerife,2717,384113.6,141374.2
2019Q1,39,Cantabria,1565,210591.4,134563.2
2019Q1,40,Segovia,454,50038.1,110216.1
2019Q1,41,Sevilla,4440,513708.4,115700.1
2019Q1,42,Soria,242,22294.5,92126.0
2019Q1,43,Tarragona,2855,314610.0,110196.1
2019Q1,44,Teruel,367,38795.1,105708.7
2019Q1,45,Toledo,2411,210383.7,87259.9
2019Q1,46,Valencia,7514,809677.7,107755.9
2019Q1,47,Valladolid,1298,143104.5,110250.0
2019Q1,48,Bizkaia,2818,571345.2,202748.5
2019Q1,49,Zamora,333,27633.4,82983.2
2019Q1,50,Zaragoza,2356,257891.6,109461.6
2019Q1,51,Ceuta,142,23802.4,167622.5
2019Q1,52,Melilla,128,19410.6,151645.3
2019Q2,00,Spain,143788,22278709.0,154941.4
2019Q2,01,Araba/Álava,870,147849.3,169941.7
2019Q2,02,Albacete,904,91872.6,101629.0
2019Q2,03,Alicante,11173,1446840.3,129494.3
2019Q2,04,Almería,3075,304574.2,99048.5
2019Q2,05,Ávila,555,43436.2,78263.4
2019Q2,06,Badajoz,1431,116192.1,81196.4
2019Q2,07,Illes Balears,3980,966870.0,242932.2
2019Q2,08,Barcelona,15087,3206185.2,212513.1
2019Q2,09,Burgos,1099,117172.0,106616.9
2019Q2,10,Cáceres,1025,87158.9,85033.1
2019Q2,11,Cádiz,3490,407355.4,116720.7
2019Q2,12,Castellón,2232,188315.8,84370.9
2019Q2,13,Ciudad Real,1217,84868.5,69735.8
2019Q2,14,Córdoba,1940,202478.5,104370.4
2019Q2,15,A Coruña,2313,291374.1,125972.4
2019Q2,16,Cuenca,423,33721.6,79720.1
2019Q2,17,Girona,3153,489993.9,155405.6
2019Q2,18,Granada,3164,344887.7,109003.7
2019Q2,19,Guadalajara,977,106634.9,109145.2
2019Q2,20,Gipuzkoa,2060,478040.5,232058.5
2019Q2,21,Huelva,1578,159144.4,100852.0
2019Q2,22,Huesca,733,84537.7,115331.1
2019Q2,23,Jaén,1432,109144.8,76218.4
2019Q2,24,León,999,88357.4,88445.8
2019Q2,25,Lleida,1257,136721.1,108767.8
2019Q2,26,La Rioja,985,101875.9,103427.3
2019Q2,27,Lugo,673,59136.5,87870.0
2019Q2,29,Málaga,7835,1592046.3,203196.7
2019Q2,30,Murcia,4942,488574.2,98861.6
2019Q2,32,Ourense,522,50894.2,97498.5
2019Q2,34,Palencia,349,31217.3,89447.9
2019Q2,35,Las Palmas,3183,432961.1,136023.0
2019Q2,36,Pontevedra,1718,218045.7,126918.3
2019Q2,37,Salamanca,823,90296.9,109716.8
2019Q2,38,Santa Cruz de Tenerife,2814,390720.1,138848.6
2019Q2,39,Cantabria,1848,230885.1,124937.8
2019Q2,40,Segovia,492,49633.3,100880.7
2019Q2,41,Sevilla,4830,599121.7,124041.8
2019Q2,42,Soria,351,34279.1,97661.3
2019Q2,43,Tarragona,3521,387282.8,109992.3
2019Q2,44,Teruel,359,31261.6,87079.7
2019Q2,45,Toledo,2540,210259.5,82779.3
2019Q2,46,Valencia,8359,959330.0,114766.1
2019Q2,47,Valladolid,1386,158675.8,114484.7
2019Q2,48,Bizkaia,3130,650193.3,207729.5
2019Q2,49,Zamora,375,32081.9,85551.7
2019Q2,50,Zaragoza,2869,359638.7,125353.3
2019Q2,51,Ceuta,167,24226.0,145065.9
2019Q2,52,Melilla,129,19429.1,150613.2
2019Q3,00,Spain,118670,19325444.7,162850.3
2019Q3,01,Araba/Álava,603,104869.4,173912.8
2019Q3,02,Albacete,726,86758.8,119502.5
2019Q3,03,Alicante,8937,1184116.0,132495.9
2019Q3,04,Almería,2597,255830.6,98510.1
2019Q3,05,Ávila,584,44667.0,76484.6
2019Q3,06,Badajoz,993,74820.1,75347.5
2019Q3,07,Illes Balears,3468,973239.3,280634.2
2019Q3,08,Barcelona,13064,2846703.4,217904.4
2019Q3,09,Burgos,845,83353.7,98643.4
2019Q3,10,Cáceres,818,59790.7,73093.8
2019Q3,11,Cádiz,3043,348640.2,114571.2
2019Q3,12,Castellón,1945,170366.0,87591.8
2019Q3,13,Ciudad Real,930,68549.0,73708.6
2019Q3,14,Córdoba,1506,165269.1,109740.4
2019Q3,15,A Coruña,1981,240765.1,121537.2
2019Q3,16,Cuenca,404,27253.2,67458.4
2019Q3,17,Girona,2733,426650.9,156110.8
2019Q3,18,Granada,2454,278235.9,113380.6
2019Q3,19,Guadalajara,864,121689.2,140844.0
2019Q3,20,Gipuzkoa,1706,415488.2,243545.3
2019Q3,21,Huelva,1238,128597.3,103875.0
2019Q3,22,Huesca,606,65011.5,107279.7
2019Q3,23,Jaén,1137,93791.0,82489.9
2019Q3,24,León,920,83290.5,90533.2
2019Q3,25,Lleida,969,101849.2,105107.5
2019Q3,26,La Rioja,874,97791.6,111889.7
2019Q3,27,Lugo,666,54338.2,81588.9
2019Q3,29,Málaga,6682,1567954.8,234653.5
2019Q3,30,Murcia,4168,419101.2,100552.1
2019Q3,32,Ourense,466,43655.3,93680.9
2019Q3,34,Palencia,350,42005.1,120014.6
2019Q3,35,Las Palmas,2632,405331.6,154001.4
2019Q3,36,Pontevedra,1419,184381.5,129937.6
2019Q3,37,Salamanca,801,93831.4,117142.8
2019Q3,38,Santa Cruz de Tenerife,2414,326886.5,135412.8
2019Q3,39,Cantabria,1623,212033.3,130642.8
2019Q3,40,Segovia,402,44255.0,110087.1
2019Q3,41,Sevilla,3929,539690.6,137360.8
2019Q3,42,Soria,252,24195.1,96012.3
2019Q3,43,Tarragona,2743,316489.5,115380.8
2019Q3,44,Teruel,332,27083.0,81575.3
2019Q3,45,Toledo,2008,174002.6,86654.7
2019Q3,46,Valencia,6434,742995.5,115479.6
2019Q3,47,Valladolid,1160,136388.8,117576.6
2019Q3,48,Bizkaia,2264,483801.6,213693.3
2019Q3,49,Zamora,304,20318.5,66837.2
2019Q3,50,Zaragoza,2333,296224.0,126971.3
2019Q3,51,Ceuta,130,22551.7,173474.6
2019Q3,52,Melilla,119,16989.3,142767.2
2019Q4,00,Spain,151830,24632580.1,162237.9
2019Q4,01,Araba/Álava,806,140747.3,174624.4
2019Q4,02,Albacete,902,81638.5,90508.3
2019Q4,03,Alicante,11219,1533147.1,136656.3
2019Q4,04,Almería,3218,345688.7,107423.5
2019Q4,05,Ávila,551,42245.1,76669.9
2019Q4,06,Badajoz,1553,127587.8,82155.7
2019Q4,07,Illes Balears,4355,1323278.2,303852.6
2019Q4,08,Barcelona,15841,3438926.3,217090.2
2019Q4,09,Burgos,1116,122505.6,109772.0
2019Q4,10,Cáceres,1026,119063.1,116045.9
2019Q4,11,Cádiz,3621,410175.8,113276.9
2019Q4,12,Castellón,2427,212438.0,87531.1
2019Q4,13,Ciudad Real,1262,92792.4,73528.1
2019Q4,14,Córdoba,1734,166675.4,96121.9
2019Q4,15,A Coruña,2433,298974.5,122883.1
2019Q4,16,Cuenca,557,40052.7,71907.9
2019Q4,17,Girona,3310,593220.1,179220.6
2019Q4,18,Granada,3098,351714.8,113529.6
2019Q4,19,Guadalajara,1270,153684.5,121011.4
2019Q4,20,Gipuzkoa,2128,532010.5,250004.9
2019Q4,21,Huelva,1542,142544.3,92441.2
2019Q4,22,Huesca,806,78138.4,96945.9
2019Q4,23,Jaén,1442,111453.6,77291.0
2019Q4,24,León,1130,110800.3,98053.4
2019Q4,25,Lleida,1349,127681.7,94649.1
2019Q4,26,La Rioja,1145,150399.5,131353.3
2019Q4,27,Lugo,728,59270.0,81414.8
2019Q4,29,Málaga,8130,1751883.7,215483.8
2019Q4,30,Murcia,5362,532539.7,99317.4
2019Q4,32,Ourense,559,56580.6,101217.5
2019Q4,34,Palencia,341,31471.1,92290.6
2019Q4,35,Las Palmas,3717,487884.3,131257.5
2019Q4,36,Pontevedra,1861,295381.1,158721.7
2019Q4,37,Salamanca,851,86173.7,101261.7
2019Q4,38,Santa Cruz de Tenerife,3285,490324.3,149261.6
2019Q4,39,Cantabria,1974,258734.5,131071.2
2019Q4,40,Segovia,492,50329.1,102294.9
2019Q4,41,Sevilla,5489,707797.2,128948.3
2019Q4,42,Soria,285,28931.8,101515.1
2019Q4,43,Tarragona,3453,386119.0,111821.3
2019Q4,44,Teruel,462,39406.4,85295.2
2019Q4,45,Toledo,2595,232318.1,89525.3
2019Q4,46,Valencia,8364,933006.0,111550.2
2019Q4,47,Valladolid,1411,177713.4,125948.5
2019Q4,48,Bizkaia,3254,683790.1,210138.3
2019Q4,49,Zamora,409,30655.8,74953.1
2019Q4,50,Zaragoza,2949,381133.2,129241.5
2019Q4,51,Ceuta,195,32099.8,164614.4
2019Q4,52,Melilla,137,20056.3,146396.4
2020Q1,00,Spain,111450,18052229.0,161976.0
2020Q1,01,Araba/Álava,709,122972.6,173445.1
2020Q1,02,Albacete,588,60355.5,102645.4
2020Q1,03,Alicante,8456,1125213.5,133066.9
2020Q1,04,Almería,2242,210061.0,93693.6
2020Q1,05,Ávila,428,30589.9,71471.7
2020Q1,06,Badajoz,1195,101331.2,84796.0
2020Q1,07,Illes Balears,3108,897576.0,288795.4
2020Q1,08,Barcelona,11716,2554237.7,218012.8
2020Q1,09,Burgos,851,93297.0,109632.2
2020Q1,10,Cáceres,673,48269.8,71723.3
2020Q1,11,Cádiz,2909,353866.1,121645.3
2020Q1,12,Castellón,1901,174712.0,91905.3
2020Q1,13,Ciudad Real,890,61441.5,69035.4
2020Q1,14,Córdoba,1397,149748.2,107192.7
2020Q1,15,A Coruña,1891,229770.7,121507.5
2020Q1,16,Cuenca,327,24499.2,74921.1
2020Q1,17,Girona,2383,418504.0,175620.6
2020Q1,18,Granada,2285,262811.3,115015.9
2020Q1,19,Guadalajara,890,110798.1,124492.2
2020Q1,20,Gipuzkoa,1428,350869.4,245706.9
2020Q1,21,Huelva,1116,108654.1,97360.3
2020Q1,22,Huesca,515,48548.0,94268.0
2020Q1,23,Jaén,1110,86490.3,77919.2
2020Q1,24,León,808,75803.2,93815.8
2020Q1,25,Lleida,885,88087.6,99534.0
2020Q1,26,La Rioja,827,89940.8,108755.5
2020Q1,27,Lugo,509,42488.8,83475.0
2020Q1,29,Málaga,6295,1348982.5,214294.3
2020Q1,30,Murcia,3663,361199.3,98607.5
2020Q1,32,Ourense,450,43127.7,95839.3
2020Q1,34,Palencia,272,26160.6,96178.7
2020Q1,35,Las Palmas,2422,357135.4,147454.7
2020Q1,36,Pontevedra,1458,189500.0,129972.6
2020Q1,37,Salamanca,692,76495.8,110543.1
2020Q1,38,Santa Cruz de Tenerife,2331,355532.6,152523.6
2020Q1,39,Cantabria,1486,196775.3,132419.4
2020Q1,40,Segovia,357,35894.7,100545.4
2020Q1,41,Sevilla,3894,508445.8,130571.6
2020Q1,42,Soria,187,15555.3,83183.4
2020Q1,43,Tarragona,2361,274043.9,116071.1
2020Q1,44,Teruel,293,30391.4,103724.9
2020Q1,45,Toledo,1768,154236.0,87237.6
2020Q1,46,Valencia,6305,732903.4,116241.6
2020Q1,47,Valladolid,1205,159486.9,132354.3
2020Q1,48,Bizkaia,2617,530211.5,202602.8
2020Q1,49,Zamora,272,21692.0,79750.0
2020Q1,50,Zaragoza,2021,267627.0,132423.1
2020Q1,51,Ceuta,135,19389.9,143628.9
2020Q1,52,Melilla,110,16471.8,149743.6
2020Q2,00,Spain,75155,12911927.0,171804.0
2020Q2,01,Araba/Álava,469,85348.9,181980.6
2020Q2,02,Albacete,489,54160.3,110757.3
2020Q2,03,Alicante,4386,584039.6,133160.0
2020Q2,04,Almería,1559,151877.5,97419.8
2020Q2,05,Ávila,232,30432.6,131175.0
2020Q2,06,Badajoz,859,74796.0,87073.3
2020Q2,07,Illes Balears,1763,567421.6,321850.0
2020Q2,08,Barcelona,8827,2064848.2,233924.1
2020Q2,09,Burgos,574,63026.9,109803.0
2020Q2,10,Cáceres,511,48787.5,95474.6
2020Q2,11,Cádiz,1988,269875.4,135752.2
2020Q2,12,Castellón,995,93900.2,94372.1
2020Q2,13,Ciudad Real,542,41067.9,75771.0
2020Q2,14,Córdoba,1074,128654.4,119789.9
2020Q2,15,A Coruña,1199,155747.7,129898.0
2020Q2,16,Cuenca,206,14032.5,68118.9
2020Q2,17,Girona,1477,270709.8,183283.5
2020Q2,18,Granada,1721,200125.5,116284.4
2020Q2,19,Guadalajara,507,60078.1,118497.2
2020Q2,20,Gipuzkoa,1246,314445.0,252363.6
2020Q2,21,Huelva,842,80930.0,96116.4
2020Q2,22,Huesca,415,49727.3,119824.8
2020Q2,23,Jaén,873,72589.5,83149.5
2020Q2,24,León,541,50507.9,93360.3
2020Q2,25,Lleida,635,74411.2,117183.0
2020Q2,26,La Rioja,626,81352.6,129956.2
2020Q2,27,Lugo,362,36197.9,99994.2
2020Q2,29,Málaga,3694,854018.7,231190.8
2020Q2,30,Murcia,2678,273749.9,102221.8
2020Q2,32,Ourense,256,24662.1,96336.3
2020Q2,34,Palencia,183,17132.2,93618.6
2020Q2,35,Las Palmas,1290,193024.9,149631.7
2020Q2,36,Pontevedra,945,128882.6,136383.7
2020Q2,37,Salamanca,430,56217.2,130737.7
2020Q2,38,Santa Cruz de Tenerife,1024,164510.7,160655.0
2020Q2,39,Cantabria,1048,145033.5,138390.7
2020Q2,40,Segovia,246,28526.6,115961.8
2020Q2,41,Sevilla,2835,388593.8,137070.1
2020Q2,42,Soria,96,9617.3,100180.2
2020Q2,43,Tarragona,1690,202050.9,119556.7
2020Q2,44,Teruel,218,23177.5,106318.8
2020Q2,45,Toledo,1195,121525.6,101695.1
2020Q2,46,Valencia,4215,507721.5,120455.9
2020Q2,47,Valladolid,722,94740.0,131218.8
2020Q2,48,Bizkaia,2095,464398.1,221669.7
2020Q2,49,Zamora,191,15832.7,82893.7
2020Q2,50,Zaragoza,1551,210897.1,135974.9
2020Q2,51,Ceuta,109,19766.3,181342.2
2020Q2,52,Melilla,62,9469.0,152725.8
2020Q3,00,Spain,127346,20774212.7,163132.0
2020Q3,01,Araba/Álava,684,126276.3,184614.5
2020Q3,02,Albacete,849,85421.6,100614.4
2020Q3,03,Alicante,9117,1298239.5,142397.7
2020Q3,04,Almería,2820,275477.8,97687.2
2020Q3,05,Ávila,628,46287.9,73706.8
2020Q3,06,Badajoz,1514,127409.7,84154.4
2020Q3,07,Illes Balears,3022,957221.1,316750.9
2020Q3,08,Barcelona,11608,2694481.1,232122.8
2020Q3,09,Burgos,1213,138593.3,114256.6
2020Q3,10,Cáceres,959,116707.9,121697.5
2020Q3,11,Cádiz,3106,415767.1,133859.3
2020Q3,12,Castellón,2052,194222.6,94650.4
2020Q3,13,Ciudad Real,1209,88189.7,72944.3
2020Q3,14,Córdoba,1907,225484.5,118240.4
2020Q3,15,A Coruña,2423,287879.0,118811.0
2020Q3,16,Cuenca,523,36368.3,69537.9
2020Q3,17,Girona,2851,506870.6,177787.0
2020Q3,18,Granada,2755,301738.8,109524.1
2020Q3,19,Guadalajara,1057,131564.3,124469.5
2020Q3,20,Gipuzkoa,1620,438788.3,270857.0
2020Q3,21,Huelva,1540,157526.4,102289.9
2020Q3,22,Huesca,822,94747.1,115264.1
2020Q3,23,Jaén,1326,103973.8,78411.6
2020Q3,24,León,1152,110972.9,96330.6
2020Q3,25,Lleida,1077,110754.6,102836.2
2020Q3,26,La Rioja,937,89557.5,95579.0
2020Q3,27,Lugo,875,76302.7,87203.1
2020Q3,29,Málaga,6602,1546786.6,234290.6
2020Q3,30,Murcia,4667,455235.7,97543.5
2020Q3,32,Ourense,680,59375.6,87317.1
2020Q3,34,Palencia,451,36040.0,79911.3
2020Q3,35,Las Palmas,2391,351869.0,147163.9
2020Q3,36,Pontevedra,1747,229308.6,131258.5
2020Q3,37,Salamanca,907,91773.3,101183.4
2020Q3,38,Santa Cruz de Tenerife,2157,323702.1,150070.5
2020Q3,39,Cantabria,1967,262244.8,133322.2
2020Q3,40,Segovia,572,59293.1,103659.3
2020Q3,41,Sevilla,4307,536591.3,124585.9
2020Q3,42,Soria,340,33060.4,97236.5
2020Q3,43,Tarragona,3062,376026.5,122804.2
2020Q3,44,Teruel,430,33075.5,76919.8
2020Q3,45,Toledo,2409,227108.7,94275.1
2020Q3,46,Valencia,7251,864215.4,119185.7
2020Q3,47,Valladolid,1374,174970.9,127344.2
2020Q3,48,Bizkaia,2472,554040.9,224126.6
2020Q3,49,Zamora,493,33659.5,68274.8
2020Q3,50,Zaragoza,2374,315898.1,133065.8
2020Q3,51,Ceuta,168,28866.7,171825.6
2020Q3,52,Melilla,143,22861.1,159867.8
2020Q4,00,Spain,153888,25819181.4,167779.0
2020Q4,01,Araba/Álava,851,160048.6,188071.2
2020Q4,02,Albacete,985,94447.7,95886.0
2020Q4,03,Alicante,9956,1408208.4,141443.2
2020Q4,04,Almería,3160,306192.0,96896.2
2020Q4,05,Ávila,643,55651.6,86549.9
2020Q4,06,Badajoz,1787,145458.4,81398.1
2020Q4,07,Illes Balears,3567,1218740.6,341671.0
2020Q4,08,Barcelona,15661,3499308.9,223441.0
2020Q4,09,Burgos,1421,159820.7,112470.6
2020Q4,10,Cáceres,1017,80305.6,78963.2
2020Q4,11,Cádiz,3817,530946.3,139100.4
2020Q4,12,Castellón,2690,263455.6,97938.9
2020Q4,13,Ciudad Real,1373,101058.9,73604.4
2020Q4,14,Córdoba,2095,232338.5,110901.4
2020Q4,15,A Coruña,2907,389485.5,133981.9
2020Q4,16,Cuenca,611,43067.0,70486.1
2020Q4,17,Girona,3470,634175.5,182759.5
2020Q4,18,Granada,2945,321455.9,109153.1
2020Q4,19,Guadalajara,1390,174050.7,125216.3
2020Q4,20,Gipuzkoa,2195,561983.7,256029.0
2020Q4,21,Huelva,1795,185322.8,103243.9
2020Q4,22,Huesca,952,115339.2,121154.6
2020Q4,23,Jaén,1559,125653.8,80599.0
2020Q4,24,León,1227,116120.4,94637.7
2020Q4,25,Lleida,1653,182624.2,110480.5
2020Q4,26,La Rioja,1225,141977.0,115899.6
2020Q4,27,Lugo,887,92627.6,104428.0
2020Q4,29,Málaga,7992,1854123.9,231997.5
2020Q4,30,Murcia,5373,522227.6,97194.8
2020Q4,32,Ourense,617,57001.0,92384.1
2020Q4,34,Palencia,448,40026.0,89343.8
2020Q4,35,Las Palmas,2741,442907.9,161586.2
2020Q4,36,Pontevedra,1931,273277.2,141521.1
2020Q4,37,Salamanca,964,102342.2,106164.1
2020Q4,38,Santa Cruz de Tenerife,2384,369665.1,155060.9
2020Q4,39,Cantabria,2230,324253.6,145405.2
2020Q4,40,Segovia,709,74185.1,104633.4
2020Q4,41,Sevilla,5303,703447.2,132650.8
2020Q4,42,Soria,360,37232.9,103424.7
2020Q4,43,Tarragona,3756,466778.9,124275.5
2020Q4,44,Teruel,433,37231.6,85985.2
2020Q4,45,Toledo,2719,249938.3,91922.9
2020Q4,46,Valencia,8993,1112974.9,123760.1
2020Q4,47,Valladolid,1512,186376.6,123264.9
2020Q4,48,Bizkaia,3080,668869.8,217165.5
2020Q4,49,Zamora,445,34229.0,76919.1
2020Q4,50,Zaragoza,3286,453620.6,138046.4
2020Q4,51,Ceuta,195,32210.1,165180.0
2020Q4,52,Melilla,218,34238.8,157058.7
2021Q1,00,Spain,136361,23262061.8,170591.8
2021Q1,01,Araba/Álava,850,161900.8,190471.5
2021Q1,02,Albacete,925,93230.0,100789.2
2021Q1,03,Alicante,8196,1150096.2,140324.1
2021Q1,04,Almería,2701,264571.6,97953.2
2021Q1,05,Ávila,524,42350.4,80821.4
2021Q1,06,Badajoz,1619,159941.6,98790.4
2021Q1,07,Illes Balears,3159,1021490.5,323358.8
2021Q1,08,Barcelona,14746,3372554.6,228709.8
2021Q1,09,Burgos,1210,131601.4,108761.5
2021Q1,10,Cáceres,983,165716.3,168582.2
2021Q1,11,Cádiz,3420,474736.8,138811.9
2021Q1,12,Castellón,2283,216470.4,94818.4
2021Q1,13,Ciudad Real,1152,84577.2,73417.7
2021Q1,14,Córdoba,1892,204247.2,107953.1
2021Q1,15,A Coruña,2138,275992.1,129088.9
2021Q1,16,Cuenca,437,35377.4,80955.1
2021Q1,17,Girona,2841,531701.8,187153.0
2021Q1,18,Granada,2867,316189.1,110285.7
2021Q1,19,Guadalajara,996,115494.0,115957.8
2021Q1,20,Gipuzkoa,1959,492089.2,251194.1
2021Q1,21,Huelva,1629,176619.5,108422.0
2021Q1,22,Huesca,604,65463.3,108382.9
2021Q1,23,Jaén,1425,114726.5,80509.8
2021Q1,24,León,1051,94038.1,89474.9
2021Q1,25,Lleida,1274,144290.2,113257.6
2021Q1,26,La Rioja,954,97719.9,102431.8
2021Q1,27,Lugo,789,79511.2,100774.7
2021Q1,29,Málaga,6894,1652763.7,239739.4
2021Q1,30,Murcia,4731,478624.0,101167.6
2021Q1,32,Ourense,481,44920.4,93389.6
2021Q1,34,Palencia,410,39218.2,95654.1
2021Q1,35,Las Palmas,2761,447073.7,161924.6
2021Q1,36,Pontevedra,1655,224612.6,135717.6
2021Q1,37,Salamanca,838,87045.7,103873.2
2021Q1,38,Santa Cruz de Tenerife,2335,361403.5,154776.7
2021Q1,39,Cantabria,1738,245291.3,141134.2
2021Q1,40,Segovia,475,53757.7,113174.1
2021Q1,41,Sevilla,5013,675942.4,134837.9
2021Q1,42,Soria,209,18841.0,90148.3
2021Q1,43,Tarragona,3380,426667.8,126233.1
2021Q1,44,Teruel,358,29247.2,81696.1
2021Q1,45,Toledo,2269,195284.9,86066.5
2021Q1,46,Valencia,8323,1005477.4,120807.1
2021Q1,47,Valladolid,1460,176049.3,120581.7
2021Q1,48,Bizkaia,3231,692297.5,214267.3
2021Q1,49,Zamora,444,32778.8,73826.1
2021Q1,50,Zaragoza,2712,375484.4,138452.9
2021Q1,51,Ceuta,154,24030.1,156039.6
2021Q1,52,Melilla,180,29453.3,163629.4
2021Q2,00,Spain,172050,29980729.2,174255.9
2021Q2,01,Araba/Álava,831,164576.2,198046.0
2021Q2,02,Albacete,1045,110915.1,106138.9
2021Q2,03,Alicante,11169,1617635.5,144832.6
2021Q2,04,Almería,3876,396992.0,102423.1
2021Q2,05,Ávila,724,59484.5,82160.9
2021Q2,06,Badajoz,1743,145858.3,83682.3
2021Q2,07,Illes Balears,4457,1623743.0,364313.0
2021Q2,08,Barcelona,17788,4190485.8,235579.4
2021Q2,09,Burgos,1537,160540.9,104450.8
2021Q2,10,Cáceres,1106,92854.4,83955.2
2021Q2,11,Cádiz,4846,780800.3,161122.6
2021Q2,12,Castellón,3187,320713.1,100631.7
2021Q2,13,Ciudad Real,1448,112444.0,77654.7
2021Q2,14,Córdoba,2356,268686.5,114043.5
2021Q2,15,A Coruña,2683,334608.4,124714.3
2021Q2,16,Cuenca,642,52426.9,81661.8
2021Q2,17,Girona,3624,708288.3,195443.8
2021Q2,18,Granada,3635,403674.2,111052.0
2021Q2,19,Guadalajara,1369,177229.5,129459.1
2021Q2,20,Gipuzkoa,2012,501331.9,249170.9
2021Q2,21,Huelva,2240,233581.1,104277.3
2021Q2,22,Huesca,879,95894.9,109095.4
2021Q2,23,Jaén,1718,139108.3,80971.1
2021Q2,24,León,1335,124812.7,93492.7
2021Q2,25,Lleida,1416,161155.3,113810.2
2021Q2,26,La Rioja,1248,144259.7,115592.7
2021Q2,27,Lugo,910,84858.4,93251.0
2021Q2,29,Málaga,9212,2287589.7,248327.1
2021Q2,30,Murcia,6267,616544.1,98379.5
2021Q2,32,Ourense,627,57325.8,91428.7
2021Q2,34,Palencia,448,40174.5,89675.2
2021Q2,35,Las Palmas,3143,496853.1,158082.4
2021Q2,36,Pontevedra,2115,293218.4,138637.5
2021Q2,37,Salamanca,1036,116948.7,112884.8
2021Q2,38,Santa Cruz de Tenerife,2848,467915.3,164296.1
2021Q2,39,Cantabria,2385,337600.2,141551.4
2021Q2,40,Segovia,602,67792.8,112612.6
2021Q2,41,Sevilla,6291,856326.7,136119.3
2021Q2,42,Soria,293,24463.8,83494.2
2021Q2,43,Tarragona,4260,542454.6,127336.8
2021Q2,44,Teruel,460,39248.4,85322.6
2021Q2,45,Toledo,3226,302120.7,93651.8
2021Q2,46,Valencia,10470,1315027.2,125599.5
2021Q2,47,Valladolid,1707,239584.9,140354.4
2021Q2,48,Bizkaia,3471,762749.9,219749.3
2021Q2,49,Zamora,455,38115.5,83770.3
2021Q2,50,Zaragoza,3216,389378.8,121075.5
2021Q2,51,Ceuta,167,26188.1,156815.0
2021Q2,52,Melilla,165,26050.6,157882.4
2021Q3,00,Spain,156229,28016086.4,179327.1
2021Q3,01,Araba/Álava,706,127288.3,180295.0
2021Q3,02,Albacete,863,84982.2,98473.0
2021Q3,03,Alicante,11591,1747184.7,150736.3
2021Q3,04,Almería,3687,420121.1,113946.6
2021Q3,05,Ávila,713,55783.4,78237.6
2021Q3,06,Badajoz,1569,134581.9,85775.6
2021Q3,07,Illes Balears,4430,1794713.5,405127.2
2021Q3,08,Barcelona,15414,3642113.7,236286.1
2021Q3,09,Burgos,1304,142825.9,109529.1
2021Q3,10,Cáceres,1078,81811.7,75892.1
2021Q3,11,Cádiz,4106,606774.7,147777.6
2021Q3,12,Castellón,2956,284246.5,96159.2
2021Q3,13,Ciudad Real,1198,105994.6,88476.3
2021Q3,14,Córdoba,1998,211155.8,105683.6
2021Q3,15,A Coruña,2779,342655.7,123301.8
2021Q3,16,Cuenca,593,44874.1,75673.0
2021Q3,17,Girona,3706,754410.1,203564.5
2021Q3,18,Granada,3330,381748.3,114639.1
2021Q3,19,Guadalajara,1151,149142.9,129576.8
2021Q3,20,Gipuzkoa,1715,454927.6,265263.9
2021Q3,21,Huelva,2026,224160.5,110641.9
2021Q3,22,Huesca,837,105149.4,125626.5
2021Q3,23,Jaén,1467,120852.3,82380.6
2021Q3,24,León,1337,139541.5,104369.1
2021Q3,25,Lleida,1411,162187.6,114945.1
2021Q3,26,La Rioja,1230,143578.4,116730.4
2021Q3,27,Lugo,963,86015.0,89319.8
2021Q3,29,Málaga,9077,2576532.0,283852.8
2021Q3,30,Murcia,5214,540388.8,103641.9
2021Q3,32,Ourense,637,58374.0,91638.9
2021Q3,34,Palencia,449,38473.3,85686.6
2021Q3,35,Las Palmas,3086,515691.3,167106.7
2021Q3,36,Pontevedra,2012,309004.4,153580.7
2021Q3,37,Salamanca,1038,112218.2,108110.0
2021Q3,38,Santa Cruz de Tenerife,2798,465337.4,166310.7
2021Q3,39,Cantabria,2633,384090.5,145875.6
2021Q3,40,Segovia,621,69754.9,112326.7
2021Q3,41,Sevilla,5398,736867.2,136507.4
2021Q3,42,Soria,337,32443.7,96272.1
2021Q3,43,Tarragona,4013,507300.2,126414.2
2021Q3,44,Teruel,491,36639.1,74621.4
2021Q3,45,Toledo,2743,259582.1,94634.4
2021Q3,46,Valencia,8869,1139438.8,128474.3
2021Q3,47,Valladolid,1557,230875.4,148282.2
2021Q3,48,Bizkaia,2739,633686.9,231357.0
2021Q3,49,Zamora,543,40158.3,73956.4
2021Q3,50,Zaragoza,2699,370376.5,137227.3
2021Q3,51,Ceuta,190,36154.7,190287.9
2021Q3,52,Melilla,160,27773.8,173586.2
2021Q4,00,Spain,186273,33398750.8,179300.0
2021Q4,01,Araba/Álava,852,163233.8,191589.0
2021Q4,02,Albacete,1164,119839.9,102955.2
2021Q4,03,Alicante,13895,2073181.8,149203.4
2021Q4,04,Almería,3970,447801.4,112796.3
2021Q4,05,Ávila,813,65289.3,80306.6
2021Q4,06,Badajoz,2034,176573.8,86811.1
2021Q4,07,Illes Balears,5444,2158462.9,396484.7
2021Q4,08,Barcelona,18153,4332357.3,238657.9
2021Q4,09,Burgos,1518,171179.5,112766.5
2021Q4,10,Cáceres,1229,99066.0,80607.0
2021Q4,11,Cádiz,4857,758002.7,156064.0
2021Q4,12,Castellón,3251,306132.1,94165.5
2021Q4,13,Ciudad Real,1485,108916.3,73344.3
2021Q4,14,Córdoba,2363,249250.8,105480.7
2021Q4,15,A Coruña,2994,380701.9,127154.9
2021Q4,16,Cuenca,722,51731.1,71649.7
2021Q4,17,Girona,4221,873143.1,206856.9
2021Q4,18,Granada,4280,512274.9,119690.4
2021Q4,19,Guadalajara,1681,194837.7,115905.8
2021Q4,20,Gipuzkoa,2157,539556.3,250142.0
2021Q4,21,Huelva,2261,242224.7,107131.7
2021Q4,22,Huesca,1046,121248.4,115916.3
2021Q4,23,Jaén,1742,142572.5,81844.1
2021Q4,24,León,1427,216880.6,151983.6
2021Q4,25,Lleida,1675,207459.1,123856.2
2021Q4,26,La Rioja,1486,172400.1,116016.2
2021Q4,27,Lugo,1033,88747.8,85912.7
2021Q4,29,Málaga,11805,3229677.4,273585.5
2021Q4,30,Murcia,6714,695480.0,103586.5
2021Q4,32,Ourense,682,60488.2,88692.4
2021Q4,34,Palencia,498,49735.0,99869.5
2021Q4,35,Las Palmas,3614,585885.2,162115.4
2021Q4,36,Pontevedra,2203,306638.6,139191.4
2021Q4,37,Salamanca,1211,166034.2,137105.0
2021Q4,38,Santa Cruz de Tenerife,3463,556152.7,160598.5
2021Q4,39,Cantabria,2615,386422.2,147771.4
2021Q4,40,Segovia,728,77047.1,105833.9
2021Q4,41,Sevilla,6539,922721.8,141110.5
2021Q4,42,Soria,404,36124.7,89417.6
2021Q4,43,Tarragona,4446,600210.1,135000.0
2021Q4,44,Teruel,564,40881.1,72484.2
2021Q4,45,Toledo,3448,312532.9,90641.8
2021Q4,46,Valencia,10460,1373677.6,131326.7
2021Q4,47,Valladolid,1840,239454.4,130138.3
2021Q4,48,Bizkaia,3659,796899.5,217791.6
2021Q4,49,Zamora,529,39342.5,74371.5
2021Q4,50,Zaragoza,3258,421804.0,129467.2
2021Q4,51,Ceuta,144,23494.4,163155.6
2021Q4,52,Melilla,176,29520.8,167731.8
2022Q1,00,Spain,169257,31100619.9,183747.9
2022Q1,01,Araba/Álava,948,179733.2,189592.0
2022Q1,02,Albacete,1069,109114.2,102071.3
2022Q1,03,Alicante,12984,1988261.2,153131.6
2022Q1,04,Almería,3517,356799.2,101449.9
2022Q1,05,Ávila,716,56157.9,78432.8
2022Q1,06,Badajoz,1635,135148.5,82659.6
2022Q1,07,Illes Balears,4748,1946626.5,409988.7
2022Q1,08,Barcelona,16896,4095409.2,242389.3
2022Q1,09,Burgos,1419,162762.7,114702.4
2022Q1,10,Cáceres,1371,96527.6,70406.7
2022Q1,11,Cádiz,4119,641382.7,155713.2
2022Q1,12,Castellón,2550,244920.3,96047.2
2022Q1,13,Ciudad Real,1395,99209.5,71117.9
2022Q1,14,Córdoba,2197,245616.6,111796.4
2022Q1,15,A Coruña,2658,349450.9,131471.4
2022Q1,16,Cuenca,557,42569.7,76426.8
2022Q1,17,Girona,3752,793885.4,211589.9
2022Q1,18,Granada,3591,442814.6,123312.3
2022Q1,19,Guadalajara,1106,138166.6,124924.6
2022Q1,20,Gipuzkoa,1882,505120.1,268395.4
2022Q1,21,Huelva,1922,204387.5,106341.1
2022Q1,22,Huesca,883,96586.0,109383.9
2022Q1,23,Jaén,1789,145737.2,81462.9
2022Q1,24,León,1298,124422.6,95857.2
2022Q1,25,Lleida,1426,171401.1,120197.1
2022Q1,26,La Rioja,1241,137135.0,110503.6
2022Q1,27,Lugo,820,77215.7,94165.5
2022Q1,29,Málaga,10265,2775365.0,270371.7
2022Q1,30,Murcia,5972,630861.3,105636.5
2022Q1,32,Ourense,581,54622.9,94015.3
2022Q1,34,Palencia,424,38342.5,90430.4
2022Q1,35,Las Palmas,4238,674748.9,159214.0
2022Q1,36,Pontevedra,1903,272260.4,143069.0
2022Q1,37,Salamanca,1059,128213.6,121070.4
2022Q1,38,Santa Cruz de Tenerife,3340,600325.2,179738.1
2022Q1,39,Cantabria,2143,326196.6,152214.9
2022Q1,40,Segovia,609,68800.1,112972.2
2022Q1,41,Sevilla,5772,783397.1,135723.7
2022Q1,42,Soria,407,46688.9,114714.7
2022Q1,43,Tarragona,3876,517663.5,133556.1
2022Q1,44,Teruel,435,41110.7,94507.4
2022Q1,45,Toledo,3203,296408.0,92540.7
2022Q1,46,Valencia,9291,1201340.3,129301.5
2022Q1,47,Valladolid,1617,222867.7,137827.9
2022Q1,48,Bizkaia,3471,798684.9,230102.2
2022Q1,49,Zamora,471,36290.6,77050.1
2022Q1,50,Zaragoza,2949,387896.8,131535.0
2022Q1,51,Ceuta,174,31970.1,183736.2
2022Q1,52,Melilla,184,31217.1,169658.2
2022Q2,00,Spain,193045,35559698.3,184204.2
2022Q2,01,Araba/Álava,950,190687.3,200723.5
2022Q2,02,Albacete,1258,119869.7,95285.9
2022Q2,03,Alicante,15771,2408366.9,152708.6
2022Q2,04,Almería,4259,484400.3,113735.7
2022Q2,05,Ávila,784,66681.7,85053.2
2022Q2,06,Badajoz,1898,166742.4,87851.6
2022Q2,07,Illes Balears,5310,2116566.3,398600.1
2022Q2,08,Barcelona,19832,4692152.5,236595.0
2022Q2,09,Burgos,1603,195934.0,122229.6
2022Q2,10,Cáceres,1214,101951.4,83979.7
2022Q2,11,Cádiz,4753,748279.9,157433.2
2022Q2,12,Castellón,3175,317591.3,100028.8
2022Q2,13,Ciudad Real,1556,119570.1,76844.5
2022Q2,14,Córdoba,2332,240282.9,103037.3
2022Q2,15,A Coruña,3054,391065.5,128050.3
2022Q2,16,Cuenca,624,48322.5,77439.9
2022Q2,17,Girona,4405,896090.4,203425.7
2022Q2,18,Granada,4321,532117.1,123146.7
2022Q2,19,Guadalajara,1357,170529.2,125666.3
2022Q2,20,Gipuzkoa,2308,593318.7,257070.5
2022Q2,21,Huelva,2247,258814.3,115182.2
2022Q2,22,Huesca,990,118148.9,119342.3
2022Q2,23,Jaén,1892,160122.8,84631.5
2022Q2,24,León,1562,153644.1,98363.7
2022Q2,25,Lleida,1614,191692.6,118768.6
2022Q2,26,La Rioja,1388,177358.0,127779.5
2022Q2,27,Lugo,854,76813.6,89945.7
2022Q2,29,Málaga,12196,3376922.2,276887.7
2022Q2,30,Murcia,6497,703282.3,108247.2
2022Q2,32,Ourense,710,65844.2,92738.3
2022Q2,34,Palencia,468,46828.7,100061.3
2022Q2,35,Las Palmas,4302,757050.3,175976.4
2022Q2,36,Pontevedra,2169,331687.6,152921.9
2022Q2,37,Salamanca,1151,134522.3,116874.3
2022Q2,38,Santa Cruz de Tenerife,4484,781551.1,174297.7
2022Q2,39,Cantabria,2630,386307.2,146884.9
2022Q2,40,Segovia,658,73936.1,112364.9
2022Q2,41,Sevilla,6413,914019.9,142526.1
2022Q2,42,Soria,346,35059.2,101327.2
2022Q2,43,Tarragona,4861,674359.9,138728.6
2022Q2,44,Teruel,453,37351.6,82453.9
2022Q2,45,Toledo,3310,305526.5,92304.1
2022Q2,46,Valencia,11137,1442766.0,129547.1
2022Q2,47,Valladolid,1725,232550.2,134811.7
2022Q2,48,Bizkaia,3639,811835.2,223092.9
2022Q2,49,Zamora,574,43827.8,76355.1
2022Q2,50,Zaragoza,3573,501761.3,140431.4
2022Q2,51,Ceuta,150,22979.0,153193.3
2022Q2,52,Melilla,175,26215.1,149800.6
2022Q3,00,Spain,163293,29985636.7,183630.9
2022Q3,01,Araba/Álava,872,178123.2,204269.7
2022Q3,02,Albacete,944,93621.5,99175.3
2022Q3,03,Alicante,13727,2185064.2,159180.0
2022Q3,04,Almería,3986,426156.7,106913.4
2022Q3,05,Ávila,850,74860.6,88071.3
2022Q3,06,Badajoz,1638,143655.3,87701.6
2022Q3,07,Illes Balears,4429,1749309.3,394967.1
2022Q3,08,Barcelona,16255,3931799.0,241882.4
2022Q3,09,Burgos,1463,184995.1,126449.1
2022Q3,10,Cáceres,1300,119318.1,91783.2
2022Q3,11,Cádiz,4056,635756.3,156744.6
2022Q3,12,Castellón,2807,274151.5,97667.1
2022Q3,13,Ciudad Real,1429,106777.3,74721.7
2022Q3,14,Córdoba,2051,218807.4,106683.3
2022Q3,15,A Coruña,2833,369633.3,130474.2
2022Q3,16,Cuenca,561,40805.2,72736.5
2022Q3,17,Girona,3897,796300.6,204336.8
2022Q3,18,Granada,3628,450510.2,124175.9
2022Q3,19,Guadalajara,1067,155699.6,145922.8
2022Q3,20,Gipuzkoa,1644,436777.1,265679.5
2022Q3,21,Huelva,1830,200736.6,109692.1
2022Q3,22,Huesca,841,94177.0,111982.2
2022Q3,23,Jaén,1677,142921.3,85224.4
2022Q3,24,León,1366,132721.4,97160.6
2022Q3,25,Lleida,1393,163284.0,117217.5
2022Q3,26,La Rioja,1093,123666.2,113143.8
2022Q3,27,Lugo,957,88403.2,92375.3
2022Q3,29,Málaga,9708,2704110.2,278544.5
2022Q3,30,Murcia,5953,654190.1,109892.5
2022Q3,32,Ourense,707,63002.2,89112.0
2022Q3,34,Palencia,477,45006.6,94353.5
2022Q3,35,Las Palmas,3974,709092.1,178432.8
2022Q3,36,Pontevedra,1999,297003.2,148575.9
2022Q3,37,Salamanca,1099,117436.4,106857.5
2022Q3,38,Santa Cruz de Tenerife,3475,628655.8,180908.1
2022Q3,39,Cantabria,2117,332536.7,157079.2
2022Q3,40,Segovia,534,60167.0,112672.3
2022Q3,41,Sevilla,5533,798591.0,144332.4
2022Q3,42,Soria,296,28929.2,97733.8
2022Q3,43,Tarragona,4190,586056.4,139870.3
2022Q3,44,Teruel,536,39709.3,74084.5
2022Q3,45,Toledo,2625,260457.2,99221.8
2022Q3,46,Valencia,9537,1301605.0,136479.5
2022Q3,47,Valladolid,1520,210332.0,138376.3
2022Q3,48,Bizkaia,2764,627223.8,226926.1
2022Q3,49,Zamora,526,42452.8,80708.7
2022Q3,50,Zaragoza,3002,436673.4,145460.8
2022Q3,51,Ceuta,143,22584.5,157933.6
2022Q3,52,Melilla,124,19566.5,157794.4
2022Q4,00,Spain,167611,29849250.1,178086.5
2022Q4,01,Araba/Álava,826,146398.3,177237.7
2022Q4,02,Albacete,1029,99317.3,96518.3
2022Q4,03,Alicante,13877,2105972.9,151760.0
2022Q4,04,Almería,3700,410472.0,110938.4
2022Q4,05,Ávila,755,62645.4,82974.0
2022Q4,06,Badajoz,1738,134276.5,77259.2
2022Q4,07,Illes Balears,4251,1733081.3,407687.9
2022Q4,08,Barcelona,16452,3792349.6,230509.9
2022Q4,09,Burgos,1363,152290.3,111731.7
2022Q4,10,Cáceres,1190,100915.3,84802.8
2022Q4,11,Cádiz,4387,678971.3,154768.9
2022Q4,12,Castellón,2973,288850.2,97157.8
2022Q4,13,Ciudad Real,1490,111035.3,74520.3
2022Q4,14,Córdoba,2194,222657.1,101484.5
2022Q4,15,A Coruña,2757,352426.1,127829.6
2022Q4,16,Cuenca,623,47446.9,76158.7
2022Q4,17,Girona,3926,818630.0,208515.0
2022Q4,18,Granada,3899,456882.7,117179.5
2022Q4,19,Guadalajara,1202,144168.7,119940.7
2022Q4,20,Gipuzkoa,2114,553529.0,261839.6
2022Q4,21,Huelva,1776,194132.6,109308.9
2022Q4,22,Huesca,842,97322.8,115585.3
2022Q4,23,Jaén,1689,128069.8,75825.8
2022Q4,24,León,1341,113941.1,84967.3
2022Q4,25,Lleida,1459,173706.0,119058.3
2022Q4,26,La Rioja,1218,134580.2,110492.8
2022Q4,27,Lugo,892,80870.0,90661.4
2022Q4,29,Málaga,9141,2512234.2,274831.4
2022Q4,30,Murcia,6243,697842.1,111779.9
2022Q4,32,Ourense,740,68459.0,92512.2
2022Q4,34,Palencia,447,40221.9,89981.9
2022Q4,35,Las Palmas,3624,626739.1,172941.3
2022Q4,36,Pontevedra,1955,276817.3,141594.5
2022Q4,37,Salamanca,1053,111796.7,106169.7
2022Q4,38,Santa Cruz de Tenerife,3150,560706.7,178002.1
2022Q4,39,Cantabria,2233,348925.1,156258.4
2022Q4,40,Segovia,763,89999.1,117954.3
2022Q4,41,Sevilla,5762,817975.2,141960.3
2022Q4,42,Soria,370,34684.9,93743.0
2022Q4,43,Tarragona,3961,541498.8,136707.6
2022Q4,44,Teruel,587,56051.4,95487.9
2022Q4,45,Toledo,2949,270274.6,91649.6
2022Q4,46,Valencia,10218,1374986.7,134565.1
2022Q4,47,Valladolid,1658,216629.1,130656.9
2022Q4,48,Bizkaia,3177,706321.5,222323.4
2022Q4,49,Zamora,510,40636.6,79679.6
2022Q4,50,Zaragoza,3260,440027.6,134977.8
2022Q4,51,Ceuta,150,22218.9,148126.0
2022Q4,52,Melilla,141,20072.6,142358.9
2023Q1,00,Spain,152666,27008546.3,176912.6
2023Q1,01,Araba/Álava,730,141627.4,194010.1
2023Q1,02,Albacete,1033,112606.3,109009.0
2023Q1,03,Alicante,12933,1921331.8,148560.4
2023Q1,04,Almería,3332,337600.1,101320.6
2023Q1,05,Ávila,618,54659.5,88445.8
2023Q1,06,Badajoz,1600,138435.2,86522.0
2023Q1,07,Illes Balears,3714,1326409.0,357137.6
2023Q1,08,Barcelona,14825,3463653.4,233636.0
2023Q1,09,Burgos,1207,138732.0,114939.5
2023Q1,10,Cáceres,1170,95312.8,81463.9
2023Q1,11,Cádiz,3754,544562.2,145061.9
2023Q1,12,Castellón,2607,241324.5,92567.9
2023Q1,13,Ciudad Real,1392,101669.2,73038.2
2023Q1,14,Córdoba,2247,247917.0,110332.4
2023Q1,15,A Coruña,2531,318814.6,125963.9
2023Q1,16,Cuenca,579,45876.1,79233.3
2023Q1,17,Girona,3376,698236.6,206823.6
2023Q1,18,Granada,3388,405502.9,119688.0
2023Q1,19,Guadalajara,1038,124732.2,120165.9
2023Q1,20,Gipuzkoa,1620,414514.1,255872.9
2023Q1,21,Huelva,1690,184313.0,109060.9
2023Q1,22,Huesca,744,77335.5,103945.6
2023Q1,23,Jaén,1582,121081.5,76537.0
2023Q1,24,León,1232,118165.7,95913.7
2023Q1,25,Lleida,1303,148257.6,113781.7
2023Q1,26,La Rioja,978,117037.0,119669.7
2023Q1,27,Lugo,792,75576.8,95425.3
2023Q1,29,Málaga,8531,2244527.0,263102.4
2023Q1,30,Murcia,5422,574463.2,105950.4
2023Q1,32,Ourense,654,58134.4,88890.5
2023Q1,34,Palencia,413,35012.2,84775.3
2023Q1,35,Las Palmas,3690,625286.3,169454.3
2023Q1,36,Pontevedra,1638,247166.1,150895.1
2023Q1,37,Salamanca,875,98451.8,112516.3
2023Q1,38,Santa Cruz de Tenerife,3123,554241.1,177470.7
2023Q1,39,Cantabria,1862,271417.0,145766.4
2023Q1,40,Segovia,597,62661.8,104961.1
2023Q1,41,Sevilla,5456,753861.1,138171.0
2023Q1,42,Soria,292,29942.8,102543.8
2023Q1,43,Tarragona,3665,487848.7,133110.2
2023Q1,44,Teruel,451,35182.2,78009.3
2023Q1,45,Toledo,2683,239710.2,89344.1
2023Q1,46,Valencia,9499,1298601.8,136709.3
2023Q1,47,Valladolid,1555,209318.0,134609.6
2023Q1,48,Bizkaia,2961,614613.5,207569.6
2023Q1,49,Zamora,437,34482.2,78906.6
2023Q1,50,Zaragoza,2692,346162.7,128589.4
2023Q1,51,Ceuta,129,18162.4,140793.8
2023Q1,52,Melilla,126,20524.6,162893.7
2023Q2,00,Spain,165197,30060856.9,181969.8
2023Q2,01,Araba/Álava,920,206181.4,224110.2
2023Q2,02,Albacete,975,93424.9,95820.4
2023Q2,03,Alicante,14117,2215374.5,156929.6
2023Q2,04,Almería,4011,425806.0,106159.6
2023Q2,05,Ávila,695,56759.8,81668.8
2023Q2,06,Badajoz,1660,144283.3,86917.7
2023Q2,07,Illes Balears,4022,1577967.1,392333.9
2023Q2,08,Barcelona,15945,3814635.5,239237.1
2023Q2,09,Burgos,1501,162685.2,108384.5
2023Q2,10,Cáceres,1177,93561.7,79491.7
2023Q2,11,Cádiz,4036,607261.3,150461.2
2023Q2,12,Castellón,3073,314800.4,102440.7
2023Q2,13,Ciudad Real,1348,108738.1,80666.2
2023Q2,14,Córdoba,2276,259836.6,114163.7
2023Q2,15,A Coruña,2616,338070.0,129231.7
2023Q2,16,Cuenca,577,41303.2,71582.7
2023Q2,17,Girona,3783,782736.2,206908.9
2023Q2,18,Granada,3454,407467.3,117969.7
2023Q2,19,Guadalajara,1227,171742.4,139969.4
2023Q2,20,Gipuzkoa,2041,573485.8,280982.8
2023Q2,21,Huelva,1875,213955.5,114109.6
2023Q2,22,Huesca,1007,110453.5,109685.7
2023Q2,23,Jaén,1669,132117.4,79159.6
2023Q2,24,León,1295,128305.8,99077.8
2023Q2,25,Lleida,1438,172221.2,119764.4
2023Q2,26,La Rioja,1077,121103.9,112445.6
2023Q2,27,Lugo,905,77999.2,86187.0
2023Q2,29,Málaga,9608,2818794.8,293380.0
2023Q2,30,Murcia,6374,693794.7,108847.6
2023Q2,32,Ourense,667,62546.4,93772.7
2023Q2,34,Palencia,478,46906.5,98130.8
2023Q2,35,Las Palmas,3519,606958.6,172480.4
2023Q2,36,Pontevedra,1856,276751.1,149111.6
2023Q2,37,Salamanca,1024,112115.0,109487.3
2023Q2,38,Santa Cruz de Tenerife,3386,622453.0,183831.4
2023Q2,39,Cantabria,2293,330712.8,144227.1
2023Q2,40,Segovia,693,80608.9,116318.8
2023Q2,41,Sevilla,5274,729830.2,138382.7
2023Q2,42,Soria,364,41923.7,115175.0
2023Q2,43,Tarragona,4190,550871.1,131472.8
2023Q2,44,Teruel,440,37887.9,86108.9
2023Q2,45,Toledo,3248,306692.4,94425.0
2023Q2,46,Valencia,9926,1372762.9,138299.7
2023Q2,47,Valladolid,1591,214112.9,134577.6
2023Q2,48,Bizkaia,2906,633385.9,217958.0
2023Q2,49,Zamora,475,34472.7,72574.1
2023Q2,50,Zaragoza,3023,419809.6,138871.8
2023Q2,51,Ceuta,131,19918.2,152047.3
2023Q2,52,Melilla,122,18038.6,147857.4
2023Q3,00,Spain,138348,25353804.6,183261.1
2023Q3,01,Araba/Álava,600,123852.7,206421.2
2023Q3,02,Albacete,894,90274.7,100978.4
2023Q3,03,Alicante,11913,2057284.3,172692.4
2023Q3,04,Almería,3187,353800.3,111013.6
2023Q3,05,Ávila,647,53047.2,81989.5
2023Q3,06,Badajoz,1444,121690.8,84273.4
2023Q3,07,Illes Balears,3386,1323308.3,390817.6
2023Q3,08,Barcelona,13254,3253220.0,245451.9
2023Q3,09,Burgos,1089,114147.6,104818.7
2023Q3,10,Cáceres,1039,88838.6,85503.9
2023Q3,11,Cádiz,3312,561020.2,169390.2
2023Q3,12,Castellón,2708,265173.9,97922.4
2023Q3,13,Ciudad Real,1215,91244.1,75098.0
2023Q3,14,Córdoba,1815,182715.3,100669.6
2023Q3,15,A Coruña,2557,323158.8,126382.0
2023Q3,16,Cuenca,529,37957.1,71752.6
2023Q3,17,Girona,3048,680699.7,223326.7
2023Q3,18,Granada,3134,384995.0,122844.6
2023Q3,19,Guadalajara,1043,138191.5,132494.2
2023Q3,20,Gipuzkoa,1429,381276.9,266813.8
2023Q3,21,Huelva,1619,194465.1,120114.3
2023Q3,22,Huesca,817,98014.9,119969.3
2023Q3,23,Jaén,1383,102369.8,74020.1
2023Q3,24,León,1304,126437.6,96961.3
2023Q3,25,Lleida,1171,138726.0,118468.0
2023Q3,26,La Rioja,1007,116432.0,115622.6
2023Q3,27,Lugo,840,89536.3,106590.8
2023Q3,29,Málaga,7729,2378956.0,307796.1
2023Q3,30,Murcia,5257,581288.9,110574.3
2023Q3,32,Ourense,720,67065.4,93146.4
2023Q3,34,Palencia,428,35733.0,83488.3
2023Q3,35,Las Palmas,2858,509408.5,178239.5
2023Q3,36,Pontevedra,1771,283792.2,160244.0
2023Q3,37,Salamanca,989,105664.2,106839.4
2023Q3,38,Santa Cruz de Tenerife,2521,469849.2,186374.1
2023Q3,39,Cantabria,2021,297525.4,147216.9
2023Q3,40,Segovia,495,55380.2,111879.2
2023Q3,41,Sevilla,4518,622757.0,137839.1
2023Q3,42,Soria,300,27594.0,91980.0
2023Q3,43,Tarragona,3428,437845.6,127726.3
2023Q3,44,Teruel,452,40151.3,88830.3
2023Q3,45,Toledo,2692,243629.1,90501.2
2023Q3,46,Valencia,8199,1138981.3,138917.1
2023Q3,47,Valladolid,1358,172825.3,127264.6
2023Q3,48,Bizkaia,2198,494049.0,224772.1
2023Q3,49,Zamora,467,35726.8,76502.8
2023Q3,50,Zaragoza,2609,362227.6,138837.7
2023Q3,51,Ceuta,128,18049.3,141010.2
2023Q3,52,Melilla,106,15456.2,145813.2
2023Q4,00,Spain,162441,29387500.6,180911.8
2023Q4,01,Araba/Álava,830,173318.8,208817.8
2023Q4,02,Albacete,1039,108931.6,104842.7
2023Q4,03,Alicante,13028,2069166.3,158824.6
2023Q4,04,Almería,3409,368443.3,108079.6
2023Q4,05,Ávila,775,62623.2,80804.1
2023Q4,06,Badajoz,1644,130945.2,79650.4
2023Q4,07,Illes Balears,3933,1462227.6,371784.3
2023Q4,08,Barcelona,15698,3747230.1,238707.5
2023Q4,09,Burgos,1367,155215.8,113544.8
2023Q4,10,Cáceres,1172,107290.8,91545.1
2023Q4,11,Cádiz,4225,675273.2,159828.0
2023Q4,12,Castellón,3017,296165.9,98165.7
2023Q4,13,Ciudad Real,1521,118866.2,78150.0
2023Q4,14,Córdoba,2369,287297.8,121273.9
2023Q4,15,A Coruña,2765,331809.7,120003.5
2023Q4,16,Cuenca,636,47528.6,74730.5
2023Q4,17,Girona,3735,749704.0,200724.0
2023Q4,18,Granada,3374,440049.1,130423.6
2023Q4,19,Guadalajara,1440,199707.4,138685.7
2023Q4,20,Gipuzkoa,1877,501015.6,266923.6
2023Q4,21,Huelva,1915,218595.4,114149.0
2023Q4,22,Huesca,906,120900.6,133444.4
2023Q4,23,Jaén,1643,123856.5,75384.4
2023Q4,24,León,1402,119144.9,84982.1
2023Q4,25,Lleida,1650,228237.5,138325.8
2023Q4,26,La Rioja,1157,129623.6,112034.2
2023Q4,27,Lugo,904,112059.2,123959.3
2023Q4,29,Málaga,9019,2683436.0,297531.4
2023Q4,30,Murcia,6250,690161.6,110425.9
2023Q4,32,Ourense,769,68568.4,89165.7
2023Q4,34,Palencia,490,48091.7,98146.3
2023Q4,35,Las Palmas,3330,571040.4,171483.6
2023Q4,36,Pontevedra,1724,266248.1,154436.3
2023Q4,37,Salamanca,1128,119470.4,105913.5
2023Q4,38,Santa Cruz de Tenerife,3319,567857.3,171092.9
2023Q4,39,Cantabria,2208,345273.4,156373.8
2023Q4,40,Segovia,708,77816.8,109910.7
2023Q4,41,Sevilla,5392,734242.6,136172.6
2023Q4,42,Soria,348,43282.2,124374.1
2023Q4,43,Tarragona,3939,524133.5,133062.6
2023Q4,44,Teruel,498,37342.7,74985.3
2023Q4,45,Toledo,3336,300764.7,90157.3
2023Q4,46,Valencia,9511,1323405.5,139144.7
2023Q4,47,Valladolid,1646,235517.4,143084.7
2023Q4,48,Bizkaia,3004,686914.9,228666.7
2023Q4,49,Zamora,483,35888.6,74303.5
2023Q4,50,Zaragoza,3074,396744.9,129064.7
2023Q4,51,Ceuta,154,22526.0,146272.7
2023Q4,52,Melilla,103,16048.4,155809.7
2024Q1,00,Spain,155723,28941416.8,185851.9
2024Q1,01,Araba/Álava,843,170759.0,202561.1
2024Q1,02,Albacete,973,97597.2,100305.4
2024Q1,03,Alicante,13172,2194162.2,166577.8
2024Q1,04,Almería,3169,342218.7,107989.5
2024Q1,05,Ávila,649,55589.3,85653.8
2024Q1,06,Badajoz,1577,133733.0,84802.2
2024Q1,07,Illes Balears,3539,1430744.5,404279.3
2024Q1,08,Barcelona,14859,3552398.0,239073.8
2024Q1,09,Burgos,1263,150913.3,119488.0
2024Q1,10,Cáceres,1190,101160.8,85009.1
2024Q1,11,Cádiz,3804,629023.6,165358.5
2024Q1,12,Castellón,2925,288241.5,98544.1
2024Q1,13,Ciudad Real,1423,100705.9,70770.1
2024Q1,14,Córdoba,2418,293748.7,121484.2
2024Q1,15,A Coruña,2709,357743.9,132057.5
2024Q1,16,Cuenca,569,43516.1,76478.2
2024Q1,17,Girona,3256,686761.4,210921.8
2024Q1,18,Granada,3398,435799.6,128251.8
2024Q1,19,Guadalajara,1077,138566.6,128659.8
2024Q1,20,Gipuzkoa,1678,442096.3,263466.2
2024Q1,21,Huelva,1795,218470.8,121710.8
2024Q1,22,Huesca,843,101791.9,120749.6
2024Q1,23,Jaén,1693,144321.9,85246.2
2024Q1,24,León,1229,110679.0,90056.1
2024Q1,25,Lleida,1429,177634.2,124306.6
2024Q1,26,La Rioja,1060,117076.1,110449.2
2024Q1,27,Lugo,923,86546.8,93766.8
2024Q1,29,Málaga,8246,2442546.2,296209.8
2024Q1,30,Murcia,5785,644522.7,111412.7
2024Q1,32,Ourense,681,66447.1,97572.8
2024Q1,34,Palencia,423,34328.0,81153.7
2024Q1,35,Las Palmas,3535,631331.5,178594.5
2024Q1,36,Pontevedra,1854,306696.0,165423.9
2024Q1,37,Salamanca,962,104236.7,108354.2
2024Q1,38,Santa Cruz de Tenerife,2860,552453.9,193165.7
2024Q1,39,Cantabria,2168,349584.1,161247.3
2024Q1,40,Segovia,536,65963.3,123065.9
2024Q1,41,Sevilla,5073,741474.2,146160.9
2024Q1,42,Soria,421,50295.6,119467.0
2024Q1,43,Tarragona,3431,443658.4,129308.8
2024Q1,44,Teruel,420,31314.1,74557.4
2024Q1,45,Toledo,3051,288364.9,94514.9
2024Q1,46,Valencia,9634,1352822.4,140421.7
2024Q1,47,Valladolid,1583,232491.7,146867.8
2024Q1,48,Bizkaia,2805,640676.1,228405.0
2024Q1,49,Zamora,465,35814.4,77020.2
2024Q1,50,Zaragoza,2957,453537.3,153377.5
2024Q1,51,Ceuta,152,20943.0,137782.9
2024Q1,52,Melilla,148,22169.7,149795.3
2024Q2,00,Spain,184636,35344271.7,191426.8
2024Q2,01,Araba/Álava,1051,216716.6,206200.4
2024Q2,02,Albacete,1063,103603.9,97463.7
2024Q2,03,Alicante,15522,2650816.6,170778.0
2024Q2,04,Almería,3921,431126.9,109953.3
2024Q2,05,Ávila,853,75684.1,88727.0
2024Q2,06,Badajoz,2031,185760.1,91462.4
2024Q2,07,Illes Balears,4004,1676186.1,418627.9
2024Q2,08,Barcelona,17949,4523881.9,252040.9
2024Q2,09,Burgos,1566,189978.0,121314.2
2024Q2,10,Cáceres,1442,120876.4,83825.5
2024Q2,11,Cádiz,4492,789499.6,175756.8
2024Q2,12,Castellón,3587,389247.4,108516.1
2024Q2,13,Ciudad Real,1777,131943.4,74250.6
2024Q2,14,Córdoba,2641,297939.9,112813.3
2024Q2,15,A Coruña,3201,449463.0,140413.3
2024Q2,16,Cuenca,672,52290.0,77812.5
2024Q2,17,Girona,3935,892886.0,226908.8
2024Q2,18,Granada,4131,532824.3,128981.9
2024Q2,19,Guadalajara,1271,178984.3,140821.6
2024Q2,20,Gipuzkoa,2088,564975.0,270581.9
2024Q2,21,Huelva,2152,260468.1,121035.4
2024Q2,22,Huesca,911,106462.1,116862.9
2024Q2,23,Jaén,2073,161716.4,78010.8
2024Q2,24,León,1644,163687.2,99566.4
2024Q2,25,Lleida,1718,213115.5,124048.6
2024Q2,26,La Rioja,1438,187433.6,130343.3
2024Q2,27,Lugo,996,91254.5,91621.0
2024Q2,29,Málaga,10054,3160626.6,314365.1
2024Q2,30,Murcia,6967,804583.5,115484.9
2024Q2,32,Ourense,792,71054.2,89714.9
2024Q2,34,Palencia,558,50112.5,89807.3
2024Q2,35,Las Palmas,3632,643037.5,177047.8
2024Q2,36,Pontevedra,2118,332172.8,156833.2
2024Q2,37,Salamanca,1196,137177.7,114697.1
2024Q2,38,Santa Cruz de Tenerife,3467,709669.7,204692.7
2024Q2,39,Cantabria,2698,464357.6,172111.8
2024Q2,40,Segovia,743,87130.2,117268.1
2024Q2,41,Sevilla,6111,899689.4,147224.6
2024Q2,42,Soria,349,38335.5,109843.8
2024Q2,43,Tarragona,4499,625822.6,139102.6
2024Q2,44,Teruel,509,46846.7,92036.7
2024Q2,45,Toledo,3594,353778.9,98436.0
2024Q2,46,Valencia,10507,1530470.3,145662.0
2024Q2,47,Valladolid,1834,242905.7,132445.9
2024Q2,48,Bizkaia,3620,820963.8,226785.6
2024Q2,49,Zamora,560,44141.1,78823.4
2024Q2,50,Zaragoza,3369,461301.1,136925.2
2024Q2,51,Ceuta,182,28839.4,158458.2
2024Q2,52,Melilla,159,25467.5,160173.0
2024Q3,00,Spain,161748,32008069.5,197888.5
2024Q3,01,Araba/Álava,825,181809.2,220374.8
2024Q3,02,Albacete,967,103146.2,106666.2
2024Q3,03,Alicante,12858,2326552.2,180942.0
2024Q3,04,Almería,3345,381088.2,113927.7
2024Q3,05,Ávila,772,73558.6,95283.2
2024Q3,06,Badajoz,1640,137375.8,83765.7
2024Q3,07,Illes Balears,3585,1612030.7,449659.9
2024Q3,08,Barcelona,15986,4146190.3,259363.8
2024Q3,09,Burgos,1401,158160.7,112891.3
2024Q3,10,Cáceres,1240,101851.1,82138.0
2024Q3,11,Cádiz,4151,711155.1,171321.4
2024Q3,12,Castellón,3230,371024.4,114868.2
2024Q3,13,Ciudad Real,1645,124491.1,75678.5
2024Q3,14,Córdoba,2321,254651.3,109716.2
2024Q3,15,A Coruña,3134,453882.5,144825.3
2024Q3,16,Cuenca,684,65611.6,95923.4
2024Q3,17,Girona,3265,724409.6,221871.2
2024Q3,18,Granada,3532,458222.7,129734.6
2024Q3,19,Guadalajara,1204,164671.1,136770.0
2024Q3,20,Gipuzkoa,1908,542880.7,284528.7
2024Q3,21,Huelva,1794,226617.2,126319.5
2024Q3,22,Huesca,772,90529.0,117265.5
2024Q3,23,Jaén,1750,140761.1,80434.9
2024Q3,24,León,1671,164667.0,98544.0
2024Q3,25,Lleida,1479,180639.3,122136.1
2024Q3,26,La Rioja,1212,145801.5,120298.3
2024Q3,27,Lugo,899,82774.3,92073.7
2024Q3,29,Málaga,8685,2893803.7,333195.6
2024Q3,30,Murcia,5928,697884.2,117726.8
2024Q3,32,Ourense,894,82578.4,92369.6
2024Q3,34,Palencia,487,44913.5,92224.8
2024Q3,35,Las Palmas,3128,563608.1,180181.6
2024Q3,36,Pontevedra,2008,335368.6,167016.2
2024Q3,37,Salamanca,1045,117936.5,112857.9
2024Q3,38,Santa Cruz de Tenerife,2792,553760.4,198338.3
2024Q3,39,Cantabria,2339,396844.0,169664.0
2024Q3,40,Segovia,661,84422.7,127719.7
2024Q3,41,Sevilla,5139,782347.8,152237.4
2024Q3,42,Soria,367,38119.8,103868.7
2024Q3,43,Tarragona,3942,547889.4,138987.7
2024Q3,44,Teruel,452,37836.5,83709.1
2024Q3,45,Toledo,3349,345781.7,103249.2
2024Q3,46,Valencia,9542,1459610.8,152967.0
2024Q3,47,Valladolid,1576,211579.4,134250.9
2024Q3,48,Bizkaia,2812,672555.5,239173.4
2024Q3,49,Zamora,543,40621.7,74809.8
2024Q3,50,Zaragoza,2868,409845.7,142903.0
2024Q3,51,Ceuta,167,25375.2,151947.3
2024Q3,52,Melilla,140,21222.4,151588.6
2024Q4,00,Spain,193438,38589971.7,199495.3
2024Q4,01,Araba/Álava,948,205654.8,216935.4
2024Q4,02,Albacete,1210,122806.4,101492.9
2024Q4,03,Alicante,14218,2633910.2,185251.8
2024Q4,04,Almería,4322,525370.7,121557.3
2024Q4,05,Ávila,956,77433.2,80997.1
2024Q4,06,Badajoz,2031,186635.1,91893.2
2024Q4,07,Illes Balears,4248,1931386.5,454657.8
2024Q4,08,Barcelona,19906,5037423.0,253060.5
2024Q4,09,Burgos,1505,165145.7,109731.4
2024Q4,10,Cáceres,1550,128818.3,83108.6
2024Q4,11,Cádiz,4662,829097.2,177841.5
2024Q4,12,Castellón,3964,431139.2,108763.7
2024Q4,13,Ciudad Real,1940,146545.4,75538.9
2024Q4,14,Córdoba,2895,337060.1,116428.4
2024Q4,15,A Coruña,3371,477690.6,141705.9
2024Q4,16,Cuenca,843,82646.4,98038.4
2024Q4,17,Girona,3995,866522.9,216901.9
2024Q4,18,Granada,4110,547729.3,133267.5
2024Q4,19,Guadalajara,1607,225324.7,140214.5
2024Q4,20,Gipuzkoa,2147,648982.7,302274.2
2024Q4,21,Huelva,2155,257135.7,119320.5
2024Q4,22,Huesca,1088,134848.5,123941.6
2024Q4,23,Jaén,2165,174392.0,80550.6
2024Q4,24,León,1684,156369.0,92855.7
2024Q4,25,Lleida,1934,270794.1,140017.6
2024Q4,26,La Rioja,1573,207790.6,132098.3
2024Q4,27,Lugo,1050,105922.6,100878.7
2024Q4,29,Málaga,10226,3244096.3,317240.0
2024Q4,30,Murcia,7468,894962.9,119839.7
2024Q4,32,Ourense,883,81687.2,92511.0
2024Q4,34,Palencia,603,52567.1,87176.0
2024Q4,35,Las Palmas,3608,686012.9,190136.6
2024Q4,36,Pontevedra,2450,435886.6,177912.9
2024Q4,37,Salamanca,1297,150736.1,116219.0
2024Q4,38,Santa Cruz de Tenerife,3134,613774.1,195843.7
2024Q4,39,Cantabria,2689,468242.4,174132.5
2024Q4,40,Segovia,812,101640.2,125172.7
2024Q4,41,Sevilla,7329,1179912.7,160992.3
2024Q4,42,Soria,405,47971.9,118449.1
2024Q4,43,Tarragona,4501,657311.9,146036.9
2024Q4,44,Teruel,643,66925.8,104083.7
2024Q4,45,Toledo,4397,481093.9,109414.1
2024Q4,46,Valencia,10191,1560039.7,153080.1
2024Q4,47,Valladolid,2192,318406.7,145258.5
2024Q4,48,Bizkaia,3696,867659.1,234756.2
2024Q4,49,Zamora,632,53041.9,83927.1
2024Q4,50,Zaragoza,3530,505128.0,143095.8
2024Q4,51,Ceuta,220,38561.3,175278.6
2024Q4,52,Melilla,137,22017.7,160713.1
2025Q1,00,Spain,179006,36690691.8,204969.1
2025Q1,01,Araba/Álava,933,199823.8,214173.4
2025Q1,02,Albacete,1185,124905.7,105405.7
2025Q1,03,Alicante,14093,2559115.3,181587.7
2025Q1,04,Almería,4230,518298.8,122529.3
2025Q1,05,Ávila,816,79750.1,97733.0
2025Q1,06,Badajoz,1869,174379.7,93301.1
2025Q1,07,Illes Balears,3947,1666647.3,422256.7
2025Q1,08,Barcelona,18261,4826413.1,264301.7
2025Q1,09,Burgos,1450,165822.3,114360.2
2025Q1,10,Cáceres,1460,136803.3,93700.9
2025Q1,11,Cádiz,4266,734784.1,172241.9
2025Q1,12,Castellón,3669,410167.4,111792.7
2025Q1,13,Ciudad Real,1818,142073.0,78148.0
2025Q1,14,Córdoba,2887,339034.4,117434.8
2025Q1,15,A Coruña,3066,433067.0,141248.2
2025Q1,16,Cuenca,622,50073.7,80504.3
2025Q1,17,Girona,3492,797297.4,228321.1
2025Q1,18,Granada,3896,536845.0,137793.9
2025Q1,19,Guadalajara,1215,185378.9,152575.2
2025Q1,20,Gipuzkoa,2256,664284.9,294452.5
2025Q1,21,Huelva,1994,249572.2,125161.6
2025Q1,22,Huesca,959,130902.7,136499.2
2025Q1,23,Jaén,2142,178963.7,83549.8
2025Q1,24,León,1828,196005.2,107223.9
2025Q1,25,Lleida,1639,211459.3,129017.3
2025Q1,26,La Rioja,1341,177110.3,132073.3
2025Q1,27,Lugo,1004,101478.2,101073.9
2025Q1,29,Málaga,9268,3143547.2,339182.9
2025Q1,30,Murcia,6942,877057.8,126340.8
2025Q1,32,Ourense,846,88980.0,105177.3
2025Q1,34,Palencia,543,52112.8,95972.0
2025Q1,35,Las Palmas,3488,682246.3,195598.1
2025Q1,36,Pontevedra,2242,389228.2,173607.6
2025Q1,37,Salamanca,1230,157114.9,127735.7
2025Q1,38,Santa Cruz de Tenerife,3073,679087.6,220985.2
2025Q1,39,Cantabria,2559,487105.5,190349.9
2025Q1,40,Segovia,752,96307.1,128068.0
2025Q1,41,Sevilla,6198,952435.9,153668.3
2025Q1,42,Soria,350,36532.1,104377.4
2025Q1,43,Tarragona,4313,607328.7,140813.5
2025Q1,44,Teruel,445,36802.4,82702.0
2025Q1,45,Toledo,3612,395971.4,109626.6
2025Q1,46,Valencia,9483,1512308.6,159475.8
2025Q1,47,Valladolid,1949,298866.7,153343.6
2025Q1,48,Bizkaia,3426,821359.9,239743.1
2025Q1,49,Zamora,596,46973.1,78813.9
2025Q1,50,Zaragoza,3288,475148.3,144509.8
2025Q1,51,Ceuta,171,30065.3,175820.5
2025Q1,52,Melilla,177,29910.4,168985.3
2025Q2,00,Spain,191113,40191702.0,210303.3
2025Q2,01,Araba/Álava,1018,229772.1,225709.3
2025Q2,02,Albacete,1285,153807.3,119694.4
2025Q2,03,Alicante,14982,2842111.7,189701.8
2025Q2,04,Almería,4774,589550.2,123491.9
2025Q2,05,Ávila,903,91899.7,101771.5
2025Q2,06,Badajoz,2087,204914.1,98186.0
2025Q2,07,Illes Balears,3899,1768394.8,453550.9
2025Q2,08,Barcelona,19715,5493537.7,278647.6
2025Q2,09,Burgos,1807,246586.5,136461.8
2025Q2,10,Cáceres,1626,163045.2,100273.8
2025Q2,11,Cádiz,4917,973772.9,198042.1
2025Q2,12,Castellón,3932,460158.5,117029.1
2025Q2,13,Ciudad Real,2013,169478.3,84191.9
2025Q2,14,Córdoba,3073,359698.0,117051.1
2025Q2,15,A Coruña,3531,545636.3,154527.4
2025Q2,16,Cuenca,658,60500.6,91946.2
2025Q2,17,Girona,4029,968637.0,240416.2
2025Q2,18,Granada,4140,593379.9,143328.5
2025Q2,19,Guadalajara,1296,201391.1,155394.4
2025Q2,20,Gipuzkoa,2279,658504.7,288944.6
2025Q2,21,Huelva,2188,281038.9,128445.6
2025Q2,22,Huesca,1024,150791.8,147257.6
2025Q2,23,Jaén,2412,222438.4,92221.6
2025Q2,24,León,1839,192328.5,104583.2
2025Q2,25,Lleida,1839,254590.2,138439.5
2025Q2,26,La Rioja,1382,184340.7,133386.9
2025Q2,27,Lugo,1182,128339.7,108578.4
2025Q2,29,Málaga,8886,3022089.4,340095.6
2025Q2,30,Murcia,7429,983821.9,132429.9
2025Q2,32,Ourense,1020,113443.5,111219.1
2025Q2,34,Palencia,683,64609.9,94597.2
2025Q2,35,Las Palmas,3494,688184.6,196961.8
2025Q2,36,Pontevedra,2310,409046.5,177076.4
2025Q2,37,Salamanca,1365,170197.9,124687.1
2025Q2,38,Santa Cruz de Tenerife,3104,709139.1,228459.8
2025Q2,39,Cantabria,2619,499924.0,190883.5
2025Q2,40,Segovia,724,97216.1,134276.4
2025Q2,41,Sevilla,6416,1038349.5,161837.5
2025Q2,42,Soria,326,33723.0,103444.8
2025Q2,43,Tarragona,4760,703383.1,147769.6
2025Q2,44,Teruel,528,48158.1,91208.5
2025Q2,45,Toledo,3886,440362.3,113320.2
2025Q2,46,Valencia,10963,1766202.8,161105.8
2025Q2,47,Valladolid,2091,323125.6,154531.6
2025Q2,48,Bizkaia,3700,925564.2,250152.5
2025Q2,49,Zamora,557,50634.4,90905.6
2025Q2,50,Zaragoza,3634,549375.4,151176.5
2025Q2,51,Ceuta,195,31182.0,159907.7
2025Q2,52,Melilla,165,29562.1,179164.2
2025Q3,00,Spain,166414,35311606.0,212191.3
2025Q3,01,Araba/Álava,928,228031.5,245723.6
2025Q3,02,Albacete,1141,123980.1,108659.2
2025Q3,03,Alicante,12869,2594294.5,201592.5
2025Q3,04,Almería,3701,493244.3,133273.3
2025Q3,05,Ávila,858,88883.7,103594.1
2025Q3,06,Badajoz,1899,185338.3,97597.8
2025Q3,07,Illes Balears,3495,1683362.0,481648.6
2025Q3,08,Barcelona,16109,4353596.4,270258.6
2025Q3,09,Burgos,1656,207231.5,125139.8
2025Q3,10,Cáceres,1482,137265.9,92622.1
2025Q3,11,Cádiz,4421,910024.2,205841.3
2025Q3,12,Castellón,3296,394235.1,119610.2
2025Q3,13,Ciudad Real,2008,183356.8,91313.1
2025Q3,14,Córdoba,2550,311051.9,121981.1
2025Q3,15,A Coruña,3255,491962.4,151140.5
2025Q3,16,Cuenca,709,61566.2,86835.3
2025Q3,17,Girona,3571,837540.1,234539.4
2025Q3,18,Granada,3507,498290.1,142084.4
2025Q3,19,Guadalajara,1320,229361.0,173758.3
2025Q3,20,Gipuzkoa,1943,557714.7,287037.9
2025Q3,21,Huelva,1813,237668.6,131091.3
2025Q3,22,Huesca,895,120575.3,134721.0
2025Q3,23,Jaén,2147,187312.4,87243.8
2025Q3,24,León,1789,183997.7,102849.5
2025Q3,25,Lleida,1475,202368.7,137199.1
2025Q3,26,La Rioja,1368,200607.8,146643.1
2025Q3,27,Lugo,1070,111183.0,103909.3
2025Q3,29,Málaga,7831,2706681.9,345636.8
2025Q3,30,Murcia,6328,865860.8,136830.1
2025Q3,32,Ourense,806,87547.2,108619.4
2025Q3,34,Palencia,592,57770.9,97586.0
2025Q3,35,Las Palmas,3074,611207.8,198831.4
2025Q3,36,Pontevedra,1975,346482.8,175434.3
2025Q3,37,Salamanca,1353,177439.5,131145.2
2025Q3,38,Santa Cruz de Tenerife,2563,579369.0,226051.1
2025Q3,39,Cantabria,2252,459591.0,204081.3
2025Q3,40,Segovia,634,88944.6,140291.2
2025Q3,41,Sevilla,5879,989277.7,168273.1
2025Q3,42,Soria,347,41961.0,120925.1
2025Q3,43,Tarragona,4055,632684.5,156025.8
2025Q3,44,Teruel,546,52956.9,96990.7
2025Q3,45,Toledo,3627,413942.3,114128.0
2025Q3,46,Valencia,9827,1652137.6,168122.3
2025Q3,47,Valladolid,1894,291322.0,153813.1
2025Q3,48,Bizkaia,3207,857988.8,267536.3
2025Q3,49,Zamora,605,52113.4,86137.9
2025Q3,50,Zaragoza,3292,520142.9,158002.1
2025Q3,51,Ceuta,173,28831.0,166653.2
2025Q3,52,Melilla,152,27130.2,178488.2
2025Q4,00,Spain,194004,41713917.8,215015.8
2025Q4,01,Araba/Álava,1028,228182.1,221967.0
2025Q4,02,Albacete,1351,147113.5,108892.3
2025Q4,03,Alicante,13731,2688398.5,195790.4
2025Q4,04,Almería,4389,598012.6,136252.6
2025Q4,05,Ávila,971,99541.7,102514.6
2025Q4,06,Badajoz,2082,194009.7,93184.3
2025Q4,07,Illes Balears,3986,1876872.4,470866.1
2025Q4,08,Barcelona,20013,5367322.3,268191.8
2025Q4,09,Burgos,1715,213170.2,124297.5
2025Q4,10,Cáceres,1559,147753.2,94774.3
2025Q4,11,Cádiz,5221,1048300.7,200785.4
2025Q4,12,Castellón,4069,495720.7,121828.6
2025Q4,13,Ciudad Real,2177,184001.4,84520.6
2025Q4,14,Córdoba,2998,367547.5,122597.6
2025Q4,15,A Coruña,3411,540044.4,158324.4
2025Q4,16,Cuenca,902,86145.1,95504.5
2025Q4,17,Girona,4379,1080661.8,246782.8
2025Q4,18,Granada,4718,689500.6,146142.6
2025Q4,19,Guadalajara,1522,258884.1,170094.7
2025Q4,20,Gipuzkoa,2410,776591.7,322237.2
2025Q4,21,Huelva,2244,285501.6,127228.9
2025Q4,22,Huesca,1031,147130.4,142706.5
2025Q4,23,Jaén,2596,225402.2,86826.7
2025Q4,24,León,1883,194312.6,103193.1
2025Q4,25,Lleida,1715,244152.6,142363.0
2025Q4,26,La Rioja,1498,193476.4,129156.5
2025Q4,27,Lugo,1215,139297.9,114648.5
2025Q4,29,Málaga,9647,3591007.2,372240.8
2025Q4,30,Murcia,7360,1012439.5,137559.7
2025Q4,32,Ourense,957,98341.9,102760.6
2025Q4,34,Palencia,683,65278.0,95575.4
2025Q4,35,Las Palmas,3562,739599.8,207636.1
2025Q4,36,Pontevedra,2308,437469.2,189544.7
2025Q4,37,Salamanca,1428,179976.3,126033.8
2025Q4,38,Santa Cruz de Tenerife,3331,751642.9,225650.8
2025Q4,39,Cantabria,2497,505262.1,202347.7
2025Q4,40,Segovia,750,110585.2,147446.9
2025Q4,41,Sevilla,7304,1269770.4,173845.9
2025Q4,42,Soria,411,43617.6,106125.5
2025Q4,43,Tarragona,4960,814493.2,164212.3
2025Q4,44,Teruel,695,69730.3,100331.4
2025Q4,45,Toledo,4314,514364.3,119231.4
2025Q4,46,Valencia,11106,1928384.4,173634.5
2025Q4,47,Valladolid,1956,363388.4,185781.4
2025Q4,48,Bizkaia,3923,1079730.3,275230.8
2025Q4,49,Zamora,744,81084.6,108984.7
2025Q4,50,Zaragoza,3524,576222.6,163513.8
2025Q4,51,Ceuta,192,34078.7,177493.2
2025Q4,52,Melilla,221,41240.0,186606.3
2026Q1,00,Spain,166642,37152702.5,222949.2
2026Q1,01,Araba/Álava,965,217209.3,225087.4
2026Q1,02,Albacete,1210,146054.1,120705.9
2026Q1,03,Alicante,12440,2627615.1,211223.1
2026Q1,04,Almería,3568,478415.1,134084.9
2026Q1,05,Ávila,755,82071.4,108703.8
2026Q1,06,Badajoz,1960,193195.9,98569.3
2026Q1,07,Illes Balears,3533,1692253.7,478984.9
2026Q1,08,Barcelona,17083,4786382.4,280183.9
2026Q1,09,Burgos,1544,202544.4,131181.6
2026Q1,10,Cáceres,1496,147361.6,98503.7
2026Q1,11,Cádiz,3974,817213.8,205640.1
2026Q1,12,Castellón,2935,389818.6,132817.2
2026Q1,13,Ciudad Real,1973,156594.6,79368.8
2026Q1,14,Córdoba,2598,301587.2,116084.4
2026Q1,15,A Coruña,2871,479311.6,166949.4
2026Q1,16,Cuenca,771,70103.1,90924.9
2026Q1,17,Girona,3501,877399.6,250614.0
2026Q1,18,Granada,3586,550308.8,153460.3
2026Q1,19,Guadalajara,1155,198347.8,171729.7
2026Q1,20,Gipuzkoa,2149,657141.0,305789.2
2026Q1,21,Huelva,1825,248444.6,136134.0
2026Q1,22,Huesca,868,127560.5,146959.1
2026Q1,23,Jaén,2309,200203.2,86705.6
2026Q1,24,León,1822,201287.7,110476.2
2026Q1,25,Lleida,1475,197510.5,133905.4
2026Q1,26,La Rioja,1392,184458.6,132513.4
2026Q1,27,Lugo,1026,112646.7,109792.1
2026Q1,29,Málaga,7533,2768687.9,367541.2
2026Q1,30,Murcia,6385,896253.1,140368.5
2026Q1,32,Ourense,826,94262.8,114119.6
2026Q1,34,Palencia,573,59304.2,103497.7
2026Q1,35,Las Palmas,3396,734223.6,216202.5
2026Q1,36,Pontevedra,1916,359632.1,187699.4
2026Q1,37,Salamanca,1183,154708.9,130776.8
2026Q1,38,Santa Cruz de Tenerife,2653,629500.0,237278.6
2026Q1,39,Cantabria,2331,503699.0,216087.1
2026Q1,40,Segovia,645,97992.3,151926.0
2026Q1,41,Sevilla,6067,1059988.3,174713.7
2026Q1,42,Soria,317,37523.1,118369.4
2026Q1,43,Tarragona,3984,650481.5,163273.5
2026Q1,44,Teruel,517,49138.9,95046.2
2026Q1,45,Toledo,3761,462437.5,122956.0
2026Q1,46,Valencia,9514,1755043.2,184469.5
2026Q1,47,Valladolid,1763,294722.3,167170.9
2026Q1,48,Bizkaia,3139,831940.0,265033.5
2026Q1,49,Zamora,635,60138.3,94706.0
2026Q1,50,Zaragoza,3269,536396.4,164085.8
2026Q1,51,Ceuta,166,30931.3,186333.1
2026Q1,52,Melilla,156,30305.0,194262.8
2026Q2,00,Spain,176171,40173352.5,228036.1
2026Q2,01,Araba/Álava,708,167842.9,237066.2
2026Q2,02,Albacete,1427,177993.2,124732.4
2026Q2,03,Alicante,12752,2725416.7,213724.6
2026Q2,04,Almería,4183,619051.5,147992.2
2026Q2,05,Ávila,923,108441.0,117487.5
2026Q2,06,Badajoz,1981,213294.7,107670.2
2026Q2,07,Illes Balears,3225,1587199.2,492154.8
2026Q2,08,Barcelona,18685,5360520.3,286889.0
2026Q2,09,Burgos,1473,195115.0,132461.0
2026Q2,10,Cáceres,1351,139385.6,103172.2
2026Q2,11,Cádiz,4312,877615.4,203528.6
2026Q2,12,Castellón,3449,457472.7,132639.2
2026Q2,13,Ciudad Real,1980,174887.7,88327.1
2026Q2,14,Córdoba,3133,397037.6,126727.6
2026Q2,15,A Coruña,2944,473308.5,160770.6
2026Q2,16,Cuenca,829,93196.3,112420.1
2026Q2,17,Girona,3739,970620.9,259593.7
2026Q2,18,Granada,3845,589808.0,153396.1
2026Q2,19,Guadalajara,1262,229575.1,181913.7
2026Q2,20,Gipuzkoa,1893,624056.9,329665.6
2026Q2,21,Huelva,2041,286974.3,140604.8
2026Q2,22,Huesca,935,151260.0,161775.4
2026Q2,23,Jaén,2615,231929.2,88691.9
2026Q2,24,León,1720,189084.5,109932.8
2026Q2,25,Lleida,1754,265500.5,151368.6
2026Q2,26,La Rioja,1265,174000.4,137549.7
2026Q2,27,Lugo,961,110947.7,115450.3
2026Q2,29,Málaga,8817,3234679.6,366868.5
2026Q2,30,Murcia,7215,1073611.3,148802.7
2026Q2,32,Ourense,915,94271.2,103028.6
2026Q2,34,Palencia,658,77138.9,117232.4
2026Q2,35,Las Palmas,3418,731265.5,213945.4
2026Q2,36,Pontevedra,1948,391978.1,201220.8
2026Q2,37,Salamanca,1296,181180.9,139800.1
2026Q2,38,Santa Cruz de Tenerife,2950,720031.5,244078.5
2026Q2,39,Cantabria,2417,503486.0,208310.3
2026Q2,40,Segovia,718,108545.9,151178.1
2026Q2,41,Sevilla,6190,1134654.4,183304.4
2026Q2,42,Soria,411,61995.8,150841.4
2026Q2,43,Tarragona,4377,731223.0,167060.3
2026Q2,44,Teruel,552,49482.1,89641.5
2026Q2,45,Toledo,3532,453829.5,128490.8
2026Q2,46,Valencia,9986,1972202.1,197496.7
2026Q2,47,Valladolid,2003,363756.5,181605.8
2026Q2,48,Bizkaia,3231,908365.0,281140.5
2026Q2,49,Zamora,611,62226.7,101844.0
2026Q2,50,Zaragoza,3471,554707.4,159812.0
2026Q2,51,Ceuta,157,28417.0,181000.0
2026Q2,52,Melilla,167,33856.1,202731.1
