vintage,quarter,code,total,nres_fx,res_fx,nres_es,res_es
2023-05-30,2021Q1,00,141851,6242,12279,549,122697
2023-05-30,2021Q1,01,939,1,41,0,895
2023-05-30,2021Q1,02,970,0,59,0,911
2023-05-30,2021Q1,03,8457,1854,1285,53,5262
2023-05-30,2021Q1,04,2780,119,583,10,2068
2023-05-30,2021Q1,05,539,0,34,2,502
2023-05-30,2021Q1,06,1776,1,31,3,1740
2023-05-30,2021Q1,07,3226,551,454,15,2203
2023-05-30,2021Q1,08,15008,150,1542,37,13273
2023-05-30,2021Q1,09,1238,1,78,5,1154
2023-05-30,2021Q1,10,1044,2,40,2,999
2023-05-30,2021Q1,11,3671,68,149,17,3436
2023-05-30,2021Q1,12,2485,80,311,13,2079
2023-05-30,2021Q1,13,1214,1,64,1,1146
2023-05-30,2021Q1,14,1977,8,41,2,1926
2023-05-30,2021Q1,15,2214,7,49,20,2137
2023-05-30,2021Q1,16,486,0,43,0,443
2023-05-30,2021Q1,17,2872,342,283,15,2232
2023-05-30,2021Q1,18,2927,76,182,14,2652
2023-05-30,2021Q1,19,1028,1,89,1,936
2023-05-30,2021Q1,20,2003,7,75,12,1908
2023-05-30,2021Q1,21,1703,20,106,8,1568
2023-05-30,2021Q1,22,632,3,71,2,555
2023-05-30,2021Q1,23,1473,11,47,1,1414
2023-05-30,2021Q1,24,1064,1,60,5,997
2023-05-30,2021Q1,25,1340,7,174,6,1152
2023-05-30,2021Q1,26,1003,1,130,3,869
2023-05-30,2021Q1,27,815,3,33,0,778
2023-05-30,2021Q1,28,20259,82,1403,78,18681
2023-05-30,2021Q1,29,7080,1322,619,56,5077
2023-05-30,2021Q1,30,4901,362,700,13,3824
2023-05-30,2021Q1,31,1908,7,173,3,1725
2023-05-30,2021Q1,32,483,2,24,4,452
2023-05-30,2021Q1,33,2743,17,124,23,2579
2023-05-30,2021Q1,34,478,0,20,0,457
2023-05-30,2021Q1,35,2832,381,297,5,2145
2023-05-30,2021Q1,36,1680,9,49,12,1610
2023-05-30,2021Q1,37,853,1,33,2,817
2023-05-30,2021Q1,38,2372,451,319,9,1592
2023-05-30,2021Q1,39,1794,6,69,12,1705
2023-05-30,2021Q1,40,492,3,37,1,451
2023-05-30,2021Q1,41,5398,16,169,10,5199
2023-05-30,2021Q1,42,219,1,19,0,199
2023-05-30,2021Q1,43,3446,83,405,11,2941
2023-05-30,2021Q1,44,366,0,52,0,313
2023-05-30,2021Q1,45,2331,3,241,3,2083
2023-05-30,2021Q1,46,8871,176,995,43,7655
2023-05-30,2021Q1,47,1555,0,75,5,1475
2023-05-30,2021Q1,48,3333,3,111,10,3207
2023-05-30,2021Q1,49,457,0,16,0,441
2023-05-30,2021Q1,50,2775,1,260,2,2509
2023-05-30,2021Q1,51,155,0,4,0,151
2023-05-30,2021Q1,52,186,1,11,0,174
2023-05-30,2021Q2,00,177997,9430,15737,726,151977
2023-05-30,2021Q2,01,899,3,44,1,850
2023-05-30,2021Q2,02,1087,2,68,3,1014
2023-05-30,2021Q2,03,11477,2644,1764,70,6992
2023-05-30,2021Q2,04,3971,215,713,18,3022
2023-05-30,2021Q2,05,748,1,36,1,710
2023-05-30,2021Q2,06,1907,0,39,1,1865
2023-05-30,2021Q2,07,4502,1084,618,14,2784
2023-05-30,2021Q2,08,18006,202,1927,60,15802
2023-05-30,2021Q2,09,1559,1,100,2,1456
2023-05-30,2021Q2,10,1162,1,34,0,1127
2023-05-30,2021Q2,11,5196,154,204,24,4809
2023-05-30,2021Q2,12,3352,114,398,15,2821
2023-05-30,2021Q2,13,1489,0,93,0,1395
2023-05-30,2021Q2,14,2494,12,63,2,2416
2023-05-30,2021Q2,15,2757,13,82,21,2641
2023-05-30,2021Q2,16,671,1,67,0,603
2023-05-30,2021Q2,17,3659,476,388,24,2769
2023-05-30,2021Q2,18,3734,100,243,9,3381
2023-05-30,2021Q2,19,1396,2,142,2,1249
2023-05-30,2021Q2,20,2056,6,79,12,1958
2023-05-30,2021Q2,21,2365,20,141,2,2197
2023-05-30,2021Q2,22,907,5,68,2,831
2023-05-30,2021Q2,23,1772,7,40,0,1724
2023-05-30,2021Q2,24,1363,5,49,7,1300
2023-05-30,2021Q2,25,1468,6,172,0,1290
2023-05-30,2021Q2,26,1306,2,140,4,1160
2023-05-30,2021Q2,27,942,4,44,5,888
2023-05-30,2021Q2,28,24986,95,1945,120,22802
2023-05-30,2021Q2,29,9395,2075,911,83,6325
2023-05-30,2021Q2,30,6487,596,819,16,5056
2023-05-30,2021Q2,31,2105,3,167,3,1932
2023-05-30,2021Q2,32,634,4,33,9,588
2023-05-30,2021Q2,33,3494,26,162,19,3273
2023-05-30,2021Q2,34,493,0,16,0,477
2023-05-30,2021Q2,35,3204,488,369,14,2326
2023-05-30,2021Q2,36,2145,9,60,16,2060
2023-05-30,2021Q2,37,1057,1,34,5,1017
2023-05-30,2021Q2,38,2912,581,396,10,1925
2023-05-30,2021Q2,39,2475,11,76,15,2373
2023-05-30,2021Q2,40,621,0,37,0,584
2023-05-30,2021Q2,41,6714,18,207,4,6477
2023-05-30,2021Q2,42,330,0,20,1,309
2023-05-30,2021Q2,43,4332,163,509,25,3635
2023-05-30,2021Q2,44,466,1,55,0,410
2023-05-30,2021Q2,45,3296,4,327,6,2956
2023-05-30,2021Q2,46,11176,258,1317,48,9545
2023-05-30,2021Q2,47,1809,0,66,7,1735
2023-05-30,2021Q2,48,3525,8,132,11,3373
2023-05-30,2021Q2,49,465,0,24,0,441
2023-05-30,2021Q2,50,3293,8,288,10,2983
2023-05-30,2021Q2,51,167,0,4,0,163
2023-05-30,2021Q2,52,171,1,7,5,158
2023-05-30,2021Q3,00,161300,12109,14508,964,133471
2023-05-30,2021Q3,01,858,2,47,2,806
2023-05-30,2021Q3,02,917,5,62,1,849
2023-05-30,2021Q3,03,11876,3810,1730,108,6217
2023-05-30,2021Q3,04,3771,285,538,13,2922
2023-05-30,2021Q3,05,730,1,31,2,693
2023-05-30,2021Q3,06,1746,1,40,0,1701
2023-05-30,2021Q3,07,4457,1431,580,20,2422
2023-05-30,2021Q3,08,15672,253,1814,71,13514
2023-05-30,2021Q3,09,1329,1,83,6,1239
2023-05-30,2021Q3,10,1125,2,39,5,1079
2023-05-30,2021Q3,11,4329,131,210,30,3955
2023-05-30,2021Q3,12,3084,181,412,26,2459
2023-05-30,2021Q3,13,1241,1,90,0,1149
2023-05-30,2021Q3,14,2136,18,47,1,2067
2023-05-30,2021Q3,15,2818,19,83,38,2674
2023-05-30,2021Q3,16,614,5,65,0,544
2023-05-30,2021Q3,17,3758,704,347,43,2659
2023-05-30,2021Q3,18,3398,169,223,30,2974
2023-05-30,2021Q3,19,1183,2,112,13,1050
2023-05-30,2021Q3,20,1824,12,87,8,1713
2023-05-30,2021Q3,21,2101,57,135,10,1898
2023-05-30,2021Q3,22,853,9,63,5,776
2023-05-30,2021Q3,23,1516,10,54,1,1445
2023-05-30,2021Q3,24,1372,3,39,11,1317
2023-05-30,2021Q3,25,1455,17,177,5,1244
2023-05-30,2021Q3,26,1284,3,125,6,1150
2023-05-30,2021Q3,27,998,2,32,2,962
2023-05-30,2021Q3,28,20692,130,1615,114,18808
2023-05-30,2021Q3,29,9232,2519,800,98,5806
2023-05-30,2021Q3,30,5382,609,712,24,4032
2023-05-30,2021Q3,31,1801,5,166,8,1618
2023-05-30,2021Q3,32,645,7,28,11,599
2023-05-30,2021Q3,33,3120,28,148,38,2900
2023-05-30,2021Q3,34,517,3,15,2,494
2023-05-30,2021Q3,35,3160,536,371,22,2227
2023-05-30,2021Q3,36,2043,11,61,30,1937
2023-05-30,2021Q3,37,1062,6,35,4,1017
2023-05-30,2021Q3,38,2842,562,419,14,1844
2023-05-30,2021Q3,39,2708,19,106,22,2559
2023-05-30,2021Q3,40,641,2,43,2,594
2023-05-30,2021Q3,41,5748,11,183,12,5524
2023-05-30,2021Q3,42,364,2,18,0,343
2023-05-30,2021Q3,43,4080,200,477,25,3356
2023-05-30,2021Q3,44,497,1,46,1,449
2023-05-30,2021Q3,45,2820,7,307,3,2501
2023-05-30,2021Q3,46,9407,304,1205,56,7820
2023-05-30,2021Q3,47,1620,3,66,2,1547
2023-05-30,2021Q3,48,2811,1,116,11,2681
2023-05-30,2021Q3,49,553,1,19,0,533
2023-05-30,2021Q3,50,2755,8,279,8,2458
2023-05-30,2021Q3,51,190,0,2,0,188
2023-05-30,2021Q3,52,165,0,6,0,158
2023-05-30,2021Q4,00,193101,16010,16675,1093,159124
2023-05-30,2021Q4,01,933,1,42,2,888
2023-05-30,2021Q4,02,1212,4,64,4,1136
2023-05-30,2021Q4,03,14250,4987,1912,117,7217
2023-05-30,2021Q4,04,4077,418,626,34,2995
2023-05-30,2021Q4,05,841,4,44,2,791
2023-05-30,2021Q4,06,2159,2,50,3,2104
2023-05-30,2021Q4,07,5483,1623,640,32,3177
2023-05-30,2021Q4,08,18544,323,2016,73,16116
2023-05-30,2021Q4,09,1598,1,92,10,1493
2023-05-30,2021Q4,10,1267,3,58,4,1201
2023-05-30,2021Q4,11,5158,229,256,44,4625
2023-05-30,2021Q4,12,3377,201,441,20,2710
2023-05-30,2021Q4,13,1543,6,99,1,1437
2023-05-30,2021Q4,14,2515,16,41,5,2451
2023-05-30,2021Q4,15,3051,19,84,34,2909
2023-05-30,2021Q4,16,756,0,80,1,675
2023-05-30,2021Q4,17,4261,876,392,40,2947
2023-05-30,2021Q4,18,4359,196,255,29,3877
2023-05-30,2021Q4,19,1822,1,147,5,1667
2023-05-30,2021Q4,20,2274,13,110,18,2129
2023-05-30,2021Q4,21,2390,79,145,11,2151
2023-05-30,2021Q4,22,1064,8,96,4,954
2023-05-30,2021Q4,23,1803,13,51,3,1735
2023-05-30,2021Q4,24,1461,4,62,6,1387
2023-05-30,2021Q4,25,1735,13,180,5,1535
2023-05-30,2021Q4,26,1536,3,158,6,1367
2023-05-30,2021Q4,27,1052,7,34,5,1006
2023-05-30,2021Q4,28,25140,170,1847,111,22981
2023-05-30,2021Q4,29,12142,3668,1026,121,7320
2023-05-30,2021Q4,30,6899,930,807,26,5134
2023-05-30,2021Q4,31,2211,10,204,6,1990
2023-05-30,2021Q4,32,691,10,34,7,639
2023-05-30,2021Q4,33,3644,48,155,48,3385
2023-05-30,2021Q4,34,560,1,27,3,529
2023-05-30,2021Q4,35,3674,708,439,11,2512
2023-05-30,2021Q4,36,2240,12,66,40,2121
2023-05-30,2021Q4,37,1219,7,37,3,1172
2023-05-30,2021Q4,38,3524,729,504,14,2274
2023-05-30,2021Q4,39,2703,10,115,22,2555
2023-05-30,2021Q4,40,768,1,59,3,705
2023-05-30,2021Q4,41,6932,12,212,19,6683
2023-05-30,2021Q4,42,426,2,37,1,386
2023-05-30,2021Q4,43,4514,252,513,30,3715
2023-05-30,2021Q4,44,569,3,61,0,505
2023-05-30,2021Q4,45,3527,9,313,2,3198
2023-05-30,2021Q4,46,11202,369,1456,72,9285
2023-05-30,2021Q4,47,1911,1,77,4,1826
2023-05-30,2021Q4,48,3910,3,146,11,3750
2023-05-30,2021Q4,49,542,0,22,6,514
2023-05-30,2021Q4,50,3308,5,338,14,2947
2023-05-30,2021Q4,51,144,0,2,1,141
2023-05-30,2021Q4,52,180,0,3,0,177
2023-05-30,2022Q1,00,175383,14860,16767,932,142458
2023-05-30,2022Q1,01,1035,1,49,1,982
2023-05-30,2022Q1,02,1137,2,91,0,1037
2023-05-30,2022Q1,03,13351,4772,1973,101,6486
2023-05-30,2022Q1,04,3606,319,644,15,2627
2023-05-30,2022Q1,05,737,1,41,5,690
2023-05-30,2022Q1,06,1750,1,46,5,1692
2023-05-30,2022Q1,07,4797,1355,643,34,2744
2023-05-30,2022Q1,08,17185,289,2043,66,14742
2023-05-30,2022Q1,09,1443,1,119,5,1313
2023-05-30,2022Q1,10,1426,1,64,3,1357
2023-05-30,2022Q1,11,4394,148,226,25,3992
2023-05-30,2022Q1,12,2684,168,408,17,2083
2023-05-30,2022Q1,13,1439,0,92,1,1343
2023-05-30,2022Q1,14,2338,14,45,5,2270
2023-05-30,2022Q1,15,2691,13,85,34,2554
2023-05-30,2022Q1,16,582,5,72,0,502
2023-05-30,2022Q1,17,3790,696,409,37,2647
2023-05-30,2022Q1,18,3723,159,218,16,3325
2023-05-30,2022Q1,19,1163,1,127,6,1027
2023-05-30,2022Q1,20,1915,11,101,14,1778
2023-05-30,2022Q1,21,1997,40,150,9,1793
2023-05-30,2022Q1,22,899,6,78,1,811
2023-05-30,2022Q1,23,1837,13,46,1,1771
2023-05-30,2022Q1,24,1334,4,69,5,1251
2023-05-30,2022Q1,25,1493,25,202,4,1258
2023-05-30,2022Q1,26,1284,4,129,7,1143
2023-05-30,2022Q1,27,844,7,37,2,796
2023-05-30,2022Q1,28,24082,172,1920,143,21796
2023-05-30,2022Q1,29,10483,3125,1040,83,6217
2023-05-30,2022Q1,30,6166,770,797,19,4575
2023-05-30,2022Q1,31,2110,3,178,5,1922
2023-05-30,2022Q1,32,591,9,25,9,547
2023-05-30,2022Q1,33,3471,39,185,28,3214
2023-05-30,2022Q1,34,456,2,17,1,434
2023-05-30,2022Q1,35,4300,895,452,19,2928
2023-05-30,2022Q1,36,1932,12,52,22,1846
2023-05-30,2022Q1,37,1073,4,37,6,1025
2023-05-30,2022Q1,38,3393,975,596,23,1787
2023-05-30,2022Q1,39,2205,14,96,20,2072
2023-05-30,2022Q1,40,659,2,43,3,611
2023-05-30,2022Q1,41,6207,18,216,11,5931
2023-05-30,2022Q1,42,428,1,30,1,394
2023-05-30,2022Q1,43,3938,238,549,37,3109
2023-05-30,2022Q1,44,439,0,42,0,396
2023-05-30,2022Q1,45,3322,120,327,1,2870
2023-05-30,2022Q1,46,10101,384,1396,62,8232
2023-05-30,2022Q1,47,1680,2,87,5,1586
2023-05-30,2022Q1,48,3629,6,126,7,3483
2023-05-30,2022Q1,49,489,1,22,1,462
2023-05-30,2022Q1,50,2992,12,307,7,2664
2023-05-30,2022Q1,51,175,0,4,0,171
2023-05-30,2022Q1,52,188,0,16,0,172
2023-05-30,2022Q2,00,199578,17814,19318,1053,160986
2023-05-30,2022Q2,01,1010,1,58,2,945
2023-05-30,2022Q2,02,1351,2,79,3,1258
2023-05-30,2022Q2,03,16243,5888,2375,111,7835
2023-05-30,2022Q2,04,4375,482,706,16,3170
2023-05-30,2022Q2,05,808,0,44,4,760
2023-05-30,2022Q2,06,2049,2,61,10,1969
2023-05-30,2022Q2,07,5365,1503,696,35,3116
2023-05-30,2022Q2,08,20134,328,2390,91,17280
2023-05-30,2022Q2,09,1626,1,103,2,1519
2023-05-30,2022Q2,10,1259,3,59,5,1189
2023-05-30,2022Q2,11,5067,241,265,41,4513
2023-05-30,2022Q2,12,3293,209,472,24,2581
2023-05-30,2022Q2,13,1633,1,108,4,1515
2023-05-30,2022Q2,14,2447,17,67,4,2356
2023-05-30,2022Q2,15,3117,22,104,21,2966
2023-05-30,2022Q2,16,672,3,72,0,596
2023-05-30,2022Q2,17,4453,895,456,33,3064
2023-05-30,2022Q2,18,4437,211,297,20,3907
2023-05-30,2022Q2,19,1388,5,133,1,1246
2023-05-30,2022Q2,20,2400,15,109,18,2250
2023-05-30,2022Q2,21,2358,66,182,7,2101
2023-05-30,2022Q2,22,1004,12,105,3,882
2023-05-30,2022Q2,23,1935,23,45,1,1865
2023-05-30,2022Q2,24,1599,7,55,3,1531
2023-05-30,2022Q2,25,1673,13,222,4,1431
2023-05-30,2022Q2,26,1450,3,163,6,1274
2023-05-30,2022Q2,27,878,7,51,4,814
2023-05-30,2022Q2,28,25078,202,2044,135,22659
2023-05-30,2022Q2,29,12415,3683,1248,111,7351
2023-05-30,2022Q2,30,6685,947,804,25,4901
2023-05-30,2022Q2,31,2439,8,228,11,2189
2023-05-30,2022Q2,32,719,4,35,9,671
2023-05-30,2022Q2,33,3618,37,177,32,3357
2023-05-30,2022Q2,34,503,0,33,1,469
2023-05-30,2022Q2,35,4448,915,581,18,2926
2023-05-30,2022Q2,36,2206,16,75,26,2089
2023-05-30,2022Q2,37,1197,2,38,2,1152
2023-05-30,2022Q2,38,4547,1176,669,15,2680
2023-05-30,2022Q2,39,2735,19,131,28,2538
2023-05-30,2022Q2,40,708,2,66,2,635
2023-05-30,2022Q2,41,6787,25,243,18,6473
2023-05-30,2022Q2,42,378,2,20,0,355
2023-05-30,2022Q2,43,4945,323,595,40,3971
2023-05-30,2022Q2,44,459,0,59,0,400
2023-05-30,2022Q2,45,3409,4,394,6,3001
2023-05-30,2022Q2,46,12039,470,1781,69,9684
2023-05-30,2022Q2,47,1791,7,97,4,1681
2023-05-30,2022Q2,48,3815,4,148,12,3647
2023-05-30,2022Q2,49,600,3,20,1,573
2023-05-30,2022Q2,50,3699,4,344,15,3330
2023-05-30,2022Q2,51,150,0,5,0,145
2023-05-30,2022Q2,52,184,1,6,0,176
2023-05-30,2022Q3,00,168793,15526,17177,1078,134578
2023-05-30,2022Q3,01,979,0,50,1,928
2023-05-30,2022Q3,02,1013,3,69,3,932
2023-05-30,2022Q3,03,14068,5227,2211,120,6482
2023-05-30,2022Q3,04,4092,418,577,19,3062
2023-05-30,2022Q3,05,866,0,63,2,800
2023-05-30,2022Q3,06,1763,3,49,2,1697
2023-05-30,2022Q3,07,4472,1317,595,31,2504
2023-05-30,2022Q3,08,16616,351,2157,76,13992
2023-05-30,2022Q3,09,1539,4,110,3,1419
2023-05-30,2022Q3,10,1335,4,50,8,1272
2023-05-30,2022Q3,11,4338,174,236,32,3886
2023-05-30,2022Q3,12,2953,218,434,22,2250
2023-05-30,2022Q3,13,1490,4,79,2,1404
2023-05-30,2022Q3,14,2138,12,57,8,2061
2023-05-30,2022Q3,15,2880,26,101,37,2708
2023-05-30,2022Q3,16,581,4,53,1,523
2023-05-30,2022Q3,17,3937,858,468,30,2576
2023-05-30,2022Q3,18,3702,175,247,38,3236
2023-05-30,2022Q3,19,1094,0,108,1,983
2023-05-30,2022Q3,20,1713,18,83,18,1587
2023-05-30,2022Q3,21,1913,50,141,7,1713
2023-05-30,2022Q3,22,854,7,68,2,776
2023-05-30,2022Q3,23,1720,21,50,2,1647
2023-05-30,2022Q3,24,1400,12,59,11,1315
2023-05-30,2022Q3,25,1471,11,206,6,1242
2023-05-30,2022Q3,26,1134,4,128,8,992
2023-05-30,2022Q3,27,978,13,53,2,909
2023-05-30,2022Q3,28,19723,189,1765,117,17615
2023-05-30,2022Q3,29,9891,2955,1009,109,5771
2023-05-30,2022Q3,30,6155,906,743,33,4467
2023-05-30,2022Q3,31,1698,6,183,11,1496
2023-05-30,2022Q3,32,718,16,53,22,626
2023-05-30,2022Q3,33,3349,52,209,42,3037
2023-05-30,2022Q3,34,507,0,24,2,481
2023-05-30,2022Q3,35,4044,712,498,11,2821
2023-05-30,2022Q3,36,2012,23,65,27,1896
2023-05-30,2022Q3,37,1119,12,33,11,1062
2023-05-30,2022Q3,38,3509,891,611,20,1981
2023-05-30,2022Q3,39,2192,18,98,24,2044
2023-05-30,2022Q3,40,554,2,59,2,490
2023-05-30,2022Q3,41,5903,34,221,10,5626
2023-05-30,2022Q3,42,321,3,22,3,291
2023-05-30,2022Q3,43,4267,263,570,37,3382
2023-05-30,2022Q3,44,540,3,40,2,495
2023-05-30,2022Q3,45,2677,5,292,3,2373
2023-05-30,2022Q3,46,10181,478,1589,72,7989
2023-05-30,2022Q3,47,1574,2,94,5,1472
2023-05-30,2022Q3,48,2944,9,142,11,2778
2023-05-30,2022Q3,49,539,1,34,4,496
2023-05-30,2022Q3,50,3063,11,313,8,2728
2023-05-30,2022Q3,51,143,0,4,0,139
2023-05-30,2022Q3,52,131,1,4,0,126
2023-05-30,2022Q4,00,173804,14850,18280,976,139259
2023-05-30,2022Q4,01,889,5,31,1,851
2023-05-30,2022Q4,02,1097,0,69,3,1020
2023-05-30,2022Q4,03,14284,5006,2227,113,6869
2023-05-30,2022Q4,04,3749,455,587,18,2687
2023-05-30,2022Q4,05,786,3,46,4,733
2023-05-30,2022Q4,06,1865,4,56,2,1796
2023-05-30,2022Q4,07,4372,1124,626,39,2576
2023-05-30,2022Q4,08,16786,381,2285,47,14035
2023-05-30,2022Q4,09,1436,4,110,1,1319
2023-05-30,2022Q4,10,1271,5,61,3,1199
2023-05-30,2022Q4,11,4647,170,292,35,4142
2023-05-30,2022Q4,12,3077,225,467,25,2347
2023-05-30,2022Q4,13,1546,2,127,0,1415
2023-05-30,2022Q4,14,2366,15,73,7,2267
2023-05-30,2022Q4,15,2803,26,96,33,2646
2023-05-30,2022Q4,16,655,3,72,1,579
2023-05-30,2022Q4,17,3988,809,521,34,2620
2023-05-30,2022Q4,18,4025,184,294,35,3506
2023-05-30,2022Q4,19,1220,9,144,0,1064
2023-05-30,2022Q4,20,2227,10,121,15,2078
2023-05-30,2022Q4,21,1885,53,149,8,1673
2023-05-30,2022Q4,22,855,6,87,6,753
2023-05-30,2022Q4,23,1776,13,67,2,1688
2023-05-30,2022Q4,24,1368,8,79,9,1268
2023-05-30,2022Q4,25,1512,12,200,5,1287
2023-05-30,2022Q4,26,1275,8,161,3,1101
2023-05-30,2022Q4,27,918,3,64,5,845
2023-05-30,2022Q4,28,21523,180,1863,109,19318
2023-05-30,2022Q4,29,9417,2724,996,81,5580
2023-05-30,2022Q4,30,6443,942,835,30,4623
2023-05-30,2022Q4,31,1789,14,192,5,1569
2023-05-30,2022Q4,32,755,12,40,14,689
2023-05-30,2022Q4,33,3432,60,231,41,3098
2023-05-30,2022Q4,34,494,3,20,1,469
2023-05-30,2022Q4,35,3686,656,525,6,2490
2023-05-30,2022Q4,36,1986,24,86,34,1841
2023-05-30,2022Q4,37,1062,8,46,5,1003
2023-05-30,2022Q4,38,3199,753,566,17,1857
2023-05-30,2022Q4,39,2279,19,78,18,2155
2023-05-30,2022Q4,40,808,0,61,3,738
2023-05-30,2022Q4,41,6124,26,270,15,5804
2023-05-30,2022Q4,42,397,1,28,3,361
2023-05-30,2022Q4,43,4037,320,552,41,3113
2023-05-30,2022Q4,44,576,3,74,2,496
2023-05-30,2022Q4,45,3030,8,345,3,2668
2023-05-30,2022Q4,46,10978,529,1697,69,8647
2023-05-30,2022Q4,47,1698,2,100,6,1586
2023-05-30,2022Q4,48,3293,10,151,10,3119
2023-05-30,2022Q4,49,516,2,28,2,477
2023-05-30,2022Q4,50,3310,11,358,7,2926
2023-05-30,2022Q4,51,150,0,14,0,136
2023-05-30,2022Q4,52,144,0,12,0,132
2025-10-06,2021Q1,00,141851,6242,12279,549,122697
2025-10-06,2021Q1,01,939,1,41,0,895
2025-10-06,2021Q1,02,970,0,59,0,911
2025-10-06,2021Q1,03,8457,1854,1285,53,5262
2025-10-06,2021Q1,04,2780,119,583,10,2068
2025-10-06,2021Q1,05,539,0,34,2,502
2025-10-06,2021Q1,06,1776,1,31,3,1740
2025-10-06,2021Q1,07,3226,551,454,15,2203
2025-10-06,2021Q1,08,15008,150,1542,37,13273
2025-10-06,2021Q1,09,1238,1,78,5,1154
2025-10-06,2021Q1,10,1044,2,40,2,999
2025-10-06,2021Q1,11,3671,68,149,17,3436
2025-10-06,2021Q1,12,2485,80,311,13,2079
2025-10-06,2021Q1,13,1214,1,64,1,1146
2025-10-06,2021Q1,14,1977,8,41,2,1926
2025-10-06,2021Q1,15,2214,7,49,20,2137
2025-10-06,2021Q1,16,486,0,43,0,443
2025-10-06,2021Q1,17,2872,342,283,15,2232
2025-10-06,2021Q1,18,2927,76,182,14,2652
2025-10-06,2021Q1,19,1028,1,89,1,936
2025-10-06,2021Q1,20,2003,7,75,12,1908
2025-10-06,2021Q1,21,1703,20,106,8,1568
2025-10-06,2021Q1,22,632,3,71,2,555
2025-10-06,2021Q1,23,1473,11,47,1,1414
2025-10-06,2021Q1,24,1064,1,60,5,997
2025-10-06,2021Q1,25,1340,7,174,6,1152
2025-10-06,2021Q1,26,1003,1,130,3,869
2025-10-06,2021Q1,27,815,3,33,0,778
2025-10-06,2021Q1,28,20259,82,1403,78,18681
2025-10-06,2021Q1,29,7080,1322,619,56,5077
2025-10-06,2021Q1,30,4901,362,700,13,3824
2025-10-06,2021Q1,31,1908,7,173,3,1725
2025-10-06,2021Q1,32,483,2,24,4,452
2025-10-06,2021Q1,33,2743,17,124,23,2579
2025-10-06,2021Q1,34,478,0,20,0,457
2025-10-06,2021Q1,35,2832,381,297,5,2145
2025-10-06,2021Q1,36,1680,9,49,12,1610
2025-10-06,2021Q1,37,853,1,33,2,817
2025-10-06,2021Q1,38,2372,451,319,9,1592
2025-10-06,2021Q1,39,1794,6,69,12,1705
2025-10-06,2021Q1,40,492,3,37,1,451
2025-10-06,2021Q1,41,5398,16,169,10,5199
2025-10-06,2021Q1,42,219,1,19,0,199
2025-10-06,2021Q1,43,3446,83,405,11,2941
2025-10-06,2021Q1,44,366,0,52,0,313
2025-10-06,2021Q1,45,2331,3,241,3,2083
2025-10-06,2021Q1,46,8871,176,995,43,7655
2025-10-06,2021Q1,47,1555,0,75,5,1475
2025-10-06,2021Q1,48,3333,3,111,10,3207
2025-10-06,2021Q1,49,457,0,16,0,441
2025-10-06,2021Q1,50,2775,1,260,2,2509
2025-10-06,2021Q1,51,155,0,4,0,151
2025-10-06,2021Q1,52,186,1,11,0,174
2025-10-06,2021Q2,00,177997,9430,15737,726,151977
2025-10-06,2021Q2,01,899,3,44,1,850
2025-10-06,2021Q2,02,1087,2,68,3,1014
2025-10-06,2021Q2,03,11477,2644,1764,70,6992
2025-10-06,2021Q2,04,3971,215,713,18,3022
2025-10-06,2021Q2,05,748,1,36,1,710
2025-10-06,2021Q2,06,1907,0,39,1,1865
2025-10-06,2021Q2,07,4502,1084,618,14,2784
2025-10-06,2021Q2,08,18006,202,1927,60,15802
2025-10-06,2021Q2,09,1559,1,100,2,1456
2025-10-06,2021Q2,10,1162,1,34,0,1127
2025-10-06,2021Q2,11,5196,154,204,24,4809
2025-10-06,2021Q2,12,3352,114,398,15,2821
2025-10-06,2021Q2,13,1489,0,93,0,1395
2025-10-06,2021Q2,14,2494,12,63,2,2416
2025-10-06,2021Q2,15,2757,13,82,21,2641
2025-10-06,2021Q2,16,671,1,67,0,603
2025-10-06,2021Q2,17,3659,476,388,24,2769
2025-10-06,2021Q2,18,3734,100,243,9,3381
2025-10-06,2021Q2,19,1396,2,142,2,1249
2025-10-06,2021Q2,20,2056,6,79,12,1958
2025-10-06,2021Q2,21,2365,20,141,2,2197
2025-10-06,2021Q2,22,907,5,68,2,831
2025-10-06,2021Q2,23,1772,7,40,0,1724
2025-10-06,2021Q2,24,1363,5,49,7,1300
2025-10-06,2021Q2,25,1468,6,172,0,1290
2025-10-06,2021Q2,26,1306,2,140,4,1160
2025-10-06,2021Q2,27,942,4,44,5,888
2025-10-06,2021Q2,28,24986,95,1945,120,22802
2025-10-06,2021Q2,29,9395,2075,911,83,6325
2025-10-06,2021Q2,30,6487,596,819,16,5056
2025-10-06,2021Q2,31,2105,3,167,3,1932
2025-10-06,2021Q2,32,634,4,33,9,588
2025-10-06,2021Q2,33,3494,26,162,19,3273
2025-10-06,2021Q2,34,493,0,16,0,477
2025-10-06,2021Q2,35,3204,488,369,14,2326
2025-10-06,2021Q2,36,2145,9,60,16,2060
2025-10-06,2021Q2,37,1057,1,34,5,1017
2025-10-06,2021Q2,38,2912,581,396,10,1925
2025-10-06,2021Q2,39,2475,11,76,15,2373
2025-10-06,2021Q2,40,621,0,37,0,584
2025-10-06,2021Q2,41,6714,18,207,4,6477
2025-10-06,2021Q2,42,330,0,20,1,309
2025-10-06,2021Q2,43,4332,163,509,25,3635
2025-10-06,2021Q2,44,466,1,55,0,410
2025-10-06,2021Q2,45,3296,4,327,6,2956
2025-10-06,2021Q2,46,11176,258,1317,48,9545
2025-10-06,2021Q2,47,1809,0,66,7,1735
2025-10-06,2021Q2,48,3525,8,132,11,3373
2025-10-06,2021Q2,49,465,0,24,0,441
2025-10-06,2021Q2,50,3293,8,288,10,2983
2025-10-06,2021Q2,51,167,0,4,0,163
2025-10-06,2021Q2,52,171,1,7,5,158
2025-10-06,2021Q3,00,161300,12109,14508,964,133471
2025-10-06,2021Q3,01,858,2,47,2,806
2025-10-06,2021Q3,02,917,5,62,1,849
2025-10-06,2021Q3,03,11876,3810,1730,108,6217
2025-10-06,2021Q3,04,3771,285,538,13,2922
2025-10-06,2021Q3,05,730,1,31,2,693
2025-10-06,2021Q3,06,1746,1,40,0,1701
2025-10-06,2021Q3,07,4457,1431,580,20,2422
2025-10-06,2021Q3,08,15672,253,1814,71,13514
2025-10-06,2021Q3,09,1329,1,83,6,1239
2025-10-06,2021Q3,10,1125,2,39,5,1079
2025-10-06,2021Q3,11,4329,131,210,30,3955
2025-10-06,2021Q3,12,3084,181,412,26,2459
2025-10-06,2021Q3,13,1241,1,90,0,1149
2025-10-06,2021Q3,14,2136,18,47,1,2067
2025-10-06,2021Q3,15,2818,19,83,38,2674
2025-10-06,2021Q3,16,614,5,65,0,544
2025-10-06,2021Q3,17,3758,704,347,43,2659
2025-10-06,2021Q3,18,3398,169,223,30,2974
2025-10-06,2021Q3,19,1183,2,112,13,1050
2025-10-06,2021Q3,20,1824,12,87,8,1713
2025-10-06,2021Q3,21,2101,57,135,10,1898
2025-10-06,2021Q3,22,853,9,63,5,776
2025-10-06,2021Q3,23,1516,10,54,1,1445
2025-10-06,2021Q3,24,1372,3,39,11,1317
2025-10-06,2021Q3,25,1455,17,177,5,1244
2025-10-06,2021Q3,26,1284,3,125,6,1150
2025-10-06,2021Q3,27,998,2,32,2,962
2025-10-06,2021Q3,28,20692,130,1615,114,18808
2025-10-06,2021Q3,29,9232,2519,800,98,5806
2025-10-06,2021Q3,30,5382,609,712,24,4032
2025-10-06,2021Q3,31,1801,5,166,8,1618
2025-10-06,2021Q3,32,645,7,28,11,599
2025-10-06,2021Q3,33,3120,28,148,38,2900
2025-10-06,2021Q3,34,517,3,15,2,494
2025-10-06,2021Q3,35,3160,536,371,22,2227
2025-10-06,2021Q3,36,2043,11,61,30,1937
2025-10-06,2021Q3,37,1062,6,35,4,1017
2025-10-06,2021Q3,38,2842,562,419,14,1844
2025-10-06,2021Q3,39,2708,19,106,22,2559
2025-10-06,2021Q3,40,641,2,43,2,594
2025-10-06,2021Q3,41,5748,11,183,12,5524
2025-10-06,2021Q3,42,364,2,18,0,343
2025-10-06,2021Q3,43,4080,200,477,25,3356
2025-10-06,2021Q3,44,497,1,46,1,449
2025-10-06,2021Q3,45,2820,7,307,3,2501
2025-10-06,2021Q3,46,9407,304,1205,56,7820
2025-10-06,2021Q3,47,1620,3,66,2,1547
2025-10-06,2021Q3,48,2811,1,116,11,2681
2025-10-06,2021Q3,49,553,1,19,0,533
2025-10-06,2021Q3,50,2755,8,279,8,2458
2025-10-06,2021Q3,51,190,0,2,0,188
2025-10-06,2021Q3,52,165,0,6,0,158
2025-10-06,2021Q4,00,193101,16010,16675,1093,159124
2025-10-06,2021Q4,01,933,1,42,2,888
2025-10-06,2021Q4,02,1212,4,64,4,1136
2025-10-06,2021Q4,03,14250,4987,1912,117,7217
2025-10-06,2021Q4,04,4077,418,626,34,2995
2025-10-06,2021Q4,05,841,4,44,2,791
2025-10-06,2021Q4,06,2159,2,50,3,2104
2025-10-06,2021Q4,07,5483,1623,640,32,3177
2025-10-06,2021Q4,08,18544,323,2016,73,16116
2025-10-06,2021Q4,09,1598,1,92,10,1493
2025-10-06,2021Q4,10,1267,3,58,4,1201
2025-10-06,2021Q4,11,5158,229,256,44,4625
2025-10-06,2021Q4,12,3377,201,441,20,2710
2025-10-06,2021Q4,13,1543,6,99,1,1437
2025-10-06,2021Q4,14,2515,16,41,5,2451
2025-10-06,2021Q4,15,3051,19,84,34,2909
2025-10-06,2021Q4,16,756,0,80,1,675
2025-10-06,2021Q4,17,4261,876,392,40,2947
2025-10-06,2021Q4,18,4359,196,255,29,3877
2025-10-06,2021Q4,19,1822,1,147,5,1667
2025-10-06,2021Q4,20,2274,13,110,18,2129
2025-10-06,2021Q4,21,2390,79,145,11,2151
2025-10-06,2021Q4,22,1064,8,96,4,954
2025-10-06,2021Q4,23,1803,13,51,3,1735
2025-10-06,2021Q4,24,1461,4,62,6,1387
2025-10-06,2021Q4,25,1735,13,180,5,1535
2025-10-06,2021Q4,26,1536,3,158,6,1367
2025-10-06,2021Q4,27,1052,7,34,5,1006
2025-10-06,2021Q4,28,25140,170,1847,111,22981
2025-10-06,2021Q4,29,12142,3668,1026,121,7320
2025-10-06,2021Q4,30,6899,930,807,26,5134
2025-10-06,2021Q4,31,2211,10,204,6,1990
2025-10-06,2021Q4,32,691,10,34,7,639
2025-10-06,2021Q4,33,3644,48,155,48,3385
2025-10-06,2021Q4,34,560,1,27,3,529
2025-10-06,2021Q4,35,3674,708,439,11,2512
2025-10-06,2021Q4,36,2240,12,66,40,2121
2025-10-06,2021Q4,37,1219,7,37,3,1172
2025-10-06,2021Q4,38,3524,729,504,14,2274
2025-10-06,2021Q4,39,2703,10,115,22,2555
2025-10-06,2021Q4,40,768,1,59,3,705
2025-10-06,2021Q4,41,6932,12,212,19,6683
2025-10-06,2021Q4,42,426,2,37,1,386
2025-10-06,2021Q4,43,4514,252,513,30,3715
2025-10-06,2021Q4,44,569,3,61,0,505
2025-10-06,2021Q4,45,3527,9,313,2,3198
2025-10-06,2021Q4,46,11202,369,1456,72,9285
2025-10-06,2021Q4,47,1911,1,77,4,1826
2025-10-06,2021Q4,48,3910,3,146,11,3750
2025-10-06,2021Q4,49,542,0,22,6,514
2025-10-06,2021Q4,50,3308,5,338,14,2947
2025-10-06,2021Q4,51,144,0,2,1,141
2025-10-06,2021Q4,52,180,0,3,0,177
2025-10-06,2022Q1,00,175383,14860,16767,932,142458
2025-10-06,2022Q1,01,1035,1,49,1,982
2025-10-06,2022Q1,02,1137,2,91,0,1037
2025-10-06,2022Q1,03,13351,4772,1973,101,6486
2025-10-06,2022Q1,04,3606,319,644,15,2627
2025-10-06,2022Q1,05,737,1,41,5,690
2025-10-06,2022Q1,06,1750,1,46,5,1692
2025-10-06,2022Q1,07,4797,1355,643,34,2744
2025-10-06,2022Q1,08,17185,289,2043,66,14742
2025-10-06,2022Q1,09,1443,1,119,5,1313
2025-10-06,2022Q1,10,1426,1,64,3,1357
2025-10-06,2022Q1,11,4394,148,226,25,3992
2025-10-06,2022Q1,12,2684,168,408,17,2083
2025-10-06,2022Q1,13,1439,0,92,1,1343
2025-10-06,2022Q1,14,2338,14,45,5,2270
2025-10-06,2022Q1,15,2691,13,85,34,2554
2025-10-06,2022Q1,16,582,5,72,0,502
2025-10-06,2022Q1,17,3790,696,409,37,2647
2025-10-06,2022Q1,18,3723,159,218,16,3325
2025-10-06,2022Q1,19,1163,1,127,6,1027
2025-10-06,2022Q1,20,1915,11,101,14,1778
2025-10-06,2022Q1,21,1997,40,150,9,1793
2025-10-06,2022Q1,22,899,6,78,1,811
2025-10-06,2022Q1,23,1837,13,46,1,1771
2025-10-06,2022Q1,24,1334,4,69,5,1251
2025-10-06,2022Q1,25,1493,25,202,4,1258
2025-10-06,2022Q1,26,1284,4,129,7,1143
2025-10-06,2022Q1,27,844,7,37,2,796
2025-10-06,2022Q1,28,24082,172,1920,143,21796
2025-10-06,2022Q1,29,10483,3125,1040,83,6217
2025-10-06,2022Q1,30,6166,770,797,19,4575
2025-10-06,2022Q1,31,2110,3,178,5,1922
2025-10-06,2022Q1,32,591,9,25,9,547
2025-10-06,2022Q1,33,3471,39,185,28,3214
2025-10-06,2022Q1,34,456,2,17,1,434
2025-10-06,2022Q1,35,4300,895,452,19,2928
2025-10-06,2022Q1,36,1932,12,52,22,1846
2025-10-06,2022Q1,37,1073,4,37,6,1025
2025-10-06,2022Q1,38,3393,975,596,23,1787
2025-10-06,2022Q1,39,2205,14,96,20,2072
2025-10-06,2022Q1,40,659,2,43,3,611
2025-10-06,2022Q1,41,6207,18,216,11,5931
2025-10-06,2022Q1,42,428,1,30,1,394
2025-10-06,2022Q1,43,3938,238,549,37,3109
2025-10-06,2022Q1,44,439,0,42,0,396
2025-10-06,2022Q1,45,3322,120,327,1,2870
2025-10-06,2022Q1,46,10101,384,1396,62,8232
2025-10-06,2022Q1,47,1680,2,87,5,1586
2025-10-06,2022Q1,48,3629,6,126,7,3483
2025-10-06,2022Q1,49,489,1,22,1,462
2025-10-06,2022Q1,50,2992,12,307,7,2664
2025-10-06,2022Q1,51,175,0,4,0,171
2025-10-06,2022Q1,52,188,0,16,0,172
2025-10-06,2022Q2,00,199578,17814,19318,1053,160986
2025-10-06,2022Q2,01,1010,1,58,2,945
2025-10-06,2022Q2,02,1351,2,79,3,1258
2025-10-06,2022Q2,03,16243,5888,2375,111,7835
2025-10-06,2022Q2,04,4375,482,706,16,3170
2025-10-06,2022Q2,05,808,0,44,4,760
2025-10-06,2022Q2,06,2049,2,61,10,1969
2025-10-06,2022Q2,07,5365,1503,696,35,3116
2025-10-06,2022Q2,08,20134,328,2390,91,17280
2025-10-06,2022Q2,09,1626,1,103,2,1519
2025-10-06,2022Q2,10,1259,3,59,5,1189
2025-10-06,2022Q2,11,5067,241,265,41,4513
2025-10-06,2022Q2,12,3293,209,472,24,2581
2025-10-06,2022Q2,13,1633,1,108,4,1515
2025-10-06,2022Q2,14,2447,17,67,4,2356
2025-10-06,2022Q2,15,3117,22,104,21,2966
2025-10-06,2022Q2,16,672,3,72,0,596
2025-10-06,2022Q2,17,4453,895,456,33,3064
2025-10-06,2022Q2,18,4437,211,297,20,3907
2025-10-06,2022Q2,19,1388,5,133,1,1246
2025-10-06,2022Q2,20,2400,15,109,18,2250
2025-10-06,2022Q2,21,2358,66,182,7,2101
2025-10-06,2022Q2,22,1004,12,105,3,882
2025-10-06,2022Q2,23,1935,23,45,1,1865
2025-10-06,2022Q2,24,1599,7,55,3,1531
2025-10-06,2022Q2,25,1673,13,222,4,1431
2025-10-06,2022Q2,26,1450,3,163,6,1274
2025-10-06,2022Q2,27,878,7,51,4,814
2025-10-06,2022Q2,28,25078,202,2044,135,22659
2025-10-06,2022Q2,29,12415,3683,1248,111,7351
2025-10-06,2022Q2,30,6685,947,804,25,4901
2025-10-06,2022Q2,31,2439,8,228,11,2189
2025-10-06,2022Q2,32,719,4,35,9,671
2025-10-06,2022Q2,33,3618,37,177,32,3357
2025-10-06,2022Q2,34,503,0,33,1,469
2025-10-06,2022Q2,35,4448,915,581,18,2926
2025-10-06,2022Q2,36,2206,16,75,26,2089
2025-10-06,2022Q2,37,1197,2,38,2,1152
2025-10-06,2022Q2,38,4547,1176,669,15,2680
2025-10-06,2022Q2,39,2735,19,131,28,2538
2025-10-06,2022Q2,40,708,2,66,2,635
2025-10-06,2022Q2,41,6787,25,243,18,6473
2025-10-06,2022Q2,42,378,2,20,0,355
2025-10-06,2022Q2,43,4945,323,595,40,3971
2025-10-06,2022Q2,44,459,0,59,0,400
2025-10-06,2022Q2,45,3409,4,394,6,3001
2025-10-06,2022Q2,46,12039,470,1781,69,9684
2025-10-06,2022Q2,47,1791,7,97,4,1681
2025-10-06,2022Q2,48,3815,4,148,12,3647
2025-10-06,2022Q2,49,600,3,20,1,573
2025-10-06,2022Q2,50,3699,4,344,15,3330
2025-10-06,2022Q2,51,150,0,5,0,145
2025-10-06,2022Q2,52,184,1,6,0,176
2025-10-06,2022Q3,00,168793,15526,17177,1078,134578
2025-10-06,2022Q3,01,979,0,50,1,928
2025-10-06,2022Q3,02,1013,3,69,3,932
2025-10-06,2022Q3,03,14068,5227,2211,120,6482
2025-10-06,2022Q3,04,4092,418,577,19,3062
2025-10-06,2022Q3,05,866,0,63,2,800
2025-10-06,2022Q3,06,1763,3,49,2,1697
2025-10-06,2022Q3,07,4472,1317,595,31,2504
2025-10-06,2022Q3,08,16616,351,2157,76,13992
2025-10-06,2022Q3,09,1539,4,110,3,1419
2025-10-06,2022Q3,10,1335,4,50,8,1272
2025-10-06,2022Q3,11,4338,174,236,32,3886
2025-10-06,2022Q3,12,2953,218,434,22,2250
2025-10-06,2022Q3,13,1490,4,79,2,1404
2025-10-06,2022Q3,14,2138,12,57,8,2061
2025-10-06,2022Q3,15,2880,26,101,37,2708
2025-10-06,2022Q3,16,581,4,53,1,523
2025-10-06,2022Q3,17,3937,858,468,30,2576
2025-10-06,2022Q3,18,3702,175,247,38,3236
2025-10-06,2022Q3,19,1094,0,108,1,983
2025-10-06,2022Q3,20,1713,18,83,18,1587
2025-10-06,2022Q3,21,1913,50,141,7,1713
2025-10-06,2022Q3,22,854,7,68,2,776
2025-10-06,2022Q3,23,1720,21,50,2,1647
2025-10-06,2022Q3,24,1400,12,59,11,1315
2025-10-06,2022Q3,25,1471,11,206,6,1242
2025-10-06,2022Q3,26,1134,4,128,8,992
2025-10-06,2022Q3,27,978,13,53,2,909
2025-10-06,2022Q3,28,19723,189,1765,117,17615
2025-10-06,2022Q3,29,9891,2955,1009,109,5771
2025-10-06,2022Q3,30,6155,906,743,33,4467
2025-10-06,2022Q3,31,1698,6,183,11,1496
2025-10-06,2022Q3,32,718,16,53,22,626
2025-10-06,2022Q3,33,3349,52,209,42,3037
2025-10-06,2022Q3,34,507,0,24,2,481
2025-10-06,2022Q3,35,4044,712,498,11,2821
2025-10-06,2022Q3,36,2012,23,65,27,1896
2025-10-06,2022Q3,37,1119,12,33,11,1062
2025-10-06,2022Q3,38,3509,891,611,20,1981
2025-10-06,2022Q3,39,2192,18,98,24,2044
2025-10-06,2022Q3,40,554,2,59,2,490
2025-10-06,2022Q3,41,5903,34,221,10,5626
2025-10-06,2022Q3,42,321,3,22,3,291
2025-10-06,2022Q3,43,4267,263,570,37,3382
2025-10-06,2022Q3,44,540,3,40,2,495
2025-10-06,2022Q3,45,2677,5,292,3,2373
2025-10-06,2022Q3,46,10181,478,1589,72,7989
2025-10-06,2022Q3,47,1574,2,94,5,1472
2025-10-06,2022Q3,48,2944,9,142,11,2778
2025-10-06,2022Q3,49,539,1,34,4,496
2025-10-06,2022Q3,50,3063,11,313,8,2728
2025-10-06,2022Q3,51,143,0,4,0,139
2025-10-06,2022Q3,52,131,1,4,0,126
2025-10-06,2022Q4,00,173980,14839,18291,975,139436
2025-10-06,2022Q4,01,889,5,31,1,851
2025-10-06,2022Q4,02,1097,0,69,3,1020
2025-10-06,2022Q4,03,14254,5001,2222,111,6851
2025-10-06,2022Q4,04,3801,455,585,18,2741
2025-10-06,2022Q4,05,786,3,46,4,733
2025-10-06,2022Q4,06,1865,4,56,2,1796
2025-10-06,2022Q4,07,4372,1125,627,39,2574
2025-10-06,2022Q4,08,16839,381,2295,49,14076
2025-10-06,2022Q4,09,1436,4,110,1,1319
2025-10-06,2022Q4,10,1271,5,61,3,1199
2025-10-06,2022Q4,11,4666,170,296,35,4156
2025-10-06,2022Q4,12,3072,222,470,26,2341
2025-10-06,2022Q4,13,1546,2,126,0,1416
2025-10-06,2022Q4,14,2362,15,73,7,2263
2025-10-06,2022Q4,15,2799,26,100,32,2638
2025-10-06,2022Q4,16,655,3,72,1,579
2025-10-06,2022Q4,17,3988,809,518,34,2623
2025-10-06,2022Q4,18,4029,183,294,36,3510
2025-10-06,2022Q4,19,1221,9,143,0,1066
2025-10-06,2022Q4,20,2301,11,120,15,2152
2025-10-06,2022Q4,21,1885,53,150,8,1672
2025-10-06,2022Q4,22,855,6,88,6,751
2025-10-06,2022Q4,23,1774,13,67,2,1686
2025-10-06,2022Q4,24,1367,8,80,9,1266
2025-10-06,2022Q4,25,1517,12,199,5,1293
2025-10-06,2022Q4,26,1275,8,159,3,1103
2025-10-06,2022Q4,27,915,3,64,5,842
2025-10-06,2022Q4,28,21523,181,1861,109,19319
2025-10-06,2022Q4,29,9400,2722,996,79,5567
2025-10-06,2022Q4,30,6461,942,834,30,4643
2025-10-06,2022Q4,31,1788,14,191,5,1569
2025-10-06,2022Q4,32,754,12,42,14,686
2025-10-06,2022Q4,33,3425,61,232,40,3090
2025-10-06,2022Q4,34,493,3,21,1,467
2025-10-06,2022Q4,35,3681,654,525,7,2486
2025-10-06,2022Q4,36,1985,23,88,35,1838
2025-10-06,2022Q4,37,1061,8,46,5,1002
2025-10-06,2022Q4,38,3203,751,567,17,1862
2025-10-06,2022Q4,39,2277,19,79,18,2152
2025-10-06,2022Q4,40,809,0,61,3,739
2025-10-06,2022Q4,41,6112,26,266,15,5796
2025-10-06,2022Q4,42,395,2,30,2,359
2025-10-06,2022Q4,43,4044,319,552,41,3121
2025-10-06,2022Q4,44,591,3,73,2,512
2025-10-06,2022Q4,45,3029,8,347,3,2665
2025-10-06,2022Q4,46,10968,529,1698,69,8636
2025-10-06,2022Q4,47,1706,3,100,6,1593
2025-10-06,2022Q4,48,3328,10,152,10,3153
2025-10-06,2022Q4,49,515,2,28,2,476
2025-10-06,2022Q4,50,3300,11,355,7,2919
2025-10-06,2022Q4,51,150,0,14,0,136
2025-10-06,2022Q4,52,145,0,12,0,133
2025-10-06,2023Q1,00,158006,13452,17003,883,126347
2025-10-06,2023Q1,01,787,1,41,0,743
2025-10-06,2023Q1,02,1120,4,67,3,1044
2025-10-06,2023Q1,03,13245,4798,2242,88,6095
2025-10-06,2023Q1,04,3450,337,636,17,2458
2025-10-06,2023Q1,05,679,1,31,2,645
2025-10-06,2023Q1,06,1706,6,50,3,1645
2025-10-06,2023Q1,07,3763,821,487,17,2426
2025-10-06,2023Q1,08,15103,376,2043,75,12564
2025-10-06,2023Q1,09,1234,3,95,5,1128
2025-10-06,2023Q1,10,1209,4,53,3,1146
2025-10-06,2023Q1,11,4017,130,243,22,3616
2025-10-06,2023Q1,12,2720,189,438,23,2061
2025-10-06,2023Q1,13,1447,2,93,1,1348
2025-10-06,2023Q1,14,2379,19,75,6,2272
2025-10-06,2023Q1,15,2582,25,109,43,2402
2025-10-06,2023Q1,16,609,2,68,1,538
2025-10-06,2023Q1,17,3409,617,424,27,2339
2025-10-06,2023Q1,18,3471,118,244,14,3091
2025-10-06,2023Q1,19,1104,3,115,1,985
2025-10-06,2023Q1,20,1728,12,92,15,1609
2025-10-06,2023Q1,21,1803,55,156,4,1582
2025-10-06,2023Q1,22,762,5,77,1,679
2025-10-06,2023Q1,23,1618,12,62,1,1534
2025-10-06,2023Q1,24,1257,1,57,9,1184
2025-10-06,2023Q1,25,1367,14,166,5,1162
2025-10-06,2023Q1,26,1017,5,129,2,880
2025-10-06,2023Q1,27,830,3,42,6,778
2025-10-06,2023Q1,28,19442,259,1612,100,17432
2025-10-06,2023Q1,29,8696,2338,1052,93,5198
2025-10-06,2023Q1,30,5586,797,789,23,3974
2025-10-06,2023Q1,31,1865,11,146,5,1702
2025-10-06,2023Q1,32,662,9,44,16,593
2025-10-06,2023Q1,33,3391,60,210,37,3076
2025-10-06,2023Q1,34,450,0,23,1,426
2025-10-06,2023Q1,35,3770,796,496,20,2447
2025-10-06,2023Q1,36,1658,19,67,22,1548
2025-10-06,2023Q1,37,884,3,23,2,855
2025-10-06,2023Q1,38,3170,852,658,14,1644
2025-10-06,2023Q1,39,1908,24,86,16,1779
2025-10-06,2023Q1,40,650,0,40,5,600
2025-10-06,2023Q1,41,5813,17,233,14,5539
2025-10-06,2023Q1,42,319,0,29,1,288
2025-10-06,2023Q1,43,3735,220,563,29,2919
2025-10-06,2023Q1,44,455,0,65,2,386
2025-10-06,2023Q1,45,2748,14,302,3,2423
2025-10-06,2023Q1,46,10172,450,1702,60,7930
2025-10-06,2023Q1,47,1689,5,80,1,1603
2025-10-06,2023Q1,48,3021,8,111,15,2886
2025-10-06,2023Q1,49,456,0,12,2,439
2025-10-06,2023Q1,50,2791,6,318,8,2455
2025-10-06,2023Q1,51,130,0,1,0,129
2025-10-06,2023Q1,52,129,1,6,0,122
2025-10-06,2023Q2,00,170564,15202,18278,914,135785
2025-10-06,2023Q2,01,970,1,41,1,924
2025-10-06,2023Q2,02,1014,5,72,3,934
2025-10-06,2023Q2,03,14404,5282,2446,94,6559
2025-10-06,2023Q2,04,4123,410,627,17,3069
2025-10-06,2023Q2,05,736,0,35,4,697
2025-10-06,2023Q2,06,1827,3,51,3,1764
2025-10-06,2023Q2,07,4061,1050,537,18,2444
2025-10-06,2023Q2,08,16269,427,2228,72,13506
2025-10-06,2023Q2,09,1559,3,123,5,1428
2025-10-06,2023Q2,10,1229,4,39,4,1178
2025-10-06,2023Q2,11,4301,135,217,19,3923
2025-10-06,2023Q2,12,3186,213,467,31,2462
2025-10-06,2023Q2,13,1405,3,77,0,1325
2025-10-06,2023Q2,14,2355,20,65,9,2260
2025-10-06,2023Q2,15,2648,16,112,22,2488
2025-10-06,2023Q2,16,591,1,77,1,509
2025-10-06,2023Q2,17,3828,780,457,34,2553
2025-10-06,2023Q2,18,3522,158,276,21,3063
2025-10-06,2023Q2,19,1285,5,132,1,1145
2025-10-06,2023Q2,20,2128,16,109,8,1993
2025-10-06,2023Q2,21,1997,53,168,7,1766
2025-10-06,2023Q2,22,1021,8,85,7,921
2025-10-06,2023Q2,23,1710,18,88,2,1596
2025-10-06,2023Q2,24,1314,3,67,8,1216
2025-10-06,2023Q2,25,1488,12,176,8,1287
2025-10-06,2023Q2,26,1141,1,138,1,998
2025-10-06,2023Q2,27,928,10,61,4,849
2025-10-06,2023Q2,28,20250,245,1830,113,18013
2025-10-06,2023Q2,29,9765,2686,1117,78,5825
2025-10-06,2023Q2,30,6577,1136,805,44,4587
2025-10-06,2023Q2,31,1990,7,178,2,1799
2025-10-06,2023Q2,32,679,6,43,17,608
2025-10-06,2023Q2,33,3669,47,247,30,3340
2025-10-06,2023Q2,34,507,1,27,0,479
2025-10-06,2023Q2,35,3609,698,498,12,2396
2025-10-06,2023Q2,36,1878,20,68,25,1763
2025-10-06,2023Q2,37,1040,3,47,7,982
2025-10-06,2023Q2,38,3426,834,636,14,1935
2025-10-06,2023Q2,39,2332,26,102,23,2175
2025-10-06,2023Q2,40,730,1,64,0,663
2025-10-06,2023Q2,41,5586,26,218,11,5317
2025-10-06,2023Q2,42,391,0,27,5,357
2025-10-06,2023Q2,43,4288,237,622,36,3391
2025-10-06,2023Q2,44,449,1,51,0,397
2025-10-06,2023Q2,45,3315,11,373,2,2925
2025-10-06,2023Q2,46,10515,555,1801,68,8063
2025-10-06,2023Q2,47,1654,9,80,3,1561
2025-10-06,2023Q2,48,3048,6,125,8,2906
2025-10-06,2023Q2,49,485,0,14,2,466
2025-10-06,2023Q2,50,3081,10,320,9,2735
2025-10-06,2023Q2,51,132,0,3,0,129
2025-10-06,2023Q2,52,128,0,11,1,116
2025-10-06,2023Q3,00,142281,12725,15703,959,112633
2025-10-06,2023Q3,01,637,0,42,3,591
2025-10-06,2023Q3,02,924,4,64,5,849
2025-10-06,2023Q3,03,12155,4458,2038,102,5529
2025-10-06,2023Q3,04,3274,335,504,16,2414
2025-10-06,2023Q3,05,683,4,38,1,640
2025-10-06,2023Q3,06,1546,5,49,3,1488
2025-10-06,2023Q3,07,3411,944,492,19,1950
2025-10-06,2023Q3,08,13547,393,2009,64,11056
2025-10-06,2023Q3,09,1127,6,93,9,1016
2025-10-06,2023Q3,10,1063,6,37,3,1014
2025-10-06,2023Q3,11,3483,168,224,22,3065
2025-10-06,2023Q3,12,2776,212,372,20,2162
2025-10-06,2023Q3,13,1243,2,98,2,1140
2025-10-06,2023Q3,14,1920,21,59,4,1831
2025-10-06,2023Q3,15,2584,31,112,34,2404
2025-10-06,2023Q3,16,547,4,62,3,477
2025-10-06,2023Q3,17,3081,625,384,28,2043
2025-10-06,2023Q3,18,3188,122,262,17,2784
2025-10-06,2023Q3,19,1072,0,115,1,954
2025-10-06,2023Q3,20,1482,7,77,15,1383
2025-10-06,2023Q3,21,1744,69,166,10,1494
2025-10-06,2023Q3,22,836,8,66,2,758
2025-10-06,2023Q3,23,1415,16,47,2,1347
2025-10-06,2023Q3,24,1326,5,74,10,1216
2025-10-06,2023Q3,25,1205,5,164,6,1018
2025-10-06,2023Q3,26,1043,3,135,5,898
2025-10-06,2023Q3,27,861,5,56,6,794
2025-10-06,2023Q3,28,16710,255,1641,120,14662
2025-10-06,2023Q3,29,7847,2230,916,82,4613
2025-10-06,2023Q3,30,5413,957,693,26,3734
2025-10-06,2023Q3,31,1494,5,154,3,1328
2025-10-06,2023Q3,32,729,9,24,18,677
2025-10-06,2023Q3,33,3202,47,245,47,2857
2025-10-06,2023Q3,34,473,1,28,5,438
2025-10-06,2023Q3,35,2918,467,365,11,2068
2025-10-06,2023Q3,36,1786,27,68,37,1653
2025-10-06,2023Q3,37,997,6,38,6,947
2025-10-06,2023Q3,38,2554,537,528,15,1470
2025-10-06,2023Q3,39,2076,21,86,29,1938
2025-10-06,2023Q3,40,533,6,47,3,476
2025-10-06,2023Q3,41,4770,23,199,12,4527
2025-10-06,2023Q3,42,319,1,25,2,289
2025-10-06,2023Q3,43,3507,180,495,41,2787
2025-10-06,2023Q3,44,461,1,50,1,408
2025-10-06,2023Q3,45,2733,9,297,5,2417
2025-10-06,2023Q3,46,8579,452,1465,64,6584
2025-10-06,2023Q3,47,1391,2,80,3,1305
2025-10-06,2023Q3,48,2252,12,102,5,2131
2025-10-06,2023Q3,49,472,2,27,2,438
2025-10-06,2023Q3,50,2654,11,272,9,2359
2025-10-06,2023Q3,51,129,0,5,0,124
2025-10-06,2023Q3,52,109,6,14,1,88
2025-10-06,2023Q4,00,167740,13538,17205,996,135690
2025-10-06,2023Q4,01,895,2,57,4,832
2025-10-06,2023Q4,02,1085,2,78,2,1002
2025-10-06,2023Q4,03,13299,4585,2243,107,6344
2025-10-06,2023Q4,04,3481,396,615,25,2443
2025-10-06,2023Q4,05,817,0,56,5,756
2025-10-06,2023Q4,06,1752,4,65,3,1679
2025-10-06,2023Q4,07,3960,962,504,26,2461
2025-10-06,2023Q4,08,16024,466,2123,77,13325
2025-10-06,2023Q4,09,1403,2,101,9,1285
2025-10-06,2023Q4,10,1242,5,56,2,1179
2025-10-06,2023Q4,11,4419,145,240,21,4002
2025-10-06,2023Q4,12,3133,214,426,34,2454
2025-10-06,2023Q4,13,1569,3,114,2,1447
2025-10-06,2023Q4,14,2593,19,78,3,2486
2025-10-06,2023Q4,15,2810,34,114,24,2636
2025-10-06,2023Q4,16,654,0,65,1,587
2025-10-06,2023Q4,17,3796,623,430,24,2716
2025-10-06,2023Q4,18,3447,153,238,30,3020
2025-10-06,2023Q4,19,1520,1,121,0,1395
2025-10-06,2023Q4,20,1943,10,102,13,1815
2025-10-06,2023Q4,21,2034,51,161,14,1804
2025-10-06,2023Q4,22,921,6,75,6,834
2025-10-06,2023Q4,23,1682,16,74,4,1586
2025-10-06,2023Q4,24,1424,13,84,3,1314
2025-10-06,2023Q4,25,1694,17,220,4,1439
2025-10-06,2023Q4,26,1207,5,154,4,1041
2025-10-06,2023Q4,27,922,7,60,6,848
2025-10-06,2023Q4,28,19361,240,1706,108,17260
2025-10-06,2023Q4,29,9162,2465,953,97,5640
2025-10-06,2023Q4,30,6440,1042,808,25,4559
2025-10-06,2023Q4,31,2208,9,184,5,2007
2025-10-06,2023Q4,32,778,12,55,15,696
2025-10-06,2023Q4,33,3794,50,268,49,3410
2025-10-06,2023Q4,34,533,2,22,4,502
2025-10-06,2023Q4,35,3406,562,451,10,2381
2025-10-06,2023Q4,36,1747,19,69,28,1628
2025-10-06,2023Q4,37,1140,5,48,6,1080
2025-10-06,2023Q4,38,3359,639,554,15,2145
2025-10-06,2023Q4,39,2280,17,87,35,2135
2025-10-06,2023Q4,40,743,1,52,4,685
2025-10-06,2023Q4,41,6019,14,212,10,5771
2025-10-06,2023Q4,42,373,0,40,2,331
2025-10-06,2023Q4,43,4009,219,541,25,3219
2025-10-06,2023Q4,44,501,3,52,1,445
2025-10-06,2023Q4,45,3422,4,323,9,3080
2025-10-06,2023Q4,46,10055,463,1528,66,7974
2025-10-06,2023Q4,47,1688,2,91,4,1589
2025-10-06,2023Q4,48,3115,8,143,10,2950
2025-10-06,2023Q4,49,494,0,24,1,466
2025-10-06,2023Q4,50,3119,17,330,14,2753
2025-10-06,2023Q4,51,156,0,3,0,153
2025-10-06,2023Q4,52,112,4,7,0,101
2025-10-06,2024Q1,00,160441,12617,16850,904,129821
2025-10-06,2024Q1,01,1039,0,51,2,986
2025-10-06,2024Q1,02,1019,5,71,2,938
2025-10-06,2024Q1,03,13512,4569,2248,104,6578
2025-10-06,2024Q1,04,3237,296,586,16,2337
2025-10-06,2024Q1,05,676,2,46,0,628
2025-10-06,2024Q1,06,1700,1,58,3,1634
2025-10-06,2024Q1,07,3560,841,483,17,2215
2025-10-06,2024Q1,08,15128,401,2068,75,12563
2025-10-06,2024Q1,09,1288,2,91,5,1187
2025-10-06,2024Q1,10,1263,5,50,4,1202
2025-10-06,2024Q1,11,4021,114,232,16,3655
2025-10-06,2024Q1,12,3031,236,449,27,2314
2025-10-06,2024Q1,13,1482,2,100,4,1372
2025-10-06,2024Q1,14,2514,9,70,5,2426
2025-10-06,2024Q1,15,2748,31,139,34,2541
2025-10-06,2024Q1,16,581,2,62,2,514
2025-10-06,2024Q1,17,3285,502,381,19,2378
2025-10-06,2024Q1,18,3466,132,246,26,3057
2025-10-06,2024Q1,19,1176,4,136,0,1035
2025-10-06,2024Q1,20,1707,11,87,12,1596
2025-10-06,2024Q1,21,1886,44,145,6,1688
2025-10-06,2024Q1,22,861,3,96,6,753
2025-10-06,2024Q1,23,1732,18,50,0,1662
2025-10-06,2024Q1,24,1245,4,67,2,1155
2025-10-06,2024Q1,25,1471,5,180,1,1279
2025-10-06,2024Q1,26,1093,7,138,2,945
2025-10-06,2024Q1,27,944,11,42,5,885
2025-10-06,2024Q1,28,20178,224,1677,111,18124
2025-10-06,2024Q1,29,8357,2206,929,85,5132
2025-10-06,2024Q1,30,5981,922,732,30,4292
2025-10-06,2024Q1,31,1867,3,190,5,1669
2025-10-06,2024Q1,32,686,11,51,13,610
2025-10-06,2024Q1,33,3706,47,251,49,3358
2025-10-06,2024Q1,34,467,1,25,4,437
2025-10-06,2024Q1,35,3586,582,440,27,2527
2025-10-06,2024Q1,36,1867,27,73,23,1743
2025-10-06,2024Q1,37,988,5,43,5,934
2025-10-06,2024Q1,38,2897,715,504,17,1657
2025-10-06,2024Q1,39,2220,13,90,17,2087
2025-10-06,2024Q1,40,563,2,58,3,499
2025-10-06,2024Q1,41,5481,9,207,13,5240
2025-10-06,2024Q1,42,439,0,40,1,398
2025-10-06,2024Q1,43,3504,155,555,23,2768
2025-10-06,2024Q1,44,428,1,56,1,367
2025-10-06,2024Q1,45,3133,6,339,2,2784
2025-10-06,2024Q1,46,10148,413,1634,52,8036
2025-10-06,2024Q1,47,1633,2,103,9,1516
2025-10-06,2024Q1,48,2846,11,141,5,2687
2025-10-06,2024Q1,49,495,0,25,1,465
2025-10-06,2024Q1,50,2999,4,301,11,2678
2025-10-06,2024Q1,51,153,1,5,0,147
2025-10-06,2024Q1,52,154,0,9,2,143
2025-10-06,2024Q2,00,189761,15669,19570,972,153216
2025-10-06,2024Q2,01,1107,2,58,1,1043
2025-10-06,2024Q2,02,1131,2,78,0,1050
2025-10-06,2024Q2,03,15854,5700,2444,111,7584
2025-10-06,2024Q2,04,4003,347,673,18,2962
2025-10-06,2024Q2,05,909,3,60,2,839
2025-10-06,2024Q2,06,2231,4,75,2,2146
2025-10-06,2024Q2,07,4028,1027,526,27,2441
2025-10-06,2024Q2,08,18239,505,2549,78,15067
2025-10-06,2024Q2,09,1589,4,123,6,1455
2025-10-06,2024Q2,10,1493,3,56,7,1423
2025-10-06,2024Q2,11,4694,152,265,32,4236
2025-10-06,2024Q2,12,3688,238,468,34,2933
2025-10-06,2024Q2,13,1827,3,143,1,1678
2025-10-06,2024Q2,14,2749,21,87,9,2631
2025-10-06,2024Q2,15,3228,28,132,35,3031
2025-10-06,2024Q2,16,691,3,89,0,599
2025-10-06,2024Q2,17,3969,569,487,39,2869
2025-10-06,2024Q2,18,4235,183,304,25,3721
2025-10-06,2024Q2,19,1305,0,146,5,1153
2025-10-06,2024Q2,20,2124,24,134,9,1956
2025-10-06,2024Q2,21,2296,70,173,8,2041
2025-10-06,2024Q2,22,929,5,85,1,837
2025-10-06,2024Q2,23,2111,21,82,4,2004
2025-10-06,2024Q2,24,1671,3,76,7,1558
2025-10-06,2024Q2,25,1771,6,223,11,1525
2025-10-06,2024Q2,26,1504,5,156,2,1341
2025-10-06,2024Q2,27,1014,12,44,4,954
2025-10-06,2024Q2,28,23267,325,2130,114,20642
2025-10-06,2024Q2,29,10208,2809,1129,86,6180
2025-10-06,2024Q2,30,7134,1203,818,35,5072
2025-10-06,2024Q2,31,1886,4,164,9,1705
2025-10-06,2024Q2,32,802,5,52,9,736
2025-10-06,2024Q2,33,4447,53,321,30,4036
2025-10-06,2024Q2,34,613,0,26,0,586
2025-10-06,2024Q2,35,3736,661,466,16,2583
2025-10-06,2024Q2,36,2135,16,79,22,2017
2025-10-06,2024Q2,37,1204,4,52,3,1145
2025-10-06,2024Q2,38,3520,829,595,8,2085
2025-10-06,2024Q2,39,2763,29,124,22,2580
2025-10-06,2024Q2,40,781,1,79,4,696
2025-10-06,2024Q2,41,6552,24,239,20,6254
2025-10-06,2024Q2,42,383,0,30,2,351
2025-10-06,2024Q2,43,4571,214,634,26,3691
2025-10-06,2024Q2,44,519,1,46,1,470
2025-10-06,2024Q2,45,3657,10,419,3,3219
2025-10-06,2024Q2,46,11025,515,1763,55,8660
2025-10-06,2024Q2,47,1880,1,97,4,1776
2025-10-06,2024Q2,48,3917,9,174,12,3718
2025-10-06,2024Q2,49,584,5,36,1,541
2025-10-06,2024Q2,50,3433,10,345,10,3061
2025-10-06,2024Q2,51,183,0,3,0,180
2025-10-06,2024Q2,52,171,1,13,2,155
2025-10-06,2024Q3,00,166176,13690,17067,974,134185
2025-10-06,2024Q3,01,871,1,47,1,821
2025-10-06,2024Q3,02,1031,4,67,5,955
2025-10-06,2024Q3,03,13183,4888,1975,99,6206
2025-10-06,2024Q3,04,3403,313,484,21,2582
2025-10-06,2024Q3,05,788,2,43,3,737
2025-10-06,2024Q3,06,1755,3,68,3,1680
2025-10-06,2024Q3,07,3602,993,393,23,2185
2025-10-06,2024Q3,08,16337,483,2311,64,13450
2025-10-06,2024Q3,09,1423,7,111,3,1298
2025-10-06,2024Q3,10,1278,5,53,6,1211
2025-10-06,2024Q3,11,4295,111,262,31,3888
2025-10-06,2024Q3,12,3355,218,454,35,2642
2025-10-06,2024Q3,13,1687,2,135,1,1547
2025-10-06,2024Q3,14,2403,32,68,1,2301
2025-10-06,2024Q3,15,3163,34,104,38,2978
2025-10-06,2024Q3,16,714,1,70,4,638
2025-10-06,2024Q3,17,3309,525,436,29,2317
2025-10-06,2024Q3,18,3609,134,261,18,3193
2025-10-06,2024Q3,19,1281,2,118,5,1154
2025-10-06,2024Q3,20,2069,15,116,17,1920
2025-10-06,2024Q3,21,1902,68,164,11,1652
2025-10-06,2024Q3,22,786,2,84,4,692
2025-10-06,2024Q3,23,1773,25,80,5,1663
2025-10-06,2024Q3,24,1701,6,86,12,1592
2025-10-06,2024Q3,25,1517,6,179,10,1319
2025-10-06,2024Q3,26,1261,1,142,4,1113
2025-10-06,2024Q3,27,920,12,53,5,850
2025-10-06,2024Q3,28,20486,335,1917,105,18076
2025-10-06,2024Q3,29,8795,2554,885,76,5277
2025-10-06,2024Q3,30,6071,999,766,27,4274
2025-10-06,2024Q3,31,1699,6,142,5,1545
2025-10-06,2024Q3,32,901,19,67,18,796
2025-10-06,2024Q3,33,4010,49,320,38,3602
2025-10-06,2024Q3,34,544,0,29,2,508
2025-10-06,2024Q3,35,3188,453,414,12,2300
2025-10-06,2024Q3,36,2030,21,69,45,1894
2025-10-06,2024Q3,37,1049,9,40,8,991
2025-10-06,2024Q3,38,2843,554,485,10,1790
2025-10-06,2024Q3,39,2385,26,116,34,2203
2025-10-06,2024Q3,40,674,1,58,4,609
2025-10-06,2024Q3,41,5536,26,198,15,5285
2025-10-06,2024Q3,42,401,1,37,2,361
2025-10-06,2024Q3,43,4025,224,518,16,3262
2025-10-06,2024Q3,44,458,2,54,2,399
2025-10-06,2024Q3,45,3438,4,378,3,3051
2025-10-06,2024Q3,46,9972,489,1592,63,7809
2025-10-06,2024Q3,47,1603,2,116,3,1482
2025-10-06,2024Q3,48,2865,7,149,15,2691
2025-10-06,2024Q3,49,549,2,25,4,515
2025-10-06,2024Q3,50,2923,7,310,9,2592
2025-10-06,2024Q3,51,168,0,7,0,161
2025-10-06,2024Q3,52,147,7,11,0,128
2025-10-06,2024Q4,00,199300,14801,19091,1136,163839
2025-10-06,2024Q4,01,1091,2,57,1,1028
2025-10-06,2024Q4,02,1277,1,104,1,1169
2025-10-06,2024Q4,03,14541,5012,2151,125,7235
2025-10-06,2024Q4,04,4477,396,629,34,3415
2025-10-06,2024Q4,05,970,5,50,7,908
2025-10-06,2024Q4,06,2170,3,73,3,2086
2025-10-06,2024Q4,07,4274,1071,495,18,2681
2025-10-06,2024Q4,08,20457,482,2620,104,17224
2025-10-06,2024Q4,09,1609,2,147,8,1447
2025-10-06,2024Q4,10,1582,3,66,2,1502
2025-10-06,2024Q4,11,4830,133,228,31,4431
2025-10-06,2024Q4,12,4046,212,509,28,3281
2025-10-06,2024Q4,13,1999,3,138,0,1858
2025-10-06,2024Q4,14,2961,23,86,1,2843
2025-10-06,2024Q4,15,3473,33,123,37,3259
2025-10-06,2024Q4,16,866,0,89,0,777
2025-10-06,2024Q4,17,4034,618,455,34,2916
2025-10-06,2024Q4,18,4199,153,316,28,3695
2025-10-06,2024Q4,19,1626,3,150,1,1470
2025-10-06,2024Q4,20,2334,13,109,18,2193
2025-10-06,2024Q4,21,2265,70,152,6,2029
2025-10-06,2024Q4,22,1102,5,117,3,975
2025-10-06,2024Q4,23,2205,20,108,3,2071
2025-10-06,2024Q4,24,1702,14,120,10,1553
2025-10-06,2024Q4,25,1992,13,225,9,1683
2025-10-06,2024Q4,26,1635,7,179,5,1437
2025-10-06,2024Q4,27,1076,17,64,1,990
2025-10-06,2024Q4,28,24215,342,1998,143,21688
2025-10-06,2024Q4,29,10359,2931,1015,97,6297
2025-10-06,2024Q4,30,7623,1119,892,32,5564
2025-10-06,2024Q4,31,1986,12,194,6,1770
2025-10-06,2024Q4,32,903,11,61,9,817
2025-10-06,2024Q4,33,4746,61,377,54,4242
2025-10-06,2024Q4,34,638,2,30,4,600
2025-10-06,2024Q4,35,3730,488,417,16,2801
2025-10-06,2024Q4,36,2469,34,96,52,2284
2025-10-06,2024Q4,37,1323,6,56,6,1254
2025-10-06,2024Q4,38,3185,630,462,7,2084
2025-10-06,2024Q4,39,2750,18,118,25,2586
2025-10-06,2024Q4,40,842,1,78,1,756
2025-10-06,2024Q4,41,7681,32,273,17,7352
2025-10-06,2024Q4,42,443,1,33,1,408
2025-10-06,2024Q4,43,4694,266,583,39,3799
2025-10-06,2024Q4,44,644,5,59,2,573
2025-10-06,2024Q4,45,4492,5,449,9,4023
2025-10-06,2024Q4,46,11005,478,1664,62,8779
2025-10-06,2024Q4,47,2249,3,132,1,2110
2025-10-06,2024Q4,48,3846,22,139,13,3665
2025-10-06,2024Q4,49,646,2,34,3,607
2025-10-06,2024Q4,50,3678,18,356,19,3280
2025-10-06,2024Q4,51,220,0,6,0,214
2025-10-06,2024Q4,52,140,0,9,0,130
2025-10-06,2025Q1,00,184040,13707,19015,907,150073
2025-10-06,2025Q1,01,1059,2,58,2,997
2025-10-06,2025Q1,02,1258,2,103,6,1147
2025-10-06,2025Q1,03,14310,4658,2249,87,7294
2025-10-06,2025Q1,04,4309,353,664,19,3269
2025-10-06,2025Q1,05,852,1,59,1,788
2025-10-06,2025Q1,06,2011,7,91,4,1900
2025-10-06,2025Q1,07,3995,862,415,20,2691
2025-10-06,2025Q1,08,18736,502,2610,67,15532
2025-10-06,2025Q1,09,1541,7,111,5,1417
2025-10-06,2025Q1,10,1498,3,59,4,1425
2025-10-06,2025Q1,11,4439,143,266,23,3994
2025-10-06,2025Q1,12,3757,166,541,32,3015
2025-10-06,2025Q1,13,1907,4,163,3,1736
2025-10-06,2025Q1,14,2953,26,108,7,2808
2025-10-06,2025Q1,15,3109,22,132,30,2919
2025-10-06,2025Q1,16,641,0,85,1,553
2025-10-06,2025Q1,17,3535,484,410,27,2602
2025-10-06,2025Q1,18,4005,141,284,27,3549
2025-10-06,2025Q1,19,1238,4,143,0,1089
2025-10-06,2025Q1,20,2298,16,117,14,2150
2025-10-06,2025Q1,21,2088,76,191,7,1808
2025-10-06,2025Q1,22,975,7,86,4,874
2025-10-06,2025Q1,23,2170,24,111,1,2031
2025-10-06,2025Q1,24,1880,7,184,5,1682
2025-10-06,2025Q1,25,1693,6,188,5,1444
2025-10-06,2025Q1,26,1397,4,163,6,1220
2025-10-06,2025Q1,27,1040,7,86,2,942
2025-10-06,2025Q1,28,21861,335,1996,128,19360
2025-10-06,2025Q1,29,9371,2712,1050,69,5532
2025-10-06,2025Q1,30,7097,1009,834,35,5207
2025-10-06,2025Q1,31,2107,10,184,7,1904
2025-10-06,2025Q1,32,865,16,54,14,781
2025-10-06,2025Q1,33,4411,51,368,35,3948
2025-10-06,2025Q1,34,588,1,37,0,550
2025-10-06,2025Q1,35,3631,619,424,11,2573
2025-10-06,2025Q1,36,2265,19,90,26,2129
2025-10-06,2025Q1,37,1243,4,56,4,1178
2025-10-06,2025Q1,38,3125,745,462,13,1901
2025-10-06,2025Q1,39,2611,16,108,16,2467
2025-10-06,2025Q1,40,772,2,68,0,699
2025-10-06,2025Q1,41,6588,39,250,16,6273
2025-10-06,2025Q1,42,378,0,34,1,341
2025-10-06,2025Q1,43,4377,161,596,36,3582
2025-10-06,2025Q1,44,451,0,51,3,397
2025-10-06,2025Q1,45,3699,7,388,13,3286
2025-10-06,2025Q1,46,9948,391,1645,46,7850
2025-10-06,2025Q1,47,1999,2,120,3,1874
2025-10-06,2025Q1,48,3586,16,151,7,3406
2025-10-06,2025Q1,49,610,5,37,1,564
2025-10-06,2025Q1,50,3409,12,320,13,3060
2025-10-06,2025Q1,51,171,0,4,0,165
2025-10-06,2025Q1,52,183,1,11,1,170
2025-10-06,2025Q2,00,195737,13545,19564,1033,161424
2025-10-06,2025Q2,01,1043,0,64,2,975
2025-10-06,2025Q2,02,1251,6,95,2,1147
2025-10-06,2025Q2,03,15380,5108,2289,94,7874
2025-10-06,2025Q2,04,4926,374,802,26,3721
2025-10-06,2025Q2,05,929,0,56,2,867
2025-10-06,2025Q2,06,2239,9,70,6,2153
2025-10-06,2025Q2,07,3918,932,462,21,2502
2025-10-06,2025Q2,08,20309,311,2707,94,17177
2025-10-06,2025Q2,09,1944,2,132,8,1800
2025-10-06,2025Q2,10,1666,5,72,1,1588
2025-10-06,2025Q2,11,5209,129,286,29,4759
2025-10-06,2025Q2,12,4038,202,546,31,3256
2025-10-06,2025Q2,13,2084,4,159,5,1915
2025-10-06,2025Q2,14,3192,27,113,9,3039
2025-10-06,2025Q2,15,3376,31,123,28,3192
2025-10-06,2025Q2,16,627,2,85,0,540
2025-10-06,2025Q2,17,4060,584,471,27,2976
2025-10-06,2025Q2,18,4293,161,294,20,3813
2025-10-06,2025Q2,19,1290,1,143,1,1144
2025-10-06,2025Q2,20,2385,10,113,24,2232
2025-10-06,2025Q2,21,2356,46,221,7,2079
2025-10-06,2025Q2,22,1046,4,96,5,940
2025-10-06,2025Q2,23,2482,21,101,3,2354
2025-10-06,2025Q2,24,1903,5,115,9,1773
2025-10-06,2025Q2,25,1934,8,205,7,1713
2025-10-06,2025Q2,26,1435,6,171,2,1253
2025-10-06,2025Q2,27,1132,7,64,5,1054
2025-10-06,2025Q2,28,21614,172,1790,134,19504
2025-10-06,2025Q2,29,8989,2287,1054,104,5539
2025-10-06,2025Q2,30,7722,1094,891,31,5702
2025-10-06,2025Q2,31,1943,3,175,5,1758
2025-10-06,2025Q2,32,1042,10,84,11,937
2025-10-06,2025Q2,33,4624,44,427,48,4103
2025-10-06,2025Q2,34,718,2,49,1,665
2025-10-06,2025Q2,35,3629,582,430,17,2595
2025-10-06,2025Q2,36,2305,17,111,23,2154
2025-10-06,2025Q2,37,1367,3,56,5,1301
2025-10-06,2025Q2,38,3184,693,485,8,1997
2025-10-06,2025Q2,39,2689,17,123,29,2515
2025-10-06,2025Q2,40,765,1,60,3,699
2025-10-06,2025Q2,41,6868,25,280,14,6542
2025-10-06,2025Q2,42,357,0,24,0,333
2025-10-06,2025Q2,43,4882,199,576,35,4069
2025-10-06,2025Q2,44,535,1,81,0,453
2025-10-06,2025Q2,45,3818,4,425,5,3383
2025-10-06,2025Q2,46,11390,376,1687,63,9252
2025-10-06,2025Q2,47,2179,3,113,4,2059
2025-10-06,2025Q2,48,3903,7,160,11,3723
2025-10-06,2025Q2,49,561,1,40,0,515
2025-10-06,2025Q2,50,3833,8,368,14,3439
2025-10-06,2025Q2,51,199,0,7,0,191
2025-10-06,2025Q2,52,174,1,13,0,160
2026-10-01,2021Q1,00,141851,6242,12279,549,122697
2026-10-01,2021Q1,01,939,1,41,0,895
2026-10-01,2021Q1,02,970,0,59,0,911
2026-10-01,2021Q1,03,8457,1854,1285,53,5262
2026-10-01,2021Q1,04,2780,119,583,10,2068
2026-10-01,2021Q1,05,539,0,34,2,502
2026-10-01,2021Q1,06,1776,1,31,3,1740
2026-10-01,2021Q1,07,3226,551,454,15,2203
2026-10-01,2021Q1,08,15008,150,1542,37,13273
2026-10-01,2021Q1,09,1238,1,78,5,1154
2026-10-01,2021Q1,10,1044,2,40,2,999
2026-10-01,2021Q1,11,3671,68,149,17,3436
2026-10-01,2021Q1,12,2485,80,311,13,2079
2026-10-01,2021Q1,13,1214,1,64,1,1146
2026-10-01,2021Q1,14,1977,8,41,2,1926
2026-10-01,2021Q1,15,2214,7,49,20,2137
2026-10-01,2021Q1,16,486,0,43,0,443
2026-10-01,2021Q1,17,2872,342,283,15,2232
2026-10-01,2021Q1,18,2927,76,182,14,2652
2026-10-01,2021Q1,19,1028,1,89,1,936
2026-10-01,2021Q1,20,2003,7,75,12,1908
2026-10-01,2021Q1,21,1703,20,106,8,1568
2026-10-01,2021Q1,22,632,3,71,2,555
2026-10-01,2021Q1,23,1473,11,47,1,1414
2026-10-01,2021Q1,24,1064,1,60,5,997
2026-10-01,2021Q1,25,1340,7,174,6,1152
2026-10-01,2021Q1,26,1003,1,130,3,869
2026-10-01,2021Q1,27,815,3,33,0,778
2026-10-01,2021Q1,28,20259,82,1403,78,18681
2026-10-01,2021Q1,29,7080,1322,619,56,5077
2026-10-01,2021Q1,30,4901,362,700,13,3824
2026-10-01,2021Q1,31,1908,7,173,3,1725
2026-10-01,2021Q1,32,483,2,24,4,452
2026-10-01,2021Q1,33,2743,17,124,23,2579
2026-10-01,2021Q1,34,478,0,20,0,457
2026-10-01,2021Q1,35,2832,381,297,5,2145
2026-10-01,2021Q1,36,1680,9,49,12,1610
2026-10-01,2021Q1,37,853,1,33,2,817
2026-10-01,2021Q1,38,2372,451,319,9,1592
2026-10-01,2021Q1,39,1794,6,69,12,1705
2026-10-01,2021Q1,40,492,3,37,1,451
2026-10-01,2021Q1,41,5398,16,169,10,5199
2026-10-01,2021Q1,42,219,1,19,0,199
2026-10-01,2021Q1,43,3446,83,405,11,2941
2026-10-01,2021Q1,44,366,0,52,0,313
2026-10-01,2021Q1,45,2331,3,241,3,2083
2026-10-01,2021Q1,46,8871,176,995,43,7655
2026-10-01,2021Q1,47,1555,0,75,5,1475
2026-10-01,2021Q1,48,3333,3,111,10,3207
2026-10-01,2021Q1,49,457,0,16,0,441
2026-10-01,2021Q1,50,2775,1,260,2,2509
2026-10-01,2021Q1,51,155,0,4,0,151
2026-10-01,2021Q1,52,186,1,11,0,174
2026-10-01,2021Q2,00,177997,9430,15737,726,151977
2026-10-01,2021Q2,01,899,3,44,1,850
2026-10-01,2021Q2,02,1087,2,68,3,1014
2026-10-01,2021Q2,03,11477,2644,1764,70,6992
2026-10-01,2021Q2,04,3971,215,713,18,3022
2026-10-01,2021Q2,05,748,1,36,1,710
2026-10-01,2021Q2,06,1907,0,39,1,1865
2026-10-01,2021Q2,07,4502,1084,618,14,2784
2026-10-01,2021Q2,08,18006,202,1927,60,15802
2026-10-01,2021Q2,09,1559,1,100,2,1456
2026-10-01,2021Q2,10,1162,1,34,0,1127
2026-10-01,2021Q2,11,5196,154,204,24,4809
2026-10-01,2021Q2,12,3352,114,398,15,2821
2026-10-01,2021Q2,13,1489,0,93,0,1395
2026-10-01,2021Q2,14,2494,12,63,2,2416
2026-10-01,2021Q2,15,2757,13,82,21,2641
2026-10-01,2021Q2,16,671,1,67,0,603
2026-10-01,2021Q2,17,3659,476,388,24,2769
2026-10-01,2021Q2,18,3734,100,243,9,3381
2026-10-01,2021Q2,19,1396,2,142,2,1249
2026-10-01,2021Q2,20,2056,6,79,12,1958
2026-10-01,2021Q2,21,2365,20,141,2,2197
2026-10-01,2021Q2,22,907,5,68,2,831
2026-10-01,2021Q2,23,1772,7,40,0,1724
2026-10-01,2021Q2,24,1363,5,49,7,1300
2026-10-01,2021Q2,25,1468,6,172,0,1290
2026-10-01,2021Q2,26,1306,2,140,4,1160
2026-10-01,2021Q2,27,942,4,44,5,888
2026-10-01,2021Q2,28,24986,95,1945,120,22802
2026-10-01,2021Q2,29,9395,2075,911,83,6325
2026-10-01,2021Q2,30,6487,596,819,16,5056
2026-10-01,2021Q2,31,2105,3,167,3,1932
2026-10-01,2021Q2,32,634,4,33,9,588
2026-10-01,2021Q2,33,3494,26,162,19,3273
2026-10-01,2021Q2,34,493,0,16,0,477
2026-10-01,2021Q2,35,3204,488,369,14,2326
2026-10-01,2021Q2,36,2145,9,60,16,2060
2026-10-01,2021Q2,37,1057,1,34,5,1017
2026-10-01,2021Q2,38,2912,581,396,10,1925
2026-10-01,2021Q2,39,2475,11,76,15,2373
2026-10-01,2021Q2,40,621,0,37,0,584
2026-10-01,2021Q2,41,6714,18,207,4,6477
2026-10-01,2021Q2,42,330,0,20,1,309
2026-10-01,2021Q2,43,4332,163,509,25,3635
2026-10-01,2021Q2,44,466,1,55,0,410
2026-10-01,2021Q2,45,3296,4,327,6,2956
2026-10-01,2021Q2,46,11176,258,1317,48,9545
2026-10-01,2021Q2,47,1809,0,66,7,1735
2026-10-01,2021Q2,48,3525,8,132,11,3373
2026-10-01,2021Q2,49,465,0,24,0,441
2026-10-01,2021Q2,50,3293,8,288,10,2983
2026-10-01,2021Q2,51,167,0,4,0,163
2026-10-01,2021Q2,52,171,1,7,5,158
2026-10-01,2021Q3,00,161300,12109,14508,964,133471
2026-10-01,2021Q3,01,858,2,47,2,806
2026-10-01,2021Q3,02,917,5,62,1,849
2026-10-01,2021Q3,03,11876,3810,1730,108,6217
2026-10-01,2021Q3,04,3771,285,538,13,2922
2026-10-01,2021Q3,05,730,1,31,2,693
2026-10-01,2021Q3,06,1746,1,40,0,1701
2026-10-01,2021Q3,07,4457,1431,580,20,2422
2026-10-01,2021Q3,08,15672,253,1814,71,13514
2026-10-01,2021Q3,09,1329,1,83,6,1239
2026-10-01,2021Q3,10,1125,2,39,5,1079
2026-10-01,2021Q3,11,4329,131,210,30,3955
2026-10-01,2021Q3,12,3084,181,412,26,2459
2026-10-01,2021Q3,13,1241,1,90,0,1149
2026-10-01,2021Q3,14,2136,18,47,1,2067
2026-10-01,2021Q3,15,2818,19,83,38,2674
2026-10-01,2021Q3,16,614,5,65,0,544
2026-10-01,2021Q3,17,3758,704,347,43,2659
2026-10-01,2021Q3,18,3398,169,223,30,2974
2026-10-01,2021Q3,19,1183,2,112,13,1050
2026-10-01,2021Q3,20,1824,12,87,8,1713
2026-10-01,2021Q3,21,2101,57,135,10,1898
2026-10-01,2021Q3,22,853,9,63,5,776
2026-10-01,2021Q3,23,1516,10,54,1,1445
2026-10-01,2021Q3,24,1372,3,39,11,1317
2026-10-01,2021Q3,25,1455,17,177,5,1244
2026-10-01,2021Q3,26,1284,3,125,6,1150
2026-10-01,2021Q3,27,998,2,32,2,962
2026-10-01,2021Q3,28,20692,130,1615,114,18808
2026-10-01,2021Q3,29,9232,2519,800,98,5806
2026-10-01,2021Q3,30,5382,609,712,24,4032
2026-10-01,2021Q3,31,1801,5,166,8,1618
2026-10-01,2021Q3,32,645,7,28,11,599
2026-10-01,2021Q3,33,3120,28,148,38,2900
2026-10-01,2021Q3,34,517,3,15,2,494
2026-10-01,2021Q3,35,3160,536,371,22,2227
2026-10-01,2021Q3,36,2043,11,61,30,1937
2026-10-01,2021Q3,37,1062,6,35,4,1017
2026-10-01,2021Q3,38,2842,562,419,14,1844
2026-10-01,2021Q3,39,2708,19,106,22,2559
2026-10-01,2021Q3,40,641,2,43,2,594
2026-10-01,2021Q3,41,5748,11,183,12,5524
2026-10-01,2021Q3,42,364,2,18,0,343
2026-10-01,2021Q3,43,4080,200,477,25,3356
2026-10-01,2021Q3,44,497,1,46,1,449
2026-10-01,2021Q3,45,2820,7,307,3,2501
2026-10-01,2021Q3,46,9407,304,1205,56,7820
2026-10-01,2021Q3,47,1620,3,66,2,1547
2026-10-01,2021Q3,48,2811,1,116,11,2681
2026-10-01,2021Q3,49,553,1,19,0,533
2026-10-01,2021Q3,50,2755,8,279,8,2458
2026-10-01,2021Q3,51,190,0,2,0,188
2026-10-01,2021Q3,52,165,0,6,0,158
2026-10-01,2021Q4,00,193101,16010,16675,1093,159124
2026-10-01,2021Q4,01,933,1,42,2,888
2026-10-01,2021Q4,02,1212,4,64,4,1136
2026-10-01,2021Q4,03,14250,4987,1912,117,7217
2026-10-01,2021Q4,04,4077,418,626,34,2995
2026-10-01,2021Q4,05,841,4,44,2,791
2026-10-01,2021Q4,06,2159,2,50,3,2104
2026-10-01,2021Q4,07,5483,1623,640,32,3177
2026-10-01,2021Q4,08,18544,323,2016,73,16116
2026-10-01,2021Q4,09,1598,1,92,10,1493
2026-10-01,2021Q4,10,1267,3,58,4,1201
2026-10-01,2021Q4,11,5158,229,256,44,4625
2026-10-01,2021Q4,12,3377,201,441,20,2710
2026-10-01,2021Q4,13,1543,6,99,1,1437
2026-10-01,2021Q4,14,2515,16,41,5,2451
2026-10-01,2021Q4,15,3051,19,84,34,2909
2026-10-01,2021Q4,16,756,0,80,1,675
2026-10-01,2021Q4,17,4261,876,392,40,2947
2026-10-01,2021Q4,18,4359,196,255,29,3877
2026-10-01,2021Q4,19,1822,1,147,5,1667
2026-10-01,2021Q4,20,2274,13,110,18,2129
2026-10-01,2021Q4,21,2390,79,145,11,2151
2026-10-01,2021Q4,22,1064,8,96,4,954
2026-10-01,2021Q4,23,1803,13,51,3,1735
2026-10-01,2021Q4,24,1461,4,62,6,1387
2026-10-01,2021Q4,25,1735,13,180,5,1535
2026-10-01,2021Q4,26,1536,3,158,6,1367
2026-10-01,2021Q4,27,1052,7,34,5,1006
2026-10-01,2021Q4,28,25140,170,1847,111,22981
2026-10-01,2021Q4,29,12142,3668,1026,121,7320
2026-10-01,2021Q4,30,6899,930,807,26,5134
2026-10-01,2021Q4,31,2211,10,204,6,1990
2026-10-01,2021Q4,32,691,10,34,7,639
2026-10-01,2021Q4,33,3644,48,155,48,3385
2026-10-01,2021Q4,34,560,1,27,3,529
2026-10-01,2021Q4,35,3674,708,439,11,2512
2026-10-01,2021Q4,36,2240,12,66,40,2121
2026-10-01,2021Q4,37,1219,7,37,3,1172
2026-10-01,2021Q4,38,3524,729,504,14,2274
2026-10-01,2021Q4,39,2703,10,115,22,2555
2026-10-01,2021Q4,40,768,1,59,3,705
2026-10-01,2021Q4,41,6932,12,212,19,6683
2026-10-01,2021Q4,42,426,2,37,1,386
2026-10-01,2021Q4,43,4514,252,513,30,3715
2026-10-01,2021Q4,44,569,3,61,0,505
2026-10-01,2021Q4,45,3527,9,313,2,3198
2026-10-01,2021Q4,46,11202,369,1456,72,9285
2026-10-01,2021Q4,47,1911,1,77,4,1826
2026-10-01,2021Q4,48,3910,3,146,11,3750
2026-10-01,2021Q4,49,542,0,22,6,514
2026-10-01,2021Q4,50,3308,5,338,14,2947
2026-10-01,2021Q4,51,144,0,2,1,141
2026-10-01,2021Q4,52,180,0,3,0,177
2026-10-01,2022Q1,00,175383,14860,16767,932,142458
2026-10-01,2022Q1,01,1035,1,49,1,982
2026-10-01,2022Q1,02,1137,2,91,0,1037
2026-10-01,2022Q1,03,13351,4772,1973,101,6486
2026-10-01,2022Q1,04,3606,319,644,15,2627
2026-10-01,2022Q1,05,737,1,41,5,690
2026-10-01,2022Q1,06,1750,1,46,5,1692
2026-10-01,2022Q1,07,4797,1355,643,34,2744
2026-10-01,2022Q1,08,17185,289,2043,66,14742
2026-10-01,2022Q1,09,1443,1,119,5,1313
2026-10-01,2022Q1,10,1426,1,64,3,1357
2026-10-01,2022Q1,11,4394,148,226,25,3992
2026-10-01,2022Q1,12,2684,168,408,17,2083
2026-10-01,2022Q1,13,1439,0,92,1,1343
2026-10-01,2022Q1,14,2338,14,45,5,2270
2026-10-01,2022Q1,15,2691,13,85,34,2554
2026-10-01,2022Q1,16,582,5,72,0,502
2026-10-01,2022Q1,17,3790,696,409,37,2647
2026-10-01,2022Q1,18,3723,159,218,16,3325
2026-10-01,2022Q1,19,1163,1,127,6,1027
2026-10-01,2022Q1,20,1915,11,101,14,1778
2026-10-01,2022Q1,21,1997,40,150,9,1793
2026-10-01,2022Q1,22,899,6,78,1,811
2026-10-01,2022Q1,23,1837,13,46,1,1771
2026-10-01,2022Q1,24,1334,4,69,5,1251
2026-10-01,2022Q1,25,1493,25,202,4,1258
2026-10-01,2022Q1,26,1284,4,129,7,1143
2026-10-01,2022Q1,27,844,7,37,2,796
2026-10-01,2022Q1,28,24082,172,1920,143,21796
2026-10-01,2022Q1,29,10483,3125,1040,83,6217
2026-10-01,2022Q1,30,6166,770,797,19,4575
2026-10-01,2022Q1,31,2110,3,178,5,1922
2026-10-01,2022Q1,32,591,9,25,9,547
2026-10-01,2022Q1,33,3471,39,185,28,3214
2026-10-01,2022Q1,34,456,2,17,1,434
2026-10-01,2022Q1,35,4300,895,452,19,2928
2026-10-01,2022Q1,36,1932,12,52,22,1846
2026-10-01,2022Q1,37,1073,4,37,6,1025
2026-10-01,2022Q1,38,3393,975,596,23,1787
2026-10-01,2022Q1,39,2205,14,96,20,2072
2026-10-01,2022Q1,40,659,2,43,3,611
2026-10-01,2022Q1,41,6207,18,216,11,5931
2026-10-01,2022Q1,42,428,1,30,1,394
2026-10-01,2022Q1,43,3938,238,549,37,3109
2026-10-01,2022Q1,44,439,0,42,0,396
2026-10-01,2022Q1,45,3322,120,327,1,2870
2026-10-01,2022Q1,46,10101,384,1396,62,8232
2026-10-01,2022Q1,47,1680,2,87,5,1586
2026-10-01,2022Q1,48,3629,6,126,7,3483
2026-10-01,2022Q1,49,489,1,22,1,462
2026-10-01,2022Q1,50,2992,12,307,7,2664
2026-10-01,2022Q1,51,175,0,4,0,171
2026-10-01,2022Q1,52,188,0,16,0,172
2026-10-01,2022Q2,00,199578,17814,19318,1053,160986
2026-10-01,2022Q2,01,1010,1,58,2,945
2026-10-01,2022Q2,02,1351,2,79,3,1258
2026-10-01,2022Q2,03,16243,5888,2375,111,7835
2026-10-01,2022Q2,04,4375,482,706,16,3170
2026-10-01,2022Q2,05,808,0,44,4,760
2026-10-01,2022Q2,06,2049,2,61,10,1969
2026-10-01,2022Q2,07,5365,1503,696,35,3116
2026-10-01,2022Q2,08,20134,328,2390,91,17280
2026-10-01,2022Q2,09,1626,1,103,2,1519
2026-10-01,2022Q2,10,1259,3,59,5,1189
2026-10-01,2022Q2,11,5067,241,265,41,4513
2026-10-01,2022Q2,12,3293,209,472,24,2581
2026-10-01,2022Q2,13,1633,1,108,4,1515
2026-10-01,2022Q2,14,2447,17,67,4,2356
2026-10-01,2022Q2,15,3117,22,104,21,2966
2026-10-01,2022Q2,16,672,3,72,0,596
2026-10-01,2022Q2,17,4453,895,456,33,3064
2026-10-01,2022Q2,18,4437,211,297,20,3907
2026-10-01,2022Q2,19,1388,5,133,1,1246
2026-10-01,2022Q2,20,2400,15,109,18,2250
2026-10-01,2022Q2,21,2358,66,182,7,2101
2026-10-01,2022Q2,22,1004,12,105,3,882
2026-10-01,2022Q2,23,1935,23,45,1,1865
2026-10-01,2022Q2,24,1599,7,55,3,1531
2026-10-01,2022Q2,25,1673,13,222,4,1431
2026-10-01,2022Q2,26,1450,3,163,6,1274
2026-10-01,2022Q2,27,878,7,51,4,814
2026-10-01,2022Q2,28,25078,202,2044,135,22659
2026-10-01,2022Q2,29,12415,3683,1248,111,7351
2026-10-01,2022Q2,30,6685,947,804,25,4901
2026-10-01,2022Q2,31,2439,8,228,11,2189
2026-10-01,2022Q2,32,719,4,35,9,671
2026-10-01,2022Q2,33,3618,37,177,32,3357
2026-10-01,2022Q2,34,503,0,33,1,469
2026-10-01,2022Q2,35,4448,915,581,18,2926
2026-10-01,2022Q2,36,2206,16,75,26,2089
2026-10-01,2022Q2,37,1197,2,38,2,1152
2026-10-01,2022Q2,38,4547,1176,669,15,2680
2026-10-01,2022Q2,39,2735,19,131,28,2538
2026-10-01,2022Q2,40,708,2,66,2,635
2026-10-01,2022Q2,41,6787,25,243,18,6473
2026-10-01,2022Q2,42,378,2,20,0,355
2026-10-01,2022Q2,43,4945,323,595,40,3971
2026-10-01,2022Q2,44,459,0,59,0,400
2026-10-01,2022Q2,45,3409,4,394,6,3001
2026-10-01,2022Q2,46,12039,470,1781,69,9684
2026-10-01,2022Q2,47,1791,7,97,4,1681
2026-10-01,2022Q2,48,3815,4,148,12,3647
2026-10-01,2022Q2,49,600,3,20,1,573
2026-10-01,2022Q2,50,3699,4,344,15,3330
2026-10-01,2022Q2,51,150,0,5,0,145
2026-10-01,2022Q2,52,184,1,6,0,176
2026-10-01,2022Q3,00,168793,15526,17177,1078,134578
2026-10-01,2022Q3,01,979,0,50,1,928
2026-10-01,2022Q3,02,1013,3,69,3,932
2026-10-01,2022Q3,03,14068,5227,2211,120,6482
2026-10-01,2022Q3,04,4092,418,577,19,3062
2026-10-01,2022Q3,05,866,0,63,2,800
2026-10-01,2022Q3,06,1763,3,49,2,1697
2026-10-01,2022Q3,07,4472,1317,595,31,2504
2026-10-01,2022Q3,08,16616,351,2157,76,13992
2026-10-01,2022Q3,09,1539,4,110,3,1419
2026-10-01,2022Q3,10,1335,4,50,8,1272
2026-10-01,2022Q3,11,4338,174,236,32,3886
2026-10-01,2022Q3,12,2953,218,434,22,2250
2026-10-01,2022Q3,13,1490,4,79,2,1404
2026-10-01,2022Q3,14,2138,12,57,8,2061
2026-10-01,2022Q3,15,2880,26,101,37,2708
2026-10-01,2022Q3,16,581,4,53,1,523
2026-10-01,2022Q3,17,3937,858,468,30,2576
2026-10-01,2022Q3,18,3702,175,247,38,3236
2026-10-01,2022Q3,19,1094,0,108,1,983
2026-10-01,2022Q3,20,1713,18,83,18,1587
2026-10-01,2022Q3,21,1913,50,141,7,1713
2026-10-01,2022Q3,22,854,7,68,2,776
2026-10-01,2022Q3,23,1720,21,50,2,1647
2026-10-01,2022Q3,24,1400,12,59,11,1315
2026-10-01,2022Q3,25,1471,11,206,6,1242
2026-10-01,2022Q3,26,1134,4,128,8,992
2026-10-01,2022Q3,27,978,13,53,2,909
2026-10-01,2022Q3,28,19723,189,1765,117,17615
2026-10-01,2022Q3,29,9891,2955,1009,109,5771
2026-10-01,2022Q3,30,6155,906,743,33,4467
2026-10-01,2022Q3,31,1698,6,183,11,1496
2026-10-01,2022Q3,32,718,16,53,22,626
2026-10-01,2022Q3,33,3349,52,209,42,3037
2026-10-01,2022Q3,34,507,0,24,2,481
2026-10-01,2022Q3,35,4044,712,498,11,2821
2026-10-01,2022Q3,36,2012,23,65,27,1896
2026-10-01,2022Q3,37,1119,12,33,11,1062
2026-10-01,2022Q3,38,3509,891,611,20,1981
2026-10-01,2022Q3,39,2192,18,98,24,2044
2026-10-01,2022Q3,40,554,2,59,2,490
2026-10-01,2022Q3,41,5903,34,221,10,5626
2026-10-01,2022Q3,42,321,3,22,3,291
2026-10-01,2022Q3,43,4267,263,570,37,3382
2026-10-01,2022Q3,44,540,3,40,2,495
2026-10-01,2022Q3,45,2677,5,292,3,2373
2026-10-01,2022Q3,46,10181,478,1589,72,7989
2026-10-01,2022Q3,47,1574,2,94,5,1472
2026-10-01,2022Q3,48,2944,9,142,11,2778
2026-10-01,2022Q3,49,539,1,34,4,496
2026-10-01,2022Q3,50,3063,11,313,8,2728
2026-10-01,2022Q3,51,143,0,4,0,139
2026-10-01,2022Q3,52,131,1,4,0,126
2026-10-01,2022Q4,00,173980,14839,18291,975,139436
2026-10-01,2022Q4,01,889,5,31,1,851
2026-10-01,2022Q4,02,1097,0,69,3,1020
2026-10-01,2022Q4,03,14254,5001,2222,111,6851
2026-10-01,2022Q4,04,3801,455,585,18,2741
2026-10-01,2022Q4,05,786,3,46,4,733
2026-10-01,2022Q4,06,1865,4,56,2,1796
2026-10-01,2022Q4,07,4372,1125,627,39,2574
2026-10-01,2022Q4,08,16839,381,2295,49,14076
2026-10-01,2022Q4,09,1436,4,110,1,1319
2026-10-01,2022Q4,10,1271,5,61,3,1199
2026-10-01,2022Q4,11,4666,170,296,35,4156
2026-10-01,2022Q4,12,3072,222,470,26,2341
2026-10-01,2022Q4,13,1546,2,126,0,1416
2026-10-01,2022Q4,14,2362,15,73,7,2263
2026-10-01,2022Q4,15,2799,26,100,32,2638
2026-10-01,2022Q4,16,655,3,72,1,579
2026-10-01,2022Q4,17,3988,809,518,34,2623
2026-10-01,2022Q4,18,4029,183,294,36,3510
2026-10-01,2022Q4,19,1221,9,143,0,1066
2026-10-01,2022Q4,20,2301,11,120,15,2152
2026-10-01,2022Q4,21,1885,53,150,8,1672
2026-10-01,2022Q4,22,855,6,88,6,751
2026-10-01,2022Q4,23,1774,13,67,2,1686
2026-10-01,2022Q4,24,1367,8,80,9,1266
2026-10-01,2022Q4,25,1517,12,199,5,1293
2026-10-01,2022Q4,26,1275,8,159,3,1103
2026-10-01,2022Q4,27,915,3,64,5,842
2026-10-01,2022Q4,28,21523,181,1861,109,19319
2026-10-01,2022Q4,29,9400,2722,996,79,5567
2026-10-01,2022Q4,30,6461,942,834,30,4643
2026-10-01,2022Q4,31,1788,14,191,5,1569
2026-10-01,2022Q4,32,754,12,42,14,686
2026-10-01,2022Q4,33,3425,61,232,40,3090
2026-10-01,2022Q4,34,493,3,21,1,467
2026-10-01,2022Q4,35,3681,654,525,7,2486
2026-10-01,2022Q4,36,1985,23,88,35,1838
2026-10-01,2022Q4,37,1061,8,46,5,1002
2026-10-01,2022Q4,38,3203,751,567,17,1862
2026-10-01,2022Q4,39,2277,19,79,18,2152
2026-10-01,2022Q4,40,809,0,61,3,739
2026-10-01,2022Q4,41,6112,26,266,15,5796
2026-10-01,2022Q4,42,395,2,30,2,359
2026-10-01,2022Q4,43,4044,319,552,41,3121
2026-10-01,2022Q4,44,591,3,73,2,512
2026-10-01,2022Q4,45,3029,8,347,3,2665
2026-10-01,2022Q4,46,10968,529,1698,69,8636
2026-10-01,2022Q4,47,1706,3,100,6,1593
2026-10-01,2022Q4,48,3328,10,152,10,3153
2026-10-01,2022Q4,49,515,2,28,2,476
2026-10-01,2022Q4,50,3300,11,355,7,2919
2026-10-01,2022Q4,51,150,0,14,0,136
2026-10-01,2022Q4,52,145,0,12,0,133
2026-10-01,2023Q1,00,158006,13452,17003,883,126347
2026-10-01,2023Q1,01,787,1,41,0,743
2026-10-01,2023Q1,02,1120,4,67,3,1044
2026-10-01,2023Q1,03,13245,4798,2242,88,6095
2026-10-01,2023Q1,04,3450,337,636,17,2458
2026-10-01,2023Q1,05,679,1,31,2,645
2026-10-01,2023Q1,06,1706,6,50,3,1645
2026-10-01,2023Q1,07,3763,821,487,17,2426
2026-10-01,2023Q1,08,15103,376,2043,75,12564
2026-10-01,2023Q1,09,1234,3,95,5,1128
2026-10-01,2023Q1,10,1209,4,53,3,1146
2026-10-01,2023Q1,11,4017,130,243,22,3616
2026-10-01,2023Q1,12,2720,189,438,23,2061
2026-10-01,2023Q1,13,1447,2,93,1,1348
2026-10-01,2023Q1,14,2379,19,75,6,2272
2026-10-01,2023Q1,15,2582,25,109,43,2402
2026-10-01,2023Q1,16,609,2,68,1,538
2026-10-01,2023Q1,17,3409,617,424,27,2339
2026-10-01,2023Q1,18,3471,118,244,14,3091
2026-10-01,2023Q1,19,1104,3,115,1,985
2026-10-01,2023Q1,20,1728,12,92,15,1609
2026-10-01,2023Q1,21,1803,55,156,4,1582
2026-10-01,2023Q1,22,762,5,77,1,679
2026-10-01,2023Q1,23,1618,12,62,1,1534
2026-10-01,2023Q1,24,1257,1,57,9,1184
2026-10-01,2023Q1,25,1367,14,166,5,1162
2026-10-01,2023Q1,26,1017,5,129,2,880
2026-10-01,2023Q1,27,830,3,42,6,778
2026-10-01,2023Q1,28,19442,259,1612,100,17432
2026-10-01,2023Q1,29,8696,2338,1052,93,5198
2026-10-01,2023Q1,30,5586,797,789,23,3974
2026-10-01,2023Q1,31,1865,11,146,5,1702
2026-10-01,2023Q1,32,662,9,44,16,593
2026-10-01,2023Q1,33,3391,60,210,37,3076
2026-10-01,2023Q1,34,450,0,23,1,426
2026-10-01,2023Q1,35,3770,796,496,20,2447
2026-10-01,2023Q1,36,1658,19,67,22,1548
2026-10-01,2023Q1,37,884,3,23,2,855
2026-10-01,2023Q1,38,3170,852,658,14,1644
2026-10-01,2023Q1,39,1908,24,86,16,1779
2026-10-01,2023Q1,40,650,0,40,5,600
2026-10-01,2023Q1,41,5813,17,233,14,5539
2026-10-01,2023Q1,42,319,0,29,1,288
2026-10-01,2023Q1,43,3735,220,563,29,2919
2026-10-01,2023Q1,44,455,0,65,2,386
2026-10-01,2023Q1,45,2748,14,302,3,2423
2026-10-01,2023Q1,46,10172,450,1702,60,7930
2026-10-01,2023Q1,47,1689,5,80,1,1603
2026-10-01,2023Q1,48,3021,8,111,15,2886
2026-10-01,2023Q1,49,456,0,12,2,439
2026-10-01,2023Q1,50,2791,6,318,8,2455
2026-10-01,2023Q1,51,130,0,1,0,129
2026-10-01,2023Q1,52,129,1,6,0,122
2026-10-01,2023Q2,00,170564,15202,18278,914,135785
2026-10-01,2023Q2,01,970,1,41,1,924
2026-10-01,2023Q2,02,1014,5,72,3,934
2026-10-01,2023Q2,03,14404,5282,2446,94,6559
2026-10-01,2023Q2,04,4123,410,627,17,3069
2026-10-01,2023Q2,05,736,0,35,4,697
2026-10-01,2023Q2,06,1827,3,51,3,1764
2026-10-01,2023Q2,07,4061,1050,537,18,2444
2026-10-01,2023Q2,08,16269,427,2228,72,13506
2026-10-01,2023Q2,09,1559,3,123,5,1428
2026-10-01,2023Q2,10,1229,4,39,4,1178
2026-10-01,2023Q2,11,4301,135,217,19,3923
2026-10-01,2023Q2,12,3186,213,467,31,2462
2026-10-01,2023Q2,13,1405,3,77,0,1325
2026-10-01,2023Q2,14,2355,20,65,9,2260
2026-10-01,2023Q2,15,2648,16,112,22,2488
2026-10-01,2023Q2,16,591,1,77,1,509
2026-10-01,2023Q2,17,3828,780,457,34,2553
2026-10-01,2023Q2,18,3522,158,276,21,3063
2026-10-01,2023Q2,19,1285,5,132,1,1145
2026-10-01,2023Q2,20,2128,16,109,8,1993
2026-10-01,2023Q2,21,1997,53,168,7,1766
2026-10-01,2023Q2,22,1021,8,85,7,921
2026-10-01,2023Q2,23,1710,18,88,2,1596
2026-10-01,2023Q2,24,1314,3,67,8,1216
2026-10-01,2023Q2,25,1488,12,176,8,1287
2026-10-01,2023Q2,26,1141,1,138,1,998
2026-10-01,2023Q2,27,928,10,61,4,849
2026-10-01,2023Q2,28,20250,245,1830,113,18013
2026-10-01,2023Q2,29,9765,2686,1117,78,5825
2026-10-01,2023Q2,30,6577,1136,805,44,4587
2026-10-01,2023Q2,31,1990,7,178,2,1799
2026-10-01,2023Q2,32,679,6,43,17,608
2026-10-01,2023Q2,33,3669,47,247,30,3340
2026-10-01,2023Q2,34,507,1,27,0,479
2026-10-01,2023Q2,35,3609,698,498,12,2396
2026-10-01,2023Q2,36,1878,20,68,25,1763
2026-10-01,2023Q2,37,1040,3,47,7,982
2026-10-01,2023Q2,38,3426,834,636,14,1935
2026-10-01,2023Q2,39,2332,26,102,23,2175
2026-10-01,2023Q2,40,730,1,64,0,663
2026-10-01,2023Q2,41,5586,26,218,11,5317
2026-10-01,2023Q2,42,391,0,27,5,357
2026-10-01,2023Q2,43,4288,237,622,36,3391
2026-10-01,2023Q2,44,449,1,51,0,397
2026-10-01,2023Q2,45,3315,11,373,2,2925
2026-10-01,2023Q2,46,10515,555,1801,68,8063
2026-10-01,2023Q2,47,1654,9,80,3,1561
2026-10-01,2023Q2,48,3048,6,125,8,2906
2026-10-01,2023Q2,49,485,0,14,2,466
2026-10-01,2023Q2,50,3081,10,320,9,2735
2026-10-01,2023Q2,51,132,0,3,0,129
2026-10-01,2023Q2,52,128,0,11,1,116
2026-10-01,2023Q3,00,142281,12725,15703,959,112633
2026-10-01,2023Q3,01,637,0,42,3,591
2026-10-01,2023Q3,02,924,4,64,5,849
2026-10-01,2023Q3,03,12155,4458,2038,102,5529
2026-10-01,2023Q3,04,3274,335,504,16,2414
2026-10-01,2023Q3,05,683,4,38,1,640
2026-10-01,2023Q3,06,1546,5,49,3,1488
2026-10-01,2023Q3,07,3411,944,492,19,1950
2026-10-01,2023Q3,08,13547,393,2009,64,11056
2026-10-01,2023Q3,09,1127,6,93,9,1016
2026-10-01,2023Q3,10,1063,6,37,3,1014
2026-10-01,2023Q3,11,3483,168,224,22,3065
2026-10-01,2023Q3,12,2776,212,372,20,2162
2026-10-01,2023Q3,13,1243,2,98,2,1140
2026-10-01,2023Q3,14,1920,21,59,4,1831
2026-10-01,2023Q3,15,2584,31,112,34,2404
2026-10-01,2023Q3,16,547,4,62,3,477
2026-10-01,2023Q3,17,3081,625,384,28,2043
2026-10-01,2023Q3,18,3188,122,262,17,2784
2026-10-01,2023Q3,19,1072,0,115,1,954
2026-10-01,2023Q3,20,1482,7,77,15,1383
2026-10-01,2023Q3,21,1744,69,166,10,1494
2026-10-01,2023Q3,22,836,8,66,2,758
2026-10-01,2023Q3,23,1415,16,47,2,1347
2026-10-01,2023Q3,24,1326,5,74,10,1216
2026-10-01,2023Q3,25,1205,5,164,6,1018
2026-10-01,2023Q3,26,1043,3,135,5,898
2026-10-01,2023Q3,27,861,5,56,6,794
2026-10-01,2023Q3,28,16710,255,1641,120,14662
2026-10-01,2023Q3,29,7847,2230,916,82,4613
2026-10-01,2023Q3,30,5413,957,693,26,3734
2026-10-01,2023Q3,31,1494,5,154,3,1328
2026-10-01,2023Q3,32,729,9,24,18,677
2026-10-01,2023Q3,33,3202,47,245,47,2857
2026-10-01,2023Q3,34,473,1,28,5,438
2026-10-01,2023Q3,35,2918,467,365,11,2068
2026-10-01,2023Q3,36,1786,27,68,37,1653
2026-10-01,2023Q3,37,997,6,38,6,947
2026-10-01,2023Q3,38,2554,537,528,15,1470
2026-10-01,2023Q3,39,2076,21,86,29,1938
2026-10-01,2023Q3,40,533,6,47,3,476
2026-10-01,2023Q3,41,4770,23,199,12,4527
2026-10-01,2023Q3,42,319,1,25,2,289
2026-10-01,2023Q3,43,3507,180,495,41,2787
2026-10-01,2023Q3,44,461,1,50,1,408
2026-10-01,2023Q3,45,2733,9,297,5,2417
2026-10-01,2023Q3,46,8579,452,1465,64,6584
2026-10-01,2023Q3,47,1391,2,80,3,1305
2026-10-01,2023Q3,48,2252,12,102,5,2131
2026-10-01,2023Q3,49,472,2,27,2,438
2026-10-01,2023Q3,50,2654,11,272,9,2359
2026-10-01,2023Q3,51,129,0,5,0,124
2026-10-01,2023Q3,52,109,6,14,1,88
2026-10-01,2023Q4,00,167740,13538,17205,996,135690
2026-10-01,2023Q4,01,895,2,57,4,832
2026-10-01,2023Q4,02,1085,2,78,2,1002
2026-10-01,2023Q4,03,13299,4585,2243,107,6344
2026-10-01,2023Q4,04,3481,396,615,25,2443
2026-10-01,2023Q4,05,817,0,56,5,756
2026-10-01,2023Q4,06,1752,4,65,3,1679
2026-10-01,2023Q4,07,3960,962,504,26,2461
2026-10-01,2023Q4,08,16024,466,2123,77,13325
2026-10-01,2023Q4,09,1403,2,101,9,1285
2026-10-01,2023Q4,10,1242,5,56,2,1179
2026-10-01,2023Q4,11,4419,145,240,21,4002
2026-10-01,2023Q4,12,3133,214,426,34,2454
2026-10-01,2023Q4,13,1569,3,114,2,1447
2026-10-01,2023Q4,14,2593,19,78,3,2486
2026-10-01,2023Q4,15,2810,34,114,24,2636
2026-10-01,2023Q4,16,654,0,65,1,587
2026-10-01,2023Q4,17,3796,623,430,24,2716
2026-10-01,2023Q4,18,3447,153,238,30,3020
2026-10-01,2023Q4,19,1520,1,121,0,1395
2026-10-01,2023Q4,20,1943,10,102,13,1815
2026-10-01,2023Q4,21,2034,51,161,14,1804
2026-10-01,2023Q4,22,921,6,75,6,834
2026-10-01,2023Q4,23,1682,16,74,4,1586
2026-10-01,2023Q4,24,1424,13,84,3,1314
2026-10-01,2023Q4,25,1694,17,220,4,1439
2026-10-01,2023Q4,26,1207,5,154,4,1041
2026-10-01,2023Q4,27,922,7,60,6,848
2026-10-01,2023Q4,28,19361,240,1706,108,17260
2026-10-01,2023Q4,29,9162,2465,953,97,5640
2026-10-01,2023Q4,30,6440,1042,808,25,4559
2026-10-01,2023Q4,31,2208,9,184,5,2007
2026-10-01,2023Q4,32,778,12,55,15,696
2026-10-01,2023Q4,33,3794,50,268,49,3410
2026-10-01,2023Q4,34,533,2,22,4,502
2026-10-01,2023Q4,35,3406,562,451,10,2381
2026-10-01,2023Q4,36,1747,19,69,28,1628
2026-10-01,2023Q4,37,1140,5,48,6,1080
2026-10-01,2023Q4,38,3359,639,554,15,2145
2026-10-01,2023Q4,39,2280,17,87,35,2135
2026-10-01,2023Q4,40,743,1,52,4,685
2026-10-01,2023Q4,41,6019,14,212,10,5771
2026-10-01,2023Q4,42,373,0,40,2,331
2026-10-01,2023Q4,43,4009,219,541,25,3219
2026-10-01,2023Q4,44,501,3,52,1,445
2026-10-01,2023Q4,45,3422,4,323,9,3080
2026-10-01,2023Q4,46,10055,463,1528,66,7974
2026-10-01,2023Q4,47,1688,2,91,4,1589
2026-10-01,2023Q4,48,3115,8,143,10,2950
2026-10-01,2023Q4,49,494,0,24,1,466
2026-10-01,2023Q4,50,3119,17,330,14,2753
2026-10-01,2023Q4,51,156,0,3,0,153
2026-10-01,2023Q4,52,112,4,7,0,101
2026-10-01,2024Q1,00,160441,12617,16850,904,129821
2026-10-01,2024Q1,01,1039,0,51,2,986
2026-10-01,2024Q1,02,1019,5,71,2,938
2026-10-01,2024Q1,03,13512,4569,2248,104,6578
2026-10-01,2024Q1,04,3237,296,586,16,2337
2026-10-01,2024Q1,05,676,2,46,0,628
2026-10-01,2024Q1,06,1700,1,58,3,1634
2026-10-01,2024Q1,07,3560,841,483,17,2215
2026-10-01,2024Q1,08,15128,401,2068,75,12563
2026-10-01,2024Q1,09,1288,2,91,5,1187
2026-10-01,2024Q1,10,1263,5,50,4,1202
2026-10-01,2024Q1,11,4021,114,232,16,3655
2026-10-01,2024Q1,12,3031,236,449,27,2314
2026-10-01,2024Q1,13,1482,2,100,4,1372
2026-10-01,2024Q1,14,2514,9,70,5,2426
2026-10-01,2024Q1,15,2748,31,139,34,2541
2026-10-01,2024Q1,16,581,2,62,2,514
2026-10-01,2024Q1,17,3285,502,381,19,2378
2026-10-01,2024Q1,18,3466,132,246,26,3057
2026-10-01,2024Q1,19,1176,4,136,0,1035
2026-10-01,2024Q1,20,1707,11,87,12,1596
2026-10-01,2024Q1,21,1886,44,145,6,1688
2026-10-01,2024Q1,22,861,3,96,6,753
2026-10-01,2024Q1,23,1732,18,50,0,1662
2026-10-01,2024Q1,24,1245,4,67,2,1155
2026-10-01,2024Q1,25,1471,5,180,1,1279
2026-10-01,2024Q1,26,1093,7,138,2,945
2026-10-01,2024Q1,27,944,11,42,5,885
2026-10-01,2024Q1,28,20178,224,1677,111,18124
2026-10-01,2024Q1,29,8357,2206,929,85,5132
2026-10-01,2024Q1,30,5981,922,732,30,4292
2026-10-01,2024Q1,31,1867,3,190,5,1669
2026-10-01,2024Q1,32,686,11,51,13,610
2026-10-01,2024Q1,33,3706,47,251,49,3358
2026-10-01,2024Q1,34,467,1,25,4,437
2026-10-01,2024Q1,35,3586,582,440,27,2527
2026-10-01,2024Q1,36,1867,27,73,23,1743
2026-10-01,2024Q1,37,988,5,43,5,934
2026-10-01,2024Q1,38,2897,715,504,17,1657
2026-10-01,2024Q1,39,2220,13,90,17,2087
2026-10-01,2024Q1,40,563,2,58,3,499
2026-10-01,2024Q1,41,5481,9,207,13,5240
2026-10-01,2024Q1,42,439,0,40,1,398
2026-10-01,2024Q1,43,3504,155,555,23,2768
2026-10-01,2024Q1,44,428,1,56,1,367
2026-10-01,2024Q1,45,3133,6,339,2,2784
2026-10-01,2024Q1,46,10148,413,1634,52,8036
2026-10-01,2024Q1,47,1633,2,103,9,1516
2026-10-01,2024Q1,48,2846,11,141,5,2687
2026-10-01,2024Q1,49,495,0,25,1,465
2026-10-01,2024Q1,50,2999,4,301,11,2678
2026-10-01,2024Q1,51,153,1,5,0,147
2026-10-01,2024Q1,52,154,0,9,2,143
2026-10-01,2024Q2,00,189761,15669,19570,972,153216
2026-10-01,2024Q2,01,1107,2,58,1,1043
2026-10-01,2024Q2,02,1131,2,78,0,1050
2026-10-01,2024Q2,03,15854,5700,2444,111,7584
2026-10-01,2024Q2,04,4003,347,673,18,2962
2026-10-01,2024Q2,05,909,3,60,2,839
2026-10-01,2024Q2,06,2231,4,75,2,2146
2026-10-01,2024Q2,07,4028,1027,526,27,2441
2026-10-01,2024Q2,08,18239,505,2549,78,15067
2026-10-01,2024Q2,09,1589,4,123,6,1455
2026-10-01,2024Q2,10,1493,3,56,7,1423
2026-10-01,2024Q2,11,4694,152,265,32,4236
2026-10-01,2024Q2,12,3688,238,468,34,2933
2026-10-01,2024Q2,13,1827,3,143,1,1678
2026-10-01,2024Q2,14,2749,21,87,9,2631
2026-10-01,2024Q2,15,3228,28,132,35,3031
2026-10-01,2024Q2,16,691,3,89,0,599
2026-10-01,2024Q2,17,3969,569,487,39,2869
2026-10-01,2024Q2,18,4235,183,304,25,3721
2026-10-01,2024Q2,19,1305,0,146,5,1153
2026-10-01,2024Q2,20,2124,24,134,9,1956
2026-10-01,2024Q2,21,2296,70,173,8,2041
2026-10-01,2024Q2,22,929,5,85,1,837
2026-10-01,2024Q2,23,2111,21,82,4,2004
2026-10-01,2024Q2,24,1671,3,76,7,1558
2026-10-01,2024Q2,25,1771,6,223,11,1525
2026-10-01,2024Q2,26,1504,5,156,2,1341
2026-10-01,2024Q2,27,1014,12,44,4,954
2026-10-01,2024Q2,28,23267,325,2130,114,20642
2026-10-01,2024Q2,29,10208,2809,1129,86,6180
2026-10-01,2024Q2,30,7134,1203,818,35,5072
2026-10-01,2024Q2,31,1886,4,164,9,1705
2026-10-01,2024Q2,32,802,5,52,9,736
2026-10-01,2024Q2,33,4447,53,321,30,4036
2026-10-01,2024Q2,34,613,0,26,0,586
2026-10-01,2024Q2,35,3736,661,466,16,2583
2026-10-01,2024Q2,36,2135,16,79,22,2017
2026-10-01,2024Q2,37,1204,4,52,3,1145
2026-10-01,2024Q2,38,3520,829,595,8,2085
2026-10-01,2024Q2,39,2763,29,124,22,2580
2026-10-01,2024Q2,40,781,1,79,4,696
2026-10-01,2024Q2,41,6552,24,239,20,6254
2026-10-01,2024Q2,42,383,0,30,2,351
2026-10-01,2024Q2,43,4571,214,634,26,3691
2026-10-01,2024Q2,44,519,1,46,1,470
2026-10-01,2024Q2,45,3657,10,419,3,3219
2026-10-01,2024Q2,46,11025,515,1763,55,8660
2026-10-01,2024Q2,47,1880,1,97,4,1776
2026-10-01,2024Q2,48,3917,9,174,12,3718
2026-10-01,2024Q2,49,584,5,36,1,541
2026-10-01,2024Q2,50,3433,10,345,10,3061
2026-10-01,2024Q2,51,183,0,3,0,180
2026-10-01,2024Q2,52,171,1,13,2,155
2026-10-01,2024Q3,00,166176,13690,17067,974,134185
2026-10-01,2024Q3,01,871,1,47,1,821
2026-10-01,2024Q3,02,1031,4,67,5,955
2026-10-01,2024Q3,03,13183,4888,1975,99,6206
2026-10-01,2024Q3,04,3403,313,484,21,2582
2026-10-01,2024Q3,05,788,2,43,3,737
2026-10-01,2024Q3,06,1755,3,68,3,1680
2026-10-01,2024Q3,07,3602,993,393,23,2185
2026-10-01,2024Q3,08,16337,483,2311,64,13450
2026-10-01,2024Q3,09,1423,7,111,3,1298
2026-10-01,2024Q3,10,1278,5,53,6,1211
2026-10-01,2024Q3,11,4295,111,262,31,3888
2026-10-01,2024Q3,12,3355,218,454,35,2642
2026-10-01,2024Q3,13,1687,2,135,1,1547
2026-10-01,2024Q3,14,2403,32,68,1,2301
2026-10-01,2024Q3,15,3163,34,104,38,2978
2026-10-01,2024Q3,16,714,1,70,4,638
2026-10-01,2024Q3,17,3309,525,436,29,2317
2026-10-01,2024Q3,18,3609,134,261,18,3193
2026-10-01,2024Q3,19,1281,2,118,5,1154
2026-10-01,2024Q3,20,2069,15,116,17,1920
2026-10-01,2024Q3,21,1902,68,164,11,1652
2026-10-01,2024Q3,22,786,2,84,4,692
2026-10-01,2024Q3,23,1773,25,80,5,1663
2026-10-01,2024Q3,24,1701,6,86,12,1592
2026-10-01,2024Q3,25,1517,6,179,10,1319
2026-10-01,2024Q3,26,1261,1,142,4,1113
2026-10-01,2024Q3,27,920,12,53,5,850
2026-10-01,2024Q3,28,20486,335,1917,105,18076
2026-10-01,2024Q3,29,8795,2554,885,76,5277
2026-10-01,2024Q3,30,6071,999,766,27,4274
2026-10-01,2024Q3,31,1699,6,142,5,1545
2026-10-01,2024Q3,32,901,19,67,18,796
2026-10-01,2024Q3,33,4010,49,320,38,3602
2026-10-01,2024Q3,34,544,0,29,2,508
2026-10-01,2024Q3,35,3188,453,414,12,2300
2026-10-01,2024Q3,36,2030,21,69,45,1894
2026-10-01,2024Q3,37,1049,9,40,8,991
2026-10-01,2024Q3,38,2843,554,485,10,1790
2026-10-01,2024Q3,39,2385,26,116,34,2203
2026-10-01,2024Q3,40,674,1,58,4,609
2026-10-01,2024Q3,41,5536,26,198,15,5285
2026-10-01,2024Q3,42,401,1,37,2,361
2026-10-01,2024Q3,43,4025,224,518,16,3262
2026-10-01,2024Q3,44,458,2,54,2,399
2026-10-01,2024Q3,45,3438,4,378,3,3051
2026-10-01,2024Q3,46,9972,489,1592,63,7809
2026-10-01,2024Q3,47,1603,2,116,3,1482
2026-10-01,2024Q3,48,2865,7,149,15,2691
2026-10-01,2024Q3,49,549,2,25,4,515
2026-10-01,2024Q3,50,2923,7,310,9,2592
2026-10-01,2024Q3,51,168,0,7,0,161
2026-10-01,2024Q3,52,147,7,11,0,128
2026-10-01,2024Q4,00,199300,14801,19091,1136,163839
2026-10-01,2024Q4,01,1091,2,57,1,1028
2026-10-01,2024Q4,02,1277,1,104,1,1169
2026-10-01,2024Q4,03,14541,5012,2151,125,7235
2026-10-01,2024Q4,04,4477,396,629,34,3415
2026-10-01,2024Q4,05,970,5,50,7,908
2026-10-01,2024Q4,06,2170,3,73,3,2086
2026-10-01,2024Q4,07,4274,1071,495,18,2681
2026-10-01,2024Q4,08,20457,482,2620,104,17224
2026-10-01,2024Q4,09,1609,2,147,8,1447
2026-10-01,2024Q4,10,1582,3,66,2,1502
2026-10-01,2024Q4,11,4830,133,228,31,4431
2026-10-01,2024Q4,12,4046,212,509,28,3281
2026-10-01,2024Q4,13,1999,3,138,0,1858
2026-10-01,2024Q4,14,2961,23,86,1,2843
2026-10-01,2024Q4,15,3473,33,123,37,3259
2026-10-01,2024Q4,16,866,0,89,0,777
2026-10-01,2024Q4,17,4034,618,455,34,2916
2026-10-01,2024Q4,18,4199,153,316,28,3695
2026-10-01,2024Q4,19,1626,3,150,1,1470
2026-10-01,2024Q4,20,2334,13,109,18,2193
2026-10-01,2024Q4,21,2265,70,152,6,2029
2026-10-01,2024Q4,22,1102,5,117,3,975
2026-10-01,2024Q4,23,2205,20,108,3,2071
2026-10-01,2024Q4,24,1702,14,120,10,1553
2026-10-01,2024Q4,25,1992,13,225,9,1683
2026-10-01,2024Q4,26,1635,7,179,5,1437
2026-10-01,2024Q4,27,1076,17,64,1,990
2026-10-01,2024Q4,28,24215,342,1998,143,21688
2026-10-01,2024Q4,29,10359,2931,1015,97,6297
2026-10-01,2024Q4,30,7623,1119,892,32,5564
2026-10-01,2024Q4,31,1986,12,194,6,1770
2026-10-01,2024Q4,32,903,11,61,9,817
2026-10-01,2024Q4,33,4746,61,377,54,4242
2026-10-01,2024Q4,34,638,2,30,4,600
2026-10-01,2024Q4,35,3730,488,417,16,2801
2026-10-01,2024Q4,36,2469,34,96,52,2284
2026-10-01,2024Q4,37,1323,6,56,6,1254
2026-10-01,2024Q4,38,3185,630,462,7,2084
2026-10-01,2024Q4,39,2750,18,118,25,2586
2026-10-01,2024Q4,40,842,1,78,1,756
2026-10-01,2024Q4,41,7681,32,273,17,7352
2026-10-01,2024Q4,42,443,1,33,1,408
2026-10-01,2024Q4,43,4694,266,583,39,3799
2026-10-01,2024Q4,44,644,5,59,2,573
2026-10-01,2024Q4,45,4492,5,449,9,4023
2026-10-01,2024Q4,46,11005,478,1664,62,8779
2026-10-01,2024Q4,47,2249,3,132,1,2110
2026-10-01,2024Q4,48,3846,22,139,13,3665
2026-10-01,2024Q4,49,646,2,34,3,607
2026-10-01,2024Q4,50,3678,18,356,19,3280
2026-10-01,2024Q4,51,220,0,6,0,214
2026-10-01,2024Q4,52,140,0,9,0,130
2026-10-01,2025Q1,00,184040,13707,19015,907,150073
2026-10-01,2025Q1,01,1059,2,58,2,997
2026-10-01,2025Q1,02,1258,2,103,6,1147
2026-10-01,2025Q1,03,14310,4658,2249,87,7294
2026-10-01,2025Q1,04,4309,353,664,19,3269
2026-10-01,2025Q1,05,852,1,59,1,788
2026-10-01,2025Q1,06,2011,7,91,4,1900
2026-10-01,2025Q1,07,3995,862,415,20,2691
2026-10-01,2025Q1,08,18736,502,2610,67,15532
2026-10-01,2025Q1,09,1541,7,111,5,1417
2026-10-01,2025Q1,10,1498,3,59,4,1425
2026-10-01,2025Q1,11,4439,143,266,23,3994
2026-10-01,2025Q1,12,3757,166,541,32,3015
2026-10-01,2025Q1,13,1907,4,163,3,1736
2026-10-01,2025Q1,14,2953,26,108,7,2808
2026-10-01,2025Q1,15,3109,22,132,30,2919
2026-10-01,2025Q1,16,641,0,85,1,553
2026-10-01,2025Q1,17,3535,484,410,27,2602
2026-10-01,2025Q1,18,4005,141,284,27,3549
2026-10-01,2025Q1,19,1238,4,143,0,1089
2026-10-01,2025Q1,20,2298,16,117,14,2150
2026-10-01,2025Q1,21,2088,76,191,7,1808
2026-10-01,2025Q1,22,975,7,86,4,874
2026-10-01,2025Q1,23,2170,24,111,1,2031
2026-10-01,2025Q1,24,1880,7,184,5,1682
2026-10-01,2025Q1,25,1693,6,188,5,1444
2026-10-01,2025Q1,26,1397,4,163,6,1220
2026-10-01,2025Q1,27,1040,7,86,2,942
2026-10-01,2025Q1,28,21861,335,1996,128,19360
2026-10-01,2025Q1,29,9371,2712,1050,69,5532
2026-10-01,2025Q1,30,7097,1009,834,35,5207
2026-10-01,2025Q1,31,2107,10,184,7,1904
2026-10-01,2025Q1,32,865,16,54,14,781
2026-10-01,2025Q1,33,4411,51,368,35,3948
2026-10-01,2025Q1,34,588,1,37,0,550
2026-10-01,2025Q1,35,3631,619,424,11,2573
2026-10-01,2025Q1,36,2265,19,90,26,2129
2026-10-01,2025Q1,37,1243,4,56,4,1178
2026-10-01,2025Q1,38,3125,745,462,13,1901
2026-10-01,2025Q1,39,2611,16,108,16,2467
2026-10-01,2025Q1,40,772,2,68,0,699
2026-10-01,2025Q1,41,6588,39,250,16,6273
2026-10-01,2025Q1,42,378,0,34,1,341
2026-10-01,2025Q1,43,4377,161,596,36,3582
2026-10-01,2025Q1,44,451,0,51,3,397
2026-10-01,2025Q1,45,3699,7,388,13,3286
2026-10-01,2025Q1,46,9948,391,1645,46,7850
2026-10-01,2025Q1,47,1999,2,120,3,1874
2026-10-01,2025Q1,48,3586,16,151,7,3406
2026-10-01,2025Q1,49,610,5,37,1,564
2026-10-01,2025Q1,50,3409,12,320,13,3060
2026-10-01,2025Q1,51,171,0,4,0,165
2026-10-01,2025Q1,52,183,1,11,1,170
2026-10-01,2025Q2,00,196561,13536,19673,1037,162141
2026-10-01,2025Q2,01,1197,0,71,2,1122
2026-10-01,2025Q2,02,1360,7,100,2,1249
2026-10-01,2025Q2,03,15218,5044,2287,93,7779
2026-10-01,2025Q2,04,4858,373,796,26,3660
2026-10-01,2025Q2,05,943,0,55,2,882
2026-10-01,2025Q2,06,2257,9,70,6,2171
2026-10-01,2025Q2,07,3920,926,465,21,2507
2026-10-01,2025Q2,08,20161,310,2705,93,17033
2026-10-01,2025Q2,09,1928,2,132,8,1784
2026-10-01,2025Q2,10,1681,5,72,1,1603
2026-10-01,2025Q2,11,5154,130,283,30,4705
2026-10-01,2025Q2,12,4013,202,540,31,3237
2026-10-01,2025Q2,13,2099,4,165,5,1924
2026-10-01,2025Q2,14,3158,27,110,9,3008
2026-10-01,2025Q2,15,3569,31,136,28,3373
2026-10-01,2025Q2,16,677,3,92,0,582
2026-10-01,2025Q2,17,4074,598,475,28,2971
2026-10-01,2025Q2,18,4259,162,292,20,3780
2026-10-01,2025Q2,19,1314,1,155,1,1156
2026-10-01,2025Q2,20,2429,10,114,24,2274
2026-10-01,2025Q2,21,2335,46,223,7,2056
2026-10-01,2025Q2,22,1040,4,96,5,934
2026-10-01,2025Q2,23,2457,21,101,3,2329
2026-10-01,2025Q2,24,1885,5,114,9,1756
2026-10-01,2025Q2,25,1919,9,204,6,1699
2026-10-01,2025Q2,26,1423,6,171,2,1241
2026-10-01,2025Q2,27,1205,8,72,5,1118
2026-10-01,2025Q2,28,22204,176,1838,136,20039
2026-10-01,2025Q2,29,9004,2339,1062,106,5492
2026-10-01,2025Q2,30,7609,1082,883,30,5610
2026-10-01,2025Q2,31,2091,3,187,3,1896
2026-10-01,2025Q2,32,1036,10,84,11,931
2026-10-01,2025Q2,33,4641,45,421,48,4125
2026-10-01,2025Q2,34,714,2,49,1,661
2026-10-01,2025Q2,35,3578,579,427,16,2551
2026-10-01,2025Q2,36,2345,17,112,24,2192
2026-10-01,2025Q2,37,1377,3,56,5,1311
2026-10-01,2025Q2,38,3149,693,478,8,1969
2026-10-01,2025Q2,39,2677,16,125,28,2503
2026-10-01,2025Q2,40,767,1,60,3,701
2026-10-01,2025Q2,41,6843,25,280,14,6517
2026-10-01,2025Q2,42,358,0,26,0,332
2026-10-01,2025Q2,43,4833,198,573,35,4024
2026-10-01,2025Q2,44,534,1,81,0,452
2026-10-01,2025Q2,45,3941,5,446,4,3486
2026-10-01,2025Q2,46,11399,376,1685,66,9259
2026-10-01,2025Q2,47,2165,2,111,5,2047
2026-10-01,2025Q2,48,4044,10,168,12,3851
2026-10-01,2025Q2,49,564,1,40,0,518
2026-10-01,2025Q2,50,3786,8,366,15,3393
2026-10-01,2025Q2,51,197,0,6,0,190
2026-10-01,2025Q2,52,172,1,13,0,158
2026-10-01,2025Q3,00,171056,11531,17356,991,140942
2026-10-01,2025Q3,01,996,1,58,4,933
2026-10-01,2025Q3,02,1196,2,126,0,1066
2026-10-01,2025Q3,03,13201,4340,1991,123,6726
2026-10-01,2025Q3,04,3774,309,529,21,2915
2026-10-01,2025Q3,05,896,2,68,5,819
2026-10-01,2025Q3,06,2066,4,82,6,1972
2026-10-01,2025Q3,07,3527,850,404,18,2250
2026-10-01,2025Q3,08,16467,247,2424,75,13690
2026-10-01,2025Q3,09,1689,6,123,11,1549
2026-10-01,2025Q3,10,1519,12,65,4,1435
2026-10-01,2025Q3,11,4630,175,251,26,4173
2026-10-01,2025Q3,12,3393,185,455,18,2724
2026-10-01,2025Q3,13,2076,2,170,2,1900
2026-10-01,2025Q3,14,2631,21,91,10,2508
2026-10-01,2025Q3,15,3353,17,163,38,3129
2026-10-01,2025Q3,16,729,3,87,2,637
2026-10-01,2025Q3,17,3602,508,417,23,2651
2026-10-01,2025Q3,18,3624,112,273,20,3211
2026-10-01,2025Q3,19,1359,2,136,3,1217
2026-10-01,2025Q3,20,1980,14,103,12,1849
2026-10-01,2025Q3,21,1895,53,180,16,1642
2026-10-01,2025Q3,22,906,2,78,2,823
2026-10-01,2025Q3,23,2177,21,84,2,2070
2026-10-01,2025Q3,24,1797,5,110,11,1669
2026-10-01,2025Q3,25,1545,7,173,11,1354
2026-10-01,2025Q3,26,1411,5,148,2,1256
2026-10-01,2025Q3,27,1085,6,81,3,993
2026-10-01,2025Q3,28,18778,149,1634,140,16839
2026-10-01,2025Q3,29,7927,2013,880,67,4962
2026-10-01,2025Q3,30,6460,906,786,32,4730
2026-10-01,2025Q3,31,1779,2,152,2,1616
2026-10-01,2025Q3,32,819,10,60,15,734
2026-10-01,2025Q3,33,4024,63,341,28,3590
2026-10-01,2025Q3,34,616,5,34,2,573
2026-10-01,2025Q3,35,3131,413,389,22,2296
2026-10-01,2025Q3,36,1998,22,85,28,1860
2026-10-01,2025Q3,37,1364,9,57,13,1283
2026-10-01,2025Q3,38,2614,446,417,6,1729
2026-10-01,2025Q3,39,2318,13,119,24,2162
2026-10-01,2025Q3,40,665,0,70,1,594
2026-10-01,2025Q3,41,6301,21,253,14,6005
2026-10-01,2025Q3,42,363,2,26,2,330
2026-10-01,2025Q3,43,4107,169,581,31,3322
2026-10-01,2025Q3,44,556,3,71,1,480
2026-10-01,2025Q3,45,3699,6,420,3,3268
2026-10-01,2025Q3,46,10219,340,1474,61,8324
2026-10-01,2025Q3,47,1938,2,109,8,1818
2026-10-01,2025Q3,48,3471,8,130,14,3315
2026-10-01,2025Q3,49,639,2,30,0,602
2026-10-01,2025Q3,50,3419,15,354,8,3038
2026-10-01,2025Q3,51,173,0,2,0,171
2026-10-01,2025Q3,52,154,1,12,1,140
2026-10-01,2025Q4,00,200250,12593,19596,1030,166781
2026-10-01,2025Q4,01,1191,0,75,5,1109
2026-10-01,2025Q4,02,1419,5,116,3,1294
2026-10-01,2025Q4,03,13936,4355,2176,117,7267
2026-10-01,2025Q4,04,4554,316,646,16,3572
2026-10-01,2025Q4,05,1047,1,76,5,965
2026-10-01,2025Q4,06,2220,6,84,3,2126
2026-10-01,2025Q4,07,4032,835,507,26,2655
2026-10-01,2025Q4,08,20632,270,2855,80,17389
2026-10-01,2025Q4,09,1743,4,151,6,1579
2026-10-01,2025Q4,10,1616,8,56,6,1546
2026-10-01,2025Q4,11,5448,135,240,29,5040
2026-10-01,2025Q4,12,4156,189,512,31,3420
2026-10-01,2025Q4,13,2256,3,201,3,2047
2026-10-01,2025Q4,14,3114,30,105,8,2969
2026-10-01,2025Q4,15,3468,24,161,33,3245
2026-10-01,2025Q4,16,912,4,90,2,815
2026-10-01,2025Q4,17,4419,594,494,34,3279
2026-10-01,2025Q4,18,5044,127,329,28,4552
2026-10-01,2025Q4,19,1553,3,168,3,1376
2026-10-01,2025Q4,20,2599,18,138,14,2428
2026-10-01,2025Q4,21,2329,64,199,4,2060
2026-10-01,2025Q4,22,1056,7,114,4,929
2026-10-01,2025Q4,23,2641,14,129,1,2494
2026-10-01,2025Q4,24,1910,5,126,7,1769
2026-10-01,2025Q4,25,1883,20,217,4,1640
2026-10-01,2025Q4,26,1544,7,171,4,1361
2026-10-01,2025Q4,27,1235,12,84,3,1136
2026-10-01,2025Q4,28,21188,154,1676,128,19210
2026-10-01,2025Q4,29,9826,2685,1033,74,6024
2026-10-01,2025Q4,30,7531,997,839,37,5654
2026-10-01,2025Q4,31,2109,3,199,4,1903
2026-10-01,2025Q4,32,969,20,66,14,865
2026-10-01,2025Q4,33,4655,36,395,42,4180
2026-10-01,2025Q4,34,724,3,45,5,669
2026-10-01,2025Q4,35,3620,400,455,10,2746
2026-10-01,2025Q4,36,2317,20,97,19,2180
2026-10-01,2025Q4,37,1447,10,65,12,1359
2026-10-01,2025Q4,38,3394,552,400,13,2420
2026-10-01,2025Q4,39,2577,18,130,24,2401
2026-10-01,2025Q4,40,790,5,62,5,717
2026-10-01,2025Q4,41,8016,19,275,17,7697
2026-10-01,2025Q4,42,431,1,45,1,384
2026-10-01,2025Q4,43,5033,229,654,53,4094
2026-10-01,2025Q4,44,705,1,82,2,618
2026-10-01,2025Q4,45,4472,9,522,2,3932
2026-10-01,2025Q4,46,11473,340,1603,55,9467
2026-10-01,2025Q4,47,2013,7,114,10,1881
2026-10-01,2025Q4,48,4180,9,171,5,3985
2026-10-01,2025Q4,49,755,3,40,2,708
2026-10-01,2025Q4,50,3651,15,387,16,3231
2026-10-01,2025Q4,51,192,0,9,0,183
2026-10-01,2025Q4,52,225,1,12,1,211
2026-10-01,2026Q1,00,170920,11100,16843,881,141902
2026-10-01,2026Q1,01,1091,1,37,3,1048
2026-10-01,2026Q1,02,1328,7,117,2,1202
2026-10-01,2026Q1,03,12593,4176,1930,82,6391
2026-10-01,2026Q1,04,3702,269,591,29,2810
2026-10-01,2026Q1,05,783,0,47,0,736
2026-10-01,2026Q1,06,2102,2,81,2,2015
2026-10-01,2026Q1,07,3569,724,413,21,2407
2026-10-01,2026Q1,08,17387,258,2432,77,14593
2026-10-01,2026Q1,09,1573,5,121,9,1438
2026-10-01,2026Q1,10,1545,5,53,6,1478
2026-10-01,2026Q1,11,4171,135,222,34,3778
2026-10-01,2026Q1,12,3000,154,388,20,2435
2026-10-01,2026Q1,13,2048,1,174,6,1866
2026-10-01,2026Q1,14,2681,22,83,6,2566
2026-10-01,2026Q1,15,2938,24,126,16,2767
2026-10-01,2026Q1,16,789,1,72,1,714
2026-10-01,2026Q1,17,3548,439,436,21,2641
2026-10-01,2026Q1,18,3695,108,304,17,3264
2026-10-01,2026Q1,19,1172,1,126,2,1042
2026-10-01,2026Q1,20,2202,8,104,16,2068
2026-10-01,2026Q1,21,1870,49,175,5,1639
2026-10-01,2026Q1,22,886,4,90,2,790
2026-10-01,2026Q1,23,2354,14,94,2,2242
2026-10-01,2026Q1,24,1834,2,100,5,1720
2026-10-01,2026Q1,25,1516,8,198,6,1295
2026-10-01,2026Q1,26,1422,6,151,4,1261
2026-10-01,2026Q1,27,1046,13,71,6,956
2026-10-01,2026Q1,28,19969,135,1520,122,18179
2026-10-01,2026Q1,29,7659,2027,879,71,4678
2026-10-01,2026Q1,30,6502,872,741,25,4858
2026-10-01,2026Q1,31,1800,4,143,5,1644
2026-10-01,2026Q1,32,837,5,69,15,748
2026-10-01,2026Q1,33,4006,40,327,45,3589
2026-10-01,2026Q1,34,613,2,32,1,578
2026-10-01,2026Q1,35,3445,485,343,19,2592
2026-10-01,2026Q1,36,1932,15,70,17,1828
2026-10-01,2026Q1,37,1198,4,62,5,1127
2026-10-01,2026Q1,38,2702,538,361,10,1788
2026-10-01,2026Q1,39,2387,7,106,15,2257
2026-10-01,2026Q1,40,689,1,64,1,623
2026-10-01,2026Q1,41,6433,24,245,15,6139
2026-10-01,2026Q1,42,332,1,22,1,308
2026-10-01,2026Q1,43,4040,159,516,24,3340
2026-10-01,2026Q1,44,526,1,75,0,448
2026-10-01,2026Q1,45,3822,4,418,5,3388
2026-10-01,2026Q1,46,9836,320,1457,63,7987
2026-10-01,2026Q1,47,1836,3,125,3,1703
2026-10-01,2026Q1,48,3209,4,147,5,3049
2026-10-01,2026Q1,49,642,0,46,1,595
2026-10-01,2026Q1,50,3327,12,334,13,2968
2026-10-01,2026Q1,51,174,0,2,0,171
2026-10-01,2026Q1,52,159,1,3,0,155
2026-10-01,2026Q2,00,182637,11510,18142,947,151333
2026-10-01,2026Q2,01,771,0,36,1,730
2026-10-01,2026Q2,02,1509,10,113,2,1380
2026-10-01,2026Q2,03,13000,4092,1999,101,6750
2026-10-01,2026Q2,04,4365,275,683,22,3376
2026-10-01,2026Q2,05,955,2,44,2,906
2026-10-01,2026Q2,06,2115,8,76,2,2018
2026-10-01,2026Q2,07,3254,722,382,17,2120
2026-10-01,2026Q2,08,19777,264,2645,90,16717
2026-10-01,2026Q2,09,1533,2,119,8,1400
2026-10-01,2026Q2,10,1402,8,62,4,1320
2026-10-01,2026Q2,11,4575,112,229,23,4171
2026-10-01,2026Q2,12,3526,153,470,32,2854
2026-10-01,2026Q2,13,2091,6,174,4,1894
2026-10-01,2026Q2,14,3239,24,109,9,3087
2026-10-01,2026Q2,15,2997,18,113,21,2836
2026-10-01,2026Q2,16,853,1,127,5,718
2026-10-01,2026Q2,17,3793,432,435,34,2876
2026-10-01,2026Q2,18,3978,124,317,21,3502
2026-10-01,2026Q2,19,1283,0,124,2,1147
2026-10-01,2026Q2,20,1957,16,111,9,1810
2026-10-01,2026Q2,21,2110,68,173,7,1857
2026-10-01,2026Q2,22,966,2,92,5,867
2026-10-01,2026Q2,23,2689,19,136,6,2520
2026-10-01,2026Q2,24,1765,4,108,8,1591
2026-10-01,2026Q2,25,1813,9,223,12,1566
2026-10-01,2026Q2,26,1319,5,171,3,1136
2026-10-01,2026Q2,27,982,4,56,0,920
2026-10-01,2026Q2,28,20225,152,1658,100,18272
2026-10-01,2026Q2,29,8958,2429,1001,76,5426
2026-10-01,2026Q2,30,7386,914,825,28,5598
2026-10-01,2026Q2,31,2217,6,196,9,1994
2026-10-01,2026Q2,32,932,19,70,11,829
2026-10-01,2026Q2,33,4240,44,363,38,3780
2026-10-01,2026Q2,34,693,2,45,1,642
2026-10-01,2026Q2,35,3506,468,380,21,2622
2026-10-01,2026Q2,36,1975,12,85,22,1851
2026-10-01,2026Q2,37,1321,10,58,4,1248
2026-10-01,2026Q2,38,3021,532,432,12,2036
2026-10-01,2026Q2,39,2495,14,86,15,2377
2026-10-01,2026Q2,40,743,0,61,3,679
2026-10-01,2026Q2,41,6586,17,249,24,6267
2026-10-01,2026Q2,42,423,0,26,1,396
2026-10-01,2026Q2,43,4476,151,597,30,3688
2026-10-01,2026Q2,44,564,3,80,1,479
2026-10-01,2026Q2,45,3680,10,418,2,3206
2026-10-01,2026Q2,46,10554,329,1501,63,8616
2026-10-01,2026Q2,47,2047,0,133,5,1903
2026-10-01,2026Q2,48,3373,8,142,9,3204
2026-10-01,2026Q2,49,633,4,47,5,576
2026-10-01,2026Q2,50,3636,6,348,16,3255
2026-10-01,2026Q2,51,165,0,4,0,160
2026-10-01,2026Q2,52,171,0,10,1,160
