wikidata,country,website,rule
Q3554661,FR,ftp://ftp.nicematin.fr/varmatin/,E1 website is not an http(s) URL
Q28133280,DE,https://issuu.com/iupac,"E2 host is a library, archive or third-party platform"
Q1295548,EE,http://dea.digar.ee/publication/eestiekspress,"E2 host is a library, archive or third-party platform"
Q1295548,EE,http://www.digar.ee/,"E2 host is a library, archive or third-party platform"
Q1477887,EE,http://dea.digar.ee/publication/maaleht,"E2 host is a library, archive or third-party platform"
Q1477887,EE,http://www.digar.ee/,"E2 host is a library, archive or third-party platform"
Q5254380,EE,http://dea.digar.ee/publication/delovojevedom,"E2 host is a library, archive or third-party platform"
Q5254380,EE,http://www.digar.ee/,"E2 host is a library, archive or third-party platform"
Q7264605,EE,http://dea.digar.ee/publication/parnupostimees,"E2 host is a library, archive or third-party platform"
Q7264605,EE,http://www.digar.ee/,"E2 host is a library, archive or third-party platform"
Q106239757,ES,http://hemerotecadigital.bne.es/issn/2254-5352,"E2 host is a library, archive or third-party platform"
Q114697307,ES,http://hemerotecadigital.bne.es/issn/2171-6250,"E2 host is a library, archive or third-party platform"
Q115658370,ES,http://hemerotecadigital.bne.es/issn/2171-5238,"E2 host is a library, archive or third-party platform"
Q115740522,ES,http://hemerotecadigital.bne.es/issn/2171-0732,"E2 host is a library, archive or third-party platform"
Q123705487,ES,http://hemerotecadigital.bne.es/issn/1698-000X,"E2 host is a library, archive or third-party platform"
Q131108984,ES,http://hemerotecadigital.bne.es/issn/2174-5447,"E2 host is a library, archive or third-party platform"
Q18644108,ES,http://hemerotecadigital.bne.es/issn/2171-3049,"E2 host is a library, archive or third-party platform"
Q20534396,ES,http://hemerotecadigital.bne.es/issn/1889-8653,"E2 host is a library, archive or third-party platform"
Q20541411,ES,http://hemerotecadigital.bne.es/issn/2172-6574,"E2 host is a library, archive or third-party platform"
Q20541730,ES,http://hemerotecadigital.bne.es/issn/1698-8426,"E2 host is a library, archive or third-party platform"
Q20544514,ES,http://hemerotecadigital.bne.es/issn/2660-1516,"E2 host is a library, archive or third-party platform"
Q20544622,ES,http://hemerotecadigital.bne.es/issn/2660-1885,"E2 host is a library, archive or third-party platform"
Q20545074,ES,http://hemerotecadigital.bne.es/issn/2660-2334,"E2 host is a library, archive or third-party platform"
Q20545907,ES,https://hemerotecadigital.bne.es/hd/issn/2340-4345,"E2 host is a library, archive or third-party platform"
Q20549244,ES,http://hemerotecadigital.bne.es/issn/2255-2162,"E2 host is a library, archive or third-party platform"
Q21001926,ES,http://hemerotecadigital.bne.es/details.vm?q=id:0004089851&lang=es,"E2 host is a library, archive or third-party platform"
Q22272654,ES,http://hemerotecadigital.bne.es/issn/2171-3189,"E2 host is a library, archive or third-party platform"
Q27927585,ES,http://hemerotecadigital.bne.es/issn/2171-7524,"E2 host is a library, archive or third-party platform"
Q27941540,ES,http://hemerotecadigital.bne.es/details.vm?q=id:0026283187&lang=es,"E2 host is a library, archive or third-party platform"
Q27941558,ES,http://hemerotecadigital.bne.es/issn/2171-5149,"E2 host is a library, archive or third-party platform"
Q28468719,ES,http://hemerotecadigital.bne.es/issn/2171-0449,"E2 host is a library, archive or third-party platform"
Q29643838,ES,http://hemerotecadigital.bne.es/issn/0214-5197,"E2 host is a library, archive or third-party platform"
Q3015631,ES,http://hemerotecadigital.bne.es/issn/2341-4375,"E2 host is a library, archive or third-party platform"
Q39613696,ES,http://hemerotecadigital.bne.es/issn/1133-2476,"E2 host is a library, archive or third-party platform"
Q44700798,ES,http://hemerotecadigital.bne.es/issn/2171-7346,"E2 host is a library, archive or third-party platform"
Q53844870,ES,http://hemerotecadigital.bne.es/issn/2171-7370,"E2 host is a library, archive or third-party platform"
Q5821318,ES,http://hemerotecadigital.bne.es/issn/1699-7506,"E2 host is a library, archive or third-party platform"
Q5822779,ES,http://hemerotecadigital.bne.es/issn/2173-254X,"E2 host is a library, archive or third-party platform"
Q6011025,ES,http://hemerotecadigital.bne.es/issn/2171-1097,"E2 host is a library, archive or third-party platform"
Q61378751,ES,http://hemerotecadigital.bne.es/issn/2341-4642,"E2 host is a library, archive or third-party platform"
Q9018285,ES,http://hemerotecadigital.bne.es/issn/2171-5181,"E2 host is a library, archive or third-party platform"
Q10485273,FI,https://digi.kansalliskirjasto.fi/aikakausi/titles/1236-9705,"E2 host is a library, archive or third-party platform"
Q10495575,FI,https://digi.kansalliskirjasto.fi/aikakausi/titles/0015-248X,"E2 host is a library, archive or third-party platform"
Q10517227,FI,https://digi.kansalliskirjasto.fi/sanomalehti/titles/0789-8193,"E2 host is a library, archive or third-party platform"
Q10524626,FI,http://digi.kansalliskirjasto.fi/aikakausi/titles/0046-7596,"E2 host is a library, archive or third-party platform"
Q10551533,FI,https://digi.kansalliskirjasto.fi/sanomalehti/titles/0356-1275,"E2 host is a library, archive or third-party platform"
Q117184405,FI,https://digi.kansalliskirjasto.fi/sanomalehti/titles/0359-6095,"E2 host is a library, archive or third-party platform"
Q11859825,FI,https://digi.kansalliskirjasto.fi/sanomalehti/titles/0782-663X,"E2 host is a library, archive or third-party platform"
Q11868391,FI,https://digi.kansalliskirjasto.fi/sanomalehti/titles/1235-9963,"E2 host is a library, archive or third-party platform"
Q11868988,FI,https://digi.kansalliskirjasto.fi/sanomalehti/titles/0356-3502,"E2 host is a library, archive or third-party platform"
Q11872819,FI,https://digi.kansalliskirjasto.fi/sanomalehti/titles/0356-1135,"E2 host is a library, archive or third-party platform"
Q11876321,FI,https://digi.kansalliskirjasto.fi/sanomalehti/titles/0356-1291,"E2 host is a library, archive or third-party platform"
Q11895398,FI,https://digi.kansalliskirjasto.fi/sanomalehti/titles/0787-6742,"E2 host is a library, archive or third-party platform"
Q11896804,FI,https://digi.kansalliskirjasto.fi/sanomalehti/titles/0782-582X,"E2 host is a library, archive or third-party platform"
Q11899759,FI,https://digi.kansalliskirjasto.fi/sanomalehti/titles/0356-1860,"E2 host is a library, archive or third-party platform"
Q18662044,FI,https://digi.kansalliskirjasto.fi/sanomalehti/titles/0356-200X,"E2 host is a library, archive or third-party platform"
Q18662516,FI,https://digi.kansalliskirjasto.fi/sanomalehti/titles/0359-0305,"E2 host is a library, archive or third-party platform"
Q18680206,FI,https://digi.kansalliskirjasto.fi/sanomalehti/titles/1237-4040,"E2 host is a library, archive or third-party platform"
Q19293697,FI,https://digi.kansalliskirjasto.fi/sanomalehti/titles/2342-7728,"E2 host is a library, archive or third-party platform"
Q23039879,FI,https://digi.kansalliskirjasto.fi/sanomalehti/titles/0356-2301,"E2 host is a library, archive or third-party platform"
Q2820006,FI,https://digi.kansalliskirjasto.fi/sanomalehti/titles/1459-8663,"E2 host is a library, archive or third-party platform"
Q3080776,FI,https://digi.kansalliskirjasto.fi/sanomalehti/titles/0356-3588,"E2 host is a library, archive or third-party platform"
Q3131436,FI,https://digi.kansalliskirjasto.fi/aikakausi/titles/0039-5552,"E2 host is a library, archive or third-party platform"
Q3195563,FI,https://digi.kansalliskirjasto.fi/sanomalehti/titles/0356-1402,"E2 host is a library, archive or third-party platform"
Q3352241,FI,https://digi.kansalliskirjasto.fi/sanomalehti/titles/0355-9149,"E2 host is a library, archive or third-party platform"
Q3354076,FI,https://digi.kansalliskirjasto.fi/sanomalehti/titles/0356-1844,"E2 host is a library, archive or third-party platform"
Q3365107,FI,https://digi.kansalliskirjasto.fi/sanomalehti/titles/0782-6559,"E2 host is a library, archive or third-party platform"
Q3374398,FI,https://digi.kansalliskirjasto.fi/sanomalehti/titles/0782-6419,"E2 host is a library, archive or third-party platform"
Q3948279,FI,https://digi.kansalliskirjasto.fi/sanomalehti/titles/0355-5461,"E2 host is a library, archive or third-party platform"
Q5237141,FI,https://digi.kansalliskirjasto.fi/sanomalehti/titles/0356-1631,"E2 host is a library, archive or third-party platform"
Q5402565,FI,https://digi.kansalliskirjasto.fi/sanomalehti/titles/0357-0975,"E2 host is a library, archive or third-party platform"
Q5480396,FI,https://digi.kansalliskirjasto.fi/sanomalehti/titles/0784-364X,"E2 host is a library, archive or third-party platform"
Q5487519,FI,https://digi.kansalliskirjasto.fi/sanomalehti/titles/0782-7024,"E2 host is a library, archive or third-party platform"
Q56403858,FI,https://digi.kansalliskirjasto.fi/sanomalehti/titles/1457-8999,"E2 host is a library, archive or third-party platform"
Q613979,FI,http://digi.kansalliskirjasto.fi/sanomalehti/secure/browse.html?action=year&id=0356-0724&mnemonic=Hufvudstadsbladet,"E2 host is a library, archive or third-party platform"
Q613979,FI,https://digi.kansalliskirjasto.fi/sanomalehti/titles/0356-0724,"E2 host is a library, archive or third-party platform"
Q6305445,FI,https://digi.kansalliskirjasto.fi/sanomalehti/titles/0355-8746,"E2 host is a library, archive or third-party platform"
Q6378858,FI,http://digi.kansalliskirjasto.fi/sanomalehti/secure/browse.html?action=year&id=0451-5560&mnemonic=Kauppalehti,"E2 host is a library, archive or third-party platform"
Q6378858,FI,https://digi.kansalliskirjasto.fi/sanomalehti/titles/0451-5560,"E2 host is a library, archive or third-party platform"
Q6434798,FI,http://digi.kansalliskirjasto.fi/sanomalehti/titles/0357-9298,"E2 host is a library, archive or third-party platform"
Q6710872,FI,https://digi.kansalliskirjasto.fi/sanomalehti/titles/0356-1623,"E2 host is a library, archive or third-party platform"
Q6848891,FI,https://digi.kansalliskirjasto.fi/sanomalehti/titles/0355-3787,"E2 host is a library, archive or third-party platform"
Q7903586,FI,https://digi.kansalliskirjasto.fi/sanomalehti/titles/0357-1858,"E2 host is a library, archive or third-party platform"
Q8054007,FI,http://digi.kansalliskirjasto.fi/aikakausi/secure/browse.html?action=years&identification=0355-9246&mnemonic=Ylioppilaslehti&searchType=allJournalTitles,"E2 host is a library, archive or third-party platform"
Q8054007,FI,https://digi.kansalliskirjasto.fi/aikakausi/titles/0355-9246,"E2 host is a library, archive or third-party platform"
Q84073764,FI,https://digi.kansalliskirjasto.fi/sanomalehti/titles/2670-1189,"E2 host is a library, archive or third-party platform"
Q1004383,FR,https://gallica.bnf.fr/ark:/12148/cb343512457/date,"E2 host is a library, archive or third-party platform"
Q1043104,FR,http://gallicaintramuros.bnf.fr/ark:/12148/cb344530789/date,"E2 host is a library, archive or third-party platform"
Q104502540,FR,https://gallica.bnf.fr/ark:/12148/cb328357285/date,"E2 host is a library, archive or third-party platform"
Q104502540,FR,https://www.retronews.fr/ark:/12148/cb328357285/notice,"E2 host is a library, archive or third-party platform"
Q105046817,FR,http://archives.lot.fr/f/Presse/tableau/?&crit1=24&v_24_1=Journal+du+Lot,"E2 host is a library, archive or third-party platform"
Q105046817,FR,http://fr.calameo.com/accounts/3679386,"E2 host is a library, archive or third-party platform"
Q105046817,FR,https://gallica.bnf.fr/ark:/12148/cb328009595/date,"E2 host is a library, archive or third-party platform"
Q105427316,FR,https://gallica.bnf.fr/ark:/12148/cb32777636n/date,"E2 host is a library, archive or third-party platform"
Q105672212,FR,http://gallicaintramuros.bnf.fr/ark:/12148/cb328387266/date,"E2 host is a library, archive or third-party platform"
Q105672212,FR,https://www.retronews.fr/ark:/12148/cb328387266/notice,"E2 host is a library, archive or third-party platform"
Q106258833,FR,https://gallica.bnf.fr/ark:/12148/cb327370632/date,"E2 host is a library, archive or third-party platform"
Q108443666,FR,https://gallica.bnf.fr/ark:/12148/cb32774118m/date,"E2 host is a library, archive or third-party platform"
Q110954824,FR,http://gallicaintramuros.bnf.fr/ark:/12148/cb344247556/date,"E2 host is a library, archive or third-party platform"
Q110954824,FR,https://www.retronews.fr/ark:/12148/cb344247556/notice,"E2 host is a library, archive or third-party platform"
Q110954824,FR,https://www.siv.archives-nationales.culture.gouv.fr/siv/media/FRAN_IR_050082/d2763e206-c/FRAN_0150_1045_L,"E2 host is a library, archive or third-party platform"
Q113160735,FR,http://gallicaintramuros.bnf.fr/ark:/12148/cb32795928s/date,"E2 host is a library, archive or third-party platform"
Q113160735,FR,https://www.retronews.fr/ark:/12148/cb32795928s/notice,"E2 host is a library, archive or third-party platform"
Q1137404,FR,https://gallica.bnf.fr/ark:/12148/cb327877302/date,"E2 host is a library, archive or third-party platform"
Q113754787,FR,http://gallicaintramuros.bnf.fr/ark:/12148/cb328120628/date,"E2 host is a library, archive or third-party platform"
Q113754787,FR,https://www.retronews.fr/ark:/12148/cb328120628/notice,"E2 host is a library, archive or third-party platform"
Q115629788,FR,https://gallica.bnf.fr/ark:/12148/cb32809308s/date,"E2 host is a library, archive or third-party platform"
Q116209929,FR,https://gallica.bnf.fr/ark:/12148/cb32791928t/date,"E2 host is a library, archive or third-party platform"
Q117023918,FR,http://archives.haute-saone.fr/archive/recherche/presse/n:169,"E2 host is a library, archive or third-party platform"
Q118489577,FR,https://gallica.bnf.fr/ark:/12148/cb34382772c/date,"E2 host is a library, archive or third-party platform"
Q120498228,FR,https://gallica.bnf.fr/ark:/12148/cb345228048/date,"E2 host is a library, archive or third-party platform"
Q120498228,FR,https://www.retronews.fr/ark:/12148/cb345228048/notice,"E2 host is a library, archive or third-party platform"
Q120563008,FR,https://gallica.bnf.fr/ark:/12148/cb32844203d/date,"E2 host is a library, archive or third-party platform"
Q121540662,FR,https://gallica.bnf.fr/ark:/12148/cb32837080t/date,"E2 host is a library, archive or third-party platform"
Q121674685,FR,https://gallica.bnf.fr/ark:/12148/cb32755912k/date,"E2 host is a library, archive or third-party platform"
Q122310644,FR,https://gallica.bnf.fr/ark:/12148/cb32788572p/date,"E2 host is a library, archive or third-party platform"
Q123847885,FR,https://gallica.bnf.fr/ark:/12148/cb32873085d/date,"E2 host is a library, archive or third-party platform"
Q124065529,FR,https://gallica.bnf.fr/ark:/12148/cb32841822m/date,"E2 host is a library, archive or third-party platform"
Q125258066,FR,https://gallica.bnf.fr/ark:/12148/cb32765791c/date,"E2 host is a library, archive or third-party platform"
Q126884209,FR,http://gallicaintramuros.bnf.fr/ark:/12148/cb32796617j/date,"E2 host is a library, archive or third-party platform"
Q126884209,FR,https://www.retronews.fr/ark:/12148/cb32796617j/notice,"E2 host is a library, archive or third-party platform"
Q127689565,FR,https://gallica.bnf.fr/ark:/12148/cb399912135/date,"E2 host is a library, archive or third-party platform"
Q130259718,FR,https://gallica.bnf.fr/ark:/12148/cb32862863v/date,"E2 host is a library, archive or third-party platform"
Q131343968,FR,http://gallicaintramuros.bnf.fr/ark:/12148/cb32783533k/date,"E2 host is a library, archive or third-party platform"
Q131343968,FR,https://www.retronews.fr/ark:/12148/cb32783533k/notice,"E2 host is a library, archive or third-party platform"
Q140044839,FR,https://zerobullshiten.substack.com/,"E2 host is a library, archive or third-party platform"
Q140052976,FR,https://lebriefpatrimonial.substack.com/,"E2 host is a library, archive or third-party platform"
Q1465340,FR,https://archives-pierresvives.herault.fr/archive/resultats/bibliotheque/n:27?RECH_type_Md5=7791113df1624dab919c85227f3a6507,"E2 host is a library, archive or third-party platform"
Q14862300,FR,https://gallica.bnf.fr/ark:/12148/cb32757974m/date,"E2 host is a library, archive or third-party platform"
Q14862300,FR,https://www.retronews.fr/ark:/12148/cb32757974m/notice,"E2 host is a library, archive or third-party platform"
Q16011754,FR,https://gallica.bnf.fr/ark:/12148/cb328883771/date,"E2 host is a library, archive or third-party platform"
Q16534438,FR,https://gallica.bnf.fr/ark:/12148/cb344220653/date,"E2 host is a library, archive or third-party platform"
Q1683235,FR,https://gallica.bnf.fr/ark:/12148/cb32818161n/date,"E2 host is a library, archive or third-party platform"
Q17357427,FR,https://gallica.bnf.fr/ark:/12148/cb327681291/date,"E2 host is a library, archive or third-party platform"
Q17357427,FR,https://opacplus.bsb-muenchen.de/search?oclcno=43760992&View=default&db=100&View=default,"E2 host is a library, archive or third-party platform"
Q17632259,FR,http://gallica.bnf.fr/ark:/12148/cb328529768/date,"E2 host is a library, archive or third-party platform"
Q20968601,FR,https://gallica.bnf.fr/ark:/12148/cb328416958/date,"E2 host is a library, archive or third-party platform"
Q21162588,FR,https://gallica.bnf.fr/ark:/12148/cb32826156s/date,"E2 host is a library, archive or third-party platform"
Q21162588,FR,https://www.retronews.fr/ark:/12148/cb32826156s/notice,"E2 host is a library, archive or third-party platform"
Q22249119,FR,http://gallicaintramuros.bnf.fr/ark:/12148/cb327691534/date,"E2 host is a library, archive or third-party platform"
Q22249119,FR,https://www.retronews.fr/ark:/12148/cb327691534/notice,"E2 host is a library, archive or third-party platform"
Q2390962,FR,https://gallica.bnf.fr/ark:/12148/cb32876825g/date.item,"E2 host is a library, archive or third-party platform"
Q2758142,FR,https://gallicaintramuros.bnf.fr/ark:/12148/cb34374026j/date,"E2 host is a library, archive or third-party platform"
Q27719315,FR,https://gallica.bnf.fr/ark:/12148/cb34378481r/date,"E2 host is a library, archive or third-party platform"
Q28042780,FR,http://earchives.le64.fr/archives-en-ligne/ark:/81221/r33382zh8krvhk/f137,"E2 host is a library, archive or third-party platform"
Q28042780,FR,https://earchives.le64.fr/archives-en-ligne/ark:/81221/r33382zh8krvhk/f38,"E2 host is a library, archive or third-party platform"
Q28042780,FR,https://gallica.bnf.fr/ark:/12148/btv1b100378219/f202.item,"E2 host is a library, archive or third-party platform"
Q29126769,FR,https://gallica.bnf.fr/ark:/12148/cb327995159/date,"E2 host is a library, archive or third-party platform"
Q29126769,FR,https://www.retronews.fr/ark:/12148/cb327995159/notice,"E2 host is a library, archive or third-party platform"
Q29648700,FR,https://www.retronews.fr/ark:/12148/cb32847120f/notice,"E2 host is a library, archive or third-party platform"
Q3052319,FR,http://archives.meuse.fr/search?preset=41&view=list,"E2 host is a library, archive or third-party platform"
Q3072006,FR,https://gallica.bnf.fr/ark:/12148/cb32775265n/date,"E2 host is a library, archive or third-party platform"
Q3147715,FR,https://gallica.bnf.fr/ark:/12148/cb34368060g/date,"E2 host is a library, archive or third-party platform"
Q3153888,FR,https://gallicaintramuros.bnf.fr/ark:/12148/cb32793942v/date,"E2 host is a library, archive or third-party platform"
Q3186966,FR,http://gallicaintramuros.bnf.fr/ark:/12148/cb343855460/date,"E2 host is a library, archive or third-party platform"
Q3203326,FR,https://web.archive.org/web/*/http://www.lest-eclair.fr,"E2 host is a library, archive or third-party platform"
Q3203707,FR,https://gallica.bnf.fr/ark:/12148/cb32787196b/date,"E2 host is a library, archive or third-party platform"
Q3203707,FR,https://www.retronews.fr/ark:/12148/cb32787196b/notice,"E2 host is a library, archive or third-party platform"
Q3205170,FR,https://archives-numerisees.loire-atlantique.fr/v2/ad44/presse.html,"E2 host is a library, archive or third-party platform"
Q3207358,FR,https://gallica.bnf.fr/ark:/12148/cb34384179m/date,"E2 host is a library, archive or third-party platform"
Q3209208,FR,https://gallica.bnf.fr/ark:/12148/cb327773077/date,"E2 host is a library, archive or third-party platform"
Q3209208,FR,https://www.retronews.fr/ark:/12148/cb327773077/notice,"E2 host is a library, archive or third-party platform"
Q3209376,FR,http://digi.ub.uni-heidelberg.de/diglit/gazette_des_ardennes2,"E2 host is a library, archive or third-party platform"
Q3209376,FR,https://archives.essonne.fr/ark:/28047/gkq1fb3sp8zv/a1bb7c2a-125a-4772-8e71-9431de163e07,"E2 host is a library, archive or third-party platform"
Q3209376,FR,https://gallica.bnf.fr/ark:/12148/cb344103281/date,"E2 host is a library, archive or third-party platform"
Q3209404,FR,https://archives.gironde.fr/archive/recherche/presseancienne/n:633,"E2 host is a library, archive or third-party platform"
Q3209404,FR,https://gallica.bnf.fr/ark:/12148/cb32782567n/date,"E2 host is a library, archive or third-party platform"
Q3209404,FR,https://www.retronews.fr/ark:/12148/cb32782567n/notice,"E2 host is a library, archive or third-party platform"
Q3210777,FR,https://archives.allier.fr/archives-en-ligne/presse?&arko_default_63e27309704a6--filtreGroupes%5Bgroupes%5D%5B0%5D%5Barko_default_65538d283f52f%5D%5Bop%5D=AND&arko_default_63e27309704a6--filtreGroupes%5Bgroupes%5D%5B0%5D%5Barko_default_65538d283f52f%5D%5Bq%5D%5B%5D=LA%20MONTAGNE%5B%5Barko_fiche_654e2eb2a20ad%5D%5D,"E2 host is a library, archive or third-party platform"
Q3210777,FR,https://archives.creuse.fr/rechercher/archives-numerisees/presse-regionale,"E2 host is a library, archive or third-party platform"
Q3210777,FR,https://gallicaintramuros.bnf.fr/ark:/12148/cb34396163x/date,"E2 host is a library, archive or third-party platform"
Q3211780,FR,https://etatcivil-archives.vendee.fr/ark:/22574/s0062506f5d626dc/62506f5d6f91a,"E2 host is a library, archive or third-party platform"
Q3220419,FR,https://gallica.bnf.fr/ark:/12148/cb344054316/date,"E2 host is a library, archive or third-party platform"
Q3220437,FR,https://gallica.bnf.fr/ark:/12148/cb327124626/date,"E2 host is a library, archive or third-party platform"
Q3221872,FR,http://gallica.bnf.fr/ark:/12148/cb34400507d/date,"E2 host is a library, archive or third-party platform"
Q3221872,FR,http://gallica.bnf.fr/ark:/12148/cb34417718h/date,"E2 host is a library, archive or third-party platform"
Q3221872,FR,https://www.retronews.fr/ark:/12148/cb34417718h/notice,"E2 host is a library, archive or third-party platform"
Q3223743,FR,https://web.archive.org/web/2017*/http://www.jhm.fr/,"E2 host is a library, archive or third-party platform"
Q3223748,FR,https://gallica.bnf.fr/ark:/12148/cb343487991/date,"E2 host is a library, archive or third-party platform"
Q3224652,FR,https://gallica.bnf.fr/ark:/12148/cb345202222/date,"E2 host is a library, archive or third-party platform"
Q3226761,FR,https://web.archive.org/web/*http://www.lereveildeneufchatel.fr/abonnement-numerique,"E2 host is a library, archive or third-party platform"
Q3226769,FR,http://archives.ardeche.fr/Accueil/Consulter_les_archives_numerisees/Presse,"E2 host is a library, archive or third-party platform"
Q3231228,FR,http://cahiersdelorient.wordpress.com/,"E2 host is a library, archive or third-party platform"
Q3312683,FR,https://gallicaintramuros.bnf.fr/ark:/12148/cb34414000s/date,"E2 host is a library, archive or third-party platform"
Q3339606,FR,https://gallica.bnf.fr/ark:/12148/cb32823624t/date,"E2 host is a library, archive or third-party platform"
Q3343559,FR,http://gallicaintramuros.bnf.fr/ark:/12148/cb34387424w/date,"E2 host is a library, archive or third-party platform"
Q3365285,FR,http://gallicaintramuros.bnf.fr/ark:/12148/cb32832749d/date,"E2 host is a library, archive or third-party platform"
Q3393434,FR,https://gallica.bnf.fr/ark:/12148/cb34383201q/date,"E2 host is a library, archive or third-party platform"
Q3428768,FR,https://gallica.bnf.fr/ark:/12148/cb343618395/date,"E2 host is a library, archive or third-party platform"
Q381431,FR,https://gallica.bnf.fr/ark:/12148/cb34350010s/date,"E2 host is a library, archive or third-party platform"
Q47086387,FR,http://gallicaintramuros.bnf.fr/ark:/12148/cb328358889,"E2 host is a library, archive or third-party platform"
Q47086387,FR,https://www.retronews.fr/ark:/12148/cb328358889/notice,"E2 host is a library, archive or third-party platform"
Q48754768,FR,https://gallica.bnf.fr/ark:/12148/cb327772596/date,"E2 host is a library, archive or third-party platform"
Q51237919,FR,https://gallica.bnf.fr/ark:/12148/cb327073471/date,"E2 host is a library, archive or third-party platform"
Q51237919,FR,https://www.retronews.fr/ark:/12148/cb327073471/notice,"E2 host is a library, archive or third-party platform"
Q51587533,FR,https://gallica.bnf.fr/ark:/12148/cb328454574/date,"E2 host is a library, archive or third-party platform"
Q51587533,FR,https://www.blavatnikarchive.org/search?search=psst&st=items,"E2 host is a library, archive or third-party platform"
Q51926334,FR,https://gallica.bnf.fr/ark:/12148/cb34455190x/date,"E2 host is a library, archive or third-party platform"
Q51926334,FR,https://www.retronews.fr/ark:/12148/cb34455190x/notice,"E2 host is a library, archive or third-party platform"
Q52263479,FR,https://gallica.bnf.fr/ark:/12148/cb327695777/date,"E2 host is a library, archive or third-party platform"
Q52263479,FR,https://www.retronews.fr/ark:/12148/cb327695777/notice,"E2 host is a library, archive or third-party platform"
Q53816063,FR,https://gallica.bnf.fr/ark:/12148/cb32744799g/date,"E2 host is a library, archive or third-party platform"
Q53816063,FR,https://recherches.archives-lyon.fr/ark:/18811/s3zv9jnbw1kh/496335b8-b5f8-4ef7-80cf-a75d96ff702f,"E2 host is a library, archive or third-party platform"
Q55139678,FR,http://archivescannes.ville-cannes.fr/4DCGI/Web_PeriodlistecoteJx113/ILUMP99999,"E2 host is a library, archive or third-party platform"
Q55139678,FR,https://catalogue-archives.nantes.fr/WEBS/Web_VoirLaNotice/03_06/112pres1/ILUMP99999,"E2 host is a library, archive or third-party platform"
Q55139678,FR,https://gallica.bnf.fr/ark:/12148/cb32755585p/date,"E2 host is a library, archive or third-party platform"
Q58661923,FR,https://gallica.bnf.fr/ark:/12148/cb32818420w/date,"E2 host is a library, archive or third-party platform"
Q590961,FR,https://gallica.bnf.fr/ark:/12148/cb34348903q/date,"E2 host is a library, archive or third-party platform"
Q59154493,FR,https://gallica.bnf.fr/ark:/12148/cb328705910/date,"E2 host is a library, archive or third-party platform"
Q59154493,FR,https://www.retronews.fr/ark:/12148/cb328705910/notice,"E2 host is a library, archive or third-party platform"
Q60683875,FR,http://gallicaintramuros.bnf.fr/ark:/12148/cb34448379g/date,"E2 host is a library, archive or third-party platform"
Q60707332,FR,https://gallica.bnf.fr/ark:/12148/cb32832578f/date,"E2 host is a library, archive or third-party platform"
Q60707332,FR,https://www.retronews.fr/ark:/12148/cb32832578f/notice,"E2 host is a library, archive or third-party platform"
Q60707506,FR,https://gallica.bnf.fr/ark:/12148/cb32780811c/date,"E2 host is a library, archive or third-party platform"
Q60848725,FR,http://gallicaintramuros.bnf.fr/ark:/12148/cb32802722r/date,"E2 host is a library, archive or third-party platform"
Q60848725,FR,https://www.retronews.fr/ark:/12148/cb32802722r/notice,"E2 host is a library, archive or third-party platform"
Q61451690,FR,http://gallica.bnf.fr/ark:/12148/cb32868179r/date,"E2 host is a library, archive or third-party platform"
Q62073450,FR,https://gallica.bnf.fr/ark:/12148/cb32833469f/date,"E2 host is a library, archive or third-party platform"
Q62073450,FR,https://www.retronews.fr/ark:/12148/cb32833469f/notice,"E2 host is a library, archive or third-party platform"
Q62740728,FR,https://archives.yvelines.fr,"E2 host is a library, archive or third-party platform"
Q63171281,FR,http://gallicaintramuros.bnf.fr/ark:/12148/cb32768297s/date,"E2 host is a library, archive or third-party platform"
Q63418765,FR,http://gallica.bnf.fr/ark:/12148/cb326946961/date,"E2 host is a library, archive or third-party platform"
Q63420389,FR,https://gallica.bnf.fr/ark:/12148/cb32694593q,"E2 host is a library, archive or third-party platform"
Q63421754,FR,https://gallica.bnf.fr/ark:/12148/cb32691240k/date,"E2 host is a library, archive or third-party platform"
Q63440266,FR,http://archivesautonomies.org/spip.php?article1680,"E2 host is a library, archive or third-party platform"
Q63440266,FR,https://gallica.bnf.fr/ark:/12148/cb32765454b/date,"E2 host is a library, archive or third-party platform"
Q64868040,FR,https://gallica.bnf.fr/ark:/12148/cb327958186/date,"E2 host is a library, archive or third-party platform"
Q65038610,FR,https://gallica.bnf.fr/ark:/12148/cb32777221h/date,"E2 host is a library, archive or third-party platform"
Q65038610,FR,https://www.retronews.fr/ark:/12148/cb32777221h/notice,"E2 host is a library, archive or third-party platform"
Q65121793,FR,https://gallica.bnf.fr/ark:/12148/cb32772370s/date,"E2 host is a library, archive or third-party platform"
Q65125625,FR,http://gallicaintramuros.bnf.fr/ark:/12148/cb34476162b/date,"E2 host is a library, archive or third-party platform"
Q71520795,FR,https://gallica.bnf.fr/ark:/12148/cb328387355/date,"E2 host is a library, archive or third-party platform"
Q71520795,FR,https://www.retronews.fr/titre-de-presse/peuple,"E2 host is a library, archive or third-party platform"
Q71521550,FR,https://gallica.bnf.fr/ark:/12148/cb32851932d/date,"E2 host is a library, archive or third-party platform"
Q71521550,FR,https://www.retronews.fr/ark:/12148/cb32851932d/notice,"E2 host is a library, archive or third-party platform"
Q71521951,FR,https://gallica.bnf.fr/ark:/12148/cb328915893/date,"E2 host is a library, archive or third-party platform"
Q71521951,FR,https://www.retronews.fr/ark:/12148/cb328915893/notice,"E2 host is a library, archive or third-party platform"
Q71522177,FR,https://gallica.bnf.fr/ark:/12148/cb32838836s/date,"E2 host is a library, archive or third-party platform"
Q72067003,FR,https://web.archive.org/web/*/http://www.laviequercynoise.fr/,"E2 host is a library, archive or third-party platform"
Q75105487,FR,https://gallica.bnf.fr/ark:/12148/cb32785580k/date,"E2 host is a library, archive or third-party platform"
Q7750321,FR,https://themarinernews.wordpress.com/,"E2 host is a library, archive or third-party platform"
Q830866,FR,https://gallica.bnf.fr/ark:/12148/cb344249981/date,"E2 host is a library, archive or third-party platform"
Q83606071,FR,https://gallica.bnf.fr/ark:/12148/cb326821363/date,"E2 host is a library, archive or third-party platform"
Q83606071,FR,https://www.retronews.fr/ark:/12148/cb326821363/notice,"E2 host is a library, archive or third-party platform"
Q88758292,FR,https://gallica.bnf.fr/ark:/12148/cb328057214/date,"E2 host is a library, archive or third-party platform"
Q90646830,FR,https://gallica.bnf.fr/ark:/12148/cb32771670c/date,"E2 host is a library, archive or third-party platform"
Q90646830,FR,https://www.retronews.fr/ark:/12148/cb32771670c/notice,"E2 host is a library, archive or third-party platform"
Q923193,FR,http://gallicaintramuros.bnf.fr/ark:/12148/cb34352384n/date,"E2 host is a library, archive or third-party platform"
Q96276528,FR,https://gallica.bnf.fr/ark:/12148/cb328270829/date,"E2 host is a library, archive or third-party platform"
Q97274531,FR,https://archives-pierresvives.herault.fr/archive/resultats/bibliotheque/n:27?RECH_type_Md5=0c6dcf471f46b6db031669d336247661,"E2 host is a library, archive or third-party platform"
Q97274531,FR,https://archives-pierresvives.herault.fr/archive/resultats/bibliotheque/n:27?RECH_type_Md5=4d7fdeece734f8b7b1e20a61206c00dd,"E2 host is a library, archive or third-party platform"
Q97274531,FR,https://archives-pierresvives.herault.fr/archive/resultats/bibliotheque/n:27?RECH_type_Md5=d8eac23ae67ab5486f07bccec51b3f8a,"E2 host is a library, archive or third-party platform"
Q99237691,FR,https://gallica.bnf.fr/ark:/12148/cb328222296/date,"E2 host is a library, archive or third-party platform"
Q99237691,FR,https://www.retronews.fr/ark:/12148/cb328222296/notice,"E2 host is a library, archive or third-party platform"
Q99394697,FR,https://gallica.bnf.fr/ark:/12148/cb32744850d/date,"E2 host is a library, archive or third-party platform"
Q124120107,HU,https://issuu.com/corvinusmedia,"E2 host is a library, archive or third-party platform"
Q25467195,HU,https://adt.arcanum.com/hu/collection/Vilaggazdasag/,"E2 host is a library, archive or third-party platform"
Q120378470,PL,http://ermlandmasuren.wordpress.com/2012/05/31/masurische-storchenpost-281/,"E2 host is a library, archive or third-party platform"
Q120802200,AT,https://www.steyr.at/BUeRGERSERVICE/AKTUELLES/Amtsblatt,"E3 website is a page inside a host, not a site root"
Q1212798,AT,http://www.kleinezeitung.at/furche/,"E3 website is a page inside a host, not a site root"
Q140835935,AT,https://www.nmsa.at/privacy/,"E3 website is a page inside a host, not a site root"
Q2568843,AT,http://www.meinbezirk.at/wien/,"E3 website is a page inside a host, not a site root"
Q116446481,BE,https://www.bibliotheca-andana.be/?page_id=13361,"E3 website is a page inside a host, not a site root"
Q2445463,BE,http://www.levif.be/actualite/,"E3 website is a page inside a host, not a site root"
Q3227241,BE,http://www.lesoir.be/102446/soirmag,"E3 website is a page inside a host, not a site root"
Q12293397,BG,https://www.anarchy.bg/вестник/,"E3 website is a page inside a host, not a site root"
Q28104797,BG,http://www.catholic-bg.org/?act=content&rec=33,"E3 website is a page inside a host, not a site root"
Q134405327,CZ,https://patrikparizek.com/?p=23240,"E3 website is a page inside a host, not a site root"
Q112343974,DE,https://www.hameln.de/de/buergerservice-verwaltung/amtsblatt,"E3 website is a page inside a host, not a site root"
Q115957097,DE,https://www.baden-wuerttemberg.de/de/service/gesetze-und-verordnungen/gesetzblatt,"E3 website is a page inside a host, not a site root"
Q1170039,DE,https://www.das-parlament.de/2022/49_50,"E3 website is a page inside a host, not a site root"
Q1229250,DE,http://die-linke.de/politik/disput/,"E3 website is a page inside a host, not a site root"
Q123455833,DE,https://www.nn.de/fuerth,"E3 website is a page inside a host, not a site root"
Q124300335,DE,https://www.regierung-mv.de/Landesregierung/jm/service_justizministerium/verkuendungsblaetter/gesetz-verordnungsblaetter/,"E3 website is a page inside a host, not a site root"
Q130525423,DE,https://www.landkreis-leer.de/Aktuelles/Amtsblatt/,"E3 website is a page inside a host, not a site root"
Q135726746,DE,https://verkuendungsportal.schleswig-holstein.de/home/gvobl,"E3 website is a page inside a host, not a site root"
Q136142061,DE,https://www.dresden.de/de/rathaus/stadtbezirksaemter/schoenfeld-weissig/hochlandkurier.php,"E3 website is a page inside a host, not a site root"
Q1518780,DE,https://recht.nrw.de/lmi/owa/br_vbl_liste,"E3 website is a page inside a host, not a site root"
Q1937005,DE,https://recht.nrw.de/lmi/owa/br_vbl_liste?ver=1&val=1&sg=0&anw_nr=7&jahr=2010,"E3 website is a page inside a host, not a site root"
Q2101426,DE,http://www.kulturrat.de/puk%5Fliste.php?rubrik=puk,"E3 website is a page inside a host, not a site root"
Q21042127,DE,http://brema.suub.uni-bremen.de/zeitungen17/periodical/titleinfo/967576,"E3 website is a page inside a host, not a site root"
Q2239283,DE,https://www.schleswig-holstein.de/DE/justiz/themen/service/justizministerialblatt,"E3 website is a page inside a host, not a site root"
Q2363233,DE,https://www.sudeten.de/seite/594008/sudetendeutsche-zeitung.html,"E3 website is a page inside a host, not a site root"
Q28133280,DE,http://publications.iupac.org/ci/tocs/index.html,"E3 website is a page inside a host, not a site root"
Q28133280,DE,https://iupac.org/what-we-do/journals/chemistry-international/,"E3 website is a page inside a host, not a site root"
Q28133280,DE,https://www.degruyter.com/journal/key/ci/html,"E3 website is a page inside a host, not a site root"
Q28133280,DE,https://www.iupac.org/publications/ci/,"E3 website is a page inside a host, not a site root"
Q442888,DE,http://www.nordbayern.de/region/gunzenhausen/,"E3 website is a page inside a host, not a site root"
Q56547015,DE,https://kreuzgymnasium.evangelische-schulen-sachsen.de/schueler/schuelerzeitung/,"E3 website is a page inside a host, not a site root"
Q56598904,DE,https://cms.sachsen.schule/gddp/willkommen/projekte-ganztagsangebote/schuelerzeitung/die-markante/,"E3 website is a page inside a host, not a site root"
Q56661854,DE,https://www.gymnasium-klotzsche.de/peperony/,"E3 website is a page inside a host, not a site root"
Q56744927,DE,https://www.aachener-zeitung.de/lokales/dueren/,"E3 website is a page inside a host, not a site root"
Q63349522,DE,https://rathaus.rostock.de/de/rathaus/aktuelles_medien/staedtischer_anzeiger/249145,"E3 website is a page inside a host, not a site root"
Q638227,DE,http://www.nordbayern.de/region/wei%C3%9Fenburg,"E3 website is a page inside a host, not a site root"
Q105316891,DK,https://www.msn.com/da-dk/nyheder,"E3 website is a page inside a host, not a site root"
Q11991840,DK,http://www.nordjyske.dk/nyheder,"E3 website is a page inside a host, not a site root"
Q12307424,DK,https://danskfolkeparti.dk/dansk-folkeblad/,"E3 website is a page inside a host, not a site root"
Q12312793,DK,https://sn.dk/hilleroed,"E3 website is a page inside a host, not a site root"
Q12336257,DK,https://www.socialdemokratiet.dk/vaer-med/medlemsblad/,"E3 website is a page inside a host, not a site root"
Q1478614,DK,http://www.fyens.dk/svendborg,"E3 website is a page inside a host, not a site root"
Q79955373,DK,https://www.dr.dk/nyheder,"E3 website is a page inside a host, not a site root"
Q84941361,DK,https://sn.dk/hilleroed,"E3 website is a page inside a host, not a site root"
Q86609048,DK,https://www.berlingske.dk/nyheder,"E3 website is a page inside a host, not a site root"
Q31086458,EE,https://www.helsinginuutiset.fi/aihe/Tallinna24,"E3 website is a page inside a host, not a site root"
Q4037988,EE,https://www.riigiteataja.ee/ert/ert.jsp,"E3 website is a page inside a host, not a site root"
Q6933096,EE,http://www.muhu.ee/ajaleht,"E3 website is a page inside a host, not a site root"
Q11003135,ES,http://www.hemeroketa.eus/cgi-bin/aurki.pl?arg=eguna&urt=1937,"E3 website is a page inside a host, not a site root"
Q113687101,ES,https://web.larioja.org/bor-portada,"E3 website is a page inside a host, not a site root"
Q114452038,ES,https://www.araba.eus/botha/Inicio/SGBO5001.aspx?Idi=es,"E3 website is a page inside a host, not a site root"
Q114452038,ES,http://www.alava.net/botha/inicio/sgbo5001.aspx,"E3 website is a page inside a host, not a site root"
Q114453928,ES,http://aplijava.bizkaia.net/BT00/BAO_BOB?idi=es,"E3 website is a page inside a host, not a site root"
Q114453928,ES,http://apps.bizkaia.eus/BT00/,"E3 website is a page inside a host, not a site root"
Q114453928,ES,http://apps.bizkaia.eus/BT00/BAO_BOB?idi=eu,"E3 website is a page inside a host, not a site root"
Q117761044,ES,https://bop.dival.es/bop/,"E3 website is a page inside a host, not a site root"
Q12257467,ES,https://www.euskadi.eus/web01-bopv/eu/bopv2/datos/Azkena.shtml,"E3 website is a page inside a host, not a site root"
Q12257467,ES,https://www.euskadi.eus/y22-bopv/es/bopv2/datos/Ultimo.shtml,"E3 website is a page inside a host, not a site root"
Q12387055,ES,https://www.xunta.gal/diario-oficial-galicia,"E3 website is a page inside a host, not a site root"
Q12387055,ES,http://www.xunta.es/consulta-do-dog,"E3 website is a page inside a host, not a site root"
Q12387055,ES,http://www.xunta.es/diario-oficial,"E3 website is a page inside a host, not a site root"
Q12966534,ES,http://www.globaleducationmagazine.com/about-the-megazine/,"E3 website is a page inside a host, not a site root"
Q130726208,ES,https://bop.dpz.es/BOPZ/,"E3 website is a page inside a host, not a site root"
Q130726238,ES,https://www.dphuesca.es/boph,"E3 website is a page inside a host, not a site root"
Q131370482,ES,https://www.usc.gal/gl/centro/facultade-matematicas/revista-estudiantil-mates,"E3 website is a page inside a host, not a site root"
Q135792871,ES,https://www.3cat.cat/3catinfo/,"E3 website is a page inside a host, not a site root"
Q136647153,ES,https://www.hortanoticias.com/sobre-hortanoticias/,"E3 website is a page inside a host, not a site root"
Q137918562,ES,https://egoitza.gipuzkoa.eus/eu/gao,"E3 website is a page inside a host, not a site root"
Q138164447,ES,https://app.dipalme.org/bop/publico.zul,"E3 website is a page inside a host, not a site root"
Q141596102,ES,https://medios.uchceu.es/actualidad-ceu/sala-de-prensa/,"E3 website is a page inside a host, not a site root"
Q1493861,ES,http://www.naiz.eus/hemeroteca/gara,"E3 website is a page inside a host, not a site root"
Q20103986,ES,https://www.ccma.cat/tv3/super3/,"E3 website is a page inside a host, not a site root"
Q20549202,ES,http://dialnet.unirioja.es/servlet/revista?codigo=7521,"E3 website is a page inside a host, not a site root"
Q20549202,ES,http://www.usc.es/revistas/index.php/dorna,"E3 website is a page inside a host, not a site root"
Q2743194,ES,http://www.canalsur.es/television,"E3 website is a page inside a host, not a site root"
Q27643294,ES,https://boc.cantabria.es/boces/,"E3 website is a page inside a host, not a site root"
Q28648793,ES,http://www.dipualba.es/WebBop/,"E3 website is a page inside a host, not a site root"
Q3026336,ES,https://dogc.gencat.cat/ca/pdogc_serveis/pdogc_dogc_en_linia/,"E3 website is a page inside a host, not a site root"
Q3026336,ES,http://www.gencat.net/dogc,"E3 website is a page inside a host, not a site root"
Q4939381,ES,http://www.juntadeandalucia.es/boja/boletines/2011/227/index.html,"E3 website is a page inside a host, not a site root"
Q4939381,ES,http://www.juntadeandalucia.es/eboja.html,"E3 website is a page inside a host, not a site root"
Q51107420,ES,https://sede.madrid.es/portal/site/tramites/menuitem.944fd80592a1301b7ce0ccf4a8a409a0/?vgnextoid=741d814231ede410VgnVCM1000000b205a0aRCRD&vgnextchannel=741d814231ede410VgnVCM1000000b205a0aRCRD&vgnextfmt=default,"E3 website is a page inside a host, not a site root"
Q5731450,ES,http://www.gobcan.es/boc/,"E3 website is a page inside a host, not a site root"
Q5731459,ES,http://www.madrid.org/cs/Satellite?cid=1188556258222&language=es&pagename=Boletin%2FPage%2FBOCM_ultimoBoletin&vest=UltimoBoletin,"E3 website is a page inside a host, not a site root"
Q5731482,ES,http://www.caib.es/boib/,"E3 website is a page inside a host, not a site root"
Q5731482,ES,http://www.caib.es/boib/index.do,"E3 website is a page inside a host, not a site root"
Q5859566,ES,http://www.docv.gva.es/portal,"E3 website is a page inside a host, not a site root"
Q5908242,ES,http://www.ideal.es/granada/edicion/portada.html,"E3 website is a page inside a host, not a site root"
Q59764640,ES,https://www.parlament.cat/web/documentacio/publicacions/butlleti-bopc/index.html,"E3 website is a page inside a host, not a site root"
Q59765173,ES,http://www.ddgi.cat/bop/,"E3 website is a page inside a host, not a site root"
Q65248431,ES,http://colexio.lasallesantiago.gal/index.php/eidos/eidos-2014-15,"E3 website is a page inside a host, not a site root"
Q66598389,ES,http://www.arqueologicaluliana.com/bsal.htm,"E3 website is a page inside a host, not a site root"
Q8250530,ES,http://www.asturias.es/portal/site/Asturias/menuitem.048b5a85ccf2cf40a9be6aff100000f7/?vgnextoid=c0c756a575acd010VgnVCM100000bb030a0aRCRD&i18n.http.lang=es,"E3 website is a page inside a host, not a site root"
Q8250530,ES,http://www.princast.es/bopa/,"E3 website is a page inside a host, not a site root"
Q8254087,ES,http://www.cnt.es/periodico/,"E3 website is a page inside a host, not a site root"
Q10416908,FI,https://demokraatti.fi/arbetarbladet,"E3 website is a page inside a host, not a site root"
Q10495575,FI,https://varastokirjasto.fi/kontentti/,"E3 website is a page inside a host, not a site root"
Q10524626,FI,http://ojs.tsv.fi/index.php/htf/index,"E3 website is a page inside a host, not a site root"
Q10551533,FI,https://www.kyrkpressen.fi/tidningsarkiv.html,"E3 website is a page inside a host, not a site root"
Q117184405,FI,https://pyhajarvensanomat.fi/lue-pyhajarven-sanomien-nakoislehtia/,"E3 website is a page inside a host, not a site root"
Q11868391,FI,https://www.jarviseudunsanomat.fi/digilehti/,"E3 website is a page inside a host, not a site root"
Q11869696,FI,http://kansanaani.net/45,"E3 website is a page inside a host, not a site root"
Q11872806,FI,https://www.kainuunsanomat.fi/koti-kajaani/,"E3 website is a page inside a host, not a site root"
Q11872819,FI,https://www.kotimaa24.fi/kotimaa-lehti/,"E3 website is a page inside a host, not a site root"
Q11891404,FI,https://www.ruoholahdensanomat.fi/nakoislehti/nakoislehti-2020/,"E3 website is a page inside a host, not a site root"
Q11892334,FI,http://sley.fi/sanansaattaja,"E3 website is a page inside a host, not a site root"
Q11899127,FI,https://www.ktpkom.fi/tyokansan-sanomat/,"E3 website is a page inside a host, not a site root"
Q11899826,FI,https://www.lapinkansa.fi/nakoislehti/uusi-rovaniemi/,"E3 website is a page inside a host, not a site root"
Q137293470,FI,https://www.lc-pantane.com/sanomat.html,"E3 website is a page inside a host, not a site root"
Q18662044,FI,http://www.somerolehti.fi/uutiset/index.html,"E3 website is a page inside a host, not a site root"
Q18662516,FI,http://www.tyrvaansanomat.fi/Etusivu,"E3 website is a page inside a host, not a site root"
Q18675326,FI,https://www.suomenuutiset.fi/lehtiarkisto/,"E3 website is a page inside a host, not a site root"
Q18680206,FI,http://www.lehtiluukku.fi/pub?id=20206,"E3 website is a page inside a host, not a site root"
Q19293697,FI,https://www.ostnyland.fi/epaper/,"E3 website is a page inside a host, not a site root"
Q3080776,FI,https://www.suomenmaa.fi/digilehti/,"E3 website is a page inside a host, not a site root"
Q31086458,FI,https://www.helsinginuutiset.fi/aihe/Tallinna24,"E3 website is a page inside a host, not a site root"
Q3131436,FI,https://suomenkuvalehti.fi/nakoislehti/,"E3 website is a page inside a host, not a site root"
Q8053995,FI,https://yle.fi/uutiset,"E3 website is a page inside a host, not a site root"
Q8054007,FI,https://www.lehtiluukku.fi/lehdet/ylioppilaslehti/,"E3 website is a page inside a host, not a site root"
Q8054007,FI,http://www.ylioppilaslehti.fi/arkisto/,"E3 website is a page inside a host, not a site root"
Q84073764,FI,https://ilkkapohjalainen.fi/digilehti,"E3 website is a page inside a host, not a site root"
Q1004383,FR,https://www.paris.fr/pages/publications-administratives-181,"E3 website is a page inside a host, not a site root"
Q100806841,FR,https://actu.fr/78actu/,"E3 website is a page inside a host, not a site root"
Q108801429,FR,http://www.apebfr.org/passagesdeparis/,"E3 website is a page inside a host, not a site root"
Q109354492,FR,https://www.kineactu.com/boutique,"E3 website is a page inside a host, not a site root"
Q110954824,FR,https://bm-lille.fr/patrimoine/doc/SYRACUSE/67440,"E3 website is a page inside a host, not a site root"
Q112175059,FR,https://groupe-ecomedia.com/eco-de-lain/,"E3 website is a page inside a host, not a site root"
Q112181644,FR,https://groupe-ecomedia.com/eco-savoie-mont-blanc/,"E3 website is a page inside a host, not a site root"
Q112181879,FR,https://groupe-ecomedia.com/eco-nord-isere/,"E3 website is a page inside a host, not a site root"
Q113541512,FR,https://www.ladepeche.fr/le-villefranchois/,"E3 website is a page inside a host, not a site root"
Q1137404,FR,https://boutique.humanite.fr/common/categories/1716,"E3 website is a page inside a host, not a site root"
Q1137404,FR,https://hdl.handle.net/10622/ARCH01483.1281,"E3 website is a page inside a host, not a site root"
Q118732628,FR,http://www.ufe.org/fr/vie-ufe/decouvrez-la-voix-de-france.html,"E3 website is a page inside a host, not a site root"
Q118744914,FR,https://francais-du-monde.org/magazine/,"E3 website is a page inside a host, not a site root"
Q118744914,FR,https://www.francais-du-monde.org/notre-magazine/,"E3 website is a page inside a host, not a site root"
Q120498228,FR,http://www.fondspatrimoniaux.laval.fr/archive/recherche/presse/n:101,"E3 website is a page inside a host, not a site root"
Q120563008,FR,https://bm-lille.fr/patrimoine/doc/SYRACUSE/67432,"E3 website is a page inside a host, not a site root"
Q121540662,FR,https://bm-lille.fr/patrimoine/search.aspx?SC=PATRIMOINE_NUMERISE&QUERY=Parent_id_exact%3a%22226429%22&QUERY_LABEL=Recherche+de+fascicules&QUERY_SORT=VolumeNumber_sort&QUERY_SORT_ORDER=0,"E3 website is a page inside a host, not a site root"
Q122310644,FR,http://wiener.societe-histoire-lorraine.com/pdf/SHLML_WIENER_D_08_part__45.pdf#page=2,"E3 website is a page inside a host, not a site root"
Q123134710,FR,https://overnia.bibliotheques-clermontmetropole.eu/presse.php?titre=La%20presse%20auvergnate&id=5197,"E3 website is a page inside a host, not a site root"
Q123223075,FR,https://www.economie-et-politique.org/category/numeros/,"E3 website is a page inside a host, not a site root"
Q123669755,FR,https://overnia.bibliotheques-clermontmetropole.eu/presse.php?titre=La%20presse%20auvergnate&id=5760,"E3 website is a page inside a host, not a site root"
Q123669906,FR,https://overnia.bibliotheques-clermontmetropole.eu/presse.php?titre=La%20presse%20auvergnate&id=5792,"E3 website is a page inside a host, not a site root"
Q123847885,FR,http://www.numistral.fr/ark:/12148/cb32873085d/date,"E3 website is a page inside a host, not a site root"
Q124260685,FR,https://www.libertebonhomme.fr/abonnement-numerique,"E3 website is a page inside a host, not a site root"
Q126182343,FR,https://actu.fr/le-journal-du-pays-yonnais/,"E3 website is a page inside a host, not a site root"
Q131522496,FR,https://acpr.banque-france.fr/page-tableau-filtre/registre-officiel,"E3 website is a page inside a host, not a site root"
Q131727404,FR,https://actu.fr/cote-manche/,"E3 website is a page inside a host, not a site root"
Q134838052,FR,https://www.lesjeunes-soc.fr/epineuse,"E3 website is a page inside a host, not a site root"
Q14940658,FR,https://www.lopinion.fr/lejournal,"E3 website is a page inside a host, not a site root"
Q17632827,FR,http://www.lerepublicain.net/sud-gironde/,"E3 website is a page inside a host, not a site root"
Q19906,FR,https://www.radiofrance.fr/francebleu,"E3 website is a page inside a host, not a site root"
Q2057098,FR,https://classiques-garnier.com/cahiers-octave-mirbeau.html,"E3 website is a page inside a host, not a site root"
Q2060329,FR,https://www.cairn.info/magazine-questions-internationales.htm,"E3 website is a page inside a host, not a site root"
Q2060329,FR,https://www.vie-publique.fr/questions-internationales#vp-abonnement,"E3 website is a page inside a host, not a site root"
Q2060329,FR,http://www.ladocumentationfrancaise.fr/revues-collections/questions-internationales/index.shtml,"E3 website is a page inside a host, not a site root"
Q20968601,FR,https://catalog.hathitrust.org/Record/000504729,"E3 website is a page inside a host, not a site root"
Q2642655,FR,https://www.ledauphine.com/pdf/editions-numeriques,"E3 website is a page inside a host, not a site root"
Q2758142,FR,https://boutique.lesinrocks.com/MAGAZINE/hebdo-r2/,"E3 website is a page inside a host, not a site root"
Q28042780,FR,https://mediatheque.bayonne.fr/iguana/www.main.cls?surl=search#recordId=1.138450,"E3 website is a page inside a host, not a site root"
Q2826153,FR,http://www.africaintelligence.fr/AMF/default.asp,"E3 website is a page inside a host, not a site root"
Q2845221,FR,https://www.sfaf.com/les-actualites-et-publications/publications,"E3 website is a page inside a host, not a site root"
Q2877540,FR,http://www.besancon.fr/index.php?p=29,"E3 website is a page inside a host, not a site root"
Q28869883,FR,http://www.ledauphine.com/vaucluse,"E3 website is a page inside a host, not a site root"
Q2890962,FR,http://www.avions-bateaux.com/fr/catalogue-batailles-aeriennes-catalogue_1_2_1_0.html,"E3 website is a page inside a host, not a site root"
Q2931935,FR,http://cqfd-journal.org/spip.php?page=plan,"E3 website is a page inside a host, not a site root"
Q2986195,FR,https://www.cairn.info/revue-commentaire.htm,"E3 website is a page inside a host, not a site root"
Q2986195,FR,https://www.commentaire.fr/la-revue,"E3 website is a page inside a host, not a site root"
Q2993399,FR,http://societe-libre-eure.org/index.php/connaissance-de-l-eure,"E3 website is a page inside a host, not a site root"
Q2996087,FR,http://www.controverses.fr/Sommaires/sommaires_index.htm,"E3 website is a page inside a host, not a site root"
Q3051362,FR,http://www.elle.fr/Deco,"E3 website is a page inside a host, not a site root"
Q3052319,FR,https://kiosque.limedia.fr/recherche/?query=&uniform_title=L%27Est+R%C3%A9publicain,"E3 website is a page inside a host, not a site root"
Q3052319,FR,http://wiener.societe-histoire-lorraine.com/pdf/SHLML_WIENER_D_11_part__10.pdf,"E3 website is a page inside a host, not a site root"
Q3201406,FR,http://www.cg66.fr/910-collection-accent-catalan.htm,"E3 website is a page inside a host, not a site root"
Q3201436,FR,https://www.le-perche.fr/journal-numerique-action-republicaine,"E3 website is a page inside a host, not a site root"
Q3201441,FR,http://www.actionfrancaise.net/accueil.htm,"E3 website is a page inside a host, not a site root"
Q3204035,FR,https://limpartial.fr/lecture-en-ligne/,"E3 website is a page inside a host, not a site root"
Q3204254,FR,https://bricolage.linternaute.com/forum/,"E3 website is a page inside a host, not a site root"
Q3204700,FR,https://www.orne-hebdo.fr/journal-numerique,"E3 website is a page inside a host, not a site root"
Q3204819,FR,http://62.210.214.184/unite/u-unite.php,"E3 website is a page inside a host, not a site root"
Q3205138,FR,https://www.lechodelargoat.fr/journal-numerique,"E3 website is a page inside a host, not a site root"
Q3205170,FR,https://www.leclaireurdechateaubriant.fr/journal-numerique,"E3 website is a page inside a host, not a site root"
Q3205636,FR,https://actu.fr/l-eveil-de-pont-audemer/,"E3 website is a page inside a host, not a site root"
Q3205638,FR,http://www.publihebdos.com/archives/347,"E3 website is a page inside a host, not a site root"
Q3209376,FR,https://memoirevive.besancon.fr/ark:/48565/j8246vrcb593,"E3 website is a page inside a host, not a site root"
Q3209404,FR,https://selene.bordeaux.fr/ark:/27705/330636101_ROU_26_26,"E3 website is a page inside a host, not a site root"
Q3209997,FR,https://www.lalettredelexpansion.com/parutions,"E3 website is a page inside a host, not a site root"
Q3210001,FR,http://www.africaintelligence.fr/LC-/default.asp,"E3 website is a page inside a host, not a site root"
Q3210565,FR,https://actu.fr/la-marne/,"E3 website is a page inside a host, not a site root"
Q3210777,FR,https://overnia.bibliotheques-clermontmetropole.eu/presse.php?titre=La%20presse%20auvergnate&id=2795,"E3 website is a page inside a host, not a site root"
Q3211915,FR,https://www.lapressedarmor.fr/journal-numerique/,"E3 website is a page inside a host, not a site root"
Q3212586,FR,https://actu.fr/la-republique-de-seine-et-marne/,"E3 website is a page inside a host, not a site root"
Q3220437,FR,https://www.bienpublic.com/liseuse/editions-numeriques,"E3 website is a page inside a host, not a site root"
Q3221889,FR,https://www.lecourrierdupaysderetz.fr/journal-numerique,"E3 website is a page inside a host, not a site root"
Q3222759,FR,http://www.lefigaro.fr/culture/,"E3 website is a page inside a host, not a site root"
Q3222760,FR,http://www.lefigaro.fr/lefigaromagazine,"E3 website is a page inside a host, not a site root"
Q3222761,FR,http://www.lefigaro.fr/emploi/,"E3 website is a page inside a host, not a site root"
Q3222764,FR,http://www.lefigaro.fr/livres/,"E3 website is a page inside a host, not a site root"
Q3223702,FR,https://actu.fr/le-journal-d-elbeuf/,"E3 website is a page inside a host, not a site root"
Q3223737,FR,http://www.lejsl.com/pdf/editions-numeriques,"E3 website is a page inside a host, not a site root"
Q3224185,FR,https://www.ouest-france.fr/le-maine-libre/,"E3 website is a page inside a host, not a site root"
Q3225335,FR,https://journal.lemessager.fr/lepaysgessien,"E3 website is a page inside a host, not a site root"
Q3225386,FR,https://publihebdos.actu.fr/journal-hebdomadaire/laction-republicaine/,"E3 website is a page inside a host, not a site root"
Q3225689,FR,https://actu.fr/le-ploermelais,"E3 website is a page inside a host, not a site root"
Q3225791,FR,https://bnl-bfm.limoges.fr/s/bibliotheque-virtuelle/item/238,"E3 website is a page inside a host, not a site root"
Q3226064,FR,https://actu.fr/le-publicateur-libre/,"E3 website is a page inside a host, not a site root"
Q3226761,FR,https://actu.fr/le-reveil-de-neufchatel/,"E3 website is a page inside a host, not a site root"
Q3226777,FR,https://actu.fr/le-reveil-normand/,"E3 website is a page inside a host, not a site root"
Q3276836,FR,http://www.africaintelligence.fr/MC-/,"E3 website is a page inside a host, not a site root"
Q3358655,FR,https://www.cairn.info/revue-outre-terre.htm,"E3 website is a page inside a host, not a site root"
Q3358655,FR,https://www.ghazipur-publications.com/Outre-Terre_r22.html,"E3 website is a page inside a host, not a site root"
Q3358655,FR,http://www.cairn.info/revue.php?ID_REVUE=OUTE,"E3 website is a page inside a host, not a site root"
Q3358655,FR,http://www.diploweb.com/outreterre.htm,"E3 website is a page inside a host, not a site root"
Q3400472,FR,http://www.homme-moderne.org/plpl,"E3 website is a page inside a host, not a site root"
Q3454763,FR,https://www.reforme.net/categorie-produit/journal/,"E3 website is a page inside a host, not a site root"
Q3500156,FR,https://boutique.strategies.fr/magazine,"E3 website is a page inside a host, not a site root"
Q3554661,FR,https://www.varmatin.com/newspapers,"E3 website is a page inside a host, not a site root"
Q3563155,FR,http://www.vosgesmatin.fr/pdf/editions-numeriques,"E3 website is a page inside a host, not a site root"
Q381431,FR,https://www.dna.fr/liseuse/editions-numeriques,"E3 website is a page inside a host, not a site root"
Q38941275,FR,https://www.lassociation.fr/catalogue/collections/lapin/,"E3 website is a page inside a host, not a site root"
Q501461,FR,https://www.jemabonne.fr/magazine-le-journal-du-dimanche.html,"E3 website is a page inside a host, not a site root"
Q51237919,FR,https://bibliotheque.bordeaux.fr/notice?id=h%3A%3ABordeauxS_B330636101_ROU_026_056&locale=fr,"E3 website is a page inside a host, not a site root"
Q52263479,FR,https://bibliotheque.bordeaux.fr/notice?id=h%3A%3ABordeauxS_B330636101_ROU_026_022&locale=fr,"E3 website is a page inside a host, not a site root"
Q53816063,FR,http://collections.bm-lyon.fr/PER003180,"E3 website is a page inside a host, not a site root"
Q55139678,FR,https://catalog.hathitrust.org/Record/008714955,"E3 website is a page inside a host, not a site root"
Q55597596,FR,https://actu.fr/la-gazette-de-la-manche/,"E3 website is a page inside a host, not a site root"
Q590961,FR,http://boutique.lemoniteur.fr/accueil/presse/selection-presse.html,"E3 website is a page inside a host, not a site root"
Q60683875,FR,https://hdl.handle.net/10622/ARCH00459.1092,"E3 website is a page inside a host, not a site root"
Q60683875,FR,https://hdl.handle.net/10622/ARCH00459.1093,"E3 website is a page inside a host, not a site root"
Q63171281,FR,https://hdl.handle.net/10622/ARCH00459.1091,"E3 website is a page inside a host, not a site root"
Q63421754,FR,http://digitale.bnc.roma.sbn.it/tecadigitale/emeroteca/classic/TO00205689,"E3 website is a page inside a host, not a site root"
Q63440227,FR,https://www.tablettes-rennaises.fr/app/photopro.sk/rennes/detail?docid=80699,"E3 website is a page inside a host, not a site root"
Q63440266,FR,https://catalog.hathitrust.org/Record/100696706,"E3 website is a page inside a host, not a site root"
Q65121793,FR,https://rosalis.bibliotheque.toulouse.fr/ark:/12148/cb32772370s/date,"E3 website is a page inside a host, not a site root"
Q678086,FR,https://www.nytimes.com/international/,"E3 website is a page inside a host, not a site root"
Q68671691,FR,https://www.cairn.info/revue-z.htm,"E3 website is a page inside a host, not a site root"
Q72067003,FR,https://actu.fr/lot/,"E3 website is a page inside a host, not a site root"
Q72067576,FR,https://actu.fr/lot/,"E3 website is a page inside a host, not a site root"
Q729749,FR,https://journal.courrier-picard.fr/courrier-picard,"E3 website is a page inside a host, not a site root"
Q81893840,FR,https://actu.fr/le-penthievre/,"E3 website is a page inside a host, not a site root"
Q88758292,FR,https://catalog.hathitrust.org/Record/009017539,"E3 website is a page inside a host, not a site root"
Q90646830,FR,http://collections.bm-lyon.fr/PER003133,"E3 website is a page inside a host, not a site root"
Q976407,FR,https://monde-libertaire.net/?page=papier,"E3 website is a page inside a host, not a site root"
Q3559625,GR,http://www.et.gr/index.php/f-e-k,"E3 website is a page inside a host, not a site root"
Q115607683,HR,http://haw.nsk.hr/arhiva/vol2018/7061/72318/image-thumb.jpg,"E3 website is a page inside a host, not a site root"
Q115607683,HR,http://haw.nsk.hr/publikacija/7061/spectrum,"E3 website is a page inside a host, not a site root"
Q115607683,HR,http://hrcak.srce.hr/spectrum,"E3 website is a page inside a host, not a site root"
Q115607683,HR,https://digitalna.nsk.hr/pb/?object=info&id=611938,"E3 website is a page inside a host, not a site root"
Q115607683,HR,https://hrcak.srce.hr/spectrum,"E3 website is a page inside a host, not a site root"
Q1238495,HR,http://dnc.nsk.hr/Newspapers/LibraryTitle.aspx?id=71336578-31e2-4a78-9015-0498b0065ac6,"E3 website is a page inside a host, not a site root"
Q1238495,HR,http://www.nn.hr/sluzbeni-list/sluzbeni/index.asp,"E3 website is a page inside a host, not a site root"
Q12630126,HR,https://www.rijeka.hr/mjesni-odbori/drenova/informativni-list-mo/,"E3 website is a page inside a host, not a site root"
Q1286940,HR,http://haw.nsk.hr/arhiva/vol1/115/10428/image-thumb.jpg,"E3 website is a page inside a host, not a site root"
Q1286940,HR,http://haw.nsk.hr/publikacija/115/glas-slavonije,"E3 website is a page inside a host, not a site root"
Q217315,HR,http://haw.nsk.hr/arhiva/vol1/880/10008/image-thumb.jpg,"E3 website is a page inside a host, not a site root"
Q217315,HR,http://haw.nsk.hr/publikacija/880/24-sata,"E3 website is a page inside a host, not a site root"
Q241622,HR,http://haw.nsk.hr/arhiva/vol1/6/10011/image-thumb.jpg,"E3 website is a page inside a host, not a site root"
Q241622,HR,http://haw.nsk.hr/publikacija/6/vecernji-hr,"E3 website is a page inside a host, not a site root"
Q478374,HR,http://haw.nsk.hr/publikacija/104/novi-list,"E3 website is a page inside a host, not a site root"
Q489650,HR,http://haw.nsk.hr/arhiva/vol1/15/10010/image-thumb.jpg,"E3 website is a page inside a host, not a site root"
Q489650,HR,http://haw.nsk.hr/publikacija/15/glas-koncila,"E3 website is a page inside a host, not a site root"
Q574403,HR,http://haw.nsk.hr/arhiva/vol1/5/10001/image-thumb.jpg,"E3 website is a page inside a host, not a site root"
Q574403,HR,http://haw.nsk.hr/publikacija/5/vjesnik-hr,"E3 website is a page inside a host, not a site root"
Q7233344,HR,http://haw.nsk.hr/arhiva/vol1/1417/10024/image-thumb.jpg,"E3 website is a page inside a host, not a site root"
Q7233344,HR,http://haw.nsk.hr/publikacija/1417/poslovni-hr,"E3 website is a page inside a host, not a site root"
Q7246344,HR,http://haw.nsk.hr/arhiva/vol2/114/15911/image-thumb.jpg,"E3 website is a page inside a host, not a site root"
Q7246344,HR,http://haw.nsk.hr/publikacija/114/privredni-vjesnik,"E3 website is a page inside a host, not a site root"
Q948316,HR,http://damp.nsk.hr/arhiva/publication.php?show=archive&idpublication=10,"E3 website is a page inside a host, not a site root"
Q1003065,HU,https://epa.oszk.hu/02900/02931,"E3 website is a page inside a host, not a site root"
Q1003065,HU,http://www.bajaobs.hu/megye/kultura/forras.htm,"E3 website is a page inside a host, not a site root"
Q1003065,HU,http://www.rkk.hu/forras/,"E3 website is a page inside a host, not a site root"
Q1006407,HU,http://www.iqpress.hu/fules,"E3 website is a page inside a host, not a site root"
Q106959736,HU,https://budapest.hu/fovarosikozlony/,"E3 website is a page inside a host, not a site root"
Q106959736,HU,https://budapest.hu/fovarosikozlony/Lapok/Fovarosikozlony.aspx,"E3 website is a page inside a host, not a site root"
Q120000230,HU,https://mazsihisz.hu/kozossegeink/zsido-sajto/uj-elet-a-magyarorszagi-zsido-hitkozsegek-szovetsegenek-lapja,"E3 website is a page inside a host, not a site root"
Q120142446,HU,http://sonntagsblatt.hu/e-paper/,"E3 website is a page inside a host, not a site root"
Q1231878,HU,https://pedagogusok.hu/pedagogusok-lapja-2/,"E3 website is a page inside a host, not a site root"
Q124120107,HU,https://univhist.lib.uni-corvinus.hu/view/year/,"E3 website is a page inside a host, not a site root"
Q124385591,HU,http://evid.hu/component/content/article/80/,"E3 website is a page inside a host, not a site root"
Q124385591,HU,http://folyoirat.evid.hu/az-esztergom-es-videke-nyomtatott-szamai/,"E3 website is a page inside a host, not a site root"
Q124385591,HU,https://epa.oszk.hu/03000/03030,"E3 website is a page inside a host, not a site root"
Q114458610,IE,https://ojs.tchpc.tcd.ie/index.php/TrinityWomensReview,"E3 website is a page inside a host, not a site root"
Q1051115,IT,http://www.ilgiornale.it/pagina/edicola-digitale.html,"E3 website is a page inside a host, not a site root"
Q139891487,IT,https://www.itiszuccante.edu.it/lo-zuccantino/,"E3 website is a page inside a host, not a site root"
Q140185101,IT,https://www.itismarconipadova.edu.it/pagine/marconi-press,"E3 website is a page inside a host, not a site root"
Q140296567,IT,https://www.liceoducadaosta.eu/pagine/pink-freud,"E3 website is a page inside a host, not a site root"
Q140298306,IT,https://www.liceogalileidolo.edu.it/pagine/giornalino-cogito,"E3 website is a page inside a host, not a site root"
Q140298320,IT,https://www.imolalicei.edu.it/pagine/giornalino-di-istituto,"E3 website is a page inside a host, not a site root"
Q1658225,IT,http://shop.ilmessaggero.it/edicola,"E3 website is a page inside a host, not a site root"
Q2997969,IT,https://corrierealpi.gelocal.it/belluno/,"E3 website is a page inside a host, not a site root"
Q2997969,IT,http://www.corrierealpi.quotidianiespresso.it/giornalilocali/index.jsp?s=corrierealpi,"E3 website is a page inside a host, not a site root"
Q3211278,IT,https://nuovavenezia.gelocal.it/venezia,"E3 website is a page inside a host, not a site root"
Q3817993,IT,http://edicoladigitale.ecodibergamo.it/sesaab/,"E3 website is a page inside a host, not a site root"
Q3817993,IT,https://www.ecodibergamo.it/publisher/eppen/eco_cafe/section/,"E3 website is a page inside a host, not a site root"
Q536798,IT,http://edicola.liberoquotidiano.it/vnlibero/,"E3 website is a page inside a host, not a site root"
Q63382992,IT,https://riviste.aib.it/index.php/bibelot,"E3 website is a page inside a host, not a site root"
Q85329,IT,https://www.repubblica.it/video/,"E3 website is a page inside a host, not a site root"
Q16444667,LT,https://www.atzalynas.kedainiai.lm.lt/index.php?id=laikrastis.htm,"E3 website is a page inside a host, not a site root"
Q16478135,LT,http://www.su.lt/su-tarnybos-ir-skyriai/ts-rsv/u-laikratis,"E3 website is a page inside a host, not a site root"
Q7941964,LT,http://eia.libis.lt/isteklius.php?url=http://www.voruta.lt/articles.php?sect=sentr,"E3 website is a page inside a host, not a site root"
Q773198,LU,https://www.land.lu/online/www/menu_content/home/DEU/index.html,"E3 website is a page inside a host, not a site root"
Q773198,LU,https://www.land.lu/online/www/menu_content/home/FRE/index.html,"E3 website is a page inside a host, not a site root"
Q1486888,LV,https://dom.lndb.lv/data/obj/772716.html,"E3 website is a page inside a host, not a site root"
Q4109603,LV,http://vesti.lv/categories/vesti-segodnya,"E3 website is a page inside a host, not a site root"
Q118397075,NL,https://www.rodi.nl/vlaardingen,"E3 website is a page inside a host, not a site root"
Q2189016,NL,http://www.hollandcombinatie.nl/titelstarieven/titel/ons.utrecht.ons.leidsche.rijn/107/,"E3 website is a page inside a host, not a site root"
Q2240402,NL,https://www.officielebekendmakingen.nl/staatsblad,"E3 website is a page inside a host, not a site root"
Q4978082,NL,https://www.observantonline.nl/english/Home,"E3 website is a page inside a host, not a site root"
Q67538801,NL,https://dub.uu.nl/en/home,"E3 website is a page inside a host, not a site root"
Q120378562,PL,http://www.dfkschlesien.pl/index.php/post/stimme,"E3 website is a page inside a host, not a site root"
Q494902,PL,http://www.se.pl/se_dzis/,"E3 website is a page inside a host, not a site root"
Q7253369,PL,http://sports.pl/gazeta/iso/,"E3 website is a page inside a host, not a site root"
Q7642325,PL,http://www.se.com.pl/iso/Dzisiaj/,"E3 website is a page inside a host, not a site root"
Q887583,PL,http://www.nczas.com/?a=english,"E3 website is a page inside a host, not a site root"
Q10260846,PT,http://www.ecclesia.pt/correiodovouga,"E3 website is a page inside a host, not a site root"
Q7073214,PT,http://www.slbenfica.pt/pt-pt/media/jornalobenfica/edicoes.aspx,"E3 website is a page inside a host, not a site root"
Q120402855,RO,http://www.adz.ro/banater-zeitung,"E3 website is a page inside a host, not a site root"
Q120439871,RO,http://www.ev-kirche-schaessburg.ro/Gemeindebriefe.html,"E3 website is a page inside a host, not a site root"
Q1221361,RO,http://www.hhrf.org/nepujsag,"E3 website is a page inside a host, not a site root"
Q5194707,RO,http://www.curentul.info:8080/2014/,"E3 website is a page inside a host, not a site root"
Q5504724,RO,http://www.hhrf.org/frissujsag/friss/index.php,"E3 website is a page inside a host, not a site root"
Q10408524,SE,https://www.svenskakyrkan.se/jonkoping/amos-magasin,"E3 website is a page inside a host, not a site root"
Q10418977,SE,http://www.nwt.se/arvika,"E3 website is a page inside a host, not a site root"
Q10453556,SE,http://cityskane.se/helsingborg/,"E3 website is a page inside a host, not a site root"
Q10465885,SE,http://da.se/2015/02/las-tidningen-som-pdf/,"E3 website is a page inside a host, not a site root"
Q10465888,SE,http://www.etc.se/net.html,"E3 website is a page inside a host, not a site root"
Q108601609,SE,https://www.aftonbladet.se/nojesbladet,"E3 website is a page inside a host, not a site root"
Q135763416,SE,https://www.expressen.se/noje/,"E3 website is a page inside a host, not a site root"
Q17524769,SE,https://www.expressen.se/kvallsposten/,"E3 website is a page inside a host, not a site root"
Q1794077,SE,http://www.mediearkivet.se/mediearkivet/sok/login.html,"E3 website is a page inside a host, not a site root"
Q18292304,SE,https://str-t.com/metavisi/,"E3 website is a page inside a host, not a site root"
Q18334238,SE,http://www.sjk.se/65/tidningen-tag.html,"E3 website is a page inside a host, not a site root"
Q31899538,SE,https://www.svt.se/nyheter,"E3 website is a page inside a host, not a site root"
Q734293,SE,http://www.ad.se/bibsam/,"E3 website is a page inside a host, not a site root"
Q12797366,SI,https://www.dnevnik.si/edicija/nedeljski,"E3 website is a page inside a host, not a site root"
Q18559973,SI,http://www.mtaj.si/ljnovice/,"E3 website is a page inside a host, not a site root"
Q20011708,SI,http://www.uradni-list.si/ulonline/index.htm,"E3 website is a page inside a host, not a site root"
Q52831866,SI,http://projects.ung.si/artepakt/,"E3 website is a page inside a host, not a site root"
Q54371645,SI,https://www.domzale.si/objave/63,"E3 website is a page inside a host, not a site root"
Q54371645,SI,http://www.domzale.si/s1a5875/glasilo-slamnik/glasilo-slamnik.html,"E3 website is a page inside a host, not a site root"
Q56199353,SI,http://sodrazica.si/za-obcane/glasilo-suhorobar/,"E3 website is a page inside a host, not a site root"
Q56808180,SI,http://www.nt-rc.si/novi-tednik/,"E3 website is a page inside a host, not a site root"
Q67029668,SI,http://www.logatec.si/index.php/novice-a-prireditve/logake-novice/315-logake-novice,"E3 website is a page inside a host, not a site root"
Q23015335,SK,https://www.upjs.sk/filozoficka-fakulta/casopis-univerzal/,"E3 website is a page inside a host, not a site root"
Q105462076,AT,https://www.neuewelt.at,"E4 not in the top 100,000 CrUX origins of its country (202608)"
Q110417598,AT,https://www.kaz.at,"E4 not in the top 100,000 CrUX origins of its country (202608)"
Q116168189,AT,https://www.boersen-kurier.at/,"E4 not in the top 100,000 CrUX origins of its country (202608)"
Q141008050,AT,https://yanus.at,"E4 not in the top 100,000 CrUX origins of its country (202608)"
Q141275731,AT,https://www.becsinaplo.at/,"E4 not in the top 100,000 CrUX origins of its country (202608)"
Q2215996,AT,http://www.salzburg.com/sn/,"E4 not in the top 100,000 CrUX origins of its country (202608)"
Q27158974,AT,https://www.wochenblick.at/,"E4 not in the top 100,000 CrUX origins of its country (202608)"
Q3562637,AT,http://www.redbulletin.com,"E4 not in the top 100,000 CrUX origins of its country (202608)"
Q41139269,AT,http://www.sonntagsblatt.at/,"E4 not in the top 100,000 CrUX origins of its country (202608)"
Q107382756,BE,https://www.kairospresse.be,"E4 not in the top 100,000 CrUX origins of its country (202608)"
Q111971891,BE,https://www.bruzzket.be/,"E4 not in the top 100,000 CrUX origins of its country (202608)"
Q113988059,BE,https://www.hetobservatorium.be/,"E4 not in the top 100,000 CrUX origins of its country (202608)"
Q125946974,BE,https://www.nwsnwsnws.be/,"E4 not in the top 100,000 CrUX origins of its country (202608)"
Q134385287,BE,https://brusselsmorning.com/,"E4 not in the top 100,000 CrUX origins of its country (202608)"
Q136529264,BE,https://europeancorrespondent.com/,"E4 not in the top 100,000 CrUX origins of its country (202608)"
Q139431740,BE,http://laprovince.be/,"E4 not in the top 100,000 CrUX origins of its country (202608)"
Q140179571,BE,https://lexplik.be/,"E4 not in the top 100,000 CrUX origins of its country (202608)"
Q140390608,BE,https://belgienu.be,"E4 not in the top 100,000 CrUX origins of its country (202608)"
Q2355111,BE,https://www.vrtnws.be/,"E4 not in the top 100,000 CrUX origins of its country (202608)"
Q2374919,BE,http://www.lacapitale.be/,"E4 not in the top 100,000 CrUX origins of its country (202608)"
Q2417373,BE,http://www.lameuse.be/,"E4 not in the top 100,000 CrUX origins of its country (202608)"
Q2570019,BE,http://www.gentenaar.be/,"E4 not in the top 100,000 CrUX origins of its country (202608)"
Q3074755,BE,http://www.focusvif.be,"E4 not in the top 100,000 CrUX origins of its country (202608)"
Q3211129,BE,http://www.lanouvellegazette.be/,"E4 not in the top 100,000 CrUX origins of its country (202608)"
Q3307427,BE,http://www.metrotime.be/,"E4 not in the top 100,000 CrUX origins of its country (202608)"
Q67150816,BE,https://www.nordeclair.be/,"E4 not in the top 100,000 CrUX origins of its country (202608)"
Q99399515,BE,https://demoeial.be/,"E4 not in the top 100,000 CrUX origins of its country (202608)"
Q12270383,BG,https://1001beers.bg/,"E4 not in the top 100,000 CrUX origins of its country (202608)"
Q26214965,BG,http://www.panairenvestnik.com/,"E4 not in the top 100,000 CrUX origins of its country (202608)"
Q28104814,BG,http://www.abagar1.com/,"E4 not in the top 100,000 CrUX origins of its country (202608)"
Q3622778,BG,http://www.sofiaecho.com/,"E4 not in the top 100,000 CrUX origins of its country (202608)"
Q5654303,CY,http://www.haravgi.com.cy,"E4 not in the top 100,000 CrUX origins of its country (202608)"
Q101064022,CZ,https://rus.azathabar.com/,"E4 not in the top 100,000 CrUX origins of its country (202608)"
Q101064022,CZ,https://www.azathabar.com/,"E4 not in the top 100,000 CrUX origins of its country (202608)"
Q104369708,CZ,http://www.slovo.cz,"E4 not in the top 100,000 CrUX origins of its country (202608)"
Q11157907,CZ,http://www.deniksport.cz,"E4 not in the top 100,000 CrUX origins of its country (202608)"
Q11775064,CZ,http://www.jiskra-benesov.cz/,"E4 not in the top 100,000 CrUX origins of its country (202608)"
Q12021348,CZ,https://ihned.cz/,"E4 not in the top 100,000 CrUX origins of its country (202608)"
Q12029003,CZ,https://www.katyd.cz/,"E4 not in the top 100,000 CrUX origins of its country (202608)"
Q12029003,CZ,http://www.katyd.cz,"E4 not in the top 100,000 CrUX origins of its country (202608)"
Q12040837,CZ,http://neviditelnypes.cz,"E4 not in the top 100,000 CrUX origins of its country (202608)"
Q248009,CZ,https://www.praguepost.com/,"E4 not in the top 100,000 CrUX origins of its country (202608)"
Q4051706,CZ,http://www.tol.org,"E4 not in the top 100,000 CrUX origins of its country (202608)"
Q935823,CZ,http://pravo.novinky.cz,"E4 not in the top 100,000 CrUX origins of its country (202608)"
Q100551560,DE,https://www.falkenhagener-express.de/,"E4 not in the top 100,000 CrUX origins of its country (202608)"
Q1006746,DE,https://www.bstbl.de/,"E4 not in the top 100,000 CrUX origins of its country (202608)"
Q105392881,DE,http://www.neuesgera.de/,"E4 not in the top 100,000 CrUX origins of its country (202608)"
Q105776725,DE,https://www.verlagshaus-jaumann.de/,"E4 not in the top 100,000 CrUX origins of its country (202608)"
Q107482524,DE,https://www.fink-magazin.de/,"E4 not in the top 100,000 CrUX origins of its country (202608)"
Q109911546,DE,https://betonkurier.reinhart-gymnasium.de/,"E4 not in the top 100,000 CrUX origins of its country (202608)"
Q110906100,DE,http://www.az-landshut.de/,"E4 not in the top 100,000 CrUX origins of its country (202608)"
Q111013305,DE,https://makronom.de/,"E4 not in the top 100,000 CrUX origins of its country (202608)"
Q111180858,DE,https://www.luhze.de/,"E4 not in the top 100,000 CrUX origins of its country (202608)"
Q1129098,DE,https://www.contraste.org/,"E4 not in the top 100,000 CrUX origins of its country (202608)"
Q114039718,DE,http://der-bote.de,"E4 not in the top 100,000 CrUX origins of its country (202608)"
Q1149038,DE,http://www.taipan-online.de/,"E4 not in the top 100,000 CrUX origins of its country (202608)"
Q115088262,DE,https://www.licher-wochenblatt.de/,"E4 not in the top 100,000 CrUX origins of its country (202608)"
Q1156267,DE,https://www.tagblatt.de/,"E4 not in the top 100,000 CrUX origins of its country (202608)"
Q116961007,DE,https://www.lahrer-anzeiger.de,"E4 not in the top 100,000 CrUX origins of its country (202608)"
Q118627342,DE,https://www.kielerexpress-online.de/,"E4 not in the top 100,000 CrUX origins of its country (202608)"
Q1196354,DE,https://www.raberalf.de/,"E4 not in the top 100,000 CrUX origins of its country (202608)"
Q1196968,DE,https://www.sonntag-sachsen.de/,"E4 not in the top 100,000 CrUX origins of its country (202608)"
Q1196969,DE,https://www.der-sonntag.de/,"E4 not in the top 100,000 CrUX origins of its country (202608)"
Q1204220,DE,https://deutsche-stimme.de/,"E4 not in the top 100,000 CrUX origins of its country (202608)"
Q122426013,DE,https://www.kippe-leipzig.de,"E4 not in the top 100,000 CrUX origins of its country (202608)"
Q1264041,DE,http://www.katholische-sonntagszeitung.de,"E4 not in the top 100,000 CrUX origins of its country (202608)"
Q130524635,DE,https://www.verkuendung-niedersachsen.de/,"E4 not in the top 100,000 CrUX origins of its country (202608)"
Q133535009,DE,https://storyblick.de/,"E4 not in the top 100,000 CrUX origins of its country (202608)"
Q133575385,DE,https://www.meinviertel.berlin/,"E4 not in the top 100,000 CrUX origins of its country (202608)"
Q134607424,DE,https://www.luftfahrtmagazin.de/,"E4 not in the top 100,000 CrUX origins of its country (202608)"
Q134607424,DE,https://www.luftfahrtmagazin.de/en,"E4 not in the top 100,000 CrUX origins of its country (202608)"
Q134711125,DE,https://www.nextpit.com,"E4 not in the top 100,000 CrUX origins of its country (202608)"
Q134711125,DE,https://www.nextpit.fr,"E4 not in the top 100,000 CrUX origins of its country (202608)"
Q1347936,DE,https://www.the-spin-off.com/,"E4 not in the top 100,000 CrUX origins of its country (202608)"
Q135981384,DE,https://www.techsciencetoday.com/,"E4 not in the top 100,000 CrUX origins of its country (202608)"
Q136490320,DE,https://stelle-aktuell.de/,"E4 not in the top 100,000 CrUX origins of its country (202608)"
Q137441601,DE,https://the-decoder.com/,"E4 not in the top 100,000 CrUX origins of its country (202608)"
Q137603059,DE,https://neu.muenzenwoche.de/,"E4 not in the top 100,000 CrUX origins of its country (202608)"
Q137603059,DE,https://new.coinsweekly.com/,"E4 not in the top 100,000 CrUX origins of its country (202608)"
Q1381116,DE,http://www.evangelische-sonntagszeitung.de/,"E4 not in the top 100,000 CrUX origins of its country (202608)"
Q1395074,DE,https://www.pnn.de/,"E4 not in the top 100,000 CrUX origins of its country (202608)"
Q139717608,DE,https://www.unfallgiganten.de,"E4 not in the top 100,000 CrUX origins of its country (202608)"
Q141203108,DE,https://nureine.de,"E4 not in the top 100,000 CrUX origins of its country (202608)"
Q141490878,DE,https://www.neckarstadtblog.de/,"E4 not in the top 100,000 CrUX origins of its country (202608)"
Q141502073,DE,https://bitcoinbasis.de/,"E4 not in the top 100,000 CrUX origins of its country (202608)"
Q1425047,DE,http://www.preussische-allgemeine.de/,"E4 not in the top 100,000 CrUX origins of its country (202608)"
Q1500931,DE,https://www.gmbl-online.de/,"E4 not in the top 100,000 CrUX origins of its country (202608)"
Q15787835,DE,http://www.abendblatt-berlin.de/,"E4 not in the top 100,000 CrUX origins of its country (202608)"
Q15804029,DE,http://www.critica-online.de,"E4 not in the top 100,000 CrUX origins of its country (202608)"
Q15807916,DE,http://www.elmshorner-nachrichten.de,"E4 not in the top 100,000 CrUX origins of its country (202608)"
Q15840563,DE,http://www.pinneberger-tageblatt.de,"E4 not in the top 100,000 CrUX origins of its country (202608)"
Q15842306,DE,http://www.rheingau-echo.de,"E4 not in the top 100,000 CrUX origins of its country (202608)"
Q15844264,DE,http://www.schenefelder-tageblatt.de,"E4 not in the top 100,000 CrUX origins of its country (202608)"
Q1614792,DE,http://www.bb-live.de,"E4 not in the top 100,000 CrUX origins of its country (202608)"
Q1688583,DE,http://www.jeversches-wochenblatt.de,"E4 not in the top 100,000 CrUX origins of its country (202608)"
Q17322951,DE,http://www.live-magazin.de,"E4 not in the top 100,000 CrUX origins of its country (202608)"
Q1822879,DE,https://www.fdplus.de/,"E4 not in the top 100,000 CrUX origins of its country (202608)"
Q18286902,DE,http://www.schuelerzeitung-tbb.de/,"E4 not in the top 100,000 CrUX origins of its country (202608)"
Q18333270,DE,http://www.gehoerlosenzeitung.de,"E4 not in the top 100,000 CrUX origins of its country (202608)"
Q18629998,DE,http://www.quatember.de/,"E4 not in the top 100,000 CrUX origins of its country (202608)"
Q1978898,DE,http://www.netzeitung.de,"E4 not in the top 100,000 CrUX origins of its country (202608)"
Q2007134,DE,https://abo.nz.de/,"E4 not in the top 100,000 CrUX origins of its country (202608)"
Q2018718,DE,http://www.ov-online.de,"E4 not in the top 100,000 CrUX origins of its country (202608)"
Q2096794,DE,https://www.pirmasenser-zeitung.de/,"E4 not in the top 100,000 CrUX origins of its country (202608)"
Q2101426,DE,http://www.politikundkultur.net,"E4 not in the top 100,000 CrUX origins of its country (202608)"
Q212870,DE,http://lausitz.20-cent.de,"E4 not in the top 100,000 CrUX origins of its country (202608)"
Q22081642,DE,http://www.lichtblick-zeitung.de/,"E4 not in the top 100,000 CrUX origins of its country (202608)"
Q23785834,DE,http://www.glaube-und-heimat.de,"E4 not in the top 100,000 CrUX origins of its country (202608)"
Q238171,DE,https://www.4players.de,"E4 not in the top 100,000 CrUX origins of its country (202608)"
Q2383644,DE,http://www.taspo.de,"E4 not in the top 100,000 CrUX origins of its country (202608)"
Q2516157,DE,https://www.verkehrsblatt.de/,"E4 not in the top 100,000 CrUX origins of its country (202608)"
Q25692182,DE,https://www.fiftyfifty-galerie.de/,"E4 not in the top 100,000 CrUX origins of its country (202608)"
Q2576247,DE,https://wilhelmshavener-zeitung.de/,"E4 not in the top 100,000 CrUX origins of its country (202608)"
Q27973044,DE,https://www.prignitzer.de/,"E4 not in the top 100,000 CrUX origins of its country (202608)"
Q300743,DE,http://www.aachener-nachrichten.de/,"E4 not in the top 100,000 CrUX origins of its country (202608)"
Q315473,DE,http://www.national-zeitung.de/,"E4 not in the top 100,000 CrUX origins of its country (202608)"
Q3785307,DE,http://www.heroldodeesperanto.com,"E4 not in the top 100,000 CrUX origins of its country (202608)"
Q421305,DE,https://www.akruetzel.de/,"E4 not in the top 100,000 CrUX origins of its country (202608)"
Q47459705,DE,http://www.wochenkurier.info/,"E4 not in the top 100,000 CrUX origins of its country (202608)"
Q48753327,DE,https://fas.media/,"E4 not in the top 100,000 CrUX origins of its country (202608)"
Q4982008,DE,https://www.brivalatvija.lv/,"E4 not in the top 100,000 CrUX origins of its country (202608)"
Q54869343,DE,http://www.braunlager-zeitung.de/,"E4 not in the top 100,000 CrUX origins of its country (202608)"
Q55754232,DE,https://oxiblog.de,"E4 not in the top 100,000 CrUX origins of its country (202608)"
Q56648124,DE,https://www.romain-rolland-gymnasium-dresden.de/sz/,"E4 not in the top 100,000 CrUX origins of its country (202608)"
Q60847986,DE,https://www.paulinus.de,"E4 not in the top 100,000 CrUX origins of its country (202608)"
Q6085455,DE,http://www.turkeikurier.com/,"E4 not in the top 100,000 CrUX origins of its country (202608)"
Q65227617,DE,https://berlinergazette.de/,"E4 not in the top 100,000 CrUX origins of its country (202608)"
Q795999,DE,http://www.biss-magazin.de,"E4 not in the top 100,000 CrUX origins of its country (202608)"
Q812507,DE,http://www.bayernkurier.de/,"E4 not in the top 100,000 CrUX origins of its country (202608)"
Q83365333,DE,http://www.guddzje.de/,"E4 not in the top 100,000 CrUX origins of its country (202608)"
Q860548,DE,http://www.bams.de/,"E4 not in the top 100,000 CrUX origins of its country (202608)"
Q882590,DE,https://direkteaktion.org/,"E4 not in the top 100,000 CrUX origins of its country (202608)"
Q104381619,DK,https://faxenyt.dk/,"E4 not in the top 100,000 CrUX origins of its country (202608)"
Q12301201,DK,https://www.altinget.no/,"E4 not in the top 100,000 CrUX origins of its country (202608)"
Q12301217,DK,http://www.amagerbladet.dk,"E4 not in the top 100,000 CrUX origins of its country (202608)"
Q12327089,DK,http://mja.dk/,"E4 not in the top 100,000 CrUX origins of its country (202608)"
Q12328549,DK,https://netavisen-sjaelland.dk,"E4 not in the top 100,000 CrUX origins of its country (202608)"
Q12331256,DK,https://penge.dk/,"E4 not in the top 100,000 CrUX origins of its country (202608)"
Q123786052,DK,https://www.ministerialtidende.dk,"E4 not in the top 100,000 CrUX origins of its country (202608)"
Q125926948,DK,https://kiosk.social/,"E4 not in the top 100,000 CrUX origins of its country (202608)"
Q131706399,DK,https://www.fehmarnbusiness.com/,"E4 not in the top 100,000 CrUX origins of its country (202608)"
Q131706399,DK,https://www.fehmarnbusiness.de/,"E4 not in the top 100,000 CrUX origins of its country (202608)"
Q131763978,DK,https://www.ditfjends.dk,"E4 not in the top 100,000 CrUX origins of its country (202608)"
Q136487071,DK,https://www.inputmag.se,"E4 not in the top 100,000 CrUX origins of its country (202608)"
Q140191205,DK,https://extrafokus.com,"E4 not in the top 100,000 CrUX origins of its country (202608)"
Q2421753,DK,http://www.bornholmstidende.dk,"E4 not in the top 100,000 CrUX origins of its country (202608)"
Q29981957,DK,http://www.sporttelegram.com,"E4 not in the top 100,000 CrUX origins of its country (202608)"
Q303966,DK,http://www.mx.dk,"E4 not in the top 100,000 CrUX origins of its country (202608)"
Q61996852,DK,http://aarhus.lokalavisen.dk/,"E4 not in the top 100,000 CrUX origins of its country (202608)"
Q70106034,DK,https://favrskov.lokalavisen.dk/,"E4 not in the top 100,000 CrUX origins of its country (202608)"
Q94797926,DK,https://ugenserhverv.dk/,"E4 not in the top 100,000 CrUX origins of its country (202608)"
Q12378526,EE,http://www.vesti.ee/,"E4 not in the top 100,000 CrUX origins of its country (202608)"
Q1295548,EE,http://www.ekspress.ee,"E4 not in the top 100,000 CrUX origins of its country (202608)"
Q1295618,EE,https://epl.delfi.ee/,"E4 not in the top 100,000 CrUX origins of its country (202608)"
Q256427,EE,http://www.ap3.ee,"E4 not in the top 100,000 CrUX origins of its country (202608)"
Q3737103,EE,http://rus.pohjarannik.ee/,"E4 not in the top 100,000 CrUX origins of its country (202608)"
Q3742985,EE,http://www.linnaleht.ee,"E4 not in the top 100,000 CrUX origins of its country (202608)"
Q5612915,EE,http://www.gryyne.ee,"E4 not in the top 100,000 CrUX origins of its country (202608)"
Q7395702,EE,http://www.saartehaal.ee,"E4 not in the top 100,000 CrUX origins of its country (202608)"
Q102109743,ES,https://diario16.com/,"E4 not in the top 100,000 CrUX origins of its country (202608)"
Q10267573,ES,https://gz.diarioliberdade.org/,"E4 not in the top 100,000 CrUX origins of its country (202608)"
Q10337927,ES,http://novas.gal/,"E4 not in the top 100,000 CrUX origins of its country (202608)"
Q105368405,ES,https://www.transcontinentaltimes.com,"E4 not in the top 100,000 CrUX origins of its country (202608)"
Q105501758,ES,https://www.dosmanzanas.com/,"E4 not in the top 100,000 CrUX origins of its country (202608)"
Q105728743,ES,https://www.eldiariocantabria.es/,"E4 not in the top 100,000 CrUX origins of its country (202608)"
Q106371819,ES,https://www.niusdiario.es/,"E4 not in the top 100,000 CrUX origins of its country (202608)"
Q107001839,ES,https://elfaroastorgano.com/,"E4 not in the top 100,000 CrUX origins of its country (202608)"
Q107751924,ES,https://almeriainformacion.com/,"E4 not in the top 100,000 CrUX origins of its country (202608)"
Q108508243,ES,https://valediario.com,"E4 not in the top 100,000 CrUX origins of its country (202608)"
Q110253331,ES,https://www.puertademadrid.org/,"E4 not in the top 100,000 CrUX origins of its country (202608)"
Q111468834,ES,https://elpaisfinanciero.com,"E4 not in the top 100,000 CrUX origins of its country (202608)"
Q112605033,ES,https://www.briega.org,"E4 not in the top 100,000 CrUX origins of its country (202608)"
Q114383544,ES,https://esplugues.digital,"E4 not in the top 100,000 CrUX origins of its country (202608)"
Q116262253,ES,https://www.diariodeespana.es,"E4 not in the top 100,000 CrUX origins of its country (202608)"
Q116861047,ES,https://almeria360.com/,"E4 not in the top 100,000 CrUX origins of its country (202608)"
Q11928400,ES,https://www.jornalet.com/,"E4 not in the top 100,000 CrUX origins of its country (202608)"
Q12254336,ES,http://asturies.com,"E4 not in the top 100,000 CrUX origins of its country (202608)"
Q122678602,ES,https://diariored.canalred.tv,"E4 not in the top 100,000 CrUX origins of its country (202608)"
Q123415420,ES,https://fuengirola.fi/,"E4 not in the top 100,000 CrUX origins of its country (202608)"
Q12386773,ES,https://www.cronica3.com/,"E4 not in the top 100,000 CrUX origins of its country (202608)"
Q12387123,ES,http://www.disquecool.com/,"E4 not in the top 100,000 CrUX origins of its country (202608)"
Q12400319,ES,http://www.sermosgaliza.gal,"E4 not in the top 100,000 CrUX origins of its country (202608)"
Q12401053,ES,http://www.terraetempo.gal,"E4 not in the top 100,000 CrUX origins of its country (202608)"
Q12402749,ES,http://www.xornal.com,"E4 not in the top 100,000 CrUX origins of its country (202608)"
Q124981950,ES,https://evangelicalfocus.com/,"E4 not in the top 100,000 CrUX origins of its country (202608)"
Q125389517,ES,https://vivajerez.es/,"E4 not in the top 100,000 CrUX origins of its country (202608)"
Q125822421,ES,https://www.noticiastrabajo.es/,"E4 not in the top 100,000 CrUX origins of its country (202608)"
Q128628517,ES,https://www.enpresabidea.eus/,"E4 not in the top 100,000 CrUX origins of its country (202608)"
Q1324564,ES,http://www.elpunt.cat/,"E4 not in the top 100,000 CrUX origins of its country (202608)"
Q136452243,ES,https://asnosas.gal,"E4 not in the top 100,000 CrUX origins of its country (202608)"
Q140303583,ES,https://haciendadaily.com,"E4 not in the top 100,000 CrUX origins of its country (202608)"
Q140385710,ES,https://cannarias.net/,"E4 not in the top 100,000 CrUX origins of its country (202608)"
Q141080340,ES,https://tupaisano.es,"E4 not in the top 100,000 CrUX origins of its country (202608)"
Q141142728,ES,https://www.metadata.cat/,"E4 not in the top 100,000 CrUX origins of its country (202608)"
Q141169086,ES,https://marbellawire.com,"E4 not in the top 100,000 CrUX origins of its country (202608)"
Q141580434,ES,https://animux.es/,"E4 not in the top 100,000 CrUX origins of its country (202608)"
Q16491918,ES,http://www.desdelabandafutbolnavarro.es/,"E4 not in the top 100,000 CrUX origins of its country (202608)"
Q16624918,ES,http://www.republica.com/,"E4 not in the top 100,000 CrUX origins of its country (202608)"
Q1799243,ES,http://www.lavozdealmeria.es/,"E4 not in the top 100,000 CrUX origins of its country (202608)"
Q20105526,ES,https://cronicaglobal.com,"E4 not in the top 100,000 CrUX origins of its country (202608)"
Q20541350,ES,http://galiciaconfidencial.gal/,"E4 not in the top 100,000 CrUX origins of its country (202608)"
Q20549202,ES,http://web.ebscohost.com,"E4 not in the top 100,000 CrUX origins of its country (202608)"
Q24482694,ES,http://www.elnervion.com/,"E4 not in the top 100,000 CrUX origins of its country (202608)"
Q27037946,ES,http://www.cronicapopular.es/,"E4 not in the top 100,000 CrUX origins of its country (202608)"
Q27961377,ES,https://campinadigital.me/,"E4 not in the top 100,000 CrUX origins of its country (202608)"
Q30339599,ES,http://www.cubainformacion.tv/,"E4 not in the top 100,000 CrUX origins of its country (202608)"
Q3254948,ES,http://www.diariodecadiz.com/,"E4 not in the top 100,000 CrUX origins of its country (202608)"
Q3311841,ES,http://www.avozdevilalba.gal/,"E4 not in the top 100,000 CrUX origins of its country (202608)"
Q3312254,ES,http://www.lagaceta.es/,"E4 not in the top 100,000 CrUX origins of its country (202608)"
Q3322348,ES,http://www.galiciahoxe.com/,"E4 not in the top 100,000 CrUX origins of its country (202608)"
Q3821023,ES,http://www.laopinion.es,"E4 not in the top 100,000 CrUX origins of its country (202608)"
Q47499619,ES,http://www.bez.es,"E4 not in the top 100,000 CrUX origins of its country (202608)"
Q4835213,ES,http://www.bcnmes.com,"E4 not in the top 100,000 CrUX origins of its country (202608)"
Q4892059,ES,http://www.deia.com,"E4 not in the top 100,000 CrUX origins of its country (202608)"
Q51107420,ES,http://www.munimadrid.es,"E4 not in the top 100,000 CrUX origins of its country (202608)"
Q5271838,ES,http://www.diaridevilanova.cat,"E4 not in the top 100,000 CrUX origins of its country (202608)"
Q53354025,ES,http://www.elmati.cat/,"E4 not in the top 100,000 CrUX origins of its country (202608)"
Q5351145,ES,https://www.diariodeferrol.com/,"E4 not in the top 100,000 CrUX origins of its country (202608)"
Q5656999,ES,http://www.actualidadeconomica.com/,"E4 not in the top 100,000 CrUX origins of its country (202608)"
Q57694196,ES,http://www.mujeresenred.net/,"E4 not in the top 100,000 CrUX origins of its country (202608)"
Q5805328,ES,http://doe.gobex.es/,"E4 not in the top 100,000 CrUX origins of its country (202608)"
Q5805361,ES,http://www.elalmeria.es,"E4 not in the top 100,000 CrUX origins of its country (202608)"
Q5805362,ES,https://www.diariodearousa.com/,"E4 not in the top 100,000 CrUX origins of its country (202608)"
Q5805366,ES,http://www.diariodeavisos.com,"E4 not in the top 100,000 CrUX origins of its country (202608)"
Q5805369,ES,https://www.diariodebergantinos.com/,"E4 not in the top 100,000 CrUX origins of its country (202608)"
Q5805416,ES,http://www.infoavila.com,"E4 not in the top 100,000 CrUX origins of its country (202608)"
Q5965581,ES,http://www.lavozdepinares.com,"E4 not in the top 100,000 CrUX origins of its country (202608)"
Q61060081,ES,https://codigocero.com/,"E4 not in the top 100,000 CrUX origins of its country (202608)"
Q73744915,ES,http://agendapublica.elpais.com/,"E4 not in the top 100,000 CrUX origins of its country (202608)"
Q73787840,ES,https://www.lacomarca.cat/,"E4 not in the top 100,000 CrUX origins of its country (202608)"
Q7753921,ES,http://www.thenewsonline.es/,"E4 not in the top 100,000 CrUX origins of its country (202608)"
Q8346209,ES,http://www.cincodias.com,"E4 not in the top 100,000 CrUX origins of its country (202608)"
Q8355294,ES,http://www.diarioinformacion.com,"E4 not in the top 100,000 CrUX origins of its country (202608)"
Q87180182,ES,https://espanadiario.es/,"E4 not in the top 100,000 CrUX origins of its country (202608)"
Q8771044,ES,https://www.dxtcampeon.com/,"E4 not in the top 100,000 CrUX origins of its country (202608)"
Q90014958,ES,https://www.datadista.com,"E4 not in the top 100,000 CrUX origins of its country (202608)"
Q9020087,ES,http://www.xal.cat/,"E4 not in the top 100,000 CrUX origins of its country (202608)"
Q94940548,ES,http://barnanews.com/,"E4 not in the top 100,000 CrUX origins of its country (202608)"
Q97196396,ES,https://diarieducacio.cat,"E4 not in the top 100,000 CrUX origins of its country (202608)"
Q97196568,ES,https://diarieljardi.cat,"E4 not in the top 100,000 CrUX origins of its country (202608)"
Q97220013,ES,https://opapagaio.gal/,"E4 not in the top 100,000 CrUX origins of its country (202608)"
Q97335119,ES,https://www.lagradaonline.com/,"E4 not in the top 100,000 CrUX origins of its country (202608)"
Q97961732,ES,https://www.viladeroses.cat/,"E4 not in the top 100,000 CrUX origins of its country (202608)"
Q104650469,FI,https://ll-bladet.fi/,"E4 not in the top 100,000 CrUX origins of its country (202608)"
Q10484259,FI,http://www.enhorningen.net/,"E4 not in the top 100,000 CrUX origins of its country (202608)"
Q10495575,FI,http://www.finsktidskrift.fi/,"E4 not in the top 100,000 CrUX origins of its country (202608)"
Q10517227,FI,http://hangotidningen.fi/fi,"E4 not in the top 100,000 CrUX origins of its country (202608)"
Q10524626,FI,http://www.historisktidskrift.fi/,"E4 not in the top 100,000 CrUX origins of its country (202608)"
Q10526263,FI,https://horisont.fi/,"E4 not in the top 100,000 CrUX origins of its country (202608)"
Q107672649,FI,https://summa.talentum.fi/,"E4 not in the top 100,000 CrUX origins of its country (202608)"
Q107672649,FI,https://www.mediuutiset.fi/,"E4 not in the top 100,000 CrUX origins of its country (202608)"
Q110408433,FI,https://www.enontekionsanomat.fi/,"E4 not in the top 100,000 CrUX origins of its country (202608)"
Q117041745,FI,https://www.anarasaavis.fi/,"E4 not in the top 100,000 CrUX origins of its country (202608)"
Q11849596,FI,http://www.65degreesnorth.com/,"E4 not in the top 100,000 CrUX origins of its country (202608)"
Q11853513,FI,http://www.auranmaanviikkolehti.fi,"E4 not in the top 100,000 CrUX origins of its country (202608)"
Q11857366,FI,http://www.elimaensanomat.fi/index.html,"E4 not in the top 100,000 CrUX origins of its country (202608)"
Q11859852,FI,https://www.forum24.fi/,"E4 not in the top 100,000 CrUX origins of its country (202608)"
Q11869696,FI,https://www.kansanaani.net,"E4 not in the top 100,000 CrUX origins of its country (202608)"
Q11876321,FI,http://www.loviisansanomat.net/,"E4 not in the top 100,000 CrUX origins of its country (202608)"
Q11893727,FI,http://sirmakka.suncomet.net/,"E4 not in the top 100,000 CrUX origins of its country (202608)"
Q11901315,FI,https://www.itasuomalainen.fi/,"E4 not in the top 100,000 CrUX origins of its country (202608)"
Q16746699,FI,http://www.sunnuntaisuomalainen.fi/,"E4 not in the top 100,000 CrUX origins of its country (202608)"
Q18659866,FI,http://www.karjalanheili.fi/,"E4 not in the top 100,000 CrUX origins of its country (202608)"
Q18661033,FI,http://nykypaiva.com/,"E4 not in the top 100,000 CrUX origins of its country (202608)"
Q18661033,FI,https://www.nykypaiva.org/,"E4 not in the top 100,000 CrUX origins of its country (202608)"
Q18661033,FI,http://www.nykypaiva.fi/,"E4 not in the top 100,000 CrUX origins of its country (202608)"
Q18662258,FI,http://www.siltalehti.fi/,"E4 not in the top 100,000 CrUX origins of its country (202608)"
Q18662495,FI,http://tylkkari.fi/,"E4 not in the top 100,000 CrUX origins of its country (202608)"
Q18662739,FI,http://www.varttiek.fi/,"E4 not in the top 100,000 CrUX origins of its country (202608)"
Q18675326,FI,http://uutiset.perussuomalaiset.fi/,"E4 not in the top 100,000 CrUX origins of its country (202608)"
Q18679978,FI,http://kylteri.fi/,"E4 not in the top 100,000 CrUX origins of its country (202608)"
Q18680206,FI,https://saariselansanomat.fi/,"E4 not in the top 100,000 CrUX origins of its country (202608)"
Q19293697,FI,http://e.ostnyland.fi/,"E4 not in the top 100,000 CrUX origins of its country (202608)"
Q19293697,FI,http://ostnyland.fi/,"E4 not in the top 100,000 CrUX origins of its country (202608)"
Q19293697,FI,http://www.ostnyland.fi/,"E4 not in the top 100,000 CrUX origins of its country (202608)"
Q20254887,FI,http://www.imatralainen.fi/,"E4 not in the top 100,000 CrUX origins of its country (202608)"
Q28367333,FI,https://etela.com/,"E4 not in the top 100,000 CrUX origins of its country (202608)"
Q3080775,FI,http://www.keskipohjanmaa.net/,"E4 not in the top 100,000 CrUX origins of its country (202608)"
Q3354076,FI,http://digi.lib.helsinki.fi,"E4 not in the top 100,000 CrUX origins of its country (202608)"
Q3365092,FI,http://www.ot.fi/,"E4 not in the top 100,000 CrUX origins of its country (202608)"
Q3374398,FI,http://ls24.fi/,"E4 not in the top 100,000 CrUX origins of its country (202608)"
Q5487519,FI,http://karjala-lehti.fi/,"E4 not in the top 100,000 CrUX origins of its country (202608)"
Q5487519,FI,http://www.karjalalehti.fi/,"E4 not in the top 100,000 CrUX origins of its country (202608)"
Q5570646,FI,https://www.gsdmagazine.org/,"E4 not in the top 100,000 CrUX origins of its country (202608)"
Q7070758,FI,http://nytid.fi,"E4 not in the top 100,000 CrUX origins of its country (202608)"
Q7070758,FI,http://www.nytid.fi/,"E4 not in the top 100,000 CrUX origins of its country (202608)"
Q7680310,FI,http://www.taloussanomat.fi/,"E4 not in the top 100,000 CrUX origins of its country (202608)"
Q84073764,FI,https://uusi.ilkkapohjalainen.fi/,"E4 not in the top 100,000 CrUX origins of its country (202608)"
Q100282244,FR,http://www.snips.net,"E4 not in the top 100,000 CrUX origins of its country (202608)"
Q106517839,FR,https://www.loopsider.com/,"E4 not in the top 100,000 CrUX origins of its country (202608)"
Q107379724,FR,https://letudiantlibre.fr/,"E4 not in the top 100,000 CrUX origins of its country (202608)"
Q109354492,FR,https://www.kineactu.com/,"E4 not in the top 100,000 CrUX origins of its country (202608)"
Q111472456,FR,https://combatlemedia.com,"E4 not in the top 100,000 CrUX origins of its country (202608)"
Q112035976,FR,http://links-series.com/,"E4 not in the top 100,000 CrUX origins of its country (202608)"
Q112035976,FR,https://links-series.com,"E4 not in the top 100,000 CrUX origins of its country (202608)"
Q112112598,FR,http://www.rozana.fm,"E4 not in the top 100,000 CrUX origins of its country (202608)"
Q113231422,FR,https://gedar.eus,"E4 not in the top 100,000 CrUX origins of its country (202608)"
Q114552866,FR,https://www.ourscom.fr/,"E4 not in the top 100,000 CrUX origins of its country (202608)"
Q116285100,FR,https://outremers360.com,"E4 not in the top 100,000 CrUX origins of its country (202608)"
Q116885380,FR,https://lepoing.net/,"E4 not in the top 100,000 CrUX origins of its country (202608)"
Q119165070,FR,https://www.ladepeche-auvergne.fr/,"E4 not in the top 100,000 CrUX origins of its country (202608)"
Q1230298,FR,https://journal.la-croix.com/,"E4 not in the top 100,000 CrUX origins of its country (202608)"
Q123213340,FR,https://flushmag.fr,"E4 not in the top 100,000 CrUX origins of its country (202608)"
Q123223075,FR,http://economie-et-politique.org/,"E4 not in the top 100,000 CrUX origins of its country (202608)"
Q123223075,FR,http://www.economie-politique.org/,"E4 not in the top 100,000 CrUX origins of its country (202608)"
Q123282531,FR,https://www.lettreducheminot.fr/,"E4 not in the top 100,000 CrUX origins of its country (202608)"
Q123574078,FR,https://monewsguyane.com,"E4 not in the top 100,000 CrUX origins of its country (202608)"
Q123689155,FR,https://espritautonome.com/,"E4 not in the top 100,000 CrUX origins of its country (202608)"
Q123818564,FR,https://www.papotin.site/,"E4 not in the top 100,000 CrUX origins of its country (202608)"
Q124526762,FR,http://golema.net/,"E4 not in the top 100,000 CrUX origins of its country (202608)"
Q124847656,FR,https://avre.co,"E4 not in the top 100,000 CrUX origins of its country (202608)"
Q125576344,FR,https://oceansconnectes.org/,"E4 not in the top 100,000 CrUX origins of its country (202608)"
Q127700778,FR,https://www.forbes.fr/,"E4 not in the top 100,000 CrUX origins of its country (202608)"
Q130611858,FR,https://www.opinion-internationale.com/,"E4 not in the top 100,000 CrUX origins of its country (202608)"
Q130885007,FR,https://lecorrespondant.net/,"E4 not in the top 100,000 CrUX origins of its country (202608)"
Q1324688,FR,http://www.eluniversal.com/,"E4 not in the top 100,000 CrUX origins of its country (202608)"
Q134453335,FR,https://nouveaupopulaire.fr/,"E4 not in the top 100,000 CrUX origins of its country (202608)"
Q136085208,FR,https://www.manifesto-21.com/,"E4 not in the top 100,000 CrUX origins of its country (202608)"
Q137169035,FR,https://www.mecreantes.com/,"E4 not in the top 100,000 CrUX origins of its country (202608)"
Q137767346,FR,https://www.adcf.org/,"E4 not in the top 100,000 CrUX origins of its country (202608)"
Q137944613,FR,https://lemanifest.com,"E4 not in the top 100,000 CrUX origins of its country (202608)"
Q138666147,FR,https://moteur-actu.fr,"E4 not in the top 100,000 CrUX origins of its country (202608)"
Q138678830,FR,https://info.fr,"E4 not in the top 100,000 CrUX origins of its country (202608)"
Q139329154,FR,https://seriesphere.com,"E4 not in the top 100,000 CrUX origins of its country (202608)"
Q139561976,FR,https://ia-info.fr,"E4 not in the top 100,000 CrUX origins of its country (202608)"
Q139662213,FR,https://lagazetteia.fr,"E4 not in the top 100,000 CrUX origins of its country (202608)"
Q139713250,FR,https://hypernewsletter.fr,"E4 not in the top 100,000 CrUX origins of its country (202608)"
Q139731007,FR,https://les-enovateurs.com/,"E4 not in the top 100,000 CrUX origins of its country (202608)"
Q139731007,FR,https://les-enovateurs.com/en,"E4 not in the top 100,000 CrUX origins of its country (202608)"
Q139764481,FR,https://newsia.fr,"E4 not in the top 100,000 CrUX origins of its country (202608)"
Q139945975,FR,https://ia7.fr,"E4 not in the top 100,000 CrUX origins of its country (202608)"
Q140044839,FR,https://en.zero-bullshit.fr/,"E4 not in the top 100,000 CrUX origins of its country (202608)"
Q140044839,FR,https://fr.zero-bullshit.fr/,"E4 not in the top 100,000 CrUX origins of its country (202608)"
Q140044839,FR,https://www.zero-bullshit.fr/,"E4 not in the top 100,000 CrUX origins of its country (202608)"
Q140052976,FR,https://fr.lebriefpatrimonial.fr/,"E4 not in the top 100,000 CrUX origins of its country (202608)"
Q140163054,FR,https://isranews.fr,"E4 not in the top 100,000 CrUX origins of its country (202608)"
Q140354575,FR,https://echosplus.com,"E4 not in the top 100,000 CrUX origins of its country (202608)"
Q140630954,FR,https://www.influenth.com/,"E4 not in the top 100,000 CrUX origins of its country (202608)"
Q140637650,FR,https://uranioimpoverito.it/,"E4 not in the top 100,000 CrUX origins of its country (202608)"
Q140680358,FR,https://www.lejournalcorrosif.fr,"E4 not in the top 100,000 CrUX origins of its country (202608)"
Q141104147,FR,https://toutmontpellier.fr,"E4 not in the top 100,000 CrUX origins of its country (202608)"
Q141109123,FR,https://www.lesnouvellesdanjou.fr,"E4 not in the top 100,000 CrUX origins of its country (202608)"
Q141613717,FR,https://engagespourmetz.fr/,"E4 not in the top 100,000 CrUX origins of its country (202608)"
Q141624509,FR,https://www.informatiquenews.fr/,"E4 not in the top 100,000 CrUX origins of its country (202608)"
Q141624510,FR,https://www.channelnews.fr/,"E4 not in the top 100,000 CrUX origins of its country (202608)"
Q16292886,FR,http://www.rczeitung.com/,"E4 not in the top 100,000 CrUX origins of its country (202608)"
Q16651280,FR,http://www.lobservateurdudouaisis.fr/,"E4 not in the top 100,000 CrUX origins of its country (202608)"
Q16653544,FR,https://www.lechatillonnaisetlauxois.fr/,"E4 not in the top 100,000 CrUX origins of its country (202608)"
Q16653544,FR,http://www.lechatillonnaisetlauxois.fr,"E4 not in the top 100,000 CrUX origins of its country (202608)"
Q16676941,FR,http://www.sinemensuel.com/,"E4 not in the top 100,000 CrUX origins of its country (202608)"
Q16682904,FR,http://www.voixdumidi.fr/,"E4 not in the top 100,000 CrUX origins of its country (202608)"
Q17632827,FR,http://www.lerepublicain.com/,"E4 not in the top 100,000 CrUX origins of its country (202608)"
Q19906,FR,https://www.francebleu.fr/,"E4 not in the top 100,000 CrUX origins of its country (202608)"
Q2375812,FR,http://www.nordeclair.fr,"E4 not in the top 100,000 CrUX origins of its country (202608)"
Q2390962,FR,http://www.laterre.fr,"E4 not in the top 100,000 CrUX origins of its country (202608)"
Q2409509,FR,http://www.drome-hebdo.fr,"E4 not in the top 100,000 CrUX origins of its country (202608)"
Q26821157,FR,http://www.echo62.com/,"E4 not in the top 100,000 CrUX origins of its country (202608)"
Q2823781,FR,http://www.actuj.com,"E4 not in the top 100,000 CrUX origins of its country (202608)"
Q2826223,FR,http://www.afriquemagazine.com,"E4 not in the top 100,000 CrUX origins of its country (202608)"
Q2828249,FR,http://www.air-cosmos.com/,"E4 not in the top 100,000 CrUX origins of its country (202608)"
Q28493296,FR,http://www.metronews.fr/,"E4 not in the top 100,000 CrUX origins of its country (202608)"
Q2853248,FR,https://antilla-martinique.com,"E4 not in the top 100,000 CrUX origins of its country (202608)"
Q2864718,FR,https://www.artpress.com/,"E4 not in the top 100,000 CrUX origins of its country (202608)"
Q2868523,FR,https://www.astrapi.com/,"E4 not in the top 100,000 CrUX origins of its country (202608)"
Q2871741,FR,https://www.asport.fr/,"E4 not in the top 100,000 CrUX origins of its country (202608)"
Q2928029,FR,https://www.bulletinquotidien.fr/,"E4 not in the top 100,000 CrUX origins of its country (202608)"
Q2931935,FR,http://cqfd-journal.org/,"E4 not in the top 100,000 CrUX origins of its country (202608)"
Q2931935,FR,http://www.cequilfautdetruire.org/,"E4 not in the top 100,000 CrUX origins of its country (202608)"
Q2947983,FR,https://abo.challenges.fr/,"E4 not in the top 100,000 CrUX origins of its country (202608)"
Q2986195,FR,https://www.commentaire.fr/,"E4 not in the top 100,000 CrUX origins of its country (202608)"
Q2996087,FR,http://www.controverses.fr/,"E4 not in the top 100,000 CrUX origins of its country (202608)"
Q30097346,FR,http://br.rfi.fr/,"E4 not in the top 100,000 CrUX origins of its country (202608)"
Q30097346,FR,http://cn.rfi.fr/,"E4 not in the top 100,000 CrUX origins of its country (202608)"
Q30097346,FR,http://en.rfi.fr/,"E4 not in the top 100,000 CrUX origins of its country (202608)"
Q30097346,FR,http://es.rfi.fr/,"E4 not in the top 100,000 CrUX origins of its country (202608)"
Q30097346,FR,http://fa.rfi.fr/,"E4 not in the top 100,000 CrUX origins of its country (202608)"
Q30097346,FR,http://ha.rfi.fr/,"E4 not in the top 100,000 CrUX origins of its country (202608)"
Q30097346,FR,http://km.rfi.fr/,"E4 not in the top 100,000 CrUX origins of its country (202608)"
Q30097346,FR,http://ma.rfi.fr/,"E4 not in the top 100,000 CrUX origins of its country (202608)"
Q30097346,FR,http://pt.rfi.fr/,"E4 not in the top 100,000 CrUX origins of its country (202608)"
Q30097346,FR,http://ru.rfi.fr/,"E4 not in the top 100,000 CrUX origins of its country (202608)"
Q30097346,FR,http://sw.rfi.fr/,"E4 not in the top 100,000 CrUX origins of its country (202608)"
Q30097346,FR,http://trad.cn.rfi.fr/,"E4 not in the top 100,000 CrUX origins of its country (202608)"
Q30097346,FR,http://vi.rfi.fr/,"E4 not in the top 100,000 CrUX origins of its country (202608)"
Q30097346,FR,http://www.rfi.ro/,"E4 not in the top 100,000 CrUX origins of its country (202608)"
Q3010744,FR,http://www.normandie-actu.fr/,"E4 not in the top 100,000 CrUX origins of its country (202608)"
Q3020335,FR,http://www.delair.fr,"E4 not in the top 100,000 CrUX origins of its country (202608)"
Q3029381,FR,http://www.directsoir.net,"E4 not in the top 100,000 CrUX origins of its country (202608)"
Q3064698,FR,https://www.fakirpresse.info/,"E4 not in the top 100,000 CrUX origins of its country (202608)"
Q30738498,FR,http://www.l1visible.com,"E4 not in the top 100,000 CrUX origins of its country (202608)"
Q3087472,FR,http://www.french-news.com,"E4 not in the top 100,000 CrUX origins of its country (202608)"
Q3110279,FR,http://www.golias-news.fr/,"E4 not in the top 100,000 CrUX origins of its country (202608)"
Q3134347,FR,http://www.herria.eus,"E4 not in the top 100,000 CrUX origins of its country (202608)"
Q3141778,FR,https://courrierdeuropecentrale.fr,"E4 not in the top 100,000 CrUX origins of its country (202608)"
Q3150851,FR,https://infos-ouvrieres.fr,"E4 not in the top 100,000 CrUX origins of its country (202608)"
Q3153004,FR,https://www.intelligenceonline.com,"E4 not in the top 100,000 CrUX origins of its country (202608)"
Q3187100,FR,http://www.joursdechasse.com/,"E4 not in the top 100,000 CrUX origins of its country (202608)"
Q3201436,FR,http://www.lactionrepublicaine.fr/,"E4 not in the top 100,000 CrUX origins of its country (202608)"
Q3201452,FR,https://lactu.playbacpresse.fr/,"E4 not in the top 100,000 CrUX origins of its country (202608)"
Q3201452,FR,http://www.l-actu.fr/,"E4 not in the top 100,000 CrUX origins of its country (202608)"
Q3201581,FR,https://www.agefihebdo.fr/,"E4 not in the top 100,000 CrUX origins of its country (202608)"
Q3202297,FR,http://www.lunion.presse.fr,"E4 not in the top 100,000 CrUX origins of its country (202608)"
Q3203325,FR,http://www.lessorsavoyard.fr/,"E4 not in the top 100,000 CrUX origins of its country (202608)"
Q3204140,FR,http://www.lindicateurdesflandres.fr/,"E4 not in the top 100,000 CrUX origins of its country (202608)"
Q3204700,FR,http://www.orne-hebdo.fr,"E4 not in the top 100,000 CrUX origins of its country (202608)"
Q3205138,FR,http://www.lechodelargoat.fr,"E4 not in the top 100,000 CrUX origins of its country (202608)"
Q3205142,FR,http://www.lechodelalys.fr/,"E4 not in the top 100,000 CrUX origins of its country (202608)"
Q3206895,FR,http://labrique.net/,"E4 not in the top 100,000 CrUX origins of its country (202608)"
Q3207358,FR,http://www.lachroniquerepublicaine.fr,"E4 not in the top 100,000 CrUX origins of its country (202608)"
Q3208431,FR,http://ladecroissance.net/,"E4 not in the top 100,000 CrUX origins of its country (202608)"
Q3209981,FR,http://www.lalettrea.fr,"E4 not in the top 100,000 CrUX origins of its country (202608)"
Q3209997,FR,http://www.lalettredelexpansion.com,"E4 not in the top 100,000 CrUX origins of its country (202608)"
Q3209999,FR,http://www.economiesociale.com/,"E4 not in the top 100,000 CrUX origins of its country (202608)"
Q3211143,FR,http://www.nrpyrenees.com,"E4 not in the top 100,000 CrUX origins of its country (202608)"
Q3212774,FR,http://www.lasemainedansleboulonnais.fr/,"E4 not in the top 100,000 CrUX origins of its country (202608)"
Q3212778,FR,http://lasemainedesardennes.fr/,"E4 not in the top 100,000 CrUX origins of its country (202608)"
Q3213102,FR,http://www.journal-laterrasse.fr/,"E4 not in the top 100,000 CrUX origins of its country (202608)"
Q3213306,FR,http://www.latribunerepublicaine.fr,"E4 not in the top 100,000 CrUX origins of its country (202608)"
Q3213582,FR,http://www.lavieausoleil.fr,"E4 not in the top 100,000 CrUX origins of its country (202608)"
Q3213618,FR,http://www.lva.fr/,"E4 not in the top 100,000 CrUX origins of its country (202608)"
Q3213642,FR,http://www.laviedurail.com/,"E4 not in the top 100,000 CrUX origins of its country (202608)"
Q3213687,FR,http://la-vie-nouvelle.fr,"E4 not in the top 100,000 CrUX origins of its country (202608)"
Q3213897,FR,http://www.lavoixlebocage.fr,"E4 not in the top 100,000 CrUX origins of its country (202608)"
Q3213907,FR,http://www.lavoixdessports.com/,"E4 not in the top 100,000 CrUX origins of its country (202608)"
Q3220465,FR,http://www.professionpolitique.info,"E4 not in the top 100,000 CrUX origins of its country (202608)"
Q3221861,FR,http://www.lecourrierindependant.fr/,"E4 not in the top 100,000 CrUX origins of its country (202608)"
Q3221872,FR,http://www.courrierdelouest.fr//,"E4 not in the top 100,000 CrUX origins of its country (202608)"
Q3221872,FR,http://www.courrierdelouest.fr,"E4 not in the top 100,000 CrUX origins of its country (202608)"
Q3221889,FR,http://www.lecourrierdupaysderetz.fr/,"E4 not in the top 100,000 CrUX origins of its country (202608)"
Q3222537,FR,https://democrate-aisne.fr,"E4 not in the top 100,000 CrUX origins of its country (202608)"
Q3222763,FR,http://lefigaropatrimoine.fr,"E4 not in the top 100,000 CrUX origins of its country (202608)"
Q3222767,FR,http://www.figaroscope.fr/,"E4 not in the top 100,000 CrUX origins of its country (202608)"
Q3223722,FR,http://www.lejournaldegien.fr,"E4 not in the top 100,000 CrUX origins of its country (202608)"
Q3223732,FR,http://www.journaldesaintbarth.com/,"E4 not in the top 100,000 CrUX origins of its country (202608)"
Q3223765,FR,https://www.lejournaldumedoc.fr/,"E4 not in the top 100,000 CrUX origins of its country (202608)"
Q3223772,FR,http://www.lejpb.com,"E4 not in the top 100,000 CrUX origins of its country (202608)"
Q3224185,FR,http://www.lemainelibre.fr/,"E4 not in the top 100,000 CrUX origins of its country (202608)"
Q3224319,FR,http://www.lemarin.fr/,"E4 not in the top 100,000 CrUX origins of its country (202608)"
Q3224670,FR,http://www.lemondedelart.fr,"E4 not in the top 100,000 CrUX origins of its country (202608)"
Q3225335,FR,http://www.lepaysgessien.fr,"E4 not in the top 100,000 CrUX origins of its country (202608)"
Q3225336,FR,http://www.lepaysmalouin.fr/,"E4 not in the top 100,000 CrUX origins of its country (202608)"
Q3225515,FR,http://www.lepetitquotidien.fr/,"E4 not in the top 100,000 CrUX origins of its country (202608)"
Q3225712,FR,http://www.poher-hebdo.fr,"E4 not in the top 100,000 CrUX origins of its country (202608)"
Q3226064,FR,http://www.lepublicateurlibre.fr/,"E4 not in the top 100,000 CrUX origins of its country (202608)"
Q3226207,FR,http://www.lequotidiendesjeunes.re/,"E4 not in the top 100,000 CrUX origins of its country (202608)"
Q3226678,FR,http://lerougeetleblanc.com,"E4 not in the top 100,000 CrUX origins of its country (202608)"
Q3226769,FR,http://www.reveil-vivarais.fr,"E4 not in the top 100,000 CrUX origins of its country (202608)"
Q3226936,FR,https://www.lesauvage.org/,"E4 not in the top 100,000 CrUX origins of its country (202608)"
Q3230352,FR,http://www.les4verites.com/,"E4 not in the top 100,000 CrUX origins of its country (202608)"
Q3230404,FR,http://www.lesafriques.com,"E4 not in the top 100,000 CrUX origins of its country (202608)"
Q3231220,FR,http://www.les-cahiers-bleus.com/,"E4 not in the top 100,000 CrUX origins of its country (202608)"
Q3234538,FR,https://www.petites-affiches.com/,"E4 not in the top 100,000 CrUX origins of its country (202608)"
Q3236368,FR,http://www.lesgeniesdelascience.fr,"E4 not in the top 100,000 CrUX origins of its country (202608)"
Q3236955,FR,http://www.lettre-amazonie.org,"E4 not in the top 100,000 CrUX origins of its country (202608)"
Q3237841,FR,http://www.libertebonhomme.fr,"E4 not in the top 100,000 CrUX origins of its country (202608)"
Q3267468,FR,http://www.eons.fr,"E4 not in the top 100,000 CrUX origins of its country (202608)"
Q32855,FR,http://www.lindependant.net/,"E4 not in the top 100,000 CrUX origins of its country (202608)"
Q3294559,FR,http://www.maroc-hebdo.press.ma,"E4 not in the top 100,000 CrUX origins of its country (202608)"
Q3312683,FR,https://www.midi-olympique.fr/,"E4 not in the top 100,000 CrUX origins of its country (202608)"
Q3343430,FR,https://norharatch.com/,"E4 not in the top 100,000 CrUX origins of its country (202608)"
Q3358125,FR,http://www.ouimagazine.net/,"E4 not in the top 100,000 CrUX origins of its country (202608)"
Q3365364,FR,http://www.pariscope.fr,"E4 not in the top 100,000 CrUX origins of its country (202608)"
Q3393759,FR,https://pointsdevente.fr/,"E4 not in the top 100,000 CrUX origins of its country (202608)"
Q3393759,FR,http://www.pointsdevente.fr,"E4 not in the top 100,000 CrUX origins of its country (202608)"
Q3395298,FR,http://www.polkamagazine.com/,"E4 not in the top 100,000 CrUX origins of its country (202608)"
Q3397755,FR,http://www.pontivyjournal.fr/,"E4 not in the top 100,000 CrUX origins of its country (202608)"
Q3402479,FR,http://www.presseocean.fr,"E4 not in the top 100,000 CrUX origins of its country (202608)"
Q3407098,FR,http://www.lecourrier-leprogres.fr/,"E4 not in the top 100,000 CrUX origins of its country (202608)"
Q3407851,FR,http://www.prostitutionetsociete.fr,"E4 not in the top 100,000 CrUX origins of its country (202608)"
Q3428592,FR,http://www.revue303.com/,"E4 not in the top 100,000 CrUX origins of its country (202608)"
Q3428768,FR,http://www.revue-pyreneenne.com,"E4 not in the top 100,000 CrUX origins of its country (202608)"
Q3433450,FR,https://www.rivarol.com,"E4 not in the top 100,000 CrUX origins of its country (202608)"
Q3434097,FR,http://www.roadbook.travel/,"E4 not in the top 100,000 CrUX origins of its country (202608)"
Q3486256,FR,http://www.skirandomag.com,"E4 not in the top 100,000 CrUX origins of its country (202608)"
Q3495289,FR,https://www.stmartinweek.fr/,"E4 not in the top 100,000 CrUX origins of its country (202608)"
Q3512617,FR,http://www.tvmag.com/,"E4 not in the top 100,000 CrUX origins of its country (202608)"
Q3516830,FR,https://www.technikart.com/,"E4 not in the top 100,000 CrUX origins of its country (202608)"
Q3535724,FR,https://lanticapitaliste.org/,"E4 not in the top 100,000 CrUX origins of its country (202608)"
Q3546547,FR,http://www.telemagazine.fr/,"E4 not in the top 100,000 CrUX origins of its country (202608)"
Q3546561,FR,http://www.telez.fr/,"E4 not in the top 100,000 CrUX origins of its country (202608)"
Q3546778,FR,http://temoignagechretien.fr/,"E4 not in the top 100,000 CrUX origins of its country (202608)"
Q3546781,FR,https://www.temoignages.re/,"E4 not in the top 100,000 CrUX origins of its country (202608)"
Q3546781,FR,http://www.temoignages.re/,"E4 not in the top 100,000 CrUX origins of its country (202608)"
Q3554661,FR,https://www.varmatin.com/,"E4 not in the top 100,000 CrUX origins of its country (202608)"
Q3554661,FR,http://www.varmatin.com/,"E4 not in the top 100,000 CrUX origins of its country (202608)"
Q3562488,FR,http://www.voixdelain.fr,"E4 not in the top 100,000 CrUX origins of its country (202608)"
Q3562493,FR,http://www.voixdelahautemarne.fr,"E4 not in the top 100,000 CrUX origins of its country (202608)"
Q3570471,FR,https://boutique.revue21.fr/,"E4 not in the top 100,000 CrUX origins of its country (202608)"
Q3574706,FR,http://www.zamanfrance.fr/,"E4 not in the top 100,000 CrUX origins of its country (202608)"
Q3592710,FR,https://www.evangile-et-liberte.net,"E4 not in the top 100,000 CrUX origins of its country (202608)"
Q41411220,FR,https://www.factuel.info/,"E4 not in the top 100,000 CrUX origins of its country (202608)"
Q42415209,FR,https://limprevu.fr/,"E4 not in the top 100,000 CrUX origins of its country (202608)"
Q54867850,FR,https://www.komitid.fr,"E4 not in the top 100,000 CrUX origins of its country (202608)"
Q56037554,FR,https://www.fier-panda.fr,"E4 not in the top 100,000 CrUX origins of its country (202608)"
Q56312297,FR,https://www.newsweed.fr/,"E4 not in the top 100,000 CrUX origins of its country (202608)"
Q619342,FR,https://www.mediapartrvj4bsgolbxixw57ru7fh4jqckparke4vs365guu6ho64yd.onion/,"E4 not in the top 100,000 CrUX origins of its country (202608)"
Q6464304,FR,http://lapasserelleplanoise.free.fr/,"E4 not in the top 100,000 CrUX origins of its country (202608)"
Q64828029,FR,https://haiastan.org/,"E4 not in the top 100,000 CrUX origins of its country (202608)"
Q65148684,FR,https://reflets.info/,"E4 not in the top 100,000 CrUX origins of its country (202608)"
Q65159061,FR,https://www.saphirnews.com,"E4 not in the top 100,000 CrUX origins of its country (202608)"
Q65159061,FR,http://www.saphirnews.com/,"E4 not in the top 100,000 CrUX origins of its country (202608)"
Q660769,FR,https://journal.ouest-france.fr/,"E4 not in the top 100,000 CrUX origins of its country (202608)"
Q68671691,FR,https://www.zite.fr/,"E4 not in the top 100,000 CrUX origins of its country (202608)"
Q89674282,FR,http://www.neuilly-journal.com/,"E4 not in the top 100,000 CrUX origins of its country (202608)"
Q923193,FR,http://kiosque.lesechos.fr/,"E4 not in the top 100,000 CrUX origins of its country (202608)"
Q94940548,FR,http://barnanews.com/,"E4 not in the top 100,000 CrUX origins of its country (202608)"
Q964945,FR,http://www.rue89.com/,"E4 not in the top 100,000 CrUX origins of its country (202608)"
Q96943541,FR,https://lejournaldemayotte.yt/,"E4 not in the top 100,000 CrUX origins of its country (202608)"
Q976407,FR,https://www.monde-libertaire.fr/,"E4 not in the top 100,000 CrUX origins of its country (202608)"
Q99691838,FR,https://www.lavenirdelartois.fr/,"E4 not in the top 100,000 CrUX origins of its country (202608)"
Q110310390,GR,https://eviathema.eu,"E4 not in the top 100,000 CrUX origins of its country (202608)"
Q110310390,GR,https://eviathema.info/,"E4 not in the top 100,000 CrUX origins of its country (202608)"
Q110310390,GR,https://eviathema.news,"E4 not in the top 100,000 CrUX origins of its country (202608)"
Q110310390,GR,https://eviathema.online,"E4 not in the top 100,000 CrUX origins of its country (202608)"
Q110310390,GR,https://eviathema.world,"E4 not in the top 100,000 CrUX origins of its country (202608)"
Q110310390,GR,https://eviathema.ελ,"E4 not in the top 100,000 CrUX origins of its country (202608)"
Q12871955,GR,https://www.neueurope.eu/,"E4 not in the top 100,000 CrUX origins of its country (202608)"
Q12871955,GR,https://www.neweurope.eu/,"E4 not in the top 100,000 CrUX origins of its country (202608)"
Q133419480,GR,https://newstok.gr,"E4 not in the top 100,000 CrUX origins of its country (202608)"
Q1633183,GR,http://www.makthes.gr/,"E4 not in the top 100,000 CrUX origins of its country (202608)"
Q572893,GR,http://www.e-typos.com,"E4 not in the top 100,000 CrUX origins of its country (202608)"
Q87075526,GR,http://www.citypress.gr/,"E4 not in the top 100,000 CrUX origins of its country (202608)"
Q2750982,HR,http://sportske.jutarnji.hr/,"E4 not in the top 100,000 CrUX origins of its country (202608)"
Q574403,HR,http://www.vjesnik.hr,"E4 not in the top 100,000 CrUX origins of its country (202608)"
Q6930032,HR,http://www.zadarskilist.hr,"E4 not in the top 100,000 CrUX origins of its country (202608)"
Q7233344,HR,http://www.dnevnik.com.hr,"E4 not in the top 100,000 CrUX origins of its country (202608)"
Q7246344,HR,http://www.privredni.hr/,"E4 not in the top 100,000 CrUX origins of its country (202608)"
Q948316,HR,http://feral.hr,"E4 not in the top 100,000 CrUX origins of its country (202608)"
Q948316,HR,http://feral.mediaturtle.com/,"E4 not in the top 100,000 CrUX origins of its country (202608)"
Q1003065,HU,http://www.forrasfolyoirat.hu,"E4 not in the top 100,000 CrUX origins of its country (202608)"
Q1004696,HU,https://www.felegyhazikozlony.eu,"E4 not in the top 100,000 CrUX origins of its country (202608)"
Q102424067,HU,https://hirado.hu/,"E4 not in the top 100,000 CrUX origins of its country (202608)"
Q1056099,HU,http://www.glasnik.hu/,"E4 not in the top 100,000 CrUX origins of its country (202608)"
Q105747115,HU,http://www.ujneplap.hu,"E4 not in the top 100,000 CrUX origins of its country (202608)"
Q1057679,HU,http://www.hocipo.hu,"E4 not in the top 100,000 CrUX origins of its country (202608)"
Q1104351,HU,http://www.kapu.biz,"E4 not in the top 100,000 CrUX origins of its country (202608)"
Q1110991,HU,http://kiskegyed.blikk.hu/,"E4 not in the top 100,000 CrUX origins of its country (202608)"
Q120212756,HU,http://www.pesterlloyd.net/,"E4 not in the top 100,000 CrUX origins of its country (202608)"
Q120548932,HU,http://www.neue-zeitung.hu/,"E4 not in the top 100,000 CrUX origins of its country (202608)"
Q1212943,HU,https://www.merleg.org/,"E4 not in the top 100,000 CrUX origins of its country (202608)"
Q1222723,HU,https://noklapja.nlcafe.hu/,"E4 not in the top 100,000 CrUX origins of its country (202608)"
Q1234362,HU,http://www.petofinepe.hu,"E4 not in the top 100,000 CrUX origins of its country (202608)"
Q12815839,HU,http://www.rozsdakupac.hu/,"E4 not in the top 100,000 CrUX origins of its country (202608)"
Q1293113,HU,https://www.geomedia.hu/,"E4 not in the top 100,000 CrUX origins of its country (202608)"
Q132889108,HU,https://huppa.hu/,"E4 not in the top 100,000 CrUX origins of its country (202608)"
Q1471098,HU,https://www.eszak.hu/,"E4 not in the top 100,000 CrUX origins of its country (202608)"
Q16519542,HU,http://ezredveg.hu/,"E4 not in the top 100,000 CrUX origins of its country (202608)"
Q25460075,HU,http://888.hu,"E4 not in the top 100,000 CrUX origins of its country (202608)"
Q25467195,HU,https://napilap.vg.hu,"E4 not in the top 100,000 CrUX origins of its country (202608)"
Q25467195,HU,http://www.vilaggazdasag.hu,"E4 not in the top 100,000 CrUX origins of its country (202608)"
Q330000,HU,http://ujember.katolikus.hu,"E4 not in the top 100,000 CrUX origins of its country (202608)"
Q461884,HU,http://www.aszabadasag.hu,"E4 not in the top 100,000 CrUX origins of its country (202608)"
Q56388530,HU,https://www.lokal.hu/,"E4 not in the top 100,000 CrUX origins of its country (202608)"
Q56395277,HU,http://azonnali.hu/,"E4 not in the top 100,000 CrUX origins of its country (202608)"
Q57037430,HU,http://nyomtassteis.hu,"E4 not in the top 100,000 CrUX origins of its country (202608)"
Q58508662,HU,http://nso.hu/,"E4 not in the top 100,000 CrUX origins of its country (202608)"
Q651179,HU,http://www.mancs.hu,"E4 not in the top 100,000 CrUX origins of its country (202608)"
Q850945,HU,https://budapestfolyoirat.hu/,"E4 not in the top 100,000 CrUX origins of its country (202608)"
Q85307473,HU,https://pestihirlap.hu/,"E4 not in the top 100,000 CrUX origins of its country (202608)"
Q898833,HU,http://www.nepszabadsag.hu,"E4 not in the top 100,000 CrUX origins of its country (202608)"
Q898833,HU,http://www.nol.hu,"E4 not in the top 100,000 CrUX origins of its country (202608)"
Q987234,HU,http://www.dormogodomotor.hu,"E4 not in the top 100,000 CrUX origins of its country (202608)"
Q99463720,HU,https://g7.hu,"E4 not in the top 100,000 CrUX origins of its country (202608)"
Q15043303,IE,http://www.argus.ie,"E4 not in the top 100,000 CrUX origins of its country (202608)"
Q3757050,IE,http://www.foinse.ie,"E4 not in the top 100,000 CrUX origins of its country (202608)"
Q5416608,IE,http://www.herald.ie/,"E4 not in the top 100,000 CrUX origins of its country (202608)"
Q7742533,IE,http://www.irishcatholic.ie,"E4 not in the top 100,000 CrUX origins of its country (202608)"
Q108801405,IT,http://www.lafuriaumana.it/,"E4 not in the top 100,000 CrUX origins of its country (202608)"
Q115219728,IT,https://linformazione.info/,"E4 not in the top 100,000 CrUX origins of its country (202608)"
Q118323922,IT,https://www.ilcontroverso.it/,"E4 not in the top 100,000 CrUX origins of its country (202608)"
Q12163789,IT,http://www.gazetaukrainska.com,"E4 not in the top 100,000 CrUX origins of its country (202608)"
Q1236300,IT,http://www.dolomiten.it/,"E4 not in the top 100,000 CrUX origins of its country (202608)"
Q12797619,IT,http://www.noviglas.eu/,"E4 not in the top 100,000 CrUX origins of its country (202608)"
Q131379178,IT,https://www.magozine.it/,"E4 not in the top 100,000 CrUX origins of its country (202608)"
Q131741908,IT,http://www.tusciaweb.it/,"E4 not in the top 100,000 CrUX origins of its country (202608)"
Q131898479,IT,https://www.gialli.it/,"E4 not in the top 100,000 CrUX origins of its country (202608)"
Q134136455,IT,https://tradingonline.com,"E4 not in the top 100,000 CrUX origins of its country (202608)"
Q134136660,IT,https://www.giocareinborsa.net/,"E4 not in the top 100,000 CrUX origins of its country (202608)"
Q134570760,IT,https://www.guidatradingonline.net,"E4 not in the top 100,000 CrUX origins of its country (202608)"
Q136029739,IT,https://www.stampaitaliana.online/,"E4 not in the top 100,000 CrUX origins of its country (202608)"
Q137802442,IT,https://noamag.com,"E4 not in the top 100,000 CrUX origins of its country (202608)"
Q138581493,IT,https://oiusho.it,"E4 not in the top 100,000 CrUX origins of its country (202608)"
Q138638048,IT,https://www.corrieredellascienza.it/,"E4 not in the top 100,000 CrUX origins of its country (202608)"
Q138777137,IT,https://www.ivespri.it/,"E4 not in the top 100,000 CrUX origins of its country (202608)"
Q138849513,IT,https://www.osservatoriobilancisostenibilita.it/,"E4 not in the top 100,000 CrUX origins of its country (202608)"
Q138907626,IT,https://larchitetto.it,"E4 not in the top 100,000 CrUX origins of its country (202608)"
Q139866995,IT,https://arabita.news,"E4 not in the top 100,000 CrUX origins of its country (202608)"
Q139867722,IT,https://banglita.news,"E4 not in the top 100,000 CrUX origins of its country (202608)"
Q139943216,IT,https://bologna.notizie.it,"E4 not in the top 100,000 CrUX origins of its country (202608)"
Q139943217,IT,https://firenze.notizie.it,"E4 not in the top 100,000 CrUX origins of its country (202608)"
Q139943220,IT,https://venezia.notizie.it,"E4 not in the top 100,000 CrUX origins of its country (202608)"
Q139943222,IT,https://trieste.notizie.it,"E4 not in the top 100,000 CrUX origins of its country (202608)"
Q139943224,IT,https://trento.notizie.it,"E4 not in the top 100,000 CrUX origins of its country (202608)"
Q139943226,IT,https://perugia.notizie.it,"E4 not in the top 100,000 CrUX origins of its country (202608)"
Q139943227,IT,https://ancona.notizie.it,"E4 not in the top 100,000 CrUX origins of its country (202608)"
Q139943232,IT,https://catanzaro.notizie.it,"E4 not in the top 100,000 CrUX origins of its country (202608)"
Q139943237,IT,https://laquila.notizie.it,"E4 not in the top 100,000 CrUX origins of its country (202608)"
Q139943249,IT,https://potenza.notizie.it,"E4 not in the top 100,000 CrUX origins of its country (202608)"
Q139943397,IT,https://aosta.notizie.it,"E4 not in the top 100,000 CrUX origins of its country (202608)"
Q139943399,IT,https://sardegna.notizie.it,"E4 not in the top 100,000 CrUX origins of its country (202608)"
Q139943402,IT,https://bari.notizie.it,"E4 not in the top 100,000 CrUX origins of its country (202608)"
Q139943403,IT,https://campobasso.notizie.it,"E4 not in the top 100,000 CrUX origins of its country (202608)"
Q140420005,IT,https://de.spaziocrypto.com,"E4 not in the top 100,000 CrUX origins of its country (202608)"
Q140420005,IT,https://en.spaziocrypto.com,"E4 not in the top 100,000 CrUX origins of its country (202608)"
Q140420005,IT,https://es.spaziocrypto.com,"E4 not in the top 100,000 CrUX origins of its country (202608)"
Q140420005,IT,https://fr.spaziocrypto.com,"E4 not in the top 100,000 CrUX origins of its country (202608)"
Q140420005,IT,https://ja.spaziocrypto.com,"E4 not in the top 100,000 CrUX origins of its country (202608)"
Q140420005,IT,https://ko.spaziocrypto.com,"E4 not in the top 100,000 CrUX origins of its country (202608)"
Q140420005,IT,https://ru.spaziocrypto.com,"E4 not in the top 100,000 CrUX origins of its country (202608)"
Q140420005,IT,https://www.spaziocrypto.com,"E4 not in the top 100,000 CrUX origins of its country (202608)"
Q140420005,IT,https://zh.spaziocrypto.com,"E4 not in the top 100,000 CrUX origins of its country (202608)"
Q140796572,IT,https://sentinellabresciana.it/,"E4 not in the top 100,000 CrUX origins of its country (202608)"
Q140931018,IT,https://www.capitolivm.it/,"E4 not in the top 100,000 CrUX origins of its country (202608)"
Q16569719,IT,http://www.litaliano.it,"E4 not in the top 100,000 CrUX origins of its country (202608)"
Q16951677,IT,http://www.metronews.it/,"E4 not in the top 100,000 CrUX origins of its country (202608)"
Q1814693,IT,http://www.umanitanova.org/,"E4 not in the top 100,000 CrUX origins of its country (202608)"
Q2331628,IT,http://theartnewspaper.com,"E4 not in the top 100,000 CrUX origins of its country (202608)"
Q2331628,IT,http://www.tanchinese.com,"E4 not in the top 100,000 CrUX origins of its country (202608)"
Q24214496,IT,http://www.lacrocequotidiano.it,"E4 not in the top 100,000 CrUX origins of its country (202608)"
Q2997968,IT,https://corrieredelmezzogiorno.corriere.it/,"E4 not in the top 100,000 CrUX origins of its country (202608)"
Q3212020,IT,http://laprovinciapavese.repubblica.it,"E4 not in the top 100,000 CrUX origins of its country (202608)"
Q3792919,IT,http://www.ilromanista.it,"E4 not in the top 100,000 CrUX origins of its country (202608)"
Q3821079,IT,http://laprovincia.it/,"E4 not in the top 100,000 CrUX origins of its country (202608)"
Q3821189,IT,http://www.lasibilla.altervista.org,"E4 not in the top 100,000 CrUX origins of its country (202608)"
Q3855322,IT,https://omensageiro.org.br/,"E4 not in the top 100,000 CrUX origins of its country (202608)"
Q3855322,IT,https://santoantonio.live/,"E4 not in the top 100,000 CrUX origins of its country (202608)"
Q3855322,IT,https://www.mesagerulsfantulanton.com/,"E4 not in the top 100,000 CrUX origins of its country (202608)"
Q3855322,IT,https://www.messagerdesaintantoine.com/,"E4 not in the top 100,000 CrUX origins of its country (202608)"
Q3855322,IT,https://www.messengersaintanthony.com/,"E4 not in the top 100,000 CrUX origins of its country (202608)"
Q3855322,IT,https://www.sendbote.com/,"E4 not in the top 100,000 CrUX origins of its country (202608)"
Q3942245,IT,http://rudimathematici.com/,"E4 not in the top 100,000 CrUX origins of its country (202608)"
Q443329,IT,http://quotidiani.gelocal.it,"E4 not in the top 100,000 CrUX origins of its country (202608)"
Q55758624,IT,http://www.sordionline.com/,"E4 not in the top 100,000 CrUX origins of its country (202608)"
Q58871082,IT,https://www.restoalsud.it,"E4 not in the top 100,000 CrUX origins of its country (202608)"
Q63451800,IT,https://www.albanianews.it/,"E4 not in the top 100,000 CrUX origins of its country (202608)"
Q642381,IT,https://global.ilmanifesto.it,"E4 not in the top 100,000 CrUX origins of its country (202608)"
Q64698694,IT,http://www.indicatoreweb.it/,"E4 not in the top 100,000 CrUX origins of its country (202608)"
Q651079,IT,http://www.criticasociale.net,"E4 not in the top 100,000 CrUX origins of its country (202608)"
Q71022653,IT,http://giornalia.com,"E4 not in the top 100,000 CrUX origins of its country (202608)"
Q71431985,IT,https://www.notizieoggi24.it/,"E4 not in the top 100,000 CrUX origins of its country (202608)"
Q85329,IT,http://quotidiano.repubblica.it,"E4 not in the top 100,000 CrUX origins of its country (202608)"
Q902507,IT,http://www.gazzettino.it/,"E4 not in the top 100,000 CrUX origins of its country (202608)"
Q96755577,IT,https://ordine.laprovinciadicomo.it,"E4 not in the top 100,000 CrUX origins of its country (202608)"
Q1634171,LT,http://www.kaunodiena.lt,"E4 not in the top 100,000 CrUX origins of its country (202608)"
Q181327,LT,http://www.lzinios.lt/,"E4 not in the top 100,000 CrUX origins of its country (202608)"
Q747210,LT,http://www.baltische-rundschau.eu/,"E4 not in the top 100,000 CrUX origins of its country (202608)"
Q7931174,LT,http://vilniausdiena.lt/,"E4 not in the top 100,000 CrUX origins of its country (202608)"
Q13103935,LU,http://www.luxprivat.lu/,"E4 not in the top 100,000 CrUX origins of its country (202608)"
Q2111016,LU,http://www.groupenicolas.lu/,"E4 not in the top 100,000 CrUX origins of its country (202608)"
Q4787959,LU,http://www.express.lu/,"E4 not in the top 100,000 CrUX origins of its country (202608)"
Q5584020,LU,http://www.goosch.lu/,"E4 not in the top 100,000 CrUX origins of its country (202608)"
Q6465880,LU,http://www.voix.lu/,"E4 not in the top 100,000 CrUX origins of its country (202608)"
Q64785184,LU,https://5minutes.rtl.lu/,"E4 not in the top 100,000 CrUX origins of its country (202608)"
Q6668586,LU,http://www.express.lu/,"E4 not in the top 100,000 CrUX origins of its country (202608)"
Q1486888,LV,http://latvijasavize.lv,"E4 not in the top 100,000 CrUX origins of its country (202608)"
Q4982008,LV,https://www.brivalatvija.lv/,"E4 not in the top 100,000 CrUX origins of its country (202608)"
Q6699539,LV,http://www.ludzaszeme.lv/,"E4 not in the top 100,000 CrUX origins of its country (202608)"
Q6743482,LV,http://www.malienaszinas.lv/,"E4 not in the top 100,000 CrUX origins of its country (202608)"
Q7064392,LV,http://www.novadnieks.lv/,"E4 not in the top 100,000 CrUX origins of its country (202608)"
Q7386925,LV,http://www.aprinkis.lv/,"E4 not in the top 100,000 CrUX origins of its country (202608)"
Q60770224,MT,http://corporatedispatch.com,"E4 not in the top 100,000 CrUX origins of its country (202608)"
Q106159468,NL,https://www.platform-investico.nl/,"E4 not in the top 100,000 CrUX origins of its country (202608)"
Q108970800,NL,https://www.laardercourant.nl/,"E4 not in the top 100,000 CrUX origins of its country (202608)"
Q1151658,NL,http://dag.nl,"E4 not in the top 100,000 CrUX origins of its country (202608)"
Q117359843,NL,https://www.stedum.com/,"E4 not in the top 100,000 CrUX origins of its country (202608)"
Q1202611,NL,https://www.moscowtimes.ru/,"E4 not in the top 100,000 CrUX origins of its country (202608)"
Q130339026,NL,https://zuidoostenmeer.nl/,"E4 not in the top 100,000 CrUX origins of its country (202608)"
Q130474403,NL,https://opmeerleeft.nl/,"E4 not in the top 100,000 CrUX origins of its country (202608)"
Q130475822,NL,https://medemblikpraat.nl/,"E4 not in the top 100,000 CrUX origins of its country (202608)"
Q130642022,NL,https://media.vegte.org,"E4 not in the top 100,000 CrUX origins of its country (202608)"
Q130646891,NL,https://www.napnieuws.nl/,"E4 not in the top 100,000 CrUX origins of its country (202608)"
Q13369445,NL,http://www.bildtsepost.nl/,"E4 not in the top 100,000 CrUX origins of its country (202608)"
Q139666039,NL,https://agentmodeai.com,"E4 not in the top 100,000 CrUX origins of its country (202608)"
Q139814931,NL,https://newspectives.com,"E4 not in the top 100,000 CrUX origins of its country (202608)"
Q141447371,NL,https://www.onlinecasino.amsterdam/,"E4 not in the top 100,000 CrUX origins of its country (202608)"
Q141591706,NL,https://eb.live,"E4 not in the top 100,000 CrUX origins of its country (202608)"
Q1465709,NL,https://globalvoices.org,"E4 not in the top 100,000 CrUX origins of its country (202608)"
Q1517039,NL,http://www.leeuwardercourant.nl,"E4 not in the top 100,000 CrUX origins of its country (202608)"
Q1951508,NL,https://www.control-online.nl/,"E4 not in the top 100,000 CrUX origins of its country (202608)"
Q1964120,NL,http://www.groningergezinsbode.nl/,"E4 not in the top 100,000 CrUX origins of its country (202608)"
Q2039317,NL,https://www.groentje.nl/,"E4 not in the top 100,000 CrUX origins of its country (202608)"
Q20620878,NL,https://www.itnijs.frl/,"E4 not in the top 100,000 CrUX origins of its country (202608)"
Q2089005,NL,https://www.rtlnieuws.nl/,"E4 not in the top 100,000 CrUX origins of its country (202608)"
Q2195968,NL,https://www.rtlboulevard.nl/,"E4 not in the top 100,000 CrUX origins of its country (202608)"
Q2222902,NL,http://www.sneekernieuwsblad.nl,"E4 not in the top 100,000 CrUX origins of its country (202608)"
Q2424561,NL,https://leesmanifest.nl/,"E4 not in the top 100,000 CrUX origins of its country (202608)"
Q2654333,NL,http://www.gaynews.nl/,"E4 not in the top 100,000 CrUX origins of its country (202608)"
Q269963,NL,http://www.sevendays.nl,"E4 not in the top 100,000 CrUX origins of its country (202608)"
Q2913725,NL,https://thenextweb.com/,"E4 not in the top 100,000 CrUX origins of its country (202608)"
Q2919065,NL,http://www.stadsbladutrecht.nl,"E4 not in the top 100,000 CrUX origins of its country (202608)"
Q292891,NL,http://www.nrcnext.nl/,"E4 not in the top 100,000 CrUX origins of its country (202608)"
Q2946378,NL,http://www.katholieknieuwsblad.nl/,"E4 not in the top 100,000 CrUX origins of its country (202608)"
Q3077063,NL,https://chinatimes.nl/,"E4 not in the top 100,000 CrUX origins of its country (202608)"
Q3917138,NL,http://www.news.nl/,"E4 not in the top 100,000 CrUX origins of its country (202608)"
Q396111,NL,http://www.agd.nl/,"E4 not in the top 100,000 CrUX origins of its country (202608)"
Q4321522,NL,https://www.nieuwnieuws.nl/,"E4 not in the top 100,000 CrUX origins of its country (202608)"
Q4504418,NL,http://www.sportwereld.nl,"E4 not in the top 100,000 CrUX origins of its country (202608)"
Q4524808,NL,http://www.utrechtnieuwsblad.nl/,"E4 not in the top 100,000 CrUX origins of its country (202608)"
Q4748863,NL,http://www.amsterdamweekly.nl,"E4 not in the top 100,000 CrUX origins of its country (202608)"
Q54006579,NL,https://arguspers.nl,"E4 not in the top 100,000 CrUX origins of its country (202608)"
Q59799143,NL,https://www.ftm.eu/,"E4 not in the top 100,000 CrUX origins of its country (202608)"
Q62579029,NL,https://www.nidoragir.com/,"E4 not in the top 100,000 CrUX origins of its country (202608)"
Q63069572,NL,http://www.illegaletrouw.nl/,"E4 not in the top 100,000 CrUX origins of its country (202608)"
Q696731,NL,http://www.spitsnieuws.nl/,"E4 not in the top 100,000 CrUX origins of its country (202608)"
Q696756,NL,http://www.depers.nl,"E4 not in the top 100,000 CrUX origins of its country (202608)"
Q797508,NL,http://www.monu-magazine.com/,"E4 not in the top 100,000 CrUX origins of its country (202608)"
Q797508,NL,http://www.monu.org,"E4 not in the top 100,000 CrUX origins of its country (202608)"
Q11699468,PL,https://gf24.pl/,"E4 not in the top 100,000 CrUX origins of its country (202608)"
Q1176829,PL,http://www.midrasz.pl,"E4 not in the top 100,000 CrUX origins of its country (202608)"
Q120378703,PL,http://www.schlesien-heute.de/,"E4 not in the top 100,000 CrUX origins of its country (202608)"
Q120378860,PL,http://www.wochenblatt.pl,"E4 not in the top 100,000 CrUX origins of its country (202608)"
Q124132256,PL,https://slaskaopinia.pl/,"E4 not in the top 100,000 CrUX origins of its country (202608)"
Q124672608,PL,https://vsquare.org/,"E4 not in the top 100,000 CrUX origins of its country (202608)"
Q139863389,PL,https://kontrabanda.net,"E4 not in the top 100,000 CrUX origins of its country (202608)"
Q139947419,PL,https://amoledo.com,"E4 not in the top 100,000 CrUX origins of its country (202608)"
Q140418758,PL,https://www.legnica.net,"E4 not in the top 100,000 CrUX origins of its country (202608)"
Q140537967,PL,https://fokus.media.pl/,"E4 not in the top 100,000 CrUX origins of its country (202608)"
Q140929719,PL,https://knews.pl/,"E4 not in the top 100,000 CrUX origins of its country (202608)"
Q141016385,PL,https://ntw24.pl/,"E4 not in the top 100,000 CrUX origins of its country (202608)"
Q1465227,PL,http://ewydanie.wprost.pl,"E4 not in the top 100,000 CrUX origins of its country (202608)"
Q14749610,PL,http://www.awedis.ormianie.pl,"E4 not in the top 100,000 CrUX origins of its country (202608)"
Q15734262,PL,http://www.railwaymarket.eu,"E4 not in the top 100,000 CrUX origins of its country (202608)"
Q20851653,PL,https://mojestrone.com,"E4 not in the top 100,000 CrUX origins of its country (202608)"
Q3307981,PL,http://warsawvoice.pl,"E4 not in the top 100,000 CrUX origins of its country (202608)"
Q3917420,PL,http://niva.bialystok.pl/,"E4 not in the top 100,000 CrUX origins of its country (202608)"
Q5319799,PL,http://dzisiaj.dziennik.krakow.pl/,"E4 not in the top 100,000 CrUX origins of its country (202608)"
Q5627549,PL,http://www.glos-tn.krakow.pl,"E4 not in the top 100,000 CrUX origins of its country (202608)"
Q6949407,PL,http://www.mysl.pl/,"E4 not in the top 100,000 CrUX origins of its country (202608)"
Q6950295,PL,http://www.mowiawieki.pl/,"E4 not in the top 100,000 CrUX origins of its country (202608)"
Q7253369,PL,http://www.przegladsportowy.pl,"E4 not in the top 100,000 CrUX origins of its country (202608)"
Q7970886,PL,http://www.wbj.pl/,"E4 not in the top 100,000 CrUX origins of its country (202608)"
Q9348194,PL,http://www.pressmedia.com.pl/sn/,"E4 not in the top 100,000 CrUX origins of its country (202608)"
Q96323995,PL,https://adeste.org/,"E4 not in the top 100,000 CrUX origins of its country (202608)"
Q96323995,PL,https://www.adeste.org,"E4 not in the top 100,000 CrUX origins of its country (202608)"
Q10289593,PT,http://www.gildot.org/,"E4 not in the top 100,000 CrUX origins of its country (202608)"
Q108765313,PT,http://animaliavegetaliamineralia.org/,"E4 not in the top 100,000 CrUX origins of its country (202608)"
Q108765313,PT,https://animaliavegetaliamineralia.org,"E4 not in the top 100,000 CrUX origins of its country (202608)"
Q1135311,PT,http://www.correiomanha.pt/,"E4 not in the top 100,000 CrUX origins of its country (202608)"
Q137208975,PT,https://arcananews.com/,"E4 not in the top 100,000 CrUX origins of its country (202608)"
Q141407028,PT,https://autogear.pt/,"E4 not in the top 100,000 CrUX origins of its country (202608)"
Q16271808,PT,http://gazetaslovo.com/,"E4 not in the top 100,000 CrUX origins of its country (202608)"
Q25241865,PT,http://www.abarca.com.pt,"E4 not in the top 100,000 CrUX origins of its country (202608)"
Q28678830,PT,http://www.dinheirovivo.pt/,"E4 not in the top 100,000 CrUX origins of its country (202608)"
Q61388402,PT,https://www.jornalmapa.pt/,"E4 not in the top 100,000 CrUX origins of its country (202608)"
Q984153,PT,http://economico.sapo.pt/,"E4 not in the top 100,000 CrUX origins of its country (202608)"
Q107622710,RO,https://stiriletransilvaniei.ro,"E4 not in the top 100,000 CrUX origins of its country (202608)"
Q108350704,RO,https://www.artline.ro,"E4 not in the top 100,000 CrUX origins of its country (202608)"
Q115796178,RO,http://www.sub25.ro,"E4 not in the top 100,000 CrUX origins of its country (202608)"
Q118949408,RO,https://www.themoneynews.ro,"E4 not in the top 100,000 CrUX origins of its country (202608)"
Q1213538,RO,https://muvelodes.net/,"E4 not in the top 100,000 CrUX origins of its country (202608)"
Q1215543,RO,https://www.napsugar.ro/,"E4 not in the top 100,000 CrUX origins of its country (202608)"
Q12735886,RO,http://www.monitoruldebacau.ro,"E4 not in the top 100,000 CrUX origins of its country (202608)"
Q138721511,RO,https://curieruldedolj.ro/,"E4 not in the top 100,000 CrUX origins of its country (202608)"
Q139809278,RO,https://stirileimobiliare.ro/,"E4 not in the top 100,000 CrUX origins of its country (202608)"
Q139972680,RO,https://bihorinfo.ro,"E4 not in the top 100,000 CrUX origins of its country (202608)"
Q141064832,RO,https://www.investigatiimedia.ro/,"E4 not in the top 100,000 CrUX origins of its country (202608)"
Q141404690,RO,https://turometru.ro/,"E4 not in the top 100,000 CrUX origins of its country (202608)"
Q4671055,RO,https://www.academiacatavencu.info,"E4 not in the top 100,000 CrUX origins of its country (202608)"
Q4671055,RO,http://www.catavencu.ro,"E4 not in the top 100,000 CrUX origins of its country (202608)"
Q4820784,RO,http://www.clujeanul.ro,"E4 not in the top 100,000 CrUX origins of its country (202608)"
Q10396562,SE,http://www.ostrasmaland.se,"E4 not in the top 100,000 CrUX origins of its country (202608)"
Q10406407,SE,http://www.alltihemmet.se,"E4 not in the top 100,000 CrUX origins of its country (202608)"
Q10430590,SE,http://www.bjorklovet.com/,"E4 not in the top 100,000 CrUX origins of its country (202608)"
Q10465885,SE,http://www.dagensarbete.se/,"E4 not in the top 100,000 CrUX origins of its country (202608)"
Q10524742,SE,http://hjotidning.se,"E4 not in the top 100,000 CrUX origins of its country (202608)"
Q10542093,SE,http://www.jonkopingsposten.se/,"E4 not in the top 100,000 CrUX origins of its country (202608)"
Q10547381,SE,https://ka.se/,"E4 not in the top 100,000 CrUX origins of its country (202608)"
Q10547381,SE,http://www.ka.se,"E4 not in the top 100,000 CrUX origins of its country (202608)"
Q10604366,SE,http://www.nybrotidning.com/,"E4 not in the top 100,000 CrUX origins of its country (202608)"
Q10632400,SE,http://www.pitea-tidningen.se,"E4 not in the top 100,000 CrUX origins of its country (202608)"
Q10679325,SE,http://www.stenungsundsposten.se,"E4 not in the top 100,000 CrUX origins of its country (202608)"
Q10683838,SE,http://www.sn24.se,"E4 not in the top 100,000 CrUX origins of its country (202608)"
Q10697721,SE,http://www.webben7.se/,"E4 not in the top 100,000 CrUX origins of its country (202608)"
Q10723484,SE,http://www.yelah.net/,"E4 not in the top 100,000 CrUX origins of its country (202608)"
Q107711837,SE,https://www.helahalsingland.se/,"E4 not in the top 100,000 CrUX origins of its country (202608)"
Q117310774,SE,https://osp.nu/,"E4 not in the top 100,000 CrUX origins of its country (202608)"
Q12308690,SE,http://www.d-intl.com/,"E4 not in the top 100,000 CrUX origins of its country (202608)"
Q138987557,SE,https://www.malaronytt.com/,"E4 not in the top 100,000 CrUX origins of its country (202608)"
Q139961842,SE,https://svenskhampa.se,"E4 not in the top 100,000 CrUX origins of its country (202608)"
Q141047328,SE,https://spelinsikten.se/,"E4 not in the top 100,000 CrUX origins of its country (202608)"
Q141242608,SE,https://norvasi.se/,"E4 not in the top 100,000 CrUX origins of its country (202608)"
Q18333913,SE,http://tiff.mil.se,"E4 not in the top 100,000 CrUX origins of its country (202608)"
Q1978245,SE,http://metro.se,"E4 not in the top 100,000 CrUX origins of its country (202608)"
Q28110257,SE,https://scandinaviantraveler.com/,"E4 not in the top 100,000 CrUX origins of its country (202608)"
Q3011867,SE,http://dagbladet.se/,"E4 not in the top 100,000 CrUX origins of its country (202608)"
Q92770925,SE,http://www.suomenuutisviikko.se/,"E4 not in the top 100,000 CrUX origins of its country (202608)"
Q108058692,SI,https://slovenski-rod.eu,"E4 not in the top 100,000 CrUX origins of its country (202608)"
Q108058692,SI,https://slovenski-rod.javnost.si/,"E4 not in the top 100,000 CrUX origins of its country (202608)"
Q12787675,SI,http://www.dolenjskilist.si/,"E4 not in the top 100,000 CrUX origins of its country (202608)"
Q18559973,SI,http://www.ljnovice.com,"E4 not in the top 100,000 CrUX origins of its country (202608)"
Q97216388,SI,https://novice.svet24.si/,"E4 not in the top 100,000 CrUX origins of its country (202608)"
Q12046881,SK,http://www.prave-spektrum.sk/,"E4 not in the top 100,000 CrUX origins of its country (202608)"
Q12347279,SK,http://esperantistoslovaka.esperanto.sk/,"E4 not in the top 100,000 CrUX origins of its country (202608)"
Q1237701,SK,http://www.spectator.sk/,"E4 not in the top 100,000 CrUX origins of its country (202608)"
Q128660,AT,https://www.derstandard.de/,E5 outlet has a better-ranked website (one domain per outlet)
Q7478408,CY,http://www.sigmatv.com/,E5 outlet has a better-ranked website (one domain per outlet)
Q1184119,EE,https://www.delfi.lt/,E5 outlet has a better-ranked website (one domain per outlet)
Q1184119,EE,http://www.delfi.lv/,E5 outlet has a better-ranked website (one domain per outlet)
Q1355052,EE,http://www.postimees.ee/,E5 outlet has a better-ranked website (one domain per outlet)
Q1355052,EE,https://news.postimees.ee/,E5 outlet has a better-ranked website (one domain per outlet)
Q138749210,ES,https://www.catalunyapress.es,E5 outlet has a better-ranked website (one domain per outlet)
Q35638,ES,http://www.elperiodico.cat/,E5 outlet has a better-ranked website (one domain per outlet)
Q18750711,FR,https://kiosque.petitbleu.fr/,E5 outlet has a better-ranked website (one domain per outlet)
Q3237995,FR,http://www.liberation-champagne.fr,E5 outlet has a better-ranked website (one domain per outlet)
Q1281282,HR,http://www.slobodnadalmacija.com,E5 outlet has a better-ranked website (one domain per outlet)
Q478374,HR,http://novine.novilist.hr/,E5 outlet has a better-ranked website (one domain per outlet)
Q330000,HU,https://ujember.hu/,E5 outlet has a better-ranked website (one domain per outlet)
Q1184119,LT,https://www.delfi.lt/,E5 outlet has a better-ranked website (one domain per outlet)
Q1184119,LT,http://www.delfi.lv/,E5 outlet has a better-ranked website (one domain per outlet)
Q1184119,LV,https://www.delfi.lt/,E5 outlet has a better-ranked website (one domain per outlet)
Q1184119,LV,http://www.delfi.lv/,E5 outlet has a better-ranked website (one domain per outlet)
Q1482551,NL,http://krant.parool.nl/,E5 outlet has a better-ranked website (one domain per outlet)
Q9248480,PL,http://www.dziennik.pl/,E5 outlet has a better-ranked website (one domain per outlet)
Q136399312,AT,https://www.5min.at,E6 same host as Q99395831 (one row per host)
Q137944301,AT,https://www.oe24.at/,E6 same host as Q298667 (one row per host)
Q140756412,AT,https://www.wienerzeitung.at/,E6 same host as Q697173 (one row per host)
Q19601761,CZ,https://www.blesk.cz,E6 same host as Q883880 (one row per host)
Q1366364,DE,http://www.sonntagsblatt.de,E6 same host as Q1205530 (one row per host)
Q139671974,DE,https://www.stimme.de/,E6 same host as Q1594796 (one row per host)
Q194565,DE,http://www.welt.de/,E6 same host as Q29872 (one row per host)
Q69792426,DE,https://www.zeit.de,E6 same host as Q157142 (one row per host)
Q88805620,DE,https://www.l-iz.de/,E6 same host as Q1815528 (one row per host)
Q106204547,DK,https://ekstrabladet.dk/,E6 same host as Q1226253 (one row per host)
Q140995415,ES,https://www.noticiasdealmeria.com,E6 same host as Q116760241 (one row per host)
Q6755987,ES,http://www.marca.com/,E6 same host as Q917580 (one row per host)
Q11872822,FI,https://www.kotimaa.fi/,E6 same host as Q11872819 (one row per host)
Q56403858,FI,https://www.ruovesi-lehti.fi/,E6 same host as Q56403857 (one row per host)
Q3237995,FR,http://www.lest-eclair.fr,E6 same host as Q3203326 (one row per host)
Q69565062,FR,https://www.lemonde.fr,E6 same host as Q12461 (one row per host)
Q56677175,GR,https://www.neakriti.gr,E6 same host as Q135640539 (one row per host)
Q330000,HU,http://www.magyarkurir.hu/,E6 same host as Q1162034 (one row per host)
Q986828,HU,http://www.delmagyar.hu,E6 same host as Q903570 (one row per host)
Q3776770,IE,http://www.independent.ie/,E6 same host as Q1590833 (one row per host)
Q24174871,IT,https://www.huffingtonpost.it/,E6 same host as Q130476517 (one row per host)
Q108930517,SE,https://www.st.nu/,E6 same host as Q3503869 (one row per host)
Q3356773,SE,https://www.expressen.se/gt/,E6 same host as Q971383 (one row per host)
Q134291857,AT,https://www.bev.gv.at/Services/Downloads/Amtsblatt-Vermessungswesen.html,E7 official gazette or public-sector host
Q815545,BE,https://www.ejustice.just.fgov.be,"E7 official gazette or public-sector publisher (completed list, deviation D6)"
Q124331985,CZ,https://ctu.gov.cz/telekomunikacni-vestnik,E7 official gazette or public-sector host
Q1170039,DE,https://www.das-parlament.de/,"E7 official gazette or public-sector publisher (completed list, deviation D6)"
Q1170039,DE,http://www.das-parlament.de,"E7 official gazette or public-sector publisher (completed list, deviation D6)"
Q135213218,DE,https://www.staatsanzeiger.de/,"E7 official gazette or public-sector publisher (completed list, deviation D6)"
Q836156,DE,https://www.recht.bund.de/,"E7 official gazette or public-sector publisher (completed list, deviation D6)"
Q7604468,DK,https://www.statstidende.dk,"E7 official gazette or public-sector publisher (completed list, deviation D6)"
Q115775949,ES,http://bop.dipsoria.es/,"E7 official gazette or public-sector publisher (completed list, deviation D6)"
Q130724578,ES,https://sede.defensa.gob.es/acceda/bod,E7 official gazette or public-sector host
Q2029273,ES,http://www.boe.es/,E7 official gazette or public-sector host
Q2894237,ES,https://www.boe.es/diario_borme/,E7 official gazette or public-sector host
Q3026336,ES,http://dogc.gencat.cat,"E7 official gazette or public-sector publisher (completed list, deviation D6)"
Q5731447,ES,http://www.boa.aragon.es,"E7 official gazette or public-sector publisher (completed list, deviation D6)"
Q5731459,ES,https://www.bocm.es/,"E7 official gazette or public-sector publisher (completed list, deviation D6)"
Q5731459,ES,http://www.bocm.es,"E7 official gazette or public-sector publisher (completed list, deviation D6)"
Q5731469,ES,https://www.boplaspalmas.net/,"E7 official gazette or public-sector publisher (completed list, deviation D6)"
Q5731473,ES,http://www.borm.es/,"E7 official gazette or public-sector publisher (completed list, deviation D6)"
Q5805325,ES,http://docm.jccm.es,"E7 official gazette or public-sector publisher (completed list, deviation D6)"
Q5859566,ES,https://dogv.gva.es/,"E7 official gazette or public-sector publisher (completed list, deviation D6)"
Q5859566,ES,http://www.dogv.gva.es/,"E7 official gazette or public-sector publisher (completed list, deviation D6)"
Q7933628,FI,https://www.virallinenlehti.fi/sv,"E7 official gazette or public-sector publisher (completed list, deviation D6)"
Q7933628,FI,http://www.virallinenlehti.fi/,"E7 official gazette or public-sector publisher (completed list, deviation D6)"
Q1137404,FR,http://www.culture.gouv.fr/public/mistral/caran_fr?ACTION=CHERCHER&FIELD_1=REF&VALUE_1=05681,E7 official gazette or public-sector host
Q1815103,FR,https://www.journal-officiel.gouv.fr/,E7 official gazette or public-sector host
Q24930240,FR,http://www.juridoc.gouv.nc/JuriDoc/JdWebE.nsf/Juristart?openpage,E7 official gazette or public-sector host
Q27719315,FR,https://www.legifrance.gouv.fr/jorf/jo,E7 official gazette or public-sector host
Q2928092,FR,https://www.bodacc.fr/,"E7 official gazette or public-sector publisher (completed list, deviation D6)"
Q3186966,FR,https://www.journal-officiel.gouv.fr/associations/,E7 official gazette or public-sector host
Q1162054,HU,https://magyarkozlony.hu/,"E7 official gazette or public-sector publisher (completed list, deviation D6)"
Q6070252,IE,http://www.irisoifigiuil.ie,"E7 official gazette or public-sector publisher (completed list, deviation D6)"
Q371338,IT,https://www.gazzettaufficiale.it/,E7 official gazette or public-sector host
Q6950088,LU,https://www.legilux.public.lu/,"E7 official gazette or public-sector publisher (completed list, deviation D6)"
Q1725626,NL,https://www.officielebekendmakingen.nl/,"E7 official gazette or public-sector publisher (completed list, deviation D6)"
Q133045206,PL,https://edziennik.gddkia.gov.pl/,E7 official gazette or public-sector host
Q1231841,PT,https://diariodarepublica.pt/,"E7 official gazette or public-sector publisher (completed list, deviation D6)"
Q3047092,RO,https://www.monitoruloficial.ro,"E7 official gazette or public-sector publisher (completed list, deviation D6)"
Q20011708,SI,http://www.uradni-list.si/,"E7 official gazette or public-sector publisher (completed list, deviation D6)"
