lot_key,boe_id,lot,date,section,seller_group,seller_body,split_method,lot_type,scope,scope_reason,energy_status,energy_level,letters,both_indicators,label_included,rating_stated_primary,rating_stated_two_letters,rating_stated_lenient,rating_stated_faq_3_2_e,rating_stated_strict_exempt,auto_scope,auto_energy,reviewed,review_set,exempt_ground,change,review_note
BOE-B-2025-879#01,BOE-B-2025-879,01,2025-01-14,5B,Patrimonio del Estado (DEH),Delegación de Economía y Hacienda en Lleida,lote_header,land,excluded,land: not a building (art. 2.h),none,lot,,0,excluded,n/a,n/a,n/a,n/a,n/a,excluded,none,no,,,,
BOE-B-2025-879#02,BOE-B-2025-879,02,2025-01-14,5B,Patrimonio del Estado (DEH),Delegación de Economía y Hacienda en Lleida,lote_header,land,excluded,land: not a building (art. 2.h),none,lot,,0,excluded,n/a,n/a,n/a,n/a,n/a,excluded,none,no,,,,
BOE-B-2025-879#03,BOE-B-2025-879,03,2025-01-14,5B,Patrimonio del Estado (DEH),Delegación de Economía y Hacienda en Lleida,lote_header,land,excluded,land: not a building (art. 2.h),none,lot,,0,excluded,n/a,n/a,n/a,n/a,n/a,excluded,none,no,,,,
BOE-B-2025-879#04,BOE-B-2025-879,04,2025-01-14,5B,Patrimonio del Estado (DEH),Delegación de Economía y Hacienda en Lleida,lote_header,land,excluded,land: not a building (art. 2.h),none,lot,,0,excluded,n/a,n/a,n/a,n/a,n/a,excluded,none,no,,,,
BOE-B-2025-879#05,BOE-B-2025-879,05,2025-01-14,5B,Patrimonio del Estado (DEH),Delegación de Economía y Hacienda en Lleida,lote_header,land,excluded,land: not a building (art. 2.h),none,lot,,0,excluded,n/a,n/a,n/a,n/a,n/a,excluded,none,no,,,,
BOE-B-2025-879#06,BOE-B-2025-879,06,2025-01-14,5B,Patrimonio del Estado (DEH),Delegación de Economía y Hacienda en Lleida,lote_header,land,excluded,land: not a building (art. 2.h),none,lot,,0,excluded,n/a,n/a,n/a,n/a,n/a,excluded,none,no,,,,
BOE-B-2025-879#07,BOE-B-2025-879,07,2025-01-14,5B,Patrimonio del Estado (DEH),Delegación de Economía y Hacienda en Lleida,lote_header,land,excluded,land: not a building (art. 2.h),none,lot,,0,excluded,n/a,n/a,n/a,n/a,n/a,excluded,none,no,,,,
BOE-B-2025-879#08,BOE-B-2025-879,08,2025-01-14,5B,Patrimonio del Estado (DEH),Delegación de Economía y Hacienda en Lleida,lote_header,land,excluded,land: not a building (art. 2.h),none,lot,,0,excluded,n/a,n/a,n/a,n/a,n/a,excluded,none,no,,,,
BOE-B-2025-879#09,BOE-B-2025-879,09,2025-01-14,5B,Patrimonio del Estado (DEH),Delegación de Economía y Hacienda en Lleida,lote_header,land,excluded,land: not a building (art. 2.h),none,lot,,0,excluded,n/a,n/a,n/a,n/a,n/a,excluded,none,no,,,,
BOE-B-2025-879#10,BOE-B-2025-879,10,2025-01-14,5B,Patrimonio del Estado (DEH),Delegación de Economía y Hacienda en Lleida,lote_header,land,excluded,land: not a building (art. 2.h),none,lot,,0,excluded,n/a,n/a,n/a,n/a,n/a,excluded,none,no,,,,
BOE-B-2025-1185#1,BOE-B-2025-1185,1,2025-01-17,5B,TGSS,Dirección Provincial de la Tesorería General de la Seguridad Social de Valladolid,single,building,covered,,rating,lot,D,1,yes,yes,yes,yes,yes,yes,covered,rating,no,,,,
BOE-B-2025-1186#1,BOE-B-2025-1186,1,2025-01-17,5B,TGSS,Dirección Provincial de la Tesorería General de la Seguridad Social de Ourense,single,unit_in_building,covered,,rating,lot,B,1,yes,yes,yes,yes,yes,yes,excluded,rating,yes,R4,,scope excluded>covered; type storage>unit_in_building,first-floor unit (112 m2 useful) with an annexed storage room; rating B stated
BOE-B-2025-1692#1,BOE-B-2025-1692,1,2025-01-20,5B,FOGASA,Fondo de Garantía Salarial O.A. (FOGASA),single,industrial_agricultural,excluded,industrial/agricultural non-residential (art. 3.2.c),none,lot,,0,excluded,n/a,n/a,n/a,n/a,n/a,covered,none,yes,R1,,scope covered>excluded; type building>industrial_agricultural,"premises of a car-body and repair workshop (workshops are low demand, art. 3.2.c; FAQ no. 16)"
BOE-B-2025-1972#1,BOE-B-2025-1972,1,2025-01-22,5B,TGSS,Dirección Provincial de la Tesorería General de la Seguridad Social de Cádiz,single,commercial,covered,,rating,lot,F,1,yes,yes,yes,yes,yes,yes,covered,rating,yes,R2,,none,rating letter(s) stated in the lot; confirmed
BOE-B-2025-1973#?,BOE-B-2025-1973,?,2025-01-22,5B,TGSS,Dirección Provincial de la Tesorería General de la Seguridad Social de Cádiz,unsplit,commercial,covered,,rating,lot,C,1,yes,yes,yes,yes,yes,yes,covered,rating,yes,extra,,none,"one premises made of several registered fincas joined physically, so one lot; rating stated"
BOE-B-2025-2535#1,BOE-B-2025-2535,1,2025-01-25,5B,Port authorities,Autoridad Portuaria de Las Palmas,single,land,excluded,land: not a building (art. 2.h),none,lot,,0,excluded,n/a,n/a,n/a,n/a,n/a,excluded,none,no,,,,
BOE-B-2025-2870#1,BOE-B-2025-2870,1,2025-01-28,5B,GIESE (Interior),Organismo Autónomo Gerencia de Infraestructuras y Equipamiento de la Seguridad del Estado,numbered,residential,covered,,none,lot,,0,no,no,no,no,no,no,covered,none,yes,R1,,none,former Guardia Civil house-barracks; no energy statement
BOE-B-2025-2870#2,BOE-B-2025-2870,2,2025-01-28,5B,GIESE (Interior),Organismo Autónomo Gerencia de Infraestructuras y Equipamiento de la Seguridad del Estado,numbered,building,covered,,none,lot,,0,no,no,no,no,no,no,covered,none,yes,R1,,none,former Guardia Civil barracks; no energy statement
BOE-B-2025-2870#3,BOE-B-2025-2870,3,2025-01-28,5B,GIESE (Interior),Organismo Autónomo Gerencia de Infraestructuras y Equipamiento de la Seguridad del Estado,numbered,residential,covered,,none,lot,,0,no,no,no,no,no,no,covered,none,yes,R1,,none,former Guardia Civil house-barracks; no energy statement
BOE-B-2025-2870#4,BOE-B-2025-2870,4,2025-01-28,5B,GIESE (Interior),Organismo Autónomo Gerencia de Infraestructuras y Equipamiento de la Seguridad del Estado,numbered,building,covered,,none,lot,,0,no,no,no,no,no,no,undeterminable,none,yes,R3,,scope undeterminable>covered; type unknown>building,former police station; no energy statement
BOE-B-2025-2870#5,BOE-B-2025-2870,5,2025-01-28,5B,GIESE (Interior),Organismo Autónomo Gerencia de Infraestructuras y Equipamiento de la Seguridad del Estado,numbered,building,undeterminable,protected building (art. 3.2.a applies only conditionally),none,lot,,0,undeterminable,n/a,n/a,n/a,n/a,n/a,undeterminable,none,yes,R3,,type unknown>building,former Guardia Civil facilities inside a castle (historic monument)
BOE-B-2025-2913#1,BOE-B-2025-2913,1,2025-01-28,5B,TGSS,Dirección Provincial de la Tesorería General de la Seguridad Social de Madrid,lote_header,commercial,covered,,rating,lot,DE,1,yes,yes,yes,yes,yes,yes,covered,rating,yes,R2,,none,rating letter(s) stated in the lot; confirmed
BOE-B-2025-2913#2,BOE-B-2025-2913,2,2025-01-28,5B,TGSS,Dirección Provincial de la Tesorería General de la Seguridad Social de Madrid,lote_header,commercial,covered,,rating,lot,DF,1,yes,yes,yes,yes,yes,yes,covered,rating,no,,,,
BOE-B-2025-2913#3,BOE-B-2025-2913,3,2025-01-28,5B,TGSS,Dirección Provincial de la Tesorería General de la Seguridad Social de Madrid,lote_header,commercial,covered,,rating,lot,BC,1,yes,yes,yes,yes,yes,yes,covered,rating,no,,,,
BOE-B-2025-2913#4,BOE-B-2025-2913,4,2025-01-28,5B,TGSS,Dirección Provincial de la Tesorería General de la Seguridad Social de Madrid,lote_header,industrial_agricultural,covered,,rating,lot,DF,1,yes,yes,yes,yes,yes,yes,excluded,rating,yes,R4,,scope excluded>covered,"industrial unit on ground floor and mezzanine with a registered certificate (consumption F, emissions D); art. 3.2.c excludes only low-demand parts, and a stated rating shows the seller holds it in scope"
BOE-B-2025-2914#1,BOE-B-2025-2914,1,2025-01-28,5B,TGSS,Dirección Provincial de la Tesorería General de la Seguridad Social de Illes Balears,lote_header,commercial,covered,,rating,lot,C,0,yes,yes,no,yes,yes,yes,covered,rating,no,,,,
BOE-B-2025-2914#2,BOE-B-2025-2914,2,2025-01-28,5B,TGSS,Dirección Provincial de la Tesorería General de la Seguridad Social de Illes Balears,lote_header,garage,excluded,garage or storage room (MITECO FAQ v6.0 no. 14),exempt_declared,lot,,0,excluded,n/a,n/a,n/a,n/a,n/a,excluded,exempt_declared,yes,R4,guidance_garage_storage,none,garage space with storage room declared exempt
BOE-B-2025-3852#1,BOE-B-2025-3852,1,2025-02-04,5B,Patrimonio del Estado (DEH),Delegación de Economía y Hacienda en Valencia (Unidad de Patrimonio del Estado),single,land,drop,excluded notice kind: direct_named,none,lot,,0,dropped,n/a,n/a,n/a,n/a,n/a,excluded,none,yes,extra,,scope excluded>drop,"direct adjudication to a party who showed interest (art. 137.4 LPAP); not an offer to the public (rule §1.1, direct_named)"
BOE-B-2025-3853#1,BOE-B-2025-3853,1,2025-02-04,5B,Patrimonio del Estado (DEH),Delegación de Economía y Hacienda en Valencia (Unidad de Patrimonio del Estado),single,land,drop,excluded notice kind: direct_named,none,lot,,0,dropped,n/a,n/a,n/a,n/a,n/a,excluded,none,yes,extra,,scope excluded>drop,"direct adjudication to a party who showed interest (art. 137.4 LPAP); not an offer to the public (rule §1.1, direct_named)"
BOE-B-2025-3854#?,BOE-B-2025-3854,?,2025-02-04,5B,Patrimonio del Estado (DEH),Delegación de Economía y Hacienda en Valencia (Unidad de Patrimonio del Estado),unsplit,land,drop,excluded notice kind: direct_named,none,lot,,0,dropped,n/a,n/a,n/a,n/a,n/a,excluded,none,yes,extra,,scope excluded>drop,"direct adjudication to a party who showed interest (art. 137.4 LPAP); not an offer to the public (rule §1.1, direct_named)"
BOE-B-2025-3855#1,BOE-B-2025-3855,1,2025-02-04,5B,Patrimonio del Estado (DEH),Delegación de Economía y Hacienda en Valencia (Unidad de Patrimonio del Estado),single,land,drop,excluded notice kind: direct_named,none,lot,,0,dropped,n/a,n/a,n/a,n/a,n/a,excluded,none,yes,extra,,scope excluded>drop,"direct adjudication to a party who showed interest (art. 137.4 LPAP); not an offer to the public (rule §1.1, direct_named)"
BOE-B-2025-3856#1,BOE-B-2025-3856,1,2025-02-04,5B,Patrimonio del Estado (DEH),Delegación de Economía y Hacienda en Valencia (Unidad de Patrimonio del Estado),single,land,drop,excluded notice kind: direct_named,none,lot,,0,dropped,n/a,n/a,n/a,n/a,n/a,excluded,none,yes,extra,,scope excluded>drop,"direct adjudication to a party who showed interest (art. 137.4 LPAP); not an offer to the public (rule §1.1, direct_named)"
BOE-B-2025-3857#1,BOE-B-2025-3857,1,2025-02-04,5B,Patrimonio del Estado (DEH),Delegación de Economía y Hacienda en Valencia (Unidad de Patrimonio del Estado),single,land,drop,excluded notice kind: direct_named,none,lot,,0,dropped,n/a,n/a,n/a,n/a,n/a,excluded,none,yes,extra,,scope excluded>drop,"direct adjudication to a party who showed interest (art. 137.4 LPAP); not an offer to the public (rule §1.1, direct_named)"
BOE-B-2025-3858#1,BOE-B-2025-3858,1,2025-02-04,5B,Patrimonio del Estado (DEH),Delegación de Economía y Hacienda en Valencia (Unidad de Patrimonio del Estado),single,land,drop,excluded notice kind: direct_named,none,lot,,0,dropped,n/a,n/a,n/a,n/a,n/a,excluded,none,yes,extra,,scope excluded>drop,"direct adjudication to a party who showed interest (art. 137.4 LPAP); not an offer to the public (rule §1.1, direct_named)"
BOE-B-2025-3859#1,BOE-B-2025-3859,1,2025-02-04,5B,Patrimonio del Estado (DEH),Delegación de Economía y Hacienda en Valencia (Unidad de Patrimonio del Estado),single,land,drop,excluded notice kind: direct_named,none,lot,,0,dropped,n/a,n/a,n/a,n/a,n/a,excluded,none,yes,extra,,scope excluded>drop,"direct adjudication to a party who showed interest (art. 137.4 LPAP); not an offer to the public (rule §1.1, direct_named)"
BOE-B-2025-3982#1,BOE-B-2025-3982,1,2025-02-05,5B,TGSS,Dirección Provincial de la Tesorería General de la Seguridad Social de Tarragona,lote_header,commercial,covered,,rating,lot,DE,1,yes,yes,yes,yes,yes,yes,covered,rating,no,,,,
BOE-B-2025-3982#2,BOE-B-2025-3982,2,2025-02-05,5B,TGSS,Dirección Provincial de la Tesorería General de la Seguridad Social de Tarragona,lote_header,commercial,covered,,rating,lot,C,1,yes,yes,yes,yes,yes,yes,covered,rating,yes,R2,,none,rating letter(s) stated in the lot; confirmed
BOE-B-2025-4764#1,BOE-B-2025-4764,1,2025-02-11,5B,Patrimonio del Estado (DEH),Delegación de Economía y Hacienda en Gipuzkoa,single,unit_in_building,undeterminable,use of the unit not stated,none,lot,,0,undeterminable,n/a,n/a,n/a,n/a,n/a,covered,none,yes,R1,,scope covered>undeterminable; type residential>unit_in_building,"30 m2 semi-basement unit of a residential building, use not stated (earlier auction of BOE-B-2025-23015)"
BOE-B-2025-4868#1,BOE-B-2025-4868,1,2025-02-12,5B,Patrimonio del Estado (DEH),Delegación de Economía y Hacienda en País Vasco-Bizkaia,single,residential,covered,,none,lot,,0,no,no,no,no,no,no,covered,none,yes,R1,,none,dwelling with storage annex; no energy statement
BOE-B-2025-4869#1,BOE-B-2025-4869,1,2025-02-12,5B,Patrimonio del Estado (DEH),Delegación de Economía y Hacienda en Valencia (Unidad de Patrimonio del Estado),single,land,drop,excluded notice kind: direct_named,none,lot,,0,dropped,n/a,n/a,n/a,n/a,n/a,excluded,none,yes,extra,,scope excluded>drop,"direct adjudication to a party who showed interest (art. 137.4 LPAP); not an offer to the public (rule §1.1, direct_named)"
BOE-B-2025-4870#1,BOE-B-2025-4870,1,2025-02-12,5B,Patrimonio del Estado (DEH),Delegación de Economía y Hacienda en Valencia (Unidad de Patrimonio del Estado),single,land,drop,excluded notice kind: direct_named,none,lot,,0,dropped,n/a,n/a,n/a,n/a,n/a,excluded,none,yes,extra,,scope excluded>drop,"direct adjudication to a party who showed interest (art. 137.4 LPAP); not an offer to the public (rule §1.1, direct_named)"
BOE-B-2025-4871#?,BOE-B-2025-4871,?,2025-02-12,5B,Patrimonio del Estado (DEH),Delegación de Economía y Hacienda en Valencia (Unidad de Patrimonio del Estado),unsplit,land,drop,excluded notice kind: direct_named,none,lot,,0,dropped,n/a,n/a,n/a,n/a,n/a,excluded,none,yes,extra,,scope excluded>drop,"direct adjudication to a party who showed interest (art. 137.4 LPAP); not an offer to the public (rule §1.1, direct_named)"
BOE-B-2025-5746#?,BOE-B-2025-5746,?,2025-02-18,5B,TGSS,Dirección Provincial de la Tesorería General de la Seguridad Social de Granada,unsplit,commercial,covered,,rating,lot,D,1,yes,yes,yes,yes,yes,yes,covered,rating,yes,extra,,none,"one premises made of several registered fincas joined physically, so one lot; rating stated"
BOE-B-2025-6080#1,BOE-B-2025-6080,1,2025-02-21,5B,Patrimonio del Estado (DEH),Delegación de Economía y Hacienda en Gipuzkoa,lote_header,residential,covered,,none,lot,,0,no,no,no,no,no,no,covered,none,yes,R1,,none,dwelling; no energy statement
BOE-B-2025-6080#2,BOE-B-2025-6080,2,2025-02-21,5B,Patrimonio del Estado (DEH),Delegación de Economía y Hacienda en Gipuzkoa,lote_header,residential,covered,,none,lot,,0,no,no,no,no,no,no,covered,none,yes,R1,,none,dwelling; no energy statement
BOE-B-2025-6081#1,BOE-B-2025-6081,1,2025-02-21,5B,Other public bodies,Dirección General del Sector Ferroviario,single,rural_with_construction,drop,,none,lot,,0,dropped,n/a,n/a,n/a,n/a,n/a,undeterminable,none,yes,R3,,scope undeterminable>drop,"expropriation notice (railway works), not a sale offer"
BOE-B-2025-6107#1,BOE-B-2025-6107,1,2025-02-21,5B,TGSS,Dirección Provincial de la Tesorería General de la Seguridad Social de A Coruña,lote_header,commercial,covered,,rating,lot,DE,1,yes,yes,yes,yes,yes,yes,covered,rating,yes,R2,,none,rating letter(s) stated in the lot; confirmed
BOE-B-2025-6107#2,BOE-B-2025-6107,2,2025-02-21,5B,TGSS,Dirección Provincial de la Tesorería General de la Seguridad Social de A Coruña,lote_header,commercial,covered,,rating,lot,DE,1,yes,yes,yes,yes,yes,yes,covered,rating,no,,,,
BOE-B-2025-6107#3,BOE-B-2025-6107,3,2025-02-21,5B,TGSS,Dirección Provincial de la Tesorería General de la Seguridad Social de A Coruña,lote_header,residential,covered,,rating,lot,FG,1,yes,yes,yes,yes,yes,yes,covered,rating,yes,R2,,none,rating letter(s) stated in the lot; confirmed
BOE-B-2025-6642#1,BOE-B-2025-6642,1,2025-02-24,5B,Patrimonio del Estado (DEH),Delegación de Economía y Hacienda en Valencia (Unidad de Patrimonio del Estado),single,land,drop,excluded notice kind: direct_named,none,lot,,0,dropped,n/a,n/a,n/a,n/a,n/a,excluded,none,yes,extra,,scope excluded>drop,"direct adjudication to a party who showed interest (art. 137.4 LPAP); not an offer to the public (rule §1.1, direct_named)"
BOE-B-2025-6701#1,BOE-B-2025-6701,1,2025-02-24,5B,TGSS,Dirección Provincial de la Tesorería General de la Seguridad Social de Salamanca,single,garage,excluded,garage or storage room (MITECO FAQ v6.0 no. 14),none,lot,,0,excluded,n/a,n/a,n/a,n/a,n/a,excluded,none,yes,R4,,none,garage or parking space; confirmed
BOE-B-2025-6889#1,BOE-B-2025-6889,1,2025-02-25,5B,TGSS,Dirección Provincial de la Tesorería General de la Seguridad Social de Madrid,lote_header,residential,covered,,rating,lot,FG,1,yes,yes,yes,yes,yes,yes,covered,rating,no,,,,
BOE-B-2025-6889#2,BOE-B-2025-6889,2,2025-02-25,5B,TGSS,Dirección Provincial de la Tesorería General de la Seguridad Social de Madrid,lote_header,residential,covered,,rating,lot,E,1,yes,yes,yes,yes,yes,yes,covered,rating,yes,R2,,none,rating letter(s) stated in the lot; confirmed
BOE-B-2025-6889#3,BOE-B-2025-6889,3,2025-02-25,5B,TGSS,Dirección Provincial de la Tesorería General de la Seguridad Social de Madrid,lote_header,residential,covered,,rating,lot,E,1,yes,yes,yes,yes,yes,yes,covered,rating,yes,R2,,none,rating letter(s) stated in the lot; confirmed
BOE-B-2025-6889#4,BOE-B-2025-6889,4,2025-02-25,5B,TGSS,Dirección Provincial de la Tesorería General de la Seguridad Social de Madrid,lote_header,residential,covered,,rating,lot,E,1,yes,yes,yes,yes,yes,yes,covered,rating,no,,,,
BOE-B-2025-6889#5,BOE-B-2025-6889,5,2025-02-25,5B,TGSS,Dirección Provincial de la Tesorería General de la Seguridad Social de Madrid,lote_header,residential,covered,,rating,lot,E,1,yes,yes,yes,yes,yes,yes,covered,rating,no,,,,
BOE-B-2025-6944#1,BOE-B-2025-6944,1,2025-02-26,5B,Patrimonio del Estado (DEH),Delegación de Economía y Hacienda en Ourense,numbered,land,excluded,land: not a building (art. 2.h),none,lot,,0,excluded,n/a,n/a,n/a,n/a,n/a,excluded,none,no,,,,
BOE-B-2025-6944#10,BOE-B-2025-6944,10,2025-02-26,5B,Patrimonio del Estado (DEH),Delegación de Economía y Hacienda en Ourense,numbered,land,excluded,land: not a building (art. 2.h),none,lot,,0,excluded,n/a,n/a,n/a,n/a,n/a,excluded,none,no,,,,
BOE-B-2025-6944#11,BOE-B-2025-6944,11,2025-02-26,5B,Patrimonio del Estado (DEH),Delegación de Economía y Hacienda en Ourense,numbered,land,excluded,land: not a building (art. 2.h),none,lot,,0,excluded,n/a,n/a,n/a,n/a,n/a,excluded,none,no,,,,
BOE-B-2025-6944#12,BOE-B-2025-6944,12,2025-02-26,5B,Patrimonio del Estado (DEH),Delegación de Economía y Hacienda en Ourense,numbered,land,excluded,land: not a building (art. 2.h),none,lot,,0,excluded,n/a,n/a,n/a,n/a,n/a,excluded,none,no,,,,
BOE-B-2025-6944#13,BOE-B-2025-6944,13,2025-02-26,5B,Patrimonio del Estado (DEH),Delegación de Economía y Hacienda en Ourense,numbered,land,excluded,land: not a building (art. 2.h),none,lot,,0,excluded,n/a,n/a,n/a,n/a,n/a,excluded,none,no,,,,
BOE-B-2025-6944#14,BOE-B-2025-6944,14,2025-02-26,5B,Patrimonio del Estado (DEH),Delegación de Economía y Hacienda en Ourense,numbered,land,excluded,land: not a building (art. 2.h),none,lot,,0,excluded,n/a,n/a,n/a,n/a,n/a,excluded,none,no,,,,
BOE-B-2025-6944#15,BOE-B-2025-6944,15,2025-02-26,5B,Patrimonio del Estado (DEH),Delegación de Economía y Hacienda en Ourense,numbered,land,excluded,land: not a building (art. 2.h),none,lot,,0,excluded,n/a,n/a,n/a,n/a,n/a,excluded,none,no,,,,
BOE-B-2025-6944#16,BOE-B-2025-6944,16,2025-02-26,5B,Patrimonio del Estado (DEH),Delegación de Economía y Hacienda en Ourense,numbered,land,excluded,land: not a building (art. 2.h),none,lot,,0,excluded,n/a,n/a,n/a,n/a,n/a,excluded,none,no,,,,
BOE-B-2025-6944#17,BOE-B-2025-6944,17,2025-02-26,5B,Patrimonio del Estado (DEH),Delegación de Economía y Hacienda en Ourense,numbered,land,excluded,land: not a building (art. 2.h),none,lot,,0,excluded,n/a,n/a,n/a,n/a,n/a,excluded,none,no,,,,
BOE-B-2025-6944#18,BOE-B-2025-6944,18,2025-02-26,5B,Patrimonio del Estado (DEH),Delegación de Economía y Hacienda en Ourense,numbered,land,excluded,land: not a building (art. 2.h),none,lot,,0,excluded,n/a,n/a,n/a,n/a,n/a,excluded,none,no,,,,
BOE-B-2025-6944#19,BOE-B-2025-6944,19,2025-02-26,5B,Patrimonio del Estado (DEH),Delegación de Economía y Hacienda en Ourense,numbered,land,excluded,land: not a building (art. 2.h),none,lot,,0,excluded,n/a,n/a,n/a,n/a,n/a,excluded,none,no,,,,
BOE-B-2025-6944#2,BOE-B-2025-6944,2,2025-02-26,5B,Patrimonio del Estado (DEH),Delegación de Economía y Hacienda en Ourense,numbered,land,excluded,land: not a building (art. 2.h),none,lot,,0,excluded,n/a,n/a,n/a,n/a,n/a,excluded,none,no,,,,
BOE-B-2025-6944#20,BOE-B-2025-6944,20,2025-02-26,5B,Patrimonio del Estado (DEH),Delegación de Economía y Hacienda en Ourense,numbered,land,excluded,land: not a building (art. 2.h),none,lot,,0,excluded,n/a,n/a,n/a,n/a,n/a,excluded,none,no,,,,
BOE-B-2025-6944#21,BOE-B-2025-6944,21,2025-02-26,5B,Patrimonio del Estado (DEH),Delegación de Economía y Hacienda en Ourense,numbered,land,excluded,land: not a building (art. 2.h),none,lot,,0,excluded,n/a,n/a,n/a,n/a,n/a,excluded,none,yes,R4,,none,land (rustic or unbuilt plot); confirmed
BOE-B-2025-6944#22,BOE-B-2025-6944,22,2025-02-26,5B,Patrimonio del Estado (DEH),Delegación de Economía y Hacienda en Ourense,numbered,land,excluded,land: not a building (art. 2.h),none,lot,,0,excluded,n/a,n/a,n/a,n/a,n/a,excluded,none,no,,,,
BOE-B-2025-6944#23,BOE-B-2025-6944,23,2025-02-26,5B,Patrimonio del Estado (DEH),Delegación de Economía y Hacienda en Ourense,numbered,land,excluded,land: not a building (art. 2.h),none,lot,,0,excluded,n/a,n/a,n/a,n/a,n/a,excluded,none,no,,,,
BOE-B-2025-6944#24,BOE-B-2025-6944,24,2025-02-26,5B,Patrimonio del Estado (DEH),Delegación de Economía y Hacienda en Ourense,numbered,land,excluded,land: not a building (art. 2.h),none,lot,,0,excluded,n/a,n/a,n/a,n/a,n/a,excluded,none,no,,,,
BOE-B-2025-6944#25,BOE-B-2025-6944,25,2025-02-26,5B,Patrimonio del Estado (DEH),Delegación de Economía y Hacienda en Ourense,numbered,land,excluded,land: not a building (art. 2.h),none,lot,,0,excluded,n/a,n/a,n/a,n/a,n/a,excluded,none,no,,,,
BOE-B-2025-6944#26,BOE-B-2025-6944,26,2025-02-26,5B,Patrimonio del Estado (DEH),Delegación de Economía y Hacienda en Ourense,numbered,land,excluded,land: not a building (art. 2.h),none,lot,,0,excluded,n/a,n/a,n/a,n/a,n/a,excluded,none,no,,,,
BOE-B-2025-6944#27,BOE-B-2025-6944,27,2025-02-26,5B,Patrimonio del Estado (DEH),Delegación de Economía y Hacienda en Ourense,numbered,land,excluded,land: not a building (art. 2.h),none,lot,,0,excluded,n/a,n/a,n/a,n/a,n/a,excluded,none,no,,,,
BOE-B-2025-6944#28,BOE-B-2025-6944,28,2025-02-26,5B,Patrimonio del Estado (DEH),Delegación de Economía y Hacienda en Ourense,numbered,land,excluded,land: not a building (art. 2.h),none,lot,,0,excluded,n/a,n/a,n/a,n/a,n/a,excluded,none,no,,,,
BOE-B-2025-6944#29,BOE-B-2025-6944,29,2025-02-26,5B,Patrimonio del Estado (DEH),Delegación de Economía y Hacienda en Ourense,numbered,land,excluded,land: not a building (art. 2.h),none,lot,,0,excluded,n/a,n/a,n/a,n/a,n/a,excluded,none,no,,,,
BOE-B-2025-6944#3,BOE-B-2025-6944,3,2025-02-26,5B,Patrimonio del Estado (DEH),Delegación de Economía y Hacienda en Ourense,numbered,land,excluded,land: not a building (art. 2.h),none,lot,,0,excluded,n/a,n/a,n/a,n/a,n/a,excluded,none,no,,,,
BOE-B-2025-6944#30,BOE-B-2025-6944,30,2025-02-26,5B,Patrimonio del Estado (DEH),Delegación de Economía y Hacienda en Ourense,numbered,land,excluded,land: not a building (art. 2.h),none,lot,,0,excluded,n/a,n/a,n/a,n/a,n/a,excluded,none,no,,,,
BOE-B-2025-6944#31,BOE-B-2025-6944,31,2025-02-26,5B,Patrimonio del Estado (DEH),Delegación de Economía y Hacienda en Ourense,numbered,land,excluded,land: not a building (art. 2.h),none,lot,,0,excluded,n/a,n/a,n/a,n/a,n/a,excluded,none,no,,,,
BOE-B-2025-6944#32,BOE-B-2025-6944,32,2025-02-26,5B,Patrimonio del Estado (DEH),Delegación de Economía y Hacienda en Ourense,numbered,land,excluded,land: not a building (art. 2.h),none,lot,,0,excluded,n/a,n/a,n/a,n/a,n/a,excluded,none,no,,,,
BOE-B-2025-6944#33,BOE-B-2025-6944,33,2025-02-26,5B,Patrimonio del Estado (DEH),Delegación de Economía y Hacienda en Ourense,numbered,land,excluded,land: not a building (art. 2.h),none,lot,,0,excluded,n/a,n/a,n/a,n/a,n/a,excluded,none,no,,,,
BOE-B-2025-6944#34,BOE-B-2025-6944,34,2025-02-26,5B,Patrimonio del Estado (DEH),Delegación de Economía y Hacienda en Ourense,numbered,land,excluded,land: not a building (art. 2.h),none,lot,,0,excluded,n/a,n/a,n/a,n/a,n/a,excluded,none,no,,,,
BOE-B-2025-6944#35,BOE-B-2025-6944,35,2025-02-26,5B,Patrimonio del Estado (DEH),Delegación de Economía y Hacienda en Ourense,numbered,land,excluded,land: not a building (art. 2.h),none,lot,,0,excluded,n/a,n/a,n/a,n/a,n/a,excluded,none,no,,,,
BOE-B-2025-6944#36,BOE-B-2025-6944,36,2025-02-26,5B,Patrimonio del Estado (DEH),Delegación de Economía y Hacienda en Ourense,numbered,land,excluded,land: not a building (art. 2.h),none,lot,,0,excluded,n/a,n/a,n/a,n/a,n/a,excluded,none,no,,,,
BOE-B-2025-6944#37,BOE-B-2025-6944,37,2025-02-26,5B,Patrimonio del Estado (DEH),Delegación de Economía y Hacienda en Ourense,numbered,land,excluded,land: not a building (art. 2.h),none,lot,,0,excluded,n/a,n/a,n/a,n/a,n/a,excluded,none,no,,,,
BOE-B-2025-6944#38,BOE-B-2025-6944,38,2025-02-26,5B,Patrimonio del Estado (DEH),Delegación de Economía y Hacienda en Ourense,numbered,land,excluded,land: not a building (art. 2.h),none,lot,,0,excluded,n/a,n/a,n/a,n/a,n/a,excluded,none,no,,,,
BOE-B-2025-6944#39,BOE-B-2025-6944,39,2025-02-26,5B,Patrimonio del Estado (DEH),Delegación de Economía y Hacienda en Ourense,numbered,land,excluded,land: not a building (art. 2.h),none,lot,,0,excluded,n/a,n/a,n/a,n/a,n/a,excluded,none,no,,,,
BOE-B-2025-6944#4,BOE-B-2025-6944,4,2025-02-26,5B,Patrimonio del Estado (DEH),Delegación de Economía y Hacienda en Ourense,numbered,land,excluded,land: not a building (art. 2.h),none,lot,,0,excluded,n/a,n/a,n/a,n/a,n/a,excluded,none,no,,,,
BOE-B-2025-6944#40,BOE-B-2025-6944,40,2025-02-26,5B,Patrimonio del Estado (DEH),Delegación de Economía y Hacienda en Ourense,numbered,land,excluded,land: not a building (art. 2.h),none,lot,,0,excluded,n/a,n/a,n/a,n/a,n/a,excluded,none,no,,,,
BOE-B-2025-6944#41,BOE-B-2025-6944,41,2025-02-26,5B,Patrimonio del Estado (DEH),Delegación de Economía y Hacienda en Ourense,numbered,land,excluded,land: not a building (art. 2.h),none,lot,,0,excluded,n/a,n/a,n/a,n/a,n/a,excluded,none,no,,,,
BOE-B-2025-6944#42,BOE-B-2025-6944,42,2025-02-26,5B,Patrimonio del Estado (DEH),Delegación de Economía y Hacienda en Ourense,numbered,land,excluded,land: not a building (art. 2.h),none,lot,,0,excluded,n/a,n/a,n/a,n/a,n/a,excluded,none,no,,,,
BOE-B-2025-6944#43,BOE-B-2025-6944,43,2025-02-26,5B,Patrimonio del Estado (DEH),Delegación de Economía y Hacienda en Ourense,numbered,land,excluded,land: not a building (art. 2.h),none,lot,,0,excluded,n/a,n/a,n/a,n/a,n/a,excluded,none,no,,,,
BOE-B-2025-6944#44,BOE-B-2025-6944,44,2025-02-26,5B,Patrimonio del Estado (DEH),Delegación de Economía y Hacienda en Ourense,numbered,land,excluded,land: not a building (art. 2.h),none,lot,,0,excluded,n/a,n/a,n/a,n/a,n/a,excluded,none,no,,,,
BOE-B-2025-6944#45,BOE-B-2025-6944,45,2025-02-26,5B,Patrimonio del Estado (DEH),Delegación de Economía y Hacienda en Ourense,numbered,land,excluded,land: not a building (art. 2.h),none,lot,,0,excluded,n/a,n/a,n/a,n/a,n/a,excluded,none,no,,,,
BOE-B-2025-6944#46,BOE-B-2025-6944,46,2025-02-26,5B,Patrimonio del Estado (DEH),Delegación de Economía y Hacienda en Ourense,numbered,land,excluded,land: not a building (art. 2.h),none,lot,,0,excluded,n/a,n/a,n/a,n/a,n/a,excluded,none,no,,,,
BOE-B-2025-6944#47,BOE-B-2025-6944,47,2025-02-26,5B,Patrimonio del Estado (DEH),Delegación de Economía y Hacienda en Ourense,numbered,land,excluded,land: not a building (art. 2.h),none,lot,,0,excluded,n/a,n/a,n/a,n/a,n/a,excluded,none,no,,,,
BOE-B-2025-6944#48,BOE-B-2025-6944,48,2025-02-26,5B,Patrimonio del Estado (DEH),Delegación de Economía y Hacienda en Ourense,numbered,land,excluded,land: not a building (art. 2.h),none,lot,,0,excluded,n/a,n/a,n/a,n/a,n/a,excluded,none,no,,,,
BOE-B-2025-6944#49,BOE-B-2025-6944,49,2025-02-26,5B,Patrimonio del Estado (DEH),Delegación de Economía y Hacienda en Ourense,numbered,land,excluded,land: not a building (art. 2.h),none,lot,,0,excluded,n/a,n/a,n/a,n/a,n/a,excluded,none,no,,,,
BOE-B-2025-6944#5,BOE-B-2025-6944,5,2025-02-26,5B,Patrimonio del Estado (DEH),Delegación de Economía y Hacienda en Ourense,numbered,land,excluded,land: not a building (art. 2.h),none,lot,,0,excluded,n/a,n/a,n/a,n/a,n/a,excluded,none,no,,,,
BOE-B-2025-6944#50,BOE-B-2025-6944,50,2025-02-26,5B,Patrimonio del Estado (DEH),Delegación de Economía y Hacienda en Ourense,numbered,land,excluded,land: not a building (art. 2.h),none,lot,,0,excluded,n/a,n/a,n/a,n/a,n/a,excluded,none,no,,,,
BOE-B-2025-6944#51,BOE-B-2025-6944,51,2025-02-26,5B,Patrimonio del Estado (DEH),Delegación de Economía y Hacienda en Ourense,numbered,land,excluded,land: not a building (art. 2.h),none,lot,,0,excluded,n/a,n/a,n/a,n/a,n/a,excluded,none,no,,,,
BOE-B-2025-6944#52,BOE-B-2025-6944,52,2025-02-26,5B,Patrimonio del Estado (DEH),Delegación de Economía y Hacienda en Ourense,numbered,land,excluded,land: not a building (art. 2.h),none,lot,,0,excluded,n/a,n/a,n/a,n/a,n/a,excluded,none,no,,,,
BOE-B-2025-6944#53,BOE-B-2025-6944,53,2025-02-26,5B,Patrimonio del Estado (DEH),Delegación de Economía y Hacienda en Ourense,numbered,land,excluded,land: not a building (art. 2.h),none,lot,,0,excluded,n/a,n/a,n/a,n/a,n/a,excluded,none,no,,,,
BOE-B-2025-6944#54,BOE-B-2025-6944,54,2025-02-26,5B,Patrimonio del Estado (DEH),Delegación de Economía y Hacienda en Ourense,numbered,land,excluded,land: not a building (art. 2.h),none,lot,,0,excluded,n/a,n/a,n/a,n/a,n/a,excluded,none,no,,,,
BOE-B-2025-6944#55,BOE-B-2025-6944,55,2025-02-26,5B,Patrimonio del Estado (DEH),Delegación de Economía y Hacienda en Ourense,numbered,land,excluded,land: not a building (art. 2.h),none,lot,,0,excluded,n/a,n/a,n/a,n/a,n/a,excluded,none,no,,,,
BOE-B-2025-6944#56,BOE-B-2025-6944,56,2025-02-26,5B,Patrimonio del Estado (DEH),Delegación de Economía y Hacienda en Ourense,numbered,land,excluded,land: not a building (art. 2.h),none,lot,,0,excluded,n/a,n/a,n/a,n/a,n/a,excluded,none,no,,,,
BOE-B-2025-6944#57,BOE-B-2025-6944,57,2025-02-26,5B,Patrimonio del Estado (DEH),Delegación de Economía y Hacienda en Ourense,numbered,land,excluded,land: not a building (art. 2.h),none,lot,,0,excluded,n/a,n/a,n/a,n/a,n/a,excluded,none,no,,,,
BOE-B-2025-6944#58,BOE-B-2025-6944,58,2025-02-26,5B,Patrimonio del Estado (DEH),Delegación de Economía y Hacienda en Ourense,numbered,land,excluded,land: not a building (art. 2.h),none,lot,,0,excluded,n/a,n/a,n/a,n/a,n/a,excluded,none,no,,,,
BOE-B-2025-6944#59,BOE-B-2025-6944,59,2025-02-26,5B,Patrimonio del Estado (DEH),Delegación de Economía y Hacienda en Ourense,numbered,land,excluded,land: not a building (art. 2.h),none,lot,,0,excluded,n/a,n/a,n/a,n/a,n/a,excluded,none,no,,,,
BOE-B-2025-6944#6,BOE-B-2025-6944,6,2025-02-26,5B,Patrimonio del Estado (DEH),Delegación de Economía y Hacienda en Ourense,numbered,land,excluded,land: not a building (art. 2.h),none,lot,,0,excluded,n/a,n/a,n/a,n/a,n/a,excluded,none,no,,,,
BOE-B-2025-6944#60,BOE-B-2025-6944,60,2025-02-26,5B,Patrimonio del Estado (DEH),Delegación de Economía y Hacienda en Ourense,numbered,land,excluded,land: not a building (art. 2.h),none,lot,,0,excluded,n/a,n/a,n/a,n/a,n/a,excluded,none,no,,,,
BOE-B-2025-6944#7,BOE-B-2025-6944,7,2025-02-26,5B,Patrimonio del Estado (DEH),Delegación de Economía y Hacienda en Ourense,numbered,land,excluded,land: not a building (art. 2.h),none,lot,,0,excluded,n/a,n/a,n/a,n/a,n/a,excluded,none,no,,,,
BOE-B-2025-6944#8,BOE-B-2025-6944,8,2025-02-26,5B,Patrimonio del Estado (DEH),Delegación de Economía y Hacienda en Ourense,numbered,land,excluded,land: not a building (art. 2.h),none,lot,,0,excluded,n/a,n/a,n/a,n/a,n/a,excluded,none,no,,,,
BOE-B-2025-6944#9,BOE-B-2025-6944,9,2025-02-26,5B,Patrimonio del Estado (DEH),Delegación de Economía y Hacienda en Ourense,numbered,land,excluded,land: not a building (art. 2.h),none,lot,,0,excluded,n/a,n/a,n/a,n/a,n/a,excluded,none,no,,,,
BOE-B-2025-6980#?,BOE-B-2025-6980,?,2025-02-26,5B,Other public bodies,Organismo Autónomo Parques Nacionales,not_described,land,drop,,none,lot,,0,dropped,n/a,n/a,n/a,n/a,n/a,undeterminable,none,yes,R3,,scope undeterminable>drop,"sale of timber (aprovechamiento), not of property"
BOE-B-2025-6982#?,BOE-B-2025-6982,?,2025-02-26,5B,Other public bodies,Organismo Autónomo Parques Nacionales,not_described,land,drop,,none,lot,,0,dropped,n/a,n/a,n/a,n/a,n/a,undeterminable,none,yes,R3,,scope undeterminable>drop,"sale of timber (aprovechamiento), not of property"
BOE-B-2025-7059#r1,BOE-B-2025-7059,r1,2025-02-27,5B,Patrimonio del Estado (DEH),Delegación de Economía y Hacienda en Cuenca,single,land,excluded,land: not a building (art. 2.h),none,lot,,0,excluded,n/a,n/a,n/a,n/a,n/a,excluded,none,yes,extra,,split,"rustic plot, row 1 of the notice's table (a table of plots read as one lot)"
BOE-B-2025-7059#r10,BOE-B-2025-7059,r10,2025-02-27,5B,Patrimonio del Estado (DEH),Delegación de Economía y Hacienda en Cuenca,single,land,excluded,land: not a building (art. 2.h),none,lot,,0,excluded,n/a,n/a,n/a,n/a,n/a,excluded,none,yes,extra,,split,"rustic plot, row 10 of the notice's table (a table of plots read as one lot)"
BOE-B-2025-7059#r11,BOE-B-2025-7059,r11,2025-02-27,5B,Patrimonio del Estado (DEH),Delegación de Economía y Hacienda en Cuenca,single,land,excluded,land: not a building (art. 2.h),none,lot,,0,excluded,n/a,n/a,n/a,n/a,n/a,excluded,none,yes,extra,,split,"rustic plot, row 11 of the notice's table (a table of plots read as one lot)"
BOE-B-2025-7059#r12,BOE-B-2025-7059,r12,2025-02-27,5B,Patrimonio del Estado (DEH),Delegación de Economía y Hacienda en Cuenca,single,land,excluded,land: not a building (art. 2.h),none,lot,,0,excluded,n/a,n/a,n/a,n/a,n/a,excluded,none,yes,extra,,split,"rustic plot, row 12 of the notice's table (a table of plots read as one lot)"
BOE-B-2025-7059#r13,BOE-B-2025-7059,r13,2025-02-27,5B,Patrimonio del Estado (DEH),Delegación de Economía y Hacienda en Cuenca,single,land,excluded,land: not a building (art. 2.h),none,lot,,0,excluded,n/a,n/a,n/a,n/a,n/a,excluded,none,yes,extra,,split,"rustic plot, row 13 of the notice's table (a table of plots read as one lot)"
BOE-B-2025-7059#r14,BOE-B-2025-7059,r14,2025-02-27,5B,Patrimonio del Estado (DEH),Delegación de Economía y Hacienda en Cuenca,single,land,excluded,land: not a building (art. 2.h),none,lot,,0,excluded,n/a,n/a,n/a,n/a,n/a,excluded,none,yes,extra,,split,"rustic plot, row 14 of the notice's table (a table of plots read as one lot)"
BOE-B-2025-7059#r15,BOE-B-2025-7059,r15,2025-02-27,5B,Patrimonio del Estado (DEH),Delegación de Economía y Hacienda en Cuenca,single,land,excluded,land: not a building (art. 2.h),none,lot,,0,excluded,n/a,n/a,n/a,n/a,n/a,excluded,none,yes,extra,,split,"rustic plot, row 15 of the notice's table (a table of plots read as one lot)"
BOE-B-2025-7059#r16,BOE-B-2025-7059,r16,2025-02-27,5B,Patrimonio del Estado (DEH),Delegación de Economía y Hacienda en Cuenca,single,land,excluded,land: not a building (art. 2.h),none,lot,,0,excluded,n/a,n/a,n/a,n/a,n/a,excluded,none,yes,extra,,split,"rustic plot, row 16 of the notice's table (a table of plots read as one lot)"
BOE-B-2025-7059#r17,BOE-B-2025-7059,r17,2025-02-27,5B,Patrimonio del Estado (DEH),Delegación de Economía y Hacienda en Cuenca,single,land,excluded,land: not a building (art. 2.h),none,lot,,0,excluded,n/a,n/a,n/a,n/a,n/a,excluded,none,yes,extra,,split,"rustic plot, row 17 of the notice's table (a table of plots read as one lot)"
BOE-B-2025-7059#r18,BOE-B-2025-7059,r18,2025-02-27,5B,Patrimonio del Estado (DEH),Delegación de Economía y Hacienda en Cuenca,single,land,excluded,land: not a building (art. 2.h),none,lot,,0,excluded,n/a,n/a,n/a,n/a,n/a,excluded,none,yes,extra,,split,"rustic plot, row 18 of the notice's table (a table of plots read as one lot)"
BOE-B-2025-7059#r19,BOE-B-2025-7059,r19,2025-02-27,5B,Patrimonio del Estado (DEH),Delegación de Economía y Hacienda en Cuenca,single,land,excluded,land: not a building (art. 2.h),none,lot,,0,excluded,n/a,n/a,n/a,n/a,n/a,excluded,none,yes,extra,,split,"rustic plot, row 19 of the notice's table (a table of plots read as one lot)"
BOE-B-2025-7059#r2,BOE-B-2025-7059,r2,2025-02-27,5B,Patrimonio del Estado (DEH),Delegación de Economía y Hacienda en Cuenca,single,land,excluded,land: not a building (art. 2.h),none,lot,,0,excluded,n/a,n/a,n/a,n/a,n/a,excluded,none,yes,extra,,split,"rustic plot, row 2 of the notice's table (a table of plots read as one lot)"
BOE-B-2025-7059#r20,BOE-B-2025-7059,r20,2025-02-27,5B,Patrimonio del Estado (DEH),Delegación de Economía y Hacienda en Cuenca,single,land,excluded,land: not a building (art. 2.h),none,lot,,0,excluded,n/a,n/a,n/a,n/a,n/a,excluded,none,yes,extra,,split,"rustic plot, row 20 of the notice's table (a table of plots read as one lot)"
BOE-B-2025-7059#r21,BOE-B-2025-7059,r21,2025-02-27,5B,Patrimonio del Estado (DEH),Delegación de Economía y Hacienda en Cuenca,single,land,excluded,land: not a building (art. 2.h),none,lot,,0,excluded,n/a,n/a,n/a,n/a,n/a,excluded,none,yes,extra,,split,"rustic plot, row 21 of the notice's table (a table of plots read as one lot)"
BOE-B-2025-7059#r22,BOE-B-2025-7059,r22,2025-02-27,5B,Patrimonio del Estado (DEH),Delegación de Economía y Hacienda en Cuenca,single,land,excluded,land: not a building (art. 2.h),none,lot,,0,excluded,n/a,n/a,n/a,n/a,n/a,excluded,none,yes,extra,,split,"rustic plot, row 22 of the notice's table (a table of plots read as one lot)"
BOE-B-2025-7059#r23,BOE-B-2025-7059,r23,2025-02-27,5B,Patrimonio del Estado (DEH),Delegación de Economía y Hacienda en Cuenca,single,land,excluded,land: not a building (art. 2.h),none,lot,,0,excluded,n/a,n/a,n/a,n/a,n/a,excluded,none,yes,extra,,split,"rustic plot, row 23 of the notice's table (a table of plots read as one lot)"
BOE-B-2025-7059#r24,BOE-B-2025-7059,r24,2025-02-27,5B,Patrimonio del Estado (DEH),Delegación de Economía y Hacienda en Cuenca,single,land,excluded,land: not a building (art. 2.h),none,lot,,0,excluded,n/a,n/a,n/a,n/a,n/a,excluded,none,yes,extra,,split,"rustic plot, row 24 of the notice's table (a table of plots read as one lot)"
BOE-B-2025-7059#r25,BOE-B-2025-7059,r25,2025-02-27,5B,Patrimonio del Estado (DEH),Delegación de Economía y Hacienda en Cuenca,single,land,excluded,land: not a building (art. 2.h),none,lot,,0,excluded,n/a,n/a,n/a,n/a,n/a,excluded,none,yes,extra,,split,"rustic plot, row 25 of the notice's table (a table of plots read as one lot)"
BOE-B-2025-7059#r26,BOE-B-2025-7059,r26,2025-02-27,5B,Patrimonio del Estado (DEH),Delegación de Economía y Hacienda en Cuenca,single,land,excluded,land: not a building (art. 2.h),none,lot,,0,excluded,n/a,n/a,n/a,n/a,n/a,excluded,none,yes,extra,,split,"rustic plot, row 26 of the notice's table (a table of plots read as one lot)"
BOE-B-2025-7059#r27,BOE-B-2025-7059,r27,2025-02-27,5B,Patrimonio del Estado (DEH),Delegación de Economía y Hacienda en Cuenca,single,land,excluded,land: not a building (art. 2.h),none,lot,,0,excluded,n/a,n/a,n/a,n/a,n/a,excluded,none,yes,extra,,split,"rustic plot, row 27 of the notice's table (a table of plots read as one lot)"
BOE-B-2025-7059#r28,BOE-B-2025-7059,r28,2025-02-27,5B,Patrimonio del Estado (DEH),Delegación de Economía y Hacienda en Cuenca,single,land,excluded,land: not a building (art. 2.h),none,lot,,0,excluded,n/a,n/a,n/a,n/a,n/a,excluded,none,yes,extra,,split,"rustic plot, row 28 of the notice's table (a table of plots read as one lot)"
BOE-B-2025-7059#r29,BOE-B-2025-7059,r29,2025-02-27,5B,Patrimonio del Estado (DEH),Delegación de Economía y Hacienda en Cuenca,single,land,excluded,land: not a building (art. 2.h),none,lot,,0,excluded,n/a,n/a,n/a,n/a,n/a,excluded,none,yes,extra,,split,"rustic plot, row 29 of the notice's table (a table of plots read as one lot)"
BOE-B-2025-7059#r3,BOE-B-2025-7059,r3,2025-02-27,5B,Patrimonio del Estado (DEH),Delegación de Economía y Hacienda en Cuenca,single,land,excluded,land: not a building (art. 2.h),none,lot,,0,excluded,n/a,n/a,n/a,n/a,n/a,excluded,none,yes,extra,,split,"rustic plot, row 3 of the notice's table (a table of plots read as one lot)"
BOE-B-2025-7059#r30,BOE-B-2025-7059,r30,2025-02-27,5B,Patrimonio del Estado (DEH),Delegación de Economía y Hacienda en Cuenca,single,land,excluded,land: not a building (art. 2.h),none,lot,,0,excluded,n/a,n/a,n/a,n/a,n/a,excluded,none,yes,extra,,split,"rustic plot, row 30 of the notice's table (a table of plots read as one lot)"
BOE-B-2025-7059#r31,BOE-B-2025-7059,r31,2025-02-27,5B,Patrimonio del Estado (DEH),Delegación de Economía y Hacienda en Cuenca,single,land,excluded,land: not a building (art. 2.h),none,lot,,0,excluded,n/a,n/a,n/a,n/a,n/a,excluded,none,yes,extra,,split,"rustic plot, row 31 of the notice's table (a table of plots read as one lot)"
BOE-B-2025-7059#r32,BOE-B-2025-7059,r32,2025-02-27,5B,Patrimonio del Estado (DEH),Delegación de Economía y Hacienda en Cuenca,single,land,excluded,land: not a building (art. 2.h),none,lot,,0,excluded,n/a,n/a,n/a,n/a,n/a,excluded,none,yes,extra,,split,"rustic plot, row 32 of the notice's table (a table of plots read as one lot)"
BOE-B-2025-7059#r33,BOE-B-2025-7059,r33,2025-02-27,5B,Patrimonio del Estado (DEH),Delegación de Economía y Hacienda en Cuenca,single,land,excluded,land: not a building (art. 2.h),none,lot,,0,excluded,n/a,n/a,n/a,n/a,n/a,excluded,none,yes,extra,,split,"rustic plot, row 33 of the notice's table (a table of plots read as one lot)"
BOE-B-2025-7059#r34,BOE-B-2025-7059,r34,2025-02-27,5B,Patrimonio del Estado (DEH),Delegación de Economía y Hacienda en Cuenca,single,land,excluded,land: not a building (art. 2.h),none,lot,,0,excluded,n/a,n/a,n/a,n/a,n/a,excluded,none,yes,extra,,split,"rustic plot, row 34 of the notice's table (a table of plots read as one lot)"
BOE-B-2025-7059#r35,BOE-B-2025-7059,r35,2025-02-27,5B,Patrimonio del Estado (DEH),Delegación de Economía y Hacienda en Cuenca,single,land,excluded,land: not a building (art. 2.h),none,lot,,0,excluded,n/a,n/a,n/a,n/a,n/a,excluded,none,yes,extra,,split,"rustic plot, row 35 of the notice's table (a table of plots read as one lot)"
BOE-B-2025-7059#r36,BOE-B-2025-7059,r36,2025-02-27,5B,Patrimonio del Estado (DEH),Delegación de Economía y Hacienda en Cuenca,single,land,excluded,land: not a building (art. 2.h),none,lot,,0,excluded,n/a,n/a,n/a,n/a,n/a,excluded,none,yes,extra,,split,"rustic plot, row 36 of the notice's table (a table of plots read as one lot)"
BOE-B-2025-7059#r37,BOE-B-2025-7059,r37,2025-02-27,5B,Patrimonio del Estado (DEH),Delegación de Economía y Hacienda en Cuenca,single,land,excluded,land: not a building (art. 2.h),none,lot,,0,excluded,n/a,n/a,n/a,n/a,n/a,excluded,none,yes,extra,,split,"rustic plot, row 37 of the notice's table (a table of plots read as one lot)"
BOE-B-2025-7059#r38,BOE-B-2025-7059,r38,2025-02-27,5B,Patrimonio del Estado (DEH),Delegación de Economía y Hacienda en Cuenca,single,land,excluded,land: not a building (art. 2.h),none,lot,,0,excluded,n/a,n/a,n/a,n/a,n/a,excluded,none,yes,extra,,split,"rustic plot, row 38 of the notice's table (a table of plots read as one lot)"
BOE-B-2025-7059#r39,BOE-B-2025-7059,r39,2025-02-27,5B,Patrimonio del Estado (DEH),Delegación de Economía y Hacienda en Cuenca,single,land,excluded,land: not a building (art. 2.h),none,lot,,0,excluded,n/a,n/a,n/a,n/a,n/a,excluded,none,yes,extra,,split,"rustic plot, row 39 of the notice's table (a table of plots read as one lot)"
BOE-B-2025-7059#r4,BOE-B-2025-7059,r4,2025-02-27,5B,Patrimonio del Estado (DEH),Delegación de Economía y Hacienda en Cuenca,single,land,excluded,land: not a building (art. 2.h),none,lot,,0,excluded,n/a,n/a,n/a,n/a,n/a,excluded,none,yes,extra,,split,"rustic plot, row 4 of the notice's table (a table of plots read as one lot)"
BOE-B-2025-7059#r40,BOE-B-2025-7059,r40,2025-02-27,5B,Patrimonio del Estado (DEH),Delegación de Economía y Hacienda en Cuenca,single,land,excluded,land: not a building (art. 2.h),none,lot,,0,excluded,n/a,n/a,n/a,n/a,n/a,excluded,none,yes,extra,,split,"rustic plot, row 40 of the notice's table (a table of plots read as one lot)"
BOE-B-2025-7059#r41,BOE-B-2025-7059,r41,2025-02-27,5B,Patrimonio del Estado (DEH),Delegación de Economía y Hacienda en Cuenca,single,land,excluded,land: not a building (art. 2.h),none,lot,,0,excluded,n/a,n/a,n/a,n/a,n/a,excluded,none,yes,extra,,split,"rustic plot, row 41 of the notice's table (a table of plots read as one lot)"
BOE-B-2025-7059#r42,BOE-B-2025-7059,r42,2025-02-27,5B,Patrimonio del Estado (DEH),Delegación de Economía y Hacienda en Cuenca,single,land,excluded,land: not a building (art. 2.h),none,lot,,0,excluded,n/a,n/a,n/a,n/a,n/a,excluded,none,yes,extra,,split,"rustic plot, row 42 of the notice's table (a table of plots read as one lot)"
BOE-B-2025-7059#r43,BOE-B-2025-7059,r43,2025-02-27,5B,Patrimonio del Estado (DEH),Delegación de Economía y Hacienda en Cuenca,single,land,excluded,land: not a building (art. 2.h),none,lot,,0,excluded,n/a,n/a,n/a,n/a,n/a,excluded,none,yes,extra,,split,"rustic plot, row 43 of the notice's table (a table of plots read as one lot)"
BOE-B-2025-7059#r44,BOE-B-2025-7059,r44,2025-02-27,5B,Patrimonio del Estado (DEH),Delegación de Economía y Hacienda en Cuenca,single,land,excluded,land: not a building (art. 2.h),none,lot,,0,excluded,n/a,n/a,n/a,n/a,n/a,excluded,none,yes,extra,,split,"rustic plot, row 44 of the notice's table (a table of plots read as one lot)"
BOE-B-2025-7059#r45,BOE-B-2025-7059,r45,2025-02-27,5B,Patrimonio del Estado (DEH),Delegación de Economía y Hacienda en Cuenca,single,land,excluded,land: not a building (art. 2.h),none,lot,,0,excluded,n/a,n/a,n/a,n/a,n/a,excluded,none,yes,extra,,split,"rustic plot, row 45 of the notice's table (a table of plots read as one lot)"
BOE-B-2025-7059#r46,BOE-B-2025-7059,r46,2025-02-27,5B,Patrimonio del Estado (DEH),Delegación de Economía y Hacienda en Cuenca,single,land,excluded,land: not a building (art. 2.h),none,lot,,0,excluded,n/a,n/a,n/a,n/a,n/a,excluded,none,yes,extra,,split,"rustic plot, row 46 of the notice's table (a table of plots read as one lot)"
BOE-B-2025-7059#r47,BOE-B-2025-7059,r47,2025-02-27,5B,Patrimonio del Estado (DEH),Delegación de Economía y Hacienda en Cuenca,single,land,excluded,land: not a building (art. 2.h),none,lot,,0,excluded,n/a,n/a,n/a,n/a,n/a,excluded,none,yes,extra,,split,"rustic plot, row 47 of the notice's table (a table of plots read as one lot)"
BOE-B-2025-7059#r48,BOE-B-2025-7059,r48,2025-02-27,5B,Patrimonio del Estado (DEH),Delegación de Economía y Hacienda en Cuenca,single,land,excluded,land: not a building (art. 2.h),none,lot,,0,excluded,n/a,n/a,n/a,n/a,n/a,excluded,none,yes,extra,,split,"rustic plot, row 48 of the notice's table (a table of plots read as one lot)"
BOE-B-2025-7059#r49,BOE-B-2025-7059,r49,2025-02-27,5B,Patrimonio del Estado (DEH),Delegación de Economía y Hacienda en Cuenca,single,land,excluded,land: not a building (art. 2.h),none,lot,,0,excluded,n/a,n/a,n/a,n/a,n/a,excluded,none,yes,extra,,split,"rustic plot, row 49 of the notice's table (a table of plots read as one lot)"
BOE-B-2025-7059#r5,BOE-B-2025-7059,r5,2025-02-27,5B,Patrimonio del Estado (DEH),Delegación de Economía y Hacienda en Cuenca,single,land,excluded,land: not a building (art. 2.h),none,lot,,0,excluded,n/a,n/a,n/a,n/a,n/a,excluded,none,yes,extra,,split,"rustic plot, row 5 of the notice's table (a table of plots read as one lot)"
BOE-B-2025-7059#r50,BOE-B-2025-7059,r50,2025-02-27,5B,Patrimonio del Estado (DEH),Delegación de Economía y Hacienda en Cuenca,single,land,excluded,land: not a building (art. 2.h),none,lot,,0,excluded,n/a,n/a,n/a,n/a,n/a,excluded,none,yes,extra,,split,"rustic plot, row 50 of the notice's table (a table of plots read as one lot)"
BOE-B-2025-7059#r51,BOE-B-2025-7059,r51,2025-02-27,5B,Patrimonio del Estado (DEH),Delegación de Economía y Hacienda en Cuenca,single,land,excluded,land: not a building (art. 2.h),none,lot,,0,excluded,n/a,n/a,n/a,n/a,n/a,excluded,none,yes,extra,,split,"rustic plot, row 51 of the notice's table (a table of plots read as one lot)"
BOE-B-2025-7059#r52,BOE-B-2025-7059,r52,2025-02-27,5B,Patrimonio del Estado (DEH),Delegación de Economía y Hacienda en Cuenca,single,land,excluded,land: not a building (art. 2.h),none,lot,,0,excluded,n/a,n/a,n/a,n/a,n/a,excluded,none,yes,extra,,split,"rustic plot, row 52 of the notice's table (a table of plots read as one lot)"
BOE-B-2025-7059#r53,BOE-B-2025-7059,r53,2025-02-27,5B,Patrimonio del Estado (DEH),Delegación de Economía y Hacienda en Cuenca,single,land,excluded,land: not a building (art. 2.h),none,lot,,0,excluded,n/a,n/a,n/a,n/a,n/a,excluded,none,yes,extra,,split,"rustic plot, row 53 of the notice's table (a table of plots read as one lot)"
BOE-B-2025-7059#r54,BOE-B-2025-7059,r54,2025-02-27,5B,Patrimonio del Estado (DEH),Delegación de Economía y Hacienda en Cuenca,single,land,excluded,land: not a building (art. 2.h),none,lot,,0,excluded,n/a,n/a,n/a,n/a,n/a,excluded,none,yes,extra,,split,"rustic plot, row 54 of the notice's table (a table of plots read as one lot)"
BOE-B-2025-7059#r55,BOE-B-2025-7059,r55,2025-02-27,5B,Patrimonio del Estado (DEH),Delegación de Economía y Hacienda en Cuenca,single,land,excluded,land: not a building (art. 2.h),none,lot,,0,excluded,n/a,n/a,n/a,n/a,n/a,excluded,none,yes,extra,,split,"rustic plot, row 55 of the notice's table (a table of plots read as one lot)"
BOE-B-2025-7059#r56,BOE-B-2025-7059,r56,2025-02-27,5B,Patrimonio del Estado (DEH),Delegación de Economía y Hacienda en Cuenca,single,land,excluded,land: not a building (art. 2.h),none,lot,,0,excluded,n/a,n/a,n/a,n/a,n/a,excluded,none,yes,extra,,split,"rustic plot, row 56 of the notice's table (a table of plots read as one lot)"
BOE-B-2025-7059#r57,BOE-B-2025-7059,r57,2025-02-27,5B,Patrimonio del Estado (DEH),Delegación de Economía y Hacienda en Cuenca,single,land,excluded,land: not a building (art. 2.h),none,lot,,0,excluded,n/a,n/a,n/a,n/a,n/a,excluded,none,yes,extra,,split,"rustic plot, row 57 of the notice's table (a table of plots read as one lot)"
BOE-B-2025-7059#r58,BOE-B-2025-7059,r58,2025-02-27,5B,Patrimonio del Estado (DEH),Delegación de Economía y Hacienda en Cuenca,single,land,excluded,land: not a building (art. 2.h),none,lot,,0,excluded,n/a,n/a,n/a,n/a,n/a,excluded,none,yes,extra,,split,"rustic plot, row 58 of the notice's table (a table of plots read as one lot)"
BOE-B-2025-7059#r59,BOE-B-2025-7059,r59,2025-02-27,5B,Patrimonio del Estado (DEH),Delegación de Economía y Hacienda en Cuenca,single,land,excluded,land: not a building (art. 2.h),none,lot,,0,excluded,n/a,n/a,n/a,n/a,n/a,excluded,none,yes,extra,,split,"rustic plot, row 59 of the notice's table (a table of plots read as one lot)"
BOE-B-2025-7059#r6,BOE-B-2025-7059,r6,2025-02-27,5B,Patrimonio del Estado (DEH),Delegación de Economía y Hacienda en Cuenca,single,land,excluded,land: not a building (art. 2.h),none,lot,,0,excluded,n/a,n/a,n/a,n/a,n/a,excluded,none,yes,extra,,split,"rustic plot, row 6 of the notice's table (a table of plots read as one lot)"
BOE-B-2025-7059#r60,BOE-B-2025-7059,r60,2025-02-27,5B,Patrimonio del Estado (DEH),Delegación de Economía y Hacienda en Cuenca,single,land,excluded,land: not a building (art. 2.h),none,lot,,0,excluded,n/a,n/a,n/a,n/a,n/a,excluded,none,yes,extra,,split,"rustic plot, row 60 of the notice's table (a table of plots read as one lot)"
BOE-B-2025-7059#r61,BOE-B-2025-7059,r61,2025-02-27,5B,Patrimonio del Estado (DEH),Delegación de Economía y Hacienda en Cuenca,single,land,excluded,land: not a building (art. 2.h),none,lot,,0,excluded,n/a,n/a,n/a,n/a,n/a,excluded,none,yes,extra,,split,"rustic plot, row 61 of the notice's table (a table of plots read as one lot)"
BOE-B-2025-7059#r62,BOE-B-2025-7059,r62,2025-02-27,5B,Patrimonio del Estado (DEH),Delegación de Economía y Hacienda en Cuenca,single,land,excluded,land: not a building (art. 2.h),none,lot,,0,excluded,n/a,n/a,n/a,n/a,n/a,excluded,none,yes,extra,,split,"rustic plot, row 62 of the notice's table (a table of plots read as one lot)"
BOE-B-2025-7059#r63,BOE-B-2025-7059,r63,2025-02-27,5B,Patrimonio del Estado (DEH),Delegación de Economía y Hacienda en Cuenca,single,land,excluded,land: not a building (art. 2.h),none,lot,,0,excluded,n/a,n/a,n/a,n/a,n/a,excluded,none,yes,extra,,split,"rustic plot, row 63 of the notice's table (a table of plots read as one lot)"
BOE-B-2025-7059#r64,BOE-B-2025-7059,r64,2025-02-27,5B,Patrimonio del Estado (DEH),Delegación de Economía y Hacienda en Cuenca,single,land,excluded,land: not a building (art. 2.h),none,lot,,0,excluded,n/a,n/a,n/a,n/a,n/a,excluded,none,yes,extra,,split,"rustic plot, row 64 of the notice's table (a table of plots read as one lot)"
BOE-B-2025-7059#r65,BOE-B-2025-7059,r65,2025-02-27,5B,Patrimonio del Estado (DEH),Delegación de Economía y Hacienda en Cuenca,single,land,excluded,land: not a building (art. 2.h),none,lot,,0,excluded,n/a,n/a,n/a,n/a,n/a,excluded,none,yes,extra,,split,"rustic plot, row 65 of the notice's table (a table of plots read as one lot)"
BOE-B-2025-7059#r66,BOE-B-2025-7059,r66,2025-02-27,5B,Patrimonio del Estado (DEH),Delegación de Economía y Hacienda en Cuenca,single,land,excluded,land: not a building (art. 2.h),none,lot,,0,excluded,n/a,n/a,n/a,n/a,n/a,excluded,none,yes,extra,,split,"rustic plot, row 66 of the notice's table (a table of plots read as one lot)"
BOE-B-2025-7059#r67,BOE-B-2025-7059,r67,2025-02-27,5B,Patrimonio del Estado (DEH),Delegación de Economía y Hacienda en Cuenca,single,land,excluded,land: not a building (art. 2.h),none,lot,,0,excluded,n/a,n/a,n/a,n/a,n/a,excluded,none,yes,extra,,split,"rustic plot, row 67 of the notice's table (a table of plots read as one lot)"
BOE-B-2025-7059#r7,BOE-B-2025-7059,r7,2025-02-27,5B,Patrimonio del Estado (DEH),Delegación de Economía y Hacienda en Cuenca,single,land,excluded,land: not a building (art. 2.h),none,lot,,0,excluded,n/a,n/a,n/a,n/a,n/a,excluded,none,yes,extra,,split,"rustic plot, row 7 of the notice's table (a table of plots read as one lot)"
BOE-B-2025-7059#r8,BOE-B-2025-7059,r8,2025-02-27,5B,Patrimonio del Estado (DEH),Delegación de Economía y Hacienda en Cuenca,single,land,excluded,land: not a building (art. 2.h),none,lot,,0,excluded,n/a,n/a,n/a,n/a,n/a,excluded,none,yes,extra,,split,"rustic plot, row 8 of the notice's table (a table of plots read as one lot)"
BOE-B-2025-7059#r9,BOE-B-2025-7059,r9,2025-02-27,5B,Patrimonio del Estado (DEH),Delegación de Economía y Hacienda en Cuenca,single,land,excluded,land: not a building (art. 2.h),none,lot,,0,excluded,n/a,n/a,n/a,n/a,n/a,excluded,none,yes,extra,,split,"rustic plot, row 9 of the notice's table (a table of plots read as one lot)"
BOE-B-2025-7061#?,BOE-B-2025-7061,?,2025-02-27,5B,Other public bodies,Dirección General del Sector Ferroviario,unsplit,land,drop,excluded notice kind: expropriation,none,lot,,0,dropped,n/a,n/a,n/a,n/a,n/a,excluded,none,yes,extra,,scope excluded>drop,expropriation notice (actas previas); not a sale offer
BOE-B-2025-7181#1,BOE-B-2025-7181,1,2025-02-28,5B,TGSS,Dirección Provincial de la Tesorería General de la Seguridad Social de Madrid,lote_header,unit_in_building,covered,,rating,lot,G,1,yes,yes,yes,yes,yes,yes,covered,rating,yes,R2,,none,rating letter(s) stated in the lot; confirmed
BOE-B-2025-7181#2,BOE-B-2025-7181,2,2025-02-28,5B,TGSS,Dirección Provincial de la Tesorería General de la Seguridad Social de Madrid,lote_header,unit_in_building,covered,,rating,lot,E,1,yes,yes,yes,yes,yes,yes,covered,rating,no,,,,
BOE-B-2025-7181#3,BOE-B-2025-7181,3,2025-02-28,5B,TGSS,Dirección Provincial de la Tesorería General de la Seguridad Social de Madrid,lote_header,unit_in_building,covered,,rating,lot,E,1,yes,yes,yes,yes,yes,yes,covered,rating,yes,R2,,none,rating letter(s) stated in the lot; confirmed
BOE-B-2025-7181#4,BOE-B-2025-7181,4,2025-02-28,5B,TGSS,Dirección Provincial de la Tesorería General de la Seguridad Social de Madrid,lote_header,unit_in_building,covered,,rating,lot,EF,1,yes,yes,yes,yes,yes,yes,covered,rating,yes,R2,,none,rating letter(s) stated in the lot; confirmed
BOE-B-2025-7181#5,BOE-B-2025-7181,5,2025-02-28,5B,TGSS,Dirección Provincial de la Tesorería General de la Seguridad Social de Madrid,lote_header,unit_in_building,covered,,rating,lot,EF,1,yes,yes,yes,yes,yes,yes,covered,rating,no,,,,
BOE-B-2025-7708#1,BOE-B-2025-7708,1,2025-03-03,5B,Patrimonio del Estado (DEH),Delegación de Economía y Hacienda en Soria,lote_header,land,excluded,land: not a building (art. 2.h),none,lot,,0,excluded,n/a,n/a,n/a,n/a,n/a,excluded,none,no,,,,
BOE-B-2025-7708#10,BOE-B-2025-7708,10,2025-03-03,5B,Patrimonio del Estado (DEH),Delegación de Economía y Hacienda en Soria,lote_header,land,excluded,land: not a building (art. 2.h),none,lot,,0,excluded,n/a,n/a,n/a,n/a,n/a,excluded,none,no,,,,
BOE-B-2025-7708#11,BOE-B-2025-7708,11,2025-03-03,5B,Patrimonio del Estado (DEH),Delegación de Economía y Hacienda en Soria,lote_header,land,excluded,land: not a building (art. 2.h),none,lot,,0,excluded,n/a,n/a,n/a,n/a,n/a,excluded,none,no,,,,
BOE-B-2025-7708#12,BOE-B-2025-7708,12,2025-03-03,5B,Patrimonio del Estado (DEH),Delegación de Economía y Hacienda en Soria,lote_header,land,excluded,land: not a building (art. 2.h),none,lot,,0,excluded,n/a,n/a,n/a,n/a,n/a,excluded,none,no,,,,
BOE-B-2025-7708#13,BOE-B-2025-7708,13,2025-03-03,5B,Patrimonio del Estado (DEH),Delegación de Economía y Hacienda en Soria,lote_header,land,excluded,land: not a building (art. 2.h),none,lot,,0,excluded,n/a,n/a,n/a,n/a,n/a,excluded,none,no,,,,
BOE-B-2025-7708#14,BOE-B-2025-7708,14,2025-03-03,5B,Patrimonio del Estado (DEH),Delegación de Economía y Hacienda en Soria,lote_header,land,excluded,land: not a building (art. 2.h),none,lot,,0,excluded,n/a,n/a,n/a,n/a,n/a,excluded,none,no,,,,
BOE-B-2025-7708#15,BOE-B-2025-7708,15,2025-03-03,5B,Patrimonio del Estado (DEH),Delegación de Economía y Hacienda en Soria,lote_header,land,excluded,land: not a building (art. 2.h),none,lot,,0,excluded,n/a,n/a,n/a,n/a,n/a,excluded,none,no,,,,
BOE-B-2025-7708#16,BOE-B-2025-7708,16,2025-03-03,5B,Patrimonio del Estado (DEH),Delegación de Economía y Hacienda en Soria,lote_header,land,excluded,land: not a building (art. 2.h),none,lot,,0,excluded,n/a,n/a,n/a,n/a,n/a,excluded,none,no,,,,
BOE-B-2025-7708#17,BOE-B-2025-7708,17,2025-03-03,5B,Patrimonio del Estado (DEH),Delegación de Economía y Hacienda en Soria,lote_header,land,excluded,land: not a building (art. 2.h),none,lot,,0,excluded,n/a,n/a,n/a,n/a,n/a,excluded,none,no,,,,
BOE-B-2025-7708#18,BOE-B-2025-7708,18,2025-03-03,5B,Patrimonio del Estado (DEH),Delegación de Economía y Hacienda en Soria,lote_header,land,excluded,land: not a building (art. 2.h),none,lot,,0,excluded,n/a,n/a,n/a,n/a,n/a,excluded,none,no,,,,
BOE-B-2025-7708#19,BOE-B-2025-7708,19,2025-03-03,5B,Patrimonio del Estado (DEH),Delegación de Economía y Hacienda en Soria,lote_header,land,excluded,land: not a building (art. 2.h),none,lot,,0,excluded,n/a,n/a,n/a,n/a,n/a,excluded,none,no,,,,
BOE-B-2025-7708#2,BOE-B-2025-7708,2,2025-03-03,5B,Patrimonio del Estado (DEH),Delegación de Economía y Hacienda en Soria,lote_header,land,excluded,land: not a building (art. 2.h),none,lot,,0,excluded,n/a,n/a,n/a,n/a,n/a,excluded,none,no,,,,
BOE-B-2025-7708#20,BOE-B-2025-7708,20,2025-03-03,5B,Patrimonio del Estado (DEH),Delegación de Economía y Hacienda en Soria,lote_header,land,excluded,land: not a building (art. 2.h),none,lot,,0,excluded,n/a,n/a,n/a,n/a,n/a,excluded,none,no,,,,
BOE-B-2025-7708#21,BOE-B-2025-7708,21,2025-03-03,5B,Patrimonio del Estado (DEH),Delegación de Economía y Hacienda en Soria,lote_header,land,excluded,land: not a building (art. 2.h),none,lot,,0,excluded,n/a,n/a,n/a,n/a,n/a,excluded,none,no,,,,
BOE-B-2025-7708#22,BOE-B-2025-7708,22,2025-03-03,5B,Patrimonio del Estado (DEH),Delegación de Economía y Hacienda en Soria,lote_header,land,excluded,land: not a building (art. 2.h),none,lot,,0,excluded,n/a,n/a,n/a,n/a,n/a,excluded,none,no,,,,
BOE-B-2025-7708#3,BOE-B-2025-7708,3,2025-03-03,5B,Patrimonio del Estado (DEH),Delegación de Economía y Hacienda en Soria,lote_header,land,excluded,land: not a building (art. 2.h),none,lot,,0,excluded,n/a,n/a,n/a,n/a,n/a,excluded,none,no,,,,
BOE-B-2025-7708#4,BOE-B-2025-7708,4,2025-03-03,5B,Patrimonio del Estado (DEH),Delegación de Economía y Hacienda en Soria,lote_header,land,excluded,land: not a building (art. 2.h),none,lot,,0,excluded,n/a,n/a,n/a,n/a,n/a,excluded,none,no,,,,
BOE-B-2025-7708#5,BOE-B-2025-7708,5,2025-03-03,5B,Patrimonio del Estado (DEH),Delegación de Economía y Hacienda en Soria,lote_header,land,excluded,land: not a building (art. 2.h),none,lot,,0,excluded,n/a,n/a,n/a,n/a,n/a,excluded,none,no,,,,
BOE-B-2025-7708#6,BOE-B-2025-7708,6,2025-03-03,5B,Patrimonio del Estado (DEH),Delegación de Economía y Hacienda en Soria,lote_header,land,excluded,land: not a building (art. 2.h),none,lot,,0,excluded,n/a,n/a,n/a,n/a,n/a,excluded,none,no,,,,
BOE-B-2025-7708#7,BOE-B-2025-7708,7,2025-03-03,5B,Patrimonio del Estado (DEH),Delegación de Economía y Hacienda en Soria,lote_header,land,excluded,land: not a building (art. 2.h),none,lot,,0,excluded,n/a,n/a,n/a,n/a,n/a,excluded,none,no,,,,
BOE-B-2025-7708#8,BOE-B-2025-7708,8,2025-03-03,5B,Patrimonio del Estado (DEH),Delegación de Economía y Hacienda en Soria,lote_header,land,excluded,land: not a building (art. 2.h),none,lot,,0,excluded,n/a,n/a,n/a,n/a,n/a,excluded,none,no,,,,
BOE-B-2025-7708#9,BOE-B-2025-7708,9,2025-03-03,5B,Patrimonio del Estado (DEH),Delegación de Economía y Hacienda en Soria,lote_header,land,excluded,land: not a building (art. 2.h),none,lot,,0,excluded,n/a,n/a,n/a,n/a,n/a,excluded,none,no,,,,
BOE-B-2025-7747#1,BOE-B-2025-7747,1,2025-03-03,5B,TGSS,Tesorería General de la Seguridad Social,single,commercial,covered,,rating,lot,E,1,yes,yes,yes,yes,yes,yes,covered,rating,yes,R2,,none,rating letter(s) stated in the lot; confirmed
BOE-B-2025-8089#1,BOE-B-2025-8089,1,2025-03-05,5B,TGSS,Tesorería General de la Seguridad Social,single,land,excluded,land: not a building (art. 2.h),none,lot,,0,excluded,n/a,n/a,n/a,n/a,n/a,excluded,none,no,,,,
BOE-B-2025-8263#1,BOE-B-2025-8263,1,2025-03-07,5B,TGSS,Tesorería General de la Seguridad Social,lote_header,commercial,covered,,rating,lot,C,1,yes,yes,yes,yes,yes,yes,covered,rating,yes,R2,,none,rating letter(s) stated in the lot; confirmed
BOE-B-2025-8263#2,BOE-B-2025-8263,2,2025-03-07,5B,TGSS,Tesorería General de la Seguridad Social,lote_header,commercial,covered,,rating,lot,D,1,yes,yes,yes,yes,yes,yes,covered,rating,no,,,,
BOE-B-2025-8886#1,BOE-B-2025-8886,1,2025-03-11,5B,Patrimonio del Estado (DEH),Delegación de Economía y Hacienda en Burgos,single,land,excluded,land: not a building (art. 2.h),none,lot,,0,excluded,n/a,n/a,n/a,n/a,n/a,excluded,none,no,,,,
BOE-B-2025-9197#1,BOE-B-2025-9197,1,2025-03-14,5B,INVIED (Defensa),"Organismo autónomo Instituto de Vivienda, Infraestructura y Equipamiento de la Defensa",numbered,commercial,covered,,none,lot,,0,no,no,no,no,no,no,covered,none,yes,R1,,none,"commercial premises (47 m2, in a building); no energy statement"
BOE-B-2025-9197#10,BOE-B-2025-9197,10,2025-03-14,5B,INVIED (Defensa),"Organismo autónomo Instituto de Vivienda, Infraestructura y Equipamiento de la Defensa",numbered,commercial,covered,,none,lot,,0,no,no,no,no,no,no,covered,none,yes,R1,,none,commercial premises; no energy statement
BOE-B-2025-9197#11,BOE-B-2025-9197,11,2025-03-14,5B,INVIED (Defensa),"Organismo autónomo Instituto de Vivienda, Infraestructura y Equipamiento de la Defensa",numbered,commercial,covered,,none,lot,,0,no,no,no,no,no,no,covered,none,yes,R1,,none,commercial premises; no energy statement
BOE-B-2025-9197#12,BOE-B-2025-9197,12,2025-03-14,5B,INVIED (Defensa),"Organismo autónomo Instituto de Vivienda, Infraestructura y Equipamiento de la Defensa",numbered,commercial,covered,,none,lot,,0,no,no,no,no,no,no,covered,none,yes,R1,,none,"commercial premises (33 m2, in a building); no energy statement"
BOE-B-2025-9197#13,BOE-B-2025-9197,13,2025-03-14,5B,INVIED (Defensa),"Organismo autónomo Instituto de Vivienda, Infraestructura y Equipamiento de la Defensa",numbered,land,excluded,land: not a building (art. 2.h),none,lot,,0,excluded,n/a,n/a,n/a,n/a,n/a,covered,none,yes,R1,,scope covered>excluded; type residential>land,"former shooting range, 40 ha of rustic land"
BOE-B-2025-9197#14,BOE-B-2025-9197,14,2025-03-14,5B,INVIED (Defensa),"Organismo autónomo Instituto de Vivienda, Infraestructura y Equipamiento de la Defensa",numbered,building,covered,,none,lot,,0,no,no,no,no,no,no,covered,none,yes,R1,,type residential>building,urban building of four registered units; no energy statement
BOE-B-2025-9197#15,BOE-B-2025-9197,15,2025-03-14,5B,INVIED (Defensa),"Organismo autónomo Instituto de Vivienda, Infraestructura y Equipamiento de la Defensa",numbered,commercial,covered,,none,lot,,0,no,no,no,no,no,no,covered,none,yes,R1,,none,commercial premises; no energy statement
BOE-B-2025-9197#16,BOE-B-2025-9197,16,2025-03-14,5B,INVIED (Defensa),"Organismo autónomo Instituto de Vivienda, Infraestructura y Equipamiento de la Defensa",numbered,commercial,covered,,none,lot,,0,no,no,no,no,no,no,covered,none,yes,R1,,none,commercial premises; no energy statement
BOE-B-2025-9197#17,BOE-B-2025-9197,17,2025-03-14,5B,INVIED (Defensa),"Organismo autónomo Instituto de Vivienda, Infraestructura y Equipamiento de la Defensa",numbered,commercial,covered,,none,lot,,0,no,no,no,no,no,no,covered,none,yes,R1,,none,commercial premises; no energy statement
BOE-B-2025-9197#18,BOE-B-2025-9197,18,2025-03-14,5B,INVIED (Defensa),"Organismo autónomo Instituto de Vivienda, Infraestructura y Equipamiento de la Defensa",numbered,commercial,covered,,none,lot,,0,no,no,no,no,no,no,covered,none,yes,R1,,none,commercial premises; no energy statement
BOE-B-2025-9197#19,BOE-B-2025-9197,19,2025-03-14,5B,INVIED (Defensa),"Organismo autónomo Instituto de Vivienda, Infraestructura y Equipamiento de la Defensa",numbered,commercial,covered,,none,lot,,0,no,no,no,no,no,no,covered,none,yes,R1,,none,commercial premises; no energy statement
BOE-B-2025-9197#2,BOE-B-2025-9197,2,2025-03-14,5B,INVIED (Defensa),"Organismo autónomo Instituto de Vivienda, Infraestructura y Equipamiento de la Defensa",numbered,commercial,covered,,none,lot,,0,no,no,no,no,no,no,covered,none,yes,R1,,none,commercial premises; no energy statement
BOE-B-2025-9197#20,BOE-B-2025-9197,20,2025-03-14,5B,INVIED (Defensa),"Organismo autónomo Instituto de Vivienda, Infraestructura y Equipamiento de la Defensa",numbered,commercial,covered,,none,lot,,0,no,no,no,no,no,no,covered,none,yes,R1,,none,commercial premises; no energy statement
BOE-B-2025-9197#21,BOE-B-2025-9197,21,2025-03-14,5B,INVIED (Defensa),"Organismo autónomo Instituto de Vivienda, Infraestructura y Equipamiento de la Defensa",numbered,land,excluded,land: not a building (art. 2.h),none,lot,,0,excluded,n/a,n/a,n/a,n/a,n/a,excluded,none,no,,,,
BOE-B-2025-9197#22,BOE-B-2025-9197,22,2025-03-14,5B,INVIED (Defensa),"Organismo autónomo Instituto de Vivienda, Infraestructura y Equipamiento de la Defensa",numbered,building,undeterminable,"former military complex, use of buildings not stated",none,lot,,0,undeterminable,n/a,n/a,n/a,n/a,n/a,excluded,none,yes,extra,,scope excluded>undeterminable; type land>building,"former military works depot, 5,000 m2 plot with 1,252 m2 built; use and energy demand of the buildings not stated (found by the targeted search)"
BOE-B-2025-9197#23,BOE-B-2025-9197,23,2025-03-14,5B,INVIED (Defensa),"Organismo autónomo Instituto de Vivienda, Infraestructura y Equipamiento de la Defensa",numbered,land,excluded,land: not a building (art. 2.h),none,lot,,0,excluded,n/a,n/a,n/a,n/a,n/a,excluded,none,no,,,,
BOE-B-2025-9197#24,BOE-B-2025-9197,24,2025-03-14,5B,INVIED (Defensa),"Organismo autónomo Instituto de Vivienda, Infraestructura y Equipamiento de la Defensa",numbered,commercial,covered,,none,lot,,0,no,no,no,no,no,no,covered,none,yes,R1,,none,commercial premises; no energy statement
BOE-B-2025-9197#25,BOE-B-2025-9197,25,2025-03-14,5B,INVIED (Defensa),"Organismo autónomo Instituto de Vivienda, Infraestructura y Equipamiento de la Defensa",numbered,commercial,covered,,none,lot,,0,no,no,no,no,no,no,covered,none,yes,R1,,none,commercial premises; no energy statement
BOE-B-2025-9197#26,BOE-B-2025-9197,26,2025-03-14,5B,INVIED (Defensa),"Organismo autónomo Instituto de Vivienda, Infraestructura y Equipamiento de la Defensa",numbered,commercial,covered,,none,lot,,0,no,no,no,no,no,no,covered,none,yes,R1,,none,commercial premises (basement); no energy statement
BOE-B-2025-9197#27,BOE-B-2025-9197,27,2025-03-14,5B,INVIED (Defensa),"Organismo autónomo Instituto de Vivienda, Infraestructura y Equipamiento de la Defensa",numbered,commercial,covered,,none,lot,,0,no,no,no,no,no,no,covered,none,yes,R1,,none,commercial premises (basement); no energy statement
BOE-B-2025-9197#28,BOE-B-2025-9197,28,2025-03-14,5B,INVIED (Defensa),"Organismo autónomo Instituto de Vivienda, Infraestructura y Equipamiento de la Defensa",numbered,commercial,covered,,none,lot,,0,no,no,no,no,no,no,covered,none,yes,R1,,none,commercial premises (basement); no energy statement
BOE-B-2025-9197#29,BOE-B-2025-9197,29,2025-03-14,5B,INVIED (Defensa),"Organismo autónomo Instituto de Vivienda, Infraestructura y Equipamiento de la Defensa",numbered,commercial,covered,,none,lot,,0,no,no,no,no,no,no,covered,none,yes,R1,,none,commercial premises (basement); no energy statement
BOE-B-2025-9197#3,BOE-B-2025-9197,3,2025-03-14,5B,INVIED (Defensa),"Organismo autónomo Instituto de Vivienda, Infraestructura y Equipamiento de la Defensa",numbered,commercial,covered,,none,lot,,0,no,no,no,no,no,no,covered,none,yes,R1,,none,commercial premises; no energy statement
BOE-B-2025-9197#30,BOE-B-2025-9197,30,2025-03-14,5B,INVIED (Defensa),"Organismo autónomo Instituto de Vivienda, Infraestructura y Equipamiento de la Defensa",numbered,commercial,covered,,none,lot,,0,no,no,no,no,no,no,covered,none,yes,R1,,none,commercial premises; no energy statement
BOE-B-2025-9197#31,BOE-B-2025-9197,31,2025-03-14,5B,INVIED (Defensa),"Organismo autónomo Instituto de Vivienda, Infraestructura y Equipamiento de la Defensa",numbered,commercial,covered,,none,lot,,0,no,no,no,no,no,no,covered,none,yes,R1,,none,commercial premises; no energy statement
BOE-B-2025-9197#32,BOE-B-2025-9197,32,2025-03-14,5B,INVIED (Defensa),"Organismo autónomo Instituto de Vivienda, Infraestructura y Equipamiento de la Defensa",numbered,commercial,covered,,none,lot,,0,no,no,no,no,no,no,covered,none,yes,R1,,none,commercial premises; no energy statement
BOE-B-2025-9197#4,BOE-B-2025-9197,4,2025-03-14,5B,INVIED (Defensa),"Organismo autónomo Instituto de Vivienda, Infraestructura y Equipamiento de la Defensa",numbered,land,undeterminable,undivided share or limited right,none,lot,,0,undeterminable,n/a,n/a,n/a,n/a,n/a,covered,none,yes,R1,,scope covered>undeterminable; type building>land,40.66% undivided share of a plot in a former barracks area
BOE-B-2025-9197#5,BOE-B-2025-9197,5,2025-03-14,5B,INVIED (Defensa),"Organismo autónomo Instituto de Vivienda, Infraestructura y Equipamiento de la Defensa",numbered,commercial,covered,,none,lot,,0,no,no,no,no,no,no,covered,none,yes,R1,,none,commercial premises; no energy statement
BOE-B-2025-9197#6,BOE-B-2025-9197,6,2025-03-14,5B,INVIED (Defensa),"Organismo autónomo Instituto de Vivienda, Infraestructura y Equipamiento de la Defensa",numbered,commercial,covered,,none,lot,,0,no,no,no,no,no,no,covered,none,yes,R1,,none,commercial premises; no energy statement
BOE-B-2025-9197#7,BOE-B-2025-9197,7,2025-03-14,5B,INVIED (Defensa),"Organismo autónomo Instituto de Vivienda, Infraestructura y Equipamiento de la Defensa",numbered,land,excluded,land: not a building (art. 2.h),none,lot,,0,excluded,n/a,n/a,n/a,n/a,n/a,excluded,none,no,,,,
BOE-B-2025-9197#8,BOE-B-2025-9197,8,2025-03-14,5B,INVIED (Defensa),"Organismo autónomo Instituto de Vivienda, Infraestructura y Equipamiento de la Defensa",numbered,commercial,covered,,none,lot,,0,no,no,no,no,no,no,covered,none,yes,R1,,none,commercial premises; no energy statement
BOE-B-2025-9197#9,BOE-B-2025-9197,9,2025-03-14,5B,INVIED (Defensa),"Organismo autónomo Instituto de Vivienda, Infraestructura y Equipamiento de la Defensa",numbered,commercial,covered,,none,lot,,0,no,no,no,no,no,no,covered,none,yes,R1,,none,commercial premises; no energy statement
BOE-B-2025-9198#1,BOE-B-2025-9198,1,2025-03-14,5B,Patrimonio del Estado (DEH),Delegación Especial de Economía y Hacienda en Madrid,lote_header,land,excluded,land: not a building (art. 2.h),none,lot,,0,excluded,n/a,n/a,n/a,n/a,n/a,excluded,none,yes,R4,,none,land (rustic or unbuilt plot); confirmed
BOE-B-2025-9198#2,BOE-B-2025-9198,2,2025-03-14,5B,Patrimonio del Estado (DEH),Delegación Especial de Economía y Hacienda en Madrid,lote_header,land,excluded,land: not a building (art. 2.h),none,lot,,0,excluded,n/a,n/a,n/a,n/a,n/a,excluded,none,yes,R4,,none,land (rustic or unbuilt plot); confirmed
BOE-B-2025-9198#3,BOE-B-2025-9198,3,2025-03-14,5B,Patrimonio del Estado (DEH),Delegación Especial de Economía y Hacienda en Madrid,lote_header,land,excluded,land: not a building (art. 2.h),none,lot,,0,excluded,n/a,n/a,n/a,n/a,n/a,excluded,none,no,,,,
BOE-B-2025-9198#4,BOE-B-2025-9198,4,2025-03-14,5B,Patrimonio del Estado (DEH),Delegación Especial de Economía y Hacienda en Madrid,lote_header,land,excluded,land: not a building (art. 2.h),none,lot,,0,excluded,n/a,n/a,n/a,n/a,n/a,excluded,none,no,,,,
BOE-B-2025-9198#5,BOE-B-2025-9198,5,2025-03-14,5B,Patrimonio del Estado (DEH),Delegación Especial de Economía y Hacienda en Madrid,lote_header,land,excluded,land: not a building (art. 2.h),none,lot,,0,excluded,n/a,n/a,n/a,n/a,n/a,excluded,none,no,,,,
BOE-B-2025-9198#6,BOE-B-2025-9198,6,2025-03-14,5B,Patrimonio del Estado (DEH),Delegación Especial de Economía y Hacienda en Madrid,lote_header,land,excluded,land: not a building (art. 2.h),none,lot,,0,excluded,n/a,n/a,n/a,n/a,n/a,excluded,none,no,,,,
BOE-B-2025-9198#7,BOE-B-2025-9198,7,2025-03-14,5B,Patrimonio del Estado (DEH),Delegación Especial de Economía y Hacienda en Madrid,lote_header,land,excluded,land: not a building (art. 2.h),none,lot,,0,excluded,n/a,n/a,n/a,n/a,n/a,excluded,none,no,,,,
BOE-B-2025-9198#8,BOE-B-2025-9198,8,2025-03-14,5B,Patrimonio del Estado (DEH),Delegación Especial de Economía y Hacienda en Madrid,lote_header,land,excluded,land: not a building (art. 2.h),none,lot,,0,excluded,n/a,n/a,n/a,n/a,n/a,excluded,none,no,,,,
BOE-B-2025-9198#9,BOE-B-2025-9198,9,2025-03-14,5B,Patrimonio del Estado (DEH),Delegación Especial de Economía y Hacienda en Madrid,lote_header,commercial,excluded,declared exempt by the seller,exempt_declared,lot,,0,excluded,n/a,n/a,n/a,no,no,excluded,exempt_declared,yes,R4,3.2.e_part,none,"commercial premises declared not subject under art. 3.2.e; art. 3.2.e gives the declaration to «el propietario del edificio o de parte del edificio», so the owner-seller's declaration for a part is accepted; the non-binding MITECO FAQ no. 7 reads the exclusion as whole buildings only (sensitivity)"
BOE-B-2025-9818#1,BOE-B-2025-9818,1,2025-03-17,5B,TGSS,Tesorería General de la Seguridad Social,lote_header,commercial,covered,,none,lot,,0,no,no,no,no,no,no,covered,none,yes,R1,,none,commercial premises; no energy statement anywhere in the notice
BOE-B-2025-9818#2,BOE-B-2025-9818,2,2025-03-17,5B,TGSS,Tesorería General de la Seguridad Social,lote_header,commercial,covered,,none,lot,,0,no,no,no,no,no,no,covered,none,yes,R1,,none,commercial premises; no energy statement anywhere in the notice
BOE-B-2025-9818#3,BOE-B-2025-9818,3,2025-03-17,5B,TGSS,Tesorería General de la Seguridad Social,lote_header,commercial,covered,,none,lot,,0,no,no,no,no,no,no,covered,none,yes,R1,,none,commercial premises; no energy statement anywhere in the notice
BOE-B-2025-9818#4,BOE-B-2025-9818,4,2025-03-17,5B,TGSS,Tesorería General de la Seguridad Social,lote_header,commercial,covered,,none,lot,,0,no,no,no,no,no,no,covered,none,yes,R1,,none,commercial premises; no energy statement anywhere in the notice
BOE-B-2025-9818#5,BOE-B-2025-9818,5,2025-03-17,5B,TGSS,Tesorería General de la Seguridad Social,lote_header,commercial,covered,,none,lot,,0,no,no,no,no,no,no,covered,none,yes,R1,,none,"commercial premises (31 m2, in a building); no energy statement anywhere in the notice"
BOE-B-2025-9818#6,BOE-B-2025-9818,6,2025-03-17,5B,TGSS,Tesorería General de la Seguridad Social,lote_header,commercial,covered,,none,lot,,0,no,no,no,no,no,no,covered,none,yes,R1,,none,commercial premises in a shopping arcade; no energy statement anywhere in the notice
BOE-B-2025-9818#7,BOE-B-2025-9818,7,2025-03-17,5B,TGSS,Tesorería General de la Seguridad Social,lote_header,commercial,covered,,none,lot,,0,no,no,no,no,no,no,covered,none,yes,R1,,none,commercial premises in a shopping arcade; no energy statement anywhere in the notice
BOE-B-2025-9818#8,BOE-B-2025-9818,8,2025-03-17,5B,TGSS,Tesorería General de la Seguridad Social,lote_header,commercial,covered,,none,lot,,0,no,no,no,no,no,no,covered,none,yes,R1,,none,commercial premises in a shopping arcade; no energy statement anywhere in the notice
BOE-B-2025-9818#9,BOE-B-2025-9818,9,2025-03-17,5B,TGSS,Tesorería General de la Seguridad Social,lote_header,garage,excluded,garage or storage room (MITECO FAQ v6.0 no. 14),none,lot,,0,excluded,n/a,n/a,n/a,n/a,n/a,excluded,none,yes,R4,,none,garage or parking space; confirmed
BOE-B-2025-10093#1,BOE-B-2025-10093,1,2025-03-19,5B,Patrimonio del Estado (DEH),Delegación de Economía y Hacienda en Asturias,lote_header,land,excluded,land: not a building (art. 2.h),none,lot,,0,excluded,n/a,n/a,n/a,n/a,n/a,excluded,none,no,,,,
BOE-B-2025-10093#10,BOE-B-2025-10093,10,2025-03-19,5B,Patrimonio del Estado (DEH),Delegación de Economía y Hacienda en Asturias,lote_header,land,excluded,land: not a building (art. 2.h),none,lot,,0,excluded,n/a,n/a,n/a,n/a,n/a,excluded,none,no,,,,
BOE-B-2025-10093#11,BOE-B-2025-10093,11,2025-03-19,5B,Patrimonio del Estado (DEH),Delegación de Economía y Hacienda en Asturias,lote_header,land,excluded,land: not a building (art. 2.h),none,lot,,0,excluded,n/a,n/a,n/a,n/a,n/a,excluded,none,no,,,,
BOE-B-2025-10093#12,BOE-B-2025-10093,12,2025-03-19,5B,Patrimonio del Estado (DEH),Delegación de Economía y Hacienda en Asturias,lote_header,land,excluded,land: not a building (art. 2.h),none,lot,,0,excluded,n/a,n/a,n/a,n/a,n/a,excluded,none,no,,,,
BOE-B-2025-10093#13,BOE-B-2025-10093,13,2025-03-19,5B,Patrimonio del Estado (DEH),Delegación de Economía y Hacienda en Asturias,lote_header,land,excluded,land: not a building (art. 2.h),none,lot,,0,excluded,n/a,n/a,n/a,n/a,n/a,excluded,none,no,,,,
BOE-B-2025-10093#14,BOE-B-2025-10093,14,2025-03-19,5B,Patrimonio del Estado (DEH),Delegación de Economía y Hacienda en Asturias,lote_header,land,excluded,land: not a building (art. 2.h),none,lot,,0,excluded,n/a,n/a,n/a,n/a,n/a,excluded,none,no,,,,
BOE-B-2025-10093#15,BOE-B-2025-10093,15,2025-03-19,5B,Patrimonio del Estado (DEH),Delegación de Economía y Hacienda en Asturias,lote_header,land,excluded,land: not a building (art. 2.h),none,lot,,0,excluded,n/a,n/a,n/a,n/a,n/a,excluded,none,no,,,,
BOE-B-2025-10093#16,BOE-B-2025-10093,16,2025-03-19,5B,Patrimonio del Estado (DEH),Delegación de Economía y Hacienda en Asturias,lote_header,land,excluded,land: not a building (art. 2.h),none,lot,,0,excluded,n/a,n/a,n/a,n/a,n/a,excluded,none,no,,,,
BOE-B-2025-10093#17,BOE-B-2025-10093,17,2025-03-19,5B,Patrimonio del Estado (DEH),Delegación de Economía y Hacienda en Asturias,lote_header,land,excluded,land: not a building (art. 2.h),none,lot,,0,excluded,n/a,n/a,n/a,n/a,n/a,excluded,none,no,,,,
BOE-B-2025-10093#18,BOE-B-2025-10093,18,2025-03-19,5B,Patrimonio del Estado (DEH),Delegación de Economía y Hacienda en Asturias,lote_header,land,excluded,land: not a building (art. 2.h),none,lot,,0,excluded,n/a,n/a,n/a,n/a,n/a,excluded,none,no,,,,
BOE-B-2025-10093#19,BOE-B-2025-10093,19,2025-03-19,5B,Patrimonio del Estado (DEH),Delegación de Economía y Hacienda en Asturias,lote_header,land,excluded,land: not a building (art. 2.h),none,lot,,0,excluded,n/a,n/a,n/a,n/a,n/a,excluded,none,no,,,,
BOE-B-2025-10093#2,BOE-B-2025-10093,2,2025-03-19,5B,Patrimonio del Estado (DEH),Delegación de Economía y Hacienda en Asturias,lote_header,land,excluded,land: not a building (art. 2.h),none,lot,,0,excluded,n/a,n/a,n/a,n/a,n/a,excluded,none,no,,,,
BOE-B-2025-10093#20,BOE-B-2025-10093,20,2025-03-19,5B,Patrimonio del Estado (DEH),Delegación de Economía y Hacienda en Asturias,lote_header,land,excluded,land: not a building (art. 2.h),none,lot,,0,excluded,n/a,n/a,n/a,n/a,n/a,excluded,none,no,,,,
BOE-B-2025-10093#21,BOE-B-2025-10093,21,2025-03-19,5B,Patrimonio del Estado (DEH),Delegación de Economía y Hacienda en Asturias,lote_header,land,excluded,land: not a building (art. 2.h),none,lot,,0,excluded,n/a,n/a,n/a,n/a,n/a,excluded,none,no,,,,
BOE-B-2025-10093#22,BOE-B-2025-10093,22,2025-03-19,5B,Patrimonio del Estado (DEH),Delegación de Economía y Hacienda en Asturias,lote_header,land,excluded,land: not a building (art. 2.h),none,lot,,0,excluded,n/a,n/a,n/a,n/a,n/a,excluded,none,no,,,,
BOE-B-2025-10093#23,BOE-B-2025-10093,23,2025-03-19,5B,Patrimonio del Estado (DEH),Delegación de Economía y Hacienda en Asturias,lote_header,land,excluded,land: not a building (art. 2.h),none,lot,,0,excluded,n/a,n/a,n/a,n/a,n/a,excluded,none,no,,,,
BOE-B-2025-10093#3,BOE-B-2025-10093,3,2025-03-19,5B,Patrimonio del Estado (DEH),Delegación de Economía y Hacienda en Asturias,lote_header,land,excluded,land: not a building (art. 2.h),none,lot,,0,excluded,n/a,n/a,n/a,n/a,n/a,excluded,none,no,,,,
BOE-B-2025-10093#4,BOE-B-2025-10093,4,2025-03-19,5B,Patrimonio del Estado (DEH),Delegación de Economía y Hacienda en Asturias,lote_header,land,excluded,land: not a building (art. 2.h),none,lot,,0,excluded,n/a,n/a,n/a,n/a,n/a,excluded,none,no,,,,
BOE-B-2025-10093#5,BOE-B-2025-10093,5,2025-03-19,5B,Patrimonio del Estado (DEH),Delegación de Economía y Hacienda en Asturias,lote_header,land,excluded,land: not a building (art. 2.h),none,lot,,0,excluded,n/a,n/a,n/a,n/a,n/a,excluded,none,no,,,,
BOE-B-2025-10093#6,BOE-B-2025-10093,6,2025-03-19,5B,Patrimonio del Estado (DEH),Delegación de Economía y Hacienda en Asturias,lote_header,land,excluded,land: not a building (art. 2.h),none,lot,,0,excluded,n/a,n/a,n/a,n/a,n/a,excluded,none,no,,,,
BOE-B-2025-10093#7,BOE-B-2025-10093,7,2025-03-19,5B,Patrimonio del Estado (DEH),Delegación de Economía y Hacienda en Asturias,lote_header,land,excluded,land: not a building (art. 2.h),none,lot,,0,excluded,n/a,n/a,n/a,n/a,n/a,excluded,none,no,,,,
BOE-B-2025-10093#8,BOE-B-2025-10093,8,2025-03-19,5B,Patrimonio del Estado (DEH),Delegación de Economía y Hacienda en Asturias,lote_header,land,excluded,land: not a building (art. 2.h),none,lot,,0,excluded,n/a,n/a,n/a,n/a,n/a,excluded,none,no,,,,
BOE-B-2025-10093#9,BOE-B-2025-10093,9,2025-03-19,5B,Patrimonio del Estado (DEH),Delegación de Economía y Hacienda en Asturias,lote_header,land,excluded,land: not a building (art. 2.h),none,lot,,0,excluded,n/a,n/a,n/a,n/a,n/a,excluded,none,no,,,,
BOE-B-2025-10311#1,BOE-B-2025-10311,1,2025-03-21,5B,Patrimonio del Estado (DEH),Delegación de Economía y Hacienda en Segovia,table,land,excluded,land: not a building (art. 2.h),none,lot,,0,excluded,n/a,n/a,n/a,n/a,n/a,excluded,none,no,,,,
BOE-B-2025-10311#10,BOE-B-2025-10311,10,2025-03-21,5B,Patrimonio del Estado (DEH),Delegación de Economía y Hacienda en Segovia,table,land,excluded,land: not a building (art. 2.h),none,lot,,0,excluded,n/a,n/a,n/a,n/a,n/a,excluded,none,no,,,,
BOE-B-2025-10311#100,BOE-B-2025-10311,100,2025-03-21,5B,Patrimonio del Estado (DEH),Delegación de Economía y Hacienda en Segovia,table,land,excluded,land: not a building (art. 2.h),none,lot,,0,excluded,n/a,n/a,n/a,n/a,n/a,excluded,none,no,,,,
BOE-B-2025-10311#101,BOE-B-2025-10311,101,2025-03-21,5B,Patrimonio del Estado (DEH),Delegación de Economía y Hacienda en Segovia,table,land,excluded,land: not a building (art. 2.h),none,lot,,0,excluded,n/a,n/a,n/a,n/a,n/a,excluded,none,no,,,,
BOE-B-2025-10311#102,BOE-B-2025-10311,102,2025-03-21,5B,Patrimonio del Estado (DEH),Delegación de Economía y Hacienda en Segovia,table,land,excluded,land: not a building (art. 2.h),none,lot,,0,excluded,n/a,n/a,n/a,n/a,n/a,excluded,none,no,,,,
BOE-B-2025-10311#103,BOE-B-2025-10311,103,2025-03-21,5B,Patrimonio del Estado (DEH),Delegación de Economía y Hacienda en Segovia,table,land,excluded,land: not a building (art. 2.h),none,lot,,0,excluded,n/a,n/a,n/a,n/a,n/a,excluded,none,no,,,,
BOE-B-2025-10311#104,BOE-B-2025-10311,104,2025-03-21,5B,Patrimonio del Estado (DEH),Delegación de Economía y Hacienda en Segovia,table,land,excluded,land: not a building (art. 2.h),none,lot,,0,excluded,n/a,n/a,n/a,n/a,n/a,excluded,none,no,,,,
BOE-B-2025-10311#105,BOE-B-2025-10311,105,2025-03-21,5B,Patrimonio del Estado (DEH),Delegación de Economía y Hacienda en Segovia,table,land,excluded,land: not a building (art. 2.h),none,lot,,0,excluded,n/a,n/a,n/a,n/a,n/a,excluded,none,no,,,,
BOE-B-2025-10311#106,BOE-B-2025-10311,106,2025-03-21,5B,Patrimonio del Estado (DEH),Delegación de Economía y Hacienda en Segovia,table,land,excluded,land: not a building (art. 2.h),none,lot,,0,excluded,n/a,n/a,n/a,n/a,n/a,excluded,none,no,,,,
BOE-B-2025-10311#107,BOE-B-2025-10311,107,2025-03-21,5B,Patrimonio del Estado (DEH),Delegación de Economía y Hacienda en Segovia,table,land,excluded,land: not a building (art. 2.h),none,lot,,0,excluded,n/a,n/a,n/a,n/a,n/a,excluded,none,no,,,,
BOE-B-2025-10311#108,BOE-B-2025-10311,108,2025-03-21,5B,Patrimonio del Estado (DEH),Delegación de Economía y Hacienda en Segovia,table,land,excluded,land: not a building (art. 2.h),none,lot,,0,excluded,n/a,n/a,n/a,n/a,n/a,excluded,none,no,,,,
BOE-B-2025-10311#109,BOE-B-2025-10311,109,2025-03-21,5B,Patrimonio del Estado (DEH),Delegación de Economía y Hacienda en Segovia,table,land,excluded,land: not a building (art. 2.h),none,lot,,0,excluded,n/a,n/a,n/a,n/a,n/a,excluded,none,no,,,,
BOE-B-2025-10311#11,BOE-B-2025-10311,11,2025-03-21,5B,Patrimonio del Estado (DEH),Delegación de Economía y Hacienda en Segovia,table,land,excluded,land: not a building (art. 2.h),none,lot,,0,excluded,n/a,n/a,n/a,n/a,n/a,excluded,none,no,,,,
BOE-B-2025-10311#110,BOE-B-2025-10311,110,2025-03-21,5B,Patrimonio del Estado (DEH),Delegación de Economía y Hacienda en Segovia,table,land,excluded,land: not a building (art. 2.h),none,lot,,0,excluded,n/a,n/a,n/a,n/a,n/a,excluded,none,no,,,,
BOE-B-2025-10311#111,BOE-B-2025-10311,111,2025-03-21,5B,Patrimonio del Estado (DEH),Delegación de Economía y Hacienda en Segovia,table,land,excluded,land: not a building (art. 2.h),none,lot,,0,excluded,n/a,n/a,n/a,n/a,n/a,excluded,none,no,,,,
BOE-B-2025-10311#112,BOE-B-2025-10311,112,2025-03-21,5B,Patrimonio del Estado (DEH),Delegación de Economía y Hacienda en Segovia,table,land,excluded,land: not a building (art. 2.h),none,lot,,0,excluded,n/a,n/a,n/a,n/a,n/a,excluded,none,no,,,,
BOE-B-2025-10311#113,BOE-B-2025-10311,113,2025-03-21,5B,Patrimonio del Estado (DEH),Delegación de Economía y Hacienda en Segovia,table,land,excluded,land: not a building (art. 2.h),none,lot,,0,excluded,n/a,n/a,n/a,n/a,n/a,excluded,none,no,,,,
BOE-B-2025-10311#114,BOE-B-2025-10311,114,2025-03-21,5B,Patrimonio del Estado (DEH),Delegación de Economía y Hacienda en Segovia,table,land,excluded,land: not a building (art. 2.h),none,lot,,0,excluded,n/a,n/a,n/a,n/a,n/a,excluded,none,no,,,,
BOE-B-2025-10311#115,BOE-B-2025-10311,115,2025-03-21,5B,Patrimonio del Estado (DEH),Delegación de Economía y Hacienda en Segovia,table,land,excluded,land: not a building (art. 2.h),none,lot,,0,excluded,n/a,n/a,n/a,n/a,n/a,excluded,none,no,,,,
BOE-B-2025-10311#116,BOE-B-2025-10311,116,2025-03-21,5B,Patrimonio del Estado (DEH),Delegación de Economía y Hacienda en Segovia,table,land,excluded,land: not a building (art. 2.h),none,lot,,0,excluded,n/a,n/a,n/a,n/a,n/a,excluded,none,no,,,,
BOE-B-2025-10311#117,BOE-B-2025-10311,117,2025-03-21,5B,Patrimonio del Estado (DEH),Delegación de Economía y Hacienda en Segovia,table,land,excluded,land: not a building (art. 2.h),none,lot,,0,excluded,n/a,n/a,n/a,n/a,n/a,excluded,none,no,,,,
BOE-B-2025-10311#118,BOE-B-2025-10311,118,2025-03-21,5B,Patrimonio del Estado (DEH),Delegación de Economía y Hacienda en Segovia,table,land,excluded,land: not a building (art. 2.h),none,lot,,0,excluded,n/a,n/a,n/a,n/a,n/a,excluded,none,no,,,,
BOE-B-2025-10311#119,BOE-B-2025-10311,119,2025-03-21,5B,Patrimonio del Estado (DEH),Delegación de Economía y Hacienda en Segovia,table,land,excluded,land: not a building (art. 2.h),none,lot,,0,excluded,n/a,n/a,n/a,n/a,n/a,excluded,none,no,,,,
BOE-B-2025-10311#12,BOE-B-2025-10311,12,2025-03-21,5B,Patrimonio del Estado (DEH),Delegación de Economía y Hacienda en Segovia,table,land,excluded,land: not a building (art. 2.h),none,lot,,0,excluded,n/a,n/a,n/a,n/a,n/a,excluded,none,no,,,,
BOE-B-2025-10311#120,BOE-B-2025-10311,120,2025-03-21,5B,Patrimonio del Estado (DEH),Delegación de Economía y Hacienda en Segovia,table,land,excluded,land: not a building (art. 2.h),none,lot,,0,excluded,n/a,n/a,n/a,n/a,n/a,excluded,none,no,,,,
BOE-B-2025-10311#121,BOE-B-2025-10311,121,2025-03-21,5B,Patrimonio del Estado (DEH),Delegación de Economía y Hacienda en Segovia,table,land,excluded,land: not a building (art. 2.h),none,lot,,0,excluded,n/a,n/a,n/a,n/a,n/a,excluded,none,no,,,,
BOE-B-2025-10311#122,BOE-B-2025-10311,122,2025-03-21,5B,Patrimonio del Estado (DEH),Delegación de Economía y Hacienda en Segovia,table,land,excluded,land: not a building (art. 2.h),none,lot,,0,excluded,n/a,n/a,n/a,n/a,n/a,excluded,none,no,,,,
BOE-B-2025-10311#123,BOE-B-2025-10311,123,2025-03-21,5B,Patrimonio del Estado (DEH),Delegación de Economía y Hacienda en Segovia,table,land,excluded,land: not a building (art. 2.h),none,lot,,0,excluded,n/a,n/a,n/a,n/a,n/a,excluded,none,no,,,,
BOE-B-2025-10311#124,BOE-B-2025-10311,124,2025-03-21,5B,Patrimonio del Estado (DEH),Delegación de Economía y Hacienda en Segovia,table,land,excluded,land: not a building (art. 2.h),none,lot,,0,excluded,n/a,n/a,n/a,n/a,n/a,excluded,none,no,,,,
BOE-B-2025-10311#125,BOE-B-2025-10311,125,2025-03-21,5B,Patrimonio del Estado (DEH),Delegación de Economía y Hacienda en Segovia,table,land,excluded,land: not a building (art. 2.h),none,lot,,0,excluded,n/a,n/a,n/a,n/a,n/a,excluded,none,no,,,,
BOE-B-2025-10311#126,BOE-B-2025-10311,126,2025-03-21,5B,Patrimonio del Estado (DEH),Delegación de Economía y Hacienda en Segovia,table,land,excluded,land: not a building (art. 2.h),none,lot,,0,excluded,n/a,n/a,n/a,n/a,n/a,excluded,none,no,,,,
BOE-B-2025-10311#127,BOE-B-2025-10311,127,2025-03-21,5B,Patrimonio del Estado (DEH),Delegación de Economía y Hacienda en Segovia,table,land,excluded,land: not a building (art. 2.h),none,lot,,0,excluded,n/a,n/a,n/a,n/a,n/a,excluded,none,no,,,,
BOE-B-2025-10311#128,BOE-B-2025-10311,128,2025-03-21,5B,Patrimonio del Estado (DEH),Delegación de Economía y Hacienda en Segovia,table,land,excluded,land: not a building (art. 2.h),none,lot,,0,excluded,n/a,n/a,n/a,n/a,n/a,excluded,none,no,,,,
BOE-B-2025-10311#129,BOE-B-2025-10311,129,2025-03-21,5B,Patrimonio del Estado (DEH),Delegación de Economía y Hacienda en Segovia,table,land,excluded,land: not a building (art. 2.h),none,lot,,0,excluded,n/a,n/a,n/a,n/a,n/a,excluded,none,no,,,,
BOE-B-2025-10311#13,BOE-B-2025-10311,13,2025-03-21,5B,Patrimonio del Estado (DEH),Delegación de Economía y Hacienda en Segovia,table,land,excluded,land: not a building (art. 2.h),none,lot,,0,excluded,n/a,n/a,n/a,n/a,n/a,excluded,none,no,,,,
BOE-B-2025-10311#130,BOE-B-2025-10311,130,2025-03-21,5B,Patrimonio del Estado (DEH),Delegación de Economía y Hacienda en Segovia,table,land,excluded,land: not a building (art. 2.h),none,lot,,0,excluded,n/a,n/a,n/a,n/a,n/a,excluded,none,no,,,,
BOE-B-2025-10311#131,BOE-B-2025-10311,131,2025-03-21,5B,Patrimonio del Estado (DEH),Delegación de Economía y Hacienda en Segovia,table,land,excluded,land: not a building (art. 2.h),none,lot,,0,excluded,n/a,n/a,n/a,n/a,n/a,excluded,none,no,,,,
BOE-B-2025-10311#132,BOE-B-2025-10311,132,2025-03-21,5B,Patrimonio del Estado (DEH),Delegación de Economía y Hacienda en Segovia,table,land,excluded,land: not a building (art. 2.h),none,lot,,0,excluded,n/a,n/a,n/a,n/a,n/a,excluded,none,no,,,,
BOE-B-2025-10311#133,BOE-B-2025-10311,133,2025-03-21,5B,Patrimonio del Estado (DEH),Delegación de Economía y Hacienda en Segovia,table,land,excluded,land: not a building (art. 2.h),none,lot,,0,excluded,n/a,n/a,n/a,n/a,n/a,excluded,none,no,,,,
BOE-B-2025-10311#134,BOE-B-2025-10311,134,2025-03-21,5B,Patrimonio del Estado (DEH),Delegación de Economía y Hacienda en Segovia,table,land,excluded,land: not a building (art. 2.h),none,lot,,0,excluded,n/a,n/a,n/a,n/a,n/a,excluded,none,no,,,,
BOE-B-2025-10311#135,BOE-B-2025-10311,135,2025-03-21,5B,Patrimonio del Estado (DEH),Delegación de Economía y Hacienda en Segovia,table,land,excluded,land: not a building (art. 2.h),none,lot,,0,excluded,n/a,n/a,n/a,n/a,n/a,excluded,none,no,,,,
BOE-B-2025-10311#136,BOE-B-2025-10311,136,2025-03-21,5B,Patrimonio del Estado (DEH),Delegación de Economía y Hacienda en Segovia,table,land,excluded,land: not a building (art. 2.h),none,lot,,0,excluded,n/a,n/a,n/a,n/a,n/a,excluded,none,no,,,,
BOE-B-2025-10311#137,BOE-B-2025-10311,137,2025-03-21,5B,Patrimonio del Estado (DEH),Delegación de Economía y Hacienda en Segovia,table,land,excluded,land: not a building (art. 2.h),none,lot,,0,excluded,n/a,n/a,n/a,n/a,n/a,excluded,none,no,,,,
BOE-B-2025-10311#138,BOE-B-2025-10311,138,2025-03-21,5B,Patrimonio del Estado (DEH),Delegación de Economía y Hacienda en Segovia,table,land,excluded,land: not a building (art. 2.h),none,lot,,0,excluded,n/a,n/a,n/a,n/a,n/a,excluded,none,no,,,,
BOE-B-2025-10311#139,BOE-B-2025-10311,139,2025-03-21,5B,Patrimonio del Estado (DEH),Delegación de Economía y Hacienda en Segovia,table,land,excluded,land: not a building (art. 2.h),none,lot,,0,excluded,n/a,n/a,n/a,n/a,n/a,excluded,none,no,,,,
BOE-B-2025-10311#14,BOE-B-2025-10311,14,2025-03-21,5B,Patrimonio del Estado (DEH),Delegación de Economía y Hacienda en Segovia,table,land,excluded,land: not a building (art. 2.h),none,lot,,0,excluded,n/a,n/a,n/a,n/a,n/a,excluded,none,no,,,,
BOE-B-2025-10311#140,BOE-B-2025-10311,140,2025-03-21,5B,Patrimonio del Estado (DEH),Delegación de Economía y Hacienda en Segovia,table,land,excluded,land: not a building (art. 2.h),none,lot,,0,excluded,n/a,n/a,n/a,n/a,n/a,excluded,none,no,,,,
BOE-B-2025-10311#141,BOE-B-2025-10311,141,2025-03-21,5B,Patrimonio del Estado (DEH),Delegación de Economía y Hacienda en Segovia,table,land,excluded,land: not a building (art. 2.h),none,lot,,0,excluded,n/a,n/a,n/a,n/a,n/a,excluded,none,no,,,,
BOE-B-2025-10311#142,BOE-B-2025-10311,142,2025-03-21,5B,Patrimonio del Estado (DEH),Delegación de Economía y Hacienda en Segovia,table,land,excluded,land: not a building (art. 2.h),none,lot,,0,excluded,n/a,n/a,n/a,n/a,n/a,excluded,none,no,,,,
BOE-B-2025-10311#143,BOE-B-2025-10311,143,2025-03-21,5B,Patrimonio del Estado (DEH),Delegación de Economía y Hacienda en Segovia,table,land,excluded,land: not a building (art. 2.h),none,lot,,0,excluded,n/a,n/a,n/a,n/a,n/a,excluded,none,yes,R4,,none,land (rustic or unbuilt plot); confirmed
BOE-B-2025-10311#144,BOE-B-2025-10311,144,2025-03-21,5B,Patrimonio del Estado (DEH),Delegación de Economía y Hacienda en Segovia,table,land,excluded,land: not a building (art. 2.h),none,lot,,0,excluded,n/a,n/a,n/a,n/a,n/a,excluded,none,no,,,,
BOE-B-2025-10311#145,BOE-B-2025-10311,145,2025-03-21,5B,Patrimonio del Estado (DEH),Delegación de Economía y Hacienda en Segovia,table,land,excluded,land: not a building (art. 2.h),none,lot,,0,excluded,n/a,n/a,n/a,n/a,n/a,excluded,none,no,,,,
BOE-B-2025-10311#146,BOE-B-2025-10311,146,2025-03-21,5B,Patrimonio del Estado (DEH),Delegación de Economía y Hacienda en Segovia,table,land,excluded,land: not a building (art. 2.h),none,lot,,0,excluded,n/a,n/a,n/a,n/a,n/a,excluded,none,no,,,,
BOE-B-2025-10311#147,BOE-B-2025-10311,147,2025-03-21,5B,Patrimonio del Estado (DEH),Delegación de Economía y Hacienda en Segovia,table,land,excluded,land: not a building (art. 2.h),none,lot,,0,excluded,n/a,n/a,n/a,n/a,n/a,excluded,none,no,,,,
BOE-B-2025-10311#148,BOE-B-2025-10311,148,2025-03-21,5B,Patrimonio del Estado (DEH),Delegación de Economía y Hacienda en Segovia,table,land,excluded,land: not a building (art. 2.h),none,lot,,0,excluded,n/a,n/a,n/a,n/a,n/a,excluded,none,no,,,,
BOE-B-2025-10311#149,BOE-B-2025-10311,149,2025-03-21,5B,Patrimonio del Estado (DEH),Delegación de Economía y Hacienda en Segovia,table,land,excluded,land: not a building (art. 2.h),none,lot,,0,excluded,n/a,n/a,n/a,n/a,n/a,excluded,none,no,,,,
BOE-B-2025-10311#15,BOE-B-2025-10311,15,2025-03-21,5B,Patrimonio del Estado (DEH),Delegación de Economía y Hacienda en Segovia,table,land,excluded,land: not a building (art. 2.h),none,lot,,0,excluded,n/a,n/a,n/a,n/a,n/a,excluded,none,no,,,,
BOE-B-2025-10311#150,BOE-B-2025-10311,150,2025-03-21,5B,Patrimonio del Estado (DEH),Delegación de Economía y Hacienda en Segovia,table,land,excluded,land: not a building (art. 2.h),none,lot,,0,excluded,n/a,n/a,n/a,n/a,n/a,excluded,none,no,,,,
BOE-B-2025-10311#151,BOE-B-2025-10311,151,2025-03-21,5B,Patrimonio del Estado (DEH),Delegación de Economía y Hacienda en Segovia,table,land,excluded,land: not a building (art. 2.h),none,lot,,0,excluded,n/a,n/a,n/a,n/a,n/a,excluded,none,no,,,,
BOE-B-2025-10311#152,BOE-B-2025-10311,152,2025-03-21,5B,Patrimonio del Estado (DEH),Delegación de Economía y Hacienda en Segovia,table,land,excluded,land: not a building (art. 2.h),none,lot,,0,excluded,n/a,n/a,n/a,n/a,n/a,excluded,none,no,,,,
BOE-B-2025-10311#16,BOE-B-2025-10311,16,2025-03-21,5B,Patrimonio del Estado (DEH),Delegación de Economía y Hacienda en Segovia,table,land,excluded,land: not a building (art. 2.h),none,lot,,0,excluded,n/a,n/a,n/a,n/a,n/a,excluded,none,no,,,,
BOE-B-2025-10311#17,BOE-B-2025-10311,17,2025-03-21,5B,Patrimonio del Estado (DEH),Delegación de Economía y Hacienda en Segovia,table,land,excluded,land: not a building (art. 2.h),none,lot,,0,excluded,n/a,n/a,n/a,n/a,n/a,excluded,none,no,,,,
BOE-B-2025-10311#18,BOE-B-2025-10311,18,2025-03-21,5B,Patrimonio del Estado (DEH),Delegación de Economía y Hacienda en Segovia,table,land,excluded,land: not a building (art. 2.h),none,lot,,0,excluded,n/a,n/a,n/a,n/a,n/a,excluded,none,no,,,,
BOE-B-2025-10311#19,BOE-B-2025-10311,19,2025-03-21,5B,Patrimonio del Estado (DEH),Delegación de Economía y Hacienda en Segovia,table,land,excluded,land: not a building (art. 2.h),none,lot,,0,excluded,n/a,n/a,n/a,n/a,n/a,excluded,none,no,,,,
BOE-B-2025-10311#2,BOE-B-2025-10311,2,2025-03-21,5B,Patrimonio del Estado (DEH),Delegación de Economía y Hacienda en Segovia,table,land,excluded,land: not a building (art. 2.h),none,lot,,0,excluded,n/a,n/a,n/a,n/a,n/a,excluded,none,no,,,,
BOE-B-2025-10311#20,BOE-B-2025-10311,20,2025-03-21,5B,Patrimonio del Estado (DEH),Delegación de Economía y Hacienda en Segovia,table,land,excluded,land: not a building (art. 2.h),none,lot,,0,excluded,n/a,n/a,n/a,n/a,n/a,excluded,none,no,,,,
BOE-B-2025-10311#21,BOE-B-2025-10311,21,2025-03-21,5B,Patrimonio del Estado (DEH),Delegación de Economía y Hacienda en Segovia,table,land,excluded,land: not a building (art. 2.h),none,lot,,0,excluded,n/a,n/a,n/a,n/a,n/a,excluded,none,no,,,,
BOE-B-2025-10311#22,BOE-B-2025-10311,22,2025-03-21,5B,Patrimonio del Estado (DEH),Delegación de Economía y Hacienda en Segovia,table,land,excluded,land: not a building (art. 2.h),none,lot,,0,excluded,n/a,n/a,n/a,n/a,n/a,excluded,none,no,,,,
BOE-B-2025-10311#23,BOE-B-2025-10311,23,2025-03-21,5B,Patrimonio del Estado (DEH),Delegación de Economía y Hacienda en Segovia,table,land,excluded,land: not a building (art. 2.h),none,lot,,0,excluded,n/a,n/a,n/a,n/a,n/a,excluded,none,no,,,,
BOE-B-2025-10311#24,BOE-B-2025-10311,24,2025-03-21,5B,Patrimonio del Estado (DEH),Delegación de Economía y Hacienda en Segovia,table,land,excluded,land: not a building (art. 2.h),none,lot,,0,excluded,n/a,n/a,n/a,n/a,n/a,excluded,none,no,,,,
BOE-B-2025-10311#25,BOE-B-2025-10311,25,2025-03-21,5B,Patrimonio del Estado (DEH),Delegación de Economía y Hacienda en Segovia,table,land,excluded,land: not a building (art. 2.h),none,lot,,0,excluded,n/a,n/a,n/a,n/a,n/a,excluded,none,no,,,,
BOE-B-2025-10311#26,BOE-B-2025-10311,26,2025-03-21,5B,Patrimonio del Estado (DEH),Delegación de Economía y Hacienda en Segovia,table,land,excluded,land: not a building (art. 2.h),none,lot,,0,excluded,n/a,n/a,n/a,n/a,n/a,excluded,none,no,,,,
BOE-B-2025-10311#27,BOE-B-2025-10311,27,2025-03-21,5B,Patrimonio del Estado (DEH),Delegación de Economía y Hacienda en Segovia,table,land,excluded,land: not a building (art. 2.h),none,lot,,0,excluded,n/a,n/a,n/a,n/a,n/a,excluded,none,no,,,,
BOE-B-2025-10311#28,BOE-B-2025-10311,28,2025-03-21,5B,Patrimonio del Estado (DEH),Delegación de Economía y Hacienda en Segovia,table,land,excluded,land: not a building (art. 2.h),none,lot,,0,excluded,n/a,n/a,n/a,n/a,n/a,excluded,none,no,,,,
BOE-B-2025-10311#29,BOE-B-2025-10311,29,2025-03-21,5B,Patrimonio del Estado (DEH),Delegación de Economía y Hacienda en Segovia,table,land,excluded,land: not a building (art. 2.h),none,lot,,0,excluded,n/a,n/a,n/a,n/a,n/a,excluded,none,no,,,,
BOE-B-2025-10311#3,BOE-B-2025-10311,3,2025-03-21,5B,Patrimonio del Estado (DEH),Delegación de Economía y Hacienda en Segovia,table,land,excluded,land: not a building (art. 2.h),none,lot,,0,excluded,n/a,n/a,n/a,n/a,n/a,excluded,none,no,,,,
BOE-B-2025-10311#30,BOE-B-2025-10311,30,2025-03-21,5B,Patrimonio del Estado (DEH),Delegación de Economía y Hacienda en Segovia,table,land,excluded,land: not a building (art. 2.h),none,lot,,0,excluded,n/a,n/a,n/a,n/a,n/a,excluded,none,no,,,,
BOE-B-2025-10311#31,BOE-B-2025-10311,31,2025-03-21,5B,Patrimonio del Estado (DEH),Delegación de Economía y Hacienda en Segovia,table,land,excluded,land: not a building (art. 2.h),none,lot,,0,excluded,n/a,n/a,n/a,n/a,n/a,excluded,none,no,,,,
BOE-B-2025-10311#32,BOE-B-2025-10311,32,2025-03-21,5B,Patrimonio del Estado (DEH),Delegación de Economía y Hacienda en Segovia,table,land,excluded,land: not a building (art. 2.h),none,lot,,0,excluded,n/a,n/a,n/a,n/a,n/a,excluded,none,no,,,,
BOE-B-2025-10311#33,BOE-B-2025-10311,33,2025-03-21,5B,Patrimonio del Estado (DEH),Delegación de Economía y Hacienda en Segovia,table,land,excluded,land: not a building (art. 2.h),none,lot,,0,excluded,n/a,n/a,n/a,n/a,n/a,excluded,none,no,,,,
BOE-B-2025-10311#34,BOE-B-2025-10311,34,2025-03-21,5B,Patrimonio del Estado (DEH),Delegación de Economía y Hacienda en Segovia,table,land,excluded,land: not a building (art. 2.h),none,lot,,0,excluded,n/a,n/a,n/a,n/a,n/a,excluded,none,no,,,,
BOE-B-2025-10311#35,BOE-B-2025-10311,35,2025-03-21,5B,Patrimonio del Estado (DEH),Delegación de Economía y Hacienda en Segovia,table,land,excluded,land: not a building (art. 2.h),none,lot,,0,excluded,n/a,n/a,n/a,n/a,n/a,excluded,none,no,,,,
BOE-B-2025-10311#36,BOE-B-2025-10311,36,2025-03-21,5B,Patrimonio del Estado (DEH),Delegación de Economía y Hacienda en Segovia,table,land,excluded,land: not a building (art. 2.h),none,lot,,0,excluded,n/a,n/a,n/a,n/a,n/a,excluded,none,no,,,,
BOE-B-2025-10311#37,BOE-B-2025-10311,37,2025-03-21,5B,Patrimonio del Estado (DEH),Delegación de Economía y Hacienda en Segovia,table,land,excluded,land: not a building (art. 2.h),none,lot,,0,excluded,n/a,n/a,n/a,n/a,n/a,excluded,none,no,,,,
BOE-B-2025-10311#38,BOE-B-2025-10311,38,2025-03-21,5B,Patrimonio del Estado (DEH),Delegación de Economía y Hacienda en Segovia,table,land,excluded,land: not a building (art. 2.h),none,lot,,0,excluded,n/a,n/a,n/a,n/a,n/a,excluded,none,no,,,,
BOE-B-2025-10311#39,BOE-B-2025-10311,39,2025-03-21,5B,Patrimonio del Estado (DEH),Delegación de Economía y Hacienda en Segovia,table,land,excluded,land: not a building (art. 2.h),none,lot,,0,excluded,n/a,n/a,n/a,n/a,n/a,excluded,none,no,,,,
BOE-B-2025-10311#4,BOE-B-2025-10311,4,2025-03-21,5B,Patrimonio del Estado (DEH),Delegación de Economía y Hacienda en Segovia,table,land,excluded,land: not a building (art. 2.h),none,lot,,0,excluded,n/a,n/a,n/a,n/a,n/a,excluded,none,no,,,,
BOE-B-2025-10311#40,BOE-B-2025-10311,40,2025-03-21,5B,Patrimonio del Estado (DEH),Delegación de Economía y Hacienda en Segovia,table,land,excluded,land: not a building (art. 2.h),none,lot,,0,excluded,n/a,n/a,n/a,n/a,n/a,excluded,none,no,,,,
BOE-B-2025-10311#41,BOE-B-2025-10311,41,2025-03-21,5B,Patrimonio del Estado (DEH),Delegación de Economía y Hacienda en Segovia,table,land,excluded,land: not a building (art. 2.h),none,lot,,0,excluded,n/a,n/a,n/a,n/a,n/a,excluded,none,no,,,,
BOE-B-2025-10311#42,BOE-B-2025-10311,42,2025-03-21,5B,Patrimonio del Estado (DEH),Delegación de Economía y Hacienda en Segovia,table,land,excluded,land: not a building (art. 2.h),none,lot,,0,excluded,n/a,n/a,n/a,n/a,n/a,excluded,none,no,,,,
BOE-B-2025-10311#43,BOE-B-2025-10311,43,2025-03-21,5B,Patrimonio del Estado (DEH),Delegación de Economía y Hacienda en Segovia,table,land,excluded,land: not a building (art. 2.h),none,lot,,0,excluded,n/a,n/a,n/a,n/a,n/a,excluded,none,no,,,,
BOE-B-2025-10311#44,BOE-B-2025-10311,44,2025-03-21,5B,Patrimonio del Estado (DEH),Delegación de Economía y Hacienda en Segovia,table,land,excluded,land: not a building (art. 2.h),none,lot,,0,excluded,n/a,n/a,n/a,n/a,n/a,excluded,none,no,,,,
BOE-B-2025-10311#45,BOE-B-2025-10311,45,2025-03-21,5B,Patrimonio del Estado (DEH),Delegación de Economía y Hacienda en Segovia,table,land,excluded,land: not a building (art. 2.h),none,lot,,0,excluded,n/a,n/a,n/a,n/a,n/a,excluded,none,no,,,,
BOE-B-2025-10311#46,BOE-B-2025-10311,46,2025-03-21,5B,Patrimonio del Estado (DEH),Delegación de Economía y Hacienda en Segovia,table,land,excluded,land: not a building (art. 2.h),none,lot,,0,excluded,n/a,n/a,n/a,n/a,n/a,excluded,none,no,,,,
BOE-B-2025-10311#47,BOE-B-2025-10311,47,2025-03-21,5B,Patrimonio del Estado (DEH),Delegación de Economía y Hacienda en Segovia,table,land,excluded,land: not a building (art. 2.h),none,lot,,0,excluded,n/a,n/a,n/a,n/a,n/a,excluded,none,no,,,,
BOE-B-2025-10311#48,BOE-B-2025-10311,48,2025-03-21,5B,Patrimonio del Estado (DEH),Delegación de Economía y Hacienda en Segovia,table,land,excluded,land: not a building (art. 2.h),none,lot,,0,excluded,n/a,n/a,n/a,n/a,n/a,excluded,none,no,,,,
BOE-B-2025-10311#49,BOE-B-2025-10311,49,2025-03-21,5B,Patrimonio del Estado (DEH),Delegación de Economía y Hacienda en Segovia,table,land,excluded,land: not a building (art. 2.h),none,lot,,0,excluded,n/a,n/a,n/a,n/a,n/a,excluded,none,no,,,,
BOE-B-2025-10311#5,BOE-B-2025-10311,5,2025-03-21,5B,Patrimonio del Estado (DEH),Delegación de Economía y Hacienda en Segovia,table,land,excluded,land: not a building (art. 2.h),none,lot,,0,excluded,n/a,n/a,n/a,n/a,n/a,excluded,none,no,,,,
BOE-B-2025-10311#50,BOE-B-2025-10311,50,2025-03-21,5B,Patrimonio del Estado (DEH),Delegación de Economía y Hacienda en Segovia,table,land,excluded,land: not a building (art. 2.h),none,lot,,0,excluded,n/a,n/a,n/a,n/a,n/a,excluded,none,no,,,,
BOE-B-2025-10311#51,BOE-B-2025-10311,51,2025-03-21,5B,Patrimonio del Estado (DEH),Delegación de Economía y Hacienda en Segovia,table,land,excluded,land: not a building (art. 2.h),none,lot,,0,excluded,n/a,n/a,n/a,n/a,n/a,excluded,none,no,,,,
BOE-B-2025-10311#52,BOE-B-2025-10311,52,2025-03-21,5B,Patrimonio del Estado (DEH),Delegación de Economía y Hacienda en Segovia,table,land,excluded,land: not a building (art. 2.h),none,lot,,0,excluded,n/a,n/a,n/a,n/a,n/a,excluded,none,no,,,,
BOE-B-2025-10311#53,BOE-B-2025-10311,53,2025-03-21,5B,Patrimonio del Estado (DEH),Delegación de Economía y Hacienda en Segovia,table,land,excluded,land: not a building (art. 2.h),none,lot,,0,excluded,n/a,n/a,n/a,n/a,n/a,excluded,none,no,,,,
BOE-B-2025-10311#54,BOE-B-2025-10311,54,2025-03-21,5B,Patrimonio del Estado (DEH),Delegación de Economía y Hacienda en Segovia,table,land,excluded,land: not a building (art. 2.h),none,lot,,0,excluded,n/a,n/a,n/a,n/a,n/a,excluded,none,no,,,,
BOE-B-2025-10311#55,BOE-B-2025-10311,55,2025-03-21,5B,Patrimonio del Estado (DEH),Delegación de Economía y Hacienda en Segovia,table,land,excluded,land: not a building (art. 2.h),none,lot,,0,excluded,n/a,n/a,n/a,n/a,n/a,excluded,none,no,,,,
BOE-B-2025-10311#56,BOE-B-2025-10311,56,2025-03-21,5B,Patrimonio del Estado (DEH),Delegación de Economía y Hacienda en Segovia,table,land,excluded,land: not a building (art. 2.h),none,lot,,0,excluded,n/a,n/a,n/a,n/a,n/a,excluded,none,no,,,,
BOE-B-2025-10311#57,BOE-B-2025-10311,57,2025-03-21,5B,Patrimonio del Estado (DEH),Delegación de Economía y Hacienda en Segovia,table,land,excluded,land: not a building (art. 2.h),none,lot,,0,excluded,n/a,n/a,n/a,n/a,n/a,excluded,none,no,,,,
BOE-B-2025-10311#58,BOE-B-2025-10311,58,2025-03-21,5B,Patrimonio del Estado (DEH),Delegación de Economía y Hacienda en Segovia,table,land,excluded,land: not a building (art. 2.h),none,lot,,0,excluded,n/a,n/a,n/a,n/a,n/a,excluded,none,no,,,,
BOE-B-2025-10311#59,BOE-B-2025-10311,59,2025-03-21,5B,Patrimonio del Estado (DEH),Delegación de Economía y Hacienda en Segovia,table,land,excluded,land: not a building (art. 2.h),none,lot,,0,excluded,n/a,n/a,n/a,n/a,n/a,excluded,none,no,,,,
BOE-B-2025-10311#6,BOE-B-2025-10311,6,2025-03-21,5B,Patrimonio del Estado (DEH),Delegación de Economía y Hacienda en Segovia,table,land,excluded,land: not a building (art. 2.h),none,lot,,0,excluded,n/a,n/a,n/a,n/a,n/a,excluded,none,no,,,,
BOE-B-2025-10311#60,BOE-B-2025-10311,60,2025-03-21,5B,Patrimonio del Estado (DEH),Delegación de Economía y Hacienda en Segovia,table,land,excluded,land: not a building (art. 2.h),none,lot,,0,excluded,n/a,n/a,n/a,n/a,n/a,excluded,none,no,,,,
BOE-B-2025-10311#61,BOE-B-2025-10311,61,2025-03-21,5B,Patrimonio del Estado (DEH),Delegación de Economía y Hacienda en Segovia,table,land,excluded,land: not a building (art. 2.h),none,lot,,0,excluded,n/a,n/a,n/a,n/a,n/a,excluded,none,no,,,,
BOE-B-2025-10311#62,BOE-B-2025-10311,62,2025-03-21,5B,Patrimonio del Estado (DEH),Delegación de Economía y Hacienda en Segovia,table,land,excluded,land: not a building (art. 2.h),none,lot,,0,excluded,n/a,n/a,n/a,n/a,n/a,excluded,none,no,,,,
BOE-B-2025-10311#63,BOE-B-2025-10311,63,2025-03-21,5B,Patrimonio del Estado (DEH),Delegación de Economía y Hacienda en Segovia,table,land,excluded,land: not a building (art. 2.h),none,lot,,0,excluded,n/a,n/a,n/a,n/a,n/a,excluded,none,no,,,,
BOE-B-2025-10311#64,BOE-B-2025-10311,64,2025-03-21,5B,Patrimonio del Estado (DEH),Delegación de Economía y Hacienda en Segovia,table,land,excluded,land: not a building (art. 2.h),none,lot,,0,excluded,n/a,n/a,n/a,n/a,n/a,excluded,none,no,,,,
BOE-B-2025-10311#65,BOE-B-2025-10311,65,2025-03-21,5B,Patrimonio del Estado (DEH),Delegación de Economía y Hacienda en Segovia,table,land,excluded,land: not a building (art. 2.h),none,lot,,0,excluded,n/a,n/a,n/a,n/a,n/a,excluded,none,no,,,,
BOE-B-2025-10311#66,BOE-B-2025-10311,66,2025-03-21,5B,Patrimonio del Estado (DEH),Delegación de Economía y Hacienda en Segovia,table,land,excluded,land: not a building (art. 2.h),none,lot,,0,excluded,n/a,n/a,n/a,n/a,n/a,excluded,none,no,,,,
BOE-B-2025-10311#67,BOE-B-2025-10311,67,2025-03-21,5B,Patrimonio del Estado (DEH),Delegación de Economía y Hacienda en Segovia,table,land,excluded,land: not a building (art. 2.h),none,lot,,0,excluded,n/a,n/a,n/a,n/a,n/a,excluded,none,no,,,,
BOE-B-2025-10311#68,BOE-B-2025-10311,68,2025-03-21,5B,Patrimonio del Estado (DEH),Delegación de Economía y Hacienda en Segovia,table,land,excluded,land: not a building (art. 2.h),none,lot,,0,excluded,n/a,n/a,n/a,n/a,n/a,excluded,none,no,,,,
BOE-B-2025-10311#69,BOE-B-2025-10311,69,2025-03-21,5B,Patrimonio del Estado (DEH),Delegación de Economía y Hacienda en Segovia,table,land,excluded,land: not a building (art. 2.h),none,lot,,0,excluded,n/a,n/a,n/a,n/a,n/a,excluded,none,no,,,,
BOE-B-2025-10311#7,BOE-B-2025-10311,7,2025-03-21,5B,Patrimonio del Estado (DEH),Delegación de Economía y Hacienda en Segovia,table,land,excluded,land: not a building (art. 2.h),none,lot,,0,excluded,n/a,n/a,n/a,n/a,n/a,excluded,none,no,,,,
BOE-B-2025-10311#70,BOE-B-2025-10311,70,2025-03-21,5B,Patrimonio del Estado (DEH),Delegación de Economía y Hacienda en Segovia,table,land,excluded,land: not a building (art. 2.h),none,lot,,0,excluded,n/a,n/a,n/a,n/a,n/a,excluded,none,no,,,,
BOE-B-2025-10311#71,BOE-B-2025-10311,71,2025-03-21,5B,Patrimonio del Estado (DEH),Delegación de Economía y Hacienda en Segovia,table,land,excluded,land: not a building (art. 2.h),none,lot,,0,excluded,n/a,n/a,n/a,n/a,n/a,excluded,none,no,,,,
BOE-B-2025-10311#72,BOE-B-2025-10311,72,2025-03-21,5B,Patrimonio del Estado (DEH),Delegación de Economía y Hacienda en Segovia,table,land,excluded,land: not a building (art. 2.h),none,lot,,0,excluded,n/a,n/a,n/a,n/a,n/a,excluded,none,no,,,,
BOE-B-2025-10311#73,BOE-B-2025-10311,73,2025-03-21,5B,Patrimonio del Estado (DEH),Delegación de Economía y Hacienda en Segovia,table,land,excluded,land: not a building (art. 2.h),none,lot,,0,excluded,n/a,n/a,n/a,n/a,n/a,excluded,none,no,,,,
BOE-B-2025-10311#74,BOE-B-2025-10311,74,2025-03-21,5B,Patrimonio del Estado (DEH),Delegación de Economía y Hacienda en Segovia,table,land,excluded,land: not a building (art. 2.h),none,lot,,0,excluded,n/a,n/a,n/a,n/a,n/a,excluded,none,no,,,,
BOE-B-2025-10311#75,BOE-B-2025-10311,75,2025-03-21,5B,Patrimonio del Estado (DEH),Delegación de Economía y Hacienda en Segovia,table,land,excluded,land: not a building (art. 2.h),none,lot,,0,excluded,n/a,n/a,n/a,n/a,n/a,excluded,none,no,,,,
BOE-B-2025-10311#76,BOE-B-2025-10311,76,2025-03-21,5B,Patrimonio del Estado (DEH),Delegación de Economía y Hacienda en Segovia,table,land,excluded,land: not a building (art. 2.h),none,lot,,0,excluded,n/a,n/a,n/a,n/a,n/a,excluded,none,no,,,,
BOE-B-2025-10311#77,BOE-B-2025-10311,77,2025-03-21,5B,Patrimonio del Estado (DEH),Delegación de Economía y Hacienda en Segovia,table,land,excluded,land: not a building (art. 2.h),none,lot,,0,excluded,n/a,n/a,n/a,n/a,n/a,excluded,none,no,,,,
BOE-B-2025-10311#78,BOE-B-2025-10311,78,2025-03-21,5B,Patrimonio del Estado (DEH),Delegación de Economía y Hacienda en Segovia,table,land,excluded,land: not a building (art. 2.h),none,lot,,0,excluded,n/a,n/a,n/a,n/a,n/a,excluded,none,no,,,,
BOE-B-2025-10311#79,BOE-B-2025-10311,79,2025-03-21,5B,Patrimonio del Estado (DEH),Delegación de Economía y Hacienda en Segovia,table,land,excluded,land: not a building (art. 2.h),none,lot,,0,excluded,n/a,n/a,n/a,n/a,n/a,excluded,none,no,,,,
BOE-B-2025-10311#8,BOE-B-2025-10311,8,2025-03-21,5B,Patrimonio del Estado (DEH),Delegación de Economía y Hacienda en Segovia,table,land,excluded,land: not a building (art. 2.h),none,lot,,0,excluded,n/a,n/a,n/a,n/a,n/a,excluded,none,no,,,,
BOE-B-2025-10311#80,BOE-B-2025-10311,80,2025-03-21,5B,Patrimonio del Estado (DEH),Delegación de Economía y Hacienda en Segovia,table,land,excluded,land: not a building (art. 2.h),none,lot,,0,excluded,n/a,n/a,n/a,n/a,n/a,excluded,none,no,,,,
BOE-B-2025-10311#81,BOE-B-2025-10311,81,2025-03-21,5B,Patrimonio del Estado (DEH),Delegación de Economía y Hacienda en Segovia,table,land,excluded,land: not a building (art. 2.h),none,lot,,0,excluded,n/a,n/a,n/a,n/a,n/a,excluded,none,no,,,,
BOE-B-2025-10311#82,BOE-B-2025-10311,82,2025-03-21,5B,Patrimonio del Estado (DEH),Delegación de Economía y Hacienda en Segovia,table,land,excluded,land: not a building (art. 2.h),none,lot,,0,excluded,n/a,n/a,n/a,n/a,n/a,excluded,none,no,,,,
BOE-B-2025-10311#83,BOE-B-2025-10311,83,2025-03-21,5B,Patrimonio del Estado (DEH),Delegación de Economía y Hacienda en Segovia,table,land,excluded,land: not a building (art. 2.h),none,lot,,0,excluded,n/a,n/a,n/a,n/a,n/a,excluded,none,no,,,,
BOE-B-2025-10311#84,BOE-B-2025-10311,84,2025-03-21,5B,Patrimonio del Estado (DEH),Delegación de Economía y Hacienda en Segovia,table,land,excluded,land: not a building (art. 2.h),none,lot,,0,excluded,n/a,n/a,n/a,n/a,n/a,excluded,none,no,,,,
BOE-B-2025-10311#85,BOE-B-2025-10311,85,2025-03-21,5B,Patrimonio del Estado (DEH),Delegación de Economía y Hacienda en Segovia,table,land,excluded,land: not a building (art. 2.h),none,lot,,0,excluded,n/a,n/a,n/a,n/a,n/a,excluded,none,no,,,,
BOE-B-2025-10311#86,BOE-B-2025-10311,86,2025-03-21,5B,Patrimonio del Estado (DEH),Delegación de Economía y Hacienda en Segovia,table,land,excluded,land: not a building (art. 2.h),none,lot,,0,excluded,n/a,n/a,n/a,n/a,n/a,excluded,none,no,,,,
BOE-B-2025-10311#87,BOE-B-2025-10311,87,2025-03-21,5B,Patrimonio del Estado (DEH),Delegación de Economía y Hacienda en Segovia,table,land,excluded,land: not a building (art. 2.h),none,lot,,0,excluded,n/a,n/a,n/a,n/a,n/a,excluded,none,no,,,,
BOE-B-2025-10311#88,BOE-B-2025-10311,88,2025-03-21,5B,Patrimonio del Estado (DEH),Delegación de Economía y Hacienda en Segovia,table,land,excluded,land: not a building (art. 2.h),none,lot,,0,excluded,n/a,n/a,n/a,n/a,n/a,excluded,none,no,,,,
BOE-B-2025-10311#89,BOE-B-2025-10311,89,2025-03-21,5B,Patrimonio del Estado (DEH),Delegación de Economía y Hacienda en Segovia,table,land,excluded,land: not a building (art. 2.h),none,lot,,0,excluded,n/a,n/a,n/a,n/a,n/a,excluded,none,no,,,,
BOE-B-2025-10311#9,BOE-B-2025-10311,9,2025-03-21,5B,Patrimonio del Estado (DEH),Delegación de Economía y Hacienda en Segovia,table,land,excluded,land: not a building (art. 2.h),none,lot,,0,excluded,n/a,n/a,n/a,n/a,n/a,excluded,none,no,,,,
BOE-B-2025-10311#90,BOE-B-2025-10311,90,2025-03-21,5B,Patrimonio del Estado (DEH),Delegación de Economía y Hacienda en Segovia,table,land,excluded,land: not a building (art. 2.h),none,lot,,0,excluded,n/a,n/a,n/a,n/a,n/a,excluded,none,no,,,,
BOE-B-2025-10311#91,BOE-B-2025-10311,91,2025-03-21,5B,Patrimonio del Estado (DEH),Delegación de Economía y Hacienda en Segovia,table,land,excluded,land: not a building (art. 2.h),none,lot,,0,excluded,n/a,n/a,n/a,n/a,n/a,excluded,none,no,,,,
BOE-B-2025-10311#92,BOE-B-2025-10311,92,2025-03-21,5B,Patrimonio del Estado (DEH),Delegación de Economía y Hacienda en Segovia,table,land,excluded,land: not a building (art. 2.h),none,lot,,0,excluded,n/a,n/a,n/a,n/a,n/a,excluded,none,no,,,,
BOE-B-2025-10311#93,BOE-B-2025-10311,93,2025-03-21,5B,Patrimonio del Estado (DEH),Delegación de Economía y Hacienda en Segovia,table,land,excluded,land: not a building (art. 2.h),none,lot,,0,excluded,n/a,n/a,n/a,n/a,n/a,excluded,none,no,,,,
BOE-B-2025-10311#94,BOE-B-2025-10311,94,2025-03-21,5B,Patrimonio del Estado (DEH),Delegación de Economía y Hacienda en Segovia,table,land,excluded,land: not a building (art. 2.h),none,lot,,0,excluded,n/a,n/a,n/a,n/a,n/a,excluded,none,no,,,,
BOE-B-2025-10311#95,BOE-B-2025-10311,95,2025-03-21,5B,Patrimonio del Estado (DEH),Delegación de Economía y Hacienda en Segovia,table,land,excluded,land: not a building (art. 2.h),none,lot,,0,excluded,n/a,n/a,n/a,n/a,n/a,excluded,none,no,,,,
BOE-B-2025-10311#96,BOE-B-2025-10311,96,2025-03-21,5B,Patrimonio del Estado (DEH),Delegación de Economía y Hacienda en Segovia,table,land,excluded,land: not a building (art. 2.h),none,lot,,0,excluded,n/a,n/a,n/a,n/a,n/a,excluded,none,no,,,,
BOE-B-2025-10311#97,BOE-B-2025-10311,97,2025-03-21,5B,Patrimonio del Estado (DEH),Delegación de Economía y Hacienda en Segovia,table,land,excluded,land: not a building (art. 2.h),none,lot,,0,excluded,n/a,n/a,n/a,n/a,n/a,excluded,none,no,,,,
BOE-B-2025-10311#98,BOE-B-2025-10311,98,2025-03-21,5B,Patrimonio del Estado (DEH),Delegación de Economía y Hacienda en Segovia,table,land,excluded,land: not a building (art. 2.h),none,lot,,0,excluded,n/a,n/a,n/a,n/a,n/a,excluded,none,no,,,,
BOE-B-2025-10311#99,BOE-B-2025-10311,99,2025-03-21,5B,Patrimonio del Estado (DEH),Delegación de Economía y Hacienda en Segovia,table,land,excluded,land: not a building (art. 2.h),none,lot,,0,excluded,n/a,n/a,n/a,n/a,n/a,excluded,none,no,,,,
BOE-B-2025-10639#1,BOE-B-2025-10639,1,2025-03-22,5B,Patrimonio del Estado (DEH),Delegación de Economía y Hacienda en Pontevedra,lote_header,land,excluded,land: not a building (art. 2.h),none,lot,,0,excluded,n/a,n/a,n/a,n/a,n/a,excluded,none,no,,,,
BOE-B-2025-10639#2,BOE-B-2025-10639,2,2025-03-22,5B,Patrimonio del Estado (DEH),Delegación de Economía y Hacienda en Pontevedra,lote_header,land,excluded,land: not a building (art. 2.h),none,lot,,0,excluded,n/a,n/a,n/a,n/a,n/a,excluded,none,yes,R4,,none,land (rustic or unbuilt plot); confirmed
BOE-B-2025-10639#3,BOE-B-2025-10639,3,2025-03-22,5B,Patrimonio del Estado (DEH),Delegación de Economía y Hacienda en Pontevedra,lote_header,land,excluded,land: not a building (art. 2.h),none,lot,,0,excluded,n/a,n/a,n/a,n/a,n/a,excluded,none,no,,,,
BOE-B-2025-10639#4,BOE-B-2025-10639,4,2025-03-22,5B,Patrimonio del Estado (DEH),Delegación de Economía y Hacienda en Pontevedra,lote_header,land,excluded,land: not a building (art. 2.h),none,lot,,0,excluded,n/a,n/a,n/a,n/a,n/a,excluded,none,no,,,,
BOE-B-2025-10639#5,BOE-B-2025-10639,5,2025-03-22,5B,Patrimonio del Estado (DEH),Delegación de Economía y Hacienda en Pontevedra,lote_header,land,excluded,land: not a building (art. 2.h),none,lot,,0,excluded,n/a,n/a,n/a,n/a,n/a,excluded,none,no,,,,
BOE-B-2025-10639#6,BOE-B-2025-10639,6,2025-03-22,5B,Patrimonio del Estado (DEH),Delegación de Economía y Hacienda en Pontevedra,lote_header,land,excluded,land: not a building (art. 2.h),none,lot,,0,excluded,n/a,n/a,n/a,n/a,n/a,excluded,none,no,,,,
BOE-B-2025-10639#7,BOE-B-2025-10639,7,2025-03-22,5B,Patrimonio del Estado (DEH),Delegación de Economía y Hacienda en Pontevedra,lote_header,land,excluded,land: not a building (art. 2.h),none,lot,,0,excluded,n/a,n/a,n/a,n/a,n/a,excluded,none,no,,,,
BOE-B-2025-10639#8,BOE-B-2025-10639,8,2025-03-22,5B,Patrimonio del Estado (DEH),Delegación de Economía y Hacienda en Pontevedra,lote_header,land,excluded,land: not a building (art. 2.h),none,lot,,0,excluded,n/a,n/a,n/a,n/a,n/a,excluded,none,no,,,,
BOE-B-2025-10817#?,BOE-B-2025-10817,?,2025-03-24,5B,TGSS,Dirección Provincial de la Tesorería General de la Seguridad Social de Granada,unsplit,commercial,covered,,rating,lot,D,1,yes,yes,yes,yes,yes,yes,covered,rating,yes,R2,,none,rating letter(s) stated in the lot; confirmed
BOE-B-2025-10979#1,BOE-B-2025-10979,1,2025-03-25,5B,TGSS,Dirección Provincial de la Tesorería General de la Seguridad Social de Segovia,single,land,excluded,land: not a building (art. 2.h),none,lot,,0,excluded,n/a,n/a,n/a,n/a,n/a,excluded,none,no,,,,
BOE-B-2025-10980#1,BOE-B-2025-10980,1,2025-03-25,5B,TGSS,Dirección Provincial de la Tesorería General de la Seguridad Social de Lugo,single,commercial,covered,,rating,lot,DE,1,yes,yes,yes,yes,yes,yes,covered,rating,yes,R2,,none,rating letter(s) stated in the lot; confirmed
BOE-B-2025-11084#1,BOE-B-2025-11084,1,2025-03-26,5B,TGSS,Tesorería General de la Seguridad Social de Soria,single,commercial,covered,,rating,lot,DE,1,yes,yes,yes,yes,yes,yes,covered,rating,no,,,,
BOE-B-2025-11267#1,BOE-B-2025-11267,1,2025-03-28,5B,Patrimonio del Estado (DEH),Delegación de Economía y Hacienda en León,lote_header,garage,excluded,garage or storage room (MITECO FAQ v6.0 no. 14),none,lot,,0,excluded,n/a,n/a,n/a,n/a,n/a,undeterminable,none,yes,R3,,scope undeterminable>excluded; type commercial>garage,1/35 undivided share of a basement garage
BOE-B-2025-11618#1,BOE-B-2025-11618,1,2025-03-29,5B,Patrimonio del Estado (DEH),Delegación de Economía y Hacienda en León,lote_header,land,excluded,land: not a building (art. 2.h),none,lot,,0,excluded,n/a,n/a,n/a,n/a,n/a,excluded,none,no,,,,
BOE-B-2025-11618#10,BOE-B-2025-11618,10,2025-03-29,5B,Patrimonio del Estado (DEH),Delegación de Economía y Hacienda en León,lote_header,land,excluded,land: not a building (art. 2.h),none,lot,,0,excluded,n/a,n/a,n/a,n/a,n/a,excluded,none,no,,,,
BOE-B-2025-11618#11,BOE-B-2025-11618,11,2025-03-29,5B,Patrimonio del Estado (DEH),Delegación de Economía y Hacienda en León,lote_header,land,excluded,land: not a building (art. 2.h),none,lot,,0,excluded,n/a,n/a,n/a,n/a,n/a,excluded,none,no,,,,
BOE-B-2025-11618#12,BOE-B-2025-11618,12,2025-03-29,5B,Patrimonio del Estado (DEH),Delegación de Economía y Hacienda en León,lote_header,land,excluded,land: not a building (art. 2.h),none,lot,,0,excluded,n/a,n/a,n/a,n/a,n/a,excluded,none,no,,,,
BOE-B-2025-11618#13,BOE-B-2025-11618,13,2025-03-29,5B,Patrimonio del Estado (DEH),Delegación de Economía y Hacienda en León,lote_header,land,excluded,land: not a building (art. 2.h),none,lot,,0,excluded,n/a,n/a,n/a,n/a,n/a,excluded,none,no,,,,
BOE-B-2025-11618#14,BOE-B-2025-11618,14,2025-03-29,5B,Patrimonio del Estado (DEH),Delegación de Economía y Hacienda en León,lote_header,land,excluded,land: not a building (art. 2.h),none,lot,,0,excluded,n/a,n/a,n/a,n/a,n/a,excluded,none,no,,,,
BOE-B-2025-11618#15,BOE-B-2025-11618,15,2025-03-29,5B,Patrimonio del Estado (DEH),Delegación de Economía y Hacienda en León,lote_header,land,excluded,land: not a building (art. 2.h),none,lot,,0,excluded,n/a,n/a,n/a,n/a,n/a,excluded,none,no,,,,
BOE-B-2025-11618#16,BOE-B-2025-11618,16,2025-03-29,5B,Patrimonio del Estado (DEH),Delegación de Economía y Hacienda en León,lote_header,land,excluded,land: not a building (art. 2.h),none,lot,,0,excluded,n/a,n/a,n/a,n/a,n/a,excluded,none,no,,,,
BOE-B-2025-11618#17,BOE-B-2025-11618,17,2025-03-29,5B,Patrimonio del Estado (DEH),Delegación de Economía y Hacienda en León,lote_header,land,excluded,land: not a building (art. 2.h),none,lot,,0,excluded,n/a,n/a,n/a,n/a,n/a,excluded,none,no,,,,
BOE-B-2025-11618#18,BOE-B-2025-11618,18,2025-03-29,5B,Patrimonio del Estado (DEH),Delegación de Economía y Hacienda en León,lote_header,land,excluded,land: not a building (art. 2.h),none,lot,,0,excluded,n/a,n/a,n/a,n/a,n/a,excluded,none,no,,,,
BOE-B-2025-11618#19,BOE-B-2025-11618,19,2025-03-29,5B,Patrimonio del Estado (DEH),Delegación de Economía y Hacienda en León,lote_header,land,excluded,land: not a building (art. 2.h),none,lot,,0,excluded,n/a,n/a,n/a,n/a,n/a,excluded,none,no,,,,
BOE-B-2025-11618#2,BOE-B-2025-11618,2,2025-03-29,5B,Patrimonio del Estado (DEH),Delegación de Economía y Hacienda en León,lote_header,land,excluded,land: not a building (art. 2.h),none,lot,,0,excluded,n/a,n/a,n/a,n/a,n/a,excluded,none,no,,,,
BOE-B-2025-11618#20,BOE-B-2025-11618,20,2025-03-29,5B,Patrimonio del Estado (DEH),Delegación de Economía y Hacienda en León,lote_header,land,excluded,land: not a building (art. 2.h),none,lot,,0,excluded,n/a,n/a,n/a,n/a,n/a,excluded,none,no,,,,
BOE-B-2025-11618#21,BOE-B-2025-11618,21,2025-03-29,5B,Patrimonio del Estado (DEH),Delegación de Economía y Hacienda en León,lote_header,land,excluded,land: not a building (art. 2.h),none,lot,,0,excluded,n/a,n/a,n/a,n/a,n/a,excluded,none,no,,,,
BOE-B-2025-11618#22,BOE-B-2025-11618,22,2025-03-29,5B,Patrimonio del Estado (DEH),Delegación de Economía y Hacienda en León,lote_header,land,excluded,land: not a building (art. 2.h),none,lot,,0,excluded,n/a,n/a,n/a,n/a,n/a,excluded,none,no,,,,
BOE-B-2025-11618#23,BOE-B-2025-11618,23,2025-03-29,5B,Patrimonio del Estado (DEH),Delegación de Economía y Hacienda en León,lote_header,land,excluded,land: not a building (art. 2.h),none,lot,,0,excluded,n/a,n/a,n/a,n/a,n/a,excluded,none,no,,,,
BOE-B-2025-11618#24,BOE-B-2025-11618,24,2025-03-29,5B,Patrimonio del Estado (DEH),Delegación de Economía y Hacienda en León,lote_header,land,excluded,land: not a building (art. 2.h),none,lot,,0,excluded,n/a,n/a,n/a,n/a,n/a,excluded,none,no,,,,
BOE-B-2025-11618#25,BOE-B-2025-11618,25,2025-03-29,5B,Patrimonio del Estado (DEH),Delegación de Economía y Hacienda en León,lote_header,land,excluded,land: not a building (art. 2.h),none,lot,,0,excluded,n/a,n/a,n/a,n/a,n/a,excluded,none,no,,,,
BOE-B-2025-11618#26,BOE-B-2025-11618,26,2025-03-29,5B,Patrimonio del Estado (DEH),Delegación de Economía y Hacienda en León,lote_header,land,excluded,land: not a building (art. 2.h),none,lot,,0,excluded,n/a,n/a,n/a,n/a,n/a,excluded,none,no,,,,
BOE-B-2025-11618#27,BOE-B-2025-11618,27,2025-03-29,5B,Patrimonio del Estado (DEH),Delegación de Economía y Hacienda en León,lote_header,land,excluded,land: not a building (art. 2.h),none,lot,,0,excluded,n/a,n/a,n/a,n/a,n/a,undeterminable,none,yes,R3,,scope undeterminable>excluded; type rural_with_construction>land,"rustic dry-farming plot; ""Pajar"" is part of the place name"
BOE-B-2025-11618#28,BOE-B-2025-11618,28,2025-03-29,5B,Patrimonio del Estado (DEH),Delegación de Economía y Hacienda en León,lote_header,land,excluded,land: not a building (art. 2.h),none,lot,,0,excluded,n/a,n/a,n/a,n/a,n/a,undeterminable,none,yes,R3,,scope undeterminable>excluded; type rural_with_construction>land,"rustic dry-farming plot; ""Pajar"" is part of the place name"
BOE-B-2025-11618#29,BOE-B-2025-11618,29,2025-03-29,5B,Patrimonio del Estado (DEH),Delegación de Economía y Hacienda en León,lote_header,land,excluded,land: not a building (art. 2.h),none,lot,,0,excluded,n/a,n/a,n/a,n/a,n/a,excluded,none,no,,,,
BOE-B-2025-11618#3,BOE-B-2025-11618,3,2025-03-29,5B,Patrimonio del Estado (DEH),Delegación de Economía y Hacienda en León,lote_header,land,excluded,land: not a building (art. 2.h),none,lot,,0,excluded,n/a,n/a,n/a,n/a,n/a,excluded,none,no,,,,
BOE-B-2025-11618#30,BOE-B-2025-11618,30,2025-03-29,5B,Patrimonio del Estado (DEH),Delegación de Economía y Hacienda en León,lote_header,land,excluded,land: not a building (art. 2.h),none,lot,,0,excluded,n/a,n/a,n/a,n/a,n/a,excluded,none,no,,,,
BOE-B-2025-11618#31,BOE-B-2025-11618,31,2025-03-29,5B,Patrimonio del Estado (DEH),Delegación de Economía y Hacienda en León,lote_header,land,excluded,land: not a building (art. 2.h),none,lot,,0,excluded,n/a,n/a,n/a,n/a,n/a,excluded,none,no,,,,
BOE-B-2025-11618#32,BOE-B-2025-11618,32,2025-03-29,5B,Patrimonio del Estado (DEH),Delegación de Economía y Hacienda en León,lote_header,land,excluded,land: not a building (art. 2.h),none,lot,,0,excluded,n/a,n/a,n/a,n/a,n/a,undeterminable,none,yes,R3,,scope undeterminable>excluded; type rural_with_construction>land,"rustic dry-farming plot; ""Pajar"" is part of the place name"
BOE-B-2025-11618#33,BOE-B-2025-11618,33,2025-03-29,5B,Patrimonio del Estado (DEH),Delegación de Economía y Hacienda en León,lote_header,land,excluded,land: not a building (art. 2.h),none,lot,,0,excluded,n/a,n/a,n/a,n/a,n/a,undeterminable,none,yes,R3,,scope undeterminable>excluded; type rural_with_construction>land,"rustic dry-farming plot; ""Pajar"" is part of the place name"
BOE-B-2025-11618#34,BOE-B-2025-11618,34,2025-03-29,5B,Patrimonio del Estado (DEH),Delegación de Economía y Hacienda en León,lote_header,land,excluded,land: not a building (art. 2.h),none,lot,,0,excluded,n/a,n/a,n/a,n/a,n/a,undeterminable,none,yes,R3,,scope undeterminable>excluded; type rural_with_construction>land,"rustic dry-farming plot; ""Pajar"" is part of the place name"
BOE-B-2025-11618#35,BOE-B-2025-11618,35,2025-03-29,5B,Patrimonio del Estado (DEH),Delegación de Economía y Hacienda en León,lote_header,land,excluded,land: not a building (art. 2.h),none,lot,,0,excluded,n/a,n/a,n/a,n/a,n/a,undeterminable,none,yes,R3,,scope undeterminable>excluded; type rural_with_construction>land,"rustic dry-farming plot; ""Pajar"" is part of the place name"
BOE-B-2025-11618#36,BOE-B-2025-11618,36,2025-03-29,5B,Patrimonio del Estado (DEH),Delegación de Economía y Hacienda en León,lote_header,land,excluded,land: not a building (art. 2.h),none,lot,,0,excluded,n/a,n/a,n/a,n/a,n/a,excluded,none,no,,,,
BOE-B-2025-11618#37,BOE-B-2025-11618,37,2025-03-29,5B,Patrimonio del Estado (DEH),Delegación de Economía y Hacienda en León,lote_header,land,excluded,land: not a building (art. 2.h),none,lot,,0,excluded,n/a,n/a,n/a,n/a,n/a,excluded,none,no,,,,
BOE-B-2025-11618#38,BOE-B-2025-11618,38,2025-03-29,5B,Patrimonio del Estado (DEH),Delegación de Economía y Hacienda en León,lote_header,land,excluded,land: not a building (art. 2.h),none,lot,,0,excluded,n/a,n/a,n/a,n/a,n/a,excluded,none,no,,,,
BOE-B-2025-11618#39,BOE-B-2025-11618,39,2025-03-29,5B,Patrimonio del Estado (DEH),Delegación de Economía y Hacienda en León,lote_header,land,excluded,land: not a building (art. 2.h),none,lot,,0,excluded,n/a,n/a,n/a,n/a,n/a,excluded,none,no,,,,
BOE-B-2025-11618#4,BOE-B-2025-11618,4,2025-03-29,5B,Patrimonio del Estado (DEH),Delegación de Economía y Hacienda en León,lote_header,land,excluded,land: not a building (art. 2.h),none,lot,,0,excluded,n/a,n/a,n/a,n/a,n/a,excluded,none,no,,,,
BOE-B-2025-11618#40,BOE-B-2025-11618,40,2025-03-29,5B,Patrimonio del Estado (DEH),Delegación de Economía y Hacienda en León,lote_header,land,excluded,land: not a building (art. 2.h),none,lot,,0,excluded,n/a,n/a,n/a,n/a,n/a,excluded,none,no,,,,
BOE-B-2025-11618#41,BOE-B-2025-11618,41,2025-03-29,5B,Patrimonio del Estado (DEH),Delegación de Economía y Hacienda en León,lote_header,land,excluded,land: not a building (art. 2.h),none,lot,,0,excluded,n/a,n/a,n/a,n/a,n/a,excluded,none,no,,,,
BOE-B-2025-11618#42,BOE-B-2025-11618,42,2025-03-29,5B,Patrimonio del Estado (DEH),Delegación de Economía y Hacienda en León,lote_header,land,excluded,land: not a building (art. 2.h),none,lot,,0,excluded,n/a,n/a,n/a,n/a,n/a,excluded,none,yes,R4,,none,land (rustic or unbuilt plot); confirmed
BOE-B-2025-11618#43,BOE-B-2025-11618,43,2025-03-29,5B,Patrimonio del Estado (DEH),Delegación de Economía y Hacienda en León,lote_header,land,excluded,land: not a building (art. 2.h),none,lot,,0,excluded,n/a,n/a,n/a,n/a,n/a,excluded,none,no,,,,
BOE-B-2025-11618#44,BOE-B-2025-11618,44,2025-03-29,5B,Patrimonio del Estado (DEH),Delegación de Economía y Hacienda en León,lote_header,land,excluded,land: not a building (art. 2.h),none,lot,,0,excluded,n/a,n/a,n/a,n/a,n/a,excluded,none,no,,,,
BOE-B-2025-11618#45,BOE-B-2025-11618,45,2025-03-29,5B,Patrimonio del Estado (DEH),Delegación de Economía y Hacienda en León,lote_header,land,excluded,land: not a building (art. 2.h),none,lot,,0,excluded,n/a,n/a,n/a,n/a,n/a,excluded,none,no,,,,
BOE-B-2025-11618#46,BOE-B-2025-11618,46,2025-03-29,5B,Patrimonio del Estado (DEH),Delegación de Economía y Hacienda en León,lote_header,land,excluded,land: not a building (art. 2.h),none,lot,,0,excluded,n/a,n/a,n/a,n/a,n/a,excluded,none,no,,,,
BOE-B-2025-11618#47,BOE-B-2025-11618,47,2025-03-29,5B,Patrimonio del Estado (DEH),Delegación de Economía y Hacienda en León,lote_header,land,excluded,land: not a building (art. 2.h),none,lot,,0,excluded,n/a,n/a,n/a,n/a,n/a,excluded,none,no,,,,
BOE-B-2025-11618#48,BOE-B-2025-11618,48,2025-03-29,5B,Patrimonio del Estado (DEH),Delegación de Economía y Hacienda en León,lote_header,land,excluded,land: not a building (art. 2.h),none,lot,,0,excluded,n/a,n/a,n/a,n/a,n/a,excluded,none,no,,,,
BOE-B-2025-11618#49,BOE-B-2025-11618,49,2025-03-29,5B,Patrimonio del Estado (DEH),Delegación de Economía y Hacienda en León,lote_header,land,excluded,land: not a building (art. 2.h),none,lot,,0,excluded,n/a,n/a,n/a,n/a,n/a,excluded,none,no,,,,
BOE-B-2025-11618#5,BOE-B-2025-11618,5,2025-03-29,5B,Patrimonio del Estado (DEH),Delegación de Economía y Hacienda en León,lote_header,land,excluded,land: not a building (art. 2.h),none,lot,,0,excluded,n/a,n/a,n/a,n/a,n/a,excluded,none,no,,,,
BOE-B-2025-11618#6,BOE-B-2025-11618,6,2025-03-29,5B,Patrimonio del Estado (DEH),Delegación de Economía y Hacienda en León,lote_header,land,excluded,land: not a building (art. 2.h),none,lot,,0,excluded,n/a,n/a,n/a,n/a,n/a,excluded,none,no,,,,
BOE-B-2025-11618#7,BOE-B-2025-11618,7,2025-03-29,5B,Patrimonio del Estado (DEH),Delegación de Economía y Hacienda en León,lote_header,land,excluded,land: not a building (art. 2.h),none,lot,,0,excluded,n/a,n/a,n/a,n/a,n/a,excluded,none,no,,,,
BOE-B-2025-11618#8,BOE-B-2025-11618,8,2025-03-29,5B,Patrimonio del Estado (DEH),Delegación de Economía y Hacienda en León,lote_header,land,excluded,land: not a building (art. 2.h),none,lot,,0,excluded,n/a,n/a,n/a,n/a,n/a,excluded,none,no,,,,
BOE-B-2025-11618#9,BOE-B-2025-11618,9,2025-03-29,5B,Patrimonio del Estado (DEH),Delegación de Economía y Hacienda en León,lote_header,land,excluded,land: not a building (art. 2.h),none,lot,,0,excluded,n/a,n/a,n/a,n/a,n/a,excluded,none,no,,,,
BOE-B-2025-11983#1,BOE-B-2025-11983,1,2025-04-01,5B,GIESE (Interior),Organismo Autónomo Gerencia de Infraestructuras y Equipamiento de la Seguridad del Estado,numbered,building,covered,,none,lot,,0,no,no,no,no,no,no,covered,none,yes,R1,,none,former customs building; no energy statement
BOE-B-2025-11983#2,BOE-B-2025-11983,2,2025-04-01,5B,GIESE (Interior),Organismo Autónomo Gerencia de Infraestructuras y Equipamiento de la Seguridad del Estado,numbered,building,covered,,none,lot,,0,no,no,no,no,no,no,covered,none,yes,R1,,none,former Guardia Civil barracks; no energy statement
BOE-B-2025-11983#3,BOE-B-2025-11983,3,2025-04-01,5B,GIESE (Interior),Organismo Autónomo Gerencia de Infraestructuras y Equipamiento de la Seguridad del Estado,numbered,residential,covered,,none,lot,,0,no,no,no,no,no,no,covered,none,yes,R1,,none,former Guardia Civil house-barracks; no energy statement
BOE-B-2025-11983#4,BOE-B-2025-11983,4,2025-04-01,5B,GIESE (Interior),Organismo Autónomo Gerencia de Infraestructuras y Equipamiento de la Seguridad del Estado,numbered,building,covered,,none,lot,,0,no,no,no,no,no,no,undeterminable,none,yes,R3,,scope undeterminable>covered; type unknown>building,former police station; no energy statement
BOE-B-2025-12135#1,BOE-B-2025-12135,1,2025-04-02,5B,TGSS,Dirección Provincial de la Tesorería General de la Seguridad Social de Madrid,lote_header,commercial,covered,,rating,lot,EF,1,yes,yes,yes,yes,yes,yes,covered,rating,no,,,,
BOE-B-2025-12135#2,BOE-B-2025-12135,2,2025-04-02,5B,TGSS,Dirección Provincial de la Tesorería General de la Seguridad Social de Madrid,lote_header,residential,covered,,rating,lot,D,1,yes,yes,yes,yes,yes,yes,excluded,rating,yes,R4,,scope excluded>covered; type storage>residential,dwelling with its storage room; rating D stated
BOE-B-2025-12135#3,BOE-B-2025-12135,3,2025-04-02,5B,TGSS,Dirección Provincial de la Tesorería General de la Seguridad Social de Madrid,lote_header,residential,covered,,rating,lot,D,1,yes,yes,yes,yes,yes,yes,excluded,rating,yes,R4,,scope excluded>covered; type storage>residential,dwelling with its storage room; rating D stated
BOE-B-2025-12928#1,BOE-B-2025-12928,1,2025-04-08,5B,Patrimonio del Estado (DEH),Delegación de Economía y Hacienda en Girona,lote_header,unknown,undeterminable,type not stated,none,lot,,0,undeterminable,n/a,n/a,n/a,n/a,n/a,covered,none,yes,R1,,scope covered>undeterminable; type building>unknown,"urban property of 86 m2, not said whether a house or a plot"
BOE-B-2025-12928#2,BOE-B-2025-12928,2,2025-04-08,5B,Patrimonio del Estado (DEH),Delegación de Economía y Hacienda en Girona,lote_header,land,excluded,land: not a building (art. 2.h),none,lot,,0,excluded,n/a,n/a,n/a,n/a,n/a,excluded,none,no,,,,
BOE-B-2025-12928#3,BOE-B-2025-12928,3,2025-04-08,5B,Patrimonio del Estado (DEH),Delegación de Economía y Hacienda en Girona,lote_header,land,excluded,land: not a building (art. 2.h),none,lot,,0,excluded,n/a,n/a,n/a,n/a,n/a,excluded,none,no,,,,
BOE-B-2025-12928#4,BOE-B-2025-12928,4,2025-04-08,5B,Patrimonio del Estado (DEH),Delegación de Economía y Hacienda en Girona,lote_header,land,excluded,land: not a building (art. 2.h),none,lot,,0,excluded,n/a,n/a,n/a,n/a,n/a,excluded,none,no,,,,
BOE-B-2025-12968#1,BOE-B-2025-12968,1,2025-04-08,5B,TGSS,Dirección Provincial de la Tesorería General de la Seguridad Social de Sevilla,single,land,excluded,land: not a building (art. 2.h),none,lot,,0,excluded,n/a,n/a,n/a,n/a,n/a,excluded,none,no,,,,
BOE-B-2025-13131#1,BOE-B-2025-13131,1,2025-04-09,5B,TGSS,Dirección Provincial de la Tesorería General de la Seguridad Social de Gipuzkoa,single,commercial,covered,,rating,lot,DE,1,yes,yes,yes,yes,yes,yes,covered,rating,yes,R2,,none,rating letter(s) stated in the lot; confirmed
BOE-B-2025-13259#1,BOE-B-2025-13259,1,2025-04-10,5B,TGSS,Dirección Provincial de la Tesorería General de la Seguridad Social de Toledo,single,commercial,covered,,rating,lot,G,1,yes,yes,yes,yes,yes,yes,covered,rating,no,,,,
BOE-B-2025-13325#1,BOE-B-2025-13325,1,2025-04-11,5B,Patrimonio del Estado (DEH),Delegación de Economía y Hacienda en Girona,lote_header,building,drop,,none,lot,,0,dropped,n/a,n/a,n/a,n/a,n/a,covered,none,yes,R1,,scope covered>drop,"withdrawal notice of lots 1 and 4 of an earlier auction, not an offer"
BOE-B-2025-13325#4,BOE-B-2025-13325,4,2025-04-11,5B,Patrimonio del Estado (DEH),Delegación de Economía y Hacienda en Girona,lote_header,land,drop,,none,lot,,0,dropped,n/a,n/a,n/a,n/a,n/a,excluded,none,yes,extra,,scope excluded>drop,"withdrawal notice of lots 1 and 4 of an earlier auction, not an offer"
BOE-B-2025-13725#1,BOE-B-2025-13725,1,2025-04-12,5B,TGSS,Dirección Provincial de la Tesorería General de la Seguridad Social de Granada,single,commercial,covered,,rating,lot,D,1,yes,yes,yes,yes,yes,yes,covered,rating,no,,,,
BOE-B-2025-14082#?,BOE-B-2025-14082,?,2025-04-15,5B,Other public bodies,Organismo Autónomo Parques Nacionales,not_described,land,drop,,none,lot,,0,dropped,n/a,n/a,n/a,n/a,n/a,undeterminable,none,yes,R3,,scope undeterminable>drop,"sale of harvest rights (aprovechamiento), not of property"
BOE-B-2025-14096#1,BOE-B-2025-14096,1,2025-04-15,5B,TGSS,Dirección Provincial de la Tesorería General de la Seguridad Social de Huesca,lote_header,commercial,covered,,rating,lot,E,1,yes,yes,yes,yes,yes,yes,covered,rating,no,,,,
BOE-B-2025-14096#2,BOE-B-2025-14096,2,2025-04-15,5B,TGSS,Dirección Provincial de la Tesorería General de la Seguridad Social de Huesca,lote_header,commercial,covered,,rating,lot,CD,1,yes,yes,yes,yes,yes,yes,covered,rating,yes,R2,,none,rating letter(s) stated in the lot; confirmed
BOE-B-2025-14097#1,BOE-B-2025-14097,1,2025-04-15,5B,TGSS,Dirección Provincial de la Tesorería General de la Seguridad Social de Sevilla,single,land,excluded,land: not a building (art. 2.h),none,lot,,0,excluded,n/a,n/a,n/a,n/a,n/a,excluded,none,no,,,,
BOE-B-2025-14098#1,BOE-B-2025-14098,1,2025-04-15,5B,TGSS,Dirección Provincial de la Tesorería General de la Seguridad Social de Cádiz,single,commercial,covered,,rating,lot,C,1,yes,yes,yes,yes,yes,yes,covered,rating,yes,R2,,none,rating letter(s) stated in the lot; confirmed
BOE-B-2025-14176#1,BOE-B-2025-14176,1,2025-04-16,5B,FOGASA,Fondo de Garantía Salarial O.A. (FOGASA),lote_header,land,excluded,land: not a building (art. 2.h),none,lot,,0,excluded,n/a,n/a,n/a,n/a,n/a,excluded,none,no,,,,
BOE-B-2025-14176#2,BOE-B-2025-14176,2,2025-04-16,5B,FOGASA,Fondo de Garantía Salarial O.A. (FOGASA),lote_header,land,excluded,land: not a building (art. 2.h),none,lot,,0,excluded,n/a,n/a,n/a,n/a,n/a,excluded,none,yes,R4,,type industrial_agricultural>land,industrial plot (land)
BOE-B-2025-14200#1,BOE-B-2025-14200,1,2025-04-16,5B,TGSS,Dirección Provincial de la Tesorería General de la Seguridad Social de Salamanca,lote_header,garage,excluded,garage or storage room (MITECO FAQ v6.0 no. 14),none,lot,,0,excluded,n/a,n/a,n/a,n/a,n/a,excluded,none,yes,R4,,none,garage or parking space; confirmed
BOE-B-2025-14200#2,BOE-B-2025-14200,2,2025-04-16,5B,TGSS,Dirección Provincial de la Tesorería General de la Seguridad Social de Salamanca,lote_header,garage,excluded,garage or storage room (MITECO FAQ v6.0 no. 14),none,lot,,0,excluded,n/a,n/a,n/a,n/a,n/a,excluded,none,yes,R4,,none,garage or parking space; confirmed
BOE-B-2025-14200#3,BOE-B-2025-14200,3,2025-04-16,5B,TGSS,Dirección Provincial de la Tesorería General de la Seguridad Social de Salamanca,lote_header,garage,excluded,garage or storage room (MITECO FAQ v6.0 no. 14),none,lot,,0,excluded,n/a,n/a,n/a,n/a,n/a,excluded,none,yes,R4,,none,garage or parking space; confirmed
BOE-B-2025-14200#4,BOE-B-2025-14200,4,2025-04-16,5B,TGSS,Dirección Provincial de la Tesorería General de la Seguridad Social de Salamanca,lote_header,garage,excluded,garage or storage room (MITECO FAQ v6.0 no. 14),none,lot,,0,excluded,n/a,n/a,n/a,n/a,n/a,excluded,none,yes,R4,,none,garage or parking space; confirmed
BOE-B-2025-14200#5,BOE-B-2025-14200,5,2025-04-16,5B,TGSS,Dirección Provincial de la Tesorería General de la Seguridad Social de Salamanca,lote_header,garage,excluded,garage or storage room (MITECO FAQ v6.0 no. 14),none,lot,,0,excluded,n/a,n/a,n/a,n/a,n/a,excluded,none,yes,R4,,none,garage or parking space; confirmed
BOE-B-2025-14200#6,BOE-B-2025-14200,6,2025-04-16,5B,TGSS,Dirección Provincial de la Tesorería General de la Seguridad Social de Salamanca,lote_header,garage,excluded,garage or storage room (MITECO FAQ v6.0 no. 14),none,lot,,0,excluded,n/a,n/a,n/a,n/a,n/a,excluded,none,yes,R4,,none,garage or parking space; confirmed
BOE-B-2025-14464#1,BOE-B-2025-14464,1,2025-04-21,5B,Patrimonio del Estado (DEH),Delegación de Economía y Hacienda en Valencia (Unidad de Patrimonio del Estado),single,land,drop,excluded notice kind: direct_named,none,lot,,0,dropped,n/a,n/a,n/a,n/a,n/a,excluded,none,yes,extra,,scope excluded>drop,"direct adjudication to a party who showed interest (art. 137.4 LPAP); not an offer to the public (rule §1.1, direct_named)"
BOE-B-2025-14614#1,BOE-B-2025-14614,1,2025-04-21,5B,TGSS,Dirección Provincial de la Tesorería General de la Seguridad Social de Zaragoza,lote_header,commercial,covered,,rating,lot,FG,1,yes,yes,yes,yes,yes,yes,covered,rating,no,,,,
BOE-B-2025-14614#2,BOE-B-2025-14614,2,2025-04-21,5B,TGSS,Dirección Provincial de la Tesorería General de la Seguridad Social de Zaragoza,lote_header,commercial,covered,,rating,lot,DE,1,yes,yes,yes,yes,yes,yes,covered,rating,no,,,,
BOE-B-2025-14615#1,BOE-B-2025-14615,1,2025-04-21,5B,TGSS,Tesorería General de la Seguridad Social de Córdoba,single,commercial,covered,,rating,lot,F,1,yes,yes,yes,yes,yes,yes,covered,rating,yes,R2,,none,rating letter(s) stated in the lot; confirmed
BOE-B-2025-14758#1,BOE-B-2025-14758,1,2025-04-22,5B,Patrimonio del Estado (DEH),Delegación de Economía y Hacienda en La Rioja,lote_header,land,excluded,land: not a building (art. 2.h),none,lot,,0,excluded,n/a,n/a,n/a,n/a,n/a,excluded,none,no,,,,
BOE-B-2025-14758#10,BOE-B-2025-14758,10,2025-04-22,5B,Patrimonio del Estado (DEH),Delegación de Economía y Hacienda en La Rioja,lote_header,land,excluded,land: not a building (art. 2.h),none,lot,,0,excluded,n/a,n/a,n/a,n/a,n/a,excluded,none,no,,,,
BOE-B-2025-14758#11,BOE-B-2025-14758,11,2025-04-22,5B,Patrimonio del Estado (DEH),Delegación de Economía y Hacienda en La Rioja,lote_header,land,excluded,land: not a building (art. 2.h),none,lot,,0,excluded,n/a,n/a,n/a,n/a,n/a,excluded,none,yes,R4,,none,land (rustic or unbuilt plot); confirmed
BOE-B-2025-14758#12,BOE-B-2025-14758,12,2025-04-22,5B,Patrimonio del Estado (DEH),Delegación de Economía y Hacienda en La Rioja,lote_header,land,excluded,land: not a building (art. 2.h),none,lot,,0,excluded,n/a,n/a,n/a,n/a,n/a,excluded,none,no,,,,
BOE-B-2025-14758#13,BOE-B-2025-14758,13,2025-04-22,5B,Patrimonio del Estado (DEH),Delegación de Economía y Hacienda en La Rioja,lote_header,land,excluded,land: not a building (art. 2.h),none,lot,,0,excluded,n/a,n/a,n/a,n/a,n/a,excluded,none,no,,,,
BOE-B-2025-14758#14,BOE-B-2025-14758,14,2025-04-22,5B,Patrimonio del Estado (DEH),Delegación de Economía y Hacienda en La Rioja,lote_header,land,excluded,land: not a building (art. 2.h),none,lot,,0,excluded,n/a,n/a,n/a,n/a,n/a,excluded,none,no,,,,
BOE-B-2025-14758#15,BOE-B-2025-14758,15,2025-04-22,5B,Patrimonio del Estado (DEH),Delegación de Economía y Hacienda en La Rioja,lote_header,land,excluded,land: not a building (art. 2.h),none,lot,,0,excluded,n/a,n/a,n/a,n/a,n/a,excluded,none,no,,,,
BOE-B-2025-14758#16,BOE-B-2025-14758,16,2025-04-22,5B,Patrimonio del Estado (DEH),Delegación de Economía y Hacienda en La Rioja,lote_header,land,excluded,land: not a building (art. 2.h),none,lot,,0,excluded,n/a,n/a,n/a,n/a,n/a,excluded,none,no,,,,
BOE-B-2025-14758#17,BOE-B-2025-14758,17,2025-04-22,5B,Patrimonio del Estado (DEH),Delegación de Economía y Hacienda en La Rioja,lote_header,land,excluded,land: not a building (art. 2.h),none,lot,,0,excluded,n/a,n/a,n/a,n/a,n/a,excluded,none,no,,,,
BOE-B-2025-14758#18,BOE-B-2025-14758,18,2025-04-22,5B,Patrimonio del Estado (DEH),Delegación de Economía y Hacienda en La Rioja,lote_header,land,excluded,land: not a building (art. 2.h),none,lot,,0,excluded,n/a,n/a,n/a,n/a,n/a,excluded,none,no,,,,
BOE-B-2025-14758#19,BOE-B-2025-14758,19,2025-04-22,5B,Patrimonio del Estado (DEH),Delegación de Economía y Hacienda en La Rioja,lote_header,land,excluded,land: not a building (art. 2.h),none,lot,,0,excluded,n/a,n/a,n/a,n/a,n/a,excluded,none,no,,,,
BOE-B-2025-14758#2,BOE-B-2025-14758,2,2025-04-22,5B,Patrimonio del Estado (DEH),Delegación de Economía y Hacienda en La Rioja,lote_header,land,excluded,land: not a building (art. 2.h),none,lot,,0,excluded,n/a,n/a,n/a,n/a,n/a,excluded,none,no,,,,
BOE-B-2025-14758#20,BOE-B-2025-14758,20,2025-04-22,5B,Patrimonio del Estado (DEH),Delegación de Economía y Hacienda en La Rioja,lote_header,land,excluded,land: not a building (art. 2.h),none,lot,,0,excluded,n/a,n/a,n/a,n/a,n/a,excluded,none,no,,,,
BOE-B-2025-14758#21,BOE-B-2025-14758,21,2025-04-22,5B,Patrimonio del Estado (DEH),Delegación de Economía y Hacienda en La Rioja,lote_header,land,excluded,land: not a building (art. 2.h),none,lot,,0,excluded,n/a,n/a,n/a,n/a,n/a,excluded,none,no,,,,
BOE-B-2025-14758#22,BOE-B-2025-14758,22,2025-04-22,5B,Patrimonio del Estado (DEH),Delegación de Economía y Hacienda en La Rioja,lote_header,land,excluded,land: not a building (art. 2.h),none,lot,,0,excluded,n/a,n/a,n/a,n/a,n/a,excluded,none,no,,,,
BOE-B-2025-14758#23,BOE-B-2025-14758,23,2025-04-22,5B,Patrimonio del Estado (DEH),Delegación de Economía y Hacienda en La Rioja,lote_header,land,excluded,land: not a building (art. 2.h),none,lot,,0,excluded,n/a,n/a,n/a,n/a,n/a,excluded,none,no,,,,
BOE-B-2025-14758#24,BOE-B-2025-14758,24,2025-04-22,5B,Patrimonio del Estado (DEH),Delegación de Economía y Hacienda en La Rioja,lote_header,land,excluded,land: not a building (art. 2.h),none,lot,,0,excluded,n/a,n/a,n/a,n/a,n/a,excluded,none,no,,,,
BOE-B-2025-14758#25,BOE-B-2025-14758,25,2025-04-22,5B,Patrimonio del Estado (DEH),Delegación de Economía y Hacienda en La Rioja,lote_header,land,excluded,land: not a building (art. 2.h),none,lot,,0,excluded,n/a,n/a,n/a,n/a,n/a,excluded,none,yes,R4,,none,land (rustic or unbuilt plot); confirmed
BOE-B-2025-14758#3,BOE-B-2025-14758,3,2025-04-22,5B,Patrimonio del Estado (DEH),Delegación de Economía y Hacienda en La Rioja,lote_header,land,excluded,land: not a building (art. 2.h),none,lot,,0,excluded,n/a,n/a,n/a,n/a,n/a,excluded,none,no,,,,
BOE-B-2025-14758#4,BOE-B-2025-14758,4,2025-04-22,5B,Patrimonio del Estado (DEH),Delegación de Economía y Hacienda en La Rioja,lote_header,land,excluded,land: not a building (art. 2.h),none,lot,,0,excluded,n/a,n/a,n/a,n/a,n/a,excluded,none,no,,,,
BOE-B-2025-14758#5,BOE-B-2025-14758,5,2025-04-22,5B,Patrimonio del Estado (DEH),Delegación de Economía y Hacienda en La Rioja,lote_header,land,excluded,land: not a building (art. 2.h),none,lot,,0,excluded,n/a,n/a,n/a,n/a,n/a,excluded,none,no,,,,
BOE-B-2025-14758#6,BOE-B-2025-14758,6,2025-04-22,5B,Patrimonio del Estado (DEH),Delegación de Economía y Hacienda en La Rioja,lote_header,land,excluded,land: not a building (art. 2.h),none,lot,,0,excluded,n/a,n/a,n/a,n/a,n/a,excluded,none,no,,,,
BOE-B-2025-14758#7,BOE-B-2025-14758,7,2025-04-22,5B,Patrimonio del Estado (DEH),Delegación de Economía y Hacienda en La Rioja,lote_header,land,excluded,land: not a building (art. 2.h),none,lot,,0,excluded,n/a,n/a,n/a,n/a,n/a,excluded,none,no,,,,
BOE-B-2025-14758#8,BOE-B-2025-14758,8,2025-04-22,5B,Patrimonio del Estado (DEH),Delegación de Economía y Hacienda en La Rioja,lote_header,land,excluded,land: not a building (art. 2.h),none,lot,,0,excluded,n/a,n/a,n/a,n/a,n/a,excluded,none,no,,,,
BOE-B-2025-14758#9,BOE-B-2025-14758,9,2025-04-22,5B,Patrimonio del Estado (DEH),Delegación de Economía y Hacienda en La Rioja,lote_header,land,excluded,land: not a building (art. 2.h),none,lot,,0,excluded,n/a,n/a,n/a,n/a,n/a,excluded,none,no,,,,
BOE-B-2025-14787#1,BOE-B-2025-14787,1,2025-04-22,5B,TGSS,Dirección Provincial de la Tesorería General de la Seguridad Social de Sevilla,single,commercial,covered,,rating,lot,D,1,yes,yes,yes,yes,yes,yes,covered,rating,no,,,,
BOE-B-2025-14849#1,BOE-B-2025-14849,1,2025-04-23,5B,Patrimonio del Estado (DEH),Delegación de Economía y Hacienda en Granada,lote_header,land,excluded,land: not a building (art. 2.h),none,lot,,0,excluded,n/a,n/a,n/a,n/a,n/a,excluded,none,no,,,,
BOE-B-2025-14849#10,BOE-B-2025-14849,10,2025-04-23,5B,Patrimonio del Estado (DEH),Delegación de Economía y Hacienda en Granada,lote_header,land,excluded,land: not a building (art. 2.h),none,lot,,0,excluded,n/a,n/a,n/a,n/a,n/a,excluded,none,no,,,,
BOE-B-2025-14849#2,BOE-B-2025-14849,2,2025-04-23,5B,Patrimonio del Estado (DEH),Delegación de Economía y Hacienda en Granada,lote_header,land,excluded,land: not a building (art. 2.h),none,lot,,0,excluded,n/a,n/a,n/a,n/a,n/a,excluded,none,no,,,,
BOE-B-2025-14849#3,BOE-B-2025-14849,3,2025-04-23,5B,Patrimonio del Estado (DEH),Delegación de Economía y Hacienda en Granada,lote_header,land,excluded,land: not a building (art. 2.h),none,lot,,0,excluded,n/a,n/a,n/a,n/a,n/a,excluded,none,no,,,,
BOE-B-2025-14849#4,BOE-B-2025-14849,4,2025-04-23,5B,Patrimonio del Estado (DEH),Delegación de Economía y Hacienda en Granada,lote_header,land,excluded,land: not a building (art. 2.h),none,lot,,0,excluded,n/a,n/a,n/a,n/a,n/a,excluded,none,no,,,,
BOE-B-2025-14849#5,BOE-B-2025-14849,5,2025-04-23,5B,Patrimonio del Estado (DEH),Delegación de Economía y Hacienda en Granada,lote_header,land,excluded,land: not a building (art. 2.h),none,lot,,0,excluded,n/a,n/a,n/a,n/a,n/a,excluded,none,no,,,,
BOE-B-2025-14849#6,BOE-B-2025-14849,6,2025-04-23,5B,Patrimonio del Estado (DEH),Delegación de Economía y Hacienda en Granada,lote_header,land,excluded,land: not a building (art. 2.h),none,lot,,0,excluded,n/a,n/a,n/a,n/a,n/a,excluded,none,yes,R4,,none,land (rustic or unbuilt plot); confirmed
BOE-B-2025-14849#7,BOE-B-2025-14849,7,2025-04-23,5B,Patrimonio del Estado (DEH),Delegación de Economía y Hacienda en Granada,lote_header,land,excluded,land: not a building (art. 2.h),none,lot,,0,excluded,n/a,n/a,n/a,n/a,n/a,excluded,none,yes,R4,,none,land (rustic or unbuilt plot); confirmed
BOE-B-2025-14849#8,BOE-B-2025-14849,8,2025-04-23,5B,Patrimonio del Estado (DEH),Delegación de Economía y Hacienda en Granada,lote_header,land,excluded,land: not a building (art. 2.h),none,lot,,0,excluded,n/a,n/a,n/a,n/a,n/a,excluded,none,no,,,,
BOE-B-2025-14849#9,BOE-B-2025-14849,9,2025-04-23,5B,Patrimonio del Estado (DEH),Delegación de Economía y Hacienda en Granada,lote_header,land,excluded,land: not a building (art. 2.h),none,lot,,0,excluded,n/a,n/a,n/a,n/a,n/a,excluded,none,no,,,,
BOE-B-2025-14985#1,BOE-B-2025-14985,1,2025-04-24,5B,TGSS,Dirección Provincial de la Tesorería General de la Seguridad Social de Asturias,lote_header,residential,covered,,rating,lot,DG,1,yes,yes,yes,yes,yes,yes,covered,rating,no,,,,
BOE-B-2025-14985#2,BOE-B-2025-14985,2,2025-04-24,5B,TGSS,Dirección Provincial de la Tesorería General de la Seguridad Social de Asturias,lote_header,residential,covered,,rating,lot,DF,1,yes,yes,yes,yes,yes,yes,covered,rating,no,,,,
BOE-B-2025-14985#3,BOE-B-2025-14985,3,2025-04-24,5B,TGSS,Dirección Provincial de la Tesorería General de la Seguridad Social de Asturias,lote_header,commercial,covered,,rating,lot,D,1,yes,yes,yes,yes,yes,yes,covered,rating,no,,,,
BOE-B-2025-14985#4,BOE-B-2025-14985,4,2025-04-24,5B,TGSS,Dirección Provincial de la Tesorería General de la Seguridad Social de Asturias,lote_header,commercial,covered,,rating,lot,D,1,yes,yes,yes,yes,yes,yes,covered,rating,yes,R2,,none,rating letter(s) stated in the lot; confirmed
BOE-B-2025-15514#1,BOE-B-2025-15514,1,2025-04-28,5B,TGSS,Dirección Provincial de la Tesorería General de la Seguridad Social de Bizkaia,single,commercial,covered,,rating,lot,C,1,yes,yes,yes,yes,yes,yes,covered,rating,no,,,,
BOE-B-2025-15515#1,BOE-B-2025-15515,1,2025-04-28,5B,TGSS,Dirección Provincial de la Tesorería General de la Seguridad Social de Almería,single,land,excluded,land: not a building (art. 2.h),none,lot,,0,excluded,n/a,n/a,n/a,n/a,n/a,excluded,none,no,,,,
BOE-B-2025-16246#1,BOE-B-2025-16246,1,2025-05-07,5B,Patrimonio del Estado (DEH),Delegación de Economía y Hacienda en Teruel,table,land,excluded,land: not a building (art. 2.h),none,lot,,0,excluded,n/a,n/a,n/a,n/a,n/a,excluded,none,no,,,,
BOE-B-2025-16246#10,BOE-B-2025-16246,10,2025-05-07,5B,Patrimonio del Estado (DEH),Delegación de Economía y Hacienda en Teruel,table,land,excluded,land: not a building (art. 2.h),none,lot,,0,excluded,n/a,n/a,n/a,n/a,n/a,excluded,none,no,,,,
BOE-B-2025-16246#11,BOE-B-2025-16246,11,2025-05-07,5B,Patrimonio del Estado (DEH),Delegación de Economía y Hacienda en Teruel,table,land,excluded,land: not a building (art. 2.h),none,lot,,0,excluded,n/a,n/a,n/a,n/a,n/a,excluded,none,no,,,,
BOE-B-2025-16246#12,BOE-B-2025-16246,12,2025-05-07,5B,Patrimonio del Estado (DEH),Delegación de Economía y Hacienda en Teruel,table,land,excluded,land: not a building (art. 2.h),none,lot,,0,excluded,n/a,n/a,n/a,n/a,n/a,excluded,none,no,,,,
BOE-B-2025-16246#13,BOE-B-2025-16246,13,2025-05-07,5B,Patrimonio del Estado (DEH),Delegación de Economía y Hacienda en Teruel,table,land,excluded,land: not a building (art. 2.h),none,lot,,0,excluded,n/a,n/a,n/a,n/a,n/a,excluded,none,no,,,,
BOE-B-2025-16246#14,BOE-B-2025-16246,14,2025-05-07,5B,Patrimonio del Estado (DEH),Delegación de Economía y Hacienda en Teruel,table,land,excluded,land: not a building (art. 2.h),none,lot,,0,excluded,n/a,n/a,n/a,n/a,n/a,excluded,none,no,,,,
BOE-B-2025-16246#15,BOE-B-2025-16246,15,2025-05-07,5B,Patrimonio del Estado (DEH),Delegación de Economía y Hacienda en Teruel,table,land,excluded,land: not a building (art. 2.h),none,lot,,0,excluded,n/a,n/a,n/a,n/a,n/a,excluded,none,no,,,,
BOE-B-2025-16246#16,BOE-B-2025-16246,16,2025-05-07,5B,Patrimonio del Estado (DEH),Delegación de Economía y Hacienda en Teruel,table,land,excluded,land: not a building (art. 2.h),none,lot,,0,excluded,n/a,n/a,n/a,n/a,n/a,excluded,none,no,,,,
BOE-B-2025-16246#17,BOE-B-2025-16246,17,2025-05-07,5B,Patrimonio del Estado (DEH),Delegación de Economía y Hacienda en Teruel,table,land,excluded,land: not a building (art. 2.h),none,lot,,0,excluded,n/a,n/a,n/a,n/a,n/a,excluded,none,no,,,,
BOE-B-2025-16246#18,BOE-B-2025-16246,18,2025-05-07,5B,Patrimonio del Estado (DEH),Delegación de Economía y Hacienda en Teruel,table,land,excluded,land: not a building (art. 2.h),none,lot,,0,excluded,n/a,n/a,n/a,n/a,n/a,excluded,none,no,,,,
BOE-B-2025-16246#19,BOE-B-2025-16246,19,2025-05-07,5B,Patrimonio del Estado (DEH),Delegación de Economía y Hacienda en Teruel,table,land,excluded,land: not a building (art. 2.h),none,lot,,0,excluded,n/a,n/a,n/a,n/a,n/a,excluded,none,no,,,,
BOE-B-2025-16246#2,BOE-B-2025-16246,2,2025-05-07,5B,Patrimonio del Estado (DEH),Delegación de Economía y Hacienda en Teruel,table,land,excluded,land: not a building (art. 2.h),none,lot,,0,excluded,n/a,n/a,n/a,n/a,n/a,excluded,none,no,,,,
BOE-B-2025-16246#20,BOE-B-2025-16246,20,2025-05-07,5B,Patrimonio del Estado (DEH),Delegación de Economía y Hacienda en Teruel,table,land,excluded,land: not a building (art. 2.h),none,lot,,0,excluded,n/a,n/a,n/a,n/a,n/a,excluded,none,no,,,,
BOE-B-2025-16246#21,BOE-B-2025-16246,21,2025-05-07,5B,Patrimonio del Estado (DEH),Delegación de Economía y Hacienda en Teruel,table,land,excluded,land: not a building (art. 2.h),none,lot,,0,excluded,n/a,n/a,n/a,n/a,n/a,excluded,none,no,,,,
BOE-B-2025-16246#22,BOE-B-2025-16246,22,2025-05-07,5B,Patrimonio del Estado (DEH),Delegación de Economía y Hacienda en Teruel,table,land,excluded,land: not a building (art. 2.h),none,lot,,0,excluded,n/a,n/a,n/a,n/a,n/a,excluded,none,no,,,,
BOE-B-2025-16246#23,BOE-B-2025-16246,23,2025-05-07,5B,Patrimonio del Estado (DEH),Delegación de Economía y Hacienda en Teruel,table,land,excluded,land: not a building (art. 2.h),none,lot,,0,excluded,n/a,n/a,n/a,n/a,n/a,excluded,none,no,,,,
BOE-B-2025-16246#24,BOE-B-2025-16246,24,2025-05-07,5B,Patrimonio del Estado (DEH),Delegación de Economía y Hacienda en Teruel,table,land,excluded,land: not a building (art. 2.h),none,lot,,0,excluded,n/a,n/a,n/a,n/a,n/a,excluded,none,no,,,,
BOE-B-2025-16246#25,BOE-B-2025-16246,25,2025-05-07,5B,Patrimonio del Estado (DEH),Delegación de Economía y Hacienda en Teruel,table,land,excluded,land: not a building (art. 2.h),none,lot,,0,excluded,n/a,n/a,n/a,n/a,n/a,excluded,none,no,,,,
BOE-B-2025-16246#26,BOE-B-2025-16246,26,2025-05-07,5B,Patrimonio del Estado (DEH),Delegación de Economía y Hacienda en Teruel,table,land,excluded,land: not a building (art. 2.h),none,lot,,0,excluded,n/a,n/a,n/a,n/a,n/a,excluded,none,no,,,,
BOE-B-2025-16246#27,BOE-B-2025-16246,27,2025-05-07,5B,Patrimonio del Estado (DEH),Delegación de Economía y Hacienda en Teruel,table,land,excluded,land: not a building (art. 2.h),none,lot,,0,excluded,n/a,n/a,n/a,n/a,n/a,excluded,none,no,,,,
BOE-B-2025-16246#28,BOE-B-2025-16246,28,2025-05-07,5B,Patrimonio del Estado (DEH),Delegación de Economía y Hacienda en Teruel,table,land,excluded,land: not a building (art. 2.h),none,lot,,0,excluded,n/a,n/a,n/a,n/a,n/a,excluded,none,yes,R4,,none,land (rustic or unbuilt plot); confirmed
BOE-B-2025-16246#29,BOE-B-2025-16246,29,2025-05-07,5B,Patrimonio del Estado (DEH),Delegación de Economía y Hacienda en Teruel,table,land,excluded,land: not a building (art. 2.h),none,lot,,0,excluded,n/a,n/a,n/a,n/a,n/a,excluded,none,no,,,,
BOE-B-2025-16246#3,BOE-B-2025-16246,3,2025-05-07,5B,Patrimonio del Estado (DEH),Delegación de Economía y Hacienda en Teruel,table,land,excluded,land: not a building (art. 2.h),none,lot,,0,excluded,n/a,n/a,n/a,n/a,n/a,excluded,none,no,,,,
BOE-B-2025-16246#30,BOE-B-2025-16246,30,2025-05-07,5B,Patrimonio del Estado (DEH),Delegación de Economía y Hacienda en Teruel,table,land,excluded,land: not a building (art. 2.h),none,lot,,0,excluded,n/a,n/a,n/a,n/a,n/a,excluded,none,no,,,,
BOE-B-2025-16246#31,BOE-B-2025-16246,31,2025-05-07,5B,Patrimonio del Estado (DEH),Delegación de Economía y Hacienda en Teruel,table,land,excluded,land: not a building (art. 2.h),none,lot,,0,excluded,n/a,n/a,n/a,n/a,n/a,excluded,none,no,,,,
BOE-B-2025-16246#32,BOE-B-2025-16246,32,2025-05-07,5B,Patrimonio del Estado (DEH),Delegación de Economía y Hacienda en Teruel,table,land,excluded,land: not a building (art. 2.h),none,lot,,0,excluded,n/a,n/a,n/a,n/a,n/a,excluded,none,no,,,,
BOE-B-2025-16246#33,BOE-B-2025-16246,33,2025-05-07,5B,Patrimonio del Estado (DEH),Delegación de Economía y Hacienda en Teruel,table,land,excluded,land: not a building (art. 2.h),none,lot,,0,excluded,n/a,n/a,n/a,n/a,n/a,excluded,none,no,,,,
BOE-B-2025-16246#34,BOE-B-2025-16246,34,2025-05-07,5B,Patrimonio del Estado (DEH),Delegación de Economía y Hacienda en Teruel,table,land,excluded,land: not a building (art. 2.h),none,lot,,0,excluded,n/a,n/a,n/a,n/a,n/a,excluded,none,no,,,,
BOE-B-2025-16246#35,BOE-B-2025-16246,35,2025-05-07,5B,Patrimonio del Estado (DEH),Delegación de Economía y Hacienda en Teruel,table,land,excluded,land: not a building (art. 2.h),none,lot,,0,excluded,n/a,n/a,n/a,n/a,n/a,excluded,none,no,,,,
BOE-B-2025-16246#36,BOE-B-2025-16246,36,2025-05-07,5B,Patrimonio del Estado (DEH),Delegación de Economía y Hacienda en Teruel,table,land,excluded,land: not a building (art. 2.h),none,lot,,0,excluded,n/a,n/a,n/a,n/a,n/a,excluded,none,no,,,,
BOE-B-2025-16246#37,BOE-B-2025-16246,37,2025-05-07,5B,Patrimonio del Estado (DEH),Delegación de Economía y Hacienda en Teruel,table,land,excluded,land: not a building (art. 2.h),none,lot,,0,excluded,n/a,n/a,n/a,n/a,n/a,excluded,none,no,,,,
BOE-B-2025-16246#38,BOE-B-2025-16246,38,2025-05-07,5B,Patrimonio del Estado (DEH),Delegación de Economía y Hacienda en Teruel,table,land,excluded,land: not a building (art. 2.h),none,lot,,0,excluded,n/a,n/a,n/a,n/a,n/a,excluded,none,no,,,,
BOE-B-2025-16246#39,BOE-B-2025-16246,39,2025-05-07,5B,Patrimonio del Estado (DEH),Delegación de Economía y Hacienda en Teruel,table,land,excluded,land: not a building (art. 2.h),none,lot,,0,excluded,n/a,n/a,n/a,n/a,n/a,excluded,none,no,,,,
BOE-B-2025-16246#4,BOE-B-2025-16246,4,2025-05-07,5B,Patrimonio del Estado (DEH),Delegación de Economía y Hacienda en Teruel,table,land,excluded,land: not a building (art. 2.h),none,lot,,0,excluded,n/a,n/a,n/a,n/a,n/a,excluded,none,no,,,,
BOE-B-2025-16246#40,BOE-B-2025-16246,40,2025-05-07,5B,Patrimonio del Estado (DEH),Delegación de Economía y Hacienda en Teruel,table,land,excluded,land: not a building (art. 2.h),none,lot,,0,excluded,n/a,n/a,n/a,n/a,n/a,excluded,none,no,,,,
BOE-B-2025-16246#41,BOE-B-2025-16246,41,2025-05-07,5B,Patrimonio del Estado (DEH),Delegación de Economía y Hacienda en Teruel,table,land,excluded,land: not a building (art. 2.h),none,lot,,0,excluded,n/a,n/a,n/a,n/a,n/a,excluded,none,no,,,,
BOE-B-2025-16246#42,BOE-B-2025-16246,42,2025-05-07,5B,Patrimonio del Estado (DEH),Delegación de Economía y Hacienda en Teruel,table,land,excluded,land: not a building (art. 2.h),none,lot,,0,excluded,n/a,n/a,n/a,n/a,n/a,excluded,none,no,,,,
BOE-B-2025-16246#43,BOE-B-2025-16246,43,2025-05-07,5B,Patrimonio del Estado (DEH),Delegación de Economía y Hacienda en Teruel,table,land,excluded,land: not a building (art. 2.h),none,lot,,0,excluded,n/a,n/a,n/a,n/a,n/a,excluded,none,no,,,,
BOE-B-2025-16246#44,BOE-B-2025-16246,44,2025-05-07,5B,Patrimonio del Estado (DEH),Delegación de Economía y Hacienda en Teruel,table,land,excluded,land: not a building (art. 2.h),none,lot,,0,excluded,n/a,n/a,n/a,n/a,n/a,excluded,none,no,,,,
BOE-B-2025-16246#45,BOE-B-2025-16246,45,2025-05-07,5B,Patrimonio del Estado (DEH),Delegación de Economía y Hacienda en Teruel,table,land,excluded,land: not a building (art. 2.h),none,lot,,0,excluded,n/a,n/a,n/a,n/a,n/a,excluded,none,no,,,,
BOE-B-2025-16246#46,BOE-B-2025-16246,46,2025-05-07,5B,Patrimonio del Estado (DEH),Delegación de Economía y Hacienda en Teruel,table,land,excluded,land: not a building (art. 2.h),none,lot,,0,excluded,n/a,n/a,n/a,n/a,n/a,excluded,none,yes,R4,,none,land (rustic or unbuilt plot); confirmed
BOE-B-2025-16246#47,BOE-B-2025-16246,47,2025-05-07,5B,Patrimonio del Estado (DEH),Delegación de Economía y Hacienda en Teruel,table,land,excluded,land: not a building (art. 2.h),none,lot,,0,excluded,n/a,n/a,n/a,n/a,n/a,excluded,none,no,,,,
BOE-B-2025-16246#48,BOE-B-2025-16246,48,2025-05-07,5B,Patrimonio del Estado (DEH),Delegación de Economía y Hacienda en Teruel,table,land,excluded,land: not a building (art. 2.h),none,lot,,0,excluded,n/a,n/a,n/a,n/a,n/a,excluded,none,no,,,,
BOE-B-2025-16246#5,BOE-B-2025-16246,5,2025-05-07,5B,Patrimonio del Estado (DEH),Delegación de Economía y Hacienda en Teruel,table,land,excluded,land: not a building (art. 2.h),none,lot,,0,excluded,n/a,n/a,n/a,n/a,n/a,excluded,none,no,,,,
BOE-B-2025-16246#6,BOE-B-2025-16246,6,2025-05-07,5B,Patrimonio del Estado (DEH),Delegación de Economía y Hacienda en Teruel,table,land,excluded,land: not a building (art. 2.h),none,lot,,0,excluded,n/a,n/a,n/a,n/a,n/a,excluded,none,no,,,,
BOE-B-2025-16246#7,BOE-B-2025-16246,7,2025-05-07,5B,Patrimonio del Estado (DEH),Delegación de Economía y Hacienda en Teruel,table,land,excluded,land: not a building (art. 2.h),none,lot,,0,excluded,n/a,n/a,n/a,n/a,n/a,excluded,none,no,,,,
BOE-B-2025-16246#8,BOE-B-2025-16246,8,2025-05-07,5B,Patrimonio del Estado (DEH),Delegación de Economía y Hacienda en Teruel,table,land,excluded,land: not a building (art. 2.h),none,lot,,0,excluded,n/a,n/a,n/a,n/a,n/a,excluded,none,no,,,,
BOE-B-2025-16246#9,BOE-B-2025-16246,9,2025-05-07,5B,Patrimonio del Estado (DEH),Delegación de Economía y Hacienda en Teruel,table,land,excluded,land: not a building (art. 2.h),none,lot,,0,excluded,n/a,n/a,n/a,n/a,n/a,excluded,none,no,,,,
BOE-B-2025-16247#1,BOE-B-2025-16247,1,2025-05-07,5B,Patrimonio del Estado (DEH),Delegación de Economía y Hacienda en Salamanca,lote_header,land,excluded,land: not a building (art. 2.h),none,lot,,0,excluded,n/a,n/a,n/a,n/a,n/a,excluded,none,no,,,,
BOE-B-2025-16247#2,BOE-B-2025-16247,2,2025-05-07,5B,Patrimonio del Estado (DEH),Delegación de Economía y Hacienda en Salamanca,lote_header,land,excluded,land: not a building (art. 2.h),none,lot,,0,excluded,n/a,n/a,n/a,n/a,n/a,excluded,none,no,,,,
BOE-B-2025-16247#3,BOE-B-2025-16247,3,2025-05-07,5B,Patrimonio del Estado (DEH),Delegación de Economía y Hacienda en Salamanca,lote_header,land,excluded,land: not a building (art. 2.h),none,lot,,0,excluded,n/a,n/a,n/a,n/a,n/a,excluded,none,no,,,,
BOE-B-2025-16247#4,BOE-B-2025-16247,4,2025-05-07,5B,Patrimonio del Estado (DEH),Delegación de Economía y Hacienda en Salamanca,lote_header,land,excluded,land: not a building (art. 2.h),none,lot,,0,excluded,n/a,n/a,n/a,n/a,n/a,excluded,none,no,,,,
BOE-B-2025-16247#5,BOE-B-2025-16247,5,2025-05-07,5B,Patrimonio del Estado (DEH),Delegación de Economía y Hacienda en Salamanca,lote_header,land,excluded,land: not a building (art. 2.h),none,lot,,0,excluded,n/a,n/a,n/a,n/a,n/a,excluded,none,no,,,,
BOE-B-2025-16247#6,BOE-B-2025-16247,6,2025-05-07,5B,Patrimonio del Estado (DEH),Delegación de Economía y Hacienda en Salamanca,lote_header,land,excluded,land: not a building (art. 2.h),none,lot,,0,excluded,n/a,n/a,n/a,n/a,n/a,excluded,none,no,,,,
BOE-B-2025-16247#7,BOE-B-2025-16247,7,2025-05-07,5B,Patrimonio del Estado (DEH),Delegación de Economía y Hacienda en Salamanca,lote_header,land,excluded,land: not a building (art. 2.h),none,lot,,0,excluded,n/a,n/a,n/a,n/a,n/a,excluded,none,no,,,,
BOE-B-2025-16247#8,BOE-B-2025-16247,8,2025-05-07,5B,Patrimonio del Estado (DEH),Delegación de Economía y Hacienda en Salamanca,lote_header,land,excluded,land: not a building (art. 2.h),none,lot,,0,excluded,n/a,n/a,n/a,n/a,n/a,excluded,none,no,,,,
BOE-B-2025-16247#9,BOE-B-2025-16247,9,2025-05-07,5B,Patrimonio del Estado (DEH),Delegación de Economía y Hacienda en Salamanca,lote_header,land,excluded,land: not a building (art. 2.h),none,lot,,0,excluded,n/a,n/a,n/a,n/a,n/a,excluded,none,no,,,,
BOE-B-2025-16288#1,BOE-B-2025-16288,1,2025-05-07,5B,TGSS,Dirección Provincial de la Tesorería General de la Seguridad Social de Santa Cruz de Tenerife,single,residential,excluded,declared exempt by the seller,exempt_declared,lot,,0,excluded,n/a,n/a,n/a,n/a,no,excluded,exempt_declared,yes,R4,none_stated,none,"single-storey house used as a dwelling; notice says ""vivienda exenta"" without a ground"
BOE-B-2025-16375#1,BOE-B-2025-16375,1,2025-05-08,5B,Patrimonio del Estado (DEH),Delegación de Economía y Hacienda en Ciudad Real,lote_header,residential,covered,,rating,lot,F,0,yes,yes,no,yes,yes,yes,covered,rating,no,,,,
BOE-B-2025-16376#1,BOE-B-2025-16376,1,2025-05-08,5B,Patrimonio del Estado (DEH),Delegación de Economía y Hacienda en Ciudad Real,lote_header,residential,covered,,rating,lot,F,0,yes,yes,no,yes,yes,yes,covered,rating,yes,R2,,none,rating letter(s) stated in the lot; confirmed
BOE-B-2025-16376#2,BOE-B-2025-16376,2,2025-05-08,5B,Patrimonio del Estado (DEH),Delegación de Economía y Hacienda en Ciudad Real,lote_header,land,excluded,land: not a building (art. 2.h),none,lot,,0,excluded,n/a,n/a,n/a,n/a,n/a,excluded,none,no,,,,
BOE-B-2025-16376#3,BOE-B-2025-16376,3,2025-05-08,5B,Patrimonio del Estado (DEH),Delegación de Economía y Hacienda en Ciudad Real,lote_header,land,excluded,land: not a building (art. 2.h),none,lot,,0,excluded,n/a,n/a,n/a,n/a,n/a,excluded,none,no,,,,
BOE-B-2025-16376#4,BOE-B-2025-16376,4,2025-05-08,5B,Patrimonio del Estado (DEH),Delegación de Economía y Hacienda en Ciudad Real,lote_header,land,excluded,land: not a building (art. 2.h),none,lot,,0,excluded,n/a,n/a,n/a,n/a,n/a,excluded,none,no,,,,
BOE-B-2025-16376#5,BOE-B-2025-16376,5,2025-05-08,5B,Patrimonio del Estado (DEH),Delegación de Economía y Hacienda en Ciudad Real,lote_header,land,excluded,land: not a building (art. 2.h),none,lot,,0,excluded,n/a,n/a,n/a,n/a,n/a,excluded,none,no,,,,
BOE-B-2025-16376#6,BOE-B-2025-16376,6,2025-05-08,5B,Patrimonio del Estado (DEH),Delegación de Economía y Hacienda en Ciudad Real,lote_header,land,excluded,land: not a building (art. 2.h),none,lot,,0,excluded,n/a,n/a,n/a,n/a,n/a,excluded,none,no,,,,
BOE-B-2025-16376#7,BOE-B-2025-16376,7,2025-05-08,5B,Patrimonio del Estado (DEH),Delegación de Economía y Hacienda en Ciudad Real,lote_header,land,excluded,land: not a building (art. 2.h),none,lot,,0,excluded,n/a,n/a,n/a,n/a,n/a,excluded,none,no,,,,
BOE-B-2025-16376#8,BOE-B-2025-16376,8,2025-05-08,5B,Patrimonio del Estado (DEH),Delegación de Economía y Hacienda en Ciudad Real,lote_header,land,excluded,land: not a building (art. 2.h),none,lot,,0,excluded,n/a,n/a,n/a,n/a,n/a,excluded,none,no,,,,
BOE-B-2025-16376#9,BOE-B-2025-16376,9,2025-05-08,5B,Patrimonio del Estado (DEH),Delegación de Economía y Hacienda en Ciudad Real,lote_header,land,excluded,land: not a building (art. 2.h),none,lot,,0,excluded,n/a,n/a,n/a,n/a,n/a,excluded,none,yes,R4,,none,land (rustic or unbuilt plot); confirmed
BOE-B-2025-16377#1,BOE-B-2025-16377,1,2025-05-08,5B,Patrimonio del Estado (DEH),Delegación de Economía y Hacienda en Ciudad Real,lote_header,garage,excluded,garage or storage room (MITECO FAQ v6.0 no. 14),exempt_declared,lot,,0,excluded,n/a,n/a,n/a,n/a,n/a,undeterminable,certificate_reference,yes,R3,guidance_garage_storage,scope undeterminable>excluded; energy certificate_reference>exempt_declared; type commercial>garage,"50% undivided share of a garage; the notice also says ""eximido"" without a ground"
BOE-B-2025-16377#2,BOE-B-2025-16377,2,2025-05-08,5B,Patrimonio del Estado (DEH),Delegación de Economía y Hacienda en Ciudad Real,lote_header,residential,undeterminable,undivided share or limited right,exempt_declared,lot,,0,undeterminable,n/a,n/a,n/a,n/a,n/a,undeterminable,certificate_reference,yes,R3,none_stated,energy certificate_reference>exempt_declared,"1/6 undivided share of a house; the notice says ""eximido"" without a ground"
BOE-B-2025-17009#1,BOE-B-2025-17009,1,2025-05-10,5B,TGSS,Dirección Provincial de la Tesorería General de la Seguridad Social de Lugo,single,industrial_agricultural,excluded,industrial/agricultural non-residential (art. 3.2.c),exempt_declared,lot,,0,excluded,n/a,n/a,n/a,n/a,n/a,excluded,exempt_declared,yes,R4,3.2.c,none,industrial building (nave) declared exempt; the exclusion is evident from the description
BOE-B-2025-17383#2,BOE-B-2025-17383,2,2025-05-13,5B,Other public bodies,Agencia de Vivienda y Rehabilitación de Andalucía,numbered,land,drop,,none,lot,,0,dropped,n/a,n/a,n/a,n/a,n/a,excluded,none,yes,extra,,scope excluded>drop,"numbered condition of the notice, not a lot"
BOE-B-2025-17383#3,BOE-B-2025-17383,3,2025-05-13,5B,Other public bodies,Agencia de Vivienda y Rehabilitación de Andalucía,numbered,residential,drop,,none,lot,,0,dropped,n/a,n/a,n/a,n/a,n/a,covered,none,yes,R1,,scope covered>drop,"numbered condition of the notice, not a lot"
BOE-B-2025-17383#4,BOE-B-2025-17383,4,2025-05-13,5B,Other public bodies,Agencia de Vivienda y Rehabilitación de Andalucía,numbered,residential,drop,,none,lot,,0,dropped,n/a,n/a,n/a,n/a,n/a,covered,none,yes,R1,,scope covered>drop,"numbered condition of the notice, not a lot"
BOE-B-2025-17383#5,BOE-B-2025-17383,5,2025-05-13,5B,Other public bodies,Agencia de Vivienda y Rehabilitación de Andalucía,numbered,residential,drop,,none,lot,,0,dropped,n/a,n/a,n/a,n/a,n/a,covered,none,yes,R1,,scope covered>drop,"numbered condition of the notice, not a lot"
BOE-B-2025-17383#6,BOE-B-2025-17383,6,2025-05-13,5B,Other public bodies,Agencia de Vivienda y Rehabilitación de Andalucía,numbered,residential,drop,,none,lot,,0,dropped,n/a,n/a,n/a,n/a,n/a,covered,none,yes,R1,,scope covered>drop,"numbered condition of the notice, not a lot"
BOE-B-2025-17383#r1,BOE-B-2025-17383,r1,2025-05-13,5B,Other public bodies,Agencia de Vivienda y Rehabilitación de Andalucía,numbered,land,excluded,land: not a building (art. 2.h),none,lot,,0,excluded,n/a,n/a,n/a,n/a,n/a,covered,none,yes,R1,,split; scope covered>excluded; type residential>land,"exchange (permuta) of a residential plot; the numbered items are conditions, not lots"
BOE-B-2025-18505#1,BOE-B-2025-18505,1,2025-05-22,5B,Patrimonio del Estado (DEH),Delegación de Economía y Hacienda en Cáceres,lote_header,residential,covered,,rating,lot,E,1,yes,yes,yes,yes,yes,yes,covered,rating,no,,,,
BOE-B-2025-18505#10,BOE-B-2025-18505,10,2025-05-22,5B,Patrimonio del Estado (DEH),Delegación de Economía y Hacienda en Cáceres,lote_header,land,excluded,land: not a building (art. 2.h),none,lot,,0,excluded,n/a,n/a,n/a,n/a,n/a,excluded,none,no,,,,
BOE-B-2025-18505#2,BOE-B-2025-18505,2,2025-05-22,5B,Patrimonio del Estado (DEH),Delegación de Economía y Hacienda en Cáceres,lote_header,land,excluded,land: not a building (art. 2.h),none,lot,,0,excluded,n/a,n/a,n/a,n/a,n/a,undeterminable,none,yes,R3,,scope undeterminable>excluded; type rural_with_construction>land,"rustic plot; ""Casas"" is part of the municipality's name"
BOE-B-2025-18505#3,BOE-B-2025-18505,3,2025-05-22,5B,Patrimonio del Estado (DEH),Delegación de Economía y Hacienda en Cáceres,lote_header,land,excluded,land: not a building (art. 2.h),none,lot,,0,excluded,n/a,n/a,n/a,n/a,n/a,undeterminable,none,yes,R3,,scope undeterminable>excluded; type rural_with_construction>land,"rustic plot; ""Casas"" is part of the municipality's name"
BOE-B-2025-18505#4,BOE-B-2025-18505,4,2025-05-22,5B,Patrimonio del Estado (DEH),Delegación de Economía y Hacienda en Cáceres,lote_header,land,excluded,land: not a building (art. 2.h),none,lot,,0,excluded,n/a,n/a,n/a,n/a,n/a,undeterminable,none,yes,R3,,scope undeterminable>excluded; type rural_with_construction>land,"rustic plot; ""Casas"" is part of the municipality's name"
BOE-B-2025-18505#5,BOE-B-2025-18505,5,2025-05-22,5B,Patrimonio del Estado (DEH),Delegación de Economía y Hacienda en Cáceres,lote_header,land,excluded,land: not a building (art. 2.h),none,lot,,0,excluded,n/a,n/a,n/a,n/a,n/a,undeterminable,none,yes,R3,,scope undeterminable>excluded; type rural_with_construction>land,"rustic plot; ""Casas"" is part of the municipality's name"
BOE-B-2025-18505#6,BOE-B-2025-18505,6,2025-05-22,5B,Patrimonio del Estado (DEH),Delegación de Economía y Hacienda en Cáceres,lote_header,land,excluded,land: not a building (art. 2.h),none,lot,,0,excluded,n/a,n/a,n/a,n/a,n/a,undeterminable,none,yes,R3,,scope undeterminable>excluded; type rural_with_construction>land,"rustic plot; ""Casas"" is part of the municipality's name"
BOE-B-2025-18505#7,BOE-B-2025-18505,7,2025-05-22,5B,Patrimonio del Estado (DEH),Delegación de Economía y Hacienda en Cáceres,lote_header,land,excluded,land: not a building (art. 2.h),none,lot,,0,excluded,n/a,n/a,n/a,n/a,n/a,undeterminable,none,yes,R3,,scope undeterminable>excluded; type rural_with_construction>land,"rustic plot; ""Casas"" is part of the municipality's name"
BOE-B-2025-18505#8,BOE-B-2025-18505,8,2025-05-22,5B,Patrimonio del Estado (DEH),Delegación de Economía y Hacienda en Cáceres,lote_header,land,excluded,land: not a building (art. 2.h),none,lot,,0,excluded,n/a,n/a,n/a,n/a,n/a,excluded,none,no,,,,
BOE-B-2025-18505#9,BOE-B-2025-18505,9,2025-05-22,5B,Patrimonio del Estado (DEH),Delegación de Economía y Hacienda en Cáceres,lote_header,land,excluded,land: not a building (art. 2.h),none,lot,,0,excluded,n/a,n/a,n/a,n/a,n/a,excluded,none,no,,,,
BOE-B-2025-19518#1,BOE-B-2025-19518,1,2025-05-28,5B,Other public bodies,Dirección General del Sector Ferroviario,single,land,drop,excluded notice kind: expropriation,none,lot,,0,dropped,n/a,n/a,n/a,n/a,n/a,excluded,none,yes,extra,,scope excluded>drop,expropriation notice (actas previas); not a sale offer
BOE-B-2025-19569#?,BOE-B-2025-19569,?,2025-05-28,5B,TGSS,Dirección Provincial de la Tesorería General de la Seguridad Social de Cádiz,unsplit,commercial,covered,,rating,lot,C,1,yes,yes,yes,yes,yes,yes,covered,rating,yes,R2,,none,rating letter(s) stated in the lot; confirmed
BOE-B-2025-19846#1,BOE-B-2025-19846,1,2025-05-30,5B,TGSS,Dirección Provincial de la Tesorería General de la Seguridad Social de Navarra,lote_header,residential,covered,,rating,lot,E,1,yes,yes,yes,yes,yes,yes,undeterminable,certificate_reference,yes,R3,,scope undeterminable>covered; energy certificate_reference>rating; type unknown>residential,"dwelling (5th floor); consumption and emissions letter E stated; classifier missed ""letra E"""
BOE-B-2025-19846#2,BOE-B-2025-19846,2,2025-05-30,5B,TGSS,Dirección Provincial de la Tesorería General de la Seguridad Social de Navarra,lote_header,residential,covered,,rating,lot,E,1,yes,yes,yes,yes,yes,yes,undeterminable,certificate_reference,yes,R3,,scope undeterminable>covered; energy certificate_reference>rating; type unknown>residential,"dwelling (6th floor); consumption and emissions letter E stated; classifier missed ""letra E"""
BOE-B-2025-19847#1,BOE-B-2025-19847,1,2025-05-30,5B,TGSS,Dirección Provincial de la Tesorería General de la Seguridad Social de Lleida,single,commercial,covered,,rating,lot,D,1,yes,yes,yes,yes,yes,yes,covered,rating,no,,,,
BOE-B-2025-20382#?,BOE-B-2025-20382,?,2025-06-02,5B,Other public bodies,Organismo Autónomo Parques Nacionales,not_described,land,drop,,none,lot,,0,dropped,n/a,n/a,n/a,n/a,n/a,undeterminable,none,yes,R3,,scope undeterminable>drop,"sale of harvest rights (aprovechamiento), not of property"
BOE-B-2025-21427#?,BOE-B-2025-21427,?,2025-06-09,5B,TGSS,Dirección Provincial de la Tesorería General de la Seguridad Social de Valencia,unsplit,commercial,covered,,rating,lot,C,1,yes,yes,yes,yes,yes,yes,covered,rating,yes,extra,,none,"one premises made of several registered fincas joined physically, so one lot; rating stated"
BOE-B-2025-22566#1,BOE-B-2025-22566,1,2025-06-16,5B,TGSS,Tesorería General de la Seguridad Social,single,commercial,covered,,rating,lot,DE,1,yes,yes,yes,yes,yes,yes,covered,rating,yes,R2,,none,rating letter(s) stated in the lot; confirmed
BOE-B-2025-22894#r1,BOE-B-2025-22894,r1,2025-06-18,5B,Patrimonio del Estado (DEH),Delegación de Economía y Hacienda en Cuenca,single,land,excluded,land: not a building (art. 2.h),none,lot,,0,excluded,n/a,n/a,n/a,n/a,n/a,excluded,none,yes,extra,,split,"rustic plot, row 1 of the notice's table (a table of plots read as one lot)"
BOE-B-2025-22894#r10,BOE-B-2025-22894,r10,2025-06-18,5B,Patrimonio del Estado (DEH),Delegación de Economía y Hacienda en Cuenca,single,land,excluded,land: not a building (art. 2.h),none,lot,,0,excluded,n/a,n/a,n/a,n/a,n/a,excluded,none,yes,extra,,split,"rustic plot, row 10 of the notice's table (a table of plots read as one lot)"
BOE-B-2025-22894#r11,BOE-B-2025-22894,r11,2025-06-18,5B,Patrimonio del Estado (DEH),Delegación de Economía y Hacienda en Cuenca,single,land,excluded,land: not a building (art. 2.h),none,lot,,0,excluded,n/a,n/a,n/a,n/a,n/a,excluded,none,yes,extra,,split,"rustic plot, row 11 of the notice's table (a table of plots read as one lot)"
BOE-B-2025-22894#r12,BOE-B-2025-22894,r12,2025-06-18,5B,Patrimonio del Estado (DEH),Delegación de Economía y Hacienda en Cuenca,single,land,excluded,land: not a building (art. 2.h),none,lot,,0,excluded,n/a,n/a,n/a,n/a,n/a,excluded,none,yes,extra,,split,"rustic plot, row 12 of the notice's table (a table of plots read as one lot)"
BOE-B-2025-22894#r13,BOE-B-2025-22894,r13,2025-06-18,5B,Patrimonio del Estado (DEH),Delegación de Economía y Hacienda en Cuenca,single,land,excluded,land: not a building (art. 2.h),none,lot,,0,excluded,n/a,n/a,n/a,n/a,n/a,excluded,none,yes,extra,,split,"rustic plot, row 13 of the notice's table (a table of plots read as one lot)"
BOE-B-2025-22894#r14,BOE-B-2025-22894,r14,2025-06-18,5B,Patrimonio del Estado (DEH),Delegación de Economía y Hacienda en Cuenca,single,land,excluded,land: not a building (art. 2.h),none,lot,,0,excluded,n/a,n/a,n/a,n/a,n/a,excluded,none,yes,extra,,split,"rustic plot, row 14 of the notice's table (a table of plots read as one lot)"
BOE-B-2025-22894#r15,BOE-B-2025-22894,r15,2025-06-18,5B,Patrimonio del Estado (DEH),Delegación de Economía y Hacienda en Cuenca,single,land,excluded,land: not a building (art. 2.h),none,lot,,0,excluded,n/a,n/a,n/a,n/a,n/a,excluded,none,yes,extra,,split,"rustic plot, row 15 of the notice's table (a table of plots read as one lot)"
BOE-B-2025-22894#r16,BOE-B-2025-22894,r16,2025-06-18,5B,Patrimonio del Estado (DEH),Delegación de Economía y Hacienda en Cuenca,single,land,excluded,land: not a building (art. 2.h),none,lot,,0,excluded,n/a,n/a,n/a,n/a,n/a,excluded,none,yes,extra,,split,"rustic plot, row 16 of the notice's table (a table of plots read as one lot)"
BOE-B-2025-22894#r17,BOE-B-2025-22894,r17,2025-06-18,5B,Patrimonio del Estado (DEH),Delegación de Economía y Hacienda en Cuenca,single,land,excluded,land: not a building (art. 2.h),none,lot,,0,excluded,n/a,n/a,n/a,n/a,n/a,excluded,none,yes,extra,,split,"rustic plot, row 17 of the notice's table (a table of plots read as one lot)"
BOE-B-2025-22894#r18,BOE-B-2025-22894,r18,2025-06-18,5B,Patrimonio del Estado (DEH),Delegación de Economía y Hacienda en Cuenca,single,land,excluded,land: not a building (art. 2.h),none,lot,,0,excluded,n/a,n/a,n/a,n/a,n/a,excluded,none,yes,extra,,split,"rustic plot, row 18 of the notice's table (a table of plots read as one lot)"
BOE-B-2025-22894#r19,BOE-B-2025-22894,r19,2025-06-18,5B,Patrimonio del Estado (DEH),Delegación de Economía y Hacienda en Cuenca,single,land,excluded,land: not a building (art. 2.h),none,lot,,0,excluded,n/a,n/a,n/a,n/a,n/a,excluded,none,yes,extra,,split,"rustic plot, row 19 of the notice's table (a table of plots read as one lot)"
BOE-B-2025-22894#r2,BOE-B-2025-22894,r2,2025-06-18,5B,Patrimonio del Estado (DEH),Delegación de Economía y Hacienda en Cuenca,single,land,excluded,land: not a building (art. 2.h),none,lot,,0,excluded,n/a,n/a,n/a,n/a,n/a,excluded,none,yes,extra,,split,"rustic plot, row 2 of the notice's table (a table of plots read as one lot)"
BOE-B-2025-22894#r20,BOE-B-2025-22894,r20,2025-06-18,5B,Patrimonio del Estado (DEH),Delegación de Economía y Hacienda en Cuenca,single,land,excluded,land: not a building (art. 2.h),none,lot,,0,excluded,n/a,n/a,n/a,n/a,n/a,excluded,none,yes,extra,,split,"rustic plot, row 20 of the notice's table (a table of plots read as one lot)"
BOE-B-2025-22894#r21,BOE-B-2025-22894,r21,2025-06-18,5B,Patrimonio del Estado (DEH),Delegación de Economía y Hacienda en Cuenca,single,land,excluded,land: not a building (art. 2.h),none,lot,,0,excluded,n/a,n/a,n/a,n/a,n/a,excluded,none,yes,extra,,split,"rustic plot, row 21 of the notice's table (a table of plots read as one lot)"
BOE-B-2025-22894#r22,BOE-B-2025-22894,r22,2025-06-18,5B,Patrimonio del Estado (DEH),Delegación de Economía y Hacienda en Cuenca,single,land,excluded,land: not a building (art. 2.h),none,lot,,0,excluded,n/a,n/a,n/a,n/a,n/a,excluded,none,yes,extra,,split,"rustic plot, row 22 of the notice's table (a table of plots read as one lot)"
BOE-B-2025-22894#r23,BOE-B-2025-22894,r23,2025-06-18,5B,Patrimonio del Estado (DEH),Delegación de Economía y Hacienda en Cuenca,single,land,excluded,land: not a building (art. 2.h),none,lot,,0,excluded,n/a,n/a,n/a,n/a,n/a,excluded,none,yes,extra,,split,"rustic plot, row 23 of the notice's table (a table of plots read as one lot)"
BOE-B-2025-22894#r24,BOE-B-2025-22894,r24,2025-06-18,5B,Patrimonio del Estado (DEH),Delegación de Economía y Hacienda en Cuenca,single,land,excluded,land: not a building (art. 2.h),none,lot,,0,excluded,n/a,n/a,n/a,n/a,n/a,excluded,none,yes,extra,,split,"rustic plot, row 24 of the notice's table (a table of plots read as one lot)"
BOE-B-2025-22894#r25,BOE-B-2025-22894,r25,2025-06-18,5B,Patrimonio del Estado (DEH),Delegación de Economía y Hacienda en Cuenca,single,land,excluded,land: not a building (art. 2.h),none,lot,,0,excluded,n/a,n/a,n/a,n/a,n/a,excluded,none,yes,extra,,split,"rustic plot, row 25 of the notice's table (a table of plots read as one lot)"
BOE-B-2025-22894#r26,BOE-B-2025-22894,r26,2025-06-18,5B,Patrimonio del Estado (DEH),Delegación de Economía y Hacienda en Cuenca,single,land,excluded,land: not a building (art. 2.h),none,lot,,0,excluded,n/a,n/a,n/a,n/a,n/a,excluded,none,yes,extra,,split,"rustic plot, row 26 of the notice's table (a table of plots read as one lot)"
BOE-B-2025-22894#r27,BOE-B-2025-22894,r27,2025-06-18,5B,Patrimonio del Estado (DEH),Delegación de Economía y Hacienda en Cuenca,single,land,excluded,land: not a building (art. 2.h),none,lot,,0,excluded,n/a,n/a,n/a,n/a,n/a,excluded,none,yes,extra,,split,"rustic plot, row 27 of the notice's table (a table of plots read as one lot)"
BOE-B-2025-22894#r28,BOE-B-2025-22894,r28,2025-06-18,5B,Patrimonio del Estado (DEH),Delegación de Economía y Hacienda en Cuenca,single,land,excluded,land: not a building (art. 2.h),none,lot,,0,excluded,n/a,n/a,n/a,n/a,n/a,excluded,none,yes,extra,,split,"rustic plot, row 28 of the notice's table (a table of plots read as one lot)"
BOE-B-2025-22894#r29,BOE-B-2025-22894,r29,2025-06-18,5B,Patrimonio del Estado (DEH),Delegación de Economía y Hacienda en Cuenca,single,land,excluded,land: not a building (art. 2.h),none,lot,,0,excluded,n/a,n/a,n/a,n/a,n/a,excluded,none,yes,extra,,split,"rustic plot, row 29 of the notice's table (a table of plots read as one lot)"
BOE-B-2025-22894#r3,BOE-B-2025-22894,r3,2025-06-18,5B,Patrimonio del Estado (DEH),Delegación de Economía y Hacienda en Cuenca,single,land,excluded,land: not a building (art. 2.h),none,lot,,0,excluded,n/a,n/a,n/a,n/a,n/a,excluded,none,yes,extra,,split,"rustic plot, row 3 of the notice's table (a table of plots read as one lot)"
BOE-B-2025-22894#r30,BOE-B-2025-22894,r30,2025-06-18,5B,Patrimonio del Estado (DEH),Delegación de Economía y Hacienda en Cuenca,single,land,excluded,land: not a building (art. 2.h),none,lot,,0,excluded,n/a,n/a,n/a,n/a,n/a,excluded,none,yes,extra,,split,"rustic plot, row 30 of the notice's table (a table of plots read as one lot)"
BOE-B-2025-22894#r31,BOE-B-2025-22894,r31,2025-06-18,5B,Patrimonio del Estado (DEH),Delegación de Economía y Hacienda en Cuenca,single,land,excluded,land: not a building (art. 2.h),none,lot,,0,excluded,n/a,n/a,n/a,n/a,n/a,excluded,none,yes,extra,,split,"rustic plot, row 31 of the notice's table (a table of plots read as one lot)"
BOE-B-2025-22894#r32,BOE-B-2025-22894,r32,2025-06-18,5B,Patrimonio del Estado (DEH),Delegación de Economía y Hacienda en Cuenca,single,land,excluded,land: not a building (art. 2.h),none,lot,,0,excluded,n/a,n/a,n/a,n/a,n/a,excluded,none,yes,extra,,split,"rustic plot, row 32 of the notice's table (a table of plots read as one lot)"
BOE-B-2025-22894#r33,BOE-B-2025-22894,r33,2025-06-18,5B,Patrimonio del Estado (DEH),Delegación de Economía y Hacienda en Cuenca,single,land,excluded,land: not a building (art. 2.h),none,lot,,0,excluded,n/a,n/a,n/a,n/a,n/a,excluded,none,yes,extra,,split,"rustic plot, row 33 of the notice's table (a table of plots read as one lot)"
BOE-B-2025-22894#r34,BOE-B-2025-22894,r34,2025-06-18,5B,Patrimonio del Estado (DEH),Delegación de Economía y Hacienda en Cuenca,single,land,excluded,land: not a building (art. 2.h),none,lot,,0,excluded,n/a,n/a,n/a,n/a,n/a,excluded,none,yes,extra,,split,"rustic plot, row 34 of the notice's table (a table of plots read as one lot)"
BOE-B-2025-22894#r35,BOE-B-2025-22894,r35,2025-06-18,5B,Patrimonio del Estado (DEH),Delegación de Economía y Hacienda en Cuenca,single,land,excluded,land: not a building (art. 2.h),none,lot,,0,excluded,n/a,n/a,n/a,n/a,n/a,excluded,none,yes,extra,,split,"rustic plot, row 35 of the notice's table (a table of plots read as one lot)"
BOE-B-2025-22894#r36,BOE-B-2025-22894,r36,2025-06-18,5B,Patrimonio del Estado (DEH),Delegación de Economía y Hacienda en Cuenca,single,land,excluded,land: not a building (art. 2.h),none,lot,,0,excluded,n/a,n/a,n/a,n/a,n/a,excluded,none,yes,extra,,split,"rustic plot, row 36 of the notice's table (a table of plots read as one lot)"
BOE-B-2025-22894#r37,BOE-B-2025-22894,r37,2025-06-18,5B,Patrimonio del Estado (DEH),Delegación de Economía y Hacienda en Cuenca,single,land,excluded,land: not a building (art. 2.h),none,lot,,0,excluded,n/a,n/a,n/a,n/a,n/a,excluded,none,yes,extra,,split,"rustic plot, row 37 of the notice's table (a table of plots read as one lot)"
BOE-B-2025-22894#r38,BOE-B-2025-22894,r38,2025-06-18,5B,Patrimonio del Estado (DEH),Delegación de Economía y Hacienda en Cuenca,single,land,excluded,land: not a building (art. 2.h),none,lot,,0,excluded,n/a,n/a,n/a,n/a,n/a,excluded,none,yes,extra,,split,"rustic plot, row 38 of the notice's table (a table of plots read as one lot)"
BOE-B-2025-22894#r39,BOE-B-2025-22894,r39,2025-06-18,5B,Patrimonio del Estado (DEH),Delegación de Economía y Hacienda en Cuenca,single,land,excluded,land: not a building (art. 2.h),none,lot,,0,excluded,n/a,n/a,n/a,n/a,n/a,excluded,none,yes,extra,,split,"rustic plot, row 39 of the notice's table (a table of plots read as one lot)"
BOE-B-2025-22894#r4,BOE-B-2025-22894,r4,2025-06-18,5B,Patrimonio del Estado (DEH),Delegación de Economía y Hacienda en Cuenca,single,land,excluded,land: not a building (art. 2.h),none,lot,,0,excluded,n/a,n/a,n/a,n/a,n/a,excluded,none,yes,extra,,split,"rustic plot, row 4 of the notice's table (a table of plots read as one lot)"
BOE-B-2025-22894#r40,BOE-B-2025-22894,r40,2025-06-18,5B,Patrimonio del Estado (DEH),Delegación de Economía y Hacienda en Cuenca,single,land,excluded,land: not a building (art. 2.h),none,lot,,0,excluded,n/a,n/a,n/a,n/a,n/a,excluded,none,yes,extra,,split,"rustic plot, row 40 of the notice's table (a table of plots read as one lot)"
BOE-B-2025-22894#r41,BOE-B-2025-22894,r41,2025-06-18,5B,Patrimonio del Estado (DEH),Delegación de Economía y Hacienda en Cuenca,single,land,excluded,land: not a building (art. 2.h),none,lot,,0,excluded,n/a,n/a,n/a,n/a,n/a,excluded,none,yes,extra,,split,"rustic plot, row 41 of the notice's table (a table of plots read as one lot)"
BOE-B-2025-22894#r42,BOE-B-2025-22894,r42,2025-06-18,5B,Patrimonio del Estado (DEH),Delegación de Economía y Hacienda en Cuenca,single,land,excluded,land: not a building (art. 2.h),none,lot,,0,excluded,n/a,n/a,n/a,n/a,n/a,excluded,none,yes,extra,,split,"rustic plot, row 42 of the notice's table (a table of plots read as one lot)"
BOE-B-2025-22894#r43,BOE-B-2025-22894,r43,2025-06-18,5B,Patrimonio del Estado (DEH),Delegación de Economía y Hacienda en Cuenca,single,land,excluded,land: not a building (art. 2.h),none,lot,,0,excluded,n/a,n/a,n/a,n/a,n/a,excluded,none,yes,extra,,split,"rustic plot, row 43 of the notice's table (a table of plots read as one lot)"
BOE-B-2025-22894#r44,BOE-B-2025-22894,r44,2025-06-18,5B,Patrimonio del Estado (DEH),Delegación de Economía y Hacienda en Cuenca,single,land,excluded,land: not a building (art. 2.h),none,lot,,0,excluded,n/a,n/a,n/a,n/a,n/a,excluded,none,yes,extra,,split,"rustic plot, row 44 of the notice's table (a table of plots read as one lot)"
BOE-B-2025-22894#r45,BOE-B-2025-22894,r45,2025-06-18,5B,Patrimonio del Estado (DEH),Delegación de Economía y Hacienda en Cuenca,single,land,excluded,land: not a building (art. 2.h),none,lot,,0,excluded,n/a,n/a,n/a,n/a,n/a,excluded,none,yes,extra,,split,"rustic plot, row 45 of the notice's table (a table of plots read as one lot)"
BOE-B-2025-22894#r46,BOE-B-2025-22894,r46,2025-06-18,5B,Patrimonio del Estado (DEH),Delegación de Economía y Hacienda en Cuenca,single,land,excluded,land: not a building (art. 2.h),none,lot,,0,excluded,n/a,n/a,n/a,n/a,n/a,excluded,none,yes,extra,,split,"rustic plot, row 46 of the notice's table (a table of plots read as one lot)"
BOE-B-2025-22894#r47,BOE-B-2025-22894,r47,2025-06-18,5B,Patrimonio del Estado (DEH),Delegación de Economía y Hacienda en Cuenca,single,land,excluded,land: not a building (art. 2.h),none,lot,,0,excluded,n/a,n/a,n/a,n/a,n/a,excluded,none,yes,extra,,split,"rustic plot, row 47 of the notice's table (a table of plots read as one lot)"
BOE-B-2025-22894#r48,BOE-B-2025-22894,r48,2025-06-18,5B,Patrimonio del Estado (DEH),Delegación de Economía y Hacienda en Cuenca,single,land,excluded,land: not a building (art. 2.h),none,lot,,0,excluded,n/a,n/a,n/a,n/a,n/a,excluded,none,yes,extra,,split,"rustic plot, row 48 of the notice's table (a table of plots read as one lot)"
BOE-B-2025-22894#r49,BOE-B-2025-22894,r49,2025-06-18,5B,Patrimonio del Estado (DEH),Delegación de Economía y Hacienda en Cuenca,single,land,excluded,land: not a building (art. 2.h),none,lot,,0,excluded,n/a,n/a,n/a,n/a,n/a,excluded,none,yes,extra,,split,"rustic plot, row 49 of the notice's table (a table of plots read as one lot)"
BOE-B-2025-22894#r5,BOE-B-2025-22894,r5,2025-06-18,5B,Patrimonio del Estado (DEH),Delegación de Economía y Hacienda en Cuenca,single,land,excluded,land: not a building (art. 2.h),none,lot,,0,excluded,n/a,n/a,n/a,n/a,n/a,excluded,none,yes,extra,,split,"rustic plot, row 5 of the notice's table (a table of plots read as one lot)"
BOE-B-2025-22894#r50,BOE-B-2025-22894,r50,2025-06-18,5B,Patrimonio del Estado (DEH),Delegación de Economía y Hacienda en Cuenca,single,land,excluded,land: not a building (art. 2.h),none,lot,,0,excluded,n/a,n/a,n/a,n/a,n/a,excluded,none,yes,extra,,split,"rustic plot, row 50 of the notice's table (a table of plots read as one lot)"
BOE-B-2025-22894#r51,BOE-B-2025-22894,r51,2025-06-18,5B,Patrimonio del Estado (DEH),Delegación de Economía y Hacienda en Cuenca,single,land,excluded,land: not a building (art. 2.h),none,lot,,0,excluded,n/a,n/a,n/a,n/a,n/a,excluded,none,yes,extra,,split,"rustic plot, row 51 of the notice's table (a table of plots read as one lot)"
BOE-B-2025-22894#r52,BOE-B-2025-22894,r52,2025-06-18,5B,Patrimonio del Estado (DEH),Delegación de Economía y Hacienda en Cuenca,single,land,excluded,land: not a building (art. 2.h),none,lot,,0,excluded,n/a,n/a,n/a,n/a,n/a,excluded,none,yes,extra,,split,"rustic plot, row 52 of the notice's table (a table of plots read as one lot)"
BOE-B-2025-22894#r53,BOE-B-2025-22894,r53,2025-06-18,5B,Patrimonio del Estado (DEH),Delegación de Economía y Hacienda en Cuenca,single,land,excluded,land: not a building (art. 2.h),none,lot,,0,excluded,n/a,n/a,n/a,n/a,n/a,excluded,none,yes,extra,,split,"rustic plot, row 53 of the notice's table (a table of plots read as one lot)"
BOE-B-2025-22894#r54,BOE-B-2025-22894,r54,2025-06-18,5B,Patrimonio del Estado (DEH),Delegación de Economía y Hacienda en Cuenca,single,land,excluded,land: not a building (art. 2.h),none,lot,,0,excluded,n/a,n/a,n/a,n/a,n/a,excluded,none,yes,extra,,split,"rustic plot, row 54 of the notice's table (a table of plots read as one lot)"
BOE-B-2025-22894#r55,BOE-B-2025-22894,r55,2025-06-18,5B,Patrimonio del Estado (DEH),Delegación de Economía y Hacienda en Cuenca,single,land,excluded,land: not a building (art. 2.h),none,lot,,0,excluded,n/a,n/a,n/a,n/a,n/a,excluded,none,yes,extra,,split,"rustic plot, row 55 of the notice's table (a table of plots read as one lot)"
BOE-B-2025-22894#r56,BOE-B-2025-22894,r56,2025-06-18,5B,Patrimonio del Estado (DEH),Delegación de Economía y Hacienda en Cuenca,single,land,excluded,land: not a building (art. 2.h),none,lot,,0,excluded,n/a,n/a,n/a,n/a,n/a,excluded,none,yes,extra,,split,"rustic plot, row 56 of the notice's table (a table of plots read as one lot)"
BOE-B-2025-22894#r57,BOE-B-2025-22894,r57,2025-06-18,5B,Patrimonio del Estado (DEH),Delegación de Economía y Hacienda en Cuenca,single,land,excluded,land: not a building (art. 2.h),none,lot,,0,excluded,n/a,n/a,n/a,n/a,n/a,excluded,none,yes,extra,,split,"rustic plot, row 57 of the notice's table (a table of plots read as one lot)"
BOE-B-2025-22894#r58,BOE-B-2025-22894,r58,2025-06-18,5B,Patrimonio del Estado (DEH),Delegación de Economía y Hacienda en Cuenca,single,land,excluded,land: not a building (art. 2.h),none,lot,,0,excluded,n/a,n/a,n/a,n/a,n/a,excluded,none,yes,extra,,split,"rustic plot, row 58 of the notice's table (a table of plots read as one lot)"
BOE-B-2025-22894#r59,BOE-B-2025-22894,r59,2025-06-18,5B,Patrimonio del Estado (DEH),Delegación de Economía y Hacienda en Cuenca,single,land,excluded,land: not a building (art. 2.h),none,lot,,0,excluded,n/a,n/a,n/a,n/a,n/a,excluded,none,yes,extra,,split,"rustic plot, row 59 of the notice's table (a table of plots read as one lot)"
BOE-B-2025-22894#r6,BOE-B-2025-22894,r6,2025-06-18,5B,Patrimonio del Estado (DEH),Delegación de Economía y Hacienda en Cuenca,single,land,excluded,land: not a building (art. 2.h),none,lot,,0,excluded,n/a,n/a,n/a,n/a,n/a,excluded,none,yes,extra,,split,"rustic plot, row 6 of the notice's table (a table of plots read as one lot)"
BOE-B-2025-22894#r60,BOE-B-2025-22894,r60,2025-06-18,5B,Patrimonio del Estado (DEH),Delegación de Economía y Hacienda en Cuenca,single,land,excluded,land: not a building (art. 2.h),none,lot,,0,excluded,n/a,n/a,n/a,n/a,n/a,excluded,none,yes,extra,,split,"rustic plot, row 60 of the notice's table (a table of plots read as one lot)"
BOE-B-2025-22894#r61,BOE-B-2025-22894,r61,2025-06-18,5B,Patrimonio del Estado (DEH),Delegación de Economía y Hacienda en Cuenca,single,land,excluded,land: not a building (art. 2.h),none,lot,,0,excluded,n/a,n/a,n/a,n/a,n/a,excluded,none,yes,extra,,split,"rustic plot, row 61 of the notice's table (a table of plots read as one lot)"
BOE-B-2025-22894#r62,BOE-B-2025-22894,r62,2025-06-18,5B,Patrimonio del Estado (DEH),Delegación de Economía y Hacienda en Cuenca,single,land,excluded,land: not a building (art. 2.h),none,lot,,0,excluded,n/a,n/a,n/a,n/a,n/a,excluded,none,yes,extra,,split,"rustic plot, row 62 of the notice's table (a table of plots read as one lot)"
BOE-B-2025-22894#r63,BOE-B-2025-22894,r63,2025-06-18,5B,Patrimonio del Estado (DEH),Delegación de Economía y Hacienda en Cuenca,single,land,excluded,land: not a building (art. 2.h),none,lot,,0,excluded,n/a,n/a,n/a,n/a,n/a,excluded,none,yes,extra,,split,"rustic plot, row 63 of the notice's table (a table of plots read as one lot)"
BOE-B-2025-22894#r64,BOE-B-2025-22894,r64,2025-06-18,5B,Patrimonio del Estado (DEH),Delegación de Economía y Hacienda en Cuenca,single,land,excluded,land: not a building (art. 2.h),none,lot,,0,excluded,n/a,n/a,n/a,n/a,n/a,excluded,none,yes,extra,,split,"rustic plot, row 64 of the notice's table (a table of plots read as one lot)"
BOE-B-2025-22894#r65,BOE-B-2025-22894,r65,2025-06-18,5B,Patrimonio del Estado (DEH),Delegación de Economía y Hacienda en Cuenca,single,land,excluded,land: not a building (art. 2.h),none,lot,,0,excluded,n/a,n/a,n/a,n/a,n/a,excluded,none,yes,extra,,split,"rustic plot, row 65 of the notice's table (a table of plots read as one lot)"
BOE-B-2025-22894#r66,BOE-B-2025-22894,r66,2025-06-18,5B,Patrimonio del Estado (DEH),Delegación de Economía y Hacienda en Cuenca,single,land,excluded,land: not a building (art. 2.h),none,lot,,0,excluded,n/a,n/a,n/a,n/a,n/a,excluded,none,yes,extra,,split,"rustic plot, row 66 of the notice's table (a table of plots read as one lot)"
BOE-B-2025-22894#r67,BOE-B-2025-22894,r67,2025-06-18,5B,Patrimonio del Estado (DEH),Delegación de Economía y Hacienda en Cuenca,single,land,excluded,land: not a building (art. 2.h),none,lot,,0,excluded,n/a,n/a,n/a,n/a,n/a,excluded,none,yes,extra,,split,"rustic plot, row 67 of the notice's table (a table of plots read as one lot)"
BOE-B-2025-22894#r68,BOE-B-2025-22894,r68,2025-06-18,5B,Patrimonio del Estado (DEH),Delegación de Economía y Hacienda en Cuenca,single,land,excluded,land: not a building (art. 2.h),none,lot,,0,excluded,n/a,n/a,n/a,n/a,n/a,excluded,none,yes,extra,,split,"rustic plot, row 68 of the notice's table (a table of plots read as one lot)"
BOE-B-2025-22894#r69,BOE-B-2025-22894,r69,2025-06-18,5B,Patrimonio del Estado (DEH),Delegación de Economía y Hacienda en Cuenca,single,land,excluded,land: not a building (art. 2.h),none,lot,,0,excluded,n/a,n/a,n/a,n/a,n/a,excluded,none,yes,extra,,split,"rustic plot, row 69 of the notice's table (a table of plots read as one lot)"
BOE-B-2025-22894#r7,BOE-B-2025-22894,r7,2025-06-18,5B,Patrimonio del Estado (DEH),Delegación de Economía y Hacienda en Cuenca,single,land,excluded,land: not a building (art. 2.h),none,lot,,0,excluded,n/a,n/a,n/a,n/a,n/a,excluded,none,yes,extra,,split,"rustic plot, row 7 of the notice's table (a table of plots read as one lot)"
BOE-B-2025-22894#r70,BOE-B-2025-22894,r70,2025-06-18,5B,Patrimonio del Estado (DEH),Delegación de Economía y Hacienda en Cuenca,single,land,excluded,land: not a building (art. 2.h),none,lot,,0,excluded,n/a,n/a,n/a,n/a,n/a,excluded,none,yes,extra,,split,"rustic plot, row 70 of the notice's table (a table of plots read as one lot)"
BOE-B-2025-22894#r71,BOE-B-2025-22894,r71,2025-06-18,5B,Patrimonio del Estado (DEH),Delegación de Economía y Hacienda en Cuenca,single,land,excluded,land: not a building (art. 2.h),none,lot,,0,excluded,n/a,n/a,n/a,n/a,n/a,excluded,none,yes,extra,,split,"rustic plot, row 71 of the notice's table (a table of plots read as one lot)"
BOE-B-2025-22894#r72,BOE-B-2025-22894,r72,2025-06-18,5B,Patrimonio del Estado (DEH),Delegación de Economía y Hacienda en Cuenca,single,land,excluded,land: not a building (art. 2.h),none,lot,,0,excluded,n/a,n/a,n/a,n/a,n/a,excluded,none,yes,extra,,split,"rustic plot, row 72 of the notice's table (a table of plots read as one lot)"
BOE-B-2025-22894#r73,BOE-B-2025-22894,r73,2025-06-18,5B,Patrimonio del Estado (DEH),Delegación de Economía y Hacienda en Cuenca,single,land,excluded,land: not a building (art. 2.h),none,lot,,0,excluded,n/a,n/a,n/a,n/a,n/a,excluded,none,yes,extra,,split,"rustic plot, row 73 of the notice's table (a table of plots read as one lot)"
BOE-B-2025-22894#r74,BOE-B-2025-22894,r74,2025-06-18,5B,Patrimonio del Estado (DEH),Delegación de Economía y Hacienda en Cuenca,single,land,excluded,land: not a building (art. 2.h),none,lot,,0,excluded,n/a,n/a,n/a,n/a,n/a,excluded,none,yes,extra,,split,"rustic plot, row 74 of the notice's table (a table of plots read as one lot)"
BOE-B-2025-22894#r75,BOE-B-2025-22894,r75,2025-06-18,5B,Patrimonio del Estado (DEH),Delegación de Economía y Hacienda en Cuenca,single,land,excluded,land: not a building (art. 2.h),none,lot,,0,excluded,n/a,n/a,n/a,n/a,n/a,excluded,none,yes,extra,,split,"rustic plot, row 75 of the notice's table (a table of plots read as one lot)"
BOE-B-2025-22894#r76,BOE-B-2025-22894,r76,2025-06-18,5B,Patrimonio del Estado (DEH),Delegación de Economía y Hacienda en Cuenca,single,land,excluded,land: not a building (art. 2.h),none,lot,,0,excluded,n/a,n/a,n/a,n/a,n/a,excluded,none,yes,extra,,split,"rustic plot, row 76 of the notice's table (a table of plots read as one lot)"
BOE-B-2025-22894#r77,BOE-B-2025-22894,r77,2025-06-18,5B,Patrimonio del Estado (DEH),Delegación de Economía y Hacienda en Cuenca,single,land,excluded,land: not a building (art. 2.h),none,lot,,0,excluded,n/a,n/a,n/a,n/a,n/a,excluded,none,yes,extra,,split,"rustic plot, row 77 of the notice's table (a table of plots read as one lot)"
BOE-B-2025-22894#r78,BOE-B-2025-22894,r78,2025-06-18,5B,Patrimonio del Estado (DEH),Delegación de Economía y Hacienda en Cuenca,single,land,excluded,land: not a building (art. 2.h),none,lot,,0,excluded,n/a,n/a,n/a,n/a,n/a,excluded,none,yes,extra,,split,"rustic plot, row 78 of the notice's table (a table of plots read as one lot)"
BOE-B-2025-22894#r8,BOE-B-2025-22894,r8,2025-06-18,5B,Patrimonio del Estado (DEH),Delegación de Economía y Hacienda en Cuenca,single,land,excluded,land: not a building (art. 2.h),none,lot,,0,excluded,n/a,n/a,n/a,n/a,n/a,excluded,none,yes,extra,,split,"rustic plot, row 8 of the notice's table (a table of plots read as one lot)"
BOE-B-2025-22894#r9,BOE-B-2025-22894,r9,2025-06-18,5B,Patrimonio del Estado (DEH),Delegación de Economía y Hacienda en Cuenca,single,land,excluded,land: not a building (art. 2.h),none,lot,,0,excluded,n/a,n/a,n/a,n/a,n/a,excluded,none,yes,extra,,split,"rustic plot, row 9 of the notice's table (a table of plots read as one lot)"
BOE-B-2025-22925#1,BOE-B-2025-22925,1,2025-06-18,5B,TGSS,Dirección Provincial de la Tesorería General de la Seguridad Social de Cádiz,single,commercial,covered,,rating,lot,F,1,yes,yes,yes,yes,yes,yes,covered,rating,no,,,,
BOE-B-2025-23014#1,BOE-B-2025-23014,1,2025-06-19,5B,Patrimonio del Estado (DEH),Delegación de Economía y Hacienda en Gipuzkoa,lote_header,residential,covered,,none,lot,,0,no,no,no,no,no,no,covered,none,yes,R1,,none,dwelling; no energy statement
BOE-B-2025-23014#2,BOE-B-2025-23014,2,2025-06-19,5B,Patrimonio del Estado (DEH),Delegación de Economía y Hacienda en Gipuzkoa,lote_header,residential,covered,,none,lot,,0,no,no,no,no,no,no,covered,none,yes,R1,,none,dwelling; no energy statement
BOE-B-2025-23015#1,BOE-B-2025-23015,1,2025-06-19,5B,Patrimonio del Estado (DEH),Delegación de Economía y Hacienda en Gipuzkoa,single,unit_in_building,undeterminable,use of the unit not stated,none,lot,,0,undeterminable,n/a,n/a,n/a,n/a,n/a,covered,none,yes,R1,,scope covered>undeterminable; type residential>unit_in_building,"30 m2 semi-basement unit of a residential building, use not stated"
BOE-B-2025-23129#1,BOE-B-2025-23129,1,2025-06-20,5B,INVIED (Defensa),"Organismo autónomo Instituto de Vivienda, Infraestructura y Equipamiento de la Defensa",numbered,building,undeterminable,technical building of unknown use,none,lot,,0,undeterminable,n/a,n/a,n/a,n/a,n/a,covered,none,yes,R1,,scope covered>undeterminable; type residential>building,"former telephone exchange on rustic land, use and conditioning unknown"
BOE-B-2025-23129#10,BOE-B-2025-23129,10,2025-06-20,5B,INVIED (Defensa),"Organismo autónomo Instituto de Vivienda, Infraestructura y Equipamiento de la Defensa",numbered,land,excluded,land: not a building (art. 2.h),none,lot,,0,excluded,n/a,n/a,n/a,n/a,n/a,excluded,none,no,,,,
BOE-B-2025-23129#11,BOE-B-2025-23129,11,2025-06-20,5B,INVIED (Defensa),"Organismo autónomo Instituto de Vivienda, Infraestructura y Equipamiento de la Defensa",numbered,commercial,covered,,none,lot,,0,no,no,no,no,no,no,covered,none,yes,R1,,none,commercial premises; no energy statement
BOE-B-2025-23129#12,BOE-B-2025-23129,12,2025-06-20,5B,INVIED (Defensa),"Organismo autónomo Instituto de Vivienda, Infraestructura y Equipamiento de la Defensa",numbered,commercial,covered,,none,lot,,0,no,no,no,no,no,no,covered,none,yes,R1,,none,commercial premises; no energy statement
BOE-B-2025-23129#13,BOE-B-2025-23129,13,2025-06-20,5B,INVIED (Defensa),"Organismo autónomo Instituto de Vivienda, Infraestructura y Equipamiento de la Defensa",numbered,commercial,covered,,none,lot,,0,no,no,no,no,no,no,covered,none,yes,R1,,none,commercial premises; no energy statement
BOE-B-2025-23129#14,BOE-B-2025-23129,14,2025-06-20,5B,INVIED (Defensa),"Organismo autónomo Instituto de Vivienda, Infraestructura y Equipamiento de la Defensa",numbered,commercial,covered,,none,lot,,0,no,no,no,no,no,no,covered,none,yes,R1,,none,commercial premises; no energy statement
BOE-B-2025-23129#15,BOE-B-2025-23129,15,2025-06-20,5B,INVIED (Defensa),"Organismo autónomo Instituto de Vivienda, Infraestructura y Equipamiento de la Defensa",numbered,commercial,covered,,none,lot,,0,no,no,no,no,no,no,covered,none,yes,R1,,none,commercial premises; no energy statement
BOE-B-2025-23129#16,BOE-B-2025-23129,16,2025-06-20,5B,INVIED (Defensa),"Organismo autónomo Instituto de Vivienda, Infraestructura y Equipamiento de la Defensa",numbered,industrial_agricultural,excluded,defence non-residential (art. 3.2.c),none,lot,,0,excluded,n/a,n/a,n/a,n/a,n/a,covered,none,yes,R1,,scope covered>excluded; type residential>industrial_agricultural,former ammunition depots on rustic land
BOE-B-2025-23129#17,BOE-B-2025-23129,17,2025-06-20,5B,INVIED (Defensa),"Organismo autónomo Instituto de Vivienda, Infraestructura y Equipamiento de la Defensa",numbered,commercial,covered,,none,lot,,0,no,no,no,no,no,no,covered,none,yes,R1,,none,commercial premises; no energy statement
BOE-B-2025-23129#18,BOE-B-2025-23129,18,2025-06-20,5B,INVIED (Defensa),"Organismo autónomo Instituto de Vivienda, Infraestructura y Equipamiento de la Defensa",numbered,commercial,covered,,none,lot,,0,no,no,no,no,no,no,covered,none,yes,R1,,none,commercial premises; no energy statement
BOE-B-2025-23129#19,BOE-B-2025-23129,19,2025-06-20,5B,INVIED (Defensa),"Organismo autónomo Instituto de Vivienda, Infraestructura y Equipamiento de la Defensa",numbered,commercial,covered,,none,lot,,0,no,no,no,no,no,no,covered,none,yes,R1,,none,commercial premises; no energy statement
BOE-B-2025-23129#2,BOE-B-2025-23129,2,2025-06-20,5B,INVIED (Defensa),"Organismo autónomo Instituto de Vivienda, Infraestructura y Equipamiento de la Defensa",numbered,commercial,covered,,none,lot,,0,no,no,no,no,no,no,covered,none,yes,R1,,none,commercial premises; no energy statement
BOE-B-2025-23129#20,BOE-B-2025-23129,20,2025-06-20,5B,INVIED (Defensa),"Organismo autónomo Instituto de Vivienda, Infraestructura y Equipamiento de la Defensa",numbered,commercial,covered,,none,lot,,0,no,no,no,no,no,no,covered,none,yes,R1,,none,commercial premises; no energy statement
BOE-B-2025-23129#21,BOE-B-2025-23129,21,2025-06-20,5B,INVIED (Defensa),"Organismo autónomo Instituto de Vivienda, Infraestructura y Equipamiento de la Defensa",numbered,commercial,covered,,none,lot,,0,no,no,no,no,no,no,covered,none,yes,R1,,none,commercial premises; no energy statement
BOE-B-2025-23129#22,BOE-B-2025-23129,22,2025-06-20,5B,INVIED (Defensa),"Organismo autónomo Instituto de Vivienda, Infraestructura y Equipamiento de la Defensa",numbered,commercial,covered,,none,lot,,0,no,no,no,no,no,no,covered,none,yes,R1,,none,commercial premises; no energy statement
BOE-B-2025-23129#23,BOE-B-2025-23129,23,2025-06-20,5B,INVIED (Defensa),"Organismo autónomo Instituto de Vivienda, Infraestructura y Equipamiento de la Defensa",numbered,land,excluded,land: not a building (art. 2.h),none,lot,,0,excluded,n/a,n/a,n/a,n/a,n/a,excluded,none,no,,,,
BOE-B-2025-23129#24,BOE-B-2025-23129,24,2025-06-20,5B,INVIED (Defensa),"Organismo autónomo Instituto de Vivienda, Infraestructura y Equipamiento de la Defensa",numbered,land,excluded,land: not a building (art. 2.h),none,lot,,0,excluded,n/a,n/a,n/a,n/a,n/a,covered,none,yes,R1,,scope covered>excluded; type residential>land,rustic plot without construction
BOE-B-2025-23129#25,BOE-B-2025-23129,25,2025-06-20,5B,INVIED (Defensa),"Organismo autónomo Instituto de Vivienda, Infraestructura y Equipamiento de la Defensa",numbered,land,excluded,land: not a building (art. 2.h),none,lot,,0,excluded,n/a,n/a,n/a,n/a,n/a,covered,none,yes,R1,,scope covered>excluded; type residential>land,rustic plot without construction
BOE-B-2025-23129#3,BOE-B-2025-23129,3,2025-06-20,5B,INVIED (Defensa),"Organismo autónomo Instituto de Vivienda, Infraestructura y Equipamiento de la Defensa",numbered,commercial,covered,,none,lot,,0,no,no,no,no,no,no,covered,none,yes,R1,,none,commercial premises; no energy statement
BOE-B-2025-23129#4,BOE-B-2025-23129,4,2025-06-20,5B,INVIED (Defensa),"Organismo autónomo Instituto de Vivienda, Infraestructura y Equipamiento de la Defensa",numbered,commercial,covered,,none,lot,,0,no,no,no,no,no,no,covered,none,yes,R1,,none,commercial premises; no energy statement
BOE-B-2025-23129#5,BOE-B-2025-23129,5,2025-06-20,5B,INVIED (Defensa),"Organismo autónomo Instituto de Vivienda, Infraestructura y Equipamiento de la Defensa",numbered,commercial,covered,,none,lot,,0,no,no,no,no,no,no,covered,none,yes,R1,,none,commercial premises; no energy statement
BOE-B-2025-23129#6,BOE-B-2025-23129,6,2025-06-20,5B,INVIED (Defensa),"Organismo autónomo Instituto de Vivienda, Infraestructura y Equipamiento de la Defensa",numbered,commercial,covered,,none,lot,,0,no,no,no,no,no,no,covered,none,yes,R1,,none,commercial premises; no energy statement
BOE-B-2025-23129#7,BOE-B-2025-23129,7,2025-06-20,5B,INVIED (Defensa),"Organismo autónomo Instituto de Vivienda, Infraestructura y Equipamiento de la Defensa",numbered,commercial,covered,,none,lot,,0,no,no,no,no,no,no,covered,none,yes,R1,,none,commercial premises; no energy statement
BOE-B-2025-23129#8,BOE-B-2025-23129,8,2025-06-20,5B,INVIED (Defensa),"Organismo autónomo Instituto de Vivienda, Infraestructura y Equipamiento de la Defensa",numbered,commercial,covered,,none,lot,,0,no,no,no,no,no,no,covered,none,yes,R1,,none,commercial premises; no energy statement
BOE-B-2025-23129#9,BOE-B-2025-23129,9,2025-06-20,5B,INVIED (Defensa),"Organismo autónomo Instituto de Vivienda, Infraestructura y Equipamiento de la Defensa",numbered,land,excluded,land: not a building (art. 2.h),none,lot,,0,excluded,n/a,n/a,n/a,n/a,n/a,excluded,none,no,,,,
BOE-B-2025-24095#?,BOE-B-2025-24095,?,2025-06-26,5B,Other public bodies,Organismo Autónomo Parques Nacionales,not_described,land,drop,,none,lot,,0,dropped,n/a,n/a,n/a,n/a,n/a,undeterminable,none,yes,R3,,scope undeterminable>drop,"sale of timber (aprovechamiento), not of property"
BOE-B-2025-24108#2,BOE-B-2025-24108,2,2025-06-26,5B,Other public bodies,Agencia de Vivienda y Rehabilitación de Andalucía,numbered,residential,drop,,none,lot,,0,dropped,n/a,n/a,n/a,n/a,n/a,covered,none,yes,R1,,scope covered>drop,"numbered condition of the notice, not a lot"
BOE-B-2025-24108#3,BOE-B-2025-24108,3,2025-06-26,5B,Other public bodies,Agencia de Vivienda y Rehabilitación de Andalucía,numbered,residential,drop,,none,lot,,0,dropped,n/a,n/a,n/a,n/a,n/a,covered,none,yes,R1,,scope covered>drop,"numbered condition of the notice, not a lot"
BOE-B-2025-24108#4,BOE-B-2025-24108,4,2025-06-26,5B,Other public bodies,Agencia de Vivienda y Rehabilitación de Andalucía,numbered,residential,drop,,none,lot,,0,dropped,n/a,n/a,n/a,n/a,n/a,covered,none,yes,R1,,scope covered>drop,"numbered condition of the notice, not a lot"
BOE-B-2025-24108#5,BOE-B-2025-24108,5,2025-06-26,5B,Other public bodies,Agencia de Vivienda y Rehabilitación de Andalucía,numbered,residential,drop,,none,lot,,0,dropped,n/a,n/a,n/a,n/a,n/a,covered,none,yes,R1,,scope covered>drop,"numbered condition of the notice, not a lot"
BOE-B-2025-24108#6,BOE-B-2025-24108,6,2025-06-26,5B,Other public bodies,Agencia de Vivienda y Rehabilitación de Andalucía,numbered,land,drop,,none,lot,,0,dropped,n/a,n/a,n/a,n/a,n/a,excluded,none,yes,R4,,scope excluded>drop,"numbered condition of the notice, not a lot"
BOE-B-2025-24108#r1,BOE-B-2025-24108,r1,2025-06-26,5B,Other public bodies,Agencia de Vivienda y Rehabilitación de Andalucía,numbered,land,excluded,land: not a building (art. 2.h),none,lot,,0,excluded,n/a,n/a,n/a,n/a,n/a,covered,none,yes,R1,,split; scope covered>excluded; type residential>land,industrial-logistics plots listed in an annex of the specifications; the numbered items are conditions
BOE-B-2025-25791#1,BOE-B-2025-25791,1,2025-07-07,5B,Patrimonio del Estado (DEH),Delegación de Economía y Hacienda en Valencia (Unidad de Patrimonio del Estado),single,land,drop,excluded notice kind: direct_named,none,lot,,0,dropped,n/a,n/a,n/a,n/a,n/a,excluded,none,yes,extra,,scope excluded>drop,"direct adjudication to a party who showed interest (art. 137.4 LPAP); not an offer to the public (rule §1.1, direct_named)"
BOE-B-2025-25792#1,BOE-B-2025-25792,1,2025-07-07,5B,Patrimonio del Estado (DEH),Delegación de Economía y Hacienda en Valencia (Unidad de Patrimonio del Estado),single,land,drop,excluded notice kind: direct_named,none,lot,,0,dropped,n/a,n/a,n/a,n/a,n/a,excluded,none,yes,extra,,scope excluded>drop,"direct adjudication to a party who showed interest (art. 137.4 LPAP); not an offer to the public (rule §1.1, direct_named)"
BOE-B-2025-25793#1,BOE-B-2025-25793,1,2025-07-07,5B,Patrimonio del Estado (DEH),Delegación de Economía y Hacienda en Valencia (Unidad de Patrimonio del Estado),single,land,drop,excluded notice kind: direct_named,none,lot,,0,dropped,n/a,n/a,n/a,n/a,n/a,excluded,none,yes,extra,,scope excluded>drop,"direct adjudication to a party who showed interest (art. 137.4 LPAP); not an offer to the public (rule §1.1, direct_named)"
BOE-B-2025-25794#?,BOE-B-2025-25794,?,2025-07-07,5B,Patrimonio del Estado (DEH),Delegación de Economía y Hacienda en Valencia (Unidad de Patrimonio del Estado),unsplit,land,drop,excluded notice kind: direct_named,none,lot,,0,dropped,n/a,n/a,n/a,n/a,n/a,excluded,none,yes,extra,,scope excluded>drop,"direct adjudication to a party who showed interest (art. 137.4 LPAP); not an offer to the public (rule §1.1, direct_named)"
BOE-B-2025-25795#1,BOE-B-2025-25795,1,2025-07-07,5B,Patrimonio del Estado (DEH),Delegación de Economía y Hacienda en Valencia (Unidad de Patrimonio del Estado),single,land,drop,excluded notice kind: direct_named,none,lot,,0,dropped,n/a,n/a,n/a,n/a,n/a,excluded,none,yes,extra,,scope excluded>drop,"direct adjudication to a party who showed interest (art. 137.4 LPAP); not an offer to the public (rule §1.1, direct_named)"
BOE-B-2025-25959#1,BOE-B-2025-25959,1,2025-07-08,5B,Patrimonio del Estado (DEH),Delegación de Economía y Hacienda en Valencia (Unidad de Patrimonio del Estado),single,land,drop,excluded notice kind: direct_named,none,lot,,0,dropped,n/a,n/a,n/a,n/a,n/a,excluded,none,yes,extra,,scope excluded>drop,"direct adjudication to a party who showed interest (art. 137.4 LPAP); not an offer to the public (rule §1.1, direct_named)"
BOE-B-2025-25960#1,BOE-B-2025-25960,1,2025-07-08,5B,Patrimonio del Estado (DEH),Delegación de Economía y Hacienda en Valencia (Unidad de Patrimonio del Estado),single,land,drop,excluded notice kind: direct_named,none,lot,,0,dropped,n/a,n/a,n/a,n/a,n/a,excluded,none,yes,extra,,scope excluded>drop,"direct adjudication to a party who showed interest (art. 137.4 LPAP); not an offer to the public (rule §1.1, direct_named)"
BOE-B-2025-26061#r1,BOE-B-2025-26061,r1,2025-07-09,5B,Patrimonio del Estado (DEH),Delegación de Economía y Hacienda en Huelva,unsplit,land,excluded,land: not a building (art. 2.h),none,lot,,0,excluded,n/a,n/a,n/a,n/a,n/a,excluded,none,yes,extra,,split,"urban plot of 9,630 m2"
BOE-B-2025-26061#r2,BOE-B-2025-26061,r2,2025-07-09,5B,Patrimonio del Estado (DEH),Delegación de Economía y Hacienda en Huelva,unsplit,land,excluded,land: not a building (art. 2.h),none,lot,,0,excluded,n/a,n/a,n/a,n/a,n/a,excluded,none,yes,extra,,split,urban plot of 122 m2
BOE-B-2025-26061#r3,BOE-B-2025-26061,r3,2025-07-09,5B,Patrimonio del Estado (DEH),Delegación de Economía y Hacienda en Huelva,unsplit,unit_in_building,undeterminable,use of the unit not stated,none,lot,,0,undeterminable,n/a,n/a,n/a,n/a,n/a,excluded,none,yes,extra,,split; scope excluded>undeterminable; type land>unit_in_building,"urban property of 105 m2 with 36 m2 built, use not stated (Trigueros)"
BOE-B-2025-26061#r4,BOE-B-2025-26061,r4,2025-07-09,5B,Patrimonio del Estado (DEH),Delegación de Economía y Hacienda en Huelva,unsplit,land,excluded,land: not a building (art. 2.h),none,lot,,0,excluded,n/a,n/a,n/a,n/a,n/a,excluded,none,yes,extra,,split,"urban plot of 1,385 m2"
BOE-B-2025-26061#r5,BOE-B-2025-26061,r5,2025-07-09,5B,Patrimonio del Estado (DEH),Delegación de Economía y Hacienda en Huelva,unsplit,land,excluded,land: not a building (art. 2.h),none,lot,,0,excluded,n/a,n/a,n/a,n/a,n/a,excluded,none,yes,extra,,split,rustic plot
BOE-B-2025-26061#r6,BOE-B-2025-26061,r6,2025-07-09,5B,Patrimonio del Estado (DEH),Delegación de Economía y Hacienda en Huelva,unsplit,land,excluded,land: not a building (art. 2.h),none,lot,,0,excluded,n/a,n/a,n/a,n/a,n/a,excluded,none,yes,extra,,split,rustic plot
BOE-B-2025-26061#r7,BOE-B-2025-26061,r7,2025-07-09,5B,Patrimonio del Estado (DEH),Delegación de Economía y Hacienda en Huelva,unsplit,land,excluded,land: not a building (art. 2.h),none,lot,,0,excluded,n/a,n/a,n/a,n/a,n/a,excluded,none,yes,extra,,split,rustic plot
BOE-B-2025-26061#r8,BOE-B-2025-26061,r8,2025-07-09,5B,Patrimonio del Estado (DEH),Delegación de Economía y Hacienda en Huelva,unsplit,land,excluded,land: not a building (art. 2.h),none,lot,,0,excluded,n/a,n/a,n/a,n/a,n/a,excluded,none,yes,extra,,split,rustic plot
BOE-B-2025-26061#r9,BOE-B-2025-26061,r9,2025-07-09,5B,Patrimonio del Estado (DEH),Delegación de Economía y Hacienda en Huelva,unsplit,land,excluded,land: not a building (art. 2.h),none,lot,,0,excluded,n/a,n/a,n/a,n/a,n/a,excluded,none,yes,extra,,split,rustic plot
BOE-B-2025-26207#?,BOE-B-2025-26207,?,2025-07-10,5B,Other public bodies,Organismo Autónomo Parques Nacionales,not_described,land,drop,,none,lot,,0,dropped,n/a,n/a,n/a,n/a,n/a,undeterminable,none,yes,R3,,scope undeterminable>drop,"sale of grazing rights (aprovechamiento), not of property"
BOE-B-2025-26208#?,BOE-B-2025-26208,?,2025-07-10,5B,Other public bodies,Organismo Autónomo Parques Nacionales,not_described,land,drop,,none,lot,,0,dropped,n/a,n/a,n/a,n/a,n/a,undeterminable,none,yes,R3,,scope undeterminable>drop,"sale of timber (aprovechamiento), not of property"
BOE-B-2025-26553#1,BOE-B-2025-26553,1,2025-07-14,5B,TGSS,Dirección Provincial de la Tesorería General de la Seguridad Social de Sevilla,single,commercial,covered,,rating,lot,D,1,yes,yes,yes,yes,yes,yes,covered,rating,no,,,,
BOE-B-2025-27243#1,BOE-B-2025-27243,1,2025-07-22,5B,Patrimonio del Estado (DEH),Delegación de Economía y Hacienda en Valencia (Unidad de Patrimonio del Estado),single,land,drop,excluded notice kind: direct_named,none,lot,,0,dropped,n/a,n/a,n/a,n/a,n/a,excluded,none,yes,extra,,scope excluded>drop,"direct adjudication to a party who showed interest (art. 137.4 LPAP); not an offer to the public (rule §1.1, direct_named)"
BOE-B-2025-27468#1,BOE-B-2025-27468,1,2025-07-24,5B,Patrimonio del Estado (DEH),Delegación Especial de Economía y Hacienda en Cantabria,lote_header,commercial,covered,,none,lot,,0,no,no,no,no,no,no,covered,none,yes,R1,,none,commercial premises (51 m2) in a residential estate; no energy statement
BOE-B-2025-27468#10,BOE-B-2025-27468,10,2025-07-24,5B,Patrimonio del Estado (DEH),Delegación Especial de Economía y Hacienda en Cantabria,lote_header,land,excluded,land: not a building (art. 2.h),none,lot,,0,excluded,n/a,n/a,n/a,n/a,n/a,excluded,none,no,,,,
BOE-B-2025-27468#11,BOE-B-2025-27468,11,2025-07-24,5B,Patrimonio del Estado (DEH),Delegación Especial de Economía y Hacienda en Cantabria,lote_header,land,excluded,land: not a building (art. 2.h),none,lot,,0,excluded,n/a,n/a,n/a,n/a,n/a,excluded,none,no,,,,
BOE-B-2025-27468#12,BOE-B-2025-27468,12,2025-07-24,5B,Patrimonio del Estado (DEH),Delegación Especial de Economía y Hacienda en Cantabria,lote_header,land,excluded,land: not a building (art. 2.h),none,lot,,0,excluded,n/a,n/a,n/a,n/a,n/a,excluded,none,no,,,,
BOE-B-2025-27468#14,BOE-B-2025-27468,14,2025-07-24,5B,Patrimonio del Estado (DEH),Delegación Especial de Economía y Hacienda en Cantabria,lote_header,land,excluded,land: not a building (art. 2.h),none,lot,,0,excluded,n/a,n/a,n/a,n/a,n/a,excluded,none,no,,,,
BOE-B-2025-27468#17,BOE-B-2025-27468,17,2025-07-24,5B,Patrimonio del Estado (DEH),Delegación Especial de Economía y Hacienda en Cantabria,lote_header,land,excluded,land: not a building (art. 2.h),none,lot,,0,excluded,n/a,n/a,n/a,n/a,n/a,excluded,none,yes,R4,,none,land (rustic or unbuilt plot); confirmed
BOE-B-2025-27468#2,BOE-B-2025-27468,2,2025-07-24,5B,Patrimonio del Estado (DEH),Delegación Especial de Economía y Hacienda en Cantabria,lote_header,commercial,covered,,none,lot,,0,no,no,no,no,no,no,covered,none,yes,R1,,none,commercial premises (31 m2) in a residential estate; no energy statement
BOE-B-2025-27468#23,BOE-B-2025-27468,23,2025-07-24,5B,Patrimonio del Estado (DEH),Delegación Especial de Economía y Hacienda en Cantabria,lote_header,land,excluded,land: not a building (art. 2.h),none,lot,,0,excluded,n/a,n/a,n/a,n/a,n/a,excluded,none,no,,,,
BOE-B-2025-27468#27,BOE-B-2025-27468,27,2025-07-24,5B,Patrimonio del Estado (DEH),Delegación Especial de Economía y Hacienda en Cantabria,lote_header,land,excluded,land: not a building (art. 2.h),none,lot,,0,excluded,n/a,n/a,n/a,n/a,n/a,excluded,none,no,,,,
BOE-B-2025-27468#3,BOE-B-2025-27468,3,2025-07-24,5B,Patrimonio del Estado (DEH),Delegación Especial de Economía y Hacienda en Cantabria,lote_header,commercial,covered,,none,lot,,0,no,no,no,no,no,no,covered,none,yes,R1,,none,commercial premises (28 m2) in a residential estate; no energy statement
BOE-B-2025-27468#4,BOE-B-2025-27468,4,2025-07-24,5B,Patrimonio del Estado (DEH),Delegación Especial de Economía y Hacienda en Cantabria,lote_header,land,excluded,land: not a building (art. 2.h),none,lot,,0,excluded,n/a,n/a,n/a,n/a,n/a,excluded,none,no,,,,
BOE-B-2025-27468#5,BOE-B-2025-27468,5,2025-07-24,5B,Patrimonio del Estado (DEH),Delegación Especial de Economía y Hacienda en Cantabria,lote_header,residential,covered,,none,lot,,0,no,no,no,no,no,no,covered,none,yes,R1,,none,"attic dwelling (sala, cocina, dormitorio) in a building; dwellings under 50 m2 in a building are covered (FAQ no. 15)"
BOE-B-2025-27468#6,BOE-B-2025-27468,6,2025-07-24,5B,Patrimonio del Estado (DEH),Delegación Especial de Economía y Hacienda en Cantabria,lote_header,land,excluded,land: not a building (art. 2.h),none,lot,,0,excluded,n/a,n/a,n/a,n/a,n/a,undeterminable,none,yes,R3,,scope undeterminable>excluded; type building>land,8.35% share of an unbuilt urban plot
BOE-B-2025-27468#7,BOE-B-2025-27468,7,2025-07-24,5B,Patrimonio del Estado (DEH),Delegación Especial de Economía y Hacienda en Cantabria,lote_header,land,excluded,land: not a building (art. 2.h),none,lot,,0,excluded,n/a,n/a,n/a,n/a,n/a,excluded,none,no,,,,
BOE-B-2025-27468#8,BOE-B-2025-27468,8,2025-07-24,5B,Patrimonio del Estado (DEH),Delegación Especial de Economía y Hacienda en Cantabria,lote_header,land,excluded,land: not a building (art. 2.h),none,lot,,0,excluded,n/a,n/a,n/a,n/a,n/a,excluded,none,no,,,,
BOE-B-2025-27468#9,BOE-B-2025-27468,9,2025-07-24,5B,Patrimonio del Estado (DEH),Delegación Especial de Economía y Hacienda en Cantabria,lote_header,land,excluded,land: not a building (art. 2.h),none,lot,,0,excluded,n/a,n/a,n/a,n/a,n/a,excluded,none,no,,,,
BOE-B-2025-27841#1,BOE-B-2025-27841,1,2025-07-30,5B,GIESE (Interior),Organismo Autónomo Gerencia de Infraestructuras y Equipamiento de la Seguridad del Estado,numbered,residential,covered,,none,lot,,0,no,no,no,no,no,no,covered,none,yes,R1,,none,former Guardia Civil house-barracks; no energy statement
BOE-B-2025-27841#2,BOE-B-2025-27841,2,2025-07-30,5B,GIESE (Interior),Organismo Autónomo Gerencia de Infraestructuras y Equipamiento de la Seguridad del Estado,numbered,land,excluded,land: not a building (art. 2.h),none,lot,,0,excluded,n/a,n/a,n/a,n/a,n/a,excluded,none,no,,,,
BOE-B-2025-27841#3,BOE-B-2025-27841,3,2025-07-30,5B,GIESE (Interior),Organismo Autónomo Gerencia de Infraestructuras y Equipamiento de la Seguridad del Estado,numbered,building,covered,,none,lot,,0,no,no,no,no,no,no,covered,none,yes,R1,,none,former Guardia Civil barracks; no energy statement
BOE-B-2025-27896#1,BOE-B-2025-27896,1,2025-07-30,5B,TGSS,Dirección Provincial de la Tesorería General de la Seguridad Social de Huesca,lote_header,commercial,covered,,none,lot,,0,no,no,no,no,no,no,covered,none,yes,R1,,none,basement commercial premises; no energy statement anywhere in the notice
BOE-B-2025-27896#2,BOE-B-2025-27896,2,2025-07-30,5B,TGSS,Dirección Provincial de la Tesorería General de la Seguridad Social de Huesca,lote_header,garage,excluded,garage or storage room (MITECO FAQ v6.0 no. 14),none,lot,,0,excluded,n/a,n/a,n/a,n/a,n/a,excluded,none,yes,R4,,none,garage or parking space; confirmed
BOE-B-2025-27896#3,BOE-B-2025-27896,3,2025-07-30,5B,TGSS,Dirección Provincial de la Tesorería General de la Seguridad Social de Huesca,lote_header,garage,excluded,garage or storage room (MITECO FAQ v6.0 no. 14),none,lot,,0,excluded,n/a,n/a,n/a,n/a,n/a,excluded,none,yes,R4,,none,garage or parking space; confirmed
BOE-B-2025-27896#4,BOE-B-2025-27896,4,2025-07-30,5B,TGSS,Dirección Provincial de la Tesorería General de la Seguridad Social de Huesca,lote_header,garage,excluded,garage or storage room (MITECO FAQ v6.0 no. 14),none,lot,,0,excluded,n/a,n/a,n/a,n/a,n/a,excluded,none,yes,R4,,none,garage or parking space; confirmed
BOE-B-2025-27896#5,BOE-B-2025-27896,5,2025-07-30,5B,TGSS,Dirección Provincial de la Tesorería General de la Seguridad Social de Huesca,lote_header,garage,excluded,garage or storage room (MITECO FAQ v6.0 no. 14),none,lot,,0,excluded,n/a,n/a,n/a,n/a,n/a,excluded,none,yes,R4,,none,garage or parking space; confirmed
BOE-B-2025-27897#1,BOE-B-2025-27897,1,2025-07-30,5B,TGSS,Dirección Provincial de la Tesorería General de la Seguridad Social de Navarra,single,commercial,covered,,rating,lot,D,1,yes,yes,yes,yes,yes,yes,covered,certificate_reference,yes,R1,,energy certificate_reference>rating,"consumption and emissions letter D stated; classifier missed it (""letra D"" read as a door letter)"
BOE-B-2025-28192#1,BOE-B-2025-28192,1,2025-08-01,5B,TGSS,Dirección Provincial de la Tesorería General de la Seguridad Social de Castellón,single,commercial,covered,,rating,lot,CD,1,yes,yes,yes,yes,yes,yes,covered,rating,no,,,,
BOE-B-2025-28193#1,BOE-B-2025-28193,1,2025-08-01,5B,TGSS,Dirección Provincial de la Tesorería General de la Seguridad Social de Castellón,single,commercial,covered,,rating,lot,CD,1,yes,yes,yes,yes,yes,yes,covered,rating,no,,,,
BOE-B-2025-28441#?,BOE-B-2025-28441,?,2025-08-04,5B,TGSS,Dirección Provincial de la Tesorería General de la Seguridad Social de Valladolid,unsplit,commercial,covered,,rating,lot,C,1,yes,yes,yes,yes,yes,yes,covered,rating,yes,R2,,none,rating letter(s) stated in the lot; confirmed
BOE-B-2025-28588#2,BOE-B-2025-28588,2,2025-08-05,5B,Other public bodies,Agencia de Vivienda y Rehabilitación de Andalucía,numbered,residential,drop,,none,lot,,0,dropped,n/a,n/a,n/a,n/a,n/a,covered,none,yes,R1,,scope covered>drop,"numbered condition of the notice, not a lot"
BOE-B-2025-28588#3,BOE-B-2025-28588,3,2025-08-05,5B,Other public bodies,Agencia de Vivienda y Rehabilitación de Andalucía,numbered,residential,drop,,none,lot,,0,dropped,n/a,n/a,n/a,n/a,n/a,covered,none,yes,R1,,scope covered>drop,"numbered condition of the notice, not a lot"
BOE-B-2025-28588#4,BOE-B-2025-28588,4,2025-08-05,5B,Other public bodies,Agencia de Vivienda y Rehabilitación de Andalucía,numbered,residential,drop,,none,lot,,0,dropped,n/a,n/a,n/a,n/a,n/a,covered,none,yes,R1,,scope covered>drop,"numbered condition of the notice, not a lot"
BOE-B-2025-28588#5,BOE-B-2025-28588,5,2025-08-05,5B,Other public bodies,Agencia de Vivienda y Rehabilitación de Andalucía,numbered,residential,drop,,none,lot,,0,dropped,n/a,n/a,n/a,n/a,n/a,covered,none,yes,R1,,scope covered>drop,"numbered condition of the notice, not a lot"
BOE-B-2025-28588#6,BOE-B-2025-28588,6,2025-08-05,5B,Other public bodies,Agencia de Vivienda y Rehabilitación de Andalucía,numbered,residential,drop,,none,lot,,0,dropped,n/a,n/a,n/a,n/a,n/a,covered,none,yes,R1,,scope covered>drop,"numbered condition of the notice, not a lot"
BOE-B-2025-28588#7,BOE-B-2025-28588,7,2025-08-05,5B,Other public bodies,Agencia de Vivienda y Rehabilitación de Andalucía,numbered,residential,drop,,none,lot,,0,dropped,n/a,n/a,n/a,n/a,n/a,covered,none,yes,R1,,scope covered>drop,"numbered condition of the notice, not a lot"
BOE-B-2025-28588#r1,BOE-B-2025-28588,r1,2025-08-05,5B,Other public bodies,Agencia de Vivienda y Rehabilitación de Andalucía,numbered,unknown,undeterminable,properties not described in the notice,none,lot,,0,undeterminable,n/a,n/a,n/a,n/a,n/a,covered,none,yes,R1,,split; scope covered>undeterminable; type residential>unknown,"265 properties listed only in annexes of the specifications, not described in the notice"
BOE-B-2025-28728#1,BOE-B-2025-28728,1,2025-08-06,5B,TGSS,Tesorería General de la Seguridad Social,single,land,excluded,land: not a building (art. 2.h),none,lot,,0,excluded,n/a,n/a,n/a,n/a,n/a,excluded,none,no,,,,
BOE-B-2025-29296#1,BOE-B-2025-29296,1,2025-08-11,5B,TGSS,Dirección Provincial de la Tesorería General de la Seguridad Social de Madrid,lote_header,residential,covered,,rating,lot,CD,1,yes,yes,yes,yes,yes,yes,covered,rating,yes,R2,,none,rating letter(s) stated in the lot; confirmed
BOE-B-2025-29296#2,BOE-B-2025-29296,2,2025-08-11,5B,TGSS,Dirección Provincial de la Tesorería General de la Seguridad Social de Madrid,lote_header,unit_in_building,covered,,rating,lot,G,1,yes,yes,yes,yes,yes,yes,covered,rating,no,,,,
BOE-B-2025-29296#3,BOE-B-2025-29296,3,2025-08-11,5B,TGSS,Dirección Provincial de la Tesorería General de la Seguridad Social de Madrid,lote_header,unit_in_building,covered,,rating,lot,E,1,yes,yes,yes,yes,yes,yes,covered,rating,no,,,,
BOE-B-2025-29296#4,BOE-B-2025-29296,4,2025-08-11,5B,TGSS,Dirección Provincial de la Tesorería General de la Seguridad Social de Madrid,lote_header,unit_in_building,covered,,rating,lot,E,1,yes,yes,yes,yes,yes,yes,covered,rating,no,,,,
BOE-B-2025-29296#5,BOE-B-2025-29296,5,2025-08-11,5B,TGSS,Dirección Provincial de la Tesorería General de la Seguridad Social de Madrid,lote_header,unit_in_building,covered,,rating,lot,E,1,yes,yes,yes,yes,yes,yes,covered,rating,no,,,,
BOE-B-2025-29296#6,BOE-B-2025-29296,6,2025-08-11,5B,TGSS,Dirección Provincial de la Tesorería General de la Seguridad Social de Madrid,lote_header,unit_in_building,covered,,rating,lot,E,1,yes,yes,yes,yes,yes,yes,covered,rating,yes,R2,,none,rating letter(s) stated in the lot; confirmed
BOE-B-2025-29297#1,BOE-B-2025-29297,1,2025-08-11,5B,TGSS,Dirección Provincial de la Tesorería General de la Seguridad Social de Tarragona,lote_header,residential,covered,,rating,lot,E,1,yes,yes,yes,yes,yes,yes,covered,rating,yes,R2,,none,rating letter(s) stated in the lot; confirmed
BOE-B-2025-29398#1,BOE-B-2025-29398,1,2025-08-12,5B,Patrimonio del Estado (DEH),Delegación Especial de Economía y Hacienda en Galicia-A Coruña,table,residential,covered,,rating,lot,E,1,yes,yes,yes,yes,yes,yes,covered,rating,no,,,,
BOE-B-2025-29398#10,BOE-B-2025-29398,10,2025-08-12,5B,Patrimonio del Estado (DEH),Delegación Especial de Economía y Hacienda en Galicia-A Coruña,table,land,excluded,land: not a building (art. 2.h),none,lot,,0,excluded,n/a,n/a,n/a,n/a,n/a,excluded,none,no,,,,
BOE-B-2025-29398#11,BOE-B-2025-29398,11,2025-08-12,5B,Patrimonio del Estado (DEH),Delegación Especial de Economía y Hacienda en Galicia-A Coruña,table,land,excluded,land: not a building (art. 2.h),none,lot,,0,excluded,n/a,n/a,n/a,n/a,n/a,excluded,none,no,,,,
BOE-B-2025-29398#12,BOE-B-2025-29398,12,2025-08-12,5B,Patrimonio del Estado (DEH),Delegación Especial de Economía y Hacienda en Galicia-A Coruña,table,land,excluded,land: not a building (art. 2.h),none,lot,,0,excluded,n/a,n/a,n/a,n/a,n/a,excluded,none,no,,,,
BOE-B-2025-29398#13,BOE-B-2025-29398,13,2025-08-12,5B,Patrimonio del Estado (DEH),Delegación Especial de Economía y Hacienda en Galicia-A Coruña,table,land,excluded,land: not a building (art. 2.h),none,lot,,0,excluded,n/a,n/a,n/a,n/a,n/a,excluded,none,no,,,,
BOE-B-2025-29398#14,BOE-B-2025-29398,14,2025-08-12,5B,Patrimonio del Estado (DEH),Delegación Especial de Economía y Hacienda en Galicia-A Coruña,table,land,excluded,land: not a building (art. 2.h),none,lot,,0,excluded,n/a,n/a,n/a,n/a,n/a,excluded,none,no,,,,
BOE-B-2025-29398#15,BOE-B-2025-29398,15,2025-08-12,5B,Patrimonio del Estado (DEH),Delegación Especial de Economía y Hacienda en Galicia-A Coruña,table,land,excluded,land: not a building (art. 2.h),none,lot,,0,excluded,n/a,n/a,n/a,n/a,n/a,excluded,none,no,,,,
BOE-B-2025-29398#16,BOE-B-2025-29398,16,2025-08-12,5B,Patrimonio del Estado (DEH),Delegación Especial de Economía y Hacienda en Galicia-A Coruña,table,land,excluded,land: not a building (art. 2.h),none,lot,,0,excluded,n/a,n/a,n/a,n/a,n/a,excluded,none,yes,R4,,none,land (rustic or unbuilt plot); confirmed
BOE-B-2025-29398#17,BOE-B-2025-29398,17,2025-08-12,5B,Patrimonio del Estado (DEH),Delegación Especial de Economía y Hacienda en Galicia-A Coruña,table,land,excluded,land: not a building (art. 2.h),none,lot,,0,excluded,n/a,n/a,n/a,n/a,n/a,excluded,none,no,,,,
BOE-B-2025-29398#18,BOE-B-2025-29398,18,2025-08-12,5B,Patrimonio del Estado (DEH),Delegación Especial de Economía y Hacienda en Galicia-A Coruña,table,land,excluded,land: not a building (art. 2.h),none,lot,,0,excluded,n/a,n/a,n/a,n/a,n/a,excluded,none,no,,,,
BOE-B-2025-29398#19,BOE-B-2025-29398,19,2025-08-12,5B,Patrimonio del Estado (DEH),Delegación Especial de Economía y Hacienda en Galicia-A Coruña,table,land,excluded,land: not a building (art. 2.h),none,lot,,0,excluded,n/a,n/a,n/a,n/a,n/a,excluded,none,no,,,,
BOE-B-2025-29398#2,BOE-B-2025-29398,2,2025-08-12,5B,Patrimonio del Estado (DEH),Delegación Especial de Economía y Hacienda en Galicia-A Coruña,table,land,excluded,land: not a building (art. 2.h),none,lot,,0,excluded,n/a,n/a,n/a,n/a,n/a,excluded,none,no,,,,
BOE-B-2025-29398#20,BOE-B-2025-29398,20,2025-08-12,5B,Patrimonio del Estado (DEH),Delegación Especial de Economía y Hacienda en Galicia-A Coruña,table,land,excluded,land: not a building (art. 2.h),none,lot,,0,excluded,n/a,n/a,n/a,n/a,n/a,excluded,none,no,,,,
BOE-B-2025-29398#21,BOE-B-2025-29398,21,2025-08-12,5B,Patrimonio del Estado (DEH),Delegación Especial de Economía y Hacienda en Galicia-A Coruña,table,land,excluded,land: not a building (art. 2.h),none,lot,,0,excluded,n/a,n/a,n/a,n/a,n/a,excluded,none,no,,,,
BOE-B-2025-29398#22,BOE-B-2025-29398,22,2025-08-12,5B,Patrimonio del Estado (DEH),Delegación Especial de Economía y Hacienda en Galicia-A Coruña,table,land,excluded,land: not a building (art. 2.h),none,lot,,0,excluded,n/a,n/a,n/a,n/a,n/a,excluded,none,no,,,,
BOE-B-2025-29398#23,BOE-B-2025-29398,23,2025-08-12,5B,Patrimonio del Estado (DEH),Delegación Especial de Economía y Hacienda en Galicia-A Coruña,table,land,excluded,land: not a building (art. 2.h),none,lot,,0,excluded,n/a,n/a,n/a,n/a,n/a,excluded,none,no,,,,
BOE-B-2025-29398#24,BOE-B-2025-29398,24,2025-08-12,5B,Patrimonio del Estado (DEH),Delegación Especial de Economía y Hacienda en Galicia-A Coruña,table,land,excluded,land: not a building (art. 2.h),none,lot,,0,excluded,n/a,n/a,n/a,n/a,n/a,excluded,none,no,,,,
BOE-B-2025-29398#25,BOE-B-2025-29398,25,2025-08-12,5B,Patrimonio del Estado (DEH),Delegación Especial de Economía y Hacienda en Galicia-A Coruña,table,land,excluded,land: not a building (art. 2.h),none,lot,,0,excluded,n/a,n/a,n/a,n/a,n/a,excluded,none,no,,,,
BOE-B-2025-29398#26,BOE-B-2025-29398,26,2025-08-12,5B,Patrimonio del Estado (DEH),Delegación Especial de Economía y Hacienda en Galicia-A Coruña,table,land,excluded,land: not a building (art. 2.h),none,lot,,0,excluded,n/a,n/a,n/a,n/a,n/a,excluded,none,no,,,,
BOE-B-2025-29398#27,BOE-B-2025-29398,27,2025-08-12,5B,Patrimonio del Estado (DEH),Delegación Especial de Economía y Hacienda en Galicia-A Coruña,table,land,excluded,land: not a building (art. 2.h),none,lot,,0,excluded,n/a,n/a,n/a,n/a,n/a,excluded,none,no,,,,
BOE-B-2025-29398#28,BOE-B-2025-29398,28,2025-08-12,5B,Patrimonio del Estado (DEH),Delegación Especial de Economía y Hacienda en Galicia-A Coruña,table,land,excluded,land: not a building (art. 2.h),none,lot,,0,excluded,n/a,n/a,n/a,n/a,n/a,excluded,none,no,,,,
BOE-B-2025-29398#29,BOE-B-2025-29398,29,2025-08-12,5B,Patrimonio del Estado (DEH),Delegación Especial de Economía y Hacienda en Galicia-A Coruña,table,land,excluded,land: not a building (art. 2.h),none,lot,,0,excluded,n/a,n/a,n/a,n/a,n/a,excluded,none,no,,,,
BOE-B-2025-29398#3,BOE-B-2025-29398,3,2025-08-12,5B,Patrimonio del Estado (DEH),Delegación Especial de Economía y Hacienda en Galicia-A Coruña,table,land,excluded,land: not a building (art. 2.h),none,lot,,0,excluded,n/a,n/a,n/a,n/a,n/a,excluded,none,no,,,,
BOE-B-2025-29398#30,BOE-B-2025-29398,30,2025-08-12,5B,Patrimonio del Estado (DEH),Delegación Especial de Economía y Hacienda en Galicia-A Coruña,table,land,excluded,land: not a building (art. 2.h),none,lot,,0,excluded,n/a,n/a,n/a,n/a,n/a,excluded,none,no,,,,
BOE-B-2025-29398#31,BOE-B-2025-29398,31,2025-08-12,5B,Patrimonio del Estado (DEH),Delegación Especial de Economía y Hacienda en Galicia-A Coruña,table,land,excluded,land: not a building (art. 2.h),none,lot,,0,excluded,n/a,n/a,n/a,n/a,n/a,excluded,none,no,,,,
BOE-B-2025-29398#32,BOE-B-2025-29398,32,2025-08-12,5B,Patrimonio del Estado (DEH),Delegación Especial de Economía y Hacienda en Galicia-A Coruña,table,land,excluded,land: not a building (art. 2.h),none,lot,,0,excluded,n/a,n/a,n/a,n/a,n/a,excluded,none,no,,,,
BOE-B-2025-29398#33,BOE-B-2025-29398,33,2025-08-12,5B,Patrimonio del Estado (DEH),Delegación Especial de Economía y Hacienda en Galicia-A Coruña,table,land,excluded,land: not a building (art. 2.h),none,lot,,0,excluded,n/a,n/a,n/a,n/a,n/a,excluded,none,no,,,,
BOE-B-2025-29398#34,BOE-B-2025-29398,34,2025-08-12,5B,Patrimonio del Estado (DEH),Delegación Especial de Economía y Hacienda en Galicia-A Coruña,table,land,excluded,land: not a building (art. 2.h),none,lot,,0,excluded,n/a,n/a,n/a,n/a,n/a,excluded,none,no,,,,
BOE-B-2025-29398#35,BOE-B-2025-29398,35,2025-08-12,5B,Patrimonio del Estado (DEH),Delegación Especial de Economía y Hacienda en Galicia-A Coruña,table,land,excluded,land: not a building (art. 2.h),none,lot,,0,excluded,n/a,n/a,n/a,n/a,n/a,excluded,none,no,,,,
BOE-B-2025-29398#36,BOE-B-2025-29398,36,2025-08-12,5B,Patrimonio del Estado (DEH),Delegación Especial de Economía y Hacienda en Galicia-A Coruña,table,land,excluded,land: not a building (art. 2.h),none,lot,,0,excluded,n/a,n/a,n/a,n/a,n/a,excluded,none,no,,,,
BOE-B-2025-29398#37,BOE-B-2025-29398,37,2025-08-12,5B,Patrimonio del Estado (DEH),Delegación Especial de Economía y Hacienda en Galicia-A Coruña,table,land,excluded,land: not a building (art. 2.h),none,lot,,0,excluded,n/a,n/a,n/a,n/a,n/a,excluded,none,no,,,,
BOE-B-2025-29398#38,BOE-B-2025-29398,38,2025-08-12,5B,Patrimonio del Estado (DEH),Delegación Especial de Economía y Hacienda en Galicia-A Coruña,table,land,excluded,land: not a building (art. 2.h),none,lot,,0,excluded,n/a,n/a,n/a,n/a,n/a,excluded,none,no,,,,
BOE-B-2025-29398#39,BOE-B-2025-29398,39,2025-08-12,5B,Patrimonio del Estado (DEH),Delegación Especial de Economía y Hacienda en Galicia-A Coruña,table,land,excluded,land: not a building (art. 2.h),none,lot,,0,excluded,n/a,n/a,n/a,n/a,n/a,excluded,none,no,,,,
BOE-B-2025-29398#4,BOE-B-2025-29398,4,2025-08-12,5B,Patrimonio del Estado (DEH),Delegación Especial de Economía y Hacienda en Galicia-A Coruña,table,land,excluded,land: not a building (art. 2.h),none,lot,,0,excluded,n/a,n/a,n/a,n/a,n/a,excluded,none,no,,,,
BOE-B-2025-29398#40,BOE-B-2025-29398,40,2025-08-12,5B,Patrimonio del Estado (DEH),Delegación Especial de Economía y Hacienda en Galicia-A Coruña,table,land,excluded,land: not a building (art. 2.h),none,lot,,0,excluded,n/a,n/a,n/a,n/a,n/a,excluded,none,no,,,,
BOE-B-2025-29398#41,BOE-B-2025-29398,41,2025-08-12,5B,Patrimonio del Estado (DEH),Delegación Especial de Economía y Hacienda en Galicia-A Coruña,table,land,excluded,land: not a building (art. 2.h),none,lot,,0,excluded,n/a,n/a,n/a,n/a,n/a,excluded,none,no,,,,
BOE-B-2025-29398#42,BOE-B-2025-29398,42,2025-08-12,5B,Patrimonio del Estado (DEH),Delegación Especial de Economía y Hacienda en Galicia-A Coruña,table,land,excluded,land: not a building (art. 2.h),none,lot,,0,excluded,n/a,n/a,n/a,n/a,n/a,excluded,none,no,,,,
BOE-B-2025-29398#43,BOE-B-2025-29398,43,2025-08-12,5B,Patrimonio del Estado (DEH),Delegación Especial de Economía y Hacienda en Galicia-A Coruña,table,land,excluded,land: not a building (art. 2.h),none,lot,,0,excluded,n/a,n/a,n/a,n/a,n/a,excluded,none,no,,,,
BOE-B-2025-29398#44,BOE-B-2025-29398,44,2025-08-12,5B,Patrimonio del Estado (DEH),Delegación Especial de Economía y Hacienda en Galicia-A Coruña,table,land,excluded,land: not a building (art. 2.h),none,lot,,0,excluded,n/a,n/a,n/a,n/a,n/a,excluded,none,no,,,,
BOE-B-2025-29398#45,BOE-B-2025-29398,45,2025-08-12,5B,Patrimonio del Estado (DEH),Delegación Especial de Economía y Hacienda en Galicia-A Coruña,table,land,excluded,land: not a building (art. 2.h),none,lot,,0,excluded,n/a,n/a,n/a,n/a,n/a,excluded,none,no,,,,
BOE-B-2025-29398#46,BOE-B-2025-29398,46,2025-08-12,5B,Patrimonio del Estado (DEH),Delegación Especial de Economía y Hacienda en Galicia-A Coruña,table,land,excluded,land: not a building (art. 2.h),none,lot,,0,excluded,n/a,n/a,n/a,n/a,n/a,excluded,none,no,,,,
BOE-B-2025-29398#47,BOE-B-2025-29398,47,2025-08-12,5B,Patrimonio del Estado (DEH),Delegación Especial de Economía y Hacienda en Galicia-A Coruña,table,land,excluded,land: not a building (art. 2.h),none,lot,,0,excluded,n/a,n/a,n/a,n/a,n/a,excluded,none,no,,,,
BOE-B-2025-29398#48,BOE-B-2025-29398,48,2025-08-12,5B,Patrimonio del Estado (DEH),Delegación Especial de Economía y Hacienda en Galicia-A Coruña,table,land,excluded,land: not a building (art. 2.h),none,lot,,0,excluded,n/a,n/a,n/a,n/a,n/a,excluded,none,no,,,,
BOE-B-2025-29398#49,BOE-B-2025-29398,49,2025-08-12,5B,Patrimonio del Estado (DEH),Delegación Especial de Economía y Hacienda en Galicia-A Coruña,table,land,excluded,land: not a building (art. 2.h),none,lot,,0,excluded,n/a,n/a,n/a,n/a,n/a,excluded,none,no,,,,
BOE-B-2025-29398#5,BOE-B-2025-29398,5,2025-08-12,5B,Patrimonio del Estado (DEH),Delegación Especial de Economía y Hacienda en Galicia-A Coruña,table,land,excluded,land: not a building (art. 2.h),none,lot,,0,excluded,n/a,n/a,n/a,n/a,n/a,excluded,none,no,,,,
BOE-B-2025-29398#50,BOE-B-2025-29398,50,2025-08-12,5B,Patrimonio del Estado (DEH),Delegación Especial de Economía y Hacienda en Galicia-A Coruña,table,land,excluded,land: not a building (art. 2.h),none,lot,,0,excluded,n/a,n/a,n/a,n/a,n/a,excluded,none,no,,,,
BOE-B-2025-29398#51,BOE-B-2025-29398,51,2025-08-12,5B,Patrimonio del Estado (DEH),Delegación Especial de Economía y Hacienda en Galicia-A Coruña,table,land,excluded,land: not a building (art. 2.h),none,lot,,0,excluded,n/a,n/a,n/a,n/a,n/a,excluded,none,no,,,,
BOE-B-2025-29398#52,BOE-B-2025-29398,52,2025-08-12,5B,Patrimonio del Estado (DEH),Delegación Especial de Economía y Hacienda en Galicia-A Coruña,table,land,excluded,land: not a building (art. 2.h),none,lot,,0,excluded,n/a,n/a,n/a,n/a,n/a,excluded,none,no,,,,
BOE-B-2025-29398#53,BOE-B-2025-29398,53,2025-08-12,5B,Patrimonio del Estado (DEH),Delegación Especial de Economía y Hacienda en Galicia-A Coruña,table,land,excluded,land: not a building (art. 2.h),none,lot,,0,excluded,n/a,n/a,n/a,n/a,n/a,excluded,none,no,,,,
BOE-B-2025-29398#54,BOE-B-2025-29398,54,2025-08-12,5B,Patrimonio del Estado (DEH),Delegación Especial de Economía y Hacienda en Galicia-A Coruña,table,land,excluded,land: not a building (art. 2.h),none,lot,,0,excluded,n/a,n/a,n/a,n/a,n/a,excluded,none,no,,,,
BOE-B-2025-29398#55,BOE-B-2025-29398,55,2025-08-12,5B,Patrimonio del Estado (DEH),Delegación Especial de Economía y Hacienda en Galicia-A Coruña,table,land,excluded,land: not a building (art. 2.h),none,lot,,0,excluded,n/a,n/a,n/a,n/a,n/a,excluded,none,no,,,,
BOE-B-2025-29398#56,BOE-B-2025-29398,56,2025-08-12,5B,Patrimonio del Estado (DEH),Delegación Especial de Economía y Hacienda en Galicia-A Coruña,table,land,excluded,land: not a building (art. 2.h),none,lot,,0,excluded,n/a,n/a,n/a,n/a,n/a,excluded,none,no,,,,
BOE-B-2025-29398#57,BOE-B-2025-29398,57,2025-08-12,5B,Patrimonio del Estado (DEH),Delegación Especial de Economía y Hacienda en Galicia-A Coruña,table,land,excluded,land: not a building (art. 2.h),none,lot,,0,excluded,n/a,n/a,n/a,n/a,n/a,excluded,none,no,,,,
BOE-B-2025-29398#58,BOE-B-2025-29398,58,2025-08-12,5B,Patrimonio del Estado (DEH),Delegación Especial de Economía y Hacienda en Galicia-A Coruña,table,land,excluded,land: not a building (art. 2.h),none,lot,,0,excluded,n/a,n/a,n/a,n/a,n/a,excluded,none,no,,,,
BOE-B-2025-29398#59,BOE-B-2025-29398,59,2025-08-12,5B,Patrimonio del Estado (DEH),Delegación Especial de Economía y Hacienda en Galicia-A Coruña,table,land,excluded,land: not a building (art. 2.h),none,lot,,0,excluded,n/a,n/a,n/a,n/a,n/a,excluded,none,no,,,,
BOE-B-2025-29398#6,BOE-B-2025-29398,6,2025-08-12,5B,Patrimonio del Estado (DEH),Delegación Especial de Economía y Hacienda en Galicia-A Coruña,table,land,excluded,land: not a building (art. 2.h),none,lot,,0,excluded,n/a,n/a,n/a,n/a,n/a,excluded,none,no,,,,
BOE-B-2025-29398#60,BOE-B-2025-29398,60,2025-08-12,5B,Patrimonio del Estado (DEH),Delegación Especial de Economía y Hacienda en Galicia-A Coruña,table,land,excluded,land: not a building (art. 2.h),none,lot,,0,excluded,n/a,n/a,n/a,n/a,n/a,excluded,none,no,,,,
BOE-B-2025-29398#61,BOE-B-2025-29398,61,2025-08-12,5B,Patrimonio del Estado (DEH),Delegación Especial de Economía y Hacienda en Galicia-A Coruña,table,land,excluded,land: not a building (art. 2.h),none,lot,,0,excluded,n/a,n/a,n/a,n/a,n/a,excluded,none,no,,,,
BOE-B-2025-29398#62,BOE-B-2025-29398,62,2025-08-12,5B,Patrimonio del Estado (DEH),Delegación Especial de Economía y Hacienda en Galicia-A Coruña,table,land,excluded,land: not a building (art. 2.h),none,lot,,0,excluded,n/a,n/a,n/a,n/a,n/a,excluded,none,no,,,,
BOE-B-2025-29398#63,BOE-B-2025-29398,63,2025-08-12,5B,Patrimonio del Estado (DEH),Delegación Especial de Economía y Hacienda en Galicia-A Coruña,table,land,excluded,land: not a building (art. 2.h),none,lot,,0,excluded,n/a,n/a,n/a,n/a,n/a,excluded,none,no,,,,
BOE-B-2025-29398#64,BOE-B-2025-29398,64,2025-08-12,5B,Patrimonio del Estado (DEH),Delegación Especial de Economía y Hacienda en Galicia-A Coruña,table,land,excluded,land: not a building (art. 2.h),none,lot,,0,excluded,n/a,n/a,n/a,n/a,n/a,excluded,none,no,,,,
BOE-B-2025-29398#65,BOE-B-2025-29398,65,2025-08-12,5B,Patrimonio del Estado (DEH),Delegación Especial de Economía y Hacienda en Galicia-A Coruña,table,land,excluded,land: not a building (art. 2.h),none,lot,,0,excluded,n/a,n/a,n/a,n/a,n/a,excluded,none,no,,,,
BOE-B-2025-29398#66,BOE-B-2025-29398,66,2025-08-12,5B,Patrimonio del Estado (DEH),Delegación Especial de Economía y Hacienda en Galicia-A Coruña,table,land,excluded,land: not a building (art. 2.h),none,lot,,0,excluded,n/a,n/a,n/a,n/a,n/a,excluded,none,no,,,,
BOE-B-2025-29398#67,BOE-B-2025-29398,67,2025-08-12,5B,Patrimonio del Estado (DEH),Delegación Especial de Economía y Hacienda en Galicia-A Coruña,table,land,excluded,land: not a building (art. 2.h),none,lot,,0,excluded,n/a,n/a,n/a,n/a,n/a,excluded,none,no,,,,
BOE-B-2025-29398#68,BOE-B-2025-29398,68,2025-08-12,5B,Patrimonio del Estado (DEH),Delegación Especial de Economía y Hacienda en Galicia-A Coruña,table,land,excluded,land: not a building (art. 2.h),none,lot,,0,excluded,n/a,n/a,n/a,n/a,n/a,excluded,none,no,,,,
BOE-B-2025-29398#69,BOE-B-2025-29398,69,2025-08-12,5B,Patrimonio del Estado (DEH),Delegación Especial de Economía y Hacienda en Galicia-A Coruña,table,land,excluded,land: not a building (art. 2.h),none,lot,,0,excluded,n/a,n/a,n/a,n/a,n/a,excluded,none,no,,,,
BOE-B-2025-29398#7,BOE-B-2025-29398,7,2025-08-12,5B,Patrimonio del Estado (DEH),Delegación Especial de Economía y Hacienda en Galicia-A Coruña,table,land,excluded,land: not a building (art. 2.h),none,lot,,0,excluded,n/a,n/a,n/a,n/a,n/a,excluded,none,no,,,,
BOE-B-2025-29398#70,BOE-B-2025-29398,70,2025-08-12,5B,Patrimonio del Estado (DEH),Delegación Especial de Economía y Hacienda en Galicia-A Coruña,table,land,excluded,land: not a building (art. 2.h),none,lot,,0,excluded,n/a,n/a,n/a,n/a,n/a,excluded,none,no,,,,
BOE-B-2025-29398#71,BOE-B-2025-29398,71,2025-08-12,5B,Patrimonio del Estado (DEH),Delegación Especial de Economía y Hacienda en Galicia-A Coruña,table,land,excluded,land: not a building (art. 2.h),none,lot,,0,excluded,n/a,n/a,n/a,n/a,n/a,excluded,none,no,,,,
BOE-B-2025-29398#8,BOE-B-2025-29398,8,2025-08-12,5B,Patrimonio del Estado (DEH),Delegación Especial de Economía y Hacienda en Galicia-A Coruña,table,land,excluded,land: not a building (art. 2.h),none,lot,,0,excluded,n/a,n/a,n/a,n/a,n/a,excluded,none,no,,,,
BOE-B-2025-29398#9,BOE-B-2025-29398,9,2025-08-12,5B,Patrimonio del Estado (DEH),Delegación Especial de Economía y Hacienda en Galicia-A Coruña,table,land,excluded,land: not a building (art. 2.h),none,lot,,0,excluded,n/a,n/a,n/a,n/a,n/a,excluded,none,yes,R4,,none,land (rustic or unbuilt plot); confirmed
BOE-B-2025-30460#1,BOE-B-2025-30460,1,2025-08-25,5B,Patrimonio del Estado (DEH),Delegación de Economía y Hacienda en Segovia,table,land,excluded,land: not a building (art. 2.h),none,lot,,0,excluded,n/a,n/a,n/a,n/a,n/a,excluded,none,no,,,,
BOE-B-2025-30460#10,BOE-B-2025-30460,10,2025-08-25,5B,Patrimonio del Estado (DEH),Delegación de Economía y Hacienda en Segovia,table,land,excluded,land: not a building (art. 2.h),none,lot,,0,excluded,n/a,n/a,n/a,n/a,n/a,excluded,none,no,,,,
BOE-B-2025-30460#100,BOE-B-2025-30460,100,2025-08-25,5B,Patrimonio del Estado (DEH),Delegación de Economía y Hacienda en Segovia,table,land,excluded,land: not a building (art. 2.h),none,lot,,0,excluded,n/a,n/a,n/a,n/a,n/a,excluded,none,no,,,,
BOE-B-2025-30460#101,BOE-B-2025-30460,101,2025-08-25,5B,Patrimonio del Estado (DEH),Delegación de Economía y Hacienda en Segovia,table,land,excluded,land: not a building (art. 2.h),none,lot,,0,excluded,n/a,n/a,n/a,n/a,n/a,excluded,none,yes,R4,,none,land (rustic or unbuilt plot); confirmed
BOE-B-2025-30460#102,BOE-B-2025-30460,102,2025-08-25,5B,Patrimonio del Estado (DEH),Delegación de Economía y Hacienda en Segovia,table,land,excluded,land: not a building (art. 2.h),none,lot,,0,excluded,n/a,n/a,n/a,n/a,n/a,excluded,none,no,,,,
BOE-B-2025-30460#103,BOE-B-2025-30460,103,2025-08-25,5B,Patrimonio del Estado (DEH),Delegación de Economía y Hacienda en Segovia,table,land,excluded,land: not a building (art. 2.h),none,lot,,0,excluded,n/a,n/a,n/a,n/a,n/a,excluded,none,no,,,,
BOE-B-2025-30460#104,BOE-B-2025-30460,104,2025-08-25,5B,Patrimonio del Estado (DEH),Delegación de Economía y Hacienda en Segovia,table,land,excluded,land: not a building (art. 2.h),none,lot,,0,excluded,n/a,n/a,n/a,n/a,n/a,excluded,none,yes,R4,,none,land (rustic or unbuilt plot); confirmed
BOE-B-2025-30460#105,BOE-B-2025-30460,105,2025-08-25,5B,Patrimonio del Estado (DEH),Delegación de Economía y Hacienda en Segovia,table,land,excluded,land: not a building (art. 2.h),none,lot,,0,excluded,n/a,n/a,n/a,n/a,n/a,excluded,none,no,,,,
BOE-B-2025-30460#106,BOE-B-2025-30460,106,2025-08-25,5B,Patrimonio del Estado (DEH),Delegación de Economía y Hacienda en Segovia,table,land,excluded,land: not a building (art. 2.h),none,lot,,0,excluded,n/a,n/a,n/a,n/a,n/a,excluded,none,no,,,,
BOE-B-2025-30460#107,BOE-B-2025-30460,107,2025-08-25,5B,Patrimonio del Estado (DEH),Delegación de Economía y Hacienda en Segovia,table,land,excluded,land: not a building (art. 2.h),none,lot,,0,excluded,n/a,n/a,n/a,n/a,n/a,excluded,none,no,,,,
BOE-B-2025-30460#108,BOE-B-2025-30460,108,2025-08-25,5B,Patrimonio del Estado (DEH),Delegación de Economía y Hacienda en Segovia,table,land,excluded,land: not a building (art. 2.h),none,lot,,0,excluded,n/a,n/a,n/a,n/a,n/a,excluded,none,no,,,,
BOE-B-2025-30460#109,BOE-B-2025-30460,109,2025-08-25,5B,Patrimonio del Estado (DEH),Delegación de Economía y Hacienda en Segovia,table,land,excluded,land: not a building (art. 2.h),none,lot,,0,excluded,n/a,n/a,n/a,n/a,n/a,excluded,none,no,,,,
BOE-B-2025-30460#11,BOE-B-2025-30460,11,2025-08-25,5B,Patrimonio del Estado (DEH),Delegación de Economía y Hacienda en Segovia,table,land,excluded,land: not a building (art. 2.h),none,lot,,0,excluded,n/a,n/a,n/a,n/a,n/a,excluded,none,no,,,,
BOE-B-2025-30460#110,BOE-B-2025-30460,110,2025-08-25,5B,Patrimonio del Estado (DEH),Delegación de Economía y Hacienda en Segovia,table,land,excluded,land: not a building (art. 2.h),none,lot,,0,excluded,n/a,n/a,n/a,n/a,n/a,excluded,none,no,,,,
BOE-B-2025-30460#111,BOE-B-2025-30460,111,2025-08-25,5B,Patrimonio del Estado (DEH),Delegación de Economía y Hacienda en Segovia,table,land,excluded,land: not a building (art. 2.h),none,lot,,0,excluded,n/a,n/a,n/a,n/a,n/a,excluded,none,no,,,,
BOE-B-2025-30460#112,BOE-B-2025-30460,112,2025-08-25,5B,Patrimonio del Estado (DEH),Delegación de Economía y Hacienda en Segovia,table,land,excluded,land: not a building (art. 2.h),none,lot,,0,excluded,n/a,n/a,n/a,n/a,n/a,excluded,none,no,,,,
BOE-B-2025-30460#113,BOE-B-2025-30460,113,2025-08-25,5B,Patrimonio del Estado (DEH),Delegación de Economía y Hacienda en Segovia,table,land,excluded,land: not a building (art. 2.h),none,lot,,0,excluded,n/a,n/a,n/a,n/a,n/a,excluded,none,no,,,,
BOE-B-2025-30460#114,BOE-B-2025-30460,114,2025-08-25,5B,Patrimonio del Estado (DEH),Delegación de Economía y Hacienda en Segovia,table,land,excluded,land: not a building (art. 2.h),none,lot,,0,excluded,n/a,n/a,n/a,n/a,n/a,excluded,none,no,,,,
BOE-B-2025-30460#115,BOE-B-2025-30460,115,2025-08-25,5B,Patrimonio del Estado (DEH),Delegación de Economía y Hacienda en Segovia,table,land,excluded,land: not a building (art. 2.h),none,lot,,0,excluded,n/a,n/a,n/a,n/a,n/a,excluded,none,no,,,,
BOE-B-2025-30460#116,BOE-B-2025-30460,116,2025-08-25,5B,Patrimonio del Estado (DEH),Delegación de Economía y Hacienda en Segovia,table,land,excluded,land: not a building (art. 2.h),none,lot,,0,excluded,n/a,n/a,n/a,n/a,n/a,excluded,none,no,,,,
BOE-B-2025-30460#117,BOE-B-2025-30460,117,2025-08-25,5B,Patrimonio del Estado (DEH),Delegación de Economía y Hacienda en Segovia,table,land,excluded,land: not a building (art. 2.h),none,lot,,0,excluded,n/a,n/a,n/a,n/a,n/a,excluded,none,yes,R4,,none,land (rustic or unbuilt plot); confirmed
BOE-B-2025-30460#118,BOE-B-2025-30460,118,2025-08-25,5B,Patrimonio del Estado (DEH),Delegación de Economía y Hacienda en Segovia,table,land,excluded,land: not a building (art. 2.h),none,lot,,0,excluded,n/a,n/a,n/a,n/a,n/a,excluded,none,no,,,,
BOE-B-2025-30460#119,BOE-B-2025-30460,119,2025-08-25,5B,Patrimonio del Estado (DEH),Delegación de Economía y Hacienda en Segovia,table,land,excluded,land: not a building (art. 2.h),none,lot,,0,excluded,n/a,n/a,n/a,n/a,n/a,excluded,none,no,,,,
BOE-B-2025-30460#12,BOE-B-2025-30460,12,2025-08-25,5B,Patrimonio del Estado (DEH),Delegación de Economía y Hacienda en Segovia,table,land,excluded,land: not a building (art. 2.h),none,lot,,0,excluded,n/a,n/a,n/a,n/a,n/a,excluded,none,no,,,,
BOE-B-2025-30460#120,BOE-B-2025-30460,120,2025-08-25,5B,Patrimonio del Estado (DEH),Delegación de Economía y Hacienda en Segovia,table,land,excluded,land: not a building (art. 2.h),none,lot,,0,excluded,n/a,n/a,n/a,n/a,n/a,excluded,none,no,,,,
BOE-B-2025-30460#121,BOE-B-2025-30460,121,2025-08-25,5B,Patrimonio del Estado (DEH),Delegación de Economía y Hacienda en Segovia,table,land,excluded,land: not a building (art. 2.h),none,lot,,0,excluded,n/a,n/a,n/a,n/a,n/a,excluded,none,no,,,,
BOE-B-2025-30460#122,BOE-B-2025-30460,122,2025-08-25,5B,Patrimonio del Estado (DEH),Delegación de Economía y Hacienda en Segovia,table,land,excluded,land: not a building (art. 2.h),none,lot,,0,excluded,n/a,n/a,n/a,n/a,n/a,excluded,none,no,,,,
BOE-B-2025-30460#123,BOE-B-2025-30460,123,2025-08-25,5B,Patrimonio del Estado (DEH),Delegación de Economía y Hacienda en Segovia,table,land,excluded,land: not a building (art. 2.h),none,lot,,0,excluded,n/a,n/a,n/a,n/a,n/a,excluded,none,no,,,,
BOE-B-2025-30460#124,BOE-B-2025-30460,124,2025-08-25,5B,Patrimonio del Estado (DEH),Delegación de Economía y Hacienda en Segovia,table,land,excluded,land: not a building (art. 2.h),none,lot,,0,excluded,n/a,n/a,n/a,n/a,n/a,excluded,none,no,,,,
BOE-B-2025-30460#125,BOE-B-2025-30460,125,2025-08-25,5B,Patrimonio del Estado (DEH),Delegación de Economía y Hacienda en Segovia,table,land,excluded,land: not a building (art. 2.h),none,lot,,0,excluded,n/a,n/a,n/a,n/a,n/a,excluded,none,no,,,,
BOE-B-2025-30460#126,BOE-B-2025-30460,126,2025-08-25,5B,Patrimonio del Estado (DEH),Delegación de Economía y Hacienda en Segovia,table,land,excluded,land: not a building (art. 2.h),none,lot,,0,excluded,n/a,n/a,n/a,n/a,n/a,excluded,none,no,,,,
BOE-B-2025-30460#127,BOE-B-2025-30460,127,2025-08-25,5B,Patrimonio del Estado (DEH),Delegación de Economía y Hacienda en Segovia,table,land,excluded,land: not a building (art. 2.h),none,lot,,0,excluded,n/a,n/a,n/a,n/a,n/a,excluded,none,no,,,,
BOE-B-2025-30460#128,BOE-B-2025-30460,128,2025-08-25,5B,Patrimonio del Estado (DEH),Delegación de Economía y Hacienda en Segovia,table,land,excluded,land: not a building (art. 2.h),none,lot,,0,excluded,n/a,n/a,n/a,n/a,n/a,excluded,none,no,,,,
BOE-B-2025-30460#129,BOE-B-2025-30460,129,2025-08-25,5B,Patrimonio del Estado (DEH),Delegación de Economía y Hacienda en Segovia,table,land,excluded,land: not a building (art. 2.h),none,lot,,0,excluded,n/a,n/a,n/a,n/a,n/a,excluded,none,no,,,,
BOE-B-2025-30460#13,BOE-B-2025-30460,13,2025-08-25,5B,Patrimonio del Estado (DEH),Delegación de Economía y Hacienda en Segovia,table,land,excluded,land: not a building (art. 2.h),none,lot,,0,excluded,n/a,n/a,n/a,n/a,n/a,excluded,none,no,,,,
BOE-B-2025-30460#130,BOE-B-2025-30460,130,2025-08-25,5B,Patrimonio del Estado (DEH),Delegación de Economía y Hacienda en Segovia,table,land,excluded,land: not a building (art. 2.h),none,lot,,0,excluded,n/a,n/a,n/a,n/a,n/a,excluded,none,no,,,,
BOE-B-2025-30460#131,BOE-B-2025-30460,131,2025-08-25,5B,Patrimonio del Estado (DEH),Delegación de Economía y Hacienda en Segovia,table,land,excluded,land: not a building (art. 2.h),none,lot,,0,excluded,n/a,n/a,n/a,n/a,n/a,excluded,none,yes,R4,,none,land (rustic or unbuilt plot); confirmed
BOE-B-2025-30460#132,BOE-B-2025-30460,132,2025-08-25,5B,Patrimonio del Estado (DEH),Delegación de Economía y Hacienda en Segovia,table,land,excluded,land: not a building (art. 2.h),none,lot,,0,excluded,n/a,n/a,n/a,n/a,n/a,excluded,none,no,,,,
BOE-B-2025-30460#133,BOE-B-2025-30460,133,2025-08-25,5B,Patrimonio del Estado (DEH),Delegación de Economía y Hacienda en Segovia,table,land,excluded,land: not a building (art. 2.h),none,lot,,0,excluded,n/a,n/a,n/a,n/a,n/a,excluded,none,no,,,,
BOE-B-2025-30460#134,BOE-B-2025-30460,134,2025-08-25,5B,Patrimonio del Estado (DEH),Delegación de Economía y Hacienda en Segovia,table,land,excluded,land: not a building (art. 2.h),none,lot,,0,excluded,n/a,n/a,n/a,n/a,n/a,excluded,none,no,,,,
BOE-B-2025-30460#135,BOE-B-2025-30460,135,2025-08-25,5B,Patrimonio del Estado (DEH),Delegación de Economía y Hacienda en Segovia,table,land,excluded,land: not a building (art. 2.h),none,lot,,0,excluded,n/a,n/a,n/a,n/a,n/a,excluded,none,no,,,,
BOE-B-2025-30460#136,BOE-B-2025-30460,136,2025-08-25,5B,Patrimonio del Estado (DEH),Delegación de Economía y Hacienda en Segovia,table,land,excluded,land: not a building (art. 2.h),none,lot,,0,excluded,n/a,n/a,n/a,n/a,n/a,excluded,none,no,,,,
BOE-B-2025-30460#137,BOE-B-2025-30460,137,2025-08-25,5B,Patrimonio del Estado (DEH),Delegación de Economía y Hacienda en Segovia,table,land,excluded,land: not a building (art. 2.h),none,lot,,0,excluded,n/a,n/a,n/a,n/a,n/a,excluded,none,no,,,,
BOE-B-2025-30460#14,BOE-B-2025-30460,14,2025-08-25,5B,Patrimonio del Estado (DEH),Delegación de Economía y Hacienda en Segovia,table,land,excluded,land: not a building (art. 2.h),none,lot,,0,excluded,n/a,n/a,n/a,n/a,n/a,excluded,none,no,,,,
BOE-B-2025-30460#141,BOE-B-2025-30460,141,2025-08-25,5B,Patrimonio del Estado (DEH),Delegación de Economía y Hacienda en Segovia,table,land,excluded,land: not a building (art. 2.h),none,lot,,0,excluded,n/a,n/a,n/a,n/a,n/a,excluded,none,no,,,,
BOE-B-2025-30460#142,BOE-B-2025-30460,142,2025-08-25,5B,Patrimonio del Estado (DEH),Delegación de Economía y Hacienda en Segovia,table,land,excluded,land: not a building (art. 2.h),none,lot,,0,excluded,n/a,n/a,n/a,n/a,n/a,excluded,none,no,,,,
BOE-B-2025-30460#143,BOE-B-2025-30460,143,2025-08-25,5B,Patrimonio del Estado (DEH),Delegación de Economía y Hacienda en Segovia,table,land,excluded,land: not a building (art. 2.h),none,lot,,0,excluded,n/a,n/a,n/a,n/a,n/a,excluded,none,no,,,,
BOE-B-2025-30460#144,BOE-B-2025-30460,144,2025-08-25,5B,Patrimonio del Estado (DEH),Delegación de Economía y Hacienda en Segovia,table,land,excluded,land: not a building (art. 2.h),none,lot,,0,excluded,n/a,n/a,n/a,n/a,n/a,excluded,none,no,,,,
BOE-B-2025-30460#145,BOE-B-2025-30460,145,2025-08-25,5B,Patrimonio del Estado (DEH),Delegación de Economía y Hacienda en Segovia,table,land,excluded,land: not a building (art. 2.h),none,lot,,0,excluded,n/a,n/a,n/a,n/a,n/a,excluded,none,no,,,,
BOE-B-2025-30460#146,BOE-B-2025-30460,146,2025-08-25,5B,Patrimonio del Estado (DEH),Delegación de Economía y Hacienda en Segovia,table,land,excluded,land: not a building (art. 2.h),none,lot,,0,excluded,n/a,n/a,n/a,n/a,n/a,excluded,none,no,,,,
BOE-B-2025-30460#147,BOE-B-2025-30460,147,2025-08-25,5B,Patrimonio del Estado (DEH),Delegación de Economía y Hacienda en Segovia,table,land,excluded,land: not a building (art. 2.h),none,lot,,0,excluded,n/a,n/a,n/a,n/a,n/a,excluded,none,no,,,,
BOE-B-2025-30460#148,BOE-B-2025-30460,148,2025-08-25,5B,Patrimonio del Estado (DEH),Delegación de Economía y Hacienda en Segovia,table,land,excluded,land: not a building (art. 2.h),none,lot,,0,excluded,n/a,n/a,n/a,n/a,n/a,excluded,none,no,,,,
BOE-B-2025-30460#149,BOE-B-2025-30460,149,2025-08-25,5B,Patrimonio del Estado (DEH),Delegación de Economía y Hacienda en Segovia,table,land,excluded,land: not a building (art. 2.h),none,lot,,0,excluded,n/a,n/a,n/a,n/a,n/a,excluded,none,no,,,,
BOE-B-2025-30460#15,BOE-B-2025-30460,15,2025-08-25,5B,Patrimonio del Estado (DEH),Delegación de Economía y Hacienda en Segovia,table,land,excluded,land: not a building (art. 2.h),none,lot,,0,excluded,n/a,n/a,n/a,n/a,n/a,excluded,none,no,,,,
BOE-B-2025-30460#150,BOE-B-2025-30460,150,2025-08-25,5B,Patrimonio del Estado (DEH),Delegación de Economía y Hacienda en Segovia,table,land,excluded,land: not a building (art. 2.h),none,lot,,0,excluded,n/a,n/a,n/a,n/a,n/a,excluded,none,no,,,,
BOE-B-2025-30460#16,BOE-B-2025-30460,16,2025-08-25,5B,Patrimonio del Estado (DEH),Delegación de Economía y Hacienda en Segovia,table,land,excluded,land: not a building (art. 2.h),none,lot,,0,excluded,n/a,n/a,n/a,n/a,n/a,excluded,none,no,,,,
BOE-B-2025-30460#17,BOE-B-2025-30460,17,2025-08-25,5B,Patrimonio del Estado (DEH),Delegación de Economía y Hacienda en Segovia,table,land,excluded,land: not a building (art. 2.h),none,lot,,0,excluded,n/a,n/a,n/a,n/a,n/a,excluded,none,no,,,,
BOE-B-2025-30460#18,BOE-B-2025-30460,18,2025-08-25,5B,Patrimonio del Estado (DEH),Delegación de Economía y Hacienda en Segovia,table,land,excluded,land: not a building (art. 2.h),none,lot,,0,excluded,n/a,n/a,n/a,n/a,n/a,excluded,none,no,,,,
BOE-B-2025-30460#19,BOE-B-2025-30460,19,2025-08-25,5B,Patrimonio del Estado (DEH),Delegación de Economía y Hacienda en Segovia,table,land,excluded,land: not a building (art. 2.h),none,lot,,0,excluded,n/a,n/a,n/a,n/a,n/a,excluded,none,no,,,,
BOE-B-2025-30460#2,BOE-B-2025-30460,2,2025-08-25,5B,Patrimonio del Estado (DEH),Delegación de Economía y Hacienda en Segovia,table,land,excluded,land: not a building (art. 2.h),none,lot,,0,excluded,n/a,n/a,n/a,n/a,n/a,excluded,none,no,,,,
BOE-B-2025-30460#20,BOE-B-2025-30460,20,2025-08-25,5B,Patrimonio del Estado (DEH),Delegación de Economía y Hacienda en Segovia,table,land,excluded,land: not a building (art. 2.h),none,lot,,0,excluded,n/a,n/a,n/a,n/a,n/a,excluded,none,no,,,,
BOE-B-2025-30460#21,BOE-B-2025-30460,21,2025-08-25,5B,Patrimonio del Estado (DEH),Delegación de Economía y Hacienda en Segovia,table,land,excluded,land: not a building (art. 2.h),none,lot,,0,excluded,n/a,n/a,n/a,n/a,n/a,excluded,none,no,,,,
BOE-B-2025-30460#22,BOE-B-2025-30460,22,2025-08-25,5B,Patrimonio del Estado (DEH),Delegación de Economía y Hacienda en Segovia,table,land,excluded,land: not a building (art. 2.h),none,lot,,0,excluded,n/a,n/a,n/a,n/a,n/a,excluded,none,no,,,,
BOE-B-2025-30460#23,BOE-B-2025-30460,23,2025-08-25,5B,Patrimonio del Estado (DEH),Delegación de Economía y Hacienda en Segovia,table,land,excluded,land: not a building (art. 2.h),none,lot,,0,excluded,n/a,n/a,n/a,n/a,n/a,excluded,none,no,,,,
BOE-B-2025-30460#24,BOE-B-2025-30460,24,2025-08-25,5B,Patrimonio del Estado (DEH),Delegación de Economía y Hacienda en Segovia,table,land,excluded,land: not a building (art. 2.h),none,lot,,0,excluded,n/a,n/a,n/a,n/a,n/a,excluded,none,no,,,,
BOE-B-2025-30460#25,BOE-B-2025-30460,25,2025-08-25,5B,Patrimonio del Estado (DEH),Delegación de Economía y Hacienda en Segovia,table,land,excluded,land: not a building (art. 2.h),none,lot,,0,excluded,n/a,n/a,n/a,n/a,n/a,excluded,none,no,,,,
BOE-B-2025-30460#26,BOE-B-2025-30460,26,2025-08-25,5B,Patrimonio del Estado (DEH),Delegación de Economía y Hacienda en Segovia,table,land,excluded,land: not a building (art. 2.h),none,lot,,0,excluded,n/a,n/a,n/a,n/a,n/a,excluded,none,no,,,,
BOE-B-2025-30460#27,BOE-B-2025-30460,27,2025-08-25,5B,Patrimonio del Estado (DEH),Delegación de Economía y Hacienda en Segovia,table,land,excluded,land: not a building (art. 2.h),none,lot,,0,excluded,n/a,n/a,n/a,n/a,n/a,excluded,none,no,,,,
BOE-B-2025-30460#28,BOE-B-2025-30460,28,2025-08-25,5B,Patrimonio del Estado (DEH),Delegación de Economía y Hacienda en Segovia,table,land,excluded,land: not a building (art. 2.h),none,lot,,0,excluded,n/a,n/a,n/a,n/a,n/a,excluded,none,no,,,,
BOE-B-2025-30460#29,BOE-B-2025-30460,29,2025-08-25,5B,Patrimonio del Estado (DEH),Delegación de Economía y Hacienda en Segovia,table,land,excluded,land: not a building (art. 2.h),none,lot,,0,excluded,n/a,n/a,n/a,n/a,n/a,excluded,none,no,,,,
BOE-B-2025-30460#3,BOE-B-2025-30460,3,2025-08-25,5B,Patrimonio del Estado (DEH),Delegación de Economía y Hacienda en Segovia,table,land,excluded,land: not a building (art. 2.h),none,lot,,0,excluded,n/a,n/a,n/a,n/a,n/a,excluded,none,no,,,,
BOE-B-2025-30460#30,BOE-B-2025-30460,30,2025-08-25,5B,Patrimonio del Estado (DEH),Delegación de Economía y Hacienda en Segovia,table,land,excluded,land: not a building (art. 2.h),none,lot,,0,excluded,n/a,n/a,n/a,n/a,n/a,excluded,none,no,,,,
BOE-B-2025-30460#31,BOE-B-2025-30460,31,2025-08-25,5B,Patrimonio del Estado (DEH),Delegación de Economía y Hacienda en Segovia,table,land,excluded,land: not a building (art. 2.h),none,lot,,0,excluded,n/a,n/a,n/a,n/a,n/a,excluded,none,no,,,,
BOE-B-2025-30460#32,BOE-B-2025-30460,32,2025-08-25,5B,Patrimonio del Estado (DEH),Delegación de Economía y Hacienda en Segovia,table,land,excluded,land: not a building (art. 2.h),none,lot,,0,excluded,n/a,n/a,n/a,n/a,n/a,excluded,none,no,,,,
BOE-B-2025-30460#33,BOE-B-2025-30460,33,2025-08-25,5B,Patrimonio del Estado (DEH),Delegación de Economía y Hacienda en Segovia,table,land,excluded,land: not a building (art. 2.h),none,lot,,0,excluded,n/a,n/a,n/a,n/a,n/a,excluded,none,no,,,,
BOE-B-2025-30460#34,BOE-B-2025-30460,34,2025-08-25,5B,Patrimonio del Estado (DEH),Delegación de Economía y Hacienda en Segovia,table,land,excluded,land: not a building (art. 2.h),none,lot,,0,excluded,n/a,n/a,n/a,n/a,n/a,excluded,none,no,,,,
BOE-B-2025-30460#35,BOE-B-2025-30460,35,2025-08-25,5B,Patrimonio del Estado (DEH),Delegación de Economía y Hacienda en Segovia,table,land,excluded,land: not a building (art. 2.h),none,lot,,0,excluded,n/a,n/a,n/a,n/a,n/a,excluded,none,no,,,,
BOE-B-2025-30460#36,BOE-B-2025-30460,36,2025-08-25,5B,Patrimonio del Estado (DEH),Delegación de Economía y Hacienda en Segovia,table,land,excluded,land: not a building (art. 2.h),none,lot,,0,excluded,n/a,n/a,n/a,n/a,n/a,excluded,none,no,,,,
BOE-B-2025-30460#37,BOE-B-2025-30460,37,2025-08-25,5B,Patrimonio del Estado (DEH),Delegación de Economía y Hacienda en Segovia,table,land,excluded,land: not a building (art. 2.h),none,lot,,0,excluded,n/a,n/a,n/a,n/a,n/a,excluded,none,no,,,,
BOE-B-2025-30460#38,BOE-B-2025-30460,38,2025-08-25,5B,Patrimonio del Estado (DEH),Delegación de Economía y Hacienda en Segovia,table,land,excluded,land: not a building (art. 2.h),none,lot,,0,excluded,n/a,n/a,n/a,n/a,n/a,excluded,none,no,,,,
BOE-B-2025-30460#39,BOE-B-2025-30460,39,2025-08-25,5B,Patrimonio del Estado (DEH),Delegación de Economía y Hacienda en Segovia,table,land,excluded,land: not a building (art. 2.h),none,lot,,0,excluded,n/a,n/a,n/a,n/a,n/a,excluded,none,no,,,,
BOE-B-2025-30460#4,BOE-B-2025-30460,4,2025-08-25,5B,Patrimonio del Estado (DEH),Delegación de Economía y Hacienda en Segovia,table,land,excluded,land: not a building (art. 2.h),none,lot,,0,excluded,n/a,n/a,n/a,n/a,n/a,excluded,none,no,,,,
BOE-B-2025-30460#40,BOE-B-2025-30460,40,2025-08-25,5B,Patrimonio del Estado (DEH),Delegación de Economía y Hacienda en Segovia,table,land,excluded,land: not a building (art. 2.h),none,lot,,0,excluded,n/a,n/a,n/a,n/a,n/a,excluded,none,no,,,,
BOE-B-2025-30460#41,BOE-B-2025-30460,41,2025-08-25,5B,Patrimonio del Estado (DEH),Delegación de Economía y Hacienda en Segovia,table,land,excluded,land: not a building (art. 2.h),none,lot,,0,excluded,n/a,n/a,n/a,n/a,n/a,excluded,none,no,,,,
BOE-B-2025-30460#42,BOE-B-2025-30460,42,2025-08-25,5B,Patrimonio del Estado (DEH),Delegación de Economía y Hacienda en Segovia,table,land,excluded,land: not a building (art. 2.h),none,lot,,0,excluded,n/a,n/a,n/a,n/a,n/a,excluded,none,no,,,,
BOE-B-2025-30460#43,BOE-B-2025-30460,43,2025-08-25,5B,Patrimonio del Estado (DEH),Delegación de Economía y Hacienda en Segovia,table,land,excluded,land: not a building (art. 2.h),none,lot,,0,excluded,n/a,n/a,n/a,n/a,n/a,excluded,none,no,,,,
BOE-B-2025-30460#44,BOE-B-2025-30460,44,2025-08-25,5B,Patrimonio del Estado (DEH),Delegación de Economía y Hacienda en Segovia,table,land,excluded,land: not a building (art. 2.h),none,lot,,0,excluded,n/a,n/a,n/a,n/a,n/a,excluded,none,no,,,,
BOE-B-2025-30460#45,BOE-B-2025-30460,45,2025-08-25,5B,Patrimonio del Estado (DEH),Delegación de Economía y Hacienda en Segovia,table,land,excluded,land: not a building (art. 2.h),none,lot,,0,excluded,n/a,n/a,n/a,n/a,n/a,excluded,none,no,,,,
BOE-B-2025-30460#46,BOE-B-2025-30460,46,2025-08-25,5B,Patrimonio del Estado (DEH),Delegación de Economía y Hacienda en Segovia,table,land,excluded,land: not a building (art. 2.h),none,lot,,0,excluded,n/a,n/a,n/a,n/a,n/a,excluded,none,no,,,,
BOE-B-2025-30460#47,BOE-B-2025-30460,47,2025-08-25,5B,Patrimonio del Estado (DEH),Delegación de Economía y Hacienda en Segovia,table,land,excluded,land: not a building (art. 2.h),none,lot,,0,excluded,n/a,n/a,n/a,n/a,n/a,excluded,none,no,,,,
BOE-B-2025-30460#48,BOE-B-2025-30460,48,2025-08-25,5B,Patrimonio del Estado (DEH),Delegación de Economía y Hacienda en Segovia,table,land,excluded,land: not a building (art. 2.h),none,lot,,0,excluded,n/a,n/a,n/a,n/a,n/a,excluded,none,no,,,,
BOE-B-2025-30460#49,BOE-B-2025-30460,49,2025-08-25,5B,Patrimonio del Estado (DEH),Delegación de Economía y Hacienda en Segovia,table,land,excluded,land: not a building (art. 2.h),none,lot,,0,excluded,n/a,n/a,n/a,n/a,n/a,excluded,none,no,,,,
BOE-B-2025-30460#5,BOE-B-2025-30460,5,2025-08-25,5B,Patrimonio del Estado (DEH),Delegación de Economía y Hacienda en Segovia,table,land,excluded,land: not a building (art. 2.h),none,lot,,0,excluded,n/a,n/a,n/a,n/a,n/a,excluded,none,no,,,,
BOE-B-2025-30460#50,BOE-B-2025-30460,50,2025-08-25,5B,Patrimonio del Estado (DEH),Delegación de Economía y Hacienda en Segovia,table,land,excluded,land: not a building (art. 2.h),none,lot,,0,excluded,n/a,n/a,n/a,n/a,n/a,excluded,none,no,,,,
BOE-B-2025-30460#51,BOE-B-2025-30460,51,2025-08-25,5B,Patrimonio del Estado (DEH),Delegación de Economía y Hacienda en Segovia,table,land,excluded,land: not a building (art. 2.h),none,lot,,0,excluded,n/a,n/a,n/a,n/a,n/a,excluded,none,no,,,,
BOE-B-2025-30460#52,BOE-B-2025-30460,52,2025-08-25,5B,Patrimonio del Estado (DEH),Delegación de Economía y Hacienda en Segovia,table,land,excluded,land: not a building (art. 2.h),none,lot,,0,excluded,n/a,n/a,n/a,n/a,n/a,excluded,none,no,,,,
BOE-B-2025-30460#53,BOE-B-2025-30460,53,2025-08-25,5B,Patrimonio del Estado (DEH),Delegación de Economía y Hacienda en Segovia,table,land,excluded,land: not a building (art. 2.h),none,lot,,0,excluded,n/a,n/a,n/a,n/a,n/a,excluded,none,no,,,,
BOE-B-2025-30460#54,BOE-B-2025-30460,54,2025-08-25,5B,Patrimonio del Estado (DEH),Delegación de Economía y Hacienda en Segovia,table,land,excluded,land: not a building (art. 2.h),none,lot,,0,excluded,n/a,n/a,n/a,n/a,n/a,excluded,none,no,,,,
BOE-B-2025-30460#55,BOE-B-2025-30460,55,2025-08-25,5B,Patrimonio del Estado (DEH),Delegación de Economía y Hacienda en Segovia,table,land,excluded,land: not a building (art. 2.h),none,lot,,0,excluded,n/a,n/a,n/a,n/a,n/a,excluded,none,yes,R4,,none,land (rustic or unbuilt plot); confirmed
BOE-B-2025-30460#56,BOE-B-2025-30460,56,2025-08-25,5B,Patrimonio del Estado (DEH),Delegación de Economía y Hacienda en Segovia,table,land,excluded,land: not a building (art. 2.h),none,lot,,0,excluded,n/a,n/a,n/a,n/a,n/a,excluded,none,no,,,,
BOE-B-2025-30460#57,BOE-B-2025-30460,57,2025-08-25,5B,Patrimonio del Estado (DEH),Delegación de Economía y Hacienda en Segovia,table,land,excluded,land: not a building (art. 2.h),none,lot,,0,excluded,n/a,n/a,n/a,n/a,n/a,excluded,none,no,,,,
BOE-B-2025-30460#58,BOE-B-2025-30460,58,2025-08-25,5B,Patrimonio del Estado (DEH),Delegación de Economía y Hacienda en Segovia,table,land,excluded,land: not a building (art. 2.h),none,lot,,0,excluded,n/a,n/a,n/a,n/a,n/a,excluded,none,no,,,,
BOE-B-2025-30460#59,BOE-B-2025-30460,59,2025-08-25,5B,Patrimonio del Estado (DEH),Delegación de Economía y Hacienda en Segovia,table,land,excluded,land: not a building (art. 2.h),none,lot,,0,excluded,n/a,n/a,n/a,n/a,n/a,excluded,none,no,,,,
BOE-B-2025-30460#6,BOE-B-2025-30460,6,2025-08-25,5B,Patrimonio del Estado (DEH),Delegación de Economía y Hacienda en Segovia,table,land,excluded,land: not a building (art. 2.h),none,lot,,0,excluded,n/a,n/a,n/a,n/a,n/a,excluded,none,no,,,,
BOE-B-2025-30460#60,BOE-B-2025-30460,60,2025-08-25,5B,Patrimonio del Estado (DEH),Delegación de Economía y Hacienda en Segovia,table,land,excluded,land: not a building (art. 2.h),none,lot,,0,excluded,n/a,n/a,n/a,n/a,n/a,excluded,none,no,,,,
BOE-B-2025-30460#61,BOE-B-2025-30460,61,2025-08-25,5B,Patrimonio del Estado (DEH),Delegación de Economía y Hacienda en Segovia,table,land,excluded,land: not a building (art. 2.h),none,lot,,0,excluded,n/a,n/a,n/a,n/a,n/a,excluded,none,no,,,,
BOE-B-2025-30460#62,BOE-B-2025-30460,62,2025-08-25,5B,Patrimonio del Estado (DEH),Delegación de Economía y Hacienda en Segovia,table,land,excluded,land: not a building (art. 2.h),none,lot,,0,excluded,n/a,n/a,n/a,n/a,n/a,excluded,none,no,,,,
BOE-B-2025-30460#63,BOE-B-2025-30460,63,2025-08-25,5B,Patrimonio del Estado (DEH),Delegación de Economía y Hacienda en Segovia,table,land,excluded,land: not a building (art. 2.h),none,lot,,0,excluded,n/a,n/a,n/a,n/a,n/a,excluded,none,no,,,,
BOE-B-2025-30460#64,BOE-B-2025-30460,64,2025-08-25,5B,Patrimonio del Estado (DEH),Delegación de Economía y Hacienda en Segovia,table,land,excluded,land: not a building (art. 2.h),none,lot,,0,excluded,n/a,n/a,n/a,n/a,n/a,excluded,none,no,,,,
BOE-B-2025-30460#65,BOE-B-2025-30460,65,2025-08-25,5B,Patrimonio del Estado (DEH),Delegación de Economía y Hacienda en Segovia,table,land,excluded,land: not a building (art. 2.h),none,lot,,0,excluded,n/a,n/a,n/a,n/a,n/a,excluded,none,no,,,,
BOE-B-2025-30460#66,BOE-B-2025-30460,66,2025-08-25,5B,Patrimonio del Estado (DEH),Delegación de Economía y Hacienda en Segovia,table,land,excluded,land: not a building (art. 2.h),none,lot,,0,excluded,n/a,n/a,n/a,n/a,n/a,excluded,none,no,,,,
BOE-B-2025-30460#67,BOE-B-2025-30460,67,2025-08-25,5B,Patrimonio del Estado (DEH),Delegación de Economía y Hacienda en Segovia,table,land,excluded,land: not a building (art. 2.h),none,lot,,0,excluded,n/a,n/a,n/a,n/a,n/a,excluded,none,no,,,,
BOE-B-2025-30460#68,BOE-B-2025-30460,68,2025-08-25,5B,Patrimonio del Estado (DEH),Delegación de Economía y Hacienda en Segovia,table,land,excluded,land: not a building (art. 2.h),none,lot,,0,excluded,n/a,n/a,n/a,n/a,n/a,excluded,none,no,,,,
BOE-B-2025-30460#69,BOE-B-2025-30460,69,2025-08-25,5B,Patrimonio del Estado (DEH),Delegación de Economía y Hacienda en Segovia,table,land,excluded,land: not a building (art. 2.h),none,lot,,0,excluded,n/a,n/a,n/a,n/a,n/a,excluded,none,no,,,,
BOE-B-2025-30460#7,BOE-B-2025-30460,7,2025-08-25,5B,Patrimonio del Estado (DEH),Delegación de Economía y Hacienda en Segovia,table,land,excluded,land: not a building (art. 2.h),none,lot,,0,excluded,n/a,n/a,n/a,n/a,n/a,excluded,none,no,,,,
BOE-B-2025-30460#70,BOE-B-2025-30460,70,2025-08-25,5B,Patrimonio del Estado (DEH),Delegación de Economía y Hacienda en Segovia,table,land,excluded,land: not a building (art. 2.h),none,lot,,0,excluded,n/a,n/a,n/a,n/a,n/a,excluded,none,no,,,,
BOE-B-2025-30460#71,BOE-B-2025-30460,71,2025-08-25,5B,Patrimonio del Estado (DEH),Delegación de Economía y Hacienda en Segovia,table,land,excluded,land: not a building (art. 2.h),none,lot,,0,excluded,n/a,n/a,n/a,n/a,n/a,excluded,none,no,,,,
BOE-B-2025-30460#72,BOE-B-2025-30460,72,2025-08-25,5B,Patrimonio del Estado (DEH),Delegación de Economía y Hacienda en Segovia,table,land,excluded,land: not a building (art. 2.h),none,lot,,0,excluded,n/a,n/a,n/a,n/a,n/a,excluded,none,no,,,,
BOE-B-2025-30460#73,BOE-B-2025-30460,73,2025-08-25,5B,Patrimonio del Estado (DEH),Delegación de Economía y Hacienda en Segovia,table,land,excluded,land: not a building (art. 2.h),none,lot,,0,excluded,n/a,n/a,n/a,n/a,n/a,excluded,none,no,,,,
BOE-B-2025-30460#74,BOE-B-2025-30460,74,2025-08-25,5B,Patrimonio del Estado (DEH),Delegación de Economía y Hacienda en Segovia,table,land,excluded,land: not a building (art. 2.h),none,lot,,0,excluded,n/a,n/a,n/a,n/a,n/a,excluded,none,no,,,,
BOE-B-2025-30460#75,BOE-B-2025-30460,75,2025-08-25,5B,Patrimonio del Estado (DEH),Delegación de Economía y Hacienda en Segovia,table,land,excluded,land: not a building (art. 2.h),none,lot,,0,excluded,n/a,n/a,n/a,n/a,n/a,excluded,none,no,,,,
BOE-B-2025-30460#76,BOE-B-2025-30460,76,2025-08-25,5B,Patrimonio del Estado (DEH),Delegación de Economía y Hacienda en Segovia,table,land,excluded,land: not a building (art. 2.h),none,lot,,0,excluded,n/a,n/a,n/a,n/a,n/a,excluded,none,no,,,,
BOE-B-2025-30460#77,BOE-B-2025-30460,77,2025-08-25,5B,Patrimonio del Estado (DEH),Delegación de Economía y Hacienda en Segovia,table,land,excluded,land: not a building (art. 2.h),none,lot,,0,excluded,n/a,n/a,n/a,n/a,n/a,excluded,none,no,,,,
BOE-B-2025-30460#78,BOE-B-2025-30460,78,2025-08-25,5B,Patrimonio del Estado (DEH),Delegación de Economía y Hacienda en Segovia,table,land,excluded,land: not a building (art. 2.h),none,lot,,0,excluded,n/a,n/a,n/a,n/a,n/a,excluded,none,no,,,,
BOE-B-2025-30460#79,BOE-B-2025-30460,79,2025-08-25,5B,Patrimonio del Estado (DEH),Delegación de Economía y Hacienda en Segovia,table,land,excluded,land: not a building (art. 2.h),none,lot,,0,excluded,n/a,n/a,n/a,n/a,n/a,excluded,none,no,,,,
BOE-B-2025-30460#8,BOE-B-2025-30460,8,2025-08-25,5B,Patrimonio del Estado (DEH),Delegación de Economía y Hacienda en Segovia,table,land,excluded,land: not a building (art. 2.h),none,lot,,0,excluded,n/a,n/a,n/a,n/a,n/a,excluded,none,no,,,,
BOE-B-2025-30460#80,BOE-B-2025-30460,80,2025-08-25,5B,Patrimonio del Estado (DEH),Delegación de Economía y Hacienda en Segovia,table,land,excluded,land: not a building (art. 2.h),none,lot,,0,excluded,n/a,n/a,n/a,n/a,n/a,excluded,none,no,,,,
BOE-B-2025-30460#81,BOE-B-2025-30460,81,2025-08-25,5B,Patrimonio del Estado (DEH),Delegación de Economía y Hacienda en Segovia,table,land,excluded,land: not a building (art. 2.h),none,lot,,0,excluded,n/a,n/a,n/a,n/a,n/a,excluded,none,no,,,,
BOE-B-2025-30460#82,BOE-B-2025-30460,82,2025-08-25,5B,Patrimonio del Estado (DEH),Delegación de Economía y Hacienda en Segovia,table,land,excluded,land: not a building (art. 2.h),none,lot,,0,excluded,n/a,n/a,n/a,n/a,n/a,excluded,none,no,,,,
BOE-B-2025-30460#83,BOE-B-2025-30460,83,2025-08-25,5B,Patrimonio del Estado (DEH),Delegación de Economía y Hacienda en Segovia,table,land,excluded,land: not a building (art. 2.h),none,lot,,0,excluded,n/a,n/a,n/a,n/a,n/a,excluded,none,no,,,,
BOE-B-2025-30460#84,BOE-B-2025-30460,84,2025-08-25,5B,Patrimonio del Estado (DEH),Delegación de Economía y Hacienda en Segovia,table,land,excluded,land: not a building (art. 2.h),none,lot,,0,excluded,n/a,n/a,n/a,n/a,n/a,excluded,none,no,,,,
BOE-B-2025-30460#85,BOE-B-2025-30460,85,2025-08-25,5B,Patrimonio del Estado (DEH),Delegación de Economía y Hacienda en Segovia,table,land,excluded,land: not a building (art. 2.h),none,lot,,0,excluded,n/a,n/a,n/a,n/a,n/a,excluded,none,no,,,,
BOE-B-2025-30460#86,BOE-B-2025-30460,86,2025-08-25,5B,Patrimonio del Estado (DEH),Delegación de Economía y Hacienda en Segovia,table,land,excluded,land: not a building (art. 2.h),none,lot,,0,excluded,n/a,n/a,n/a,n/a,n/a,excluded,none,no,,,,
BOE-B-2025-30460#87,BOE-B-2025-30460,87,2025-08-25,5B,Patrimonio del Estado (DEH),Delegación de Economía y Hacienda en Segovia,table,land,excluded,land: not a building (art. 2.h),none,lot,,0,excluded,n/a,n/a,n/a,n/a,n/a,excluded,none,no,,,,
BOE-B-2025-30460#88,BOE-B-2025-30460,88,2025-08-25,5B,Patrimonio del Estado (DEH),Delegación de Economía y Hacienda en Segovia,table,land,excluded,land: not a building (art. 2.h),none,lot,,0,excluded,n/a,n/a,n/a,n/a,n/a,excluded,none,no,,,,
BOE-B-2025-30460#89,BOE-B-2025-30460,89,2025-08-25,5B,Patrimonio del Estado (DEH),Delegación de Economía y Hacienda en Segovia,table,land,excluded,land: not a building (art. 2.h),none,lot,,0,excluded,n/a,n/a,n/a,n/a,n/a,excluded,none,no,,,,
BOE-B-2025-30460#9,BOE-B-2025-30460,9,2025-08-25,5B,Patrimonio del Estado (DEH),Delegación de Economía y Hacienda en Segovia,table,land,excluded,land: not a building (art. 2.h),none,lot,,0,excluded,n/a,n/a,n/a,n/a,n/a,excluded,none,no,,,,
BOE-B-2025-30460#90,BOE-B-2025-30460,90,2025-08-25,5B,Patrimonio del Estado (DEH),Delegación de Economía y Hacienda en Segovia,table,land,excluded,land: not a building (art. 2.h),none,lot,,0,excluded,n/a,n/a,n/a,n/a,n/a,excluded,none,no,,,,
BOE-B-2025-30460#91,BOE-B-2025-30460,91,2025-08-25,5B,Patrimonio del Estado (DEH),Delegación de Economía y Hacienda en Segovia,table,land,excluded,land: not a building (art. 2.h),none,lot,,0,excluded,n/a,n/a,n/a,n/a,n/a,excluded,none,no,,,,
BOE-B-2025-30460#92,BOE-B-2025-30460,92,2025-08-25,5B,Patrimonio del Estado (DEH),Delegación de Economía y Hacienda en Segovia,table,land,excluded,land: not a building (art. 2.h),none,lot,,0,excluded,n/a,n/a,n/a,n/a,n/a,excluded,none,no,,,,
BOE-B-2025-30460#93,BOE-B-2025-30460,93,2025-08-25,5B,Patrimonio del Estado (DEH),Delegación de Economía y Hacienda en Segovia,table,land,excluded,land: not a building (art. 2.h),none,lot,,0,excluded,n/a,n/a,n/a,n/a,n/a,excluded,none,no,,,,
BOE-B-2025-30460#94,BOE-B-2025-30460,94,2025-08-25,5B,Patrimonio del Estado (DEH),Delegación de Economía y Hacienda en Segovia,table,land,excluded,land: not a building (art. 2.h),none,lot,,0,excluded,n/a,n/a,n/a,n/a,n/a,excluded,none,no,,,,
BOE-B-2025-30460#95,BOE-B-2025-30460,95,2025-08-25,5B,Patrimonio del Estado (DEH),Delegación de Economía y Hacienda en Segovia,table,land,excluded,land: not a building (art. 2.h),none,lot,,0,excluded,n/a,n/a,n/a,n/a,n/a,excluded,none,no,,,,
BOE-B-2025-30460#96,BOE-B-2025-30460,96,2025-08-25,5B,Patrimonio del Estado (DEH),Delegación de Economía y Hacienda en Segovia,table,land,excluded,land: not a building (art. 2.h),none,lot,,0,excluded,n/a,n/a,n/a,n/a,n/a,excluded,none,no,,,,
BOE-B-2025-30460#97,BOE-B-2025-30460,97,2025-08-25,5B,Patrimonio del Estado (DEH),Delegación de Economía y Hacienda en Segovia,table,land,excluded,land: not a building (art. 2.h),none,lot,,0,excluded,n/a,n/a,n/a,n/a,n/a,excluded,none,no,,,,
BOE-B-2025-30460#98,BOE-B-2025-30460,98,2025-08-25,5B,Patrimonio del Estado (DEH),Delegación de Economía y Hacienda en Segovia,table,land,excluded,land: not a building (art. 2.h),none,lot,,0,excluded,n/a,n/a,n/a,n/a,n/a,excluded,none,no,,,,
BOE-B-2025-30460#99,BOE-B-2025-30460,99,2025-08-25,5B,Patrimonio del Estado (DEH),Delegación de Economía y Hacienda en Segovia,table,land,excluded,land: not a building (art. 2.h),none,lot,,0,excluded,n/a,n/a,n/a,n/a,n/a,excluded,none,no,,,,
BOE-B-2025-30592#1,BOE-B-2025-30592,1,2025-08-26,5B,TGSS,Dirección Provincial de la Tesorería General de la Seguridad Social de Valencia,single,commercial,covered,,rating,lot,C,1,yes,yes,yes,yes,yes,yes,covered,rating,yes,R2,,none,rating letter(s) stated in the lot; confirmed
BOE-B-2025-31165#1,BOE-B-2025-31165,1,2025-09-01,5B,Patrimonio del Estado (DEH),Delegación de Economía y Hacienda en Toledo,lote_header,ruin,undeterminable,ruin (no official guidance; may fall outside art. 2.h),none,lot,,0,undeterminable,n/a,n/a,n/a,n/a,n/a,undeterminable,none,yes,R3,,type residential>ruin,"house built around 1800, valued as land because the building is ""en ruina económica"""
BOE-B-2025-31250#1,BOE-B-2025-31250,1,2025-09-01,5B,TGSS,Tesorería General de la Seguridad Social,lote_header,commercial,covered,,rating,lot,F,1,yes,yes,yes,yes,yes,yes,covered,rating,yes,R2,,none,rating letter(s) stated in the lot; confirmed
BOE-B-2025-31250#2,BOE-B-2025-31250,2,2025-09-01,5B,TGSS,Tesorería General de la Seguridad Social,lote_header,commercial,covered,,rating,lot,D,1,yes,yes,yes,yes,yes,yes,covered,rating,yes,R2,,none,rating letter(s) stated in the lot; confirmed
BOE-B-2025-31250#3,BOE-B-2025-31250,3,2025-09-01,5B,TGSS,Tesorería General de la Seguridad Social,lote_header,building,covered,,none,lot,,0,no,no,no,no,no,no,covered,none,yes,R1,,none,"former rehabilitation centre with 11,413 m2 of residential buildings on a large estate; no energy statement for this lot (other lots of the notice state one)"
BOE-B-2025-31343#1,BOE-B-2025-31343,1,2025-09-02,5B,Patrimonio del Estado (DEH),Delegación de Economía y Hacienda en Albacete,lote_header,land,excluded,land: not a building (art. 2.h),none,lot,,0,excluded,n/a,n/a,n/a,n/a,n/a,excluded,none,no,,,,
BOE-B-2025-31343#2,BOE-B-2025-31343,2,2025-09-02,5B,Patrimonio del Estado (DEH),Delegación de Economía y Hacienda en Albacete,lote_header,land,excluded,land: not a building (art. 2.h),none,lot,,0,excluded,n/a,n/a,n/a,n/a,n/a,excluded,none,no,,,,
BOE-B-2025-31372#1,BOE-B-2025-31372,1,2025-09-02,5B,TGSS,Dirección Provincial de la Tesorería General de la Seguridad Social de Tarragona,single,commercial,covered,,rating,lot,D,1,yes,yes,yes,yes,yes,yes,covered,rating,no,,,,
BOE-B-2025-31519#1,BOE-B-2025-31519,1,2025-09-04,5B,Patrimonio del Estado (DEH),Delegación de Economía y Hacienda en León,lote_header,land,excluded,land: not a building (art. 2.h),none,lot,,0,excluded,n/a,n/a,n/a,n/a,n/a,excluded,none,no,,,,
BOE-B-2025-31519#10,BOE-B-2025-31519,10,2025-09-04,5B,Patrimonio del Estado (DEH),Delegación de Economía y Hacienda en León,lote_header,land,excluded,land: not a building (art. 2.h),none,lot,,0,excluded,n/a,n/a,n/a,n/a,n/a,excluded,none,no,,,,
BOE-B-2025-31519#11,BOE-B-2025-31519,11,2025-09-04,5B,Patrimonio del Estado (DEH),Delegación de Economía y Hacienda en León,lote_header,land,excluded,land: not a building (art. 2.h),none,lot,,0,excluded,n/a,n/a,n/a,n/a,n/a,excluded,none,no,,,,
BOE-B-2025-31519#12,BOE-B-2025-31519,12,2025-09-04,5B,Patrimonio del Estado (DEH),Delegación de Economía y Hacienda en León,lote_header,land,excluded,land: not a building (art. 2.h),none,lot,,0,excluded,n/a,n/a,n/a,n/a,n/a,excluded,none,no,,,,
BOE-B-2025-31519#13,BOE-B-2025-31519,13,2025-09-04,5B,Patrimonio del Estado (DEH),Delegación de Economía y Hacienda en León,lote_header,land,excluded,land: not a building (art. 2.h),none,lot,,0,excluded,n/a,n/a,n/a,n/a,n/a,excluded,none,no,,,,
BOE-B-2025-31519#14,BOE-B-2025-31519,14,2025-09-04,5B,Patrimonio del Estado (DEH),Delegación de Economía y Hacienda en León,lote_header,land,excluded,land: not a building (art. 2.h),none,lot,,0,excluded,n/a,n/a,n/a,n/a,n/a,excluded,none,no,,,,
BOE-B-2025-31519#15,BOE-B-2025-31519,15,2025-09-04,5B,Patrimonio del Estado (DEH),Delegación de Economía y Hacienda en León,lote_header,land,excluded,land: not a building (art. 2.h),none,lot,,0,excluded,n/a,n/a,n/a,n/a,n/a,excluded,none,no,,,,
BOE-B-2025-31519#16,BOE-B-2025-31519,16,2025-09-04,5B,Patrimonio del Estado (DEH),Delegación de Economía y Hacienda en León,lote_header,land,excluded,land: not a building (art. 2.h),none,lot,,0,excluded,n/a,n/a,n/a,n/a,n/a,excluded,none,no,,,,
BOE-B-2025-31519#17,BOE-B-2025-31519,17,2025-09-04,5B,Patrimonio del Estado (DEH),Delegación de Economía y Hacienda en León,lote_header,land,excluded,land: not a building (art. 2.h),none,lot,,0,excluded,n/a,n/a,n/a,n/a,n/a,excluded,none,no,,,,
BOE-B-2025-31519#18,BOE-B-2025-31519,18,2025-09-04,5B,Patrimonio del Estado (DEH),Delegación de Economía y Hacienda en León,lote_header,land,excluded,land: not a building (art. 2.h),none,lot,,0,excluded,n/a,n/a,n/a,n/a,n/a,excluded,none,no,,,,
BOE-B-2025-31519#19,BOE-B-2025-31519,19,2025-09-04,5B,Patrimonio del Estado (DEH),Delegación de Economía y Hacienda en León,lote_header,land,excluded,land: not a building (art. 2.h),none,lot,,0,excluded,n/a,n/a,n/a,n/a,n/a,excluded,none,no,,,,
BOE-B-2025-31519#2,BOE-B-2025-31519,2,2025-09-04,5B,Patrimonio del Estado (DEH),Delegación de Economía y Hacienda en León,lote_header,land,excluded,land: not a building (art. 2.h),none,lot,,0,excluded,n/a,n/a,n/a,n/a,n/a,excluded,none,no,,,,
BOE-B-2025-31519#20,BOE-B-2025-31519,20,2025-09-04,5B,Patrimonio del Estado (DEH),Delegación de Economía y Hacienda en León,lote_header,land,excluded,land: not a building (art. 2.h),none,lot,,0,excluded,n/a,n/a,n/a,n/a,n/a,excluded,none,no,,,,
BOE-B-2025-31519#21,BOE-B-2025-31519,21,2025-09-04,5B,Patrimonio del Estado (DEH),Delegación de Economía y Hacienda en León,lote_header,land,excluded,land: not a building (art. 2.h),none,lot,,0,excluded,n/a,n/a,n/a,n/a,n/a,excluded,none,no,,,,
BOE-B-2025-31519#22,BOE-B-2025-31519,22,2025-09-04,5B,Patrimonio del Estado (DEH),Delegación de Economía y Hacienda en León,lote_header,land,excluded,land: not a building (art. 2.h),none,lot,,0,excluded,n/a,n/a,n/a,n/a,n/a,excluded,none,no,,,,
BOE-B-2025-31519#23,BOE-B-2025-31519,23,2025-09-04,5B,Patrimonio del Estado (DEH),Delegación de Economía y Hacienda en León,lote_header,land,excluded,land: not a building (art. 2.h),none,lot,,0,excluded,n/a,n/a,n/a,n/a,n/a,excluded,none,no,,,,
BOE-B-2025-31519#24,BOE-B-2025-31519,24,2025-09-04,5B,Patrimonio del Estado (DEH),Delegación de Economía y Hacienda en León,lote_header,land,excluded,land: not a building (art. 2.h),none,lot,,0,excluded,n/a,n/a,n/a,n/a,n/a,excluded,none,no,,,,
BOE-B-2025-31519#25,BOE-B-2025-31519,25,2025-09-04,5B,Patrimonio del Estado (DEH),Delegación de Economía y Hacienda en León,lote_header,land,excluded,land: not a building (art. 2.h),none,lot,,0,excluded,n/a,n/a,n/a,n/a,n/a,excluded,none,no,,,,
BOE-B-2025-31519#26,BOE-B-2025-31519,26,2025-09-04,5B,Patrimonio del Estado (DEH),Delegación de Economía y Hacienda en León,lote_header,land,excluded,land: not a building (art. 2.h),none,lot,,0,excluded,n/a,n/a,n/a,n/a,n/a,excluded,none,no,,,,
BOE-B-2025-31519#27,BOE-B-2025-31519,27,2025-09-04,5B,Patrimonio del Estado (DEH),Delegación de Economía y Hacienda en León,lote_header,land,excluded,land: not a building (art. 2.h),none,lot,,0,excluded,n/a,n/a,n/a,n/a,n/a,excluded,none,no,,,,
BOE-B-2025-31519#28,BOE-B-2025-31519,28,2025-09-04,5B,Patrimonio del Estado (DEH),Delegación de Economía y Hacienda en León,lote_header,land,excluded,land: not a building (art. 2.h),none,lot,,0,excluded,n/a,n/a,n/a,n/a,n/a,excluded,none,no,,,,
BOE-B-2025-31519#29,BOE-B-2025-31519,29,2025-09-04,5B,Patrimonio del Estado (DEH),Delegación de Economía y Hacienda en León,lote_header,land,excluded,land: not a building (art. 2.h),none,lot,,0,excluded,n/a,n/a,n/a,n/a,n/a,excluded,none,no,,,,
BOE-B-2025-31519#3,BOE-B-2025-31519,3,2025-09-04,5B,Patrimonio del Estado (DEH),Delegación de Economía y Hacienda en León,lote_header,land,excluded,land: not a building (art. 2.h),none,lot,,0,excluded,n/a,n/a,n/a,n/a,n/a,excluded,none,no,,,,
BOE-B-2025-31519#30,BOE-B-2025-31519,30,2025-09-04,5B,Patrimonio del Estado (DEH),Delegación de Economía y Hacienda en León,lote_header,land,excluded,land: not a building (art. 2.h),none,lot,,0,excluded,n/a,n/a,n/a,n/a,n/a,excluded,none,no,,,,
BOE-B-2025-31519#31,BOE-B-2025-31519,31,2025-09-04,5B,Patrimonio del Estado (DEH),Delegación de Economía y Hacienda en León,lote_header,land,excluded,land: not a building (art. 2.h),none,lot,,0,excluded,n/a,n/a,n/a,n/a,n/a,excluded,none,no,,,,
BOE-B-2025-31519#32,BOE-B-2025-31519,32,2025-09-04,5B,Patrimonio del Estado (DEH),Delegación de Economía y Hacienda en León,lote_header,land,excluded,land: not a building (art. 2.h),none,lot,,0,excluded,n/a,n/a,n/a,n/a,n/a,excluded,none,no,,,,
BOE-B-2025-31519#33,BOE-B-2025-31519,33,2025-09-04,5B,Patrimonio del Estado (DEH),Delegación de Economía y Hacienda en León,lote_header,land,excluded,land: not a building (art. 2.h),none,lot,,0,excluded,n/a,n/a,n/a,n/a,n/a,excluded,none,no,,,,
BOE-B-2025-31519#34,BOE-B-2025-31519,34,2025-09-04,5B,Patrimonio del Estado (DEH),Delegación de Economía y Hacienda en León,lote_header,land,excluded,land: not a building (art. 2.h),none,lot,,0,excluded,n/a,n/a,n/a,n/a,n/a,undeterminable,none,yes,R3,,scope undeterminable>excluded; type rural_with_construction>land,"rustic dry-farming plot; ""La Granja"" is the place name"
BOE-B-2025-31519#35,BOE-B-2025-31519,35,2025-09-04,5B,Patrimonio del Estado (DEH),Delegación de Economía y Hacienda en León,lote_header,land,excluded,land: not a building (art. 2.h),none,lot,,0,excluded,n/a,n/a,n/a,n/a,n/a,undeterminable,none,yes,R3,,scope undeterminable>excluded; type rural_with_construction>land,"rustic dry-farming plot; ""La Granja"" is the place name"
BOE-B-2025-31519#36,BOE-B-2025-31519,36,2025-09-04,5B,Patrimonio del Estado (DEH),Delegación de Economía y Hacienda en León,lote_header,land,excluded,land: not a building (art. 2.h),none,lot,,0,excluded,n/a,n/a,n/a,n/a,n/a,undeterminable,none,yes,R3,,scope undeterminable>excluded; type rural_with_construction>land,"rustic dry-farming plot; ""La Granja"" is the place name"
BOE-B-2025-31519#37,BOE-B-2025-31519,37,2025-09-04,5B,Patrimonio del Estado (DEH),Delegación de Economía y Hacienda en León,lote_header,land,excluded,land: not a building (art. 2.h),none,lot,,0,excluded,n/a,n/a,n/a,n/a,n/a,excluded,none,no,,,,
BOE-B-2025-31519#38,BOE-B-2025-31519,38,2025-09-04,5B,Patrimonio del Estado (DEH),Delegación de Economía y Hacienda en León,lote_header,land,excluded,land: not a building (art. 2.h),none,lot,,0,excluded,n/a,n/a,n/a,n/a,n/a,excluded,none,yes,R4,,none,land (rustic or unbuilt plot); confirmed
BOE-B-2025-31519#39,BOE-B-2025-31519,39,2025-09-04,5B,Patrimonio del Estado (DEH),Delegación de Economía y Hacienda en León,lote_header,land,excluded,land: not a building (art. 2.h),none,lot,,0,excluded,n/a,n/a,n/a,n/a,n/a,excluded,none,no,,,,
BOE-B-2025-31519#4,BOE-B-2025-31519,4,2025-09-04,5B,Patrimonio del Estado (DEH),Delegación de Economía y Hacienda en León,lote_header,land,excluded,land: not a building (art. 2.h),none,lot,,0,excluded,n/a,n/a,n/a,n/a,n/a,excluded,none,no,,,,
BOE-B-2025-31519#40,BOE-B-2025-31519,40,2025-09-04,5B,Patrimonio del Estado (DEH),Delegación de Economía y Hacienda en León,lote_header,land,excluded,land: not a building (art. 2.h),none,lot,,0,excluded,n/a,n/a,n/a,n/a,n/a,excluded,none,no,,,,
BOE-B-2025-31519#41,BOE-B-2025-31519,41,2025-09-04,5B,Patrimonio del Estado (DEH),Delegación de Economía y Hacienda en León,lote_header,land,excluded,land: not a building (art. 2.h),none,lot,,0,excluded,n/a,n/a,n/a,n/a,n/a,excluded,none,no,,,,
BOE-B-2025-31519#42,BOE-B-2025-31519,42,2025-09-04,5B,Patrimonio del Estado (DEH),Delegación de Economía y Hacienda en León,lote_header,land,excluded,land: not a building (art. 2.h),none,lot,,0,excluded,n/a,n/a,n/a,n/a,n/a,excluded,none,no,,,,
BOE-B-2025-31519#43,BOE-B-2025-31519,43,2025-09-04,5B,Patrimonio del Estado (DEH),Delegación de Economía y Hacienda en León,lote_header,land,excluded,land: not a building (art. 2.h),none,lot,,0,excluded,n/a,n/a,n/a,n/a,n/a,excluded,none,no,,,,
BOE-B-2025-31519#44,BOE-B-2025-31519,44,2025-09-04,5B,Patrimonio del Estado (DEH),Delegación de Economía y Hacienda en León,lote_header,land,excluded,land: not a building (art. 2.h),none,lot,,0,excluded,n/a,n/a,n/a,n/a,n/a,excluded,none,no,,,,
BOE-B-2025-31519#45,BOE-B-2025-31519,45,2025-09-04,5B,Patrimonio del Estado (DEH),Delegación de Economía y Hacienda en León,lote_header,land,excluded,land: not a building (art. 2.h),none,lot,,0,excluded,n/a,n/a,n/a,n/a,n/a,excluded,none,no,,,,
BOE-B-2025-31519#46,BOE-B-2025-31519,46,2025-09-04,5B,Patrimonio del Estado (DEH),Delegación de Economía y Hacienda en León,lote_header,land,excluded,land: not a building (art. 2.h),none,lot,,0,excluded,n/a,n/a,n/a,n/a,n/a,excluded,none,no,,,,
BOE-B-2025-31519#47,BOE-B-2025-31519,47,2025-09-04,5B,Patrimonio del Estado (DEH),Delegación de Economía y Hacienda en León,lote_header,land,excluded,land: not a building (art. 2.h),none,lot,,0,excluded,n/a,n/a,n/a,n/a,n/a,excluded,none,no,,,,
BOE-B-2025-31519#48,BOE-B-2025-31519,48,2025-09-04,5B,Patrimonio del Estado (DEH),Delegación de Economía y Hacienda en León,lote_header,land,excluded,land: not a building (art. 2.h),none,lot,,0,excluded,n/a,n/a,n/a,n/a,n/a,excluded,none,no,,,,
BOE-B-2025-31519#5,BOE-B-2025-31519,5,2025-09-04,5B,Patrimonio del Estado (DEH),Delegación de Economía y Hacienda en León,lote_header,land,excluded,land: not a building (art. 2.h),none,lot,,0,excluded,n/a,n/a,n/a,n/a,n/a,excluded,none,no,,,,
BOE-B-2025-31519#6,BOE-B-2025-31519,6,2025-09-04,5B,Patrimonio del Estado (DEH),Delegación de Economía y Hacienda en León,lote_header,land,excluded,land: not a building (art. 2.h),none,lot,,0,excluded,n/a,n/a,n/a,n/a,n/a,excluded,none,no,,,,
BOE-B-2025-31519#7,BOE-B-2025-31519,7,2025-09-04,5B,Patrimonio del Estado (DEH),Delegación de Economía y Hacienda en León,lote_header,land,excluded,land: not a building (art. 2.h),none,lot,,0,excluded,n/a,n/a,n/a,n/a,n/a,excluded,none,no,,,,
BOE-B-2025-31519#8,BOE-B-2025-31519,8,2025-09-04,5B,Patrimonio del Estado (DEH),Delegación de Economía y Hacienda en León,lote_header,land,excluded,land: not a building (art. 2.h),none,lot,,0,excluded,n/a,n/a,n/a,n/a,n/a,excluded,none,no,,,,
BOE-B-2025-31519#9,BOE-B-2025-31519,9,2025-09-04,5B,Patrimonio del Estado (DEH),Delegación de Economía y Hacienda en León,lote_header,land,excluded,land: not a building (art. 2.h),none,lot,,0,excluded,n/a,n/a,n/a,n/a,n/a,excluded,none,no,,,,
BOE-B-2025-31520#1,BOE-B-2025-31520,1,2025-09-04,5B,Patrimonio del Estado (DEH),Delegación de Economía y Hacienda en León,lote_header,garage,excluded,garage or storage room (MITECO FAQ v6.0 no. 14),none,lot,,0,excluded,n/a,n/a,n/a,n/a,n/a,undeterminable,none,yes,R3,,scope undeterminable>excluded; type commercial>garage,1/42 undivided share of a basement garage
BOE-B-2025-31520#10,BOE-B-2025-31520,10,2025-09-04,5B,Patrimonio del Estado (DEH),Delegación de Economía y Hacienda en León,lote_header,garage,excluded,garage or storage room (MITECO FAQ v6.0 no. 14),none,lot,,0,excluded,n/a,n/a,n/a,n/a,n/a,undeterminable,none,yes,R3,,scope undeterminable>excluded; type commercial>garage,1/42 undivided share of a basement garage
BOE-B-2025-31520#11,BOE-B-2025-31520,11,2025-09-04,5B,Patrimonio del Estado (DEH),Delegación de Economía y Hacienda en León,lote_header,garage,excluded,garage or storage room (MITECO FAQ v6.0 no. 14),none,lot,,0,excluded,n/a,n/a,n/a,n/a,n/a,undeterminable,none,yes,R3,,scope undeterminable>excluded; type commercial>garage,1/42 undivided share of a basement garage
BOE-B-2025-31520#12,BOE-B-2025-31520,12,2025-09-04,5B,Patrimonio del Estado (DEH),Delegación de Economía y Hacienda en León,lote_header,garage,excluded,garage or storage room (MITECO FAQ v6.0 no. 14),none,lot,,0,excluded,n/a,n/a,n/a,n/a,n/a,undeterminable,none,yes,R3,,scope undeterminable>excluded; type commercial>garage,1/42 undivided share of a basement garage
BOE-B-2025-31520#13,BOE-B-2025-31520,13,2025-09-04,5B,Patrimonio del Estado (DEH),Delegación de Economía y Hacienda en León,lote_header,garage,excluded,garage or storage room (MITECO FAQ v6.0 no. 14),none,lot,,0,excluded,n/a,n/a,n/a,n/a,n/a,undeterminable,none,yes,R3,,scope undeterminable>excluded; type commercial>garage,1/42 undivided share of a basement garage
BOE-B-2025-31520#2,BOE-B-2025-31520,2,2025-09-04,5B,Patrimonio del Estado (DEH),Delegación de Economía y Hacienda en León,lote_header,garage,excluded,garage or storage room (MITECO FAQ v6.0 no. 14),none,lot,,0,excluded,n/a,n/a,n/a,n/a,n/a,undeterminable,none,yes,R3,,scope undeterminable>excluded; type commercial>garage,1/42 undivided share of a basement garage
BOE-B-2025-31520#3,BOE-B-2025-31520,3,2025-09-04,5B,Patrimonio del Estado (DEH),Delegación de Economía y Hacienda en León,lote_header,garage,excluded,garage or storage room (MITECO FAQ v6.0 no. 14),none,lot,,0,excluded,n/a,n/a,n/a,n/a,n/a,undeterminable,none,yes,R3,,scope undeterminable>excluded; type commercial>garage,1/42 undivided share of a basement garage
BOE-B-2025-31520#4,BOE-B-2025-31520,4,2025-09-04,5B,Patrimonio del Estado (DEH),Delegación de Economía y Hacienda en León,lote_header,garage,excluded,garage or storage room (MITECO FAQ v6.0 no. 14),none,lot,,0,excluded,n/a,n/a,n/a,n/a,n/a,undeterminable,none,yes,R3,,scope undeterminable>excluded; type commercial>garage,1/42 undivided share of a basement garage
BOE-B-2025-31520#5,BOE-B-2025-31520,5,2025-09-04,5B,Patrimonio del Estado (DEH),Delegación de Economía y Hacienda en León,lote_header,garage,excluded,garage or storage room (MITECO FAQ v6.0 no. 14),none,lot,,0,excluded,n/a,n/a,n/a,n/a,n/a,undeterminable,none,yes,R3,,scope undeterminable>excluded; type commercial>garage,1/42 undivided share of a basement garage
BOE-B-2025-31520#6,BOE-B-2025-31520,6,2025-09-04,5B,Patrimonio del Estado (DEH),Delegación de Economía y Hacienda en León,lote_header,garage,excluded,garage or storage room (MITECO FAQ v6.0 no. 14),none,lot,,0,excluded,n/a,n/a,n/a,n/a,n/a,undeterminable,none,yes,R3,,scope undeterminable>excluded; type commercial>garage,1/42 undivided share of a basement garage
BOE-B-2025-31520#7,BOE-B-2025-31520,7,2025-09-04,5B,Patrimonio del Estado (DEH),Delegación de Economía y Hacienda en León,lote_header,garage,excluded,garage or storage room (MITECO FAQ v6.0 no. 14),none,lot,,0,excluded,n/a,n/a,n/a,n/a,n/a,undeterminable,none,yes,R3,,scope undeterminable>excluded; type commercial>garage,1/42 undivided share of a basement garage
BOE-B-2025-31520#8,BOE-B-2025-31520,8,2025-09-04,5B,Patrimonio del Estado (DEH),Delegación de Economía y Hacienda en León,lote_header,garage,excluded,garage or storage room (MITECO FAQ v6.0 no. 14),none,lot,,0,excluded,n/a,n/a,n/a,n/a,n/a,undeterminable,none,yes,R3,,scope undeterminable>excluded; type commercial>garage,1/42 undivided share of a basement garage
BOE-B-2025-31520#9,BOE-B-2025-31520,9,2025-09-04,5B,Patrimonio del Estado (DEH),Delegación de Economía y Hacienda en León,lote_header,garage,excluded,garage or storage room (MITECO FAQ v6.0 no. 14),none,lot,,0,excluded,n/a,n/a,n/a,n/a,n/a,undeterminable,none,yes,R3,,scope undeterminable>excluded; type commercial>garage,1/42 undivided share of a basement garage
BOE-B-2025-32049#1,BOE-B-2025-32049,1,2025-09-08,5B,Patrimonio del Estado (DEH),Delegación Especial de Economía y Hacienda en Castilla y León-Valladolid,lote_header,residential,undeterminable,"possibly art. 3.2.d (independent, under 50 m2)",none,lot,,0,undeterminable,n/a,n/a,n/a,n/a,n/a,covered,none,yes,R1,,scope covered>undeterminable,small village house (41 m2) with a ruinous 14 m2 store; whether it is an independent building under 50 m2 (art. 3.2.d) is not stated
BOE-B-2025-32049#2,BOE-B-2025-32049,2,2025-09-08,5B,Patrimonio del Estado (DEH),Delegación Especial de Economía y Hacienda en Castilla y León-Valladolid,lote_header,ruin,undeterminable,ruin (no official guidance; may fall outside art. 2.h),none,lot,,0,undeterminable,n/a,n/a,n/a,n/a,n/a,undeterminable,none,yes,R3,,none,house in ruinous state; confirmed
BOE-B-2025-32049#3,BOE-B-2025-32049,3,2025-09-08,5B,Patrimonio del Estado (DEH),Delegación Especial de Economía y Hacienda en Castilla y León-Valladolid,lote_header,residential,covered,,none,lot,,0,no,no,no,no,no,no,covered,none,yes,R1,,none,dwelling in a building; no energy statement
BOE-B-2025-32049#4,BOE-B-2025-32049,4,2025-09-08,5B,Patrimonio del Estado (DEH),Delegación Especial de Economía y Hacienda en Castilla y León-Valladolid,lote_header,land,excluded,land: not a building (art. 2.h),none,lot,,0,excluded,n/a,n/a,n/a,n/a,n/a,excluded,none,no,,,,
BOE-B-2025-32050#1,BOE-B-2025-32050,1,2025-09-08,5B,Patrimonio del Estado (DEH),Delegación Especial de Economía y Hacienda en Castilla y León-Valladolid,lote_header,land,excluded,land: not a building (art. 2.h),none,lot,,0,excluded,n/a,n/a,n/a,n/a,n/a,excluded,none,no,,,,
BOE-B-2025-32050#10,BOE-B-2025-32050,10,2025-09-08,5B,Patrimonio del Estado (DEH),Delegación Especial de Economía y Hacienda en Castilla y León-Valladolid,lote_header,land,excluded,land: not a building (art. 2.h),none,lot,,0,excluded,n/a,n/a,n/a,n/a,n/a,excluded,none,no,,,,
BOE-B-2025-32050#11,BOE-B-2025-32050,11,2025-09-08,5B,Patrimonio del Estado (DEH),Delegación Especial de Economía y Hacienda en Castilla y León-Valladolid,lote_header,land,excluded,land: not a building (art. 2.h),none,lot,,0,excluded,n/a,n/a,n/a,n/a,n/a,excluded,none,no,,,,
BOE-B-2025-32050#12,BOE-B-2025-32050,12,2025-09-08,5B,Patrimonio del Estado (DEH),Delegación Especial de Economía y Hacienda en Castilla y León-Valladolid,lote_header,land,excluded,land: not a building (art. 2.h),none,lot,,0,excluded,n/a,n/a,n/a,n/a,n/a,excluded,none,no,,,,
BOE-B-2025-32050#13,BOE-B-2025-32050,13,2025-09-08,5B,Patrimonio del Estado (DEH),Delegación Especial de Economía y Hacienda en Castilla y León-Valladolid,lote_header,land,excluded,land: not a building (art. 2.h),none,lot,,0,excluded,n/a,n/a,n/a,n/a,n/a,excluded,none,no,,,,
BOE-B-2025-32050#14,BOE-B-2025-32050,14,2025-09-08,5B,Patrimonio del Estado (DEH),Delegación Especial de Economía y Hacienda en Castilla y León-Valladolid,lote_header,land,excluded,land: not a building (art. 2.h),none,lot,,0,excluded,n/a,n/a,n/a,n/a,n/a,excluded,none,no,,,,
BOE-B-2025-32050#15,BOE-B-2025-32050,15,2025-09-08,5B,Patrimonio del Estado (DEH),Delegación Especial de Economía y Hacienda en Castilla y León-Valladolid,lote_header,land,excluded,land: not a building (art. 2.h),none,lot,,0,excluded,n/a,n/a,n/a,n/a,n/a,excluded,none,no,,,,
BOE-B-2025-32050#16,BOE-B-2025-32050,16,2025-09-08,5B,Patrimonio del Estado (DEH),Delegación Especial de Economía y Hacienda en Castilla y León-Valladolid,lote_header,land,excluded,land: not a building (art. 2.h),none,lot,,0,excluded,n/a,n/a,n/a,n/a,n/a,excluded,none,no,,,,
BOE-B-2025-32050#17,BOE-B-2025-32050,17,2025-09-08,5B,Patrimonio del Estado (DEH),Delegación Especial de Economía y Hacienda en Castilla y León-Valladolid,lote_header,land,excluded,land: not a building (art. 2.h),none,lot,,0,excluded,n/a,n/a,n/a,n/a,n/a,excluded,none,no,,,,
BOE-B-2025-32050#18,BOE-B-2025-32050,18,2025-09-08,5B,Patrimonio del Estado (DEH),Delegación Especial de Economía y Hacienda en Castilla y León-Valladolid,lote_header,land,excluded,land: not a building (art. 2.h),none,lot,,0,excluded,n/a,n/a,n/a,n/a,n/a,excluded,none,no,,,,
BOE-B-2025-32050#19,BOE-B-2025-32050,19,2025-09-08,5B,Patrimonio del Estado (DEH),Delegación Especial de Economía y Hacienda en Castilla y León-Valladolid,lote_header,land,excluded,land: not a building (art. 2.h),none,lot,,0,excluded,n/a,n/a,n/a,n/a,n/a,excluded,none,no,,,,
BOE-B-2025-32050#2,BOE-B-2025-32050,2,2025-09-08,5B,Patrimonio del Estado (DEH),Delegación Especial de Economía y Hacienda en Castilla y León-Valladolid,lote_header,land,excluded,land: not a building (art. 2.h),none,lot,,0,excluded,n/a,n/a,n/a,n/a,n/a,excluded,none,no,,,,
BOE-B-2025-32050#3,BOE-B-2025-32050,3,2025-09-08,5B,Patrimonio del Estado (DEH),Delegación Especial de Economía y Hacienda en Castilla y León-Valladolid,lote_header,land,excluded,land: not a building (art. 2.h),none,lot,,0,excluded,n/a,n/a,n/a,n/a,n/a,excluded,none,no,,,,
BOE-B-2025-32050#4,BOE-B-2025-32050,4,2025-09-08,5B,Patrimonio del Estado (DEH),Delegación Especial de Economía y Hacienda en Castilla y León-Valladolid,lote_header,land,excluded,land: not a building (art. 2.h),none,lot,,0,excluded,n/a,n/a,n/a,n/a,n/a,excluded,none,no,,,,
BOE-B-2025-32050#5,BOE-B-2025-32050,5,2025-09-08,5B,Patrimonio del Estado (DEH),Delegación Especial de Economía y Hacienda en Castilla y León-Valladolid,lote_header,land,excluded,land: not a building (art. 2.h),none,lot,,0,excluded,n/a,n/a,n/a,n/a,n/a,excluded,none,no,,,,
BOE-B-2025-32050#6,BOE-B-2025-32050,6,2025-09-08,5B,Patrimonio del Estado (DEH),Delegación Especial de Economía y Hacienda en Castilla y León-Valladolid,lote_header,land,excluded,land: not a building (art. 2.h),none,lot,,0,excluded,n/a,n/a,n/a,n/a,n/a,excluded,none,no,,,,
BOE-B-2025-32050#7,BOE-B-2025-32050,7,2025-09-08,5B,Patrimonio del Estado (DEH),Delegación Especial de Economía y Hacienda en Castilla y León-Valladolid,lote_header,land,excluded,land: not a building (art. 2.h),none,lot,,0,excluded,n/a,n/a,n/a,n/a,n/a,excluded,none,no,,,,
BOE-B-2025-32050#8,BOE-B-2025-32050,8,2025-09-08,5B,Patrimonio del Estado (DEH),Delegación Especial de Economía y Hacienda en Castilla y León-Valladolid,lote_header,land,excluded,land: not a building (art. 2.h),none,lot,,0,excluded,n/a,n/a,n/a,n/a,n/a,excluded,none,no,,,,
BOE-B-2025-32050#9,BOE-B-2025-32050,9,2025-09-08,5B,Patrimonio del Estado (DEH),Delegación Especial de Economía y Hacienda en Castilla y León-Valladolid,lote_header,land,excluded,land: not a building (art. 2.h),none,lot,,0,excluded,n/a,n/a,n/a,n/a,n/a,excluded,none,no,,,,
BOE-B-2025-32311#1,BOE-B-2025-32311,1,2025-09-10,5B,FOGASA,Fondo de Garantía Salarial O.A. (FOGASA),lote_header,commercial,covered,,none,lot,,0,no,no,no,no,no,no,covered,none,yes,R1,,none,single lot of commercial and office premises in a building; no energy statement
BOE-B-2025-32332#1,BOE-B-2025-32332,1,2025-09-10,5B,TGSS,Dirección Provincial de la Tesorería General de la Seguridad Social de Granada,single,commercial,covered,,rating,lot,D,1,yes,yes,yes,yes,yes,yes,covered,rating,yes,R2,,none,rating letter(s) stated in the lot; confirmed
BOE-B-2025-33234#1,BOE-B-2025-33234,1,2025-09-17,5B,TGSS,Dirección Provincial de la Tesorería General de la Seguridad Social de Sevilla,single,land,excluded,land: not a building (art. 2.h),none,lot,,0,excluded,n/a,n/a,n/a,n/a,n/a,excluded,none,no,,,,
BOE-B-2025-33308#1,BOE-B-2025-33308,1,2025-09-18,5B,Patrimonio del Estado (DEH),Delegación de Economía y Hacienda en Cádiz,lote_header,residential,excluded,declared exempt by the seller,exempt_declared,lot,,0,excluded,n/a,n/a,n/a,no,no,excluded,exempt_declared,yes,R4,3.2.e_part,none,"parts of a house (several registered portions and undivided shares) declared exempt under art. 3.2.e; art. 3.2.e gives the declaration to «el propietario del edificio o de parte del edificio», so the owner-seller's declaration for a part is accepted; the non-binding MITECO FAQ no. 7 reads the exclusion as whole buildings only (sensitivity)"
BOE-B-2025-33308#2,BOE-B-2025-33308,2,2025-09-18,5B,Patrimonio del Estado (DEH),Delegación de Economía y Hacienda en Cádiz,lote_header,residential,covered,,rating,lot,FG,1,yes,yes,yes,yes,yes,yes,covered,rating,yes,R2,,none,rating letter(s) stated in the lot; confirmed
BOE-B-2025-33423#1,BOE-B-2025-33423,1,2025-09-19,5B,Patrimonio del Estado (DEH),Delegación de Economía y Hacienda en Valencia (Unidad de Patrimonio del Estado),single,land,drop,excluded notice kind: direct_named,none,lot,,0,dropped,n/a,n/a,n/a,n/a,n/a,excluded,none,yes,extra,,scope excluded>drop,"direct adjudication to a party who showed interest (art. 137.4 LPAP); not an offer to the public (rule §1.1, direct_named)"
BOE-B-2025-33424#1,BOE-B-2025-33424,1,2025-09-19,5B,Patrimonio del Estado (DEH),Delegación de Economía y Hacienda en Valencia (Unidad de Patrimonio del Estado),single,land,drop,excluded notice kind: direct_named,none,lot,,0,dropped,n/a,n/a,n/a,n/a,n/a,excluded,none,yes,extra,,scope excluded>drop,"direct adjudication to a party who showed interest (art. 137.4 LPAP); not an offer to the public (rule §1.1, direct_named)"
BOE-B-2025-33425#1,BOE-B-2025-33425,1,2025-09-19,5B,Patrimonio del Estado (DEH),Delegación de Economía y Hacienda en Valencia (Unidad de Patrimonio del Estado),single,land,drop,excluded notice kind: direct_named,none,lot,,0,dropped,n/a,n/a,n/a,n/a,n/a,excluded,none,yes,extra,,scope excluded>drop,"direct adjudication to a party who showed interest (art. 137.4 LPAP); not an offer to the public (rule §1.1, direct_named)"
BOE-B-2025-33426#1,BOE-B-2025-33426,1,2025-09-19,5B,Patrimonio del Estado (DEH),Delegación de Economía y Hacienda en Valencia (Unidad de Patrimonio del Estado),single,land,drop,excluded notice kind: direct_named,none,lot,,0,dropped,n/a,n/a,n/a,n/a,n/a,excluded,none,yes,extra,,scope excluded>drop,"direct adjudication to a party who showed interest (art. 137.4 LPAP); not an offer to the public (rule §1.1, direct_named)"
BOE-B-2025-33463#1,BOE-B-2025-33463,1,2025-09-19,5B,TGSS,Dirección Provincial de la Tesorería General de la Seguridad Social de Valladolid,single,building,covered,,rating,lot,D,1,yes,yes,yes,yes,yes,yes,covered,rating,no,,,,
BOE-B-2025-34005#1,BOE-B-2025-34005,1,2025-09-22,5B,Other public bodies,"Fondo Español de Garantía Agraria, O.A.",lote_header,industrial_agricultural,excluded,industrial/agricultural non-residential (art. 3.2.c),none,lot,,0,excluded,n/a,n/a,n/a,n/a,n/a,excluded,none,yes,R4,,none,industrial or agricultural building; confirmed
BOE-B-2025-34208#1,BOE-B-2025-34208,1,2025-09-23,5B,TGSS,Dirección Provincial de la Tesorería General de la Seguridad social de Cuenca,single,commercial,covered,,rating,lot,FG,1,yes,yes,yes,yes,yes,yes,covered,rating,no,,,,
BOE-B-2025-34294#1,BOE-B-2025-34294,1,2025-09-24,5B,Patrimonio del Estado (DEH),Delegación de Economía y Hacienda en Huesca,lote_header,land,excluded,land: not a building (art. 2.h),none,lot,,0,excluded,n/a,n/a,n/a,n/a,n/a,excluded,none,no,,,,
BOE-B-2025-34294#10,BOE-B-2025-34294,10,2025-09-24,5B,Patrimonio del Estado (DEH),Delegación de Economía y Hacienda en Huesca,lote_header,land,excluded,land: not a building (art. 2.h),none,lot,,0,excluded,n/a,n/a,n/a,n/a,n/a,excluded,none,no,,,,
BOE-B-2025-34294#11,BOE-B-2025-34294,11,2025-09-24,5B,Patrimonio del Estado (DEH),Delegación de Economía y Hacienda en Huesca,lote_header,land,excluded,land: not a building (art. 2.h),none,lot,,0,excluded,n/a,n/a,n/a,n/a,n/a,excluded,none,no,,,,
BOE-B-2025-34294#12,BOE-B-2025-34294,12,2025-09-24,5B,Patrimonio del Estado (DEH),Delegación de Economía y Hacienda en Huesca,lote_header,land,excluded,land: not a building (art. 2.h),none,lot,,0,excluded,n/a,n/a,n/a,n/a,n/a,excluded,none,no,,,,
BOE-B-2025-34294#13,BOE-B-2025-34294,13,2025-09-24,5B,Patrimonio del Estado (DEH),Delegación de Economía y Hacienda en Huesca,lote_header,land,excluded,land: not a building (art. 2.h),none,lot,,0,excluded,n/a,n/a,n/a,n/a,n/a,excluded,none,no,,,,
BOE-B-2025-34294#14,BOE-B-2025-34294,14,2025-09-24,5B,Patrimonio del Estado (DEH),Delegación de Economía y Hacienda en Huesca,lote_header,land,excluded,land: not a building (art. 2.h),none,lot,,0,excluded,n/a,n/a,n/a,n/a,n/a,excluded,none,no,,,,
BOE-B-2025-34294#15,BOE-B-2025-34294,15,2025-09-24,5B,Patrimonio del Estado (DEH),Delegación de Economía y Hacienda en Huesca,lote_header,land,excluded,land: not a building (art. 2.h),none,lot,,0,excluded,n/a,n/a,n/a,n/a,n/a,excluded,none,no,,,,
BOE-B-2025-34294#16,BOE-B-2025-34294,16,2025-09-24,5B,Patrimonio del Estado (DEH),Delegación de Economía y Hacienda en Huesca,lote_header,land,excluded,land: not a building (art. 2.h),none,lot,,0,excluded,n/a,n/a,n/a,n/a,n/a,excluded,none,yes,R4,,none,land (rustic or unbuilt plot); confirmed
BOE-B-2025-34294#17,BOE-B-2025-34294,17,2025-09-24,5B,Patrimonio del Estado (DEH),Delegación de Economía y Hacienda en Huesca,lote_header,unknown,undeterminable,type not stated,none,lot,,0,undeterminable,n/a,n/a,n/a,n/a,n/a,excluded,none,yes,extra,,scope excluded>undeterminable; type land>unknown,"urban building of 60 m2 built on 30 m2, attached to its neighbours (so not art. 3.2.d); use not stated; no energy statement (found by the targeted search)"
BOE-B-2025-34294#18,BOE-B-2025-34294,18,2025-09-24,5B,Patrimonio del Estado (DEH),Delegación de Economía y Hacienda en Huesca,lote_header,ruin,undeterminable,ruin (no official guidance; may fall outside art. 2.h),none,lot,,0,undeterminable,n/a,n/a,n/a,n/a,n/a,undeterminable,none,yes,R3,,none,building recorded as a ruin in the cadastre; confirmed
BOE-B-2025-34294#19,BOE-B-2025-34294,19,2025-09-24,5B,Patrimonio del Estado (DEH),Delegación de Economía y Hacienda en Huesca,lote_header,ruin,undeterminable,ruin (no official guidance; may fall outside art. 2.h),none,lot,,0,undeterminable,n/a,n/a,n/a,n/a,n/a,undeterminable,none,yes,R3,,none,building recorded as a ruin in the cadastre; confirmed
BOE-B-2025-34294#2,BOE-B-2025-34294,2,2025-09-24,5B,Patrimonio del Estado (DEH),Delegación de Economía y Hacienda en Huesca,lote_header,land,excluded,land: not a building (art. 2.h),none,lot,,0,excluded,n/a,n/a,n/a,n/a,n/a,excluded,none,no,,,,
BOE-B-2025-34294#3,BOE-B-2025-34294,3,2025-09-24,5B,Patrimonio del Estado (DEH),Delegación de Economía y Hacienda en Huesca,lote_header,land,excluded,land: not a building (art. 2.h),none,lot,,0,excluded,n/a,n/a,n/a,n/a,n/a,excluded,none,no,,,,
BOE-B-2025-34294#4,BOE-B-2025-34294,4,2025-09-24,5B,Patrimonio del Estado (DEH),Delegación de Economía y Hacienda en Huesca,lote_header,land,excluded,land: not a building (art. 2.h),none,lot,,0,excluded,n/a,n/a,n/a,n/a,n/a,excluded,none,no,,,,
BOE-B-2025-34294#5,BOE-B-2025-34294,5,2025-09-24,5B,Patrimonio del Estado (DEH),Delegación de Economía y Hacienda en Huesca,lote_header,land,excluded,land: not a building (art. 2.h),none,lot,,0,excluded,n/a,n/a,n/a,n/a,n/a,excluded,none,no,,,,
BOE-B-2025-34294#6,BOE-B-2025-34294,6,2025-09-24,5B,Patrimonio del Estado (DEH),Delegación de Economía y Hacienda en Huesca,lote_header,land,excluded,land: not a building (art. 2.h),none,lot,,0,excluded,n/a,n/a,n/a,n/a,n/a,excluded,none,no,,,,
BOE-B-2025-34294#7,BOE-B-2025-34294,7,2025-09-24,5B,Patrimonio del Estado (DEH),Delegación de Economía y Hacienda en Huesca,lote_header,land,excluded,land: not a building (art. 2.h),none,lot,,0,excluded,n/a,n/a,n/a,n/a,n/a,excluded,none,no,,,,
BOE-B-2025-34294#8,BOE-B-2025-34294,8,2025-09-24,5B,Patrimonio del Estado (DEH),Delegación de Economía y Hacienda en Huesca,lote_header,land,excluded,land: not a building (art. 2.h),none,lot,,0,excluded,n/a,n/a,n/a,n/a,n/a,excluded,none,no,,,,
BOE-B-2025-34294#9,BOE-B-2025-34294,9,2025-09-24,5B,Patrimonio del Estado (DEH),Delegación de Economía y Hacienda en Huesca,lote_header,land,excluded,land: not a building (art. 2.h),none,lot,,0,excluded,n/a,n/a,n/a,n/a,n/a,excluded,none,no,,,,
BOE-B-2025-34458#?,BOE-B-2025-34458,?,2025-09-25,5B,TGSS,Dirección Provincial de la Tesorería General de la Seguridad Social de A Coruña,unsplit,residential,covered,,none,lot,,0,no,no,no,no,no,no,covered,none,yes,R1,,none,one lot: a 37 m2 dwelling sold together with a storage room; no energy statement
BOE-B-2025-35183#1,BOE-B-2025-35183,1,2025-09-30,5B,FOGASA,Fondo de Garantía Salarial O.A. (FOGASA),lote_header,residential,covered,,none,lot,,0,no,no,no,no,no,no,covered,none,yes,R1,,none,dwelling; no energy statement
BOE-B-2025-35183#2,BOE-B-2025-35183,2,2025-09-30,5B,FOGASA,Fondo de Garantía Salarial O.A. (FOGASA),lote_header,residential,covered,,none,lot,,0,no,no,no,no,no,no,covered,none,yes,R1,,none,dwelling; no energy statement
BOE-B-2025-35183#3,BOE-B-2025-35183,3,2025-09-30,5B,FOGASA,Fondo de Garantía Salarial O.A. (FOGASA),lote_header,residential,covered,,none,lot,,0,no,no,no,no,no,no,covered,none,yes,R1,,none,dwelling; no energy statement
BOE-B-2025-35183#4,BOE-B-2025-35183,4,2025-09-30,5B,FOGASA,Fondo de Garantía Salarial O.A. (FOGASA),lote_header,commercial,covered,,none,lot,,0,no,no,no,no,no,no,covered,none,yes,R1,,none,"lot of three premises (ground floor valued as a garage, first and second floors premises); the upper premises are covered; no energy statement"
BOE-B-2025-35183#5,BOE-B-2025-35183,5,2025-09-30,5B,FOGASA,Fondo de Garantía Salarial O.A. (FOGASA),lote_header,land,excluded,land: not a building (art. 2.h),none,lot,,0,excluded,n/a,n/a,n/a,n/a,n/a,excluded,none,yes,R4,,type industrial_agricultural>land,registered as an industrial shed but valued as «Suelo urbano-libre de edificaciones»
BOE-B-2025-35282#?,BOE-B-2025-35282,?,2025-10-01,5B,Other public bodies,Organismo Autónomo Parques Nacionales,not_described,land,drop,,none,lot,,0,dropped,n/a,n/a,n/a,n/a,n/a,undeterminable,none,yes,R3,,scope undeterminable>drop,"sale of grazing rights (aprovechamiento), not of property"
BOE-B-2025-35395#1,BOE-B-2025-35395,1,2025-10-02,5B,Patrimonio del Estado (DEH),Delegación de Economía y Hacienda en Valencia (Unidad de Patrimonio del Estado),single,land,drop,excluded notice kind: direct_named,none,lot,,0,dropped,n/a,n/a,n/a,n/a,n/a,excluded,none,yes,extra,,scope excluded>drop,"direct adjudication to a party who showed interest (art. 137.4 LPAP); not an offer to the public (rule §1.1, direct_named)"
BOE-B-2025-35396#1,BOE-B-2025-35396,1,2025-10-02,5B,Patrimonio del Estado (DEH),Delegación de Economía y Hacienda en Badajoz,lote_header,residential,excluded,declared exempt by the seller,exempt_declared,lot,,0,excluded,n/a,n/a,n/a,n/a,n/a,excluded,exempt_declared,yes,R4,3.2.e,none,52 m2 house declared exempt under art. 3.2.e
BOE-B-2025-35396#2,BOE-B-2025-35396,2,2025-10-02,5B,Patrimonio del Estado (DEH),Delegación de Economía y Hacienda en Badajoz,lote_header,residential,excluded,declared exempt by the seller,exempt_declared,lot,,0,excluded,n/a,n/a,n/a,no,no,excluded,exempt_declared,yes,R4,3.2.e_part,none,"ground floor of a house declared exempt under art. 3.2.e; art. 3.2.e gives the declaration to «el propietario del edificio o de parte del edificio», so the owner-seller's declaration for a part is accepted; the non-binding MITECO FAQ no. 7 reads the exclusion as whole buildings only (sensitivity)"
BOE-B-2025-35396#3,BOE-B-2025-35396,3,2025-10-02,5B,Patrimonio del Estado (DEH),Delegación de Economía y Hacienda en Badajoz,lote_header,land,excluded,land: not a building (art. 2.h),none,lot,,0,excluded,n/a,n/a,n/a,n/a,n/a,excluded,none,no,,,,
BOE-B-2025-35396#4,BOE-B-2025-35396,4,2025-10-02,5B,Patrimonio del Estado (DEH),Delegación de Economía y Hacienda en Badajoz,lote_header,land,excluded,land: not a building (art. 2.h),none,lot,,0,excluded,n/a,n/a,n/a,n/a,n/a,excluded,none,no,,,,
BOE-B-2025-35396#5,BOE-B-2025-35396,5,2025-10-02,5B,Patrimonio del Estado (DEH),Delegación de Economía y Hacienda en Badajoz,lote_header,land,excluded,land: not a building (art. 2.h),none,lot,,0,excluded,n/a,n/a,n/a,n/a,n/a,excluded,none,no,,,,
BOE-B-2025-35396#6,BOE-B-2025-35396,6,2025-10-02,5B,Patrimonio del Estado (DEH),Delegación de Economía y Hacienda en Badajoz,lote_header,land,excluded,land: not a building (art. 2.h),none,lot,,0,excluded,n/a,n/a,n/a,n/a,n/a,excluded,none,no,,,,
BOE-B-2025-35396#7,BOE-B-2025-35396,7,2025-10-02,5B,Patrimonio del Estado (DEH),Delegación de Economía y Hacienda en Badajoz,lote_header,land,excluded,land: not a building (art. 2.h),none,lot,,0,excluded,n/a,n/a,n/a,n/a,n/a,excluded,none,no,,,,
BOE-B-2025-35396#8,BOE-B-2025-35396,8,2025-10-02,5B,Patrimonio del Estado (DEH),Delegación de Economía y Hacienda en Badajoz,lote_header,land,excluded,land: not a building (art. 2.h),none,lot,,0,excluded,n/a,n/a,n/a,n/a,n/a,excluded,none,no,,,,
BOE-B-2025-35397#1,BOE-B-2025-35397,1,2025-10-02,5B,Patrimonio del Estado (DEH),Delegación de Economía y Hacienda en Pontevedra,lote_header,land,excluded,land: not a building (art. 2.h),none,lot,,0,excluded,n/a,n/a,n/a,n/a,n/a,excluded,none,no,,,,
BOE-B-2025-35397#2,BOE-B-2025-35397,2,2025-10-02,5B,Patrimonio del Estado (DEH),Delegación de Economía y Hacienda en Pontevedra,lote_header,land,excluded,land: not a building (art. 2.h),none,lot,,0,excluded,n/a,n/a,n/a,n/a,n/a,excluded,none,no,,,,
BOE-B-2025-35397#3,BOE-B-2025-35397,3,2025-10-02,5B,Patrimonio del Estado (DEH),Delegación de Economía y Hacienda en Pontevedra,lote_header,land,excluded,land: not a building (art. 2.h),none,lot,,0,excluded,n/a,n/a,n/a,n/a,n/a,excluded,none,no,,,,
BOE-B-2025-35505#1,BOE-B-2025-35505,1,2025-10-03,5B,Patrimonio del Estado (DEH),Delegación Especial de Economía y Hacienda en Madrid,lote_header,land,excluded,land: not a building (art. 2.h),none,lot,,0,excluded,n/a,n/a,n/a,n/a,n/a,excluded,none,no,,,,
BOE-B-2025-35505#2,BOE-B-2025-35505,2,2025-10-03,5B,Patrimonio del Estado (DEH),Delegación Especial de Economía y Hacienda en Madrid,lote_header,land,excluded,land: not a building (art. 2.h),none,lot,,0,excluded,n/a,n/a,n/a,n/a,n/a,excluded,none,no,,,,
BOE-B-2025-35505#3,BOE-B-2025-35505,3,2025-10-03,5B,Patrimonio del Estado (DEH),Delegación Especial de Economía y Hacienda en Madrid,lote_header,land,excluded,land: not a building (art. 2.h),none,lot,,0,excluded,n/a,n/a,n/a,n/a,n/a,excluded,none,no,,,,
BOE-B-2025-35505#4,BOE-B-2025-35505,4,2025-10-03,5B,Patrimonio del Estado (DEH),Delegación Especial de Economía y Hacienda en Madrid,lote_header,land,excluded,land: not a building (art. 2.h),none,lot,,0,excluded,n/a,n/a,n/a,n/a,n/a,excluded,none,no,,,,
BOE-B-2025-35505#5,BOE-B-2025-35505,5,2025-10-03,5B,Patrimonio del Estado (DEH),Delegación Especial de Economía y Hacienda en Madrid,lote_header,land,excluded,land: not a building (art. 2.h),none,lot,,0,excluded,n/a,n/a,n/a,n/a,n/a,excluded,none,no,,,,
BOE-B-2025-35505#6,BOE-B-2025-35505,6,2025-10-03,5B,Patrimonio del Estado (DEH),Delegación Especial de Economía y Hacienda en Madrid,lote_header,land,excluded,land: not a building (art. 2.h),none,lot,,0,excluded,n/a,n/a,n/a,n/a,n/a,excluded,none,no,,,,
BOE-B-2025-35505#7,BOE-B-2025-35505,7,2025-10-03,5B,Patrimonio del Estado (DEH),Delegación Especial de Economía y Hacienda en Madrid,lote_header,land,excluded,land: not a building (art. 2.h),none,lot,,0,excluded,n/a,n/a,n/a,n/a,n/a,excluded,none,no,,,,
BOE-B-2025-35526#1,BOE-B-2025-35526,1,2025-10-03,5B,TGSS,Dirección Provincial de la Tesorería General de la Seguridad Social de Bizkaia,single,commercial,covered,,rating,lot,C,1,yes,yes,yes,yes,yes,yes,covered,rating,no,,,,
BOE-B-2025-36179#1,BOE-B-2025-36179,1,2025-10-07,5B,Patrimonio del Estado (DEH),Delegación de Economía y Hacienda en Valencia,lote_header,land,excluded,land: not a building (art. 2.h),none,lot,,0,excluded,n/a,n/a,n/a,n/a,n/a,excluded,none,no,,,,
BOE-B-2025-36179#10,BOE-B-2025-36179,10,2025-10-07,5B,Patrimonio del Estado (DEH),Delegación de Economía y Hacienda en Valencia,lote_header,land,excluded,land: not a building (art. 2.h),none,lot,,0,excluded,n/a,n/a,n/a,n/a,n/a,excluded,none,no,,,,
BOE-B-2025-36179#100,BOE-B-2025-36179,100,2025-10-07,5B,Patrimonio del Estado (DEH),Delegación de Economía y Hacienda en Valencia,lote_header,land,excluded,land: not a building (art. 2.h),none,lot,,0,excluded,n/a,n/a,n/a,n/a,n/a,excluded,none,no,,,,
BOE-B-2025-36179#101,BOE-B-2025-36179,101,2025-10-07,5B,Patrimonio del Estado (DEH),Delegación de Economía y Hacienda en Valencia,lote_header,land,excluded,land: not a building (art. 2.h),none,lot,,0,excluded,n/a,n/a,n/a,n/a,n/a,excluded,none,no,,,,
BOE-B-2025-36179#102,BOE-B-2025-36179,102,2025-10-07,5B,Patrimonio del Estado (DEH),Delegación de Economía y Hacienda en Valencia,lote_header,land,excluded,land: not a building (art. 2.h),none,lot,,0,excluded,n/a,n/a,n/a,n/a,n/a,excluded,none,no,,,,
BOE-B-2025-36179#103,BOE-B-2025-36179,103,2025-10-07,5B,Patrimonio del Estado (DEH),Delegación de Economía y Hacienda en Valencia,lote_header,land,excluded,land: not a building (art. 2.h),none,lot,,0,excluded,n/a,n/a,n/a,n/a,n/a,excluded,none,yes,R4,,none,land (rustic or unbuilt plot); confirmed
BOE-B-2025-36179#104,BOE-B-2025-36179,104,2025-10-07,5B,Patrimonio del Estado (DEH),Delegación de Economía y Hacienda en Valencia,lote_header,land,excluded,land: not a building (art. 2.h),none,lot,,0,excluded,n/a,n/a,n/a,n/a,n/a,excluded,none,no,,,,
BOE-B-2025-36179#105,BOE-B-2025-36179,105,2025-10-07,5B,Patrimonio del Estado (DEH),Delegación de Economía y Hacienda en Valencia,lote_header,land,excluded,land: not a building (art. 2.h),none,lot,,0,excluded,n/a,n/a,n/a,n/a,n/a,excluded,none,no,,,,
BOE-B-2025-36179#106,BOE-B-2025-36179,106,2025-10-07,5B,Patrimonio del Estado (DEH),Delegación de Economía y Hacienda en Valencia,lote_header,land,excluded,land: not a building (art. 2.h),none,lot,,0,excluded,n/a,n/a,n/a,n/a,n/a,excluded,none,no,,,,
BOE-B-2025-36179#107,BOE-B-2025-36179,107,2025-10-07,5B,Patrimonio del Estado (DEH),Delegación de Economía y Hacienda en Valencia,lote_header,land,excluded,land: not a building (art. 2.h),none,lot,,0,excluded,n/a,n/a,n/a,n/a,n/a,excluded,none,no,,,,
BOE-B-2025-36179#108,BOE-B-2025-36179,108,2025-10-07,5B,Patrimonio del Estado (DEH),Delegación de Economía y Hacienda en Valencia,lote_header,land,excluded,land: not a building (art. 2.h),none,lot,,0,excluded,n/a,n/a,n/a,n/a,n/a,excluded,none,no,,,,
BOE-B-2025-36179#109,BOE-B-2025-36179,109,2025-10-07,5B,Patrimonio del Estado (DEH),Delegación de Economía y Hacienda en Valencia,lote_header,land,excluded,land: not a building (art. 2.h),none,lot,,0,excluded,n/a,n/a,n/a,n/a,n/a,excluded,none,no,,,,
BOE-B-2025-36179#11,BOE-B-2025-36179,11,2025-10-07,5B,Patrimonio del Estado (DEH),Delegación de Economía y Hacienda en Valencia,lote_header,land,excluded,land: not a building (art. 2.h),none,lot,,0,excluded,n/a,n/a,n/a,n/a,n/a,excluded,none,no,,,,
BOE-B-2025-36179#110,BOE-B-2025-36179,110,2025-10-07,5B,Patrimonio del Estado (DEH),Delegación de Economía y Hacienda en Valencia,lote_header,land,excluded,land: not a building (art. 2.h),none,lot,,0,excluded,n/a,n/a,n/a,n/a,n/a,excluded,none,no,,,,
BOE-B-2025-36179#111,BOE-B-2025-36179,111,2025-10-07,5B,Patrimonio del Estado (DEH),Delegación de Economía y Hacienda en Valencia,lote_header,land,excluded,land: not a building (art. 2.h),none,lot,,0,excluded,n/a,n/a,n/a,n/a,n/a,excluded,none,no,,,,
BOE-B-2025-36179#112,BOE-B-2025-36179,112,2025-10-07,5B,Patrimonio del Estado (DEH),Delegación de Economía y Hacienda en Valencia,lote_header,land,excluded,land: not a building (art. 2.h),none,lot,,0,excluded,n/a,n/a,n/a,n/a,n/a,excluded,none,no,,,,
BOE-B-2025-36179#113,BOE-B-2025-36179,113,2025-10-07,5B,Patrimonio del Estado (DEH),Delegación de Economía y Hacienda en Valencia,lote_header,land,excluded,land: not a building (art. 2.h),none,lot,,0,excluded,n/a,n/a,n/a,n/a,n/a,excluded,none,no,,,,
BOE-B-2025-36179#114,BOE-B-2025-36179,114,2025-10-07,5B,Patrimonio del Estado (DEH),Delegación de Economía y Hacienda en Valencia,lote_header,land,excluded,land: not a building (art. 2.h),none,lot,,0,excluded,n/a,n/a,n/a,n/a,n/a,excluded,none,no,,,,
BOE-B-2025-36179#115,BOE-B-2025-36179,115,2025-10-07,5B,Patrimonio del Estado (DEH),Delegación de Economía y Hacienda en Valencia,lote_header,land,excluded,land: not a building (art. 2.h),none,lot,,0,excluded,n/a,n/a,n/a,n/a,n/a,excluded,none,no,,,,
BOE-B-2025-36179#116,BOE-B-2025-36179,116,2025-10-07,5B,Patrimonio del Estado (DEH),Delegación de Economía y Hacienda en Valencia,lote_header,land,excluded,land: not a building (art. 2.h),none,lot,,0,excluded,n/a,n/a,n/a,n/a,n/a,excluded,none,no,,,,
BOE-B-2025-36179#117,BOE-B-2025-36179,117,2025-10-07,5B,Patrimonio del Estado (DEH),Delegación de Economía y Hacienda en Valencia,lote_header,land,excluded,land: not a building (art. 2.h),none,lot,,0,excluded,n/a,n/a,n/a,n/a,n/a,excluded,none,no,,,,
BOE-B-2025-36179#118,BOE-B-2025-36179,118,2025-10-07,5B,Patrimonio del Estado (DEH),Delegación de Economía y Hacienda en Valencia,lote_header,land,excluded,land: not a building (art. 2.h),none,lot,,0,excluded,n/a,n/a,n/a,n/a,n/a,excluded,none,no,,,,
BOE-B-2025-36179#119,BOE-B-2025-36179,119,2025-10-07,5B,Patrimonio del Estado (DEH),Delegación de Economía y Hacienda en Valencia,lote_header,land,excluded,land: not a building (art. 2.h),none,lot,,0,excluded,n/a,n/a,n/a,n/a,n/a,excluded,none,no,,,,
BOE-B-2025-36179#12,BOE-B-2025-36179,12,2025-10-07,5B,Patrimonio del Estado (DEH),Delegación de Economía y Hacienda en Valencia,lote_header,land,excluded,land: not a building (art. 2.h),none,lot,,0,excluded,n/a,n/a,n/a,n/a,n/a,excluded,none,no,,,,
BOE-B-2025-36179#120,BOE-B-2025-36179,120,2025-10-07,5B,Patrimonio del Estado (DEH),Delegación de Economía y Hacienda en Valencia,lote_header,land,excluded,land: not a building (art. 2.h),none,lot,,0,excluded,n/a,n/a,n/a,n/a,n/a,excluded,none,no,,,,
BOE-B-2025-36179#121,BOE-B-2025-36179,121,2025-10-07,5B,Patrimonio del Estado (DEH),Delegación de Economía y Hacienda en Valencia,lote_header,land,excluded,land: not a building (art. 2.h),none,lot,,0,excluded,n/a,n/a,n/a,n/a,n/a,excluded,none,no,,,,
BOE-B-2025-36179#122,BOE-B-2025-36179,122,2025-10-07,5B,Patrimonio del Estado (DEH),Delegación de Economía y Hacienda en Valencia,lote_header,land,excluded,land: not a building (art. 2.h),none,lot,,0,excluded,n/a,n/a,n/a,n/a,n/a,excluded,none,no,,,,
BOE-B-2025-36179#123,BOE-B-2025-36179,123,2025-10-07,5B,Patrimonio del Estado (DEH),Delegación de Economía y Hacienda en Valencia,lote_header,land,excluded,land: not a building (art. 2.h),none,lot,,0,excluded,n/a,n/a,n/a,n/a,n/a,excluded,none,no,,,,
BOE-B-2025-36179#124,BOE-B-2025-36179,124,2025-10-07,5B,Patrimonio del Estado (DEH),Delegación de Economía y Hacienda en Valencia,lote_header,land,excluded,land: not a building (art. 2.h),none,lot,,0,excluded,n/a,n/a,n/a,n/a,n/a,excluded,none,no,,,,
BOE-B-2025-36179#125,BOE-B-2025-36179,125,2025-10-07,5B,Patrimonio del Estado (DEH),Delegación de Economía y Hacienda en Valencia,lote_header,land,excluded,land: not a building (art. 2.h),none,lot,,0,excluded,n/a,n/a,n/a,n/a,n/a,excluded,none,no,,,,
BOE-B-2025-36179#126,BOE-B-2025-36179,126,2025-10-07,5B,Patrimonio del Estado (DEH),Delegación de Economía y Hacienda en Valencia,lote_header,land,excluded,land: not a building (art. 2.h),none,lot,,0,excluded,n/a,n/a,n/a,n/a,n/a,excluded,none,no,,,,
BOE-B-2025-36179#127,BOE-B-2025-36179,127,2025-10-07,5B,Patrimonio del Estado (DEH),Delegación de Economía y Hacienda en Valencia,lote_header,land,excluded,land: not a building (art. 2.h),none,lot,,0,excluded,n/a,n/a,n/a,n/a,n/a,excluded,none,no,,,,
BOE-B-2025-36179#128,BOE-B-2025-36179,128,2025-10-07,5B,Patrimonio del Estado (DEH),Delegación de Economía y Hacienda en Valencia,lote_header,land,excluded,land: not a building (art. 2.h),none,lot,,0,excluded,n/a,n/a,n/a,n/a,n/a,excluded,none,no,,,,
BOE-B-2025-36179#129,BOE-B-2025-36179,129,2025-10-07,5B,Patrimonio del Estado (DEH),Delegación de Economía y Hacienda en Valencia,lote_header,land,excluded,land: not a building (art. 2.h),none,lot,,0,excluded,n/a,n/a,n/a,n/a,n/a,excluded,none,no,,,,
BOE-B-2025-36179#13,BOE-B-2025-36179,13,2025-10-07,5B,Patrimonio del Estado (DEH),Delegación de Economía y Hacienda en Valencia,lote_header,land,excluded,land: not a building (art. 2.h),none,lot,,0,excluded,n/a,n/a,n/a,n/a,n/a,excluded,none,no,,,,
BOE-B-2025-36179#130,BOE-B-2025-36179,130,2025-10-07,5B,Patrimonio del Estado (DEH),Delegación de Economía y Hacienda en Valencia,lote_header,land,excluded,land: not a building (art. 2.h),none,lot,,0,excluded,n/a,n/a,n/a,n/a,n/a,excluded,none,no,,,,
BOE-B-2025-36179#131,BOE-B-2025-36179,131,2025-10-07,5B,Patrimonio del Estado (DEH),Delegación de Economía y Hacienda en Valencia,lote_header,land,excluded,land: not a building (art. 2.h),none,lot,,0,excluded,n/a,n/a,n/a,n/a,n/a,excluded,none,no,,,,
BOE-B-2025-36179#14,BOE-B-2025-36179,14,2025-10-07,5B,Patrimonio del Estado (DEH),Delegación de Economía y Hacienda en Valencia,lote_header,land,excluded,land: not a building (art. 2.h),none,lot,,0,excluded,n/a,n/a,n/a,n/a,n/a,excluded,none,no,,,,
BOE-B-2025-36179#15,BOE-B-2025-36179,15,2025-10-07,5B,Patrimonio del Estado (DEH),Delegación de Economía y Hacienda en Valencia,lote_header,land,excluded,land: not a building (art. 2.h),none,lot,,0,excluded,n/a,n/a,n/a,n/a,n/a,excluded,none,no,,,,
BOE-B-2025-36179#16,BOE-B-2025-36179,16,2025-10-07,5B,Patrimonio del Estado (DEH),Delegación de Economía y Hacienda en Valencia,lote_header,land,excluded,land: not a building (art. 2.h),none,lot,,0,excluded,n/a,n/a,n/a,n/a,n/a,excluded,none,no,,,,
BOE-B-2025-36179#17,BOE-B-2025-36179,17,2025-10-07,5B,Patrimonio del Estado (DEH),Delegación de Economía y Hacienda en Valencia,lote_header,land,excluded,land: not a building (art. 2.h),none,lot,,0,excluded,n/a,n/a,n/a,n/a,n/a,excluded,none,no,,,,
BOE-B-2025-36179#18,BOE-B-2025-36179,18,2025-10-07,5B,Patrimonio del Estado (DEH),Delegación de Economía y Hacienda en Valencia,lote_header,land,excluded,land: not a building (art. 2.h),none,lot,,0,excluded,n/a,n/a,n/a,n/a,n/a,excluded,none,no,,,,
BOE-B-2025-36179#19,BOE-B-2025-36179,19,2025-10-07,5B,Patrimonio del Estado (DEH),Delegación de Economía y Hacienda en Valencia,lote_header,land,excluded,land: not a building (art. 2.h),none,lot,,0,excluded,n/a,n/a,n/a,n/a,n/a,excluded,none,no,,,,
BOE-B-2025-36179#2,BOE-B-2025-36179,2,2025-10-07,5B,Patrimonio del Estado (DEH),Delegación de Economía y Hacienda en Valencia,lote_header,land,excluded,land: not a building (art. 2.h),none,lot,,0,excluded,n/a,n/a,n/a,n/a,n/a,excluded,none,no,,,,
BOE-B-2025-36179#20,BOE-B-2025-36179,20,2025-10-07,5B,Patrimonio del Estado (DEH),Delegación de Economía y Hacienda en Valencia,lote_header,land,excluded,land: not a building (art. 2.h),none,lot,,0,excluded,n/a,n/a,n/a,n/a,n/a,excluded,none,no,,,,
BOE-B-2025-36179#21,BOE-B-2025-36179,21,2025-10-07,5B,Patrimonio del Estado (DEH),Delegación de Economía y Hacienda en Valencia,lote_header,land,excluded,land: not a building (art. 2.h),none,lot,,0,excluded,n/a,n/a,n/a,n/a,n/a,excluded,none,no,,,,
BOE-B-2025-36179#22,BOE-B-2025-36179,22,2025-10-07,5B,Patrimonio del Estado (DEH),Delegación de Economía y Hacienda en Valencia,lote_header,land,excluded,land: not a building (art. 2.h),none,lot,,0,excluded,n/a,n/a,n/a,n/a,n/a,excluded,none,no,,,,
BOE-B-2025-36179#23,BOE-B-2025-36179,23,2025-10-07,5B,Patrimonio del Estado (DEH),Delegación de Economía y Hacienda en Valencia,lote_header,land,excluded,land: not a building (art. 2.h),none,lot,,0,excluded,n/a,n/a,n/a,n/a,n/a,excluded,none,no,,,,
BOE-B-2025-36179#24,BOE-B-2025-36179,24,2025-10-07,5B,Patrimonio del Estado (DEH),Delegación de Economía y Hacienda en Valencia,lote_header,land,excluded,land: not a building (art. 2.h),none,lot,,0,excluded,n/a,n/a,n/a,n/a,n/a,excluded,none,no,,,,
BOE-B-2025-36179#25,BOE-B-2025-36179,25,2025-10-07,5B,Patrimonio del Estado (DEH),Delegación de Economía y Hacienda en Valencia,lote_header,land,excluded,land: not a building (art. 2.h),none,lot,,0,excluded,n/a,n/a,n/a,n/a,n/a,excluded,none,no,,,,
BOE-B-2025-36179#26,BOE-B-2025-36179,26,2025-10-07,5B,Patrimonio del Estado (DEH),Delegación de Economía y Hacienda en Valencia,lote_header,land,excluded,land: not a building (art. 2.h),none,lot,,0,excluded,n/a,n/a,n/a,n/a,n/a,excluded,none,yes,R4,,none,land (rustic or unbuilt plot); confirmed
BOE-B-2025-36179#27,BOE-B-2025-36179,27,2025-10-07,5B,Patrimonio del Estado (DEH),Delegación de Economía y Hacienda en Valencia,lote_header,land,excluded,land: not a building (art. 2.h),none,lot,,0,excluded,n/a,n/a,n/a,n/a,n/a,excluded,none,no,,,,
BOE-B-2025-36179#28,BOE-B-2025-36179,28,2025-10-07,5B,Patrimonio del Estado (DEH),Delegación de Economía y Hacienda en Valencia,lote_header,land,excluded,land: not a building (art. 2.h),none,lot,,0,excluded,n/a,n/a,n/a,n/a,n/a,excluded,none,no,,,,
BOE-B-2025-36179#29,BOE-B-2025-36179,29,2025-10-07,5B,Patrimonio del Estado (DEH),Delegación de Economía y Hacienda en Valencia,lote_header,land,excluded,land: not a building (art. 2.h),none,lot,,0,excluded,n/a,n/a,n/a,n/a,n/a,excluded,none,no,,,,
BOE-B-2025-36179#3,BOE-B-2025-36179,3,2025-10-07,5B,Patrimonio del Estado (DEH),Delegación de Economía y Hacienda en Valencia,lote_header,land,excluded,land: not a building (art. 2.h),none,lot,,0,excluded,n/a,n/a,n/a,n/a,n/a,excluded,none,no,,,,
BOE-B-2025-36179#30,BOE-B-2025-36179,30,2025-10-07,5B,Patrimonio del Estado (DEH),Delegación de Economía y Hacienda en Valencia,lote_header,land,excluded,land: not a building (art. 2.h),none,lot,,0,excluded,n/a,n/a,n/a,n/a,n/a,excluded,none,no,,,,
BOE-B-2025-36179#31,BOE-B-2025-36179,31,2025-10-07,5B,Patrimonio del Estado (DEH),Delegación de Economía y Hacienda en Valencia,lote_header,land,excluded,land: not a building (art. 2.h),none,lot,,0,excluded,n/a,n/a,n/a,n/a,n/a,excluded,none,no,,,,
BOE-B-2025-36179#32,BOE-B-2025-36179,32,2025-10-07,5B,Patrimonio del Estado (DEH),Delegación de Economía y Hacienda en Valencia,lote_header,land,excluded,land: not a building (art. 2.h),none,lot,,0,excluded,n/a,n/a,n/a,n/a,n/a,excluded,none,no,,,,
BOE-B-2025-36179#33,BOE-B-2025-36179,33,2025-10-07,5B,Patrimonio del Estado (DEH),Delegación de Economía y Hacienda en Valencia,lote_header,land,excluded,land: not a building (art. 2.h),none,lot,,0,excluded,n/a,n/a,n/a,n/a,n/a,excluded,none,no,,,,
BOE-B-2025-36179#34,BOE-B-2025-36179,34,2025-10-07,5B,Patrimonio del Estado (DEH),Delegación de Economía y Hacienda en Valencia,lote_header,land,excluded,land: not a building (art. 2.h),none,lot,,0,excluded,n/a,n/a,n/a,n/a,n/a,excluded,none,no,,,,
BOE-B-2025-36179#35,BOE-B-2025-36179,35,2025-10-07,5B,Patrimonio del Estado (DEH),Delegación de Economía y Hacienda en Valencia,lote_header,land,excluded,land: not a building (art. 2.h),none,lot,,0,excluded,n/a,n/a,n/a,n/a,n/a,excluded,none,no,,,,
BOE-B-2025-36179#36,BOE-B-2025-36179,36,2025-10-07,5B,Patrimonio del Estado (DEH),Delegación de Economía y Hacienda en Valencia,lote_header,land,excluded,land: not a building (art. 2.h),none,lot,,0,excluded,n/a,n/a,n/a,n/a,n/a,excluded,none,no,,,,
BOE-B-2025-36179#37,BOE-B-2025-36179,37,2025-10-07,5B,Patrimonio del Estado (DEH),Delegación de Economía y Hacienda en Valencia,lote_header,land,excluded,land: not a building (art. 2.h),none,lot,,0,excluded,n/a,n/a,n/a,n/a,n/a,excluded,none,no,,,,
BOE-B-2025-36179#38,BOE-B-2025-36179,38,2025-10-07,5B,Patrimonio del Estado (DEH),Delegación de Economía y Hacienda en Valencia,lote_header,land,excluded,land: not a building (art. 2.h),none,lot,,0,excluded,n/a,n/a,n/a,n/a,n/a,excluded,none,no,,,,
BOE-B-2025-36179#39,BOE-B-2025-36179,39,2025-10-07,5B,Patrimonio del Estado (DEH),Delegación de Economía y Hacienda en Valencia,lote_header,land,excluded,land: not a building (art. 2.h),none,lot,,0,excluded,n/a,n/a,n/a,n/a,n/a,excluded,none,no,,,,
BOE-B-2025-36179#4,BOE-B-2025-36179,4,2025-10-07,5B,Patrimonio del Estado (DEH),Delegación de Economía y Hacienda en Valencia,lote_header,land,excluded,land: not a building (art. 2.h),none,lot,,0,excluded,n/a,n/a,n/a,n/a,n/a,excluded,none,no,,,,
BOE-B-2025-36179#40,BOE-B-2025-36179,40,2025-10-07,5B,Patrimonio del Estado (DEH),Delegación de Economía y Hacienda en Valencia,lote_header,land,excluded,land: not a building (art. 2.h),none,lot,,0,excluded,n/a,n/a,n/a,n/a,n/a,excluded,none,no,,,,
BOE-B-2025-36179#41,BOE-B-2025-36179,41,2025-10-07,5B,Patrimonio del Estado (DEH),Delegación de Economía y Hacienda en Valencia,lote_header,land,excluded,land: not a building (art. 2.h),none,lot,,0,excluded,n/a,n/a,n/a,n/a,n/a,excluded,none,no,,,,
BOE-B-2025-36179#42,BOE-B-2025-36179,42,2025-10-07,5B,Patrimonio del Estado (DEH),Delegación de Economía y Hacienda en Valencia,lote_header,land,excluded,land: not a building (art. 2.h),none,lot,,0,excluded,n/a,n/a,n/a,n/a,n/a,excluded,none,no,,,,
BOE-B-2025-36179#43,BOE-B-2025-36179,43,2025-10-07,5B,Patrimonio del Estado (DEH),Delegación de Economía y Hacienda en Valencia,lote_header,land,excluded,land: not a building (art. 2.h),none,lot,,0,excluded,n/a,n/a,n/a,n/a,n/a,excluded,none,no,,,,
BOE-B-2025-36179#44,BOE-B-2025-36179,44,2025-10-07,5B,Patrimonio del Estado (DEH),Delegación de Economía y Hacienda en Valencia,lote_header,land,excluded,land: not a building (art. 2.h),none,lot,,0,excluded,n/a,n/a,n/a,n/a,n/a,excluded,none,no,,,,
BOE-B-2025-36179#45,BOE-B-2025-36179,45,2025-10-07,5B,Patrimonio del Estado (DEH),Delegación de Economía y Hacienda en Valencia,lote_header,land,excluded,land: not a building (art. 2.h),none,lot,,0,excluded,n/a,n/a,n/a,n/a,n/a,excluded,none,no,,,,
BOE-B-2025-36179#46,BOE-B-2025-36179,46,2025-10-07,5B,Patrimonio del Estado (DEH),Delegación de Economía y Hacienda en Valencia,lote_header,land,excluded,land: not a building (art. 2.h),none,lot,,0,excluded,n/a,n/a,n/a,n/a,n/a,excluded,none,no,,,,
BOE-B-2025-36179#47,BOE-B-2025-36179,47,2025-10-07,5B,Patrimonio del Estado (DEH),Delegación de Economía y Hacienda en Valencia,lote_header,land,excluded,land: not a building (art. 2.h),none,lot,,0,excluded,n/a,n/a,n/a,n/a,n/a,excluded,none,no,,,,
BOE-B-2025-36179#48,BOE-B-2025-36179,48,2025-10-07,5B,Patrimonio del Estado (DEH),Delegación de Economía y Hacienda en Valencia,lote_header,land,excluded,land: not a building (art. 2.h),none,lot,,0,excluded,n/a,n/a,n/a,n/a,n/a,excluded,none,no,,,,
BOE-B-2025-36179#49,BOE-B-2025-36179,49,2025-10-07,5B,Patrimonio del Estado (DEH),Delegación de Economía y Hacienda en Valencia,lote_header,land,excluded,land: not a building (art. 2.h),none,lot,,0,excluded,n/a,n/a,n/a,n/a,n/a,excluded,none,no,,,,
BOE-B-2025-36179#5,BOE-B-2025-36179,5,2025-10-07,5B,Patrimonio del Estado (DEH),Delegación de Economía y Hacienda en Valencia,lote_header,land,excluded,land: not a building (art. 2.h),none,lot,,0,excluded,n/a,n/a,n/a,n/a,n/a,excluded,none,no,,,,
BOE-B-2025-36179#50,BOE-B-2025-36179,50,2025-10-07,5B,Patrimonio del Estado (DEH),Delegación de Economía y Hacienda en Valencia,lote_header,land,excluded,land: not a building (art. 2.h),none,lot,,0,excluded,n/a,n/a,n/a,n/a,n/a,excluded,none,no,,,,
BOE-B-2025-36179#51,BOE-B-2025-36179,51,2025-10-07,5B,Patrimonio del Estado (DEH),Delegación de Economía y Hacienda en Valencia,lote_header,land,excluded,land: not a building (art. 2.h),none,lot,,0,excluded,n/a,n/a,n/a,n/a,n/a,excluded,none,no,,,,
BOE-B-2025-36179#52,BOE-B-2025-36179,52,2025-10-07,5B,Patrimonio del Estado (DEH),Delegación de Economía y Hacienda en Valencia,lote_header,land,excluded,land: not a building (art. 2.h),none,lot,,0,excluded,n/a,n/a,n/a,n/a,n/a,excluded,none,no,,,,
BOE-B-2025-36179#53,BOE-B-2025-36179,53,2025-10-07,5B,Patrimonio del Estado (DEH),Delegación de Economía y Hacienda en Valencia,lote_header,land,excluded,land: not a building (art. 2.h),none,lot,,0,excluded,n/a,n/a,n/a,n/a,n/a,excluded,none,no,,,,
BOE-B-2025-36179#54,BOE-B-2025-36179,54,2025-10-07,5B,Patrimonio del Estado (DEH),Delegación de Economía y Hacienda en Valencia,lote_header,land,excluded,land: not a building (art. 2.h),none,lot,,0,excluded,n/a,n/a,n/a,n/a,n/a,excluded,none,no,,,,
BOE-B-2025-36179#55,BOE-B-2025-36179,55,2025-10-07,5B,Patrimonio del Estado (DEH),Delegación de Economía y Hacienda en Valencia,lote_header,land,excluded,land: not a building (art. 2.h),none,lot,,0,excluded,n/a,n/a,n/a,n/a,n/a,excluded,none,no,,,,
BOE-B-2025-36179#56,BOE-B-2025-36179,56,2025-10-07,5B,Patrimonio del Estado (DEH),Delegación de Economía y Hacienda en Valencia,lote_header,land,excluded,land: not a building (art. 2.h),none,lot,,0,excluded,n/a,n/a,n/a,n/a,n/a,excluded,none,no,,,,
BOE-B-2025-36179#57,BOE-B-2025-36179,57,2025-10-07,5B,Patrimonio del Estado (DEH),Delegación de Economía y Hacienda en Valencia,lote_header,land,excluded,land: not a building (art. 2.h),none,lot,,0,excluded,n/a,n/a,n/a,n/a,n/a,excluded,none,no,,,,
BOE-B-2025-36179#58,BOE-B-2025-36179,58,2025-10-07,5B,Patrimonio del Estado (DEH),Delegación de Economía y Hacienda en Valencia,lote_header,land,excluded,land: not a building (art. 2.h),none,lot,,0,excluded,n/a,n/a,n/a,n/a,n/a,excluded,none,no,,,,
BOE-B-2025-36179#59,BOE-B-2025-36179,59,2025-10-07,5B,Patrimonio del Estado (DEH),Delegación de Economía y Hacienda en Valencia,lote_header,land,excluded,land: not a building (art. 2.h),none,lot,,0,excluded,n/a,n/a,n/a,n/a,n/a,excluded,none,no,,,,
BOE-B-2025-36179#6,BOE-B-2025-36179,6,2025-10-07,5B,Patrimonio del Estado (DEH),Delegación de Economía y Hacienda en Valencia,lote_header,land,excluded,land: not a building (art. 2.h),none,lot,,0,excluded,n/a,n/a,n/a,n/a,n/a,excluded,none,no,,,,
BOE-B-2025-36179#60,BOE-B-2025-36179,60,2025-10-07,5B,Patrimonio del Estado (DEH),Delegación de Economía y Hacienda en Valencia,lote_header,land,excluded,land: not a building (art. 2.h),none,lot,,0,excluded,n/a,n/a,n/a,n/a,n/a,excluded,none,no,,,,
BOE-B-2025-36179#61,BOE-B-2025-36179,61,2025-10-07,5B,Patrimonio del Estado (DEH),Delegación de Economía y Hacienda en Valencia,lote_header,land,excluded,land: not a building (art. 2.h),none,lot,,0,excluded,n/a,n/a,n/a,n/a,n/a,excluded,none,no,,,,
BOE-B-2025-36179#62,BOE-B-2025-36179,62,2025-10-07,5B,Patrimonio del Estado (DEH),Delegación de Economía y Hacienda en Valencia,lote_header,land,excluded,land: not a building (art. 2.h),none,lot,,0,excluded,n/a,n/a,n/a,n/a,n/a,excluded,none,no,,,,
BOE-B-2025-36179#63,BOE-B-2025-36179,63,2025-10-07,5B,Patrimonio del Estado (DEH),Delegación de Economía y Hacienda en Valencia,lote_header,land,excluded,land: not a building (art. 2.h),none,lot,,0,excluded,n/a,n/a,n/a,n/a,n/a,excluded,none,no,,,,
BOE-B-2025-36179#64,BOE-B-2025-36179,64,2025-10-07,5B,Patrimonio del Estado (DEH),Delegación de Economía y Hacienda en Valencia,lote_header,land,excluded,land: not a building (art. 2.h),none,lot,,0,excluded,n/a,n/a,n/a,n/a,n/a,excluded,none,no,,,,
BOE-B-2025-36179#65,BOE-B-2025-36179,65,2025-10-07,5B,Patrimonio del Estado (DEH),Delegación de Economía y Hacienda en Valencia,lote_header,land,excluded,land: not a building (art. 2.h),none,lot,,0,excluded,n/a,n/a,n/a,n/a,n/a,excluded,none,no,,,,
BOE-B-2025-36179#66,BOE-B-2025-36179,66,2025-10-07,5B,Patrimonio del Estado (DEH),Delegación de Economía y Hacienda en Valencia,lote_header,land,excluded,land: not a building (art. 2.h),none,lot,,0,excluded,n/a,n/a,n/a,n/a,n/a,excluded,none,no,,,,
BOE-B-2025-36179#67,BOE-B-2025-36179,67,2025-10-07,5B,Patrimonio del Estado (DEH),Delegación de Economía y Hacienda en Valencia,lote_header,land,excluded,land: not a building (art. 2.h),none,lot,,0,excluded,n/a,n/a,n/a,n/a,n/a,excluded,none,no,,,,
BOE-B-2025-36179#68,BOE-B-2025-36179,68,2025-10-07,5B,Patrimonio del Estado (DEH),Delegación de Economía y Hacienda en Valencia,lote_header,land,excluded,land: not a building (art. 2.h),none,lot,,0,excluded,n/a,n/a,n/a,n/a,n/a,excluded,none,no,,,,
BOE-B-2025-36179#69,BOE-B-2025-36179,69,2025-10-07,5B,Patrimonio del Estado (DEH),Delegación de Economía y Hacienda en Valencia,lote_header,land,excluded,land: not a building (art. 2.h),none,lot,,0,excluded,n/a,n/a,n/a,n/a,n/a,excluded,none,no,,,,
BOE-B-2025-36179#7,BOE-B-2025-36179,7,2025-10-07,5B,Patrimonio del Estado (DEH),Delegación de Economía y Hacienda en Valencia,lote_header,land,excluded,land: not a building (art. 2.h),none,lot,,0,excluded,n/a,n/a,n/a,n/a,n/a,excluded,none,no,,,,
BOE-B-2025-36179#70,BOE-B-2025-36179,70,2025-10-07,5B,Patrimonio del Estado (DEH),Delegación de Economía y Hacienda en Valencia,lote_header,land,excluded,land: not a building (art. 2.h),none,lot,,0,excluded,n/a,n/a,n/a,n/a,n/a,excluded,none,no,,,,
BOE-B-2025-36179#71,BOE-B-2025-36179,71,2025-10-07,5B,Patrimonio del Estado (DEH),Delegación de Economía y Hacienda en Valencia,lote_header,land,excluded,land: not a building (art. 2.h),none,lot,,0,excluded,n/a,n/a,n/a,n/a,n/a,excluded,none,no,,,,
BOE-B-2025-36179#72,BOE-B-2025-36179,72,2025-10-07,5B,Patrimonio del Estado (DEH),Delegación de Economía y Hacienda en Valencia,lote_header,land,excluded,land: not a building (art. 2.h),none,lot,,0,excluded,n/a,n/a,n/a,n/a,n/a,excluded,none,no,,,,
BOE-B-2025-36179#73,BOE-B-2025-36179,73,2025-10-07,5B,Patrimonio del Estado (DEH),Delegación de Economía y Hacienda en Valencia,lote_header,land,excluded,land: not a building (art. 2.h),none,lot,,0,excluded,n/a,n/a,n/a,n/a,n/a,excluded,none,no,,,,
BOE-B-2025-36179#74,BOE-B-2025-36179,74,2025-10-07,5B,Patrimonio del Estado (DEH),Delegación de Economía y Hacienda en Valencia,lote_header,land,excluded,land: not a building (art. 2.h),none,lot,,0,excluded,n/a,n/a,n/a,n/a,n/a,excluded,none,no,,,,
BOE-B-2025-36179#75,BOE-B-2025-36179,75,2025-10-07,5B,Patrimonio del Estado (DEH),Delegación de Economía y Hacienda en Valencia,lote_header,land,excluded,land: not a building (art. 2.h),none,lot,,0,excluded,n/a,n/a,n/a,n/a,n/a,excluded,none,no,,,,
BOE-B-2025-36179#76,BOE-B-2025-36179,76,2025-10-07,5B,Patrimonio del Estado (DEH),Delegación de Economía y Hacienda en Valencia,lote_header,land,excluded,land: not a building (art. 2.h),none,lot,,0,excluded,n/a,n/a,n/a,n/a,n/a,excluded,none,no,,,,
BOE-B-2025-36179#77,BOE-B-2025-36179,77,2025-10-07,5B,Patrimonio del Estado (DEH),Delegación de Economía y Hacienda en Valencia,lote_header,land,excluded,land: not a building (art. 2.h),none,lot,,0,excluded,n/a,n/a,n/a,n/a,n/a,excluded,none,no,,,,
BOE-B-2025-36179#78,BOE-B-2025-36179,78,2025-10-07,5B,Patrimonio del Estado (DEH),Delegación de Economía y Hacienda en Valencia,lote_header,land,excluded,land: not a building (art. 2.h),none,lot,,0,excluded,n/a,n/a,n/a,n/a,n/a,excluded,none,no,,,,
BOE-B-2025-36179#79,BOE-B-2025-36179,79,2025-10-07,5B,Patrimonio del Estado (DEH),Delegación de Economía y Hacienda en Valencia,lote_header,land,excluded,land: not a building (art. 2.h),none,lot,,0,excluded,n/a,n/a,n/a,n/a,n/a,excluded,none,no,,,,
BOE-B-2025-36179#8,BOE-B-2025-36179,8,2025-10-07,5B,Patrimonio del Estado (DEH),Delegación de Economía y Hacienda en Valencia,lote_header,land,excluded,land: not a building (art. 2.h),none,lot,,0,excluded,n/a,n/a,n/a,n/a,n/a,excluded,none,no,,,,
BOE-B-2025-36179#80,BOE-B-2025-36179,80,2025-10-07,5B,Patrimonio del Estado (DEH),Delegación de Economía y Hacienda en Valencia,lote_header,land,excluded,land: not a building (art. 2.h),none,lot,,0,excluded,n/a,n/a,n/a,n/a,n/a,excluded,none,no,,,,
BOE-B-2025-36179#81,BOE-B-2025-36179,81,2025-10-07,5B,Patrimonio del Estado (DEH),Delegación de Economía y Hacienda en Valencia,lote_header,land,excluded,land: not a building (art. 2.h),none,lot,,0,excluded,n/a,n/a,n/a,n/a,n/a,excluded,none,no,,,,
BOE-B-2025-36179#82,BOE-B-2025-36179,82,2025-10-07,5B,Patrimonio del Estado (DEH),Delegación de Economía y Hacienda en Valencia,lote_header,land,excluded,land: not a building (art. 2.h),none,lot,,0,excluded,n/a,n/a,n/a,n/a,n/a,excluded,none,yes,R4,,none,land (rustic or unbuilt plot); confirmed
BOE-B-2025-36179#83,BOE-B-2025-36179,83,2025-10-07,5B,Patrimonio del Estado (DEH),Delegación de Economía y Hacienda en Valencia,lote_header,land,excluded,land: not a building (art. 2.h),none,lot,,0,excluded,n/a,n/a,n/a,n/a,n/a,excluded,none,no,,,,
BOE-B-2025-36179#84,BOE-B-2025-36179,84,2025-10-07,5B,Patrimonio del Estado (DEH),Delegación de Economía y Hacienda en Valencia,lote_header,land,excluded,land: not a building (art. 2.h),none,lot,,0,excluded,n/a,n/a,n/a,n/a,n/a,excluded,none,no,,,,
BOE-B-2025-36179#85,BOE-B-2025-36179,85,2025-10-07,5B,Patrimonio del Estado (DEH),Delegación de Economía y Hacienda en Valencia,lote_header,land,excluded,land: not a building (art. 2.h),none,lot,,0,excluded,n/a,n/a,n/a,n/a,n/a,excluded,none,no,,,,
BOE-B-2025-36179#86,BOE-B-2025-36179,86,2025-10-07,5B,Patrimonio del Estado (DEH),Delegación de Economía y Hacienda en Valencia,lote_header,land,excluded,land: not a building (art. 2.h),none,lot,,0,excluded,n/a,n/a,n/a,n/a,n/a,excluded,none,no,,,,
BOE-B-2025-36179#87,BOE-B-2025-36179,87,2025-10-07,5B,Patrimonio del Estado (DEH),Delegación de Economía y Hacienda en Valencia,lote_header,land,excluded,land: not a building (art. 2.h),none,lot,,0,excluded,n/a,n/a,n/a,n/a,n/a,excluded,none,no,,,,
BOE-B-2025-36179#88,BOE-B-2025-36179,88,2025-10-07,5B,Patrimonio del Estado (DEH),Delegación de Economía y Hacienda en Valencia,lote_header,land,excluded,land: not a building (art. 2.h),none,lot,,0,excluded,n/a,n/a,n/a,n/a,n/a,excluded,none,no,,,,
BOE-B-2025-36179#89,BOE-B-2025-36179,89,2025-10-07,5B,Patrimonio del Estado (DEH),Delegación de Economía y Hacienda en Valencia,lote_header,land,excluded,land: not a building (art. 2.h),none,lot,,0,excluded,n/a,n/a,n/a,n/a,n/a,excluded,none,no,,,,
BOE-B-2025-36179#9,BOE-B-2025-36179,9,2025-10-07,5B,Patrimonio del Estado (DEH),Delegación de Economía y Hacienda en Valencia,lote_header,land,excluded,land: not a building (art. 2.h),none,lot,,0,excluded,n/a,n/a,n/a,n/a,n/a,excluded,none,no,,,,
BOE-B-2025-36179#90,BOE-B-2025-36179,90,2025-10-07,5B,Patrimonio del Estado (DEH),Delegación de Economía y Hacienda en Valencia,lote_header,land,excluded,land: not a building (art. 2.h),none,lot,,0,excluded,n/a,n/a,n/a,n/a,n/a,excluded,none,no,,,,
BOE-B-2025-36179#91,BOE-B-2025-36179,91,2025-10-07,5B,Patrimonio del Estado (DEH),Delegación de Economía y Hacienda en Valencia,lote_header,land,excluded,land: not a building (art. 2.h),none,lot,,0,excluded,n/a,n/a,n/a,n/a,n/a,excluded,none,no,,,,
BOE-B-2025-36179#92,BOE-B-2025-36179,92,2025-10-07,5B,Patrimonio del Estado (DEH),Delegación de Economía y Hacienda en Valencia,lote_header,land,excluded,land: not a building (art. 2.h),none,lot,,0,excluded,n/a,n/a,n/a,n/a,n/a,excluded,none,no,,,,
BOE-B-2025-36179#93,BOE-B-2025-36179,93,2025-10-07,5B,Patrimonio del Estado (DEH),Delegación de Economía y Hacienda en Valencia,lote_header,land,excluded,land: not a building (art. 2.h),none,lot,,0,excluded,n/a,n/a,n/a,n/a,n/a,excluded,none,no,,,,
BOE-B-2025-36179#94,BOE-B-2025-36179,94,2025-10-07,5B,Patrimonio del Estado (DEH),Delegación de Economía y Hacienda en Valencia,lote_header,land,excluded,land: not a building (art. 2.h),none,lot,,0,excluded,n/a,n/a,n/a,n/a,n/a,excluded,none,no,,,,
BOE-B-2025-36179#95,BOE-B-2025-36179,95,2025-10-07,5B,Patrimonio del Estado (DEH),Delegación de Economía y Hacienda en Valencia,lote_header,land,excluded,land: not a building (art. 2.h),none,lot,,0,excluded,n/a,n/a,n/a,n/a,n/a,excluded,none,no,,,,
BOE-B-2025-36179#96,BOE-B-2025-36179,96,2025-10-07,5B,Patrimonio del Estado (DEH),Delegación de Economía y Hacienda en Valencia,lote_header,land,excluded,land: not a building (art. 2.h),none,lot,,0,excluded,n/a,n/a,n/a,n/a,n/a,excluded,none,no,,,,
BOE-B-2025-36179#97,BOE-B-2025-36179,97,2025-10-07,5B,Patrimonio del Estado (DEH),Delegación de Economía y Hacienda en Valencia,lote_header,land,excluded,land: not a building (art. 2.h),none,lot,,0,excluded,n/a,n/a,n/a,n/a,n/a,excluded,none,no,,,,
BOE-B-2025-36179#98,BOE-B-2025-36179,98,2025-10-07,5B,Patrimonio del Estado (DEH),Delegación de Economía y Hacienda en Valencia,lote_header,land,excluded,land: not a building (art. 2.h),none,lot,,0,excluded,n/a,n/a,n/a,n/a,n/a,excluded,none,no,,,,
BOE-B-2025-36179#99,BOE-B-2025-36179,99,2025-10-07,5B,Patrimonio del Estado (DEH),Delegación de Economía y Hacienda en Valencia,lote_header,land,excluded,land: not a building (art. 2.h),none,lot,,0,excluded,n/a,n/a,n/a,n/a,n/a,excluded,none,no,,,,
BOE-B-2025-36295#1,BOE-B-2025-36295,1,2025-10-08,5B,Patrimonio del Estado (DEH),Delegación Especial de Economía y Hacienda en Madrid,lote_header,land,excluded,land: not a building (art. 2.h),none,lot,,0,excluded,n/a,n/a,n/a,n/a,n/a,excluded,none,no,,,,
BOE-B-2025-36295#2,BOE-B-2025-36295,2,2025-10-08,5B,Patrimonio del Estado (DEH),Delegación Especial de Economía y Hacienda en Madrid,lote_header,land,excluded,land: not a building (art. 2.h),none,lot,,0,excluded,n/a,n/a,n/a,n/a,n/a,excluded,none,no,,,,
BOE-B-2025-36295#3,BOE-B-2025-36295,3,2025-10-08,5B,Patrimonio del Estado (DEH),Delegación Especial de Economía y Hacienda en Madrid,lote_header,land,excluded,land: not a building (art. 2.h),none,lot,,0,excluded,n/a,n/a,n/a,n/a,n/a,excluded,none,no,,,,
BOE-B-2025-36295#4,BOE-B-2025-36295,4,2025-10-08,5B,Patrimonio del Estado (DEH),Delegación Especial de Economía y Hacienda en Madrid,lote_header,land,excluded,land: not a building (art. 2.h),none,lot,,0,excluded,n/a,n/a,n/a,n/a,n/a,excluded,none,no,,,,
BOE-B-2025-36295#5,BOE-B-2025-36295,5,2025-10-08,5B,Patrimonio del Estado (DEH),Delegación Especial de Economía y Hacienda en Madrid,lote_header,land,excluded,land: not a building (art. 2.h),none,lot,,0,excluded,n/a,n/a,n/a,n/a,n/a,excluded,none,no,,,,
BOE-B-2025-36295#6,BOE-B-2025-36295,6,2025-10-08,5B,Patrimonio del Estado (DEH),Delegación Especial de Economía y Hacienda en Madrid,lote_header,land,excluded,land: not a building (art. 2.h),none,lot,,0,excluded,n/a,n/a,n/a,n/a,n/a,excluded,none,no,,,,
BOE-B-2025-36295#7,BOE-B-2025-36295,7,2025-10-08,5B,Patrimonio del Estado (DEH),Delegación Especial de Economía y Hacienda en Madrid,lote_header,land,excluded,land: not a building (art. 2.h),none,lot,,0,excluded,n/a,n/a,n/a,n/a,n/a,excluded,none,no,,,,
BOE-B-2025-36295#8,BOE-B-2025-36295,8,2025-10-08,5B,Patrimonio del Estado (DEH),Delegación Especial de Economía y Hacienda en Madrid,lote_header,land,excluded,land: not a building (art. 2.h),none,lot,,0,excluded,n/a,n/a,n/a,n/a,n/a,excluded,none,no,,,,
BOE-B-2025-36295#9,BOE-B-2025-36295,9,2025-10-08,5B,Patrimonio del Estado (DEH),Delegación Especial de Economía y Hacienda en Madrid,lote_header,land,excluded,land: not a building (art. 2.h),none,lot,,0,excluded,n/a,n/a,n/a,n/a,n/a,excluded,none,no,,,,
BOE-B-2025-36320#1,BOE-B-2025-36320,1,2025-10-08,5B,TGSS,Dirección Provincial de la Tesorería General de la Seguridad Social de Salamanca,single,commercial,covered,,rating,lot,DE,1,yes,yes,yes,yes,yes,yes,covered,rating,yes,R2,,none,rating letter(s) stated in the lot; confirmed
BOE-B-2025-36518#1,BOE-B-2025-36518,1,2025-10-10,5B,Patrimonio del Estado (DEH),Delegación de Economía y Hacienda en Cáceres,lote_header,residential,covered,,rating,lot,E,1,yes,yes,yes,yes,yes,yes,covered,rating,yes,R2,,none,rating letter(s) stated in the lot; confirmed
BOE-B-2025-36518#2,BOE-B-2025-36518,2,2025-10-10,5B,Patrimonio del Estado (DEH),Delegación de Economía y Hacienda en Cáceres,lote_header,land,excluded,land: not a building (art. 2.h),none,lot,,0,excluded,n/a,n/a,n/a,n/a,n/a,excluded,none,no,,,,
BOE-B-2025-36518#3,BOE-B-2025-36518,3,2025-10-10,5B,Patrimonio del Estado (DEH),Delegación de Economía y Hacienda en Cáceres,lote_header,land,excluded,land: not a building (art. 2.h),none,lot,,0,excluded,n/a,n/a,n/a,n/a,n/a,undeterminable,none,yes,R3,,scope undeterminable>excluded; type rural_with_construction>land,"rustic plot; ""Casas"" is part of the municipality's name"
BOE-B-2025-36518#4,BOE-B-2025-36518,4,2025-10-10,5B,Patrimonio del Estado (DEH),Delegación de Economía y Hacienda en Cáceres,lote_header,land,excluded,land: not a building (art. 2.h),none,lot,,0,excluded,n/a,n/a,n/a,n/a,n/a,undeterminable,none,yes,R3,,scope undeterminable>excluded; type rural_with_construction>land,"rustic plot; ""Casas"" is part of the municipality's name"
BOE-B-2025-36518#5,BOE-B-2025-36518,5,2025-10-10,5B,Patrimonio del Estado (DEH),Delegación de Economía y Hacienda en Cáceres,lote_header,land,excluded,land: not a building (art. 2.h),none,lot,,0,excluded,n/a,n/a,n/a,n/a,n/a,undeterminable,none,yes,R3,,scope undeterminable>excluded; type rural_with_construction>land,"rustic plot; ""Casas"" is part of the municipality's name"
BOE-B-2025-36518#6,BOE-B-2025-36518,6,2025-10-10,5B,Patrimonio del Estado (DEH),Delegación de Economía y Hacienda en Cáceres,lote_header,land,excluded,land: not a building (art. 2.h),none,lot,,0,excluded,n/a,n/a,n/a,n/a,n/a,undeterminable,none,yes,R3,,scope undeterminable>excluded; type rural_with_construction>land,"rustic plot; ""Casas"" is part of the municipality's name"
BOE-B-2025-36518#7,BOE-B-2025-36518,7,2025-10-10,5B,Patrimonio del Estado (DEH),Delegación de Economía y Hacienda en Cáceres,lote_header,land,excluded,land: not a building (art. 2.h),none,lot,,0,excluded,n/a,n/a,n/a,n/a,n/a,excluded,none,no,,,,
BOE-B-2025-36518#8,BOE-B-2025-36518,8,2025-10-10,5B,Patrimonio del Estado (DEH),Delegación de Economía y Hacienda en Cáceres,lote_header,land,excluded,land: not a building (art. 2.h),none,lot,,0,excluded,n/a,n/a,n/a,n/a,n/a,excluded,none,no,,,,
BOE-B-2025-36518#9,BOE-B-2025-36518,9,2025-10-10,5B,Patrimonio del Estado (DEH),Delegación de Economía y Hacienda en Cáceres,lote_header,land,excluded,land: not a building (art. 2.h),none,lot,,0,excluded,n/a,n/a,n/a,n/a,n/a,excluded,none,no,,,,
BOE-B-2025-36949#1,BOE-B-2025-36949,1,2025-10-13,5B,Patrimonio del Estado (DEH),Delegación de Economía y Hacienda en Soria,lote_header,land,excluded,land: not a building (art. 2.h),none,lot,,0,excluded,n/a,n/a,n/a,n/a,n/a,excluded,none,no,,,,
BOE-B-2025-36949#10,BOE-B-2025-36949,10,2025-10-13,5B,Patrimonio del Estado (DEH),Delegación de Economía y Hacienda en Soria,lote_header,land,excluded,land: not a building (art. 2.h),none,lot,,0,excluded,n/a,n/a,n/a,n/a,n/a,excluded,none,no,,,,
BOE-B-2025-36949#11,BOE-B-2025-36949,11,2025-10-13,5B,Patrimonio del Estado (DEH),Delegación de Economía y Hacienda en Soria,lote_header,land,excluded,land: not a building (art. 2.h),none,lot,,0,excluded,n/a,n/a,n/a,n/a,n/a,excluded,none,no,,,,
BOE-B-2025-36949#12,BOE-B-2025-36949,12,2025-10-13,5B,Patrimonio del Estado (DEH),Delegación de Economía y Hacienda en Soria,lote_header,land,excluded,land: not a building (art. 2.h),none,lot,,0,excluded,n/a,n/a,n/a,n/a,n/a,excluded,none,no,,,,
BOE-B-2025-36949#13,BOE-B-2025-36949,13,2025-10-13,5B,Patrimonio del Estado (DEH),Delegación de Economía y Hacienda en Soria,lote_header,land,excluded,land: not a building (art. 2.h),none,lot,,0,excluded,n/a,n/a,n/a,n/a,n/a,excluded,none,no,,,,
BOE-B-2025-36949#14,BOE-B-2025-36949,14,2025-10-13,5B,Patrimonio del Estado (DEH),Delegación de Economía y Hacienda en Soria,lote_header,land,excluded,land: not a building (art. 2.h),none,lot,,0,excluded,n/a,n/a,n/a,n/a,n/a,excluded,none,no,,,,
BOE-B-2025-36949#15,BOE-B-2025-36949,15,2025-10-13,5B,Patrimonio del Estado (DEH),Delegación de Economía y Hacienda en Soria,lote_header,land,excluded,land: not a building (art. 2.h),none,lot,,0,excluded,n/a,n/a,n/a,n/a,n/a,excluded,none,no,,,,
BOE-B-2025-36949#16,BOE-B-2025-36949,16,2025-10-13,5B,Patrimonio del Estado (DEH),Delegación de Economía y Hacienda en Soria,lote_header,land,excluded,land: not a building (art. 2.h),none,lot,,0,excluded,n/a,n/a,n/a,n/a,n/a,excluded,none,no,,,,
BOE-B-2025-36949#17,BOE-B-2025-36949,17,2025-10-13,5B,Patrimonio del Estado (DEH),Delegación de Economía y Hacienda en Soria,lote_header,land,excluded,land: not a building (art. 2.h),none,lot,,0,excluded,n/a,n/a,n/a,n/a,n/a,excluded,none,no,,,,
BOE-B-2025-36949#18,BOE-B-2025-36949,18,2025-10-13,5B,Patrimonio del Estado (DEH),Delegación de Economía y Hacienda en Soria,lote_header,land,excluded,land: not a building (art. 2.h),none,lot,,0,excluded,n/a,n/a,n/a,n/a,n/a,excluded,none,no,,,,
BOE-B-2025-36949#19,BOE-B-2025-36949,19,2025-10-13,5B,Patrimonio del Estado (DEH),Delegación de Economía y Hacienda en Soria,lote_header,land,excluded,land: not a building (art. 2.h),none,lot,,0,excluded,n/a,n/a,n/a,n/a,n/a,excluded,none,no,,,,
BOE-B-2025-36949#2,BOE-B-2025-36949,2,2025-10-13,5B,Patrimonio del Estado (DEH),Delegación de Economía y Hacienda en Soria,lote_header,land,excluded,land: not a building (art. 2.h),none,lot,,0,excluded,n/a,n/a,n/a,n/a,n/a,excluded,none,no,,,,
BOE-B-2025-36949#20,BOE-B-2025-36949,20,2025-10-13,5B,Patrimonio del Estado (DEH),Delegación de Economía y Hacienda en Soria,lote_header,land,excluded,land: not a building (art. 2.h),none,lot,,0,excluded,n/a,n/a,n/a,n/a,n/a,excluded,none,no,,,,
BOE-B-2025-36949#21,BOE-B-2025-36949,21,2025-10-13,5B,Patrimonio del Estado (DEH),Delegación de Economía y Hacienda en Soria,lote_header,land,excluded,land: not a building (art. 2.h),none,lot,,0,excluded,n/a,n/a,n/a,n/a,n/a,excluded,none,no,,,,
BOE-B-2025-36949#22,BOE-B-2025-36949,22,2025-10-13,5B,Patrimonio del Estado (DEH),Delegación de Economía y Hacienda en Soria,lote_header,land,excluded,land: not a building (art. 2.h),none,lot,,0,excluded,n/a,n/a,n/a,n/a,n/a,excluded,none,no,,,,
BOE-B-2025-36949#23,BOE-B-2025-36949,23,2025-10-13,5B,Patrimonio del Estado (DEH),Delegación de Economía y Hacienda en Soria,lote_header,land,excluded,land: not a building (art. 2.h),none,lot,,0,excluded,n/a,n/a,n/a,n/a,n/a,excluded,none,no,,,,
BOE-B-2025-36949#24,BOE-B-2025-36949,24,2025-10-13,5B,Patrimonio del Estado (DEH),Delegación de Economía y Hacienda en Soria,lote_header,land,excluded,land: not a building (art. 2.h),none,lot,,0,excluded,n/a,n/a,n/a,n/a,n/a,excluded,none,no,,,,
BOE-B-2025-36949#25,BOE-B-2025-36949,25,2025-10-13,5B,Patrimonio del Estado (DEH),Delegación de Economía y Hacienda en Soria,lote_header,land,excluded,land: not a building (art. 2.h),none,lot,,0,excluded,n/a,n/a,n/a,n/a,n/a,excluded,none,no,,,,
BOE-B-2025-36949#26,BOE-B-2025-36949,26,2025-10-13,5B,Patrimonio del Estado (DEH),Delegación de Economía y Hacienda en Soria,lote_header,land,excluded,land: not a building (art. 2.h),none,lot,,0,excluded,n/a,n/a,n/a,n/a,n/a,excluded,none,no,,,,
BOE-B-2025-36949#27,BOE-B-2025-36949,27,2025-10-13,5B,Patrimonio del Estado (DEH),Delegación de Economía y Hacienda en Soria,lote_header,land,excluded,land: not a building (art. 2.h),none,lot,,0,excluded,n/a,n/a,n/a,n/a,n/a,excluded,none,no,,,,
BOE-B-2025-36949#28,BOE-B-2025-36949,28,2025-10-13,5B,Patrimonio del Estado (DEH),Delegación de Economía y Hacienda en Soria,lote_header,land,excluded,land: not a building (art. 2.h),none,lot,,0,excluded,n/a,n/a,n/a,n/a,n/a,excluded,none,no,,,,
BOE-B-2025-36949#29,BOE-B-2025-36949,29,2025-10-13,5B,Patrimonio del Estado (DEH),Delegación de Economía y Hacienda en Soria,lote_header,land,excluded,land: not a building (art. 2.h),none,lot,,0,excluded,n/a,n/a,n/a,n/a,n/a,excluded,none,no,,,,
BOE-B-2025-36949#3,BOE-B-2025-36949,3,2025-10-13,5B,Patrimonio del Estado (DEH),Delegación de Economía y Hacienda en Soria,lote_header,land,excluded,land: not a building (art. 2.h),none,lot,,0,excluded,n/a,n/a,n/a,n/a,n/a,excluded,none,no,,,,
BOE-B-2025-36949#30,BOE-B-2025-36949,30,2025-10-13,5B,Patrimonio del Estado (DEH),Delegación de Economía y Hacienda en Soria,lote_header,land,excluded,land: not a building (art. 2.h),none,lot,,0,excluded,n/a,n/a,n/a,n/a,n/a,excluded,none,no,,,,
BOE-B-2025-36949#31,BOE-B-2025-36949,31,2025-10-13,5B,Patrimonio del Estado (DEH),Delegación de Economía y Hacienda en Soria,lote_header,land,excluded,land: not a building (art. 2.h),none,lot,,0,excluded,n/a,n/a,n/a,n/a,n/a,excluded,none,no,,,,
BOE-B-2025-36949#32,BOE-B-2025-36949,32,2025-10-13,5B,Patrimonio del Estado (DEH),Delegación de Economía y Hacienda en Soria,lote_header,land,excluded,land: not a building (art. 2.h),none,lot,,0,excluded,n/a,n/a,n/a,n/a,n/a,excluded,none,no,,,,
BOE-B-2025-36949#33,BOE-B-2025-36949,33,2025-10-13,5B,Patrimonio del Estado (DEH),Delegación de Economía y Hacienda en Soria,lote_header,land,excluded,land: not a building (art. 2.h),none,lot,,0,excluded,n/a,n/a,n/a,n/a,n/a,excluded,none,no,,,,
BOE-B-2025-36949#34,BOE-B-2025-36949,34,2025-10-13,5B,Patrimonio del Estado (DEH),Delegación de Economía y Hacienda en Soria,lote_header,land,excluded,land: not a building (art. 2.h),none,lot,,0,excluded,n/a,n/a,n/a,n/a,n/a,excluded,none,no,,,,
BOE-B-2025-36949#4,BOE-B-2025-36949,4,2025-10-13,5B,Patrimonio del Estado (DEH),Delegación de Economía y Hacienda en Soria,lote_header,land,excluded,land: not a building (art. 2.h),none,lot,,0,excluded,n/a,n/a,n/a,n/a,n/a,excluded,none,no,,,,
BOE-B-2025-36949#5,BOE-B-2025-36949,5,2025-10-13,5B,Patrimonio del Estado (DEH),Delegación de Economía y Hacienda en Soria,lote_header,land,excluded,land: not a building (art. 2.h),none,lot,,0,excluded,n/a,n/a,n/a,n/a,n/a,excluded,none,no,,,,
BOE-B-2025-36949#6,BOE-B-2025-36949,6,2025-10-13,5B,Patrimonio del Estado (DEH),Delegación de Economía y Hacienda en Soria,lote_header,land,excluded,land: not a building (art. 2.h),none,lot,,0,excluded,n/a,n/a,n/a,n/a,n/a,excluded,none,no,,,,
BOE-B-2025-36949#7,BOE-B-2025-36949,7,2025-10-13,5B,Patrimonio del Estado (DEH),Delegación de Economía y Hacienda en Soria,lote_header,land,excluded,land: not a building (art. 2.h),none,lot,,0,excluded,n/a,n/a,n/a,n/a,n/a,excluded,none,no,,,,
BOE-B-2025-36949#8,BOE-B-2025-36949,8,2025-10-13,5B,Patrimonio del Estado (DEH),Delegación de Economía y Hacienda en Soria,lote_header,land,excluded,land: not a building (art. 2.h),none,lot,,0,excluded,n/a,n/a,n/a,n/a,n/a,excluded,none,no,,,,
BOE-B-2025-36949#9,BOE-B-2025-36949,9,2025-10-13,5B,Patrimonio del Estado (DEH),Delegación de Economía y Hacienda en Soria,lote_header,land,excluded,land: not a building (art. 2.h),none,lot,,0,excluded,n/a,n/a,n/a,n/a,n/a,excluded,none,no,,,,
BOE-B-2025-37257#1,BOE-B-2025-37257,1,2025-10-15,5B,Port authorities,Autoridad Portuaria de Huelva,single,land,excluded,land: not a building (art. 2.h),none,lot,,0,excluded,n/a,n/a,n/a,n/a,n/a,excluded,none,no,,,,
BOE-B-2025-37479#1,BOE-B-2025-37479,1,2025-10-17,5B,Patrimonio del Estado (DEH),Delegación de Economía y Hacienda en Lugo,lote_header,land,excluded,land: not a building (art. 2.h),none,lot,,0,excluded,n/a,n/a,n/a,n/a,n/a,excluded,none,no,,,,
BOE-B-2025-37479#10,BOE-B-2025-37479,10,2025-10-17,5B,Patrimonio del Estado (DEH),Delegación de Economía y Hacienda en Lugo,lote_header,land,excluded,land: not a building (art. 2.h),none,lot,,0,excluded,n/a,n/a,n/a,n/a,n/a,excluded,none,no,,,,
BOE-B-2025-37479#11,BOE-B-2025-37479,11,2025-10-17,5B,Patrimonio del Estado (DEH),Delegación de Economía y Hacienda en Lugo,lote_header,land,excluded,land: not a building (art. 2.h),none,lot,,0,excluded,n/a,n/a,n/a,n/a,n/a,excluded,none,no,,,,
BOE-B-2025-37479#12,BOE-B-2025-37479,12,2025-10-17,5B,Patrimonio del Estado (DEH),Delegación de Economía y Hacienda en Lugo,lote_header,land,excluded,land: not a building (art. 2.h),none,lot,,0,excluded,n/a,n/a,n/a,n/a,n/a,excluded,none,no,,,,
BOE-B-2025-37479#13,BOE-B-2025-37479,13,2025-10-17,5B,Patrimonio del Estado (DEH),Delegación de Economía y Hacienda en Lugo,lote_header,land,excluded,land: not a building (art. 2.h),none,lot,,0,excluded,n/a,n/a,n/a,n/a,n/a,excluded,none,no,,,,
BOE-B-2025-37479#14,BOE-B-2025-37479,14,2025-10-17,5B,Patrimonio del Estado (DEH),Delegación de Economía y Hacienda en Lugo,lote_header,land,excluded,land: not a building (art. 2.h),none,lot,,0,excluded,n/a,n/a,n/a,n/a,n/a,excluded,none,no,,,,
BOE-B-2025-37479#15,BOE-B-2025-37479,15,2025-10-17,5B,Patrimonio del Estado (DEH),Delegación de Economía y Hacienda en Lugo,lote_header,land,excluded,land: not a building (art. 2.h),none,lot,,0,excluded,n/a,n/a,n/a,n/a,n/a,excluded,none,no,,,,
BOE-B-2025-37479#16,BOE-B-2025-37479,16,2025-10-17,5B,Patrimonio del Estado (DEH),Delegación de Economía y Hacienda en Lugo,lote_header,land,excluded,land: not a building (art. 2.h),none,lot,,0,excluded,n/a,n/a,n/a,n/a,n/a,excluded,none,no,,,,
BOE-B-2025-37479#17,BOE-B-2025-37479,17,2025-10-17,5B,Patrimonio del Estado (DEH),Delegación de Economía y Hacienda en Lugo,lote_header,land,excluded,land: not a building (art. 2.h),none,lot,,0,excluded,n/a,n/a,n/a,n/a,n/a,excluded,none,no,,,,
BOE-B-2025-37479#18,BOE-B-2025-37479,18,2025-10-17,5B,Patrimonio del Estado (DEH),Delegación de Economía y Hacienda en Lugo,lote_header,land,excluded,land: not a building (art. 2.h),none,lot,,0,excluded,n/a,n/a,n/a,n/a,n/a,excluded,none,no,,,,
BOE-B-2025-37479#19,BOE-B-2025-37479,19,2025-10-17,5B,Patrimonio del Estado (DEH),Delegación de Economía y Hacienda en Lugo,lote_header,land,excluded,land: not a building (art. 2.h),none,lot,,0,excluded,n/a,n/a,n/a,n/a,n/a,excluded,none,no,,,,
BOE-B-2025-37479#2,BOE-B-2025-37479,2,2025-10-17,5B,Patrimonio del Estado (DEH),Delegación de Economía y Hacienda en Lugo,lote_header,land,excluded,land: not a building (art. 2.h),none,lot,,0,excluded,n/a,n/a,n/a,n/a,n/a,excluded,none,no,,,,
BOE-B-2025-37479#20,BOE-B-2025-37479,20,2025-10-17,5B,Patrimonio del Estado (DEH),Delegación de Economía y Hacienda en Lugo,lote_header,land,excluded,land: not a building (art. 2.h),none,lot,,0,excluded,n/a,n/a,n/a,n/a,n/a,excluded,none,no,,,,
BOE-B-2025-37479#21,BOE-B-2025-37479,21,2025-10-17,5B,Patrimonio del Estado (DEH),Delegación de Economía y Hacienda en Lugo,lote_header,land,excluded,land: not a building (art. 2.h),none,lot,,0,excluded,n/a,n/a,n/a,n/a,n/a,excluded,none,yes,R4,,none,land (rustic or unbuilt plot); confirmed
BOE-B-2025-37479#22,BOE-B-2025-37479,22,2025-10-17,5B,Patrimonio del Estado (DEH),Delegación de Economía y Hacienda en Lugo,lote_header,land,excluded,land: not a building (art. 2.h),none,lot,,0,excluded,n/a,n/a,n/a,n/a,n/a,excluded,none,no,,,,
BOE-B-2025-37479#23,BOE-B-2025-37479,23,2025-10-17,5B,Patrimonio del Estado (DEH),Delegación de Economía y Hacienda en Lugo,lote_header,land,excluded,land: not a building (art. 2.h),none,lot,,0,excluded,n/a,n/a,n/a,n/a,n/a,excluded,none,no,,,,
BOE-B-2025-37479#24,BOE-B-2025-37479,24,2025-10-17,5B,Patrimonio del Estado (DEH),Delegación de Economía y Hacienda en Lugo,lote_header,land,excluded,land: not a building (art. 2.h),none,lot,,0,excluded,n/a,n/a,n/a,n/a,n/a,excluded,none,no,,,,
BOE-B-2025-37479#25,BOE-B-2025-37479,25,2025-10-17,5B,Patrimonio del Estado (DEH),Delegación de Economía y Hacienda en Lugo,lote_header,land,excluded,land: not a building (art. 2.h),none,lot,,0,excluded,n/a,n/a,n/a,n/a,n/a,excluded,none,no,,,,
BOE-B-2025-37479#26,BOE-B-2025-37479,26,2025-10-17,5B,Patrimonio del Estado (DEH),Delegación de Economía y Hacienda en Lugo,lote_header,land,excluded,land: not a building (art. 2.h),none,lot,,0,excluded,n/a,n/a,n/a,n/a,n/a,excluded,none,no,,,,
BOE-B-2025-37479#27,BOE-B-2025-37479,27,2025-10-17,5B,Patrimonio del Estado (DEH),Delegación de Economía y Hacienda en Lugo,lote_header,land,excluded,land: not a building (art. 2.h),none,lot,,0,excluded,n/a,n/a,n/a,n/a,n/a,excluded,none,no,,,,
BOE-B-2025-37479#28,BOE-B-2025-37479,28,2025-10-17,5B,Patrimonio del Estado (DEH),Delegación de Economía y Hacienda en Lugo,lote_header,land,excluded,land: not a building (art. 2.h),none,lot,,0,excluded,n/a,n/a,n/a,n/a,n/a,excluded,none,no,,,,
BOE-B-2025-37479#29,BOE-B-2025-37479,29,2025-10-17,5B,Patrimonio del Estado (DEH),Delegación de Economía y Hacienda en Lugo,lote_header,land,excluded,land: not a building (art. 2.h),none,lot,,0,excluded,n/a,n/a,n/a,n/a,n/a,excluded,none,no,,,,
BOE-B-2025-37479#3,BOE-B-2025-37479,3,2025-10-17,5B,Patrimonio del Estado (DEH),Delegación de Economía y Hacienda en Lugo,lote_header,land,excluded,land: not a building (art. 2.h),none,lot,,0,excluded,n/a,n/a,n/a,n/a,n/a,excluded,none,no,,,,
BOE-B-2025-37479#30,BOE-B-2025-37479,30,2025-10-17,5B,Patrimonio del Estado (DEH),Delegación de Economía y Hacienda en Lugo,lote_header,land,excluded,land: not a building (art. 2.h),none,lot,,0,excluded,n/a,n/a,n/a,n/a,n/a,excluded,none,no,,,,
BOE-B-2025-37479#31,BOE-B-2025-37479,31,2025-10-17,5B,Patrimonio del Estado (DEH),Delegación de Economía y Hacienda en Lugo,lote_header,land,excluded,land: not a building (art. 2.h),none,lot,,0,excluded,n/a,n/a,n/a,n/a,n/a,excluded,none,no,,,,
BOE-B-2025-37479#32,BOE-B-2025-37479,32,2025-10-17,5B,Patrimonio del Estado (DEH),Delegación de Economía y Hacienda en Lugo,lote_header,land,excluded,land: not a building (art. 2.h),none,lot,,0,excluded,n/a,n/a,n/a,n/a,n/a,excluded,none,no,,,,
BOE-B-2025-37479#33,BOE-B-2025-37479,33,2025-10-17,5B,Patrimonio del Estado (DEH),Delegación de Economía y Hacienda en Lugo,lote_header,land,excluded,land: not a building (art. 2.h),none,lot,,0,excluded,n/a,n/a,n/a,n/a,n/a,excluded,none,no,,,,
BOE-B-2025-37479#34,BOE-B-2025-37479,34,2025-10-17,5B,Patrimonio del Estado (DEH),Delegación de Economía y Hacienda en Lugo,lote_header,land,excluded,land: not a building (art. 2.h),none,lot,,0,excluded,n/a,n/a,n/a,n/a,n/a,excluded,none,no,,,,
BOE-B-2025-37479#35,BOE-B-2025-37479,35,2025-10-17,5B,Patrimonio del Estado (DEH),Delegación de Economía y Hacienda en Lugo,lote_header,land,excluded,land: not a building (art. 2.h),none,lot,,0,excluded,n/a,n/a,n/a,n/a,n/a,excluded,none,no,,,,
BOE-B-2025-37479#36,BOE-B-2025-37479,36,2025-10-17,5B,Patrimonio del Estado (DEH),Delegación de Economía y Hacienda en Lugo,lote_header,land,excluded,land: not a building (art. 2.h),none,lot,,0,excluded,n/a,n/a,n/a,n/a,n/a,excluded,none,no,,,,
BOE-B-2025-37479#37,BOE-B-2025-37479,37,2025-10-17,5B,Patrimonio del Estado (DEH),Delegación de Economía y Hacienda en Lugo,lote_header,land,excluded,land: not a building (art. 2.h),none,lot,,0,excluded,n/a,n/a,n/a,n/a,n/a,excluded,none,no,,,,
BOE-B-2025-37479#38,BOE-B-2025-37479,38,2025-10-17,5B,Patrimonio del Estado (DEH),Delegación de Economía y Hacienda en Lugo,lote_header,land,excluded,land: not a building (art. 2.h),none,lot,,0,excluded,n/a,n/a,n/a,n/a,n/a,excluded,none,no,,,,
BOE-B-2025-37479#39,BOE-B-2025-37479,39,2025-10-17,5B,Patrimonio del Estado (DEH),Delegación de Economía y Hacienda en Lugo,lote_header,land,excluded,land: not a building (art. 2.h),none,lot,,0,excluded,n/a,n/a,n/a,n/a,n/a,excluded,none,no,,,,
BOE-B-2025-37479#4,BOE-B-2025-37479,4,2025-10-17,5B,Patrimonio del Estado (DEH),Delegación de Economía y Hacienda en Lugo,lote_header,land,excluded,land: not a building (art. 2.h),none,lot,,0,excluded,n/a,n/a,n/a,n/a,n/a,excluded,none,no,,,,
BOE-B-2025-37479#40,BOE-B-2025-37479,40,2025-10-17,5B,Patrimonio del Estado (DEH),Delegación de Economía y Hacienda en Lugo,lote_header,land,excluded,land: not a building (art. 2.h),none,lot,,0,excluded,n/a,n/a,n/a,n/a,n/a,excluded,none,no,,,,
BOE-B-2025-37479#41,BOE-B-2025-37479,41,2025-10-17,5B,Patrimonio del Estado (DEH),Delegación de Economía y Hacienda en Lugo,lote_header,land,excluded,land: not a building (art. 2.h),none,lot,,0,excluded,n/a,n/a,n/a,n/a,n/a,excluded,none,no,,,,
BOE-B-2025-37479#42,BOE-B-2025-37479,42,2025-10-17,5B,Patrimonio del Estado (DEH),Delegación de Economía y Hacienda en Lugo,lote_header,land,excluded,land: not a building (art. 2.h),none,lot,,0,excluded,n/a,n/a,n/a,n/a,n/a,excluded,none,no,,,,
BOE-B-2025-37479#43,BOE-B-2025-37479,43,2025-10-17,5B,Patrimonio del Estado (DEH),Delegación de Economía y Hacienda en Lugo,lote_header,land,excluded,land: not a building (art. 2.h),none,lot,,0,excluded,n/a,n/a,n/a,n/a,n/a,excluded,none,no,,,,
BOE-B-2025-37479#44,BOE-B-2025-37479,44,2025-10-17,5B,Patrimonio del Estado (DEH),Delegación de Economía y Hacienda en Lugo,lote_header,land,excluded,land: not a building (art. 2.h),none,lot,,0,excluded,n/a,n/a,n/a,n/a,n/a,excluded,none,no,,,,
BOE-B-2025-37479#45,BOE-B-2025-37479,45,2025-10-17,5B,Patrimonio del Estado (DEH),Delegación de Economía y Hacienda en Lugo,lote_header,land,excluded,land: not a building (art. 2.h),none,lot,,0,excluded,n/a,n/a,n/a,n/a,n/a,excluded,none,no,,,,
BOE-B-2025-37479#46,BOE-B-2025-37479,46,2025-10-17,5B,Patrimonio del Estado (DEH),Delegación de Economía y Hacienda en Lugo,lote_header,land,excluded,land: not a building (art. 2.h),none,lot,,0,excluded,n/a,n/a,n/a,n/a,n/a,excluded,none,no,,,,
BOE-B-2025-37479#47,BOE-B-2025-37479,47,2025-10-17,5B,Patrimonio del Estado (DEH),Delegación de Economía y Hacienda en Lugo,lote_header,land,excluded,land: not a building (art. 2.h),none,lot,,0,excluded,n/a,n/a,n/a,n/a,n/a,excluded,none,no,,,,
BOE-B-2025-37479#48,BOE-B-2025-37479,48,2025-10-17,5B,Patrimonio del Estado (DEH),Delegación de Economía y Hacienda en Lugo,lote_header,land,excluded,land: not a building (art. 2.h),none,lot,,0,excluded,n/a,n/a,n/a,n/a,n/a,excluded,none,no,,,,
BOE-B-2025-37479#49,BOE-B-2025-37479,49,2025-10-17,5B,Patrimonio del Estado (DEH),Delegación de Economía y Hacienda en Lugo,lote_header,land,excluded,land: not a building (art. 2.h),none,lot,,0,excluded,n/a,n/a,n/a,n/a,n/a,excluded,none,no,,,,
BOE-B-2025-37479#5,BOE-B-2025-37479,5,2025-10-17,5B,Patrimonio del Estado (DEH),Delegación de Economía y Hacienda en Lugo,lote_header,land,excluded,land: not a building (art. 2.h),none,lot,,0,excluded,n/a,n/a,n/a,n/a,n/a,excluded,none,no,,,,
BOE-B-2025-37479#50,BOE-B-2025-37479,50,2025-10-17,5B,Patrimonio del Estado (DEH),Delegación de Economía y Hacienda en Lugo,lote_header,land,excluded,land: not a building (art. 2.h),none,lot,,0,excluded,n/a,n/a,n/a,n/a,n/a,excluded,none,no,,,,
BOE-B-2025-37479#51,BOE-B-2025-37479,51,2025-10-17,5B,Patrimonio del Estado (DEH),Delegación de Economía y Hacienda en Lugo,lote_header,land,excluded,land: not a building (art. 2.h),none,lot,,0,excluded,n/a,n/a,n/a,n/a,n/a,excluded,none,no,,,,
BOE-B-2025-37479#52,BOE-B-2025-37479,52,2025-10-17,5B,Patrimonio del Estado (DEH),Delegación de Economía y Hacienda en Lugo,lote_header,land,excluded,land: not a building (art. 2.h),none,lot,,0,excluded,n/a,n/a,n/a,n/a,n/a,excluded,none,yes,R4,,none,land (rustic or unbuilt plot); confirmed
BOE-B-2025-37479#53,BOE-B-2025-37479,53,2025-10-17,5B,Patrimonio del Estado (DEH),Delegación de Economía y Hacienda en Lugo,lote_header,land,excluded,land: not a building (art. 2.h),none,lot,,0,excluded,n/a,n/a,n/a,n/a,n/a,excluded,none,no,,,,
BOE-B-2025-37479#54,BOE-B-2025-37479,54,2025-10-17,5B,Patrimonio del Estado (DEH),Delegación de Economía y Hacienda en Lugo,lote_header,land,excluded,land: not a building (art. 2.h),none,lot,,0,excluded,n/a,n/a,n/a,n/a,n/a,excluded,none,no,,,,
BOE-B-2025-37479#55,BOE-B-2025-37479,55,2025-10-17,5B,Patrimonio del Estado (DEH),Delegación de Economía y Hacienda en Lugo,lote_header,land,excluded,land: not a building (art. 2.h),none,lot,,0,excluded,n/a,n/a,n/a,n/a,n/a,excluded,none,no,,,,
BOE-B-2025-37479#56,BOE-B-2025-37479,56,2025-10-17,5B,Patrimonio del Estado (DEH),Delegación de Economía y Hacienda en Lugo,lote_header,land,excluded,land: not a building (art. 2.h),none,lot,,0,excluded,n/a,n/a,n/a,n/a,n/a,excluded,none,no,,,,
BOE-B-2025-37479#57,BOE-B-2025-37479,57,2025-10-17,5B,Patrimonio del Estado (DEH),Delegación de Economía y Hacienda en Lugo,lote_header,land,excluded,land: not a building (art. 2.h),none,lot,,0,excluded,n/a,n/a,n/a,n/a,n/a,excluded,none,yes,R4,,none,land (rustic or unbuilt plot); confirmed
BOE-B-2025-37479#58,BOE-B-2025-37479,58,2025-10-17,5B,Patrimonio del Estado (DEH),Delegación de Economía y Hacienda en Lugo,lote_header,land,excluded,land: not a building (art. 2.h),none,lot,,0,excluded,n/a,n/a,n/a,n/a,n/a,excluded,none,no,,,,
BOE-B-2025-37479#59,BOE-B-2025-37479,59,2025-10-17,5B,Patrimonio del Estado (DEH),Delegación de Economía y Hacienda en Lugo,lote_header,land,excluded,land: not a building (art. 2.h),none,lot,,0,excluded,n/a,n/a,n/a,n/a,n/a,excluded,none,no,,,,
BOE-B-2025-37479#6,BOE-B-2025-37479,6,2025-10-17,5B,Patrimonio del Estado (DEH),Delegación de Economía y Hacienda en Lugo,lote_header,land,excluded,land: not a building (art. 2.h),none,lot,,0,excluded,n/a,n/a,n/a,n/a,n/a,excluded,none,no,,,,
BOE-B-2025-37479#60,BOE-B-2025-37479,60,2025-10-17,5B,Patrimonio del Estado (DEH),Delegación de Economía y Hacienda en Lugo,lote_header,land,excluded,land: not a building (art. 2.h),none,lot,,0,excluded,n/a,n/a,n/a,n/a,n/a,excluded,none,no,,,,
BOE-B-2025-37479#61,BOE-B-2025-37479,61,2025-10-17,5B,Patrimonio del Estado (DEH),Delegación de Economía y Hacienda en Lugo,lote_header,land,excluded,land: not a building (art. 2.h),none,lot,,0,excluded,n/a,n/a,n/a,n/a,n/a,excluded,none,no,,,,
BOE-B-2025-37479#62,BOE-B-2025-37479,62,2025-10-17,5B,Patrimonio del Estado (DEH),Delegación de Economía y Hacienda en Lugo,lote_header,land,excluded,land: not a building (art. 2.h),none,lot,,0,excluded,n/a,n/a,n/a,n/a,n/a,excluded,none,no,,,,
BOE-B-2025-37479#7,BOE-B-2025-37479,7,2025-10-17,5B,Patrimonio del Estado (DEH),Delegación de Economía y Hacienda en Lugo,lote_header,land,excluded,land: not a building (art. 2.h),none,lot,,0,excluded,n/a,n/a,n/a,n/a,n/a,excluded,none,no,,,,
BOE-B-2025-37479#8,BOE-B-2025-37479,8,2025-10-17,5B,Patrimonio del Estado (DEH),Delegación de Economía y Hacienda en Lugo,lote_header,land,excluded,land: not a building (art. 2.h),none,lot,,0,excluded,n/a,n/a,n/a,n/a,n/a,excluded,none,no,,,,
BOE-B-2025-37479#9,BOE-B-2025-37479,9,2025-10-17,5B,Patrimonio del Estado (DEH),Delegación de Economía y Hacienda en Lugo,lote_header,land,excluded,land: not a building (art. 2.h),none,lot,,0,excluded,n/a,n/a,n/a,n/a,n/a,excluded,none,no,,,,
BOE-B-2025-37480#1,BOE-B-2025-37480,1,2025-10-17,5B,Patrimonio del Estado (DEH),Delegación de Economía y Hacienda en Asturias,lote_header,land,excluded,land: not a building (art. 2.h),none,lot,,0,excluded,n/a,n/a,n/a,n/a,n/a,excluded,none,no,,,,
BOE-B-2025-37480#10,BOE-B-2025-37480,10,2025-10-17,5B,Patrimonio del Estado (DEH),Delegación de Economía y Hacienda en Asturias,lote_header,land,excluded,land: not a building (art. 2.h),none,lot,,0,excluded,n/a,n/a,n/a,n/a,n/a,excluded,none,no,,,,
BOE-B-2025-37480#11,BOE-B-2025-37480,11,2025-10-17,5B,Patrimonio del Estado (DEH),Delegación de Economía y Hacienda en Asturias,lote_header,land,excluded,land: not a building (art. 2.h),none,lot,,0,excluded,n/a,n/a,n/a,n/a,n/a,excluded,none,no,,,,
BOE-B-2025-37480#12,BOE-B-2025-37480,12,2025-10-17,5B,Patrimonio del Estado (DEH),Delegación de Economía y Hacienda en Asturias,lote_header,land,excluded,land: not a building (art. 2.h),none,lot,,0,excluded,n/a,n/a,n/a,n/a,n/a,excluded,none,no,,,,
BOE-B-2025-37480#13,BOE-B-2025-37480,13,2025-10-17,5B,Patrimonio del Estado (DEH),Delegación de Economía y Hacienda en Asturias,lote_header,land,excluded,land: not a building (art. 2.h),none,lot,,0,excluded,n/a,n/a,n/a,n/a,n/a,excluded,none,no,,,,
BOE-B-2025-37480#14,BOE-B-2025-37480,14,2025-10-17,5B,Patrimonio del Estado (DEH),Delegación de Economía y Hacienda en Asturias,lote_header,land,excluded,land: not a building (art. 2.h),none,lot,,0,excluded,n/a,n/a,n/a,n/a,n/a,excluded,none,yes,R4,,none,land (rustic or unbuilt plot); confirmed
BOE-B-2025-37480#15,BOE-B-2025-37480,15,2025-10-17,5B,Patrimonio del Estado (DEH),Delegación de Economía y Hacienda en Asturias,lote_header,land,excluded,land: not a building (art. 2.h),none,lot,,0,excluded,n/a,n/a,n/a,n/a,n/a,excluded,none,no,,,,
BOE-B-2025-37480#16,BOE-B-2025-37480,16,2025-10-17,5B,Patrimonio del Estado (DEH),Delegación de Economía y Hacienda en Asturias,lote_header,land,excluded,land: not a building (art. 2.h),none,lot,,0,excluded,n/a,n/a,n/a,n/a,n/a,excluded,none,no,,,,
BOE-B-2025-37480#17,BOE-B-2025-37480,17,2025-10-17,5B,Patrimonio del Estado (DEH),Delegación de Economía y Hacienda en Asturias,lote_header,land,excluded,land: not a building (art. 2.h),none,lot,,0,excluded,n/a,n/a,n/a,n/a,n/a,excluded,none,no,,,,
BOE-B-2025-37480#18,BOE-B-2025-37480,18,2025-10-17,5B,Patrimonio del Estado (DEH),Delegación de Economía y Hacienda en Asturias,lote_header,land,excluded,land: not a building (art. 2.h),none,lot,,0,excluded,n/a,n/a,n/a,n/a,n/a,excluded,none,no,,,,
BOE-B-2025-37480#19,BOE-B-2025-37480,19,2025-10-17,5B,Patrimonio del Estado (DEH),Delegación de Economía y Hacienda en Asturias,lote_header,land,excluded,land: not a building (art. 2.h),none,lot,,0,excluded,n/a,n/a,n/a,n/a,n/a,excluded,none,no,,,,
BOE-B-2025-37480#2,BOE-B-2025-37480,2,2025-10-17,5B,Patrimonio del Estado (DEH),Delegación de Economía y Hacienda en Asturias,lote_header,land,excluded,land: not a building (art. 2.h),none,lot,,0,excluded,n/a,n/a,n/a,n/a,n/a,excluded,none,no,,,,
BOE-B-2025-37480#20,BOE-B-2025-37480,20,2025-10-17,5B,Patrimonio del Estado (DEH),Delegación de Economía y Hacienda en Asturias,lote_header,land,excluded,land: not a building (art. 2.h),none,lot,,0,excluded,n/a,n/a,n/a,n/a,n/a,excluded,none,no,,,,
BOE-B-2025-37480#21,BOE-B-2025-37480,21,2025-10-17,5B,Patrimonio del Estado (DEH),Delegación de Economía y Hacienda en Asturias,lote_header,land,excluded,land: not a building (art. 2.h),none,lot,,0,excluded,n/a,n/a,n/a,n/a,n/a,excluded,none,no,,,,
BOE-B-2025-37480#22,BOE-B-2025-37480,22,2025-10-17,5B,Patrimonio del Estado (DEH),Delegación de Economía y Hacienda en Asturias,lote_header,land,excluded,land: not a building (art. 2.h),none,lot,,0,excluded,n/a,n/a,n/a,n/a,n/a,excluded,none,no,,,,
BOE-B-2025-37480#23,BOE-B-2025-37480,23,2025-10-17,5B,Patrimonio del Estado (DEH),Delegación de Economía y Hacienda en Asturias,lote_header,land,excluded,land: not a building (art. 2.h),none,lot,,0,excluded,n/a,n/a,n/a,n/a,n/a,excluded,none,no,,,,
BOE-B-2025-37480#24,BOE-B-2025-37480,24,2025-10-17,5B,Patrimonio del Estado (DEH),Delegación de Economía y Hacienda en Asturias,lote_header,land,excluded,land: not a building (art. 2.h),none,lot,,0,excluded,n/a,n/a,n/a,n/a,n/a,excluded,none,no,,,,
BOE-B-2025-37480#25,BOE-B-2025-37480,25,2025-10-17,5B,Patrimonio del Estado (DEH),Delegación de Economía y Hacienda en Asturias,lote_header,land,excluded,land: not a building (art. 2.h),none,lot,,0,excluded,n/a,n/a,n/a,n/a,n/a,excluded,none,no,,,,
BOE-B-2025-37480#26,BOE-B-2025-37480,26,2025-10-17,5B,Patrimonio del Estado (DEH),Delegación de Economía y Hacienda en Asturias,lote_header,land,excluded,land: not a building (art. 2.h),none,lot,,0,excluded,n/a,n/a,n/a,n/a,n/a,excluded,none,no,,,,
BOE-B-2025-37480#27,BOE-B-2025-37480,27,2025-10-17,5B,Patrimonio del Estado (DEH),Delegación de Economía y Hacienda en Asturias,lote_header,land,excluded,land: not a building (art. 2.h),none,lot,,0,excluded,n/a,n/a,n/a,n/a,n/a,excluded,none,yes,R4,,none,land (rustic or unbuilt plot); confirmed
BOE-B-2025-37480#28,BOE-B-2025-37480,28,2025-10-17,5B,Patrimonio del Estado (DEH),Delegación de Economía y Hacienda en Asturias,lote_header,land,excluded,land: not a building (art. 2.h),none,lot,,0,excluded,n/a,n/a,n/a,n/a,n/a,excluded,none,no,,,,
BOE-B-2025-37480#29,BOE-B-2025-37480,29,2025-10-17,5B,Patrimonio del Estado (DEH),Delegación de Economía y Hacienda en Asturias,lote_header,land,excluded,land: not a building (art. 2.h),none,lot,,0,excluded,n/a,n/a,n/a,n/a,n/a,excluded,none,no,,,,
BOE-B-2025-37480#3,BOE-B-2025-37480,3,2025-10-17,5B,Patrimonio del Estado (DEH),Delegación de Economía y Hacienda en Asturias,lote_header,land,excluded,land: not a building (art. 2.h),none,lot,,0,excluded,n/a,n/a,n/a,n/a,n/a,excluded,none,no,,,,
BOE-B-2025-37480#30,BOE-B-2025-37480,30,2025-10-17,5B,Patrimonio del Estado (DEH),Delegación de Economía y Hacienda en Asturias,lote_header,land,excluded,land: not a building (art. 2.h),none,lot,,0,excluded,n/a,n/a,n/a,n/a,n/a,excluded,none,no,,,,
BOE-B-2025-37480#4,BOE-B-2025-37480,4,2025-10-17,5B,Patrimonio del Estado (DEH),Delegación de Economía y Hacienda en Asturias,lote_header,land,excluded,land: not a building (art. 2.h),none,lot,,0,excluded,n/a,n/a,n/a,n/a,n/a,excluded,none,no,,,,
BOE-B-2025-37480#5,BOE-B-2025-37480,5,2025-10-17,5B,Patrimonio del Estado (DEH),Delegación de Economía y Hacienda en Asturias,lote_header,land,excluded,land: not a building (art. 2.h),none,lot,,0,excluded,n/a,n/a,n/a,n/a,n/a,excluded,none,no,,,,
BOE-B-2025-37480#6,BOE-B-2025-37480,6,2025-10-17,5B,Patrimonio del Estado (DEH),Delegación de Economía y Hacienda en Asturias,lote_header,land,excluded,land: not a building (art. 2.h),none,lot,,0,excluded,n/a,n/a,n/a,n/a,n/a,excluded,none,no,,,,
BOE-B-2025-37480#7,BOE-B-2025-37480,7,2025-10-17,5B,Patrimonio del Estado (DEH),Delegación de Economía y Hacienda en Asturias,lote_header,land,excluded,land: not a building (art. 2.h),none,lot,,0,excluded,n/a,n/a,n/a,n/a,n/a,excluded,none,no,,,,
BOE-B-2025-37480#8,BOE-B-2025-37480,8,2025-10-17,5B,Patrimonio del Estado (DEH),Delegación de Economía y Hacienda en Asturias,lote_header,land,excluded,land: not a building (art. 2.h),none,lot,,0,excluded,n/a,n/a,n/a,n/a,n/a,excluded,none,no,,,,
BOE-B-2025-37480#9,BOE-B-2025-37480,9,2025-10-17,5B,Patrimonio del Estado (DEH),Delegación de Economía y Hacienda en Asturias,lote_header,land,excluded,land: not a building (art. 2.h),none,lot,,0,excluded,n/a,n/a,n/a,n/a,n/a,excluded,none,no,,,,
BOE-B-2025-37964#1,BOE-B-2025-37964,1,2025-10-20,5B,Patrimonio del Estado (DEH),Delegación de Economía y Hacienda en Ciudad Real,lote_header,building,excluded,declared exempt by the seller,exempt_declared,lot,,0,excluded,n/a,n/a,n/a,n/a,no,covered,certificate_reference,yes,R1,none_stated,scope covered>excluded; energy certificate_reference>exempt_declared,"notice says the building is exempted (""eximido"") without a ground; partly collapsed house (only the first bay stands); classifier missed ""eximido"""
BOE-B-2025-37964#10,BOE-B-2025-37964,10,2025-10-20,5B,Patrimonio del Estado (DEH),Delegación de Economía y Hacienda en Ciudad Real,lote_header,land,excluded,land: not a building (art. 2.h),none,lot,,0,excluded,n/a,n/a,n/a,n/a,n/a,excluded,none,no,,,,
BOE-B-2025-37964#11,BOE-B-2025-37964,11,2025-10-20,5B,Patrimonio del Estado (DEH),Delegación de Economía y Hacienda en Ciudad Real,lote_header,land,excluded,land: not a building (art. 2.h),none,lot,,0,excluded,n/a,n/a,n/a,n/a,n/a,excluded,none,no,,,,
BOE-B-2025-37964#12,BOE-B-2025-37964,12,2025-10-20,5B,Patrimonio del Estado (DEH),Delegación de Economía y Hacienda en Ciudad Real,lote_header,land,excluded,land: not a building (art. 2.h),none,lot,,0,excluded,n/a,n/a,n/a,n/a,n/a,excluded,none,no,,,,
BOE-B-2025-37964#13,BOE-B-2025-37964,13,2025-10-20,5B,Patrimonio del Estado (DEH),Delegación de Economía y Hacienda en Ciudad Real,lote_header,land,excluded,land: not a building (art. 2.h),none,lot,,0,excluded,n/a,n/a,n/a,n/a,n/a,excluded,none,no,,,,
BOE-B-2025-37964#14,BOE-B-2025-37964,14,2025-10-20,5B,Patrimonio del Estado (DEH),Delegación de Economía y Hacienda en Ciudad Real,lote_header,land,excluded,land: not a building (art. 2.h),none,lot,,0,excluded,n/a,n/a,n/a,n/a,n/a,excluded,none,no,,,,
BOE-B-2025-37964#15,BOE-B-2025-37964,15,2025-10-20,5B,Patrimonio del Estado (DEH),Delegación de Economía y Hacienda en Ciudad Real,lote_header,land,excluded,land: not a building (art. 2.h),none,lot,,0,excluded,n/a,n/a,n/a,n/a,n/a,excluded,none,no,,,,
BOE-B-2025-37964#16,BOE-B-2025-37964,16,2025-10-20,5B,Patrimonio del Estado (DEH),Delegación de Economía y Hacienda en Ciudad Real,lote_header,land,excluded,land: not a building (art. 2.h),none,lot,,0,excluded,n/a,n/a,n/a,n/a,n/a,excluded,none,no,,,,
BOE-B-2025-37964#2,BOE-B-2025-37964,2,2025-10-20,5B,Patrimonio del Estado (DEH),Delegación de Economía y Hacienda en Ciudad Real,lote_header,land,excluded,land: not a building (art. 2.h),none,lot,,0,excluded,n/a,n/a,n/a,n/a,n/a,excluded,none,no,,,,
BOE-B-2025-37964#3,BOE-B-2025-37964,3,2025-10-20,5B,Patrimonio del Estado (DEH),Delegación de Economía y Hacienda en Ciudad Real,lote_header,land,excluded,land: not a building (art. 2.h),none,lot,,0,excluded,n/a,n/a,n/a,n/a,n/a,excluded,none,no,,,,
BOE-B-2025-37964#4,BOE-B-2025-37964,4,2025-10-20,5B,Patrimonio del Estado (DEH),Delegación de Economía y Hacienda en Ciudad Real,lote_header,land,excluded,land: not a building (art. 2.h),none,lot,,0,excluded,n/a,n/a,n/a,n/a,n/a,excluded,none,no,,,,
BOE-B-2025-37964#5,BOE-B-2025-37964,5,2025-10-20,5B,Patrimonio del Estado (DEH),Delegación de Economía y Hacienda en Ciudad Real,lote_header,land,excluded,land: not a building (art. 2.h),none,lot,,0,excluded,n/a,n/a,n/a,n/a,n/a,excluded,none,no,,,,
BOE-B-2025-37964#6,BOE-B-2025-37964,6,2025-10-20,5B,Patrimonio del Estado (DEH),Delegación de Economía y Hacienda en Ciudad Real,lote_header,land,excluded,land: not a building (art. 2.h),none,lot,,0,excluded,n/a,n/a,n/a,n/a,n/a,excluded,none,no,,,,
BOE-B-2025-37964#7,BOE-B-2025-37964,7,2025-10-20,5B,Patrimonio del Estado (DEH),Delegación de Economía y Hacienda en Ciudad Real,lote_header,land,excluded,land: not a building (art. 2.h),none,lot,,0,excluded,n/a,n/a,n/a,n/a,n/a,excluded,none,no,,,,
BOE-B-2025-37964#8,BOE-B-2025-37964,8,2025-10-20,5B,Patrimonio del Estado (DEH),Delegación de Economía y Hacienda en Ciudad Real,lote_header,land,excluded,land: not a building (art. 2.h),none,lot,,0,excluded,n/a,n/a,n/a,n/a,n/a,excluded,none,no,,,,
BOE-B-2025-37964#9,BOE-B-2025-37964,9,2025-10-20,5B,Patrimonio del Estado (DEH),Delegación de Economía y Hacienda en Ciudad Real,lote_header,land,excluded,land: not a building (art. 2.h),none,lot,,0,excluded,n/a,n/a,n/a,n/a,n/a,excluded,none,no,,,,
BOE-B-2025-37965#1,BOE-B-2025-37965,1,2025-10-20,5B,Patrimonio del Estado (DEH),Delegación de Economía y Hacienda en Ciudad Real,lote_header,residential,undeterminable,undivided share or limited right,exempt_declared,lot,,0,undeterminable,n/a,n/a,n/a,n/a,n/a,undeterminable,certificate_reference,yes,R3,none_stated,energy certificate_reference>exempt_declared,"1/6 undivided share of a house; the notice says ""eximido"" without a ground"
BOE-B-2025-37966#1,BOE-B-2025-37966,1,2025-10-20,5B,Patrimonio del Estado (DEH),Delegación de Economía y Hacienda en Ciudad Real,lote_header,residential,covered,,rating,lot,F,0,yes,yes,no,yes,yes,yes,covered,rating,yes,R2,,none,rating letter(s) stated in the lot; confirmed
BOE-B-2025-38047#1,BOE-B-2025-38047,1,2025-10-20,5B,TGSS,Dirección Provincial de la Tesorería General de la Seguridad Social de Tarragona,lote_header,land,excluded,land: not a building (art. 2.h),none,lot,,0,excluded,n/a,n/a,n/a,n/a,n/a,excluded,none,no,,,,
BOE-B-2025-38048#1,BOE-B-2025-38048,1,2025-10-20,5B,TGSS,Dirección Provincial de la Tesorería General de la Seguridad Social de Madrid,lote_header,residential,covered,,rating,lot,E,1,yes,yes,yes,yes,yes,yes,covered,rating,yes,R2,,none,rating letter(s) stated in the lot; confirmed
BOE-B-2025-38048#2,BOE-B-2025-38048,2,2025-10-20,5B,TGSS,Dirección Provincial de la Tesorería General de la Seguridad Social de Madrid,lote_header,residential,covered,,rating,lot,E,1,yes,yes,yes,yes,yes,yes,covered,rating,no,,,,
BOE-B-2025-38048#3,BOE-B-2025-38048,3,2025-10-20,5B,TGSS,Dirección Provincial de la Tesorería General de la Seguridad Social de Madrid,lote_header,residential,covered,,rating,lot,E,1,yes,yes,yes,yes,yes,yes,covered,rating,yes,R2,,none,rating letter(s) stated in the lot; confirmed
BOE-B-2025-38161#r1,BOE-B-2025-38161,r1,2025-10-21,5B,Patrimonio del Estado (DEH),Delegación de Economía y Hacienda en Cuenca,single,land,excluded,land: not a building (art. 2.h),none,lot,,0,excluded,n/a,n/a,n/a,n/a,n/a,excluded,none,yes,extra,,split,"rustic plot, row 1 of the notice's table (a table of plots read as one lot)"
BOE-B-2025-38161#r10,BOE-B-2025-38161,r10,2025-10-21,5B,Patrimonio del Estado (DEH),Delegación de Economía y Hacienda en Cuenca,single,land,excluded,land: not a building (art. 2.h),none,lot,,0,excluded,n/a,n/a,n/a,n/a,n/a,excluded,none,yes,extra,,split,"rustic plot, row 10 of the notice's table (a table of plots read as one lot)"
BOE-B-2025-38161#r11,BOE-B-2025-38161,r11,2025-10-21,5B,Patrimonio del Estado (DEH),Delegación de Economía y Hacienda en Cuenca,single,land,excluded,land: not a building (art. 2.h),none,lot,,0,excluded,n/a,n/a,n/a,n/a,n/a,excluded,none,yes,extra,,split,"rustic plot, row 11 of the notice's table (a table of plots read as one lot)"
BOE-B-2025-38161#r12,BOE-B-2025-38161,r12,2025-10-21,5B,Patrimonio del Estado (DEH),Delegación de Economía y Hacienda en Cuenca,single,land,excluded,land: not a building (art. 2.h),none,lot,,0,excluded,n/a,n/a,n/a,n/a,n/a,excluded,none,yes,extra,,split,"rustic plot, row 12 of the notice's table (a table of plots read as one lot)"
BOE-B-2025-38161#r13,BOE-B-2025-38161,r13,2025-10-21,5B,Patrimonio del Estado (DEH),Delegación de Economía y Hacienda en Cuenca,single,land,excluded,land: not a building (art. 2.h),none,lot,,0,excluded,n/a,n/a,n/a,n/a,n/a,excluded,none,yes,extra,,split,"rustic plot, row 13 of the notice's table (a table of plots read as one lot)"
BOE-B-2025-38161#r14,BOE-B-2025-38161,r14,2025-10-21,5B,Patrimonio del Estado (DEH),Delegación de Economía y Hacienda en Cuenca,single,land,excluded,land: not a building (art. 2.h),none,lot,,0,excluded,n/a,n/a,n/a,n/a,n/a,excluded,none,yes,extra,,split,"rustic plot, row 14 of the notice's table (a table of plots read as one lot)"
BOE-B-2025-38161#r15,BOE-B-2025-38161,r15,2025-10-21,5B,Patrimonio del Estado (DEH),Delegación de Economía y Hacienda en Cuenca,single,land,excluded,land: not a building (art. 2.h),none,lot,,0,excluded,n/a,n/a,n/a,n/a,n/a,excluded,none,yes,extra,,split,"rustic plot, row 15 of the notice's table (a table of plots read as one lot)"
BOE-B-2025-38161#r16,BOE-B-2025-38161,r16,2025-10-21,5B,Patrimonio del Estado (DEH),Delegación de Economía y Hacienda en Cuenca,single,land,excluded,land: not a building (art. 2.h),none,lot,,0,excluded,n/a,n/a,n/a,n/a,n/a,excluded,none,yes,extra,,split,"rustic plot, row 16 of the notice's table (a table of plots read as one lot)"
BOE-B-2025-38161#r17,BOE-B-2025-38161,r17,2025-10-21,5B,Patrimonio del Estado (DEH),Delegación de Economía y Hacienda en Cuenca,single,land,excluded,land: not a building (art. 2.h),none,lot,,0,excluded,n/a,n/a,n/a,n/a,n/a,excluded,none,yes,extra,,split,"rustic plot, row 17 of the notice's table (a table of plots read as one lot)"
BOE-B-2025-38161#r18,BOE-B-2025-38161,r18,2025-10-21,5B,Patrimonio del Estado (DEH),Delegación de Economía y Hacienda en Cuenca,single,land,excluded,land: not a building (art. 2.h),none,lot,,0,excluded,n/a,n/a,n/a,n/a,n/a,excluded,none,yes,extra,,split,"rustic plot, row 18 of the notice's table (a table of plots read as one lot)"
BOE-B-2025-38161#r19,BOE-B-2025-38161,r19,2025-10-21,5B,Patrimonio del Estado (DEH),Delegación de Economía y Hacienda en Cuenca,single,land,excluded,land: not a building (art. 2.h),none,lot,,0,excluded,n/a,n/a,n/a,n/a,n/a,excluded,none,yes,extra,,split,"rustic plot, row 19 of the notice's table (a table of plots read as one lot)"
BOE-B-2025-38161#r2,BOE-B-2025-38161,r2,2025-10-21,5B,Patrimonio del Estado (DEH),Delegación de Economía y Hacienda en Cuenca,single,land,excluded,land: not a building (art. 2.h),none,lot,,0,excluded,n/a,n/a,n/a,n/a,n/a,excluded,none,yes,extra,,split,"rustic plot, row 2 of the notice's table (a table of plots read as one lot)"
BOE-B-2025-38161#r20,BOE-B-2025-38161,r20,2025-10-21,5B,Patrimonio del Estado (DEH),Delegación de Economía y Hacienda en Cuenca,single,land,excluded,land: not a building (art. 2.h),none,lot,,0,excluded,n/a,n/a,n/a,n/a,n/a,excluded,none,yes,extra,,split,"rustic plot, row 20 of the notice's table (a table of plots read as one lot)"
BOE-B-2025-38161#r21,BOE-B-2025-38161,r21,2025-10-21,5B,Patrimonio del Estado (DEH),Delegación de Economía y Hacienda en Cuenca,single,land,excluded,land: not a building (art. 2.h),none,lot,,0,excluded,n/a,n/a,n/a,n/a,n/a,excluded,none,yes,extra,,split,"rustic plot, row 21 of the notice's table (a table of plots read as one lot)"
BOE-B-2025-38161#r22,BOE-B-2025-38161,r22,2025-10-21,5B,Patrimonio del Estado (DEH),Delegación de Economía y Hacienda en Cuenca,single,land,excluded,land: not a building (art. 2.h),none,lot,,0,excluded,n/a,n/a,n/a,n/a,n/a,excluded,none,yes,extra,,split,"rustic plot, row 22 of the notice's table (a table of plots read as one lot)"
BOE-B-2025-38161#r23,BOE-B-2025-38161,r23,2025-10-21,5B,Patrimonio del Estado (DEH),Delegación de Economía y Hacienda en Cuenca,single,land,excluded,land: not a building (art. 2.h),none,lot,,0,excluded,n/a,n/a,n/a,n/a,n/a,excluded,none,yes,extra,,split,"rustic plot, row 23 of the notice's table (a table of plots read as one lot)"
BOE-B-2025-38161#r24,BOE-B-2025-38161,r24,2025-10-21,5B,Patrimonio del Estado (DEH),Delegación de Economía y Hacienda en Cuenca,single,land,excluded,land: not a building (art. 2.h),none,lot,,0,excluded,n/a,n/a,n/a,n/a,n/a,excluded,none,yes,extra,,split,"rustic plot, row 24 of the notice's table (a table of plots read as one lot)"
BOE-B-2025-38161#r25,BOE-B-2025-38161,r25,2025-10-21,5B,Patrimonio del Estado (DEH),Delegación de Economía y Hacienda en Cuenca,single,land,excluded,land: not a building (art. 2.h),none,lot,,0,excluded,n/a,n/a,n/a,n/a,n/a,excluded,none,yes,extra,,split,"rustic plot, row 25 of the notice's table (a table of plots read as one lot)"
BOE-B-2025-38161#r26,BOE-B-2025-38161,r26,2025-10-21,5B,Patrimonio del Estado (DEH),Delegación de Economía y Hacienda en Cuenca,single,land,excluded,land: not a building (art. 2.h),none,lot,,0,excluded,n/a,n/a,n/a,n/a,n/a,excluded,none,yes,extra,,split,"rustic plot, row 26 of the notice's table (a table of plots read as one lot)"
BOE-B-2025-38161#r27,BOE-B-2025-38161,r27,2025-10-21,5B,Patrimonio del Estado (DEH),Delegación de Economía y Hacienda en Cuenca,single,land,excluded,land: not a building (art. 2.h),none,lot,,0,excluded,n/a,n/a,n/a,n/a,n/a,excluded,none,yes,extra,,split,"rustic plot, row 27 of the notice's table (a table of plots read as one lot)"
BOE-B-2025-38161#r28,BOE-B-2025-38161,r28,2025-10-21,5B,Patrimonio del Estado (DEH),Delegación de Economía y Hacienda en Cuenca,single,land,excluded,land: not a building (art. 2.h),none,lot,,0,excluded,n/a,n/a,n/a,n/a,n/a,excluded,none,yes,extra,,split,"rustic plot, row 28 of the notice's table (a table of plots read as one lot)"
BOE-B-2025-38161#r29,BOE-B-2025-38161,r29,2025-10-21,5B,Patrimonio del Estado (DEH),Delegación de Economía y Hacienda en Cuenca,single,land,excluded,land: not a building (art. 2.h),none,lot,,0,excluded,n/a,n/a,n/a,n/a,n/a,excluded,none,yes,extra,,split,"rustic plot, row 29 of the notice's table (a table of plots read as one lot)"
BOE-B-2025-38161#r3,BOE-B-2025-38161,r3,2025-10-21,5B,Patrimonio del Estado (DEH),Delegación de Economía y Hacienda en Cuenca,single,land,excluded,land: not a building (art. 2.h),none,lot,,0,excluded,n/a,n/a,n/a,n/a,n/a,excluded,none,yes,extra,,split,"rustic plot, row 3 of the notice's table (a table of plots read as one lot)"
BOE-B-2025-38161#r30,BOE-B-2025-38161,r30,2025-10-21,5B,Patrimonio del Estado (DEH),Delegación de Economía y Hacienda en Cuenca,single,land,excluded,land: not a building (art. 2.h),none,lot,,0,excluded,n/a,n/a,n/a,n/a,n/a,excluded,none,yes,extra,,split,"rustic plot, row 30 of the notice's table (a table of plots read as one lot)"
BOE-B-2025-38161#r31,BOE-B-2025-38161,r31,2025-10-21,5B,Patrimonio del Estado (DEH),Delegación de Economía y Hacienda en Cuenca,single,land,excluded,land: not a building (art. 2.h),none,lot,,0,excluded,n/a,n/a,n/a,n/a,n/a,excluded,none,yes,extra,,split,"rustic plot, row 31 of the notice's table (a table of plots read as one lot)"
BOE-B-2025-38161#r32,BOE-B-2025-38161,r32,2025-10-21,5B,Patrimonio del Estado (DEH),Delegación de Economía y Hacienda en Cuenca,single,land,excluded,land: not a building (art. 2.h),none,lot,,0,excluded,n/a,n/a,n/a,n/a,n/a,excluded,none,yes,extra,,split,"rustic plot, row 32 of the notice's table (a table of plots read as one lot)"
BOE-B-2025-38161#r33,BOE-B-2025-38161,r33,2025-10-21,5B,Patrimonio del Estado (DEH),Delegación de Economía y Hacienda en Cuenca,single,land,excluded,land: not a building (art. 2.h),none,lot,,0,excluded,n/a,n/a,n/a,n/a,n/a,excluded,none,yes,extra,,split,"rustic plot, row 33 of the notice's table (a table of plots read as one lot)"
BOE-B-2025-38161#r34,BOE-B-2025-38161,r34,2025-10-21,5B,Patrimonio del Estado (DEH),Delegación de Economía y Hacienda en Cuenca,single,land,excluded,land: not a building (art. 2.h),none,lot,,0,excluded,n/a,n/a,n/a,n/a,n/a,excluded,none,yes,extra,,split,"rustic plot, row 34 of the notice's table (a table of plots read as one lot)"
BOE-B-2025-38161#r35,BOE-B-2025-38161,r35,2025-10-21,5B,Patrimonio del Estado (DEH),Delegación de Economía y Hacienda en Cuenca,single,land,excluded,land: not a building (art. 2.h),none,lot,,0,excluded,n/a,n/a,n/a,n/a,n/a,excluded,none,yes,extra,,split,"rustic plot, row 35 of the notice's table (a table of plots read as one lot)"
BOE-B-2025-38161#r36,BOE-B-2025-38161,r36,2025-10-21,5B,Patrimonio del Estado (DEH),Delegación de Economía y Hacienda en Cuenca,single,land,excluded,land: not a building (art. 2.h),none,lot,,0,excluded,n/a,n/a,n/a,n/a,n/a,excluded,none,yes,extra,,split,"rustic plot, row 36 of the notice's table (a table of plots read as one lot)"
BOE-B-2025-38161#r37,BOE-B-2025-38161,r37,2025-10-21,5B,Patrimonio del Estado (DEH),Delegación de Economía y Hacienda en Cuenca,single,land,excluded,land: not a building (art. 2.h),none,lot,,0,excluded,n/a,n/a,n/a,n/a,n/a,excluded,none,yes,extra,,split,"rustic plot, row 37 of the notice's table (a table of plots read as one lot)"
BOE-B-2025-38161#r38,BOE-B-2025-38161,r38,2025-10-21,5B,Patrimonio del Estado (DEH),Delegación de Economía y Hacienda en Cuenca,single,land,excluded,land: not a building (art. 2.h),none,lot,,0,excluded,n/a,n/a,n/a,n/a,n/a,excluded,none,yes,extra,,split,"rustic plot, row 38 of the notice's table (a table of plots read as one lot)"
BOE-B-2025-38161#r39,BOE-B-2025-38161,r39,2025-10-21,5B,Patrimonio del Estado (DEH),Delegación de Economía y Hacienda en Cuenca,single,land,excluded,land: not a building (art. 2.h),none,lot,,0,excluded,n/a,n/a,n/a,n/a,n/a,excluded,none,yes,extra,,split,"rustic plot, row 39 of the notice's table (a table of plots read as one lot)"
BOE-B-2025-38161#r4,BOE-B-2025-38161,r4,2025-10-21,5B,Patrimonio del Estado (DEH),Delegación de Economía y Hacienda en Cuenca,single,land,excluded,land: not a building (art. 2.h),none,lot,,0,excluded,n/a,n/a,n/a,n/a,n/a,excluded,none,yes,extra,,split,"rustic plot, row 4 of the notice's table (a table of plots read as one lot)"
BOE-B-2025-38161#r40,BOE-B-2025-38161,r40,2025-10-21,5B,Patrimonio del Estado (DEH),Delegación de Economía y Hacienda en Cuenca,single,land,excluded,land: not a building (art. 2.h),none,lot,,0,excluded,n/a,n/a,n/a,n/a,n/a,excluded,none,yes,extra,,split,"rustic plot, row 40 of the notice's table (a table of plots read as one lot)"
BOE-B-2025-38161#r41,BOE-B-2025-38161,r41,2025-10-21,5B,Patrimonio del Estado (DEH),Delegación de Economía y Hacienda en Cuenca,single,land,excluded,land: not a building (art. 2.h),none,lot,,0,excluded,n/a,n/a,n/a,n/a,n/a,excluded,none,yes,extra,,split,"rustic plot, row 41 of the notice's table (a table of plots read as one lot)"
BOE-B-2025-38161#r42,BOE-B-2025-38161,r42,2025-10-21,5B,Patrimonio del Estado (DEH),Delegación de Economía y Hacienda en Cuenca,single,land,excluded,land: not a building (art. 2.h),none,lot,,0,excluded,n/a,n/a,n/a,n/a,n/a,excluded,none,yes,extra,,split,"rustic plot, row 42 of the notice's table (a table of plots read as one lot)"
BOE-B-2025-38161#r43,BOE-B-2025-38161,r43,2025-10-21,5B,Patrimonio del Estado (DEH),Delegación de Economía y Hacienda en Cuenca,single,land,excluded,land: not a building (art. 2.h),none,lot,,0,excluded,n/a,n/a,n/a,n/a,n/a,excluded,none,yes,extra,,split,"rustic plot, row 43 of the notice's table (a table of plots read as one lot)"
BOE-B-2025-38161#r44,BOE-B-2025-38161,r44,2025-10-21,5B,Patrimonio del Estado (DEH),Delegación de Economía y Hacienda en Cuenca,single,land,excluded,land: not a building (art. 2.h),none,lot,,0,excluded,n/a,n/a,n/a,n/a,n/a,excluded,none,yes,extra,,split,"rustic plot, row 44 of the notice's table (a table of plots read as one lot)"
BOE-B-2025-38161#r45,BOE-B-2025-38161,r45,2025-10-21,5B,Patrimonio del Estado (DEH),Delegación de Economía y Hacienda en Cuenca,single,land,excluded,land: not a building (art. 2.h),none,lot,,0,excluded,n/a,n/a,n/a,n/a,n/a,excluded,none,yes,extra,,split,"rustic plot, row 45 of the notice's table (a table of plots read as one lot)"
BOE-B-2025-38161#r46,BOE-B-2025-38161,r46,2025-10-21,5B,Patrimonio del Estado (DEH),Delegación de Economía y Hacienda en Cuenca,single,land,excluded,land: not a building (art. 2.h),none,lot,,0,excluded,n/a,n/a,n/a,n/a,n/a,excluded,none,yes,extra,,split,"rustic plot, row 46 of the notice's table (a table of plots read as one lot)"
BOE-B-2025-38161#r47,BOE-B-2025-38161,r47,2025-10-21,5B,Patrimonio del Estado (DEH),Delegación de Economía y Hacienda en Cuenca,single,land,excluded,land: not a building (art. 2.h),none,lot,,0,excluded,n/a,n/a,n/a,n/a,n/a,excluded,none,yes,extra,,split,"rustic plot, row 47 of the notice's table (a table of plots read as one lot)"
BOE-B-2025-38161#r48,BOE-B-2025-38161,r48,2025-10-21,5B,Patrimonio del Estado (DEH),Delegación de Economía y Hacienda en Cuenca,single,land,excluded,land: not a building (art. 2.h),none,lot,,0,excluded,n/a,n/a,n/a,n/a,n/a,excluded,none,yes,extra,,split,"rustic plot, row 48 of the notice's table (a table of plots read as one lot)"
BOE-B-2025-38161#r49,BOE-B-2025-38161,r49,2025-10-21,5B,Patrimonio del Estado (DEH),Delegación de Economía y Hacienda en Cuenca,single,land,excluded,land: not a building (art. 2.h),none,lot,,0,excluded,n/a,n/a,n/a,n/a,n/a,excluded,none,yes,extra,,split,"rustic plot, row 49 of the notice's table (a table of plots read as one lot)"
BOE-B-2025-38161#r5,BOE-B-2025-38161,r5,2025-10-21,5B,Patrimonio del Estado (DEH),Delegación de Economía y Hacienda en Cuenca,single,land,excluded,land: not a building (art. 2.h),none,lot,,0,excluded,n/a,n/a,n/a,n/a,n/a,excluded,none,yes,extra,,split,"rustic plot, row 5 of the notice's table (a table of plots read as one lot)"
BOE-B-2025-38161#r50,BOE-B-2025-38161,r50,2025-10-21,5B,Patrimonio del Estado (DEH),Delegación de Economía y Hacienda en Cuenca,single,land,excluded,land: not a building (art. 2.h),none,lot,,0,excluded,n/a,n/a,n/a,n/a,n/a,excluded,none,yes,extra,,split,"rustic plot, row 50 of the notice's table (a table of plots read as one lot)"
BOE-B-2025-38161#r51,BOE-B-2025-38161,r51,2025-10-21,5B,Patrimonio del Estado (DEH),Delegación de Economía y Hacienda en Cuenca,single,land,excluded,land: not a building (art. 2.h),none,lot,,0,excluded,n/a,n/a,n/a,n/a,n/a,excluded,none,yes,extra,,split,"rustic plot, row 51 of the notice's table (a table of plots read as one lot)"
BOE-B-2025-38161#r52,BOE-B-2025-38161,r52,2025-10-21,5B,Patrimonio del Estado (DEH),Delegación de Economía y Hacienda en Cuenca,single,land,excluded,land: not a building (art. 2.h),none,lot,,0,excluded,n/a,n/a,n/a,n/a,n/a,excluded,none,yes,extra,,split,"rustic plot, row 52 of the notice's table (a table of plots read as one lot)"
BOE-B-2025-38161#r53,BOE-B-2025-38161,r53,2025-10-21,5B,Patrimonio del Estado (DEH),Delegación de Economía y Hacienda en Cuenca,single,land,excluded,land: not a building (art. 2.h),none,lot,,0,excluded,n/a,n/a,n/a,n/a,n/a,excluded,none,yes,extra,,split,"rustic plot, row 53 of the notice's table (a table of plots read as one lot)"
BOE-B-2025-38161#r54,BOE-B-2025-38161,r54,2025-10-21,5B,Patrimonio del Estado (DEH),Delegación de Economía y Hacienda en Cuenca,single,land,excluded,land: not a building (art. 2.h),none,lot,,0,excluded,n/a,n/a,n/a,n/a,n/a,excluded,none,yes,extra,,split,"rustic plot, row 54 of the notice's table (a table of plots read as one lot)"
BOE-B-2025-38161#r55,BOE-B-2025-38161,r55,2025-10-21,5B,Patrimonio del Estado (DEH),Delegación de Economía y Hacienda en Cuenca,single,land,excluded,land: not a building (art. 2.h),none,lot,,0,excluded,n/a,n/a,n/a,n/a,n/a,excluded,none,yes,extra,,split,"rustic plot, row 55 of the notice's table (a table of plots read as one lot)"
BOE-B-2025-38161#r56,BOE-B-2025-38161,r56,2025-10-21,5B,Patrimonio del Estado (DEH),Delegación de Economía y Hacienda en Cuenca,single,land,excluded,land: not a building (art. 2.h),none,lot,,0,excluded,n/a,n/a,n/a,n/a,n/a,excluded,none,yes,extra,,split,"rustic plot, row 56 of the notice's table (a table of plots read as one lot)"
BOE-B-2025-38161#r57,BOE-B-2025-38161,r57,2025-10-21,5B,Patrimonio del Estado (DEH),Delegación de Economía y Hacienda en Cuenca,single,land,excluded,land: not a building (art. 2.h),none,lot,,0,excluded,n/a,n/a,n/a,n/a,n/a,excluded,none,yes,extra,,split,"rustic plot, row 57 of the notice's table (a table of plots read as one lot)"
BOE-B-2025-38161#r58,BOE-B-2025-38161,r58,2025-10-21,5B,Patrimonio del Estado (DEH),Delegación de Economía y Hacienda en Cuenca,single,land,excluded,land: not a building (art. 2.h),none,lot,,0,excluded,n/a,n/a,n/a,n/a,n/a,excluded,none,yes,extra,,split,"rustic plot, row 58 of the notice's table (a table of plots read as one lot)"
BOE-B-2025-38161#r59,BOE-B-2025-38161,r59,2025-10-21,5B,Patrimonio del Estado (DEH),Delegación de Economía y Hacienda en Cuenca,single,land,excluded,land: not a building (art. 2.h),none,lot,,0,excluded,n/a,n/a,n/a,n/a,n/a,excluded,none,yes,extra,,split,"rustic plot, row 59 of the notice's table (a table of plots read as one lot)"
BOE-B-2025-38161#r6,BOE-B-2025-38161,r6,2025-10-21,5B,Patrimonio del Estado (DEH),Delegación de Economía y Hacienda en Cuenca,single,land,excluded,land: not a building (art. 2.h),none,lot,,0,excluded,n/a,n/a,n/a,n/a,n/a,excluded,none,yes,extra,,split,"rustic plot, row 6 of the notice's table (a table of plots read as one lot)"
BOE-B-2025-38161#r60,BOE-B-2025-38161,r60,2025-10-21,5B,Patrimonio del Estado (DEH),Delegación de Economía y Hacienda en Cuenca,single,land,excluded,land: not a building (art. 2.h),none,lot,,0,excluded,n/a,n/a,n/a,n/a,n/a,excluded,none,yes,extra,,split,"rustic plot, row 60 of the notice's table (a table of plots read as one lot)"
BOE-B-2025-38161#r61,BOE-B-2025-38161,r61,2025-10-21,5B,Patrimonio del Estado (DEH),Delegación de Economía y Hacienda en Cuenca,single,land,excluded,land: not a building (art. 2.h),none,lot,,0,excluded,n/a,n/a,n/a,n/a,n/a,excluded,none,yes,extra,,split,"rustic plot, row 61 of the notice's table (a table of plots read as one lot)"
BOE-B-2025-38161#r62,BOE-B-2025-38161,r62,2025-10-21,5B,Patrimonio del Estado (DEH),Delegación de Economía y Hacienda en Cuenca,single,land,excluded,land: not a building (art. 2.h),none,lot,,0,excluded,n/a,n/a,n/a,n/a,n/a,excluded,none,yes,extra,,split,"rustic plot, row 62 of the notice's table (a table of plots read as one lot)"
BOE-B-2025-38161#r63,BOE-B-2025-38161,r63,2025-10-21,5B,Patrimonio del Estado (DEH),Delegación de Economía y Hacienda en Cuenca,single,land,excluded,land: not a building (art. 2.h),none,lot,,0,excluded,n/a,n/a,n/a,n/a,n/a,excluded,none,yes,extra,,split,"rustic plot, row 63 of the notice's table (a table of plots read as one lot)"
BOE-B-2025-38161#r64,BOE-B-2025-38161,r64,2025-10-21,5B,Patrimonio del Estado (DEH),Delegación de Economía y Hacienda en Cuenca,single,land,excluded,land: not a building (art. 2.h),none,lot,,0,excluded,n/a,n/a,n/a,n/a,n/a,excluded,none,yes,extra,,split,"rustic plot, row 64 of the notice's table (a table of plots read as one lot)"
BOE-B-2025-38161#r65,BOE-B-2025-38161,r65,2025-10-21,5B,Patrimonio del Estado (DEH),Delegación de Economía y Hacienda en Cuenca,single,land,excluded,land: not a building (art. 2.h),none,lot,,0,excluded,n/a,n/a,n/a,n/a,n/a,excluded,none,yes,extra,,split,"rustic plot, row 65 of the notice's table (a table of plots read as one lot)"
BOE-B-2025-38161#r66,BOE-B-2025-38161,r66,2025-10-21,5B,Patrimonio del Estado (DEH),Delegación de Economía y Hacienda en Cuenca,single,land,excluded,land: not a building (art. 2.h),none,lot,,0,excluded,n/a,n/a,n/a,n/a,n/a,excluded,none,yes,extra,,split,"rustic plot, row 66 of the notice's table (a table of plots read as one lot)"
BOE-B-2025-38161#r67,BOE-B-2025-38161,r67,2025-10-21,5B,Patrimonio del Estado (DEH),Delegación de Economía y Hacienda en Cuenca,single,land,excluded,land: not a building (art. 2.h),none,lot,,0,excluded,n/a,n/a,n/a,n/a,n/a,excluded,none,yes,extra,,split,"rustic plot, row 67 of the notice's table (a table of plots read as one lot)"
BOE-B-2025-38161#r68,BOE-B-2025-38161,r68,2025-10-21,5B,Patrimonio del Estado (DEH),Delegación de Economía y Hacienda en Cuenca,single,land,excluded,land: not a building (art. 2.h),none,lot,,0,excluded,n/a,n/a,n/a,n/a,n/a,excluded,none,yes,extra,,split,"rustic plot, row 68 of the notice's table (a table of plots read as one lot)"
BOE-B-2025-38161#r69,BOE-B-2025-38161,r69,2025-10-21,5B,Patrimonio del Estado (DEH),Delegación de Economía y Hacienda en Cuenca,single,land,excluded,land: not a building (art. 2.h),none,lot,,0,excluded,n/a,n/a,n/a,n/a,n/a,excluded,none,yes,extra,,split,"rustic plot, row 69 of the notice's table (a table of plots read as one lot)"
BOE-B-2025-38161#r7,BOE-B-2025-38161,r7,2025-10-21,5B,Patrimonio del Estado (DEH),Delegación de Economía y Hacienda en Cuenca,single,land,excluded,land: not a building (art. 2.h),none,lot,,0,excluded,n/a,n/a,n/a,n/a,n/a,excluded,none,yes,extra,,split,"rustic plot, row 7 of the notice's table (a table of plots read as one lot)"
BOE-B-2025-38161#r70,BOE-B-2025-38161,r70,2025-10-21,5B,Patrimonio del Estado (DEH),Delegación de Economía y Hacienda en Cuenca,single,land,excluded,land: not a building (art. 2.h),none,lot,,0,excluded,n/a,n/a,n/a,n/a,n/a,excluded,none,yes,extra,,split,"rustic plot, row 70 of the notice's table (a table of plots read as one lot)"
BOE-B-2025-38161#r71,BOE-B-2025-38161,r71,2025-10-21,5B,Patrimonio del Estado (DEH),Delegación de Economía y Hacienda en Cuenca,single,land,excluded,land: not a building (art. 2.h),none,lot,,0,excluded,n/a,n/a,n/a,n/a,n/a,excluded,none,yes,extra,,split,"rustic plot, row 71 of the notice's table (a table of plots read as one lot)"
BOE-B-2025-38161#r72,BOE-B-2025-38161,r72,2025-10-21,5B,Patrimonio del Estado (DEH),Delegación de Economía y Hacienda en Cuenca,single,land,excluded,land: not a building (art. 2.h),none,lot,,0,excluded,n/a,n/a,n/a,n/a,n/a,excluded,none,yes,extra,,split,"rustic plot, row 72 of the notice's table (a table of plots read as one lot)"
BOE-B-2025-38161#r73,BOE-B-2025-38161,r73,2025-10-21,5B,Patrimonio del Estado (DEH),Delegación de Economía y Hacienda en Cuenca,single,land,excluded,land: not a building (art. 2.h),none,lot,,0,excluded,n/a,n/a,n/a,n/a,n/a,excluded,none,yes,extra,,split,"rustic plot, row 73 of the notice's table (a table of plots read as one lot)"
BOE-B-2025-38161#r74,BOE-B-2025-38161,r74,2025-10-21,5B,Patrimonio del Estado (DEH),Delegación de Economía y Hacienda en Cuenca,single,land,excluded,land: not a building (art. 2.h),none,lot,,0,excluded,n/a,n/a,n/a,n/a,n/a,excluded,none,yes,extra,,split,"rustic plot, row 74 of the notice's table (a table of plots read as one lot)"
BOE-B-2025-38161#r75,BOE-B-2025-38161,r75,2025-10-21,5B,Patrimonio del Estado (DEH),Delegación de Economía y Hacienda en Cuenca,single,land,excluded,land: not a building (art. 2.h),none,lot,,0,excluded,n/a,n/a,n/a,n/a,n/a,excluded,none,yes,extra,,split,"rustic plot, row 75 of the notice's table (a table of plots read as one lot)"
BOE-B-2025-38161#r8,BOE-B-2025-38161,r8,2025-10-21,5B,Patrimonio del Estado (DEH),Delegación de Economía y Hacienda en Cuenca,single,land,excluded,land: not a building (art. 2.h),none,lot,,0,excluded,n/a,n/a,n/a,n/a,n/a,excluded,none,yes,extra,,split,"rustic plot, row 8 of the notice's table (a table of plots read as one lot)"
BOE-B-2025-38161#r9,BOE-B-2025-38161,r9,2025-10-21,5B,Patrimonio del Estado (DEH),Delegación de Economía y Hacienda en Cuenca,single,land,excluded,land: not a building (art. 2.h),none,lot,,0,excluded,n/a,n/a,n/a,n/a,n/a,excluded,none,yes,extra,,split,"rustic plot, row 9 of the notice's table (a table of plots read as one lot)"
BOE-B-2025-38171#?,BOE-B-2025-38171,?,2025-10-21,5B,Other public bodies,Organismo Autónomo Parques Nacionales,not_described,rural_with_construction,drop,,none,lot,,0,dropped,n/a,n/a,n/a,n/a,n/a,undeterminable,none,yes,R3,,scope undeterminable>drop,"grazing rights with use of a livestock building and an auxiliary dwelling (aprovechamiento), not a sale of property"
BOE-B-2025-38189#1,BOE-B-2025-38189,1,2025-10-21,5B,Other public bodies,Delegación del Gobierno,single,unknown,undeterminable,properties not described in the notice,none,lot,,0,undeterminable,n/a,n/a,n/a,n/a,n/a,covered,none,yes,R1,,scope covered>undeterminable; type residential>unknown,"13 seized properties sold by SEGIPSA; the lots are listed only in the specifications, not described in the notice"
BOE-B-2025-38192#1,BOE-B-2025-38192,1,2025-10-21,5B,Other public bodies,Dirección General de Patrimonio,single,unknown,undeterminable,properties not described in the notice,none,lot,,0,undeterminable,n/a,n/a,n/a,n/a,n/a,undeterminable,none,yes,R3,,none,"28 lots of a regional government (Junta de Andalucía) listed only in the specifications, not described in the notice"
BOE-B-2025-38265#1,BOE-B-2025-38265,1,2025-10-22,5B,Patrimonio del Estado (DEH),Delegación Especial de Economía y Hacienda en Madrid,lote_header,residential,covered,,rating,lot,E,1,yes,yes,yes,yes,yes,yes,covered,rating,yes,R2,,none,rating letter(s) stated in the lot; confirmed
BOE-B-2025-38265#2,BOE-B-2025-38265,2,2025-10-22,5B,Patrimonio del Estado (DEH),Delegación Especial de Economía y Hacienda en Madrid,lote_header,residential,excluded,declared exempt by the seller,exempt_declared,lot,,0,excluded,n/a,n/a,n/a,no,no,excluded,exempt_declared,yes,R4,3.2.e_part,none,"flat declared exempt under art. 3.2.e; art. 3.2.e gives the declaration to «el propietario del edificio o de parte del edificio», so the owner-seller's declaration for a part is accepted; the non-binding MITECO FAQ no. 7 reads the exclusion as whole buildings only (sensitivity)"
BOE-B-2025-38265#3,BOE-B-2025-38265,3,2025-10-22,5B,Patrimonio del Estado (DEH),Delegación Especial de Economía y Hacienda en Madrid,lote_header,residential,excluded,declared exempt by the seller,exempt_declared,lot,,0,excluded,n/a,n/a,n/a,no,no,excluded,exempt_declared,yes,R4,3.2.e_part,none,"ground-floor premises used as a dwelling, declared exempt under art. 3.2.e; art. 3.2.e gives the declaration to «el propietario del edificio o de parte del edificio», so the owner-seller's declaration for a part is accepted; the non-binding MITECO FAQ no. 7 reads the exclusion as whole buildings only (sensitivity)"
BOE-B-2025-38265#4,BOE-B-2025-38265,4,2025-10-22,5B,Patrimonio del Estado (DEH),Delegación Especial de Economía y Hacienda en Madrid,lote_header,residential,excluded,declared exempt by the seller,exempt_declared,lot,,0,excluded,n/a,n/a,n/a,no,no,excluded,exempt_declared,yes,R4,3.2.e_part,none,"flat declared exempt under art. 3.2.e; art. 3.2.e gives the declaration to «el propietario del edificio o de parte del edificio», so the owner-seller's declaration for a part is accepted; the non-binding MITECO FAQ no. 7 reads the exclusion as whole buildings only (sensitivity)"
BOE-B-2025-38265#5,BOE-B-2025-38265,5,2025-10-22,5B,Patrimonio del Estado (DEH),Delegación Especial de Economía y Hacienda en Madrid,lote_header,residential,undeterminable,undivided share or limited right,rating,lot,EG,1,undeterminable,n/a,n/a,n/a,n/a,n/a,undeterminable,rating,yes,R3,,none,50% undivided share of a dwelling; the rating is stated anyway
BOE-B-2025-38265#6,BOE-B-2025-38265,6,2025-10-22,5B,Patrimonio del Estado (DEH),Delegación Especial de Economía y Hacienda en Madrid,lote_header,residential,covered,,rating,lot,G,1,yes,yes,yes,yes,yes,yes,covered,rating,yes,R2,,none,rating letter(s) stated in the lot; confirmed
BOE-B-2025-38266#1,BOE-B-2025-38266,1,2025-10-22,5B,Patrimonio del Estado (DEH),Delegación de Economía y Hacienda en Alicante,lote_header,land,excluded,land: not a building (art. 2.h),none,lot,,0,excluded,n/a,n/a,n/a,n/a,n/a,excluded,none,no,,,,
BOE-B-2025-38266#10,BOE-B-2025-38266,10,2025-10-22,5B,Patrimonio del Estado (DEH),Delegación de Economía y Hacienda en Alicante,lote_header,land,excluded,land: not a building (art. 2.h),none,lot,,0,excluded,n/a,n/a,n/a,n/a,n/a,undeterminable,none,yes,R3,,scope undeterminable>excluded; type rural_with_construction>land,"rustic plot; ""Casa Chafas"" is the place name"
BOE-B-2025-38266#11,BOE-B-2025-38266,11,2025-10-22,5B,Patrimonio del Estado (DEH),Delegación de Economía y Hacienda en Alicante,lote_header,land,excluded,land: not a building (art. 2.h),none,lot,,0,excluded,n/a,n/a,n/a,n/a,n/a,excluded,none,yes,R4,,none,land (rustic or unbuilt plot); confirmed
BOE-B-2025-38266#2,BOE-B-2025-38266,2,2025-10-22,5B,Patrimonio del Estado (DEH),Delegación de Economía y Hacienda en Alicante,lote_header,land,excluded,land: not a building (art. 2.h),none,lot,,0,excluded,n/a,n/a,n/a,n/a,n/a,excluded,none,no,,,,
BOE-B-2025-38266#3,BOE-B-2025-38266,3,2025-10-22,5B,Patrimonio del Estado (DEH),Delegación de Economía y Hacienda en Alicante,lote_header,land,excluded,land: not a building (art. 2.h),none,lot,,0,excluded,n/a,n/a,n/a,n/a,n/a,excluded,none,no,,,,
BOE-B-2025-38266#4,BOE-B-2025-38266,4,2025-10-22,5B,Patrimonio del Estado (DEH),Delegación de Economía y Hacienda en Alicante,lote_header,land,excluded,land: not a building (art. 2.h),none,lot,,0,excluded,n/a,n/a,n/a,n/a,n/a,excluded,none,no,,,,
BOE-B-2025-38266#5,BOE-B-2025-38266,5,2025-10-22,5B,Patrimonio del Estado (DEH),Delegación de Economía y Hacienda en Alicante,lote_header,land,excluded,land: not a building (art. 2.h),none,lot,,0,excluded,n/a,n/a,n/a,n/a,n/a,excluded,none,no,,,,
BOE-B-2025-38266#6,BOE-B-2025-38266,6,2025-10-22,5B,Patrimonio del Estado (DEH),Delegación de Economía y Hacienda en Alicante,lote_header,land,excluded,land: not a building (art. 2.h),none,lot,,0,excluded,n/a,n/a,n/a,n/a,n/a,excluded,none,no,,,,
BOE-B-2025-38266#7,BOE-B-2025-38266,7,2025-10-22,5B,Patrimonio del Estado (DEH),Delegación de Economía y Hacienda en Alicante,lote_header,land,excluded,land: not a building (art. 2.h),none,lot,,0,excluded,n/a,n/a,n/a,n/a,n/a,excluded,none,no,,,,
BOE-B-2025-38266#8,BOE-B-2025-38266,8,2025-10-22,5B,Patrimonio del Estado (DEH),Delegación de Economía y Hacienda en Alicante,lote_header,land,excluded,land: not a building (art. 2.h),none,lot,,0,excluded,n/a,n/a,n/a,n/a,n/a,excluded,none,no,,,,
BOE-B-2025-38266#9,BOE-B-2025-38266,9,2025-10-22,5B,Patrimonio del Estado (DEH),Delegación de Economía y Hacienda en Alicante,lote_header,land,excluded,land: not a building (art. 2.h),none,lot,,0,excluded,n/a,n/a,n/a,n/a,n/a,excluded,none,no,,,,
BOE-B-2025-39055#1,BOE-B-2025-39055,1,2025-10-27,5B,TGSS,Tesorería General de la Seguridad Social,single,unknown,undeterminable,type not stated,none,lot,,0,undeterminable,n/a,n/a,n/a,n/a,n/a,undeterminable,none,yes,R3,,none,"urban property of about 300 m2 sold for 6,089 euros; not said whether a building or a plot; confirmed"
BOE-B-2025-39610#1,BOE-B-2025-39610,1,2025-10-31,5B,Patrimonio del Estado (DEH),Delegación de Economía y Hacienda en Granada,lote_header,land,excluded,land: not a building (art. 2.h),none,lot,,0,excluded,n/a,n/a,n/a,n/a,n/a,excluded,none,yes,R4,,none,land (rustic or unbuilt plot); confirmed
BOE-B-2025-39610#2,BOE-B-2025-39610,2,2025-10-31,5B,Patrimonio del Estado (DEH),Delegación de Economía y Hacienda en Granada,lote_header,land,excluded,land: not a building (art. 2.h),none,lot,,0,excluded,n/a,n/a,n/a,n/a,n/a,excluded,none,no,,,,
BOE-B-2025-39610#3,BOE-B-2025-39610,3,2025-10-31,5B,Patrimonio del Estado (DEH),Delegación de Economía y Hacienda en Granada,lote_header,land,excluded,land: not a building (art. 2.h),none,lot,,0,excluded,n/a,n/a,n/a,n/a,n/a,excluded,none,no,,,,
BOE-B-2025-40188#1,BOE-B-2025-40188,1,2025-11-03,5B,TGSS,Dirección Provincial de la Tesorería General de la Seguridad Social de Madrid,lote_header,residential,covered,,rating,lot,FG,1,yes,yes,yes,yes,yes,yes,covered,rating,yes,R2,,none,rating letter(s) stated in the lot; confirmed
BOE-B-2025-40188#2,BOE-B-2025-40188,2,2025-11-03,5B,TGSS,Dirección Provincial de la Tesorería General de la Seguridad Social de Madrid,lote_header,residential,covered,,rating,lot,E,1,yes,yes,yes,yes,yes,yes,covered,rating,yes,R2,,none,rating letter(s) stated in the lot; confirmed
BOE-B-2025-40188#3,BOE-B-2025-40188,3,2025-11-03,5B,TGSS,Dirección Provincial de la Tesorería General de la Seguridad Social de Madrid,lote_header,unit_in_building,covered,,rating,lot,E,1,yes,yes,yes,yes,yes,yes,covered,rating,yes,R2,,none,rating letter(s) stated in the lot; confirmed
BOE-B-2025-40188#4,BOE-B-2025-40188,4,2025-11-03,5B,TGSS,Dirección Provincial de la Tesorería General de la Seguridad Social de Madrid,lote_header,commercial,covered,,rating,lot,D,1,yes,yes,yes,yes,yes,yes,covered,rating,yes,R2,,none,rating letter(s) stated in the lot; confirmed
BOE-B-2025-40188#5,BOE-B-2025-40188,5,2025-11-03,5B,TGSS,Dirección Provincial de la Tesorería General de la Seguridad Social de Madrid,lote_header,industrial_agricultural,covered,,rating,lot,DF,1,yes,yes,yes,yes,yes,yes,excluded,rating,yes,R4,,scope excluded>covered,"same industrial unit re-auctioned; registered certificate stated (F, D); art. 3.2.c applies only to low-demand parts"
BOE-B-2025-40399#1,BOE-B-2025-40399,1,2025-11-04,5B,TGSS,Tesorería General de la Seguridad Social,lote_header,commercial,covered,,rating,lot,C,1,yes,yes,yes,yes,yes,yes,covered,rating,yes,R2,,none,rating letter(s) stated in the lot; confirmed
BOE-B-2025-40399#2,BOE-B-2025-40399,2,2025-11-04,5B,TGSS,Tesorería General de la Seguridad Social,lote_header,commercial,covered,,rating,lot,D,1,yes,yes,yes,yes,yes,yes,covered,rating,yes,R2,,none,rating letter(s) stated in the lot; confirmed
BOE-B-2025-40656#1,BOE-B-2025-40656,1,2025-11-06,5B,TGSS,Dirección Provincial de la Tesorería General de la Seguridad Social de A Coruña,single,commercial,covered,,rating,lot,DE,1,yes,yes,yes,yes,yes,yes,covered,rating,no,,,,
BOE-B-2025-41389#1,BOE-B-2025-41389,1,2025-11-12,5B,TGSS,Dirección Provincial de la Tesorería General de la Seguridad Social de Sevilla,single,land,excluded,land: not a building (art. 2.h),none,lot,,0,excluded,n/a,n/a,n/a,n/a,n/a,excluded,none,no,,,,
BOE-B-2025-42224#1,BOE-B-2025-42224,1,2025-11-17,5B,Patrimonio del Estado (DEH),Delegación de Economía y Hacienda en Pontevedra,lote_header,land,excluded,land: not a building (art. 2.h),none,lot,,0,excluded,n/a,n/a,n/a,n/a,n/a,excluded,none,no,,,,
BOE-B-2025-42224#2,BOE-B-2025-42224,2,2025-11-17,5B,Patrimonio del Estado (DEH),Delegación de Economía y Hacienda en Pontevedra,lote_header,land,excluded,land: not a building (art. 2.h),none,lot,,0,excluded,n/a,n/a,n/a,n/a,n/a,excluded,none,no,,,,
BOE-B-2025-42224#3,BOE-B-2025-42224,3,2025-11-17,5B,Patrimonio del Estado (DEH),Delegación de Economía y Hacienda en Pontevedra,lote_header,land,excluded,land: not a building (art. 2.h),none,lot,,0,excluded,n/a,n/a,n/a,n/a,n/a,excluded,none,no,,,,
BOE-B-2025-42224#4,BOE-B-2025-42224,4,2025-11-17,5B,Patrimonio del Estado (DEH),Delegación de Economía y Hacienda en Pontevedra,lote_header,land,excluded,land: not a building (art. 2.h),none,lot,,0,excluded,n/a,n/a,n/a,n/a,n/a,excluded,none,no,,,,
BOE-B-2025-42224#5,BOE-B-2025-42224,5,2025-11-17,5B,Patrimonio del Estado (DEH),Delegación de Economía y Hacienda en Pontevedra,lote_header,land,excluded,land: not a building (art. 2.h),none,lot,,0,excluded,n/a,n/a,n/a,n/a,n/a,excluded,none,no,,,,
BOE-B-2025-42224#6,BOE-B-2025-42224,6,2025-11-17,5B,Patrimonio del Estado (DEH),Delegación de Economía y Hacienda en Pontevedra,lote_header,land,excluded,land: not a building (art. 2.h),none,lot,,0,excluded,n/a,n/a,n/a,n/a,n/a,excluded,none,no,,,,
BOE-B-2025-42224#7,BOE-B-2025-42224,7,2025-11-17,5B,Patrimonio del Estado (DEH),Delegación de Economía y Hacienda en Pontevedra,lote_header,land,excluded,land: not a building (art. 2.h),none,lot,,0,excluded,n/a,n/a,n/a,n/a,n/a,excluded,none,no,,,,
BOE-B-2025-42224#8,BOE-B-2025-42224,8,2025-11-17,5B,Patrimonio del Estado (DEH),Delegación de Economía y Hacienda en Pontevedra,lote_header,land,excluded,land: not a building (art. 2.h),none,lot,,0,excluded,n/a,n/a,n/a,n/a,n/a,excluded,none,no,,,,
BOE-B-2025-42225#1,BOE-B-2025-42225,1,2025-11-17,5B,GIESE (Interior),Organismo Autónomo Gerencia de Infraestructuras y Equipamiento de la Seguridad del Estado,numbered,residential,covered,,none,lot,,0,no,no,no,no,no,no,covered,none,yes,R1,,none,former Guardia Civil house-barracks; no energy statement
BOE-B-2025-42225#2,BOE-B-2025-42225,2,2025-11-17,5B,GIESE (Interior),Organismo Autónomo Gerencia de Infraestructuras y Equipamiento de la Seguridad del Estado,numbered,building,undeterminable,"possibly art. 3.2.d (independent, under 50 m2)",none,lot,,0,undeterminable,n/a,n/a,n/a,n/a,n/a,excluded,none,yes,R4,,scope excluded>undeterminable; type land>building,"former Guardia Civil guard hut on rustic land, surface not stated (possibly art. 3.2.d)"
BOE-B-2025-42225#3,BOE-B-2025-42225,3,2025-11-17,5B,GIESE (Interior),Organismo Autónomo Gerencia de Infraestructuras y Equipamiento de la Seguridad del Estado,numbered,building,covered,,none,lot,,0,no,no,no,no,no,no,undeterminable,none,yes,R3,,scope undeterminable>covered; type unknown>building,former police station; no energy statement
BOE-B-2025-42596#1,BOE-B-2025-42596,1,2025-11-19,5B,Patrimonio del Estado (DEH),Delegación de Economía y Hacienda en Teruel,table,land,excluded,land: not a building (art. 2.h),none,lot,,0,excluded,n/a,n/a,n/a,n/a,n/a,excluded,none,no,,,,
BOE-B-2025-42596#10,BOE-B-2025-42596,10,2025-11-19,5B,Patrimonio del Estado (DEH),Delegación de Economía y Hacienda en Teruel,table,land,excluded,land: not a building (art. 2.h),none,lot,,0,excluded,n/a,n/a,n/a,n/a,n/a,excluded,none,no,,,,
BOE-B-2025-42596#11,BOE-B-2025-42596,11,2025-11-19,5B,Patrimonio del Estado (DEH),Delegación de Economía y Hacienda en Teruel,table,land,excluded,land: not a building (art. 2.h),none,lot,,0,excluded,n/a,n/a,n/a,n/a,n/a,excluded,none,no,,,,
BOE-B-2025-42596#12,BOE-B-2025-42596,12,2025-11-19,5B,Patrimonio del Estado (DEH),Delegación de Economía y Hacienda en Teruel,table,land,excluded,land: not a building (art. 2.h),none,lot,,0,excluded,n/a,n/a,n/a,n/a,n/a,excluded,none,no,,,,
BOE-B-2025-42596#13,BOE-B-2025-42596,13,2025-11-19,5B,Patrimonio del Estado (DEH),Delegación de Economía y Hacienda en Teruel,table,land,excluded,land: not a building (art. 2.h),none,lot,,0,excluded,n/a,n/a,n/a,n/a,n/a,excluded,none,no,,,,
BOE-B-2025-42596#14,BOE-B-2025-42596,14,2025-11-19,5B,Patrimonio del Estado (DEH),Delegación de Economía y Hacienda en Teruel,table,land,excluded,land: not a building (art. 2.h),none,lot,,0,excluded,n/a,n/a,n/a,n/a,n/a,excluded,none,no,,,,
BOE-B-2025-42596#15,BOE-B-2025-42596,15,2025-11-19,5B,Patrimonio del Estado (DEH),Delegación de Economía y Hacienda en Teruel,table,land,excluded,land: not a building (art. 2.h),none,lot,,0,excluded,n/a,n/a,n/a,n/a,n/a,excluded,none,no,,,,
BOE-B-2025-42596#16,BOE-B-2025-42596,16,2025-11-19,5B,Patrimonio del Estado (DEH),Delegación de Economía y Hacienda en Teruel,table,land,excluded,land: not a building (art. 2.h),none,lot,,0,excluded,n/a,n/a,n/a,n/a,n/a,excluded,none,no,,,,
BOE-B-2025-42596#17,BOE-B-2025-42596,17,2025-11-19,5B,Patrimonio del Estado (DEH),Delegación de Economía y Hacienda en Teruel,table,land,excluded,land: not a building (art. 2.h),none,lot,,0,excluded,n/a,n/a,n/a,n/a,n/a,excluded,none,no,,,,
BOE-B-2025-42596#18,BOE-B-2025-42596,18,2025-11-19,5B,Patrimonio del Estado (DEH),Delegación de Economía y Hacienda en Teruel,table,land,excluded,land: not a building (art. 2.h),none,lot,,0,excluded,n/a,n/a,n/a,n/a,n/a,excluded,none,no,,,,
BOE-B-2025-42596#19,BOE-B-2025-42596,19,2025-11-19,5B,Patrimonio del Estado (DEH),Delegación de Economía y Hacienda en Teruel,table,land,excluded,land: not a building (art. 2.h),none,lot,,0,excluded,n/a,n/a,n/a,n/a,n/a,excluded,none,yes,R4,,none,land (rustic or unbuilt plot); confirmed
BOE-B-2025-42596#2,BOE-B-2025-42596,2,2025-11-19,5B,Patrimonio del Estado (DEH),Delegación de Economía y Hacienda en Teruel,table,land,excluded,land: not a building (art. 2.h),none,lot,,0,excluded,n/a,n/a,n/a,n/a,n/a,excluded,none,no,,,,
BOE-B-2025-42596#20,BOE-B-2025-42596,20,2025-11-19,5B,Patrimonio del Estado (DEH),Delegación de Economía y Hacienda en Teruel,table,land,excluded,land: not a building (art. 2.h),none,lot,,0,excluded,n/a,n/a,n/a,n/a,n/a,excluded,none,no,,,,
BOE-B-2025-42596#21,BOE-B-2025-42596,21,2025-11-19,5B,Patrimonio del Estado (DEH),Delegación de Economía y Hacienda en Teruel,table,land,excluded,land: not a building (art. 2.h),none,lot,,0,excluded,n/a,n/a,n/a,n/a,n/a,excluded,none,no,,,,
BOE-B-2025-42596#22,BOE-B-2025-42596,22,2025-11-19,5B,Patrimonio del Estado (DEH),Delegación de Economía y Hacienda en Teruel,table,land,excluded,land: not a building (art. 2.h),none,lot,,0,excluded,n/a,n/a,n/a,n/a,n/a,excluded,none,no,,,,
BOE-B-2025-42596#23,BOE-B-2025-42596,23,2025-11-19,5B,Patrimonio del Estado (DEH),Delegación de Economía y Hacienda en Teruel,table,land,excluded,land: not a building (art. 2.h),none,lot,,0,excluded,n/a,n/a,n/a,n/a,n/a,excluded,none,no,,,,
BOE-B-2025-42596#24,BOE-B-2025-42596,24,2025-11-19,5B,Patrimonio del Estado (DEH),Delegación de Economía y Hacienda en Teruel,table,land,excluded,land: not a building (art. 2.h),none,lot,,0,excluded,n/a,n/a,n/a,n/a,n/a,excluded,none,no,,,,
BOE-B-2025-42596#25,BOE-B-2025-42596,25,2025-11-19,5B,Patrimonio del Estado (DEH),Delegación de Economía y Hacienda en Teruel,table,land,excluded,land: not a building (art. 2.h),none,lot,,0,excluded,n/a,n/a,n/a,n/a,n/a,excluded,none,no,,,,
BOE-B-2025-42596#26,BOE-B-2025-42596,26,2025-11-19,5B,Patrimonio del Estado (DEH),Delegación de Economía y Hacienda en Teruel,table,land,excluded,land: not a building (art. 2.h),none,lot,,0,excluded,n/a,n/a,n/a,n/a,n/a,excluded,none,no,,,,
BOE-B-2025-42596#27,BOE-B-2025-42596,27,2025-11-19,5B,Patrimonio del Estado (DEH),Delegación de Economía y Hacienda en Teruel,table,land,excluded,land: not a building (art. 2.h),none,lot,,0,excluded,n/a,n/a,n/a,n/a,n/a,excluded,none,yes,R4,,none,land (rustic or unbuilt plot); confirmed
BOE-B-2025-42596#28,BOE-B-2025-42596,28,2025-11-19,5B,Patrimonio del Estado (DEH),Delegación de Economía y Hacienda en Teruel,table,land,excluded,land: not a building (art. 2.h),none,lot,,0,excluded,n/a,n/a,n/a,n/a,n/a,excluded,none,no,,,,
BOE-B-2025-42596#29,BOE-B-2025-42596,29,2025-11-19,5B,Patrimonio del Estado (DEH),Delegación de Economía y Hacienda en Teruel,table,land,excluded,land: not a building (art. 2.h),none,lot,,0,excluded,n/a,n/a,n/a,n/a,n/a,excluded,none,no,,,,
BOE-B-2025-42596#3,BOE-B-2025-42596,3,2025-11-19,5B,Patrimonio del Estado (DEH),Delegación de Economía y Hacienda en Teruel,table,land,excluded,land: not a building (art. 2.h),none,lot,,0,excluded,n/a,n/a,n/a,n/a,n/a,excluded,none,no,,,,
BOE-B-2025-42596#30,BOE-B-2025-42596,30,2025-11-19,5B,Patrimonio del Estado (DEH),Delegación de Economía y Hacienda en Teruel,table,land,excluded,land: not a building (art. 2.h),none,lot,,0,excluded,n/a,n/a,n/a,n/a,n/a,excluded,none,yes,R4,,none,land (rustic or unbuilt plot); confirmed
BOE-B-2025-42596#31,BOE-B-2025-42596,31,2025-11-19,5B,Patrimonio del Estado (DEH),Delegación de Economía y Hacienda en Teruel,table,land,excluded,land: not a building (art. 2.h),none,lot,,0,excluded,n/a,n/a,n/a,n/a,n/a,excluded,none,no,,,,
BOE-B-2025-42596#32,BOE-B-2025-42596,32,2025-11-19,5B,Patrimonio del Estado (DEH),Delegación de Economía y Hacienda en Teruel,table,land,excluded,land: not a building (art. 2.h),none,lot,,0,excluded,n/a,n/a,n/a,n/a,n/a,excluded,none,no,,,,
BOE-B-2025-42596#33,BOE-B-2025-42596,33,2025-11-19,5B,Patrimonio del Estado (DEH),Delegación de Economía y Hacienda en Teruel,table,land,excluded,land: not a building (art. 2.h),none,lot,,0,excluded,n/a,n/a,n/a,n/a,n/a,excluded,none,no,,,,
BOE-B-2025-42596#34,BOE-B-2025-42596,34,2025-11-19,5B,Patrimonio del Estado (DEH),Delegación de Economía y Hacienda en Teruel,table,land,excluded,land: not a building (art. 2.h),none,lot,,0,excluded,n/a,n/a,n/a,n/a,n/a,excluded,none,no,,,,
BOE-B-2025-42596#35,BOE-B-2025-42596,35,2025-11-19,5B,Patrimonio del Estado (DEH),Delegación de Economía y Hacienda en Teruel,table,land,excluded,land: not a building (art. 2.h),none,lot,,0,excluded,n/a,n/a,n/a,n/a,n/a,excluded,none,no,,,,
BOE-B-2025-42596#36,BOE-B-2025-42596,36,2025-11-19,5B,Patrimonio del Estado (DEH),Delegación de Economía y Hacienda en Teruel,table,land,excluded,land: not a building (art. 2.h),none,lot,,0,excluded,n/a,n/a,n/a,n/a,n/a,excluded,none,no,,,,
BOE-B-2025-42596#37,BOE-B-2025-42596,37,2025-11-19,5B,Patrimonio del Estado (DEH),Delegación de Economía y Hacienda en Teruel,table,land,excluded,land: not a building (art. 2.h),none,lot,,0,excluded,n/a,n/a,n/a,n/a,n/a,excluded,none,no,,,,
BOE-B-2025-42596#38,BOE-B-2025-42596,38,2025-11-19,5B,Patrimonio del Estado (DEH),Delegación de Economía y Hacienda en Teruel,table,land,excluded,land: not a building (art. 2.h),none,lot,,0,excluded,n/a,n/a,n/a,n/a,n/a,excluded,none,no,,,,
BOE-B-2025-42596#39,BOE-B-2025-42596,39,2025-11-19,5B,Patrimonio del Estado (DEH),Delegación de Economía y Hacienda en Teruel,table,land,excluded,land: not a building (art. 2.h),none,lot,,0,excluded,n/a,n/a,n/a,n/a,n/a,excluded,none,no,,,,
BOE-B-2025-42596#4,BOE-B-2025-42596,4,2025-11-19,5B,Patrimonio del Estado (DEH),Delegación de Economía y Hacienda en Teruel,table,land,excluded,land: not a building (art. 2.h),none,lot,,0,excluded,n/a,n/a,n/a,n/a,n/a,excluded,none,no,,,,
BOE-B-2025-42596#40,BOE-B-2025-42596,40,2025-11-19,5B,Patrimonio del Estado (DEH),Delegación de Economía y Hacienda en Teruel,table,land,excluded,land: not a building (art. 2.h),none,lot,,0,excluded,n/a,n/a,n/a,n/a,n/a,excluded,none,no,,,,
BOE-B-2025-42596#41,BOE-B-2025-42596,41,2025-11-19,5B,Patrimonio del Estado (DEH),Delegación de Economía y Hacienda en Teruel,table,land,excluded,land: not a building (art. 2.h),none,lot,,0,excluded,n/a,n/a,n/a,n/a,n/a,excluded,none,no,,,,
BOE-B-2025-42596#42,BOE-B-2025-42596,42,2025-11-19,5B,Patrimonio del Estado (DEH),Delegación de Economía y Hacienda en Teruel,table,land,excluded,land: not a building (art. 2.h),none,lot,,0,excluded,n/a,n/a,n/a,n/a,n/a,excluded,none,no,,,,
BOE-B-2025-42596#43,BOE-B-2025-42596,43,2025-11-19,5B,Patrimonio del Estado (DEH),Delegación de Economía y Hacienda en Teruel,table,land,excluded,land: not a building (art. 2.h),none,lot,,0,excluded,n/a,n/a,n/a,n/a,n/a,excluded,none,no,,,,
BOE-B-2025-42596#44,BOE-B-2025-42596,44,2025-11-19,5B,Patrimonio del Estado (DEH),Delegación de Economía y Hacienda en Teruel,table,land,excluded,land: not a building (art. 2.h),none,lot,,0,excluded,n/a,n/a,n/a,n/a,n/a,excluded,none,no,,,,
BOE-B-2025-42596#45,BOE-B-2025-42596,45,2025-11-19,5B,Patrimonio del Estado (DEH),Delegación de Economía y Hacienda en Teruel,table,land,excluded,land: not a building (art. 2.h),none,lot,,0,excluded,n/a,n/a,n/a,n/a,n/a,excluded,none,no,,,,
BOE-B-2025-42596#46,BOE-B-2025-42596,46,2025-11-19,5B,Patrimonio del Estado (DEH),Delegación de Economía y Hacienda en Teruel,table,land,excluded,land: not a building (art. 2.h),none,lot,,0,excluded,n/a,n/a,n/a,n/a,n/a,excluded,none,no,,,,
BOE-B-2025-42596#47,BOE-B-2025-42596,47,2025-11-19,5B,Patrimonio del Estado (DEH),Delegación de Economía y Hacienda en Teruel,table,land,excluded,land: not a building (art. 2.h),none,lot,,0,excluded,n/a,n/a,n/a,n/a,n/a,excluded,none,no,,,,
BOE-B-2025-42596#48,BOE-B-2025-42596,48,2025-11-19,5B,Patrimonio del Estado (DEH),Delegación de Economía y Hacienda en Teruel,table,land,excluded,land: not a building (art. 2.h),none,lot,,0,excluded,n/a,n/a,n/a,n/a,n/a,excluded,none,no,,,,
BOE-B-2025-42596#5,BOE-B-2025-42596,5,2025-11-19,5B,Patrimonio del Estado (DEH),Delegación de Economía y Hacienda en Teruel,table,land,excluded,land: not a building (art. 2.h),none,lot,,0,excluded,n/a,n/a,n/a,n/a,n/a,excluded,none,yes,R4,,none,land (rustic or unbuilt plot); confirmed
BOE-B-2025-42596#6,BOE-B-2025-42596,6,2025-11-19,5B,Patrimonio del Estado (DEH),Delegación de Economía y Hacienda en Teruel,table,land,excluded,land: not a building (art. 2.h),none,lot,,0,excluded,n/a,n/a,n/a,n/a,n/a,excluded,none,no,,,,
BOE-B-2025-42596#7,BOE-B-2025-42596,7,2025-11-19,5B,Patrimonio del Estado (DEH),Delegación de Economía y Hacienda en Teruel,table,land,excluded,land: not a building (art. 2.h),none,lot,,0,excluded,n/a,n/a,n/a,n/a,n/a,excluded,none,no,,,,
BOE-B-2025-42596#8,BOE-B-2025-42596,8,2025-11-19,5B,Patrimonio del Estado (DEH),Delegación de Economía y Hacienda en Teruel,table,land,excluded,land: not a building (art. 2.h),none,lot,,0,excluded,n/a,n/a,n/a,n/a,n/a,excluded,none,no,,,,
BOE-B-2025-42596#9,BOE-B-2025-42596,9,2025-11-19,5B,Patrimonio del Estado (DEH),Delegación de Economía y Hacienda en Teruel,table,land,excluded,land: not a building (art. 2.h),none,lot,,0,excluded,n/a,n/a,n/a,n/a,n/a,excluded,none,no,,,,
BOE-B-2025-42642#1,BOE-B-2025-42642,1,2025-11-19,5B,TGSS,Dirección Provincial de la Tesorería General de la Seguridad Social de Lugo,single,industrial_agricultural,excluded,industrial/agricultural non-residential (art. 3.2.c),exempt_declared,lot,,0,excluded,n/a,n/a,n/a,n/a,n/a,excluded,exempt_declared,yes,R4,3.2.c,none,industrial building (nave) declared exempt under the Galician decree on certification; the exclusion is evident from the description
BOE-B-2025-43458#1,BOE-B-2025-43458,1,2025-11-24,5B,TGSS,Dirección Provincial de la Tesorería General de la Seguridad Social de Cádiz,single,commercial,covered,,rating,lot,D,1,yes,yes,yes,yes,yes,yes,covered,rating,no,,,,
BOE-B-2025-43639#1,BOE-B-2025-43639,1,2025-11-25,5B,TGSS,Dirección Provincial de la Tesorería General de la Seguridad Social de Madrid,lote_header,residential,covered,,rating,lot,E,1,yes,yes,yes,yes,yes,yes,covered,rating,no,,,,
BOE-B-2025-43639#2,BOE-B-2025-43639,2,2025-11-25,5B,TGSS,Dirección Provincial de la Tesorería General de la Seguridad Social de Madrid,lote_header,residential,covered,,rating,lot,E,1,yes,yes,yes,yes,yes,yes,covered,rating,yes,R2,,none,rating letter(s) stated in the lot; confirmed
BOE-B-2025-43640#1,BOE-B-2025-43640,1,2025-11-25,5B,Other public bodies,"Agencia de Medio Ambiente y Agua de Andalucía, M.P.",single,industrial_agricultural,excluded,industrial/agricultural non-residential (art. 3.2.c),none,lot,,0,excluded,n/a,n/a,n/a,n/a,n/a,excluded,none,yes,R4,,none,industrial or agricultural building; confirmed
BOE-B-2025-43751#1,BOE-B-2025-43751,1,2025-11-26,5B,TGSS,Dirección Provincial de la Tesorería General de la Seguridad Social de Asturias,lote_header,residential,covered,,rating,lot,DG,1,yes,yes,yes,yes,yes,yes,covered,rating,yes,R2,,none,rating letter(s) stated in the lot; confirmed
BOE-B-2025-43751#2,BOE-B-2025-43751,2,2025-11-26,5B,TGSS,Dirección Provincial de la Tesorería General de la Seguridad Social de Asturias,lote_header,commercial,covered,,rating,lot,D,1,yes,yes,yes,yes,yes,yes,covered,rating,no,,,,
BOE-B-2025-43751#3,BOE-B-2025-43751,3,2025-11-26,5B,TGSS,Dirección Provincial de la Tesorería General de la Seguridad Social de Asturias,lote_header,commercial,covered,,rating,lot,D,1,yes,yes,yes,yes,yes,yes,covered,rating,no,,,,
BOE-B-2025-43890#1,BOE-B-2025-43890,1,2025-11-27,5B,TGSS,Dirección Provincial de la Tesorería General de la Seguridad Social de Granada,single,commercial,covered,,rating,lot,DF,1,yes,yes,yes,yes,yes,yes,covered,rating,no,,,,
BOE-B-2025-44022#1,BOE-B-2025-44022,1,2025-11-28,5B,TGSS,Dirección Provincial de la Tesorería General de la Seguridad Social de Tarragona,lote_header,commercial,covered,,rating,lot,DE,1,yes,yes,yes,yes,yes,yes,covered,rating,no,,,,
BOE-B-2025-44022#2,BOE-B-2025-44022,2,2025-11-28,5B,TGSS,Dirección Provincial de la Tesorería General de la Seguridad Social de Tarragona,lote_header,commercial,covered,,rating,lot,C,1,yes,yes,yes,yes,yes,yes,covered,rating,no,,,,
BOE-B-2025-44023#1,BOE-B-2025-44023,1,2025-11-28,5B,TGSS,Dirección Provincial de la Tesorería General de la Seguridad Social de Zaragoza,lote_header,commercial,covered,,rating,lot,EF,1,yes,yes,yes,yes,yes,yes,covered,rating,yes,R2,,none,rating letter(s) stated in the lot; confirmed
BOE-B-2025-44023#2,BOE-B-2025-44023,2,2025-11-28,5B,TGSS,Dirección Provincial de la Tesorería General de la Seguridad Social de Zaragoza,lote_header,commercial,excluded,declared exempt by the seller,exempt_declared,lot,,0,excluded,n/a,n/a,n/a,n/a,no,excluded,exempt_declared,yes,R4,none_stated,none,"ground-floor commercial premises; notice cites a ""certificado de exención"" without a ground"
BOE-B-2025-44023#3,BOE-B-2025-44023,3,2025-11-28,5B,TGSS,Dirección Provincial de la Tesorería General de la Seguridad Social de Zaragoza,lote_header,commercial,covered,,rating,lot,FG,1,yes,yes,yes,yes,yes,yes,covered,rating,no,,,,
BOE-B-2025-44023#4,BOE-B-2025-44023,4,2025-11-28,5B,TGSS,Dirección Provincial de la Tesorería General de la Seguridad Social de Zaragoza,lote_header,commercial,covered,,rating,lot,DE,1,yes,yes,yes,yes,yes,yes,covered,rating,yes,R2,,none,rating letter(s) stated in the lot; confirmed
BOE-B-2025-44470#1,BOE-B-2025-44470,1,2025-12-01,5B,Patrimonio del Estado (DEH),Delegación de Economía y Hacienda en Segovia,table,land,excluded,land: not a building (art. 2.h),none,lot,,0,excluded,n/a,n/a,n/a,n/a,n/a,excluded,none,no,,,,
BOE-B-2025-44470#10,BOE-B-2025-44470,10,2025-12-01,5B,Patrimonio del Estado (DEH),Delegación de Economía y Hacienda en Segovia,table,land,excluded,land: not a building (art. 2.h),none,lot,,0,excluded,n/a,n/a,n/a,n/a,n/a,excluded,none,no,,,,
BOE-B-2025-44470#100,BOE-B-2025-44470,100,2025-12-01,5B,Patrimonio del Estado (DEH),Delegación de Economía y Hacienda en Segovia,table,land,excluded,land: not a building (art. 2.h),none,lot,,0,excluded,n/a,n/a,n/a,n/a,n/a,excluded,none,no,,,,
BOE-B-2025-44470#101,BOE-B-2025-44470,101,2025-12-01,5B,Patrimonio del Estado (DEH),Delegación de Economía y Hacienda en Segovia,table,land,excluded,land: not a building (art. 2.h),none,lot,,0,excluded,n/a,n/a,n/a,n/a,n/a,excluded,none,no,,,,
BOE-B-2025-44470#102,BOE-B-2025-44470,102,2025-12-01,5B,Patrimonio del Estado (DEH),Delegación de Economía y Hacienda en Segovia,table,land,excluded,land: not a building (art. 2.h),none,lot,,0,excluded,n/a,n/a,n/a,n/a,n/a,excluded,none,no,,,,
BOE-B-2025-44470#103,BOE-B-2025-44470,103,2025-12-01,5B,Patrimonio del Estado (DEH),Delegación de Economía y Hacienda en Segovia,table,land,excluded,land: not a building (art. 2.h),none,lot,,0,excluded,n/a,n/a,n/a,n/a,n/a,excluded,none,no,,,,
BOE-B-2025-44470#104,BOE-B-2025-44470,104,2025-12-01,5B,Patrimonio del Estado (DEH),Delegación de Economía y Hacienda en Segovia,table,land,excluded,land: not a building (art. 2.h),none,lot,,0,excluded,n/a,n/a,n/a,n/a,n/a,excluded,none,no,,,,
BOE-B-2025-44470#105,BOE-B-2025-44470,105,2025-12-01,5B,Patrimonio del Estado (DEH),Delegación de Economía y Hacienda en Segovia,table,land,excluded,land: not a building (art. 2.h),none,lot,,0,excluded,n/a,n/a,n/a,n/a,n/a,excluded,none,no,,,,
BOE-B-2025-44470#106,BOE-B-2025-44470,106,2025-12-01,5B,Patrimonio del Estado (DEH),Delegación de Economía y Hacienda en Segovia,table,land,excluded,land: not a building (art. 2.h),none,lot,,0,excluded,n/a,n/a,n/a,n/a,n/a,excluded,none,no,,,,
BOE-B-2025-44470#107,BOE-B-2025-44470,107,2025-12-01,5B,Patrimonio del Estado (DEH),Delegación de Economía y Hacienda en Segovia,table,land,excluded,land: not a building (art. 2.h),none,lot,,0,excluded,n/a,n/a,n/a,n/a,n/a,excluded,none,no,,,,
BOE-B-2025-44470#108,BOE-B-2025-44470,108,2025-12-01,5B,Patrimonio del Estado (DEH),Delegación de Economía y Hacienda en Segovia,table,land,excluded,land: not a building (art. 2.h),none,lot,,0,excluded,n/a,n/a,n/a,n/a,n/a,excluded,none,no,,,,
BOE-B-2025-44470#109,BOE-B-2025-44470,109,2025-12-01,5B,Patrimonio del Estado (DEH),Delegación de Economía y Hacienda en Segovia,table,land,excluded,land: not a building (art. 2.h),none,lot,,0,excluded,n/a,n/a,n/a,n/a,n/a,excluded,none,no,,,,
BOE-B-2025-44470#11,BOE-B-2025-44470,11,2025-12-01,5B,Patrimonio del Estado (DEH),Delegación de Economía y Hacienda en Segovia,table,land,excluded,land: not a building (art. 2.h),none,lot,,0,excluded,n/a,n/a,n/a,n/a,n/a,excluded,none,no,,,,
BOE-B-2025-44470#110,BOE-B-2025-44470,110,2025-12-01,5B,Patrimonio del Estado (DEH),Delegación de Economía y Hacienda en Segovia,table,land,excluded,land: not a building (art. 2.h),none,lot,,0,excluded,n/a,n/a,n/a,n/a,n/a,excluded,none,no,,,,
BOE-B-2025-44470#111,BOE-B-2025-44470,111,2025-12-01,5B,Patrimonio del Estado (DEH),Delegación de Economía y Hacienda en Segovia,table,land,excluded,land: not a building (art. 2.h),none,lot,,0,excluded,n/a,n/a,n/a,n/a,n/a,excluded,none,no,,,,
BOE-B-2025-44470#112,BOE-B-2025-44470,112,2025-12-01,5B,Patrimonio del Estado (DEH),Delegación de Economía y Hacienda en Segovia,table,land,excluded,land: not a building (art. 2.h),none,lot,,0,excluded,n/a,n/a,n/a,n/a,n/a,excluded,none,no,,,,
BOE-B-2025-44470#113,BOE-B-2025-44470,113,2025-12-01,5B,Patrimonio del Estado (DEH),Delegación de Economía y Hacienda en Segovia,table,land,excluded,land: not a building (art. 2.h),none,lot,,0,excluded,n/a,n/a,n/a,n/a,n/a,excluded,none,no,,,,
BOE-B-2025-44470#114,BOE-B-2025-44470,114,2025-12-01,5B,Patrimonio del Estado (DEH),Delegación de Economía y Hacienda en Segovia,table,land,excluded,land: not a building (art. 2.h),none,lot,,0,excluded,n/a,n/a,n/a,n/a,n/a,excluded,none,no,,,,
BOE-B-2025-44470#115,BOE-B-2025-44470,115,2025-12-01,5B,Patrimonio del Estado (DEH),Delegación de Economía y Hacienda en Segovia,table,land,excluded,land: not a building (art. 2.h),none,lot,,0,excluded,n/a,n/a,n/a,n/a,n/a,excluded,none,no,,,,
BOE-B-2025-44470#116,BOE-B-2025-44470,116,2025-12-01,5B,Patrimonio del Estado (DEH),Delegación de Economía y Hacienda en Segovia,table,land,excluded,land: not a building (art. 2.h),none,lot,,0,excluded,n/a,n/a,n/a,n/a,n/a,excluded,none,no,,,,
BOE-B-2025-44470#117,BOE-B-2025-44470,117,2025-12-01,5B,Patrimonio del Estado (DEH),Delegación de Economía y Hacienda en Segovia,table,land,excluded,land: not a building (art. 2.h),none,lot,,0,excluded,n/a,n/a,n/a,n/a,n/a,excluded,none,no,,,,
BOE-B-2025-44470#118,BOE-B-2025-44470,118,2025-12-01,5B,Patrimonio del Estado (DEH),Delegación de Economía y Hacienda en Segovia,table,land,excluded,land: not a building (art. 2.h),none,lot,,0,excluded,n/a,n/a,n/a,n/a,n/a,excluded,none,no,,,,
BOE-B-2025-44470#119,BOE-B-2025-44470,119,2025-12-01,5B,Patrimonio del Estado (DEH),Delegación de Economía y Hacienda en Segovia,table,land,excluded,land: not a building (art. 2.h),none,lot,,0,excluded,n/a,n/a,n/a,n/a,n/a,excluded,none,no,,,,
BOE-B-2025-44470#12,BOE-B-2025-44470,12,2025-12-01,5B,Patrimonio del Estado (DEH),Delegación de Economía y Hacienda en Segovia,table,land,excluded,land: not a building (art. 2.h),none,lot,,0,excluded,n/a,n/a,n/a,n/a,n/a,excluded,none,no,,,,
BOE-B-2025-44470#120,BOE-B-2025-44470,120,2025-12-01,5B,Patrimonio del Estado (DEH),Delegación de Economía y Hacienda en Segovia,table,land,excluded,land: not a building (art. 2.h),none,lot,,0,excluded,n/a,n/a,n/a,n/a,n/a,excluded,none,no,,,,
BOE-B-2025-44470#121,BOE-B-2025-44470,121,2025-12-01,5B,Patrimonio del Estado (DEH),Delegación de Economía y Hacienda en Segovia,table,land,excluded,land: not a building (art. 2.h),none,lot,,0,excluded,n/a,n/a,n/a,n/a,n/a,excluded,none,no,,,,
BOE-B-2025-44470#122,BOE-B-2025-44470,122,2025-12-01,5B,Patrimonio del Estado (DEH),Delegación de Economía y Hacienda en Segovia,table,land,excluded,land: not a building (art. 2.h),none,lot,,0,excluded,n/a,n/a,n/a,n/a,n/a,excluded,none,no,,,,
BOE-B-2025-44470#123,BOE-B-2025-44470,123,2025-12-01,5B,Patrimonio del Estado (DEH),Delegación de Economía y Hacienda en Segovia,table,land,excluded,land: not a building (art. 2.h),none,lot,,0,excluded,n/a,n/a,n/a,n/a,n/a,excluded,none,yes,R4,,none,land (rustic or unbuilt plot); confirmed
BOE-B-2025-44470#124,BOE-B-2025-44470,124,2025-12-01,5B,Patrimonio del Estado (DEH),Delegación de Economía y Hacienda en Segovia,table,land,excluded,land: not a building (art. 2.h),none,lot,,0,excluded,n/a,n/a,n/a,n/a,n/a,excluded,none,no,,,,
BOE-B-2025-44470#125,BOE-B-2025-44470,125,2025-12-01,5B,Patrimonio del Estado (DEH),Delegación de Economía y Hacienda en Segovia,table,land,excluded,land: not a building (art. 2.h),none,lot,,0,excluded,n/a,n/a,n/a,n/a,n/a,excluded,none,no,,,,
BOE-B-2025-44470#126,BOE-B-2025-44470,126,2025-12-01,5B,Patrimonio del Estado (DEH),Delegación de Economía y Hacienda en Segovia,table,land,excluded,land: not a building (art. 2.h),none,lot,,0,excluded,n/a,n/a,n/a,n/a,n/a,excluded,none,no,,,,
BOE-B-2025-44470#127,BOE-B-2025-44470,127,2025-12-01,5B,Patrimonio del Estado (DEH),Delegación de Economía y Hacienda en Segovia,table,land,excluded,land: not a building (art. 2.h),none,lot,,0,excluded,n/a,n/a,n/a,n/a,n/a,excluded,none,no,,,,
BOE-B-2025-44470#128,BOE-B-2025-44470,128,2025-12-01,5B,Patrimonio del Estado (DEH),Delegación de Economía y Hacienda en Segovia,table,land,excluded,land: not a building (art. 2.h),none,lot,,0,excluded,n/a,n/a,n/a,n/a,n/a,excluded,none,no,,,,
BOE-B-2025-44470#129,BOE-B-2025-44470,129,2025-12-01,5B,Patrimonio del Estado (DEH),Delegación de Economía y Hacienda en Segovia,table,land,excluded,land: not a building (art. 2.h),none,lot,,0,excluded,n/a,n/a,n/a,n/a,n/a,excluded,none,no,,,,
BOE-B-2025-44470#13,BOE-B-2025-44470,13,2025-12-01,5B,Patrimonio del Estado (DEH),Delegación de Economía y Hacienda en Segovia,table,land,excluded,land: not a building (art. 2.h),none,lot,,0,excluded,n/a,n/a,n/a,n/a,n/a,excluded,none,no,,,,
BOE-B-2025-44470#130,BOE-B-2025-44470,130,2025-12-01,5B,Patrimonio del Estado (DEH),Delegación de Economía y Hacienda en Segovia,table,land,excluded,land: not a building (art. 2.h),none,lot,,0,excluded,n/a,n/a,n/a,n/a,n/a,excluded,none,no,,,,
BOE-B-2025-44470#131,BOE-B-2025-44470,131,2025-12-01,5B,Patrimonio del Estado (DEH),Delegación de Economía y Hacienda en Segovia,table,land,excluded,land: not a building (art. 2.h),none,lot,,0,excluded,n/a,n/a,n/a,n/a,n/a,excluded,none,no,,,,
BOE-B-2025-44470#132,BOE-B-2025-44470,132,2025-12-01,5B,Patrimonio del Estado (DEH),Delegación de Economía y Hacienda en Segovia,table,land,excluded,land: not a building (art. 2.h),none,lot,,0,excluded,n/a,n/a,n/a,n/a,n/a,excluded,none,no,,,,
BOE-B-2025-44470#133,BOE-B-2025-44470,133,2025-12-01,5B,Patrimonio del Estado (DEH),Delegación de Economía y Hacienda en Segovia,table,land,excluded,land: not a building (art. 2.h),none,lot,,0,excluded,n/a,n/a,n/a,n/a,n/a,excluded,none,no,,,,
BOE-B-2025-44470#134,BOE-B-2025-44470,134,2025-12-01,5B,Patrimonio del Estado (DEH),Delegación de Economía y Hacienda en Segovia,table,land,excluded,land: not a building (art. 2.h),none,lot,,0,excluded,n/a,n/a,n/a,n/a,n/a,excluded,none,no,,,,
BOE-B-2025-44470#135,BOE-B-2025-44470,135,2025-12-01,5B,Patrimonio del Estado (DEH),Delegación de Economía y Hacienda en Segovia,table,land,excluded,land: not a building (art. 2.h),none,lot,,0,excluded,n/a,n/a,n/a,n/a,n/a,excluded,none,no,,,,
BOE-B-2025-44470#136,BOE-B-2025-44470,136,2025-12-01,5B,Patrimonio del Estado (DEH),Delegación de Economía y Hacienda en Segovia,table,land,excluded,land: not a building (art. 2.h),none,lot,,0,excluded,n/a,n/a,n/a,n/a,n/a,excluded,none,no,,,,
BOE-B-2025-44470#137,BOE-B-2025-44470,137,2025-12-01,5B,Patrimonio del Estado (DEH),Delegación de Economía y Hacienda en Segovia,table,land,excluded,land: not a building (art. 2.h),none,lot,,0,excluded,n/a,n/a,n/a,n/a,n/a,excluded,none,no,,,,
BOE-B-2025-44470#138,BOE-B-2025-44470,138,2025-12-01,5B,Patrimonio del Estado (DEH),Delegación de Economía y Hacienda en Segovia,table,land,excluded,land: not a building (art. 2.h),none,lot,,0,excluded,n/a,n/a,n/a,n/a,n/a,excluded,none,no,,,,
BOE-B-2025-44470#139,BOE-B-2025-44470,139,2025-12-01,5B,Patrimonio del Estado (DEH),Delegación de Economía y Hacienda en Segovia,table,land,excluded,land: not a building (art. 2.h),none,lot,,0,excluded,n/a,n/a,n/a,n/a,n/a,excluded,none,no,,,,
BOE-B-2025-44470#14,BOE-B-2025-44470,14,2025-12-01,5B,Patrimonio del Estado (DEH),Delegación de Economía y Hacienda en Segovia,table,land,excluded,land: not a building (art. 2.h),none,lot,,0,excluded,n/a,n/a,n/a,n/a,n/a,excluded,none,no,,,,
BOE-B-2025-44470#140,BOE-B-2025-44470,140,2025-12-01,5B,Patrimonio del Estado (DEH),Delegación de Economía y Hacienda en Segovia,table,land,excluded,land: not a building (art. 2.h),none,lot,,0,excluded,n/a,n/a,n/a,n/a,n/a,excluded,none,no,,,,
BOE-B-2025-44470#141,BOE-B-2025-44470,141,2025-12-01,5B,Patrimonio del Estado (DEH),Delegación de Economía y Hacienda en Segovia,table,land,excluded,land: not a building (art. 2.h),none,lot,,0,excluded,n/a,n/a,n/a,n/a,n/a,excluded,none,no,,,,
BOE-B-2025-44470#142,BOE-B-2025-44470,142,2025-12-01,5B,Patrimonio del Estado (DEH),Delegación de Economía y Hacienda en Segovia,table,land,excluded,land: not a building (art. 2.h),none,lot,,0,excluded,n/a,n/a,n/a,n/a,n/a,excluded,none,no,,,,
BOE-B-2025-44470#143,BOE-B-2025-44470,143,2025-12-01,5B,Patrimonio del Estado (DEH),Delegación de Economía y Hacienda en Segovia,table,land,excluded,land: not a building (art. 2.h),none,lot,,0,excluded,n/a,n/a,n/a,n/a,n/a,excluded,none,no,,,,
BOE-B-2025-44470#144,BOE-B-2025-44470,144,2025-12-01,5B,Patrimonio del Estado (DEH),Delegación de Economía y Hacienda en Segovia,table,land,excluded,land: not a building (art. 2.h),none,lot,,0,excluded,n/a,n/a,n/a,n/a,n/a,excluded,none,no,,,,
BOE-B-2025-44470#145,BOE-B-2025-44470,145,2025-12-01,5B,Patrimonio del Estado (DEH),Delegación de Economía y Hacienda en Segovia,table,land,excluded,land: not a building (art. 2.h),none,lot,,0,excluded,n/a,n/a,n/a,n/a,n/a,excluded,none,no,,,,
BOE-B-2025-44470#146,BOE-B-2025-44470,146,2025-12-01,5B,Patrimonio del Estado (DEH),Delegación de Economía y Hacienda en Segovia,table,land,excluded,land: not a building (art. 2.h),none,lot,,0,excluded,n/a,n/a,n/a,n/a,n/a,excluded,none,no,,,,
BOE-B-2025-44470#147,BOE-B-2025-44470,147,2025-12-01,5B,Patrimonio del Estado (DEH),Delegación de Economía y Hacienda en Segovia,table,land,excluded,land: not a building (art. 2.h),none,lot,,0,excluded,n/a,n/a,n/a,n/a,n/a,excluded,none,no,,,,
BOE-B-2025-44470#148,BOE-B-2025-44470,148,2025-12-01,5B,Patrimonio del Estado (DEH),Delegación de Economía y Hacienda en Segovia,table,land,excluded,land: not a building (art. 2.h),none,lot,,0,excluded,n/a,n/a,n/a,n/a,n/a,excluded,none,no,,,,
BOE-B-2025-44470#149,BOE-B-2025-44470,149,2025-12-01,5B,Patrimonio del Estado (DEH),Delegación de Economía y Hacienda en Segovia,table,land,excluded,land: not a building (art. 2.h),none,lot,,0,excluded,n/a,n/a,n/a,n/a,n/a,excluded,none,no,,,,
BOE-B-2025-44470#15,BOE-B-2025-44470,15,2025-12-01,5B,Patrimonio del Estado (DEH),Delegación de Economía y Hacienda en Segovia,table,land,excluded,land: not a building (art. 2.h),none,lot,,0,excluded,n/a,n/a,n/a,n/a,n/a,excluded,none,no,,,,
BOE-B-2025-44470#150,BOE-B-2025-44470,150,2025-12-01,5B,Patrimonio del Estado (DEH),Delegación de Economía y Hacienda en Segovia,table,land,excluded,land: not a building (art. 2.h),none,lot,,0,excluded,n/a,n/a,n/a,n/a,n/a,excluded,none,no,,,,
BOE-B-2025-44470#151,BOE-B-2025-44470,151,2025-12-01,5B,Patrimonio del Estado (DEH),Delegación de Economía y Hacienda en Segovia,table,land,excluded,land: not a building (art. 2.h),none,lot,,0,excluded,n/a,n/a,n/a,n/a,n/a,excluded,none,no,,,,
BOE-B-2025-44470#152,BOE-B-2025-44470,152,2025-12-01,5B,Patrimonio del Estado (DEH),Delegación de Economía y Hacienda en Segovia,table,land,excluded,land: not a building (art. 2.h),none,lot,,0,excluded,n/a,n/a,n/a,n/a,n/a,excluded,none,no,,,,
BOE-B-2025-44470#153,BOE-B-2025-44470,153,2025-12-01,5B,Patrimonio del Estado (DEH),Delegación de Economía y Hacienda en Segovia,table,land,excluded,land: not a building (art. 2.h),none,lot,,0,excluded,n/a,n/a,n/a,n/a,n/a,excluded,none,no,,,,
BOE-B-2025-44470#154,BOE-B-2025-44470,154,2025-12-01,5B,Patrimonio del Estado (DEH),Delegación de Economía y Hacienda en Segovia,table,land,excluded,land: not a building (art. 2.h),none,lot,,0,excluded,n/a,n/a,n/a,n/a,n/a,excluded,none,no,,,,
BOE-B-2025-44470#155,BOE-B-2025-44470,155,2025-12-01,5B,Patrimonio del Estado (DEH),Delegación de Economía y Hacienda en Segovia,table,land,excluded,land: not a building (art. 2.h),none,lot,,0,excluded,n/a,n/a,n/a,n/a,n/a,excluded,none,no,,,,
BOE-B-2025-44470#156,BOE-B-2025-44470,156,2025-12-01,5B,Patrimonio del Estado (DEH),Delegación de Economía y Hacienda en Segovia,table,land,excluded,land: not a building (art. 2.h),none,lot,,0,excluded,n/a,n/a,n/a,n/a,n/a,excluded,none,no,,,,
BOE-B-2025-44470#157,BOE-B-2025-44470,157,2025-12-01,5B,Patrimonio del Estado (DEH),Delegación de Economía y Hacienda en Segovia,table,land,excluded,land: not a building (art. 2.h),none,lot,,0,excluded,n/a,n/a,n/a,n/a,n/a,excluded,none,no,,,,
BOE-B-2025-44470#158,BOE-B-2025-44470,158,2025-12-01,5B,Patrimonio del Estado (DEH),Delegación de Economía y Hacienda en Segovia,table,land,excluded,land: not a building (art. 2.h),none,lot,,0,excluded,n/a,n/a,n/a,n/a,n/a,excluded,none,no,,,,
BOE-B-2025-44470#159,BOE-B-2025-44470,159,2025-12-01,5B,Patrimonio del Estado (DEH),Delegación de Economía y Hacienda en Segovia,table,land,excluded,land: not a building (art. 2.h),none,lot,,0,excluded,n/a,n/a,n/a,n/a,n/a,excluded,none,no,,,,
BOE-B-2025-44470#16,BOE-B-2025-44470,16,2025-12-01,5B,Patrimonio del Estado (DEH),Delegación de Economía y Hacienda en Segovia,table,land,excluded,land: not a building (art. 2.h),none,lot,,0,excluded,n/a,n/a,n/a,n/a,n/a,excluded,none,no,,,,
BOE-B-2025-44470#160,BOE-B-2025-44470,160,2025-12-01,5B,Patrimonio del Estado (DEH),Delegación de Economía y Hacienda en Segovia,table,land,excluded,land: not a building (art. 2.h),none,lot,,0,excluded,n/a,n/a,n/a,n/a,n/a,excluded,none,no,,,,
BOE-B-2025-44470#161,BOE-B-2025-44470,161,2025-12-01,5B,Patrimonio del Estado (DEH),Delegación de Economía y Hacienda en Segovia,table,land,excluded,land: not a building (art. 2.h),none,lot,,0,excluded,n/a,n/a,n/a,n/a,n/a,excluded,none,no,,,,
BOE-B-2025-44470#162,BOE-B-2025-44470,162,2025-12-01,5B,Patrimonio del Estado (DEH),Delegación de Economía y Hacienda en Segovia,table,land,excluded,land: not a building (art. 2.h),none,lot,,0,excluded,n/a,n/a,n/a,n/a,n/a,excluded,none,no,,,,
BOE-B-2025-44470#163,BOE-B-2025-44470,163,2025-12-01,5B,Patrimonio del Estado (DEH),Delegación de Economía y Hacienda en Segovia,table,land,excluded,land: not a building (art. 2.h),none,lot,,0,excluded,n/a,n/a,n/a,n/a,n/a,excluded,none,no,,,,
BOE-B-2025-44470#164,BOE-B-2025-44470,164,2025-12-01,5B,Patrimonio del Estado (DEH),Delegación de Economía y Hacienda en Segovia,table,land,excluded,land: not a building (art. 2.h),none,lot,,0,excluded,n/a,n/a,n/a,n/a,n/a,excluded,none,no,,,,
BOE-B-2025-44470#165,BOE-B-2025-44470,165,2025-12-01,5B,Patrimonio del Estado (DEH),Delegación de Economía y Hacienda en Segovia,table,land,excluded,land: not a building (art. 2.h),none,lot,,0,excluded,n/a,n/a,n/a,n/a,n/a,excluded,none,no,,,,
BOE-B-2025-44470#166,BOE-B-2025-44470,166,2025-12-01,5B,Patrimonio del Estado (DEH),Delegación de Economía y Hacienda en Segovia,table,land,excluded,land: not a building (art. 2.h),none,lot,,0,excluded,n/a,n/a,n/a,n/a,n/a,excluded,none,no,,,,
BOE-B-2025-44470#167,BOE-B-2025-44470,167,2025-12-01,5B,Patrimonio del Estado (DEH),Delegación de Economía y Hacienda en Segovia,table,land,excluded,land: not a building (art. 2.h),none,lot,,0,excluded,n/a,n/a,n/a,n/a,n/a,excluded,none,no,,,,
BOE-B-2025-44470#168,BOE-B-2025-44470,168,2025-12-01,5B,Patrimonio del Estado (DEH),Delegación de Economía y Hacienda en Segovia,table,land,excluded,land: not a building (art. 2.h),none,lot,,0,excluded,n/a,n/a,n/a,n/a,n/a,excluded,none,no,,,,
BOE-B-2025-44470#169,BOE-B-2025-44470,169,2025-12-01,5B,Patrimonio del Estado (DEH),Delegación de Economía y Hacienda en Segovia,table,land,excluded,land: not a building (art. 2.h),none,lot,,0,excluded,n/a,n/a,n/a,n/a,n/a,excluded,none,no,,,,
BOE-B-2025-44470#17,BOE-B-2025-44470,17,2025-12-01,5B,Patrimonio del Estado (DEH),Delegación de Economía y Hacienda en Segovia,table,land,excluded,land: not a building (art. 2.h),none,lot,,0,excluded,n/a,n/a,n/a,n/a,n/a,excluded,none,no,,,,
BOE-B-2025-44470#170,BOE-B-2025-44470,170,2025-12-01,5B,Patrimonio del Estado (DEH),Delegación de Economía y Hacienda en Segovia,table,land,excluded,land: not a building (art. 2.h),none,lot,,0,excluded,n/a,n/a,n/a,n/a,n/a,excluded,none,no,,,,
BOE-B-2025-44470#171,BOE-B-2025-44470,171,2025-12-01,5B,Patrimonio del Estado (DEH),Delegación de Economía y Hacienda en Segovia,table,land,excluded,land: not a building (art. 2.h),none,lot,,0,excluded,n/a,n/a,n/a,n/a,n/a,excluded,none,no,,,,
BOE-B-2025-44470#172,BOE-B-2025-44470,172,2025-12-01,5B,Patrimonio del Estado (DEH),Delegación de Economía y Hacienda en Segovia,table,land,excluded,land: not a building (art. 2.h),none,lot,,0,excluded,n/a,n/a,n/a,n/a,n/a,excluded,none,no,,,,
BOE-B-2025-44470#173,BOE-B-2025-44470,173,2025-12-01,5B,Patrimonio del Estado (DEH),Delegación de Economía y Hacienda en Segovia,table,land,excluded,land: not a building (art. 2.h),none,lot,,0,excluded,n/a,n/a,n/a,n/a,n/a,excluded,none,no,,,,
BOE-B-2025-44470#174,BOE-B-2025-44470,174,2025-12-01,5B,Patrimonio del Estado (DEH),Delegación de Economía y Hacienda en Segovia,table,land,excluded,land: not a building (art. 2.h),none,lot,,0,excluded,n/a,n/a,n/a,n/a,n/a,excluded,none,no,,,,
BOE-B-2025-44470#175,BOE-B-2025-44470,175,2025-12-01,5B,Patrimonio del Estado (DEH),Delegación de Economía y Hacienda en Segovia,table,land,excluded,land: not a building (art. 2.h),none,lot,,0,excluded,n/a,n/a,n/a,n/a,n/a,excluded,none,no,,,,
BOE-B-2025-44470#18,BOE-B-2025-44470,18,2025-12-01,5B,Patrimonio del Estado (DEH),Delegación de Economía y Hacienda en Segovia,table,land,excluded,land: not a building (art. 2.h),none,lot,,0,excluded,n/a,n/a,n/a,n/a,n/a,excluded,none,no,,,,
BOE-B-2025-44470#19,BOE-B-2025-44470,19,2025-12-01,5B,Patrimonio del Estado (DEH),Delegación de Economía y Hacienda en Segovia,table,land,excluded,land: not a building (art. 2.h),none,lot,,0,excluded,n/a,n/a,n/a,n/a,n/a,excluded,none,no,,,,
BOE-B-2025-44470#2,BOE-B-2025-44470,2,2025-12-01,5B,Patrimonio del Estado (DEH),Delegación de Economía y Hacienda en Segovia,table,land,excluded,land: not a building (art. 2.h),none,lot,,0,excluded,n/a,n/a,n/a,n/a,n/a,excluded,none,no,,,,
BOE-B-2025-44470#20,BOE-B-2025-44470,20,2025-12-01,5B,Patrimonio del Estado (DEH),Delegación de Economía y Hacienda en Segovia,table,land,excluded,land: not a building (art. 2.h),none,lot,,0,excluded,n/a,n/a,n/a,n/a,n/a,excluded,none,no,,,,
BOE-B-2025-44470#21,BOE-B-2025-44470,21,2025-12-01,5B,Patrimonio del Estado (DEH),Delegación de Economía y Hacienda en Segovia,table,land,excluded,land: not a building (art. 2.h),none,lot,,0,excluded,n/a,n/a,n/a,n/a,n/a,excluded,none,no,,,,
BOE-B-2025-44470#22,BOE-B-2025-44470,22,2025-12-01,5B,Patrimonio del Estado (DEH),Delegación de Economía y Hacienda en Segovia,table,land,excluded,land: not a building (art. 2.h),none,lot,,0,excluded,n/a,n/a,n/a,n/a,n/a,excluded,none,yes,R4,,none,land (rustic or unbuilt plot); confirmed
BOE-B-2025-44470#23,BOE-B-2025-44470,23,2025-12-01,5B,Patrimonio del Estado (DEH),Delegación de Economía y Hacienda en Segovia,table,land,excluded,land: not a building (art. 2.h),none,lot,,0,excluded,n/a,n/a,n/a,n/a,n/a,excluded,none,no,,,,
BOE-B-2025-44470#24,BOE-B-2025-44470,24,2025-12-01,5B,Patrimonio del Estado (DEH),Delegación de Economía y Hacienda en Segovia,table,land,excluded,land: not a building (art. 2.h),none,lot,,0,excluded,n/a,n/a,n/a,n/a,n/a,excluded,none,no,,,,
BOE-B-2025-44470#25,BOE-B-2025-44470,25,2025-12-01,5B,Patrimonio del Estado (DEH),Delegación de Economía y Hacienda en Segovia,table,land,excluded,land: not a building (art. 2.h),none,lot,,0,excluded,n/a,n/a,n/a,n/a,n/a,excluded,none,no,,,,
BOE-B-2025-44470#26,BOE-B-2025-44470,26,2025-12-01,5B,Patrimonio del Estado (DEH),Delegación de Economía y Hacienda en Segovia,table,land,excluded,land: not a building (art. 2.h),none,lot,,0,excluded,n/a,n/a,n/a,n/a,n/a,excluded,none,no,,,,
BOE-B-2025-44470#27,BOE-B-2025-44470,27,2025-12-01,5B,Patrimonio del Estado (DEH),Delegación de Economía y Hacienda en Segovia,table,land,excluded,land: not a building (art. 2.h),none,lot,,0,excluded,n/a,n/a,n/a,n/a,n/a,excluded,none,no,,,,
BOE-B-2025-44470#28,BOE-B-2025-44470,28,2025-12-01,5B,Patrimonio del Estado (DEH),Delegación de Economía y Hacienda en Segovia,table,land,excluded,land: not a building (art. 2.h),none,lot,,0,excluded,n/a,n/a,n/a,n/a,n/a,excluded,none,no,,,,
BOE-B-2025-44470#29,BOE-B-2025-44470,29,2025-12-01,5B,Patrimonio del Estado (DEH),Delegación de Economía y Hacienda en Segovia,table,land,excluded,land: not a building (art. 2.h),none,lot,,0,excluded,n/a,n/a,n/a,n/a,n/a,excluded,none,no,,,,
BOE-B-2025-44470#3,BOE-B-2025-44470,3,2025-12-01,5B,Patrimonio del Estado (DEH),Delegación de Economía y Hacienda en Segovia,table,land,excluded,land: not a building (art. 2.h),none,lot,,0,excluded,n/a,n/a,n/a,n/a,n/a,excluded,none,no,,,,
BOE-B-2025-44470#30,BOE-B-2025-44470,30,2025-12-01,5B,Patrimonio del Estado (DEH),Delegación de Economía y Hacienda en Segovia,table,land,excluded,land: not a building (art. 2.h),none,lot,,0,excluded,n/a,n/a,n/a,n/a,n/a,excluded,none,no,,,,
BOE-B-2025-44470#31,BOE-B-2025-44470,31,2025-12-01,5B,Patrimonio del Estado (DEH),Delegación de Economía y Hacienda en Segovia,table,land,excluded,land: not a building (art. 2.h),none,lot,,0,excluded,n/a,n/a,n/a,n/a,n/a,excluded,none,no,,,,
BOE-B-2025-44470#32,BOE-B-2025-44470,32,2025-12-01,5B,Patrimonio del Estado (DEH),Delegación de Economía y Hacienda en Segovia,table,land,excluded,land: not a building (art. 2.h),none,lot,,0,excluded,n/a,n/a,n/a,n/a,n/a,excluded,none,no,,,,
BOE-B-2025-44470#33,BOE-B-2025-44470,33,2025-12-01,5B,Patrimonio del Estado (DEH),Delegación de Economía y Hacienda en Segovia,table,land,excluded,land: not a building (art. 2.h),none,lot,,0,excluded,n/a,n/a,n/a,n/a,n/a,excluded,none,no,,,,
BOE-B-2025-44470#34,BOE-B-2025-44470,34,2025-12-01,5B,Patrimonio del Estado (DEH),Delegación de Economía y Hacienda en Segovia,table,land,excluded,land: not a building (art. 2.h),none,lot,,0,excluded,n/a,n/a,n/a,n/a,n/a,excluded,none,no,,,,
BOE-B-2025-44470#35,BOE-B-2025-44470,35,2025-12-01,5B,Patrimonio del Estado (DEH),Delegación de Economía y Hacienda en Segovia,table,land,excluded,land: not a building (art. 2.h),none,lot,,0,excluded,n/a,n/a,n/a,n/a,n/a,excluded,none,no,,,,
BOE-B-2025-44470#36,BOE-B-2025-44470,36,2025-12-01,5B,Patrimonio del Estado (DEH),Delegación de Economía y Hacienda en Segovia,table,land,excluded,land: not a building (art. 2.h),none,lot,,0,excluded,n/a,n/a,n/a,n/a,n/a,excluded,none,no,,,,
BOE-B-2025-44470#37,BOE-B-2025-44470,37,2025-12-01,5B,Patrimonio del Estado (DEH),Delegación de Economía y Hacienda en Segovia,table,land,excluded,land: not a building (art. 2.h),none,lot,,0,excluded,n/a,n/a,n/a,n/a,n/a,excluded,none,no,,,,
BOE-B-2025-44470#38,BOE-B-2025-44470,38,2025-12-01,5B,Patrimonio del Estado (DEH),Delegación de Economía y Hacienda en Segovia,table,land,excluded,land: not a building (art. 2.h),none,lot,,0,excluded,n/a,n/a,n/a,n/a,n/a,excluded,none,no,,,,
BOE-B-2025-44470#39,BOE-B-2025-44470,39,2025-12-01,5B,Patrimonio del Estado (DEH),Delegación de Economía y Hacienda en Segovia,table,land,excluded,land: not a building (art. 2.h),none,lot,,0,excluded,n/a,n/a,n/a,n/a,n/a,excluded,none,no,,,,
BOE-B-2025-44470#4,BOE-B-2025-44470,4,2025-12-01,5B,Patrimonio del Estado (DEH),Delegación de Economía y Hacienda en Segovia,table,land,excluded,land: not a building (art. 2.h),none,lot,,0,excluded,n/a,n/a,n/a,n/a,n/a,excluded,none,no,,,,
BOE-B-2025-44470#40,BOE-B-2025-44470,40,2025-12-01,5B,Patrimonio del Estado (DEH),Delegación de Economía y Hacienda en Segovia,table,land,excluded,land: not a building (art. 2.h),none,lot,,0,excluded,n/a,n/a,n/a,n/a,n/a,excluded,none,no,,,,
BOE-B-2025-44470#41,BOE-B-2025-44470,41,2025-12-01,5B,Patrimonio del Estado (DEH),Delegación de Economía y Hacienda en Segovia,table,land,excluded,land: not a building (art. 2.h),none,lot,,0,excluded,n/a,n/a,n/a,n/a,n/a,excluded,none,no,,,,
BOE-B-2025-44470#42,BOE-B-2025-44470,42,2025-12-01,5B,Patrimonio del Estado (DEH),Delegación de Economía y Hacienda en Segovia,table,land,excluded,land: not a building (art. 2.h),none,lot,,0,excluded,n/a,n/a,n/a,n/a,n/a,excluded,none,no,,,,
BOE-B-2025-44470#43,BOE-B-2025-44470,43,2025-12-01,5B,Patrimonio del Estado (DEH),Delegación de Economía y Hacienda en Segovia,table,land,excluded,land: not a building (art. 2.h),none,lot,,0,excluded,n/a,n/a,n/a,n/a,n/a,excluded,none,no,,,,
BOE-B-2025-44470#44,BOE-B-2025-44470,44,2025-12-01,5B,Patrimonio del Estado (DEH),Delegación de Economía y Hacienda en Segovia,table,land,excluded,land: not a building (art. 2.h),none,lot,,0,excluded,n/a,n/a,n/a,n/a,n/a,excluded,none,no,,,,
BOE-B-2025-44470#45,BOE-B-2025-44470,45,2025-12-01,5B,Patrimonio del Estado (DEH),Delegación de Economía y Hacienda en Segovia,table,land,excluded,land: not a building (art. 2.h),none,lot,,0,excluded,n/a,n/a,n/a,n/a,n/a,excluded,none,no,,,,
BOE-B-2025-44470#46,BOE-B-2025-44470,46,2025-12-01,5B,Patrimonio del Estado (DEH),Delegación de Economía y Hacienda en Segovia,table,land,excluded,land: not a building (art. 2.h),none,lot,,0,excluded,n/a,n/a,n/a,n/a,n/a,excluded,none,no,,,,
BOE-B-2025-44470#47,BOE-B-2025-44470,47,2025-12-01,5B,Patrimonio del Estado (DEH),Delegación de Economía y Hacienda en Segovia,table,land,excluded,land: not a building (art. 2.h),none,lot,,0,excluded,n/a,n/a,n/a,n/a,n/a,excluded,none,no,,,,
BOE-B-2025-44470#48,BOE-B-2025-44470,48,2025-12-01,5B,Patrimonio del Estado (DEH),Delegación de Economía y Hacienda en Segovia,table,land,excluded,land: not a building (art. 2.h),none,lot,,0,excluded,n/a,n/a,n/a,n/a,n/a,excluded,none,no,,,,
BOE-B-2025-44470#49,BOE-B-2025-44470,49,2025-12-01,5B,Patrimonio del Estado (DEH),Delegación de Economía y Hacienda en Segovia,table,land,excluded,land: not a building (art. 2.h),none,lot,,0,excluded,n/a,n/a,n/a,n/a,n/a,excluded,none,no,,,,
BOE-B-2025-44470#5,BOE-B-2025-44470,5,2025-12-01,5B,Patrimonio del Estado (DEH),Delegación de Economía y Hacienda en Segovia,table,land,excluded,land: not a building (art. 2.h),none,lot,,0,excluded,n/a,n/a,n/a,n/a,n/a,excluded,none,no,,,,
BOE-B-2025-44470#50,BOE-B-2025-44470,50,2025-12-01,5B,Patrimonio del Estado (DEH),Delegación de Economía y Hacienda en Segovia,table,land,excluded,land: not a building (art. 2.h),none,lot,,0,excluded,n/a,n/a,n/a,n/a,n/a,excluded,none,no,,,,
BOE-B-2025-44470#51,BOE-B-2025-44470,51,2025-12-01,5B,Patrimonio del Estado (DEH),Delegación de Economía y Hacienda en Segovia,table,land,excluded,land: not a building (art. 2.h),none,lot,,0,excluded,n/a,n/a,n/a,n/a,n/a,excluded,none,no,,,,
BOE-B-2025-44470#52,BOE-B-2025-44470,52,2025-12-01,5B,Patrimonio del Estado (DEH),Delegación de Economía y Hacienda en Segovia,table,land,excluded,land: not a building (art. 2.h),none,lot,,0,excluded,n/a,n/a,n/a,n/a,n/a,excluded,none,no,,,,
BOE-B-2025-44470#53,BOE-B-2025-44470,53,2025-12-01,5B,Patrimonio del Estado (DEH),Delegación de Economía y Hacienda en Segovia,table,land,excluded,land: not a building (art. 2.h),none,lot,,0,excluded,n/a,n/a,n/a,n/a,n/a,excluded,none,no,,,,
BOE-B-2025-44470#54,BOE-B-2025-44470,54,2025-12-01,5B,Patrimonio del Estado (DEH),Delegación de Economía y Hacienda en Segovia,table,land,excluded,land: not a building (art. 2.h),none,lot,,0,excluded,n/a,n/a,n/a,n/a,n/a,excluded,none,no,,,,
BOE-B-2025-44470#55,BOE-B-2025-44470,55,2025-12-01,5B,Patrimonio del Estado (DEH),Delegación de Economía y Hacienda en Segovia,table,land,excluded,land: not a building (art. 2.h),none,lot,,0,excluded,n/a,n/a,n/a,n/a,n/a,excluded,none,no,,,,
BOE-B-2025-44470#56,BOE-B-2025-44470,56,2025-12-01,5B,Patrimonio del Estado (DEH),Delegación de Economía y Hacienda en Segovia,table,land,excluded,land: not a building (art. 2.h),none,lot,,0,excluded,n/a,n/a,n/a,n/a,n/a,excluded,none,no,,,,
BOE-B-2025-44470#57,BOE-B-2025-44470,57,2025-12-01,5B,Patrimonio del Estado (DEH),Delegación de Economía y Hacienda en Segovia,table,land,excluded,land: not a building (art. 2.h),none,lot,,0,excluded,n/a,n/a,n/a,n/a,n/a,excluded,none,no,,,,
BOE-B-2025-44470#58,BOE-B-2025-44470,58,2025-12-01,5B,Patrimonio del Estado (DEH),Delegación de Economía y Hacienda en Segovia,table,land,excluded,land: not a building (art. 2.h),none,lot,,0,excluded,n/a,n/a,n/a,n/a,n/a,excluded,none,no,,,,
BOE-B-2025-44470#59,BOE-B-2025-44470,59,2025-12-01,5B,Patrimonio del Estado (DEH),Delegación de Economía y Hacienda en Segovia,table,land,excluded,land: not a building (art. 2.h),none,lot,,0,excluded,n/a,n/a,n/a,n/a,n/a,excluded,none,no,,,,
BOE-B-2025-44470#6,BOE-B-2025-44470,6,2025-12-01,5B,Patrimonio del Estado (DEH),Delegación de Economía y Hacienda en Segovia,table,land,excluded,land: not a building (art. 2.h),none,lot,,0,excluded,n/a,n/a,n/a,n/a,n/a,excluded,none,no,,,,
BOE-B-2025-44470#60,BOE-B-2025-44470,60,2025-12-01,5B,Patrimonio del Estado (DEH),Delegación de Economía y Hacienda en Segovia,table,land,excluded,land: not a building (art. 2.h),none,lot,,0,excluded,n/a,n/a,n/a,n/a,n/a,excluded,none,no,,,,
BOE-B-2025-44470#61,BOE-B-2025-44470,61,2025-12-01,5B,Patrimonio del Estado (DEH),Delegación de Economía y Hacienda en Segovia,table,land,excluded,land: not a building (art. 2.h),none,lot,,0,excluded,n/a,n/a,n/a,n/a,n/a,excluded,none,no,,,,
BOE-B-2025-44470#62,BOE-B-2025-44470,62,2025-12-01,5B,Patrimonio del Estado (DEH),Delegación de Economía y Hacienda en Segovia,table,land,excluded,land: not a building (art. 2.h),none,lot,,0,excluded,n/a,n/a,n/a,n/a,n/a,excluded,none,no,,,,
BOE-B-2025-44470#63,BOE-B-2025-44470,63,2025-12-01,5B,Patrimonio del Estado (DEH),Delegación de Economía y Hacienda en Segovia,table,land,excluded,land: not a building (art. 2.h),none,lot,,0,excluded,n/a,n/a,n/a,n/a,n/a,excluded,none,no,,,,
BOE-B-2025-44470#64,BOE-B-2025-44470,64,2025-12-01,5B,Patrimonio del Estado (DEH),Delegación de Economía y Hacienda en Segovia,table,land,excluded,land: not a building (art. 2.h),none,lot,,0,excluded,n/a,n/a,n/a,n/a,n/a,excluded,none,no,,,,
BOE-B-2025-44470#65,BOE-B-2025-44470,65,2025-12-01,5B,Patrimonio del Estado (DEH),Delegación de Economía y Hacienda en Segovia,table,land,excluded,land: not a building (art. 2.h),none,lot,,0,excluded,n/a,n/a,n/a,n/a,n/a,excluded,none,no,,,,
BOE-B-2025-44470#66,BOE-B-2025-44470,66,2025-12-01,5B,Patrimonio del Estado (DEH),Delegación de Economía y Hacienda en Segovia,table,land,excluded,land: not a building (art. 2.h),none,lot,,0,excluded,n/a,n/a,n/a,n/a,n/a,excluded,none,no,,,,
BOE-B-2025-44470#67,BOE-B-2025-44470,67,2025-12-01,5B,Patrimonio del Estado (DEH),Delegación de Economía y Hacienda en Segovia,table,land,excluded,land: not a building (art. 2.h),none,lot,,0,excluded,n/a,n/a,n/a,n/a,n/a,excluded,none,no,,,,
BOE-B-2025-44470#68,BOE-B-2025-44470,68,2025-12-01,5B,Patrimonio del Estado (DEH),Delegación de Economía y Hacienda en Segovia,table,land,excluded,land: not a building (art. 2.h),none,lot,,0,excluded,n/a,n/a,n/a,n/a,n/a,excluded,none,no,,,,
BOE-B-2025-44470#69,BOE-B-2025-44470,69,2025-12-01,5B,Patrimonio del Estado (DEH),Delegación de Economía y Hacienda en Segovia,table,land,excluded,land: not a building (art. 2.h),none,lot,,0,excluded,n/a,n/a,n/a,n/a,n/a,excluded,none,no,,,,
BOE-B-2025-44470#7,BOE-B-2025-44470,7,2025-12-01,5B,Patrimonio del Estado (DEH),Delegación de Economía y Hacienda en Segovia,table,land,excluded,land: not a building (art. 2.h),none,lot,,0,excluded,n/a,n/a,n/a,n/a,n/a,excluded,none,no,,,,
BOE-B-2025-44470#70,BOE-B-2025-44470,70,2025-12-01,5B,Patrimonio del Estado (DEH),Delegación de Economía y Hacienda en Segovia,table,land,excluded,land: not a building (art. 2.h),none,lot,,0,excluded,n/a,n/a,n/a,n/a,n/a,excluded,none,no,,,,
BOE-B-2025-44470#71,BOE-B-2025-44470,71,2025-12-01,5B,Patrimonio del Estado (DEH),Delegación de Economía y Hacienda en Segovia,table,land,excluded,land: not a building (art. 2.h),none,lot,,0,excluded,n/a,n/a,n/a,n/a,n/a,excluded,none,yes,R4,,none,land (rustic or unbuilt plot); confirmed
BOE-B-2025-44470#72,BOE-B-2025-44470,72,2025-12-01,5B,Patrimonio del Estado (DEH),Delegación de Economía y Hacienda en Segovia,table,land,excluded,land: not a building (art. 2.h),none,lot,,0,excluded,n/a,n/a,n/a,n/a,n/a,excluded,none,no,,,,
BOE-B-2025-44470#73,BOE-B-2025-44470,73,2025-12-01,5B,Patrimonio del Estado (DEH),Delegación de Economía y Hacienda en Segovia,table,land,excluded,land: not a building (art. 2.h),none,lot,,0,excluded,n/a,n/a,n/a,n/a,n/a,excluded,none,no,,,,
BOE-B-2025-44470#74,BOE-B-2025-44470,74,2025-12-01,5B,Patrimonio del Estado (DEH),Delegación de Economía y Hacienda en Segovia,table,land,excluded,land: not a building (art. 2.h),none,lot,,0,excluded,n/a,n/a,n/a,n/a,n/a,excluded,none,no,,,,
BOE-B-2025-44470#75,BOE-B-2025-44470,75,2025-12-01,5B,Patrimonio del Estado (DEH),Delegación de Economía y Hacienda en Segovia,table,land,excluded,land: not a building (art. 2.h),none,lot,,0,excluded,n/a,n/a,n/a,n/a,n/a,excluded,none,no,,,,
BOE-B-2025-44470#76,BOE-B-2025-44470,76,2025-12-01,5B,Patrimonio del Estado (DEH),Delegación de Economía y Hacienda en Segovia,table,land,excluded,land: not a building (art. 2.h),none,lot,,0,excluded,n/a,n/a,n/a,n/a,n/a,excluded,none,no,,,,
BOE-B-2025-44470#77,BOE-B-2025-44470,77,2025-12-01,5B,Patrimonio del Estado (DEH),Delegación de Economía y Hacienda en Segovia,table,land,excluded,land: not a building (art. 2.h),none,lot,,0,excluded,n/a,n/a,n/a,n/a,n/a,excluded,none,no,,,,
BOE-B-2025-44470#78,BOE-B-2025-44470,78,2025-12-01,5B,Patrimonio del Estado (DEH),Delegación de Economía y Hacienda en Segovia,table,land,excluded,land: not a building (art. 2.h),none,lot,,0,excluded,n/a,n/a,n/a,n/a,n/a,excluded,none,no,,,,
BOE-B-2025-44470#79,BOE-B-2025-44470,79,2025-12-01,5B,Patrimonio del Estado (DEH),Delegación de Economía y Hacienda en Segovia,table,land,excluded,land: not a building (art. 2.h),none,lot,,0,excluded,n/a,n/a,n/a,n/a,n/a,excluded,none,no,,,,
BOE-B-2025-44470#8,BOE-B-2025-44470,8,2025-12-01,5B,Patrimonio del Estado (DEH),Delegación de Economía y Hacienda en Segovia,table,land,excluded,land: not a building (art. 2.h),none,lot,,0,excluded,n/a,n/a,n/a,n/a,n/a,excluded,none,no,,,,
BOE-B-2025-44470#80,BOE-B-2025-44470,80,2025-12-01,5B,Patrimonio del Estado (DEH),Delegación de Economía y Hacienda en Segovia,table,land,excluded,land: not a building (art. 2.h),none,lot,,0,excluded,n/a,n/a,n/a,n/a,n/a,excluded,none,no,,,,
BOE-B-2025-44470#81,BOE-B-2025-44470,81,2025-12-01,5B,Patrimonio del Estado (DEH),Delegación de Economía y Hacienda en Segovia,table,land,excluded,land: not a building (art. 2.h),none,lot,,0,excluded,n/a,n/a,n/a,n/a,n/a,excluded,none,no,,,,
BOE-B-2025-44470#82,BOE-B-2025-44470,82,2025-12-01,5B,Patrimonio del Estado (DEH),Delegación de Economía y Hacienda en Segovia,table,land,excluded,land: not a building (art. 2.h),none,lot,,0,excluded,n/a,n/a,n/a,n/a,n/a,excluded,none,no,,,,
BOE-B-2025-44470#83,BOE-B-2025-44470,83,2025-12-01,5B,Patrimonio del Estado (DEH),Delegación de Economía y Hacienda en Segovia,table,land,excluded,land: not a building (art. 2.h),none,lot,,0,excluded,n/a,n/a,n/a,n/a,n/a,excluded,none,no,,,,
BOE-B-2025-44470#84,BOE-B-2025-44470,84,2025-12-01,5B,Patrimonio del Estado (DEH),Delegación de Economía y Hacienda en Segovia,table,land,excluded,land: not a building (art. 2.h),none,lot,,0,excluded,n/a,n/a,n/a,n/a,n/a,excluded,none,no,,,,
BOE-B-2025-44470#85,BOE-B-2025-44470,85,2025-12-01,5B,Patrimonio del Estado (DEH),Delegación de Economía y Hacienda en Segovia,table,land,excluded,land: not a building (art. 2.h),none,lot,,0,excluded,n/a,n/a,n/a,n/a,n/a,excluded,none,no,,,,
BOE-B-2025-44470#86,BOE-B-2025-44470,86,2025-12-01,5B,Patrimonio del Estado (DEH),Delegación de Economía y Hacienda en Segovia,table,land,excluded,land: not a building (art. 2.h),none,lot,,0,excluded,n/a,n/a,n/a,n/a,n/a,excluded,none,no,,,,
BOE-B-2025-44470#87,BOE-B-2025-44470,87,2025-12-01,5B,Patrimonio del Estado (DEH),Delegación de Economía y Hacienda en Segovia,table,land,excluded,land: not a building (art. 2.h),none,lot,,0,excluded,n/a,n/a,n/a,n/a,n/a,excluded,none,no,,,,
BOE-B-2025-44470#88,BOE-B-2025-44470,88,2025-12-01,5B,Patrimonio del Estado (DEH),Delegación de Economía y Hacienda en Segovia,table,land,excluded,land: not a building (art. 2.h),none,lot,,0,excluded,n/a,n/a,n/a,n/a,n/a,excluded,none,no,,,,
BOE-B-2025-44470#89,BOE-B-2025-44470,89,2025-12-01,5B,Patrimonio del Estado (DEH),Delegación de Economía y Hacienda en Segovia,table,land,excluded,land: not a building (art. 2.h),none,lot,,0,excluded,n/a,n/a,n/a,n/a,n/a,excluded,none,no,,,,
BOE-B-2025-44470#9,BOE-B-2025-44470,9,2025-12-01,5B,Patrimonio del Estado (DEH),Delegación de Economía y Hacienda en Segovia,table,land,excluded,land: not a building (art. 2.h),none,lot,,0,excluded,n/a,n/a,n/a,n/a,n/a,excluded,none,no,,,,
BOE-B-2025-44470#90,BOE-B-2025-44470,90,2025-12-01,5B,Patrimonio del Estado (DEH),Delegación de Economía y Hacienda en Segovia,table,land,excluded,land: not a building (art. 2.h),none,lot,,0,excluded,n/a,n/a,n/a,n/a,n/a,excluded,none,no,,,,
BOE-B-2025-44470#91,BOE-B-2025-44470,91,2025-12-01,5B,Patrimonio del Estado (DEH),Delegación de Economía y Hacienda en Segovia,table,land,excluded,land: not a building (art. 2.h),none,lot,,0,excluded,n/a,n/a,n/a,n/a,n/a,excluded,none,no,,,,
BOE-B-2025-44470#92,BOE-B-2025-44470,92,2025-12-01,5B,Patrimonio del Estado (DEH),Delegación de Economía y Hacienda en Segovia,table,land,excluded,land: not a building (art. 2.h),none,lot,,0,excluded,n/a,n/a,n/a,n/a,n/a,excluded,none,no,,,,
BOE-B-2025-44470#93,BOE-B-2025-44470,93,2025-12-01,5B,Patrimonio del Estado (DEH),Delegación de Economía y Hacienda en Segovia,table,land,excluded,land: not a building (art. 2.h),none,lot,,0,excluded,n/a,n/a,n/a,n/a,n/a,excluded,none,no,,,,
BOE-B-2025-44470#94,BOE-B-2025-44470,94,2025-12-01,5B,Patrimonio del Estado (DEH),Delegación de Economía y Hacienda en Segovia,table,land,excluded,land: not a building (art. 2.h),none,lot,,0,excluded,n/a,n/a,n/a,n/a,n/a,excluded,none,no,,,,
BOE-B-2025-44470#95,BOE-B-2025-44470,95,2025-12-01,5B,Patrimonio del Estado (DEH),Delegación de Economía y Hacienda en Segovia,table,land,excluded,land: not a building (art. 2.h),none,lot,,0,excluded,n/a,n/a,n/a,n/a,n/a,excluded,none,no,,,,
BOE-B-2025-44470#96,BOE-B-2025-44470,96,2025-12-01,5B,Patrimonio del Estado (DEH),Delegación de Economía y Hacienda en Segovia,table,land,excluded,land: not a building (art. 2.h),none,lot,,0,excluded,n/a,n/a,n/a,n/a,n/a,excluded,none,no,,,,
BOE-B-2025-44470#98,BOE-B-2025-44470,98,2025-12-01,5B,Patrimonio del Estado (DEH),Delegación de Economía y Hacienda en Segovia,table,land,excluded,land: not a building (art. 2.h),none,lot,,0,excluded,n/a,n/a,n/a,n/a,n/a,excluded,none,no,,,,
BOE-B-2025-44470#99,BOE-B-2025-44470,99,2025-12-01,5B,Patrimonio del Estado (DEH),Delegación de Economía y Hacienda en Segovia,table,land,excluded,land: not a building (art. 2.h),none,lot,,0,excluded,n/a,n/a,n/a,n/a,n/a,excluded,none,no,,,,
BOE-B-2025-44680#?,BOE-B-2025-44680,?,2025-12-02,5B,Other public bodies,Organismo Autónomo Parques Nacionales,not_described,land,drop,,none,lot,,0,dropped,n/a,n/a,n/a,n/a,n/a,undeterminable,none,yes,R3,,scope undeterminable>drop,"sale of harvest rights (aprovechamiento), not of property"
BOE-B-2025-44901#1,BOE-B-2025-44901,1,2025-12-03,5B,Other public bodies,"Delegación Territorial de Economía, Hacienda, Fondos Europeos y de Industria, Energía y Minas en Jaén",single,unknown,drop,,none,lot,,0,dropped,n/a,n/a,n/a,n/a,n/a,undeterminable,none,yes,R3,,scope undeterminable>drop,"expropriation notice of a regional energy office, not a sale offer"
BOE-B-2025-45031#1,BOE-B-2025-45031,1,2025-12-04,5B,INVIED (Defensa),"Organismo autónomo Instituto de Vivienda, Infraestructura y Equipamiento de la Defensa",numbered,commercial,covered,,none,lot,,0,no,no,no,no,no,no,covered,none,yes,R1,,none,commercial premises; no energy statement
BOE-B-2025-45031#10,BOE-B-2025-45031,10,2025-12-04,5B,INVIED (Defensa),"Organismo autónomo Instituto de Vivienda, Infraestructura y Equipamiento de la Defensa",numbered,commercial,covered,,none,lot,,0,no,no,no,no,no,no,covered,none,yes,R1,,none,commercial premises; no energy statement
BOE-B-2025-45031#11,BOE-B-2025-45031,11,2025-12-04,5B,INVIED (Defensa),"Organismo autónomo Instituto de Vivienda, Infraestructura y Equipamiento de la Defensa",numbered,building,covered,,none,lot,,0,no,no,no,no,no,no,covered,none,yes,R1,,type residential>building,"urban building of 1,341 m2; no energy statement"
BOE-B-2025-45031#12,BOE-B-2025-45031,12,2025-12-04,5B,INVIED (Defensa),"Organismo autónomo Instituto de Vivienda, Infraestructura y Equipamiento de la Defensa",numbered,commercial,covered,,none,lot,,0,no,no,no,no,no,no,covered,none,yes,R1,,none,commercial premises; no energy statement
BOE-B-2025-45031#13,BOE-B-2025-45031,13,2025-12-04,5B,INVIED (Defensa),"Organismo autónomo Instituto de Vivienda, Infraestructura y Equipamiento de la Defensa",numbered,commercial,covered,,none,lot,,0,no,no,no,no,no,no,covered,none,yes,R1,,none,commercial premises; no energy statement
BOE-B-2025-45031#14,BOE-B-2025-45031,14,2025-12-04,5B,INVIED (Defensa),"Organismo autónomo Instituto de Vivienda, Infraestructura y Equipamiento de la Defensa",numbered,commercial,covered,,none,lot,,0,no,no,no,no,no,no,covered,none,yes,R1,,none,commercial premises; no energy statement
BOE-B-2025-45031#15,BOE-B-2025-45031,15,2025-12-04,5B,INVIED (Defensa),"Organismo autónomo Instituto de Vivienda, Infraestructura y Equipamiento de la Defensa",numbered,commercial,covered,,none,lot,,0,no,no,no,no,no,no,covered,none,yes,R1,,none,commercial premises; no energy statement
BOE-B-2025-45031#16,BOE-B-2025-45031,16,2025-12-04,5B,INVIED (Defensa),"Organismo autónomo Instituto de Vivienda, Infraestructura y Equipamiento de la Defensa",numbered,commercial,covered,,none,lot,,0,no,no,no,no,no,no,covered,none,yes,R1,,none,commercial premises; no energy statement
BOE-B-2025-45031#17,BOE-B-2025-45031,17,2025-12-04,5B,INVIED (Defensa),"Organismo autónomo Instituto de Vivienda, Infraestructura y Equipamiento de la Defensa",numbered,commercial,covered,,none,lot,,0,no,no,no,no,no,no,covered,none,yes,R1,,none,commercial premises (basement); no energy statement
BOE-B-2025-45031#18,BOE-B-2025-45031,18,2025-12-04,5B,INVIED (Defensa),"Organismo autónomo Instituto de Vivienda, Infraestructura y Equipamiento de la Defensa",numbered,commercial,covered,,none,lot,,0,no,no,no,no,no,no,covered,none,yes,R1,,none,commercial premises; no energy statement
BOE-B-2025-45031#19,BOE-B-2025-45031,19,2025-12-04,5B,INVIED (Defensa),"Organismo autónomo Instituto de Vivienda, Infraestructura y Equipamiento de la Defensa",numbered,land,excluded,land: not a building (art. 2.h),none,lot,,0,excluded,n/a,n/a,n/a,n/a,n/a,covered,none,yes,R1,,scope covered>excluded; type building>land,60 m2 rustic plot for an electricity substation
BOE-B-2025-45031#2,BOE-B-2025-45031,2,2025-12-04,5B,INVIED (Defensa),"Organismo autónomo Instituto de Vivienda, Infraestructura y Equipamiento de la Defensa",numbered,commercial,covered,,none,lot,,0,no,no,no,no,no,no,covered,none,yes,R1,,none,commercial premises; no energy statement
BOE-B-2025-45031#20,BOE-B-2025-45031,20,2025-12-04,5B,INVIED (Defensa),"Organismo autónomo Instituto de Vivienda, Infraestructura y Equipamiento de la Defensa",numbered,land,excluded,land: not a building (art. 2.h),none,lot,,0,excluded,n/a,n/a,n/a,n/a,n/a,excluded,none,no,,,,
BOE-B-2025-45031#21,BOE-B-2025-45031,21,2025-12-04,5B,INVIED (Defensa),"Organismo autónomo Instituto de Vivienda, Infraestructura y Equipamiento de la Defensa",numbered,commercial,covered,,none,lot,,0,no,no,no,no,no,no,covered,none,yes,R1,,none,commercial premises; no energy statement
BOE-B-2025-45031#22,BOE-B-2025-45031,22,2025-12-04,5B,INVIED (Defensa),"Organismo autónomo Instituto de Vivienda, Infraestructura y Equipamiento de la Defensa",numbered,commercial,covered,,none,lot,,0,no,no,no,no,no,no,covered,none,yes,R1,,none,commercial premises; no energy statement
BOE-B-2025-45031#23,BOE-B-2025-45031,23,2025-12-04,5B,INVIED (Defensa),"Organismo autónomo Instituto de Vivienda, Infraestructura y Equipamiento de la Defensa",numbered,commercial,covered,,none,lot,,0,no,no,no,no,no,no,covered,none,yes,R1,,none,commercial premises; no energy statement
BOE-B-2025-45031#24,BOE-B-2025-45031,24,2025-12-04,5B,INVIED (Defensa),"Organismo autónomo Instituto de Vivienda, Infraestructura y Equipamiento de la Defensa",numbered,commercial,covered,,none,lot,,0,no,no,no,no,no,no,covered,none,yes,R1,,none,commercial premises (semi-basement); no energy statement
BOE-B-2025-45031#3,BOE-B-2025-45031,3,2025-12-04,5B,INVIED (Defensa),"Organismo autónomo Instituto de Vivienda, Infraestructura y Equipamiento de la Defensa",numbered,land,excluded,land: not a building (art. 2.h),none,lot,,0,excluded,n/a,n/a,n/a,n/a,n/a,excluded,none,no,,,,
BOE-B-2025-45031#4,BOE-B-2025-45031,4,2025-12-04,5B,INVIED (Defensa),"Organismo autónomo Instituto de Vivienda, Infraestructura y Equipamiento de la Defensa",numbered,land,excluded,land: not a building (art. 2.h),none,lot,,0,excluded,n/a,n/a,n/a,n/a,n/a,excluded,none,no,,,,
BOE-B-2025-45031#5,BOE-B-2025-45031,5,2025-12-04,5B,INVIED (Defensa),"Organismo autónomo Instituto de Vivienda, Infraestructura y Equipamiento de la Defensa",numbered,commercial,covered,,none,lot,,0,no,no,no,no,no,no,covered,none,yes,R1,,none,commercial premises; no energy statement
BOE-B-2025-45031#6,BOE-B-2025-45031,6,2025-12-04,5B,INVIED (Defensa),"Organismo autónomo Instituto de Vivienda, Infraestructura y Equipamiento de la Defensa",numbered,land,excluded,land: not a building (art. 2.h),none,lot,,0,excluded,n/a,n/a,n/a,n/a,n/a,excluded,none,no,,,,
BOE-B-2025-45031#7,BOE-B-2025-45031,7,2025-12-04,5B,INVIED (Defensa),"Organismo autónomo Instituto de Vivienda, Infraestructura y Equipamiento de la Defensa",numbered,commercial,covered,,none,lot,,0,no,no,no,no,no,no,covered,none,yes,R1,,none,commercial premises; no energy statement
BOE-B-2025-45031#8,BOE-B-2025-45031,8,2025-12-04,5B,INVIED (Defensa),"Organismo autónomo Instituto de Vivienda, Infraestructura y Equipamiento de la Defensa",numbered,commercial,covered,,none,lot,,0,no,no,no,no,no,no,covered,none,yes,R1,,none,commercial premises; no energy statement
BOE-B-2025-45031#9,BOE-B-2025-45031,9,2025-12-04,5B,INVIED (Defensa),"Organismo autónomo Instituto de Vivienda, Infraestructura y Equipamiento de la Defensa",numbered,commercial,covered,,none,lot,,0,no,no,no,no,no,no,covered,none,yes,R1,,none,commercial premises; no energy statement
BOE-B-2025-45884#1,BOE-B-2025-45884,1,2025-12-11,5B,TGSS,Dirección Provincial de la Tesorería General de la Seguridad Social de Navarra,lote_header,residential,covered,,rating,lot,C,1,yes,yes,yes,yes,yes,yes,covered,certificate_reference,yes,R1,,energy certificate_reference>rating,"consumption and emissions letter C stated; classifier missed it (""letra C"")"
BOE-B-2025-45884#2,BOE-B-2025-45884,2,2025-12-11,5B,TGSS,Dirección Provincial de la Tesorería General de la Seguridad Social de Navarra,lote_header,residential,covered,,rating,lot,E,1,yes,yes,yes,yes,yes,yes,covered,certificate_reference,yes,R1,,energy certificate_reference>rating,"consumption and emissions letter E stated; classifier missed it (""letra E"")"
BOE-B-2025-45884#3,BOE-B-2025-45884,3,2025-12-11,5B,TGSS,Dirección Provincial de la Tesorería General de la Seguridad Social de Navarra,lote_header,residential,covered,,rating,lot,E,1,yes,yes,yes,yes,yes,yes,covered,certificate_reference,yes,R1,,energy certificate_reference>rating,"consumption and emissions letter E stated; classifier missed it (""letra E"")"
BOE-B-2025-45884#4,BOE-B-2025-45884,4,2025-12-11,5B,TGSS,Dirección Provincial de la Tesorería General de la Seguridad Social de Navarra,lote_header,residential,covered,,rating,lot,E,1,yes,yes,yes,yes,yes,yes,covered,certificate_reference,yes,R1,,energy certificate_reference>rating,"consumption and emissions letter E stated; classifier missed it (""letra E"")"
BOE-B-2025-46302#?,BOE-B-2025-46302,?,2025-12-15,5B,Other public bodies,Dirección General del Sector Ferroviario,unsplit,land,drop,excluded notice kind: expropriation,none,lot,,0,dropped,n/a,n/a,n/a,n/a,n/a,excluded,none,yes,extra,,scope excluded>drop,expropriation notice (actas previas); not a sale offer
BOE-B-2025-46481#1,BOE-B-2025-46481,1,2025-12-16,5B,Patrimonio del Estado (DEH),Delegación de Economía y Hacienda en Illes Balears,lote_header,ruin,undeterminable,ruin (no official guidance; may fall outside art. 2.h),none,lot,,0,undeterminable,n/a,n/a,n/a,n/a,n/a,excluded,none,yes,extra,,scope excluded>undeterminable; type land>ruin,"house built in 1920, three storeys, «en estado totalmente ruinoso», with a garden (found by the targeted search)"
BOE-B-2025-46484#1,BOE-B-2025-46484,1,2025-12-16,5B,Patrimonio del Estado (DEH),Delegación de Economía y Hacienda en Girona,lote_header,unknown,undeterminable,type not stated,none,lot,,0,undeterminable,n/a,n/a,n/a,n/a,n/a,covered,none,yes,R1,,scope covered>undeterminable; type building>unknown,"urban property of 86 m2, not said whether a house or a plot (re-auction of BOE-B-2025-12928 lot 1)"
BOE-B-2025-46484#2,BOE-B-2025-46484,2,2025-12-16,5B,Patrimonio del Estado (DEH),Delegación de Economía y Hacienda en Girona,lote_header,land,excluded,land: not a building (art. 2.h),none,lot,,0,excluded,n/a,n/a,n/a,n/a,n/a,excluded,none,no,,,,
BOE-B-2025-46622#?,BOE-B-2025-46622,?,2025-12-17,5B,TGSS,Tesorería General de la Seguridad Social,unsplit,building,covered,,rating,lot,FG,1,yes,yes,yes,yes,yes,yes,covered,rating,yes,R2,,none,rating letter(s) stated in the lot; confirmed
BOE-B-2025-46956#1,BOE-B-2025-46956,1,2025-12-19,5B,TGSS,Dirección provincial de la Tesorería General de la Seguridad Social de Valladolid,single,building,covered,,rating,lot,D,1,yes,yes,yes,yes,yes,yes,covered,rating,no,,,,
BOE-B-2025-47585#1,BOE-B-2025-47585,1,2025-12-24,5B,Patrimonio del Estado (DEH),Delegación de Economía y Hacienda en Zamora,lote_header,residential,covered,,none,lot,,0,no,no,no,no,no,no,covered,none,yes,R1,,none,town house (State inherited estate); no energy statement in the notice
BOE-B-2025-47585#2,BOE-B-2025-47585,2,2025-12-24,5B,Patrimonio del Estado (DEH),Delegación de Economía y Hacienda en Zamora,lote_header,land,excluded,land: not a building (art. 2.h),none,lot,,0,excluded,n/a,n/a,n/a,n/a,n/a,excluded,none,no,,,,
BOE-B-2025-47585#3,BOE-B-2025-47585,3,2025-12-24,5B,Patrimonio del Estado (DEH),Delegación de Economía y Hacienda en Zamora,lote_header,land,excluded,land: not a building (art. 2.h),none,lot,,0,excluded,n/a,n/a,n/a,n/a,n/a,undeterminable,none,yes,R3,,scope undeterminable>excluded; type rural_with_construction>land,unbuilt urban plot
BOE-B-2025-47585#4,BOE-B-2025-47585,4,2025-12-24,5B,Patrimonio del Estado (DEH),Delegación de Economía y Hacienda en Zamora,lote_header,ruin,undeterminable,ruin (no official guidance; may fall outside art. 2.h),none,lot,,0,undeterminable,n/a,n/a,n/a,n/a,n/a,undeterminable,none,yes,R3,,none,"urban property in ruinous state, recorded as a plot in the cadastre; confirmed"
BOE-B-2025-47585#5,BOE-B-2025-47585,5,2025-12-24,5B,Patrimonio del Estado (DEH),Delegación de Economía y Hacienda en Zamora,lote_header,unknown,undeterminable,type not stated,none,lot,,0,undeterminable,n/a,n/a,n/a,n/a,n/a,undeterminable,none,yes,R3,,none,"52 m2 urban construction in a village, use not stated; confirmed"
BOE-B-2025-47585#6,BOE-B-2025-47585,6,2025-12-24,5B,Patrimonio del Estado (DEH),Delegación de Economía y Hacienda en Zamora,lote_header,land,excluded,land: not a building (art. 2.h),none,lot,,0,excluded,n/a,n/a,n/a,n/a,n/a,excluded,none,no,,,,
BOE-B-2025-47586#1,BOE-B-2025-47586,1,2025-12-24,5B,Patrimonio del Estado (DEH),Delegación de Economía y Hacienda en Castellón-Unidad de Patrimonio del Estado,single,land,drop,excluded notice kind: direct_named,none,lot,,0,dropped,n/a,n/a,n/a,n/a,n/a,excluded,none,yes,extra,,scope excluded>drop,"direct adjudication to a party who showed interest (art. 137.4 LPAP); not an offer to the public (rule §1.1, direct_named)"
BOE-B-2026-38#1,BOE-B-2026-38,1,2026-01-01,5B,Patrimonio del Estado (DEH),Delegación de Economía y Hacienda en León,lote_header,land,excluded,land: not a building (art. 2.h),none,lot,,0,excluded,n/a,n/a,n/a,n/a,n/a,excluded,none,no,,,,
BOE-B-2026-38#10,BOE-B-2026-38,10,2026-01-01,5B,Patrimonio del Estado (DEH),Delegación de Economía y Hacienda en León,lote_header,land,excluded,land: not a building (art. 2.h),none,lot,,0,excluded,n/a,n/a,n/a,n/a,n/a,excluded,none,no,,,,
BOE-B-2026-38#11,BOE-B-2026-38,11,2026-01-01,5B,Patrimonio del Estado (DEH),Delegación de Economía y Hacienda en León,lote_header,land,excluded,land: not a building (art. 2.h),none,lot,,0,excluded,n/a,n/a,n/a,n/a,n/a,excluded,none,no,,,,
BOE-B-2026-38#12,BOE-B-2026-38,12,2026-01-01,5B,Patrimonio del Estado (DEH),Delegación de Economía y Hacienda en León,lote_header,land,excluded,land: not a building (art. 2.h),none,lot,,0,excluded,n/a,n/a,n/a,n/a,n/a,excluded,none,no,,,,
BOE-B-2026-38#13,BOE-B-2026-38,13,2026-01-01,5B,Patrimonio del Estado (DEH),Delegación de Economía y Hacienda en León,lote_header,land,excluded,land: not a building (art. 2.h),none,lot,,0,excluded,n/a,n/a,n/a,n/a,n/a,excluded,none,no,,,,
BOE-B-2026-38#14,BOE-B-2026-38,14,2026-01-01,5B,Patrimonio del Estado (DEH),Delegación de Economía y Hacienda en León,lote_header,land,excluded,land: not a building (art. 2.h),none,lot,,0,excluded,n/a,n/a,n/a,n/a,n/a,excluded,none,no,,,,
BOE-B-2026-38#15,BOE-B-2026-38,15,2026-01-01,5B,Patrimonio del Estado (DEH),Delegación de Economía y Hacienda en León,lote_header,land,excluded,land: not a building (art. 2.h),none,lot,,0,excluded,n/a,n/a,n/a,n/a,n/a,excluded,none,no,,,,
BOE-B-2026-38#16,BOE-B-2026-38,16,2026-01-01,5B,Patrimonio del Estado (DEH),Delegación de Economía y Hacienda en León,lote_header,land,excluded,land: not a building (art. 2.h),none,lot,,0,excluded,n/a,n/a,n/a,n/a,n/a,excluded,none,no,,,,
BOE-B-2026-38#17,BOE-B-2026-38,17,2026-01-01,5B,Patrimonio del Estado (DEH),Delegación de Economía y Hacienda en León,lote_header,land,excluded,land: not a building (art. 2.h),none,lot,,0,excluded,n/a,n/a,n/a,n/a,n/a,excluded,none,no,,,,
BOE-B-2026-38#18,BOE-B-2026-38,18,2026-01-01,5B,Patrimonio del Estado (DEH),Delegación de Economía y Hacienda en León,lote_header,land,excluded,land: not a building (art. 2.h),none,lot,,0,excluded,n/a,n/a,n/a,n/a,n/a,excluded,none,no,,,,
BOE-B-2026-38#19,BOE-B-2026-38,19,2026-01-01,5B,Patrimonio del Estado (DEH),Delegación de Economía y Hacienda en León,lote_header,land,excluded,land: not a building (art. 2.h),none,lot,,0,excluded,n/a,n/a,n/a,n/a,n/a,excluded,none,no,,,,
BOE-B-2026-38#2,BOE-B-2026-38,2,2026-01-01,5B,Patrimonio del Estado (DEH),Delegación de Economía y Hacienda en León,lote_header,land,excluded,land: not a building (art. 2.h),none,lot,,0,excluded,n/a,n/a,n/a,n/a,n/a,excluded,none,no,,,,
BOE-B-2026-38#20,BOE-B-2026-38,20,2026-01-01,5B,Patrimonio del Estado (DEH),Delegación de Economía y Hacienda en León,lote_header,land,excluded,land: not a building (art. 2.h),none,lot,,0,excluded,n/a,n/a,n/a,n/a,n/a,excluded,none,no,,,,
BOE-B-2026-38#21,BOE-B-2026-38,21,2026-01-01,5B,Patrimonio del Estado (DEH),Delegación de Economía y Hacienda en León,lote_header,land,excluded,land: not a building (art. 2.h),none,lot,,0,excluded,n/a,n/a,n/a,n/a,n/a,excluded,none,no,,,,
BOE-B-2026-38#22,BOE-B-2026-38,22,2026-01-01,5B,Patrimonio del Estado (DEH),Delegación de Economía y Hacienda en León,lote_header,land,excluded,land: not a building (art. 2.h),none,lot,,0,excluded,n/a,n/a,n/a,n/a,n/a,excluded,none,no,,,,
BOE-B-2026-38#23,BOE-B-2026-38,23,2026-01-01,5B,Patrimonio del Estado (DEH),Delegación de Economía y Hacienda en León,lote_header,land,excluded,land: not a building (art. 2.h),none,lot,,0,excluded,n/a,n/a,n/a,n/a,n/a,excluded,none,no,,,,
BOE-B-2026-38#24,BOE-B-2026-38,24,2026-01-01,5B,Patrimonio del Estado (DEH),Delegación de Economía y Hacienda en León,lote_header,land,excluded,land: not a building (art. 2.h),none,lot,,0,excluded,n/a,n/a,n/a,n/a,n/a,excluded,none,no,,,,
BOE-B-2026-38#25,BOE-B-2026-38,25,2026-01-01,5B,Patrimonio del Estado (DEH),Delegación de Economía y Hacienda en León,lote_header,land,excluded,land: not a building (art. 2.h),none,lot,,0,excluded,n/a,n/a,n/a,n/a,n/a,excluded,none,no,,,,
BOE-B-2026-38#26,BOE-B-2026-38,26,2026-01-01,5B,Patrimonio del Estado (DEH),Delegación de Economía y Hacienda en León,lote_header,land,excluded,land: not a building (art. 2.h),none,lot,,0,excluded,n/a,n/a,n/a,n/a,n/a,excluded,none,yes,R4,,none,land (rustic or unbuilt plot); confirmed
BOE-B-2026-38#27,BOE-B-2026-38,27,2026-01-01,5B,Patrimonio del Estado (DEH),Delegación de Economía y Hacienda en León,lote_header,land,excluded,land: not a building (art. 2.h),none,lot,,0,excluded,n/a,n/a,n/a,n/a,n/a,excluded,none,no,,,,
BOE-B-2026-38#28,BOE-B-2026-38,28,2026-01-01,5B,Patrimonio del Estado (DEH),Delegación de Economía y Hacienda en León,lote_header,land,excluded,land: not a building (art. 2.h),none,lot,,0,excluded,n/a,n/a,n/a,n/a,n/a,excluded,none,no,,,,
BOE-B-2026-38#29,BOE-B-2026-38,29,2026-01-01,5B,Patrimonio del Estado (DEH),Delegación de Economía y Hacienda en León,lote_header,land,excluded,land: not a building (art. 2.h),none,lot,,0,excluded,n/a,n/a,n/a,n/a,n/a,excluded,none,no,,,,
BOE-B-2026-38#3,BOE-B-2026-38,3,2026-01-01,5B,Patrimonio del Estado (DEH),Delegación de Economía y Hacienda en León,lote_header,land,excluded,land: not a building (art. 2.h),none,lot,,0,excluded,n/a,n/a,n/a,n/a,n/a,excluded,none,no,,,,
BOE-B-2026-38#30,BOE-B-2026-38,30,2026-01-01,5B,Patrimonio del Estado (DEH),Delegación de Economía y Hacienda en León,lote_header,land,excluded,land: not a building (art. 2.h),none,lot,,0,excluded,n/a,n/a,n/a,n/a,n/a,excluded,none,no,,,,
BOE-B-2026-38#31,BOE-B-2026-38,31,2026-01-01,5B,Patrimonio del Estado (DEH),Delegación de Economía y Hacienda en León,lote_header,land,excluded,land: not a building (art. 2.h),none,lot,,0,excluded,n/a,n/a,n/a,n/a,n/a,excluded,none,no,,,,
BOE-B-2026-38#32,BOE-B-2026-38,32,2026-01-01,5B,Patrimonio del Estado (DEH),Delegación de Economía y Hacienda en León,lote_header,land,excluded,land: not a building (art. 2.h),none,lot,,0,excluded,n/a,n/a,n/a,n/a,n/a,excluded,none,no,,,,
BOE-B-2026-38#33,BOE-B-2026-38,33,2026-01-01,5B,Patrimonio del Estado (DEH),Delegación de Economía y Hacienda en León,lote_header,land,excluded,land: not a building (art. 2.h),none,lot,,0,excluded,n/a,n/a,n/a,n/a,n/a,excluded,none,no,,,,
BOE-B-2026-38#34,BOE-B-2026-38,34,2026-01-01,5B,Patrimonio del Estado (DEH),Delegación de Economía y Hacienda en León,lote_header,land,excluded,land: not a building (art. 2.h),none,lot,,0,excluded,n/a,n/a,n/a,n/a,n/a,excluded,none,no,,,,
BOE-B-2026-38#35,BOE-B-2026-38,35,2026-01-01,5B,Patrimonio del Estado (DEH),Delegación de Economía y Hacienda en León,lote_header,land,excluded,land: not a building (art. 2.h),none,lot,,0,excluded,n/a,n/a,n/a,n/a,n/a,excluded,none,no,,,,
BOE-B-2026-38#36,BOE-B-2026-38,36,2026-01-01,5B,Patrimonio del Estado (DEH),Delegación de Economía y Hacienda en León,lote_header,land,excluded,land: not a building (art. 2.h),none,lot,,0,excluded,n/a,n/a,n/a,n/a,n/a,excluded,none,no,,,,
BOE-B-2026-38#37,BOE-B-2026-38,37,2026-01-01,5B,Patrimonio del Estado (DEH),Delegación de Economía y Hacienda en León,lote_header,land,excluded,land: not a building (art. 2.h),none,lot,,0,excluded,n/a,n/a,n/a,n/a,n/a,undeterminable,none,yes,R3,,scope undeterminable>excluded; type rural_with_construction>land,rustic plot; the construction word is part of the place name
BOE-B-2026-38#38,BOE-B-2026-38,38,2026-01-01,5B,Patrimonio del Estado (DEH),Delegación de Economía y Hacienda en León,lote_header,land,excluded,land: not a building (art. 2.h),none,lot,,0,excluded,n/a,n/a,n/a,n/a,n/a,excluded,none,no,,,,
BOE-B-2026-38#39,BOE-B-2026-38,39,2026-01-01,5B,Patrimonio del Estado (DEH),Delegación de Economía y Hacienda en León,lote_header,land,excluded,land: not a building (art. 2.h),none,lot,,0,excluded,n/a,n/a,n/a,n/a,n/a,excluded,none,no,,,,
BOE-B-2026-38#4,BOE-B-2026-38,4,2026-01-01,5B,Patrimonio del Estado (DEH),Delegación de Economía y Hacienda en León,lote_header,land,excluded,land: not a building (art. 2.h),none,lot,,0,excluded,n/a,n/a,n/a,n/a,n/a,excluded,none,no,,,,
BOE-B-2026-38#40,BOE-B-2026-38,40,2026-01-01,5B,Patrimonio del Estado (DEH),Delegación de Economía y Hacienda en León,lote_header,land,excluded,land: not a building (art. 2.h),none,lot,,0,excluded,n/a,n/a,n/a,n/a,n/a,excluded,none,no,,,,
BOE-B-2026-38#41,BOE-B-2026-38,41,2026-01-01,5B,Patrimonio del Estado (DEH),Delegación de Economía y Hacienda en León,lote_header,land,excluded,land: not a building (art. 2.h),none,lot,,0,excluded,n/a,n/a,n/a,n/a,n/a,excluded,none,no,,,,
BOE-B-2026-38#42,BOE-B-2026-38,42,2026-01-01,5B,Patrimonio del Estado (DEH),Delegación de Economía y Hacienda en León,lote_header,land,excluded,land: not a building (art. 2.h),none,lot,,0,excluded,n/a,n/a,n/a,n/a,n/a,excluded,none,no,,,,
BOE-B-2026-38#43,BOE-B-2026-38,43,2026-01-01,5B,Patrimonio del Estado (DEH),Delegación de Economía y Hacienda en León,lote_header,land,excluded,land: not a building (art. 2.h),none,lot,,0,excluded,n/a,n/a,n/a,n/a,n/a,excluded,none,no,,,,
BOE-B-2026-38#44,BOE-B-2026-38,44,2026-01-01,5B,Patrimonio del Estado (DEH),Delegación de Economía y Hacienda en León,lote_header,land,excluded,land: not a building (art. 2.h),none,lot,,0,excluded,n/a,n/a,n/a,n/a,n/a,excluded,none,no,,,,
BOE-B-2026-38#45,BOE-B-2026-38,45,2026-01-01,5B,Patrimonio del Estado (DEH),Delegación de Economía y Hacienda en León,lote_header,land,excluded,land: not a building (art. 2.h),none,lot,,0,excluded,n/a,n/a,n/a,n/a,n/a,excluded,none,no,,,,
BOE-B-2026-38#46,BOE-B-2026-38,46,2026-01-01,5B,Patrimonio del Estado (DEH),Delegación de Economía y Hacienda en León,lote_header,land,excluded,land: not a building (art. 2.h),none,lot,,0,excluded,n/a,n/a,n/a,n/a,n/a,excluded,none,no,,,,
BOE-B-2026-38#47,BOE-B-2026-38,47,2026-01-01,5B,Patrimonio del Estado (DEH),Delegación de Economía y Hacienda en León,lote_header,land,excluded,land: not a building (art. 2.h),none,lot,,0,excluded,n/a,n/a,n/a,n/a,n/a,excluded,none,no,,,,
BOE-B-2026-38#48,BOE-B-2026-38,48,2026-01-01,5B,Patrimonio del Estado (DEH),Delegación de Economía y Hacienda en León,lote_header,land,excluded,land: not a building (art. 2.h),none,lot,,0,excluded,n/a,n/a,n/a,n/a,n/a,excluded,none,no,,,,
BOE-B-2026-38#49,BOE-B-2026-38,49,2026-01-01,5B,Patrimonio del Estado (DEH),Delegación de Economía y Hacienda en León,lote_header,land,excluded,land: not a building (art. 2.h),none,lot,,0,excluded,n/a,n/a,n/a,n/a,n/a,undeterminable,none,yes,R3,,scope undeterminable>excluded; type rural_with_construction>land,rustic plot; the construction word is part of the place name
BOE-B-2026-38#5,BOE-B-2026-38,5,2026-01-01,5B,Patrimonio del Estado (DEH),Delegación de Economía y Hacienda en León,lote_header,land,excluded,land: not a building (art. 2.h),none,lot,,0,excluded,n/a,n/a,n/a,n/a,n/a,excluded,none,no,,,,
BOE-B-2026-38#50,BOE-B-2026-38,50,2026-01-01,5B,Patrimonio del Estado (DEH),Delegación de Economía y Hacienda en León,lote_header,land,excluded,land: not a building (art. 2.h),none,lot,,0,excluded,n/a,n/a,n/a,n/a,n/a,excluded,none,no,,,,
BOE-B-2026-38#51,BOE-B-2026-38,51,2026-01-01,5B,Patrimonio del Estado (DEH),Delegación de Economía y Hacienda en León,lote_header,land,excluded,land: not a building (art. 2.h),none,lot,,0,excluded,n/a,n/a,n/a,n/a,n/a,excluded,none,no,,,,
BOE-B-2026-38#52,BOE-B-2026-38,52,2026-01-01,5B,Patrimonio del Estado (DEH),Delegación de Economía y Hacienda en León,lote_header,land,excluded,land: not a building (art. 2.h),none,lot,,0,excluded,n/a,n/a,n/a,n/a,n/a,excluded,none,no,,,,
BOE-B-2026-38#53,BOE-B-2026-38,53,2026-01-01,5B,Patrimonio del Estado (DEH),Delegación de Economía y Hacienda en León,lote_header,land,excluded,land: not a building (art. 2.h),none,lot,,0,excluded,n/a,n/a,n/a,n/a,n/a,excluded,none,no,,,,
BOE-B-2026-38#54,BOE-B-2026-38,54,2026-01-01,5B,Patrimonio del Estado (DEH),Delegación de Economía y Hacienda en León,lote_header,land,excluded,land: not a building (art. 2.h),none,lot,,0,excluded,n/a,n/a,n/a,n/a,n/a,excluded,none,no,,,,
BOE-B-2026-38#55,BOE-B-2026-38,55,2026-01-01,5B,Patrimonio del Estado (DEH),Delegación de Economía y Hacienda en León,lote_header,land,excluded,land: not a building (art. 2.h),none,lot,,0,excluded,n/a,n/a,n/a,n/a,n/a,excluded,none,no,,,,
BOE-B-2026-38#56,BOE-B-2026-38,56,2026-01-01,5B,Patrimonio del Estado (DEH),Delegación de Economía y Hacienda en León,lote_header,land,excluded,land: not a building (art. 2.h),none,lot,,0,excluded,n/a,n/a,n/a,n/a,n/a,excluded,none,no,,,,
BOE-B-2026-38#57,BOE-B-2026-38,57,2026-01-01,5B,Patrimonio del Estado (DEH),Delegación de Economía y Hacienda en León,lote_header,land,excluded,land: not a building (art. 2.h),none,lot,,0,excluded,n/a,n/a,n/a,n/a,n/a,excluded,none,no,,,,
BOE-B-2026-38#58,BOE-B-2026-38,58,2026-01-01,5B,Patrimonio del Estado (DEH),Delegación de Economía y Hacienda en León,lote_header,land,excluded,land: not a building (art. 2.h),none,lot,,0,excluded,n/a,n/a,n/a,n/a,n/a,excluded,none,no,,,,
BOE-B-2026-38#6,BOE-B-2026-38,6,2026-01-01,5B,Patrimonio del Estado (DEH),Delegación de Economía y Hacienda en León,lote_header,land,excluded,land: not a building (art. 2.h),none,lot,,0,excluded,n/a,n/a,n/a,n/a,n/a,excluded,none,no,,,,
BOE-B-2026-38#7,BOE-B-2026-38,7,2026-01-01,5B,Patrimonio del Estado (DEH),Delegación de Economía y Hacienda en León,lote_header,land,excluded,land: not a building (art. 2.h),none,lot,,0,excluded,n/a,n/a,n/a,n/a,n/a,excluded,none,no,,,,
BOE-B-2026-38#8,BOE-B-2026-38,8,2026-01-01,5B,Patrimonio del Estado (DEH),Delegación de Economía y Hacienda en León,lote_header,land,excluded,land: not a building (art. 2.h),none,lot,,0,excluded,n/a,n/a,n/a,n/a,n/a,excluded,none,no,,,,
BOE-B-2026-38#9,BOE-B-2026-38,9,2026-01-01,5B,Patrimonio del Estado (DEH),Delegación de Economía y Hacienda en León,lote_header,land,excluded,land: not a building (art. 2.h),none,lot,,0,excluded,n/a,n/a,n/a,n/a,n/a,excluded,none,no,,,,
BOE-B-2026-39#1,BOE-B-2026-39,1,2026-01-01,5B,Patrimonio del Estado (DEH),Delegación de Economía y Hacienda en León,lote_header,residential,covered,,none,lot,,0,no,no,no,no,no,no,covered,none,yes,R1,,none,dwelling in a building; no energy statement
BOE-B-2026-39#2,BOE-B-2026-39,2,2026-01-01,5B,Patrimonio del Estado (DEH),Delegación de Economía y Hacienda en León,lote_header,land,excluded,land: not a building (art. 2.h),none,lot,,0,excluded,n/a,n/a,n/a,n/a,n/a,excluded,none,no,,,,
BOE-B-2026-39#3,BOE-B-2026-39,3,2026-01-01,5B,Patrimonio del Estado (DEH),Delegación de Economía y Hacienda en León,lote_header,land,excluded,land: not a building (art. 2.h),none,lot,,0,excluded,n/a,n/a,n/a,n/a,n/a,excluded,none,no,,,,
BOE-B-2026-39#4,BOE-B-2026-39,4,2026-01-01,5B,Patrimonio del Estado (DEH),Delegación de Economía y Hacienda en León,lote_header,land,excluded,land: not a building (art. 2.h),none,lot,,0,excluded,n/a,n/a,n/a,n/a,n/a,undeterminable,none,yes,R3,,scope undeterminable>excluded; type rural_with_construction>land,rustic plot; the construction word is part of the place name
BOE-B-2026-39#5,BOE-B-2026-39,5,2026-01-01,5B,Patrimonio del Estado (DEH),Delegación de Economía y Hacienda en León,lote_header,land,excluded,land: not a building (art. 2.h),none,lot,,0,excluded,n/a,n/a,n/a,n/a,n/a,excluded,none,no,,,,
BOE-B-2026-40#1,BOE-B-2026-40,1,2026-01-01,5B,Patrimonio del Estado (DEH),Delegación de Economía y Hacienda en León,lote_header,garage,excluded,garage or storage room (MITECO FAQ v6.0 no. 14),none,lot,,0,excluded,n/a,n/a,n/a,n/a,n/a,undeterminable,none,yes,R3,,scope undeterminable>excluded; type commercial>garage,1/42 undivided share of a basement garage
BOE-B-2026-40#10,BOE-B-2026-40,10,2026-01-01,5B,Patrimonio del Estado (DEH),Delegación de Economía y Hacienda en León,lote_header,garage,excluded,garage or storage room (MITECO FAQ v6.0 no. 14),none,lot,,0,excluded,n/a,n/a,n/a,n/a,n/a,undeterminable,none,yes,R3,,scope undeterminable>excluded; type commercial>garage,1/42 undivided share of a basement garage
BOE-B-2026-40#11,BOE-B-2026-40,11,2026-01-01,5B,Patrimonio del Estado (DEH),Delegación de Economía y Hacienda en León,lote_header,garage,excluded,garage or storage room (MITECO FAQ v6.0 no. 14),none,lot,,0,excluded,n/a,n/a,n/a,n/a,n/a,undeterminable,none,yes,R3,,scope undeterminable>excluded; type commercial>garage,1/42 undivided share of a basement garage
BOE-B-2026-40#12,BOE-B-2026-40,12,2026-01-01,5B,Patrimonio del Estado (DEH),Delegación de Economía y Hacienda en León,lote_header,garage,excluded,garage or storage room (MITECO FAQ v6.0 no. 14),none,lot,,0,excluded,n/a,n/a,n/a,n/a,n/a,undeterminable,none,yes,R3,,scope undeterminable>excluded; type commercial>garage,1/42 undivided share of a basement garage
BOE-B-2026-40#13,BOE-B-2026-40,13,2026-01-01,5B,Patrimonio del Estado (DEH),Delegación de Economía y Hacienda en León,lote_header,garage,excluded,garage or storage room (MITECO FAQ v6.0 no. 14),none,lot,,0,excluded,n/a,n/a,n/a,n/a,n/a,undeterminable,none,yes,R3,,scope undeterminable>excluded; type commercial>garage,1/42 undivided share of a basement garage
BOE-B-2026-40#2,BOE-B-2026-40,2,2026-01-01,5B,Patrimonio del Estado (DEH),Delegación de Economía y Hacienda en León,lote_header,garage,excluded,garage or storage room (MITECO FAQ v6.0 no. 14),none,lot,,0,excluded,n/a,n/a,n/a,n/a,n/a,undeterminable,none,yes,R3,,scope undeterminable>excluded; type commercial>garage,1/42 undivided share of a basement garage
BOE-B-2026-40#3,BOE-B-2026-40,3,2026-01-01,5B,Patrimonio del Estado (DEH),Delegación de Economía y Hacienda en León,lote_header,garage,excluded,garage or storage room (MITECO FAQ v6.0 no. 14),none,lot,,0,excluded,n/a,n/a,n/a,n/a,n/a,undeterminable,none,yes,R3,,scope undeterminable>excluded; type commercial>garage,1/42 undivided share of a basement garage
BOE-B-2026-40#4,BOE-B-2026-40,4,2026-01-01,5B,Patrimonio del Estado (DEH),Delegación de Economía y Hacienda en León,lote_header,garage,excluded,garage or storage room (MITECO FAQ v6.0 no. 14),none,lot,,0,excluded,n/a,n/a,n/a,n/a,n/a,undeterminable,none,yes,R3,,scope undeterminable>excluded; type commercial>garage,1/42 undivided share of a basement garage
BOE-B-2026-40#5,BOE-B-2026-40,5,2026-01-01,5B,Patrimonio del Estado (DEH),Delegación de Economía y Hacienda en León,lote_header,garage,excluded,garage or storage room (MITECO FAQ v6.0 no. 14),none,lot,,0,excluded,n/a,n/a,n/a,n/a,n/a,undeterminable,none,yes,R3,,scope undeterminable>excluded; type commercial>garage,1/42 undivided share of a basement garage
BOE-B-2026-40#6,BOE-B-2026-40,6,2026-01-01,5B,Patrimonio del Estado (DEH),Delegación de Economía y Hacienda en León,lote_header,garage,excluded,garage or storage room (MITECO FAQ v6.0 no. 14),none,lot,,0,excluded,n/a,n/a,n/a,n/a,n/a,undeterminable,none,yes,R3,,scope undeterminable>excluded; type commercial>garage,1/42 undivided share of a basement garage
BOE-B-2026-40#7,BOE-B-2026-40,7,2026-01-01,5B,Patrimonio del Estado (DEH),Delegación de Economía y Hacienda en León,lote_header,garage,excluded,garage or storage room (MITECO FAQ v6.0 no. 14),none,lot,,0,excluded,n/a,n/a,n/a,n/a,n/a,undeterminable,none,yes,R3,,scope undeterminable>excluded; type commercial>garage,1/42 undivided share of a basement garage
BOE-B-2026-40#8,BOE-B-2026-40,8,2026-01-01,5B,Patrimonio del Estado (DEH),Delegación de Economía y Hacienda en León,lote_header,garage,excluded,garage or storage room (MITECO FAQ v6.0 no. 14),none,lot,,0,excluded,n/a,n/a,n/a,n/a,n/a,undeterminable,none,yes,R3,,scope undeterminable>excluded; type commercial>garage,1/42 undivided share of a basement garage
BOE-B-2026-40#9,BOE-B-2026-40,9,2026-01-01,5B,Patrimonio del Estado (DEH),Delegación de Economía y Hacienda en León,lote_header,garage,excluded,garage or storage room (MITECO FAQ v6.0 no. 14),none,lot,,0,excluded,n/a,n/a,n/a,n/a,n/a,undeterminable,none,yes,R3,,scope undeterminable>excluded; type commercial>garage,1/42 undivided share of a basement garage
BOE-B-2026-227#1,BOE-B-2026-227,1,2026-01-05,5B,Patrimonio del Estado (DEH),Delegación Especial de Economía y Hacienda en Asturias,lote_header,residential,covered,,rating,lot,E,1,yes,yes,yes,yes,yes,yes,covered,rating,no,,,,
BOE-B-2026-227#10,BOE-B-2026-227,10,2026-01-05,5B,Patrimonio del Estado (DEH),Delegación Especial de Economía y Hacienda en Asturias,lote_header,land,excluded,land: not a building (art. 2.h),none,lot,,0,excluded,n/a,n/a,n/a,n/a,n/a,excluded,none,no,,,,
BOE-B-2026-227#11,BOE-B-2026-227,11,2026-01-05,5B,Patrimonio del Estado (DEH),Delegación Especial de Economía y Hacienda en Asturias,lote_header,land,excluded,land: not a building (art. 2.h),none,lot,,0,excluded,n/a,n/a,n/a,n/a,n/a,excluded,none,no,,,,
BOE-B-2026-227#2,BOE-B-2026-227,2,2026-01-05,5B,Patrimonio del Estado (DEH),Delegación Especial de Economía y Hacienda en Asturias,lote_header,residential,covered,,rating,lot,E,1,yes,yes,yes,yes,yes,yes,covered,rating,yes,R2,,none,rating letter(s) stated in the lot; confirmed
BOE-B-2026-227#3,BOE-B-2026-227,3,2026-01-05,5B,Patrimonio del Estado (DEH),Delegación Especial de Economía y Hacienda en Asturias,lote_header,garage,excluded,garage or storage room (MITECO FAQ v6.0 no. 14),none,lot,,0,excluded,n/a,n/a,n/a,n/a,n/a,excluded,none,yes,R4,,none,garage or parking space; confirmed
BOE-B-2026-227#4,BOE-B-2026-227,4,2026-01-05,5B,Patrimonio del Estado (DEH),Delegación Especial de Economía y Hacienda en Asturias,lote_header,residential,covered,,rating,lot,E,1,yes,yes,yes,yes,yes,yes,covered,rating,no,,,,
BOE-B-2026-227#5,BOE-B-2026-227,5,2026-01-05,5B,Patrimonio del Estado (DEH),Delegación Especial de Economía y Hacienda en Asturias,lote_header,residential,covered,,rating,lot,E,1,yes,yes,yes,yes,yes,yes,covered,rating,no,,,,
BOE-B-2026-227#6,BOE-B-2026-227,6,2026-01-05,5B,Patrimonio del Estado (DEH),Delegación Especial de Economía y Hacienda en Asturias,lote_header,ruin,excluded,declared exempt by the seller,exempt_declared,lot,,0,excluded,n/a,n/a,n/a,n/a,no,excluded,exempt_declared,yes,R4,ruin,none,26 m2 flat in ruinous state declared exempt without a ground
BOE-B-2026-227#7,BOE-B-2026-227,7,2026-01-05,5B,Patrimonio del Estado (DEH),Delegación Especial de Economía y Hacienda en Asturias,lote_header,land,excluded,land: not a building (art. 2.h),none,lot,,0,excluded,n/a,n/a,n/a,n/a,n/a,excluded,none,no,,,,
BOE-B-2026-227#8,BOE-B-2026-227,8,2026-01-05,5B,Patrimonio del Estado (DEH),Delegación Especial de Economía y Hacienda en Asturias,lote_header,land,excluded,land: not a building (art. 2.h),none,lot,,0,excluded,n/a,n/a,n/a,n/a,n/a,excluded,none,no,,,,
BOE-B-2026-227#9,BOE-B-2026-227,9,2026-01-05,5B,Patrimonio del Estado (DEH),Delegación Especial de Economía y Hacienda en Asturias,lote_header,land,excluded,land: not a building (art. 2.h),none,lot,,0,excluded,n/a,n/a,n/a,n/a,n/a,excluded,none,no,,,,
BOE-B-2026-666#1,BOE-B-2026-666,1,2026-01-13,5B,Patrimonio del Estado (DEH),Delegación de Economía y Hacienda en Valencia (Unidad de Patrimonio del Estado),single,land,drop,excluded notice kind: direct_named,none,lot,,0,dropped,n/a,n/a,n/a,n/a,n/a,excluded,none,yes,extra,,scope excluded>drop,"direct adjudication to a party who showed interest (art. 137.4 LPAP); not an offer to the public (rule §1.1, direct_named)"
BOE-B-2026-1336#1,BOE-B-2026-1336,1,2026-01-20,5B,FOGASA,Fondo de Garantía Salarial O.A. (FOGASA),lote_header,industrial_agricultural,undeterminable,industrial complex with parts of unstated use (art. 3.2.c applies only to low-demand parts),none,lot,,0,undeterminable,n/a,n/a,n/a,n/a,n/a,excluded,none,yes,R4,,scope excluded>undeterminable,industrial complex with a 204 m2 front pavilion of unstated use and two sheds; FAQ no. 17 requires offices of 50 m2 or more in industrial buildings to be certified
BOE-B-2026-1343#1,BOE-B-2026-1343,1,2026-01-20,5B,TGSS,Dirección Provincial de la Tesorería General de la Seguridad Social de Cádiz,lote_header,commercial,covered,,rating,lot,C,1,yes,yes,yes,yes,yes,yes,covered,rating,yes,R2,,none,rating letter(s) stated in the lot; confirmed
BOE-B-2026-1343#2,BOE-B-2026-1343,2,2026-01-20,5B,TGSS,Dirección Provincial de la Tesorería General de la Seguridad Social de Cádiz,lote_header,commercial,covered,,rating,lot,C,1,yes,yes,yes,yes,yes,yes,covered,rating,no,,,,
BOE-B-2026-1413#1,BOE-B-2026-1413,1,2026-01-21,5B,TGSS,Dirección Provincial de la Tesorería General de la Seguridad Social de Illes Balears,single,garage,excluded,garage or storage room (MITECO FAQ v6.0 no. 14),exempt_declared,lot,,0,excluded,n/a,n/a,n/a,n/a,n/a,excluded,exempt_declared,yes,R4,guidance_garage_storage,none,garage space with storage room declared exempt
BOE-B-2026-2415#?,BOE-B-2026-2415,?,2026-01-30,5B,Other public bodies,Organismo Autónomo Parques Nacionales,not_described,unknown,drop,,none,lot,,0,dropped,n/a,n/a,n/a,n/a,n/a,undeterminable,none,yes,R3,,scope undeterminable>drop,"sale of beekeeping rights (aprovechamiento), not of property"
BOE-B-2026-2418#1,BOE-B-2026-2418,1,2026-01-30,5B,TGSS,Dirección Provincial de la Tesorería General de la Seguridad Social de Valladolid,lote_header,commercial,covered,,rating,lot,G,1,yes,yes,yes,yes,yes,yes,covered,rating,yes,R2,,none,rating letter(s) stated in the lot; confirmed
BOE-B-2026-2418#2,BOE-B-2026-2418,2,2026-01-30,5B,TGSS,Dirección Provincial de la Tesorería General de la Seguridad Social de Valladolid,lote_header,commercial,covered,,rating,lot,G,1,yes,yes,yes,yes,yes,yes,covered,rating,no,,,,
BOE-B-2026-2873#?,BOE-B-2026-2873,?,2026-02-02,5B,TGSS,Dirección Provincial de la Tesorería General de la Seguridad Social de Valladolid,unsplit,commercial,covered,,rating,lot,C,1,yes,yes,yes,yes,yes,yes,covered,rating,yes,extra,,none,"one premises made of several registered fincas joined physically, so one lot; rating stated"
BOE-B-2026-3823#1,BOE-B-2026-3823,1,2026-02-10,5B,Patrimonio del Estado (DEH),Delegación de Economía y Hacienda en Badajoz,lote_header,residential,excluded,declared exempt by the seller,exempt_declared,lot,,0,excluded,n/a,n/a,n/a,n/a,n/a,excluded,exempt_declared,yes,R4,3.2.e,none,52 m2 house declared exempt under art. 3.2.e (re-auction of BOE-B-2025-35396 lot 1)
BOE-B-2026-3823#2,BOE-B-2026-3823,2,2026-02-10,5B,Patrimonio del Estado (DEH),Delegación de Economía y Hacienda en Badajoz,lote_header,residential,excluded,declared exempt by the seller,exempt_declared,lot,,0,excluded,n/a,n/a,n/a,no,no,excluded,exempt_declared,yes,R4,3.2.e_part,none,"ground floor of a house declared exempt under art. 3.2.e (re-auction of BOE-B-2025-35396 lot 2); art. 3.2.e gives the declaration to «el propietario del edificio o de parte del edificio», so the owner-seller's declaration for a part is accepted; the non-binding MITECO FAQ no. 7 reads the exclusion as whole buildings only (sensitivity)"
BOE-B-2026-3823#3,BOE-B-2026-3823,3,2026-02-10,5B,Patrimonio del Estado (DEH),Delegación de Economía y Hacienda en Badajoz,lote_header,industrial_agricultural,excluded,industrial/agricultural non-residential (art. 3.2.c),none,lot,,0,excluded,n/a,n/a,n/a,n/a,n/a,excluded,none,yes,extra,,type land>industrial_agricultural,rustic estate with an agricultural shed and lean-to of 338 m2 (low energy demand) (found by the targeted search)
BOE-B-2026-3823#4,BOE-B-2026-3823,4,2026-02-10,5B,Patrimonio del Estado (DEH),Delegación de Economía y Hacienda en Badajoz,lote_header,land,excluded,land: not a building (art. 2.h),none,lot,,0,excluded,n/a,n/a,n/a,n/a,n/a,excluded,none,no,,,,
BOE-B-2026-3823#5,BOE-B-2026-3823,5,2026-02-10,5B,Patrimonio del Estado (DEH),Delegación de Economía y Hacienda en Badajoz,lote_header,land,excluded,land: not a building (art. 2.h),none,lot,,0,excluded,n/a,n/a,n/a,n/a,n/a,excluded,none,no,,,,
BOE-B-2026-3823#6,BOE-B-2026-3823,6,2026-02-10,5B,Patrimonio del Estado (DEH),Delegación de Economía y Hacienda en Badajoz,lote_header,land,excluded,land: not a building (art. 2.h),none,lot,,0,excluded,n/a,n/a,n/a,n/a,n/a,excluded,none,no,,,,
BOE-B-2026-3926#1,BOE-B-2026-3926,1,2026-02-11,5B,Patrimonio del Estado (DEH),Delegación de Economía y Hacienda en Ourense,numbered,land,excluded,land: not a building (art. 2.h),none,lot,,0,excluded,n/a,n/a,n/a,n/a,n/a,excluded,none,no,,,,
BOE-B-2026-3926#10,BOE-B-2026-3926,10,2026-02-11,5B,Patrimonio del Estado (DEH),Delegación de Economía y Hacienda en Ourense,numbered,land,excluded,land: not a building (art. 2.h),none,lot,,0,excluded,n/a,n/a,n/a,n/a,n/a,excluded,none,no,,,,
BOE-B-2026-3926#11,BOE-B-2026-3926,11,2026-02-11,5B,Patrimonio del Estado (DEH),Delegación de Economía y Hacienda en Ourense,numbered,land,excluded,land: not a building (art. 2.h),none,lot,,0,excluded,n/a,n/a,n/a,n/a,n/a,excluded,none,no,,,,
BOE-B-2026-3926#12,BOE-B-2026-3926,12,2026-02-11,5B,Patrimonio del Estado (DEH),Delegación de Economía y Hacienda en Ourense,numbered,land,excluded,land: not a building (art. 2.h),none,lot,,0,excluded,n/a,n/a,n/a,n/a,n/a,excluded,none,no,,,,
BOE-B-2026-3926#13,BOE-B-2026-3926,13,2026-02-11,5B,Patrimonio del Estado (DEH),Delegación de Economía y Hacienda en Ourense,numbered,land,excluded,land: not a building (art. 2.h),none,lot,,0,excluded,n/a,n/a,n/a,n/a,n/a,excluded,none,no,,,,
BOE-B-2026-3926#14,BOE-B-2026-3926,14,2026-02-11,5B,Patrimonio del Estado (DEH),Delegación de Economía y Hacienda en Ourense,numbered,land,excluded,land: not a building (art. 2.h),none,lot,,0,excluded,n/a,n/a,n/a,n/a,n/a,excluded,none,no,,,,
BOE-B-2026-3926#15,BOE-B-2026-3926,15,2026-02-11,5B,Patrimonio del Estado (DEH),Delegación de Economía y Hacienda en Ourense,numbered,land,excluded,land: not a building (art. 2.h),none,lot,,0,excluded,n/a,n/a,n/a,n/a,n/a,excluded,none,no,,,,
BOE-B-2026-3926#16,BOE-B-2026-3926,16,2026-02-11,5B,Patrimonio del Estado (DEH),Delegación de Economía y Hacienda en Ourense,numbered,land,excluded,land: not a building (art. 2.h),none,lot,,0,excluded,n/a,n/a,n/a,n/a,n/a,excluded,none,no,,,,
BOE-B-2026-3926#17,BOE-B-2026-3926,17,2026-02-11,5B,Patrimonio del Estado (DEH),Delegación de Economía y Hacienda en Ourense,numbered,land,excluded,land: not a building (art. 2.h),none,lot,,0,excluded,n/a,n/a,n/a,n/a,n/a,excluded,none,no,,,,
BOE-B-2026-3926#18,BOE-B-2026-3926,18,2026-02-11,5B,Patrimonio del Estado (DEH),Delegación de Economía y Hacienda en Ourense,numbered,land,excluded,land: not a building (art. 2.h),none,lot,,0,excluded,n/a,n/a,n/a,n/a,n/a,excluded,none,no,,,,
BOE-B-2026-3926#19,BOE-B-2026-3926,19,2026-02-11,5B,Patrimonio del Estado (DEH),Delegación de Economía y Hacienda en Ourense,numbered,land,excluded,land: not a building (art. 2.h),none,lot,,0,excluded,n/a,n/a,n/a,n/a,n/a,excluded,none,no,,,,
BOE-B-2026-3926#2,BOE-B-2026-3926,2,2026-02-11,5B,Patrimonio del Estado (DEH),Delegación de Economía y Hacienda en Ourense,numbered,land,excluded,land: not a building (art. 2.h),none,lot,,0,excluded,n/a,n/a,n/a,n/a,n/a,excluded,none,no,,,,
BOE-B-2026-3926#20,BOE-B-2026-3926,20,2026-02-11,5B,Patrimonio del Estado (DEH),Delegación de Economía y Hacienda en Ourense,numbered,land,excluded,land: not a building (art. 2.h),none,lot,,0,excluded,n/a,n/a,n/a,n/a,n/a,excluded,none,no,,,,
BOE-B-2026-3926#21,BOE-B-2026-3926,21,2026-02-11,5B,Patrimonio del Estado (DEH),Delegación de Economía y Hacienda en Ourense,numbered,land,excluded,land: not a building (art. 2.h),none,lot,,0,excluded,n/a,n/a,n/a,n/a,n/a,excluded,none,no,,,,
BOE-B-2026-3926#22,BOE-B-2026-3926,22,2026-02-11,5B,Patrimonio del Estado (DEH),Delegación de Economía y Hacienda en Ourense,numbered,land,excluded,land: not a building (art. 2.h),none,lot,,0,excluded,n/a,n/a,n/a,n/a,n/a,excluded,none,no,,,,
BOE-B-2026-3926#23,BOE-B-2026-3926,23,2026-02-11,5B,Patrimonio del Estado (DEH),Delegación de Economía y Hacienda en Ourense,numbered,land,excluded,land: not a building (art. 2.h),none,lot,,0,excluded,n/a,n/a,n/a,n/a,n/a,excluded,none,no,,,,
BOE-B-2026-3926#24,BOE-B-2026-3926,24,2026-02-11,5B,Patrimonio del Estado (DEH),Delegación de Economía y Hacienda en Ourense,numbered,land,excluded,land: not a building (art. 2.h),none,lot,,0,excluded,n/a,n/a,n/a,n/a,n/a,excluded,none,no,,,,
BOE-B-2026-3926#25,BOE-B-2026-3926,25,2026-02-11,5B,Patrimonio del Estado (DEH),Delegación de Economía y Hacienda en Ourense,numbered,land,excluded,land: not a building (art. 2.h),none,lot,,0,excluded,n/a,n/a,n/a,n/a,n/a,excluded,none,no,,,,
BOE-B-2026-3926#26,BOE-B-2026-3926,26,2026-02-11,5B,Patrimonio del Estado (DEH),Delegación de Economía y Hacienda en Ourense,numbered,land,excluded,land: not a building (art. 2.h),none,lot,,0,excluded,n/a,n/a,n/a,n/a,n/a,undeterminable,none,yes,R3,,scope undeterminable>excluded; type rural_with_construction>land,rustic plot; the construction word is part of the place name
BOE-B-2026-3926#27,BOE-B-2026-3926,27,2026-02-11,5B,Patrimonio del Estado (DEH),Delegación de Economía y Hacienda en Ourense,numbered,land,excluded,land: not a building (art. 2.h),none,lot,,0,excluded,n/a,n/a,n/a,n/a,n/a,excluded,none,no,,,,
BOE-B-2026-3926#28,BOE-B-2026-3926,28,2026-02-11,5B,Patrimonio del Estado (DEH),Delegación de Economía y Hacienda en Ourense,numbered,land,excluded,land: not a building (art. 2.h),none,lot,,0,excluded,n/a,n/a,n/a,n/a,n/a,excluded,none,no,,,,
BOE-B-2026-3926#29,BOE-B-2026-3926,29,2026-02-11,5B,Patrimonio del Estado (DEH),Delegación de Economía y Hacienda en Ourense,numbered,land,excluded,land: not a building (art. 2.h),none,lot,,0,excluded,n/a,n/a,n/a,n/a,n/a,excluded,none,no,,,,
BOE-B-2026-3926#3,BOE-B-2026-3926,3,2026-02-11,5B,Patrimonio del Estado (DEH),Delegación de Economía y Hacienda en Ourense,numbered,land,excluded,land: not a building (art. 2.h),none,lot,,0,excluded,n/a,n/a,n/a,n/a,n/a,excluded,none,no,,,,
BOE-B-2026-3926#30,BOE-B-2026-3926,30,2026-02-11,5B,Patrimonio del Estado (DEH),Delegación de Economía y Hacienda en Ourense,numbered,land,excluded,land: not a building (art. 2.h),none,lot,,0,excluded,n/a,n/a,n/a,n/a,n/a,excluded,none,no,,,,
BOE-B-2026-3926#31,BOE-B-2026-3926,31,2026-02-11,5B,Patrimonio del Estado (DEH),Delegación de Economía y Hacienda en Ourense,numbered,land,excluded,land: not a building (art. 2.h),none,lot,,0,excluded,n/a,n/a,n/a,n/a,n/a,excluded,none,no,,,,
BOE-B-2026-3926#32,BOE-B-2026-3926,32,2026-02-11,5B,Patrimonio del Estado (DEH),Delegación de Economía y Hacienda en Ourense,numbered,land,excluded,land: not a building (art. 2.h),none,lot,,0,excluded,n/a,n/a,n/a,n/a,n/a,excluded,none,no,,,,
BOE-B-2026-3926#33,BOE-B-2026-3926,33,2026-02-11,5B,Patrimonio del Estado (DEH),Delegación de Economía y Hacienda en Ourense,numbered,land,excluded,land: not a building (art. 2.h),none,lot,,0,excluded,n/a,n/a,n/a,n/a,n/a,excluded,none,no,,,,
BOE-B-2026-3926#34,BOE-B-2026-3926,34,2026-02-11,5B,Patrimonio del Estado (DEH),Delegación de Economía y Hacienda en Ourense,numbered,land,excluded,land: not a building (art. 2.h),none,lot,,0,excluded,n/a,n/a,n/a,n/a,n/a,excluded,none,no,,,,
BOE-B-2026-3926#35,BOE-B-2026-3926,35,2026-02-11,5B,Patrimonio del Estado (DEH),Delegación de Economía y Hacienda en Ourense,numbered,land,excluded,land: not a building (art. 2.h),none,lot,,0,excluded,n/a,n/a,n/a,n/a,n/a,excluded,none,no,,,,
BOE-B-2026-3926#36,BOE-B-2026-3926,36,2026-02-11,5B,Patrimonio del Estado (DEH),Delegación de Economía y Hacienda en Ourense,numbered,land,excluded,land: not a building (art. 2.h),none,lot,,0,excluded,n/a,n/a,n/a,n/a,n/a,excluded,none,no,,,,
BOE-B-2026-3926#37,BOE-B-2026-3926,37,2026-02-11,5B,Patrimonio del Estado (DEH),Delegación de Economía y Hacienda en Ourense,numbered,land,excluded,land: not a building (art. 2.h),none,lot,,0,excluded,n/a,n/a,n/a,n/a,n/a,excluded,none,no,,,,
BOE-B-2026-3926#38,BOE-B-2026-3926,38,2026-02-11,5B,Patrimonio del Estado (DEH),Delegación de Economía y Hacienda en Ourense,numbered,land,excluded,land: not a building (art. 2.h),none,lot,,0,excluded,n/a,n/a,n/a,n/a,n/a,excluded,none,no,,,,
BOE-B-2026-3926#39,BOE-B-2026-3926,39,2026-02-11,5B,Patrimonio del Estado (DEH),Delegación de Economía y Hacienda en Ourense,numbered,land,excluded,land: not a building (art. 2.h),none,lot,,0,excluded,n/a,n/a,n/a,n/a,n/a,excluded,none,no,,,,
BOE-B-2026-3926#4,BOE-B-2026-3926,4,2026-02-11,5B,Patrimonio del Estado (DEH),Delegación de Economía y Hacienda en Ourense,numbered,land,excluded,land: not a building (art. 2.h),none,lot,,0,excluded,n/a,n/a,n/a,n/a,n/a,excluded,none,no,,,,
BOE-B-2026-3926#40,BOE-B-2026-3926,40,2026-02-11,5B,Patrimonio del Estado (DEH),Delegación de Economía y Hacienda en Ourense,numbered,land,excluded,land: not a building (art. 2.h),none,lot,,0,excluded,n/a,n/a,n/a,n/a,n/a,excluded,none,no,,,,
BOE-B-2026-3926#41,BOE-B-2026-3926,41,2026-02-11,5B,Patrimonio del Estado (DEH),Delegación de Economía y Hacienda en Ourense,numbered,land,excluded,land: not a building (art. 2.h),none,lot,,0,excluded,n/a,n/a,n/a,n/a,n/a,excluded,none,no,,,,
BOE-B-2026-3926#42,BOE-B-2026-3926,42,2026-02-11,5B,Patrimonio del Estado (DEH),Delegación de Economía y Hacienda en Ourense,numbered,land,excluded,land: not a building (art. 2.h),none,lot,,0,excluded,n/a,n/a,n/a,n/a,n/a,excluded,none,no,,,,
BOE-B-2026-3926#43,BOE-B-2026-3926,43,2026-02-11,5B,Patrimonio del Estado (DEH),Delegación de Economía y Hacienda en Ourense,numbered,land,excluded,land: not a building (art. 2.h),none,lot,,0,excluded,n/a,n/a,n/a,n/a,n/a,excluded,none,no,,,,
BOE-B-2026-3926#44,BOE-B-2026-3926,44,2026-02-11,5B,Patrimonio del Estado (DEH),Delegación de Economía y Hacienda en Ourense,numbered,land,excluded,land: not a building (art. 2.h),none,lot,,0,excluded,n/a,n/a,n/a,n/a,n/a,excluded,none,yes,R4,,none,land (rustic or unbuilt plot); confirmed
BOE-B-2026-3926#45,BOE-B-2026-3926,45,2026-02-11,5B,Patrimonio del Estado (DEH),Delegación de Economía y Hacienda en Ourense,numbered,land,excluded,land: not a building (art. 2.h),none,lot,,0,excluded,n/a,n/a,n/a,n/a,n/a,excluded,none,no,,,,
BOE-B-2026-3926#46,BOE-B-2026-3926,46,2026-02-11,5B,Patrimonio del Estado (DEH),Delegación de Economía y Hacienda en Ourense,numbered,land,excluded,land: not a building (art. 2.h),none,lot,,0,excluded,n/a,n/a,n/a,n/a,n/a,excluded,none,no,,,,
BOE-B-2026-3926#47,BOE-B-2026-3926,47,2026-02-11,5B,Patrimonio del Estado (DEH),Delegación de Economía y Hacienda en Ourense,numbered,land,excluded,land: not a building (art. 2.h),none,lot,,0,excluded,n/a,n/a,n/a,n/a,n/a,excluded,none,no,,,,
BOE-B-2026-3926#48,BOE-B-2026-3926,48,2026-02-11,5B,Patrimonio del Estado (DEH),Delegación de Economía y Hacienda en Ourense,numbered,land,excluded,land: not a building (art. 2.h),none,lot,,0,excluded,n/a,n/a,n/a,n/a,n/a,undeterminable,none,yes,R3,,scope undeterminable>excluded; type rural_with_construction>land,rustic plot; the construction word is part of the place name
BOE-B-2026-3926#49,BOE-B-2026-3926,49,2026-02-11,5B,Patrimonio del Estado (DEH),Delegación de Economía y Hacienda en Ourense,numbered,land,excluded,land: not a building (art. 2.h),none,lot,,0,excluded,n/a,n/a,n/a,n/a,n/a,excluded,none,no,,,,
BOE-B-2026-3926#5,BOE-B-2026-3926,5,2026-02-11,5B,Patrimonio del Estado (DEH),Delegación de Economía y Hacienda en Ourense,numbered,land,excluded,land: not a building (art. 2.h),none,lot,,0,excluded,n/a,n/a,n/a,n/a,n/a,excluded,none,no,,,,
BOE-B-2026-3926#50,BOE-B-2026-3926,50,2026-02-11,5B,Patrimonio del Estado (DEH),Delegación de Economía y Hacienda en Ourense,numbered,land,excluded,land: not a building (art. 2.h),none,lot,,0,excluded,n/a,n/a,n/a,n/a,n/a,excluded,none,no,,,,
BOE-B-2026-3926#51,BOE-B-2026-3926,51,2026-02-11,5B,Patrimonio del Estado (DEH),Delegación de Economía y Hacienda en Ourense,numbered,land,excluded,land: not a building (art. 2.h),none,lot,,0,excluded,n/a,n/a,n/a,n/a,n/a,excluded,none,no,,,,
BOE-B-2026-3926#52,BOE-B-2026-3926,52,2026-02-11,5B,Patrimonio del Estado (DEH),Delegación de Economía y Hacienda en Ourense,numbered,land,excluded,land: not a building (art. 2.h),none,lot,,0,excluded,n/a,n/a,n/a,n/a,n/a,excluded,none,no,,,,
BOE-B-2026-3926#53,BOE-B-2026-3926,53,2026-02-11,5B,Patrimonio del Estado (DEH),Delegación de Economía y Hacienda en Ourense,numbered,land,excluded,land: not a building (art. 2.h),none,lot,,0,excluded,n/a,n/a,n/a,n/a,n/a,excluded,none,no,,,,
BOE-B-2026-3926#54,BOE-B-2026-3926,54,2026-02-11,5B,Patrimonio del Estado (DEH),Delegación de Economía y Hacienda en Ourense,numbered,land,excluded,land: not a building (art. 2.h),none,lot,,0,excluded,n/a,n/a,n/a,n/a,n/a,excluded,none,no,,,,
BOE-B-2026-3926#55,BOE-B-2026-3926,55,2026-02-11,5B,Patrimonio del Estado (DEH),Delegación de Economía y Hacienda en Ourense,numbered,land,excluded,land: not a building (art. 2.h),none,lot,,0,excluded,n/a,n/a,n/a,n/a,n/a,excluded,none,no,,,,
BOE-B-2026-3926#56,BOE-B-2026-3926,56,2026-02-11,5B,Patrimonio del Estado (DEH),Delegación de Economía y Hacienda en Ourense,numbered,land,excluded,land: not a building (art. 2.h),none,lot,,0,excluded,n/a,n/a,n/a,n/a,n/a,excluded,none,yes,R4,,none,land (rustic or unbuilt plot); confirmed
BOE-B-2026-3926#57,BOE-B-2026-3926,57,2026-02-11,5B,Patrimonio del Estado (DEH),Delegación de Economía y Hacienda en Ourense,numbered,land,excluded,land: not a building (art. 2.h),none,lot,,0,excluded,n/a,n/a,n/a,n/a,n/a,excluded,none,no,,,,
BOE-B-2026-3926#58,BOE-B-2026-3926,58,2026-02-11,5B,Patrimonio del Estado (DEH),Delegación de Economía y Hacienda en Ourense,numbered,land,excluded,land: not a building (art. 2.h),none,lot,,0,excluded,n/a,n/a,n/a,n/a,n/a,excluded,none,no,,,,
BOE-B-2026-3926#59,BOE-B-2026-3926,59,2026-02-11,5B,Patrimonio del Estado (DEH),Delegación de Economía y Hacienda en Ourense,numbered,land,excluded,land: not a building (art. 2.h),none,lot,,0,excluded,n/a,n/a,n/a,n/a,n/a,excluded,none,no,,,,
BOE-B-2026-3926#6,BOE-B-2026-3926,6,2026-02-11,5B,Patrimonio del Estado (DEH),Delegación de Economía y Hacienda en Ourense,numbered,land,excluded,land: not a building (art. 2.h),none,lot,,0,excluded,n/a,n/a,n/a,n/a,n/a,excluded,none,no,,,,
BOE-B-2026-3926#60,BOE-B-2026-3926,60,2026-02-11,5B,Patrimonio del Estado (DEH),Delegación de Economía y Hacienda en Ourense,numbered,land,excluded,land: not a building (art. 2.h),none,lot,,0,excluded,n/a,n/a,n/a,n/a,n/a,excluded,none,no,,,,
BOE-B-2026-3926#61,BOE-B-2026-3926,61,2026-02-11,5B,Patrimonio del Estado (DEH),Delegación de Economía y Hacienda en Ourense,numbered,land,excluded,land: not a building (art. 2.h),none,lot,,0,excluded,n/a,n/a,n/a,n/a,n/a,excluded,none,no,,,,
BOE-B-2026-3926#62,BOE-B-2026-3926,62,2026-02-11,5B,Patrimonio del Estado (DEH),Delegación de Economía y Hacienda en Ourense,numbered,land,excluded,land: not a building (art. 2.h),none,lot,,0,excluded,n/a,n/a,n/a,n/a,n/a,excluded,none,no,,,,
BOE-B-2026-3926#63,BOE-B-2026-3926,63,2026-02-11,5B,Patrimonio del Estado (DEH),Delegación de Economía y Hacienda en Ourense,numbered,land,excluded,land: not a building (art. 2.h),none,lot,,0,excluded,n/a,n/a,n/a,n/a,n/a,excluded,none,no,,,,
BOE-B-2026-3926#64,BOE-B-2026-3926,64,2026-02-11,5B,Patrimonio del Estado (DEH),Delegación de Economía y Hacienda en Ourense,numbered,land,excluded,land: not a building (art. 2.h),none,lot,,0,excluded,n/a,n/a,n/a,n/a,n/a,excluded,none,no,,,,
BOE-B-2026-3926#65,BOE-B-2026-3926,65,2026-02-11,5B,Patrimonio del Estado (DEH),Delegación de Economía y Hacienda en Ourense,numbered,land,excluded,land: not a building (art. 2.h),none,lot,,0,excluded,n/a,n/a,n/a,n/a,n/a,excluded,none,no,,,,
BOE-B-2026-3926#66,BOE-B-2026-3926,66,2026-02-11,5B,Patrimonio del Estado (DEH),Delegación de Economía y Hacienda en Ourense,numbered,residential,covered,,none,lot,,0,no,no,no,no,no,no,covered,none,yes,R1,,none,dwelling on the first floor of a building (lot of two properties); no energy statement
BOE-B-2026-3926#7,BOE-B-2026-3926,7,2026-02-11,5B,Patrimonio del Estado (DEH),Delegación de Economía y Hacienda en Ourense,numbered,land,excluded,land: not a building (art. 2.h),none,lot,,0,excluded,n/a,n/a,n/a,n/a,n/a,excluded,none,no,,,,
BOE-B-2026-3926#8,BOE-B-2026-3926,8,2026-02-11,5B,Patrimonio del Estado (DEH),Delegación de Economía y Hacienda en Ourense,numbered,land,excluded,land: not a building (art. 2.h),none,lot,,0,excluded,n/a,n/a,n/a,n/a,n/a,excluded,none,no,,,,
BOE-B-2026-3926#9,BOE-B-2026-3926,9,2026-02-11,5B,Patrimonio del Estado (DEH),Delegación de Economía y Hacienda en Ourense,numbered,land,excluded,land: not a building (art. 2.h),none,lot,,0,excluded,n/a,n/a,n/a,n/a,n/a,excluded,none,no,,,,
BOE-B-2026-4609#1,BOE-B-2026-4609,1,2026-02-16,5B,Patrimonio del Estado (DEH),Delegación de Economía y Hacienda en Valencia (Unidad de Patrimonio del Estado),single,land,drop,excluded notice kind: direct_named,none,lot,,0,dropped,n/a,n/a,n/a,n/a,n/a,excluded,none,yes,extra,,scope excluded>drop,"direct adjudication to a party who showed interest (art. 137.4 LPAP); not an offer to the public (rule §1.1, direct_named)"
BOE-B-2026-4787#1,BOE-B-2026-4787,1,2026-02-17,5B,TGSS,Dirección Provincial de la Tesorería General de la Seguridad Social de Navarra,single,residential,covered,,rating,lot,E,1,yes,yes,yes,yes,yes,yes,covered,certificate_reference,yes,R1,,energy certificate_reference>rating,"consumption and emissions letter E stated; classifier missed it (""letra E"")"
BOE-B-2026-4788#1,BOE-B-2026-4788,1,2026-02-17,5B,TGSS,Dirección Provincial de la Tesorería General de la Seguridad Social de Burgos,single,commercial,covered,,rating,lot,DE,1,yes,yes,yes,yes,yes,yes,covered,rating,no,,,,
BOE-B-2026-4879#1,BOE-B-2026-4879,1,2026-02-18,5B,Other public bodies,"Agencia de Medio Ambiente y Agua de Andalucía, M.P.",single,industrial_agricultural,excluded,industrial/agricultural non-residential (art. 3.2.c),none,lot,,0,excluded,n/a,n/a,n/a,n/a,n/a,excluded,none,yes,R4,,none,industrial or agricultural building; confirmed
BOE-B-2026-5039#1,BOE-B-2026-5039,1,2026-02-20,5B,Patrimonio del Estado (DEH),Delegación de Economía y Hacienda en Gipuzkoa,single,residential,undeterminable,undivided share or limited right,none,lot,,0,undeterminable,n/a,n/a,n/a,n/a,n/a,covered,none,yes,R1,,scope covered>undeterminable,two-thirds undivided share of a dwelling
BOE-B-2026-5040#r1,BOE-B-2026-5040,r1,2026-02-20,5B,Patrimonio del Estado (DEH),Delegación de Economía y Hacienda en Gipuzkoa,single,unit_in_building,undeterminable,use of the unit not stated,none,lot,,0,undeterminable,n/a,n/a,n/a,n/a,n/a,covered,none,yes,R1,,split; scope covered>undeterminable; type residential>unit_in_building,"30 m2 semi-basement unit of a residential building, use not stated"
BOE-B-2026-5040#r2,BOE-B-2026-5040,r2,2026-02-20,5B,Patrimonio del Estado (DEH),Delegación de Economía y Hacienda en Gipuzkoa,single,unit_in_building,undeterminable,use of the unit not stated,none,lot,,0,undeterminable,n/a,n/a,n/a,n/a,n/a,covered,none,yes,R1,,split; scope covered>undeterminable; type residential>unit_in_building,"55 m2 loft (desván) in a house, use not stated"
BOE-B-2026-5465#1,BOE-B-2026-5465,1,2026-02-23,5B,Patrimonio del Estado (DEH),Delegación de Economía y Hacienda en Valencia (Unidad de Patrimonio del Estado),single,land,drop,excluded notice kind: direct_named,none,lot,,0,dropped,n/a,n/a,n/a,n/a,n/a,excluded,none,yes,extra,,scope excluded>drop,"direct adjudication to a party who showed interest (art. 137.4 LPAP); not an offer to the public (rule §1.1, direct_named)"
BOE-B-2026-5471#1,BOE-B-2026-5471,1,2026-02-23,5B,Port authorities,Autoridad Portuaria de Almería,single,building,undeterminable,technical building of unknown use,none,lot,,0,undeterminable,n/a,n/a,n/a,n/a,n/a,excluded,none,yes,extra,,scope excluded>undeterminable; type land>building,"lighthouse plot of 4,523 m2 with 349 m2 built; use of the buildings not stated; no energy statement (found by the targeted search)"
BOE-B-2026-5648#?,BOE-B-2026-5648,?,2026-02-24,5B,Other public bodies,Organismo Autónomo Parques Nacionales,not_described,land,drop,,none,lot,,0,dropped,n/a,n/a,n/a,n/a,n/a,undeterminable,none,yes,R3,,scope undeterminable>drop,"sale of an olive harvest (aprovechamiento), not of property"
BOE-B-2026-5835#r1,BOE-B-2026-5835,r1,2026-02-26,5B,Patrimonio del Estado (DEH),Delegación de Economía y Hacienda en Cuenca,single,land,excluded,land: not a building (art. 2.h),none,lot,,0,excluded,n/a,n/a,n/a,n/a,n/a,excluded,none,yes,extra,,split,"rustic plot, row 1 of the notice's table (a table of plots read as one lot)"
BOE-B-2026-5835#r10,BOE-B-2026-5835,r10,2026-02-26,5B,Patrimonio del Estado (DEH),Delegación de Economía y Hacienda en Cuenca,single,land,excluded,land: not a building (art. 2.h),none,lot,,0,excluded,n/a,n/a,n/a,n/a,n/a,excluded,none,yes,extra,,split,"rustic plot, row 10 of the notice's table (a table of plots read as one lot)"
BOE-B-2026-5835#r11,BOE-B-2026-5835,r11,2026-02-26,5B,Patrimonio del Estado (DEH),Delegación de Economía y Hacienda en Cuenca,single,land,excluded,land: not a building (art. 2.h),none,lot,,0,excluded,n/a,n/a,n/a,n/a,n/a,excluded,none,yes,extra,,split,"rustic plot, row 11 of the notice's table (a table of plots read as one lot)"
BOE-B-2026-5835#r12,BOE-B-2026-5835,r12,2026-02-26,5B,Patrimonio del Estado (DEH),Delegación de Economía y Hacienda en Cuenca,single,land,excluded,land: not a building (art. 2.h),none,lot,,0,excluded,n/a,n/a,n/a,n/a,n/a,excluded,none,yes,extra,,split,"rustic plot, row 12 of the notice's table (a table of plots read as one lot)"
BOE-B-2026-5835#r13,BOE-B-2026-5835,r13,2026-02-26,5B,Patrimonio del Estado (DEH),Delegación de Economía y Hacienda en Cuenca,single,land,excluded,land: not a building (art. 2.h),none,lot,,0,excluded,n/a,n/a,n/a,n/a,n/a,excluded,none,yes,extra,,split,"rustic plot, row 13 of the notice's table (a table of plots read as one lot)"
BOE-B-2026-5835#r14,BOE-B-2026-5835,r14,2026-02-26,5B,Patrimonio del Estado (DEH),Delegación de Economía y Hacienda en Cuenca,single,land,excluded,land: not a building (art. 2.h),none,lot,,0,excluded,n/a,n/a,n/a,n/a,n/a,excluded,none,yes,extra,,split,"rustic plot, row 14 of the notice's table (a table of plots read as one lot)"
BOE-B-2026-5835#r15,BOE-B-2026-5835,r15,2026-02-26,5B,Patrimonio del Estado (DEH),Delegación de Economía y Hacienda en Cuenca,single,land,excluded,land: not a building (art. 2.h),none,lot,,0,excluded,n/a,n/a,n/a,n/a,n/a,excluded,none,yes,extra,,split,"rustic plot, row 15 of the notice's table (a table of plots read as one lot)"
BOE-B-2026-5835#r16,BOE-B-2026-5835,r16,2026-02-26,5B,Patrimonio del Estado (DEH),Delegación de Economía y Hacienda en Cuenca,single,land,excluded,land: not a building (art. 2.h),none,lot,,0,excluded,n/a,n/a,n/a,n/a,n/a,excluded,none,yes,extra,,split,"rustic plot, row 16 of the notice's table (a table of plots read as one lot)"
BOE-B-2026-5835#r17,BOE-B-2026-5835,r17,2026-02-26,5B,Patrimonio del Estado (DEH),Delegación de Economía y Hacienda en Cuenca,single,land,excluded,land: not a building (art. 2.h),none,lot,,0,excluded,n/a,n/a,n/a,n/a,n/a,excluded,none,yes,extra,,split,"rustic plot, row 17 of the notice's table (a table of plots read as one lot)"
BOE-B-2026-5835#r18,BOE-B-2026-5835,r18,2026-02-26,5B,Patrimonio del Estado (DEH),Delegación de Economía y Hacienda en Cuenca,single,land,excluded,land: not a building (art. 2.h),none,lot,,0,excluded,n/a,n/a,n/a,n/a,n/a,excluded,none,yes,extra,,split,"rustic plot, row 18 of the notice's table (a table of plots read as one lot)"
BOE-B-2026-5835#r19,BOE-B-2026-5835,r19,2026-02-26,5B,Patrimonio del Estado (DEH),Delegación de Economía y Hacienda en Cuenca,single,land,excluded,land: not a building (art. 2.h),none,lot,,0,excluded,n/a,n/a,n/a,n/a,n/a,excluded,none,yes,extra,,split,"rustic plot, row 19 of the notice's table (a table of plots read as one lot)"
BOE-B-2026-5835#r2,BOE-B-2026-5835,r2,2026-02-26,5B,Patrimonio del Estado (DEH),Delegación de Economía y Hacienda en Cuenca,single,land,excluded,land: not a building (art. 2.h),none,lot,,0,excluded,n/a,n/a,n/a,n/a,n/a,excluded,none,yes,extra,,split,"rustic plot, row 2 of the notice's table (a table of plots read as one lot)"
BOE-B-2026-5835#r20,BOE-B-2026-5835,r20,2026-02-26,5B,Patrimonio del Estado (DEH),Delegación de Economía y Hacienda en Cuenca,single,land,excluded,land: not a building (art. 2.h),none,lot,,0,excluded,n/a,n/a,n/a,n/a,n/a,excluded,none,yes,extra,,split,"rustic plot, row 20 of the notice's table (a table of plots read as one lot)"
BOE-B-2026-5835#r21,BOE-B-2026-5835,r21,2026-02-26,5B,Patrimonio del Estado (DEH),Delegación de Economía y Hacienda en Cuenca,single,land,excluded,land: not a building (art. 2.h),none,lot,,0,excluded,n/a,n/a,n/a,n/a,n/a,excluded,none,yes,extra,,split,"rustic plot, row 21 of the notice's table (a table of plots read as one lot)"
BOE-B-2026-5835#r22,BOE-B-2026-5835,r22,2026-02-26,5B,Patrimonio del Estado (DEH),Delegación de Economía y Hacienda en Cuenca,single,land,excluded,land: not a building (art. 2.h),none,lot,,0,excluded,n/a,n/a,n/a,n/a,n/a,excluded,none,yes,extra,,split,"rustic plot, row 22 of the notice's table (a table of plots read as one lot)"
BOE-B-2026-5835#r23,BOE-B-2026-5835,r23,2026-02-26,5B,Patrimonio del Estado (DEH),Delegación de Economía y Hacienda en Cuenca,single,land,excluded,land: not a building (art. 2.h),none,lot,,0,excluded,n/a,n/a,n/a,n/a,n/a,excluded,none,yes,extra,,split,"rustic plot, row 23 of the notice's table (a table of plots read as one lot)"
BOE-B-2026-5835#r24,BOE-B-2026-5835,r24,2026-02-26,5B,Patrimonio del Estado (DEH),Delegación de Economía y Hacienda en Cuenca,single,land,excluded,land: not a building (art. 2.h),none,lot,,0,excluded,n/a,n/a,n/a,n/a,n/a,excluded,none,yes,extra,,split,"rustic plot, row 24 of the notice's table (a table of plots read as one lot)"
BOE-B-2026-5835#r25,BOE-B-2026-5835,r25,2026-02-26,5B,Patrimonio del Estado (DEH),Delegación de Economía y Hacienda en Cuenca,single,land,excluded,land: not a building (art. 2.h),none,lot,,0,excluded,n/a,n/a,n/a,n/a,n/a,excluded,none,yes,extra,,split,"rustic plot, row 25 of the notice's table (a table of plots read as one lot)"
BOE-B-2026-5835#r26,BOE-B-2026-5835,r26,2026-02-26,5B,Patrimonio del Estado (DEH),Delegación de Economía y Hacienda en Cuenca,single,land,excluded,land: not a building (art. 2.h),none,lot,,0,excluded,n/a,n/a,n/a,n/a,n/a,excluded,none,yes,extra,,split,"rustic plot, row 26 of the notice's table (a table of plots read as one lot)"
BOE-B-2026-5835#r27,BOE-B-2026-5835,r27,2026-02-26,5B,Patrimonio del Estado (DEH),Delegación de Economía y Hacienda en Cuenca,single,land,excluded,land: not a building (art. 2.h),none,lot,,0,excluded,n/a,n/a,n/a,n/a,n/a,excluded,none,yes,extra,,split,"rustic plot, row 27 of the notice's table (a table of plots read as one lot)"
BOE-B-2026-5835#r28,BOE-B-2026-5835,r28,2026-02-26,5B,Patrimonio del Estado (DEH),Delegación de Economía y Hacienda en Cuenca,single,land,excluded,land: not a building (art. 2.h),none,lot,,0,excluded,n/a,n/a,n/a,n/a,n/a,excluded,none,yes,extra,,split,"rustic plot, row 28 of the notice's table (a table of plots read as one lot)"
BOE-B-2026-5835#r29,BOE-B-2026-5835,r29,2026-02-26,5B,Patrimonio del Estado (DEH),Delegación de Economía y Hacienda en Cuenca,single,land,excluded,land: not a building (art. 2.h),none,lot,,0,excluded,n/a,n/a,n/a,n/a,n/a,excluded,none,yes,extra,,split,"rustic plot, row 29 of the notice's table (a table of plots read as one lot)"
BOE-B-2026-5835#r3,BOE-B-2026-5835,r3,2026-02-26,5B,Patrimonio del Estado (DEH),Delegación de Economía y Hacienda en Cuenca,single,land,excluded,land: not a building (art. 2.h),none,lot,,0,excluded,n/a,n/a,n/a,n/a,n/a,excluded,none,yes,extra,,split,"rustic plot, row 3 of the notice's table (a table of plots read as one lot)"
BOE-B-2026-5835#r30,BOE-B-2026-5835,r30,2026-02-26,5B,Patrimonio del Estado (DEH),Delegación de Economía y Hacienda en Cuenca,single,land,excluded,land: not a building (art. 2.h),none,lot,,0,excluded,n/a,n/a,n/a,n/a,n/a,excluded,none,yes,extra,,split,"rustic plot, row 30 of the notice's table (a table of plots read as one lot)"
BOE-B-2026-5835#r31,BOE-B-2026-5835,r31,2026-02-26,5B,Patrimonio del Estado (DEH),Delegación de Economía y Hacienda en Cuenca,single,land,excluded,land: not a building (art. 2.h),none,lot,,0,excluded,n/a,n/a,n/a,n/a,n/a,excluded,none,yes,extra,,split,"rustic plot, row 31 of the notice's table (a table of plots read as one lot)"
BOE-B-2026-5835#r32,BOE-B-2026-5835,r32,2026-02-26,5B,Patrimonio del Estado (DEH),Delegación de Economía y Hacienda en Cuenca,single,land,excluded,land: not a building (art. 2.h),none,lot,,0,excluded,n/a,n/a,n/a,n/a,n/a,excluded,none,yes,extra,,split,"rustic plot, row 32 of the notice's table (a table of plots read as one lot)"
BOE-B-2026-5835#r33,BOE-B-2026-5835,r33,2026-02-26,5B,Patrimonio del Estado (DEH),Delegación de Economía y Hacienda en Cuenca,single,land,excluded,land: not a building (art. 2.h),none,lot,,0,excluded,n/a,n/a,n/a,n/a,n/a,excluded,none,yes,extra,,split,"rustic plot, row 33 of the notice's table (a table of plots read as one lot)"
BOE-B-2026-5835#r34,BOE-B-2026-5835,r34,2026-02-26,5B,Patrimonio del Estado (DEH),Delegación de Economía y Hacienda en Cuenca,single,land,excluded,land: not a building (art. 2.h),none,lot,,0,excluded,n/a,n/a,n/a,n/a,n/a,excluded,none,yes,extra,,split,"rustic plot, row 34 of the notice's table (a table of plots read as one lot)"
BOE-B-2026-5835#r35,BOE-B-2026-5835,r35,2026-02-26,5B,Patrimonio del Estado (DEH),Delegación de Economía y Hacienda en Cuenca,single,land,excluded,land: not a building (art. 2.h),none,lot,,0,excluded,n/a,n/a,n/a,n/a,n/a,excluded,none,yes,extra,,split,"rustic plot, row 35 of the notice's table (a table of plots read as one lot)"
BOE-B-2026-5835#r36,BOE-B-2026-5835,r36,2026-02-26,5B,Patrimonio del Estado (DEH),Delegación de Economía y Hacienda en Cuenca,single,land,excluded,land: not a building (art. 2.h),none,lot,,0,excluded,n/a,n/a,n/a,n/a,n/a,excluded,none,yes,extra,,split,"rustic plot, row 36 of the notice's table (a table of plots read as one lot)"
BOE-B-2026-5835#r37,BOE-B-2026-5835,r37,2026-02-26,5B,Patrimonio del Estado (DEH),Delegación de Economía y Hacienda en Cuenca,single,land,excluded,land: not a building (art. 2.h),none,lot,,0,excluded,n/a,n/a,n/a,n/a,n/a,excluded,none,yes,extra,,split,"rustic plot, row 37 of the notice's table (a table of plots read as one lot)"
BOE-B-2026-5835#r38,BOE-B-2026-5835,r38,2026-02-26,5B,Patrimonio del Estado (DEH),Delegación de Economía y Hacienda en Cuenca,single,land,excluded,land: not a building (art. 2.h),none,lot,,0,excluded,n/a,n/a,n/a,n/a,n/a,excluded,none,yes,extra,,split,"rustic plot, row 38 of the notice's table (a table of plots read as one lot)"
BOE-B-2026-5835#r39,BOE-B-2026-5835,r39,2026-02-26,5B,Patrimonio del Estado (DEH),Delegación de Economía y Hacienda en Cuenca,single,land,excluded,land: not a building (art. 2.h),none,lot,,0,excluded,n/a,n/a,n/a,n/a,n/a,excluded,none,yes,extra,,split,"rustic plot, row 39 of the notice's table (a table of plots read as one lot)"
BOE-B-2026-5835#r4,BOE-B-2026-5835,r4,2026-02-26,5B,Patrimonio del Estado (DEH),Delegación de Economía y Hacienda en Cuenca,single,land,excluded,land: not a building (art. 2.h),none,lot,,0,excluded,n/a,n/a,n/a,n/a,n/a,excluded,none,yes,extra,,split,"rustic plot, row 4 of the notice's table (a table of plots read as one lot)"
BOE-B-2026-5835#r40,BOE-B-2026-5835,r40,2026-02-26,5B,Patrimonio del Estado (DEH),Delegación de Economía y Hacienda en Cuenca,single,land,excluded,land: not a building (art. 2.h),none,lot,,0,excluded,n/a,n/a,n/a,n/a,n/a,excluded,none,yes,extra,,split,"rustic plot, row 40 of the notice's table (a table of plots read as one lot)"
BOE-B-2026-5835#r41,BOE-B-2026-5835,r41,2026-02-26,5B,Patrimonio del Estado (DEH),Delegación de Economía y Hacienda en Cuenca,single,land,excluded,land: not a building (art. 2.h),none,lot,,0,excluded,n/a,n/a,n/a,n/a,n/a,excluded,none,yes,extra,,split,"rustic plot, row 41 of the notice's table (a table of plots read as one lot)"
BOE-B-2026-5835#r42,BOE-B-2026-5835,r42,2026-02-26,5B,Patrimonio del Estado (DEH),Delegación de Economía y Hacienda en Cuenca,single,land,excluded,land: not a building (art. 2.h),none,lot,,0,excluded,n/a,n/a,n/a,n/a,n/a,excluded,none,yes,extra,,split,"rustic plot, row 42 of the notice's table (a table of plots read as one lot)"
BOE-B-2026-5835#r43,BOE-B-2026-5835,r43,2026-02-26,5B,Patrimonio del Estado (DEH),Delegación de Economía y Hacienda en Cuenca,single,land,excluded,land: not a building (art. 2.h),none,lot,,0,excluded,n/a,n/a,n/a,n/a,n/a,excluded,none,yes,extra,,split,"rustic plot, row 43 of the notice's table (a table of plots read as one lot)"
BOE-B-2026-5835#r44,BOE-B-2026-5835,r44,2026-02-26,5B,Patrimonio del Estado (DEH),Delegación de Economía y Hacienda en Cuenca,single,land,excluded,land: not a building (art. 2.h),none,lot,,0,excluded,n/a,n/a,n/a,n/a,n/a,excluded,none,yes,extra,,split,"rustic plot, row 44 of the notice's table (a table of plots read as one lot)"
BOE-B-2026-5835#r45,BOE-B-2026-5835,r45,2026-02-26,5B,Patrimonio del Estado (DEH),Delegación de Economía y Hacienda en Cuenca,single,land,excluded,land: not a building (art. 2.h),none,lot,,0,excluded,n/a,n/a,n/a,n/a,n/a,excluded,none,yes,extra,,split,"rustic plot, row 45 of the notice's table (a table of plots read as one lot)"
BOE-B-2026-5835#r46,BOE-B-2026-5835,r46,2026-02-26,5B,Patrimonio del Estado (DEH),Delegación de Economía y Hacienda en Cuenca,single,land,excluded,land: not a building (art. 2.h),none,lot,,0,excluded,n/a,n/a,n/a,n/a,n/a,excluded,none,yes,extra,,split,"rustic plot, row 46 of the notice's table (a table of plots read as one lot)"
BOE-B-2026-5835#r47,BOE-B-2026-5835,r47,2026-02-26,5B,Patrimonio del Estado (DEH),Delegación de Economía y Hacienda en Cuenca,single,land,excluded,land: not a building (art. 2.h),none,lot,,0,excluded,n/a,n/a,n/a,n/a,n/a,excluded,none,yes,extra,,split,"rustic plot, row 47 of the notice's table (a table of plots read as one lot)"
BOE-B-2026-5835#r48,BOE-B-2026-5835,r48,2026-02-26,5B,Patrimonio del Estado (DEH),Delegación de Economía y Hacienda en Cuenca,single,land,excluded,land: not a building (art. 2.h),none,lot,,0,excluded,n/a,n/a,n/a,n/a,n/a,excluded,none,yes,extra,,split,"rustic plot, row 48 of the notice's table (a table of plots read as one lot)"
BOE-B-2026-5835#r49,BOE-B-2026-5835,r49,2026-02-26,5B,Patrimonio del Estado (DEH),Delegación de Economía y Hacienda en Cuenca,single,land,excluded,land: not a building (art. 2.h),none,lot,,0,excluded,n/a,n/a,n/a,n/a,n/a,excluded,none,yes,extra,,split,"rustic plot, row 49 of the notice's table (a table of plots read as one lot)"
BOE-B-2026-5835#r5,BOE-B-2026-5835,r5,2026-02-26,5B,Patrimonio del Estado (DEH),Delegación de Economía y Hacienda en Cuenca,single,land,excluded,land: not a building (art. 2.h),none,lot,,0,excluded,n/a,n/a,n/a,n/a,n/a,excluded,none,yes,extra,,split,"rustic plot, row 5 of the notice's table (a table of plots read as one lot)"
BOE-B-2026-5835#r50,BOE-B-2026-5835,r50,2026-02-26,5B,Patrimonio del Estado (DEH),Delegación de Economía y Hacienda en Cuenca,single,land,excluded,land: not a building (art. 2.h),none,lot,,0,excluded,n/a,n/a,n/a,n/a,n/a,excluded,none,yes,extra,,split,"rustic plot, row 50 of the notice's table (a table of plots read as one lot)"
BOE-B-2026-5835#r51,BOE-B-2026-5835,r51,2026-02-26,5B,Patrimonio del Estado (DEH),Delegación de Economía y Hacienda en Cuenca,single,land,excluded,land: not a building (art. 2.h),none,lot,,0,excluded,n/a,n/a,n/a,n/a,n/a,excluded,none,yes,extra,,split,"rustic plot, row 51 of the notice's table (a table of plots read as one lot)"
BOE-B-2026-5835#r52,BOE-B-2026-5835,r52,2026-02-26,5B,Patrimonio del Estado (DEH),Delegación de Economía y Hacienda en Cuenca,single,land,excluded,land: not a building (art. 2.h),none,lot,,0,excluded,n/a,n/a,n/a,n/a,n/a,excluded,none,yes,extra,,split,"rustic plot, row 52 of the notice's table (a table of plots read as one lot)"
BOE-B-2026-5835#r53,BOE-B-2026-5835,r53,2026-02-26,5B,Patrimonio del Estado (DEH),Delegación de Economía y Hacienda en Cuenca,single,land,excluded,land: not a building (art. 2.h),none,lot,,0,excluded,n/a,n/a,n/a,n/a,n/a,excluded,none,yes,extra,,split,"rustic plot, row 53 of the notice's table (a table of plots read as one lot)"
BOE-B-2026-5835#r54,BOE-B-2026-5835,r54,2026-02-26,5B,Patrimonio del Estado (DEH),Delegación de Economía y Hacienda en Cuenca,single,land,excluded,land: not a building (art. 2.h),none,lot,,0,excluded,n/a,n/a,n/a,n/a,n/a,excluded,none,yes,extra,,split,"rustic plot, row 54 of the notice's table (a table of plots read as one lot)"
BOE-B-2026-5835#r55,BOE-B-2026-5835,r55,2026-02-26,5B,Patrimonio del Estado (DEH),Delegación de Economía y Hacienda en Cuenca,single,land,excluded,land: not a building (art. 2.h),none,lot,,0,excluded,n/a,n/a,n/a,n/a,n/a,excluded,none,yes,extra,,split,"rustic plot, row 55 of the notice's table (a table of plots read as one lot)"
BOE-B-2026-5835#r56,BOE-B-2026-5835,r56,2026-02-26,5B,Patrimonio del Estado (DEH),Delegación de Economía y Hacienda en Cuenca,single,land,excluded,land: not a building (art. 2.h),none,lot,,0,excluded,n/a,n/a,n/a,n/a,n/a,excluded,none,yes,extra,,split,"rustic plot, row 56 of the notice's table (a table of plots read as one lot)"
BOE-B-2026-5835#r57,BOE-B-2026-5835,r57,2026-02-26,5B,Patrimonio del Estado (DEH),Delegación de Economía y Hacienda en Cuenca,single,land,excluded,land: not a building (art. 2.h),none,lot,,0,excluded,n/a,n/a,n/a,n/a,n/a,excluded,none,yes,extra,,split,"rustic plot, row 57 of the notice's table (a table of plots read as one lot)"
BOE-B-2026-5835#r58,BOE-B-2026-5835,r58,2026-02-26,5B,Patrimonio del Estado (DEH),Delegación de Economía y Hacienda en Cuenca,single,land,excluded,land: not a building (art. 2.h),none,lot,,0,excluded,n/a,n/a,n/a,n/a,n/a,excluded,none,yes,extra,,split,"rustic plot, row 58 of the notice's table (a table of plots read as one lot)"
BOE-B-2026-5835#r6,BOE-B-2026-5835,r6,2026-02-26,5B,Patrimonio del Estado (DEH),Delegación de Economía y Hacienda en Cuenca,single,land,excluded,land: not a building (art. 2.h),none,lot,,0,excluded,n/a,n/a,n/a,n/a,n/a,excluded,none,yes,extra,,split,"rustic plot, row 6 of the notice's table (a table of plots read as one lot)"
BOE-B-2026-5835#r7,BOE-B-2026-5835,r7,2026-02-26,5B,Patrimonio del Estado (DEH),Delegación de Economía y Hacienda en Cuenca,single,land,excluded,land: not a building (art. 2.h),none,lot,,0,excluded,n/a,n/a,n/a,n/a,n/a,excluded,none,yes,extra,,split,"rustic plot, row 7 of the notice's table (a table of plots read as one lot)"
BOE-B-2026-5835#r8,BOE-B-2026-5835,r8,2026-02-26,5B,Patrimonio del Estado (DEH),Delegación de Economía y Hacienda en Cuenca,single,land,excluded,land: not a building (art. 2.h),none,lot,,0,excluded,n/a,n/a,n/a,n/a,n/a,excluded,none,yes,extra,,split,"rustic plot, row 8 of the notice's table (a table of plots read as one lot)"
BOE-B-2026-5835#r9,BOE-B-2026-5835,r9,2026-02-26,5B,Patrimonio del Estado (DEH),Delegación de Economía y Hacienda en Cuenca,single,land,excluded,land: not a building (art. 2.h),none,lot,,0,excluded,n/a,n/a,n/a,n/a,n/a,excluded,none,yes,extra,,split,"rustic plot, row 9 of the notice's table (a table of plots read as one lot)"
BOE-B-2026-6703#1,BOE-B-2026-6703,1,2026-03-05,5B,Patrimonio del Estado (DEH),Delegación de Economía y Hacienda en Burgos,single,land,excluded,land: not a building (art. 2.h),none,lot,,0,excluded,n/a,n/a,n/a,n/a,n/a,excluded,none,yes,R4,,none,92 rustic plots summarised in one notice without lot-by-lot description; counted as one record
BOE-B-2026-7459#1,BOE-B-2026-7459,1,2026-03-11,5B,Patrimonio del Estado (DEH),Delegación de Economía y Hacienda en Ávila,table,unknown,undeterminable,type not stated,none,lot,,0,undeterminable,n/a,n/a,n/a,n/a,n/a,undeterminable,none,yes,R3,,none,urban property of 340 m2 in a table with no description of use; confirmed
BOE-B-2026-7459#10,BOE-B-2026-7459,10,2026-03-11,5B,Patrimonio del Estado (DEH),Delegación de Economía y Hacienda en Ávila,table,land,excluded,land: not a building (art. 2.h),none,lot,,0,excluded,n/a,n/a,n/a,n/a,n/a,excluded,none,no,,,,
BOE-B-2026-7459#11,BOE-B-2026-7459,11,2026-03-11,5B,Patrimonio del Estado (DEH),Delegación de Economía y Hacienda en Ávila,table,land,excluded,land: not a building (art. 2.h),none,lot,,0,excluded,n/a,n/a,n/a,n/a,n/a,excluded,none,no,,,,
BOE-B-2026-7459#12,BOE-B-2026-7459,12,2026-03-11,5B,Patrimonio del Estado (DEH),Delegación de Economía y Hacienda en Ávila,table,land,excluded,land: not a building (art. 2.h),none,lot,,0,excluded,n/a,n/a,n/a,n/a,n/a,excluded,none,no,,,,
BOE-B-2026-7459#13,BOE-B-2026-7459,13,2026-03-11,5B,Patrimonio del Estado (DEH),Delegación de Economía y Hacienda en Ávila,table,land,excluded,land: not a building (art. 2.h),none,lot,,0,excluded,n/a,n/a,n/a,n/a,n/a,excluded,none,no,,,,
BOE-B-2026-7459#14,BOE-B-2026-7459,14,2026-03-11,5B,Patrimonio del Estado (DEH),Delegación de Economía y Hacienda en Ávila,table,land,excluded,land: not a building (art. 2.h),none,lot,,0,excluded,n/a,n/a,n/a,n/a,n/a,excluded,none,no,,,,
BOE-B-2026-7459#15,BOE-B-2026-7459,15,2026-03-11,5B,Patrimonio del Estado (DEH),Delegación de Economía y Hacienda en Ávila,table,land,excluded,land: not a building (art. 2.h),none,lot,,0,excluded,n/a,n/a,n/a,n/a,n/a,excluded,none,no,,,,
BOE-B-2026-7459#16,BOE-B-2026-7459,16,2026-03-11,5B,Patrimonio del Estado (DEH),Delegación de Economía y Hacienda en Ávila,table,unknown,undeterminable,type not stated,none,lot,,0,undeterminable,n/a,n/a,n/a,n/a,n/a,undeterminable,none,yes,R3,,none,urban property of 158 m2 in a table with no description of use; confirmed
BOE-B-2026-7459#2,BOE-B-2026-7459,2,2026-03-11,5B,Patrimonio del Estado (DEH),Delegación de Economía y Hacienda en Ávila,table,unknown,undeterminable,type not stated,none,lot,,0,undeterminable,n/a,n/a,n/a,n/a,n/a,undeterminable,none,yes,R3,,none,urban property of 48 m2 in a table with no description of use; confirmed
BOE-B-2026-7459#3,BOE-B-2026-7459,3,2026-03-11,5B,Patrimonio del Estado (DEH),Delegación de Economía y Hacienda en Ávila,table,land,excluded,land: not a building (art. 2.h),none,lot,,0,excluded,n/a,n/a,n/a,n/a,n/a,excluded,none,no,,,,
BOE-B-2026-7459#4,BOE-B-2026-7459,4,2026-03-11,5B,Patrimonio del Estado (DEH),Delegación de Economía y Hacienda en Ávila,table,land,excluded,land: not a building (art. 2.h),none,lot,,0,excluded,n/a,n/a,n/a,n/a,n/a,excluded,none,no,,,,
BOE-B-2026-7459#5,BOE-B-2026-7459,5,2026-03-11,5B,Patrimonio del Estado (DEH),Delegación de Economía y Hacienda en Ávila,table,land,excluded,land: not a building (art. 2.h),none,lot,,0,excluded,n/a,n/a,n/a,n/a,n/a,excluded,none,no,,,,
BOE-B-2026-7459#6,BOE-B-2026-7459,6,2026-03-11,5B,Patrimonio del Estado (DEH),Delegación de Economía y Hacienda en Ávila,table,land,excluded,land: not a building (art. 2.h),none,lot,,0,excluded,n/a,n/a,n/a,n/a,n/a,excluded,none,no,,,,
BOE-B-2026-7459#7,BOE-B-2026-7459,7,2026-03-11,5B,Patrimonio del Estado (DEH),Delegación de Economía y Hacienda en Ávila,table,land,excluded,land: not a building (art. 2.h),none,lot,,0,excluded,n/a,n/a,n/a,n/a,n/a,excluded,none,no,,,,
BOE-B-2026-7459#8,BOE-B-2026-7459,8,2026-03-11,5B,Patrimonio del Estado (DEH),Delegación de Economía y Hacienda en Ávila,table,land,excluded,land: not a building (art. 2.h),none,lot,,0,excluded,n/a,n/a,n/a,n/a,n/a,excluded,none,no,,,,
BOE-B-2026-7459#9,BOE-B-2026-7459,9,2026-03-11,5B,Patrimonio del Estado (DEH),Delegación de Economía y Hacienda en Ávila,table,land,excluded,land: not a building (art. 2.h),none,lot,,0,excluded,n/a,n/a,n/a,n/a,n/a,excluded,none,no,,,,
BOE-B-2026-7576#r1,BOE-B-2026-7576,r1,2026-03-12,5B,Patrimonio del Estado (DEH),Delegación de Economía y Hacienda en Huelva,unsplit,land,excluded,land: not a building (art. 2.h),none,lot,,0,excluded,n/a,n/a,n/a,n/a,n/a,excluded,none,yes,extra,,split,"urban plot of 9,630 m2"
BOE-B-2026-7576#r2,BOE-B-2026-7576,r2,2026-03-12,5B,Patrimonio del Estado (DEH),Delegación de Economía y Hacienda en Huelva,unsplit,unit_in_building,undeterminable,use of the unit not stated,none,lot,,0,undeterminable,n/a,n/a,n/a,n/a,n/a,excluded,none,yes,extra,,split; scope excluded>undeterminable; type land>unit_in_building,"urban property of 105 m2 with 36 m2 built, use not stated (Trigueros; re-auction of BOE-B-2025-26061 lot 3)"
BOE-B-2026-7576#r3,BOE-B-2026-7576,r3,2026-03-12,5B,Patrimonio del Estado (DEH),Delegación de Economía y Hacienda en Huelva,unsplit,land,excluded,land: not a building (art. 2.h),none,lot,,0,excluded,n/a,n/a,n/a,n/a,n/a,excluded,none,yes,extra,,split,"urban plot of 1,385 m2"
BOE-B-2026-7576#r4,BOE-B-2026-7576,r4,2026-03-12,5B,Patrimonio del Estado (DEH),Delegación de Economía y Hacienda en Huelva,unsplit,land,excluded,land: not a building (art. 2.h),none,lot,,0,excluded,n/a,n/a,n/a,n/a,n/a,excluded,none,yes,extra,,split,rustic plot
BOE-B-2026-7576#r5,BOE-B-2026-7576,r5,2026-03-12,5B,Patrimonio del Estado (DEH),Delegación de Economía y Hacienda en Huelva,unsplit,land,excluded,land: not a building (art. 2.h),none,lot,,0,excluded,n/a,n/a,n/a,n/a,n/a,excluded,none,yes,extra,,split,rustic plot
BOE-B-2026-7576#r6,BOE-B-2026-7576,r6,2026-03-12,5B,Patrimonio del Estado (DEH),Delegación de Economía y Hacienda en Huelva,unsplit,land,excluded,land: not a building (art. 2.h),none,lot,,0,excluded,n/a,n/a,n/a,n/a,n/a,excluded,none,yes,extra,,split,rustic plot
BOE-B-2026-7576#r7,BOE-B-2026-7576,r7,2026-03-12,5B,Patrimonio del Estado (DEH),Delegación de Economía y Hacienda en Huelva,unsplit,land,excluded,land: not a building (art. 2.h),none,lot,,0,excluded,n/a,n/a,n/a,n/a,n/a,excluded,none,yes,extra,,split,rustic plot
BOE-B-2026-7577#1,BOE-B-2026-7577,1,2026-03-12,5B,Patrimonio del Estado (DEH),Delegación Especial de Economía y Hacienda en País Vasco-Bizkaia,single,residential,covered,,none,lot,,0,no,no,no,no,no,no,covered,none,yes,R1,,none,dwelling (State inherited estate); no energy statement
BOE-B-2026-8133#1,BOE-B-2026-8133,1,2026-03-16,5B,Other public bodies,"Delegación Territorial de Economía, Hacienda, Fondos Europeos y de Industria, Energía y Minas en Jaén",single,unknown,drop,,none,lot,,0,dropped,n/a,n/a,n/a,n/a,n/a,undeterminable,none,yes,R3,,scope undeterminable>drop,"expropriation notice of a regional energy office, not a sale offer"
BOE-B-2026-8259#1,BOE-B-2026-8259,1,2026-03-17,5B,Patrimonio del Estado (DEH),Delegación de Economía y Hacienda en Soria,lote_header,land,excluded,land: not a building (art. 2.h),none,lot,,0,excluded,n/a,n/a,n/a,n/a,n/a,excluded,none,no,,,,
BOE-B-2026-8259#10,BOE-B-2026-8259,10,2026-03-17,5B,Patrimonio del Estado (DEH),Delegación de Economía y Hacienda en Soria,lote_header,land,excluded,land: not a building (art. 2.h),none,lot,,0,excluded,n/a,n/a,n/a,n/a,n/a,excluded,none,no,,,,
BOE-B-2026-8259#11,BOE-B-2026-8259,11,2026-03-17,5B,Patrimonio del Estado (DEH),Delegación de Economía y Hacienda en Soria,lote_header,land,excluded,land: not a building (art. 2.h),none,lot,,0,excluded,n/a,n/a,n/a,n/a,n/a,excluded,none,no,,,,
BOE-B-2026-8259#12,BOE-B-2026-8259,12,2026-03-17,5B,Patrimonio del Estado (DEH),Delegación de Economía y Hacienda en Soria,lote_header,land,excluded,land: not a building (art. 2.h),none,lot,,0,excluded,n/a,n/a,n/a,n/a,n/a,excluded,none,no,,,,
BOE-B-2026-8259#13,BOE-B-2026-8259,13,2026-03-17,5B,Patrimonio del Estado (DEH),Delegación de Economía y Hacienda en Soria,lote_header,land,excluded,land: not a building (art. 2.h),none,lot,,0,excluded,n/a,n/a,n/a,n/a,n/a,excluded,none,no,,,,
BOE-B-2026-8259#14,BOE-B-2026-8259,14,2026-03-17,5B,Patrimonio del Estado (DEH),Delegación de Economía y Hacienda en Soria,lote_header,land,excluded,land: not a building (art. 2.h),none,lot,,0,excluded,n/a,n/a,n/a,n/a,n/a,excluded,none,no,,,,
BOE-B-2026-8259#15,BOE-B-2026-8259,15,2026-03-17,5B,Patrimonio del Estado (DEH),Delegación de Economía y Hacienda en Soria,lote_header,land,excluded,land: not a building (art. 2.h),none,lot,,0,excluded,n/a,n/a,n/a,n/a,n/a,excluded,none,no,,,,
BOE-B-2026-8259#16,BOE-B-2026-8259,16,2026-03-17,5B,Patrimonio del Estado (DEH),Delegación de Economía y Hacienda en Soria,lote_header,land,excluded,land: not a building (art. 2.h),none,lot,,0,excluded,n/a,n/a,n/a,n/a,n/a,excluded,none,no,,,,
BOE-B-2026-8259#17,BOE-B-2026-8259,17,2026-03-17,5B,Patrimonio del Estado (DEH),Delegación de Economía y Hacienda en Soria,lote_header,land,excluded,land: not a building (art. 2.h),none,lot,,0,excluded,n/a,n/a,n/a,n/a,n/a,excluded,none,no,,,,
BOE-B-2026-8259#18,BOE-B-2026-8259,18,2026-03-17,5B,Patrimonio del Estado (DEH),Delegación de Economía y Hacienda en Soria,lote_header,land,excluded,land: not a building (art. 2.h),none,lot,,0,excluded,n/a,n/a,n/a,n/a,n/a,excluded,none,no,,,,
BOE-B-2026-8259#19,BOE-B-2026-8259,19,2026-03-17,5B,Patrimonio del Estado (DEH),Delegación de Economía y Hacienda en Soria,lote_header,land,excluded,land: not a building (art. 2.h),none,lot,,0,excluded,n/a,n/a,n/a,n/a,n/a,excluded,none,no,,,,
BOE-B-2026-8259#2,BOE-B-2026-8259,2,2026-03-17,5B,Patrimonio del Estado (DEH),Delegación de Economía y Hacienda en Soria,lote_header,land,excluded,land: not a building (art. 2.h),none,lot,,0,excluded,n/a,n/a,n/a,n/a,n/a,excluded,none,no,,,,
BOE-B-2026-8259#20,BOE-B-2026-8259,20,2026-03-17,5B,Patrimonio del Estado (DEH),Delegación de Economía y Hacienda en Soria,lote_header,land,excluded,land: not a building (art. 2.h),none,lot,,0,excluded,n/a,n/a,n/a,n/a,n/a,excluded,none,no,,,,
BOE-B-2026-8259#21,BOE-B-2026-8259,21,2026-03-17,5B,Patrimonio del Estado (DEH),Delegación de Economía y Hacienda en Soria,lote_header,land,excluded,land: not a building (art. 2.h),none,lot,,0,excluded,n/a,n/a,n/a,n/a,n/a,excluded,none,no,,,,
BOE-B-2026-8259#22,BOE-B-2026-8259,22,2026-03-17,5B,Patrimonio del Estado (DEH),Delegación de Economía y Hacienda en Soria,lote_header,land,excluded,land: not a building (art. 2.h),none,lot,,0,excluded,n/a,n/a,n/a,n/a,n/a,excluded,none,no,,,,
BOE-B-2026-8259#23,BOE-B-2026-8259,23,2026-03-17,5B,Patrimonio del Estado (DEH),Delegación de Economía y Hacienda en Soria,lote_header,land,excluded,land: not a building (art. 2.h),none,lot,,0,excluded,n/a,n/a,n/a,n/a,n/a,excluded,none,no,,,,
BOE-B-2026-8259#24,BOE-B-2026-8259,24,2026-03-17,5B,Patrimonio del Estado (DEH),Delegación de Economía y Hacienda en Soria,lote_header,land,excluded,land: not a building (art. 2.h),none,lot,,0,excluded,n/a,n/a,n/a,n/a,n/a,excluded,none,no,,,,
BOE-B-2026-8259#25,BOE-B-2026-8259,25,2026-03-17,5B,Patrimonio del Estado (DEH),Delegación de Economía y Hacienda en Soria,lote_header,land,excluded,land: not a building (art. 2.h),none,lot,,0,excluded,n/a,n/a,n/a,n/a,n/a,excluded,none,no,,,,
BOE-B-2026-8259#26,BOE-B-2026-8259,26,2026-03-17,5B,Patrimonio del Estado (DEH),Delegación de Economía y Hacienda en Soria,lote_header,land,excluded,land: not a building (art. 2.h),none,lot,,0,excluded,n/a,n/a,n/a,n/a,n/a,excluded,none,no,,,,
BOE-B-2026-8259#27,BOE-B-2026-8259,27,2026-03-17,5B,Patrimonio del Estado (DEH),Delegación de Economía y Hacienda en Soria,lote_header,land,excluded,land: not a building (art. 2.h),none,lot,,0,excluded,n/a,n/a,n/a,n/a,n/a,excluded,none,no,,,,
BOE-B-2026-8259#28,BOE-B-2026-8259,28,2026-03-17,5B,Patrimonio del Estado (DEH),Delegación de Economía y Hacienda en Soria,lote_header,land,excluded,land: not a building (art. 2.h),none,lot,,0,excluded,n/a,n/a,n/a,n/a,n/a,excluded,none,no,,,,
BOE-B-2026-8259#29,BOE-B-2026-8259,29,2026-03-17,5B,Patrimonio del Estado (DEH),Delegación de Economía y Hacienda en Soria,lote_header,land,excluded,land: not a building (art. 2.h),none,lot,,0,excluded,n/a,n/a,n/a,n/a,n/a,excluded,none,no,,,,
BOE-B-2026-8259#3,BOE-B-2026-8259,3,2026-03-17,5B,Patrimonio del Estado (DEH),Delegación de Economía y Hacienda en Soria,lote_header,land,excluded,land: not a building (art. 2.h),none,lot,,0,excluded,n/a,n/a,n/a,n/a,n/a,excluded,none,no,,,,
BOE-B-2026-8259#30,BOE-B-2026-8259,30,2026-03-17,5B,Patrimonio del Estado (DEH),Delegación de Economía y Hacienda en Soria,lote_header,land,excluded,land: not a building (art. 2.h),none,lot,,0,excluded,n/a,n/a,n/a,n/a,n/a,excluded,none,no,,,,
BOE-B-2026-8259#4,BOE-B-2026-8259,4,2026-03-17,5B,Patrimonio del Estado (DEH),Delegación de Economía y Hacienda en Soria,lote_header,land,excluded,land: not a building (art. 2.h),none,lot,,0,excluded,n/a,n/a,n/a,n/a,n/a,excluded,none,no,,,,
BOE-B-2026-8259#5,BOE-B-2026-8259,5,2026-03-17,5B,Patrimonio del Estado (DEH),Delegación de Economía y Hacienda en Soria,lote_header,land,excluded,land: not a building (art. 2.h),none,lot,,0,excluded,n/a,n/a,n/a,n/a,n/a,excluded,none,no,,,,
BOE-B-2026-8259#6,BOE-B-2026-8259,6,2026-03-17,5B,Patrimonio del Estado (DEH),Delegación de Economía y Hacienda en Soria,lote_header,land,excluded,land: not a building (art. 2.h),none,lot,,0,excluded,n/a,n/a,n/a,n/a,n/a,excluded,none,no,,,,
BOE-B-2026-8259#7,BOE-B-2026-8259,7,2026-03-17,5B,Patrimonio del Estado (DEH),Delegación de Economía y Hacienda en Soria,lote_header,land,excluded,land: not a building (art. 2.h),none,lot,,0,excluded,n/a,n/a,n/a,n/a,n/a,excluded,none,no,,,,
BOE-B-2026-8259#8,BOE-B-2026-8259,8,2026-03-17,5B,Patrimonio del Estado (DEH),Delegación de Economía y Hacienda en Soria,lote_header,land,excluded,land: not a building (art. 2.h),none,lot,,0,excluded,n/a,n/a,n/a,n/a,n/a,excluded,none,no,,,,
BOE-B-2026-8259#9,BOE-B-2026-8259,9,2026-03-17,5B,Patrimonio del Estado (DEH),Delegación de Economía y Hacienda en Soria,lote_header,land,excluded,land: not a building (art. 2.h),none,lot,,0,excluded,n/a,n/a,n/a,n/a,n/a,excluded,none,no,,,,
BOE-B-2026-8298#1,BOE-B-2026-8298,1,2026-03-17,5B,TGSS,Dirección Provincial de la Tesorería General de la Seguridad Social de Sevilla,single,land,excluded,land: not a building (art. 2.h),none,lot,,0,excluded,n/a,n/a,n/a,n/a,n/a,excluded,none,no,,,,
BOE-B-2026-8365#1,BOE-B-2026-8365,1,2026-03-18,5B,Patrimonio del Estado (DEH),Delegación de Economía y Hacienda en Valencia (Unidad de Patrimonio del Estado),single,land,drop,excluded notice kind: direct_named,none,lot,,0,dropped,n/a,n/a,n/a,n/a,n/a,excluded,none,yes,extra,,scope excluded>drop,"direct adjudication to a party who showed interest (art. 137.4 LPAP); not an offer to the public (rule §1.1, direct_named)"
BOE-B-2026-9000#1,BOE-B-2026-9000,1,2026-03-23,5B,GIESE (Interior),Organismo Autónomo Gerencia de Infraestructuras y Equipamiento de la Seguridad del Estado,numbered,building,covered,,none,lot,,0,no,no,no,no,no,no,covered,none,yes,R1,,none,former Guardia Civil barracks; no energy statement
BOE-B-2026-9000#2,BOE-B-2026-9000,2,2026-03-23,5B,GIESE (Interior),Organismo Autónomo Gerencia de Infraestructuras y Equipamiento de la Seguridad del Estado,numbered,residential,covered,,none,lot,,0,no,no,no,no,no,no,covered,none,yes,R1,,none,former Guardia Civil house-barracks; no energy statement
BOE-B-2026-9000#3,BOE-B-2026-9000,3,2026-03-23,5B,GIESE (Interior),Organismo Autónomo Gerencia de Infraestructuras y Equipamiento de la Seguridad del Estado,numbered,building,covered,,none,lot,,0,no,no,no,no,no,no,covered,none,yes,R1,,none,former Guardia Civil barracks; no energy statement
BOE-B-2026-9034#1,BOE-B-2026-9034,1,2026-03-23,5B,TGSS,Dirección Provincial de la Tesorería General de la Seguridad Social de Burgos,single,land,excluded,land: not a building (art. 2.h),none,lot,,0,excluded,n/a,n/a,n/a,n/a,n/a,excluded,none,no,,,,
BOE-B-2026-9511#1,BOE-B-2026-9511,1,2026-03-27,5B,TGSS,Dirección Provincial de la Tesorería General de la Seguridad Social de Gipuzkoa,numbered,commercial,covered,,rating,lot,CD,1,yes,yes,yes,yes,yes,yes,covered,rating,no,,,,
BOE-B-2026-9511#2,BOE-B-2026-9511,2,2026-03-27,5B,TGSS,Dirección Provincial de la Tesorería General de la Seguridad Social de Gipuzkoa,numbered,unknown,drop,,none,lot,,0,dropped,n/a,n/a,n/a,n/a,n/a,undeterminable,none,yes,R3,,scope undeterminable>drop,"numbered condition of the notice, not a lot"
BOE-B-2026-9511#3,BOE-B-2026-9511,3,2026-03-27,5B,TGSS,Dirección Provincial de la Tesorería General de la Seguridad Social de Gipuzkoa,numbered,unknown,drop,,none,lot,,0,dropped,n/a,n/a,n/a,n/a,n/a,undeterminable,none,yes,R3,,scope undeterminable>drop,"numbered condition of the notice, not a lot"
BOE-B-2026-9511#4,BOE-B-2026-9511,4,2026-03-27,5B,TGSS,Dirección Provincial de la Tesorería General de la Seguridad Social de Gipuzkoa,numbered,unknown,drop,,none,lot,,0,dropped,n/a,n/a,n/a,n/a,n/a,undeterminable,none,yes,R3,,scope undeterminable>drop,"numbered condition of the notice, not a lot"
BOE-B-2026-9511#5,BOE-B-2026-9511,5,2026-03-27,5B,TGSS,Dirección Provincial de la Tesorería General de la Seguridad Social de Gipuzkoa,numbered,building,drop,,none,lot,,0,dropped,n/a,n/a,n/a,n/a,n/a,covered,none,yes,R1,,scope covered>drop,"numbered condition of the notice, not a lot"
BOE-B-2026-10019#1,BOE-B-2026-10019,1,2026-03-31,5B,TGSS,Dirección Provincial de la Tesorería General de la Seguridad Social de Salamanca,single,garage,excluded,garage or storage room (MITECO FAQ v6.0 no. 14),none,lot,,0,excluded,n/a,n/a,n/a,n/a,n/a,excluded,none,yes,R4,,none,garage or parking space; confirmed
BOE-B-2026-10020#?,BOE-B-2026-10020,?,2026-03-31,5B,TGSS,Dirección Provincial de la Tesorería General de la Seguridad Social de Sevilla,unsplit,commercial,covered,,rating,lot,FG,1,yes,yes,yes,yes,yes,yes,covered,rating,yes,extra,,none,"one premises made of several registered fincas joined physically, so one lot; rating stated"
BOE-B-2026-10414#1,BOE-B-2026-10414,1,2026-04-06,5B,Patrimonio del Estado (DEH),Delegación Especial de Economía y Hacienda en Madrid,lote_header,land,excluded,land: not a building (art. 2.h),none,lot,,0,excluded,n/a,n/a,n/a,n/a,n/a,excluded,none,no,,,,
BOE-B-2026-10414#2,BOE-B-2026-10414,2,2026-04-06,5B,Patrimonio del Estado (DEH),Delegación Especial de Economía y Hacienda en Madrid,lote_header,land,excluded,land: not a building (art. 2.h),none,lot,,0,excluded,n/a,n/a,n/a,n/a,n/a,excluded,none,no,,,,
BOE-B-2026-10414#3,BOE-B-2026-10414,3,2026-04-06,5B,Patrimonio del Estado (DEH),Delegación Especial de Economía y Hacienda en Madrid,lote_header,land,excluded,land: not a building (art. 2.h),none,lot,,0,excluded,n/a,n/a,n/a,n/a,n/a,excluded,none,no,,,,
BOE-B-2026-10414#4,BOE-B-2026-10414,4,2026-04-06,5B,Patrimonio del Estado (DEH),Delegación Especial de Economía y Hacienda en Madrid,lote_header,land,excluded,land: not a building (art. 2.h),none,lot,,0,excluded,n/a,n/a,n/a,n/a,n/a,excluded,none,no,,,,
BOE-B-2026-10414#5,BOE-B-2026-10414,5,2026-04-06,5B,Patrimonio del Estado (DEH),Delegación Especial de Economía y Hacienda en Madrid,lote_header,land,excluded,land: not a building (art. 2.h),none,lot,,0,excluded,n/a,n/a,n/a,n/a,n/a,excluded,none,no,,,,
BOE-B-2026-10744#1,BOE-B-2026-10744,1,2026-04-07,5B,TGSS,Dirección Provincial de la Tesorería General de la Seguridad Social de A Coruña,single,residential,covered,,none,lot,,0,no,no,no,no,no,no,covered,none,yes,R1,,none,"dwelling (44 m2, in a building); no energy statement"
BOE-B-2026-10828#1,BOE-B-2026-10828,1,2026-04-08,5B,TGSS,Dirección Provincial de la Tesorería General de la Seguridad Social de Gipuzkoa,numbered,commercial,covered,,rating,lot,D,1,yes,yes,yes,yes,yes,yes,covered,rating,yes,R2,,none,rating letter(s) stated in the lot; confirmed
BOE-B-2026-10828#2,BOE-B-2026-10828,2,2026-04-08,5B,TGSS,Dirección Provincial de la Tesorería General de la Seguridad Social de Gipuzkoa,numbered,unknown,drop,,none,lot,,0,dropped,n/a,n/a,n/a,n/a,n/a,undeterminable,none,yes,R3,,scope undeterminable>drop,"numbered condition of the notice, not a lot"
BOE-B-2026-10828#3,BOE-B-2026-10828,3,2026-04-08,5B,TGSS,Dirección Provincial de la Tesorería General de la Seguridad Social de Gipuzkoa,numbered,unknown,drop,,none,lot,,0,dropped,n/a,n/a,n/a,n/a,n/a,undeterminable,none,yes,R3,,scope undeterminable>drop,"numbered condition of the notice, not a lot"
BOE-B-2026-10828#4,BOE-B-2026-10828,4,2026-04-08,5B,TGSS,Dirección Provincial de la Tesorería General de la Seguridad Social de Gipuzkoa,numbered,unknown,drop,,none,lot,,0,dropped,n/a,n/a,n/a,n/a,n/a,undeterminable,none,yes,R3,,scope undeterminable>drop,"numbered condition of the notice, not a lot"
BOE-B-2026-10828#5,BOE-B-2026-10828,5,2026-04-08,5B,TGSS,Dirección Provincial de la Tesorería General de la Seguridad Social de Gipuzkoa,numbered,building,drop,,none,lot,,0,dropped,n/a,n/a,n/a,n/a,n/a,covered,none,yes,R1,,scope covered>drop,"numbered condition of the notice, not a lot"
BOE-B-2026-11316#1,BOE-B-2026-11316,1,2026-04-13,5B,Patrimonio del Estado (DEH),Delegación Especial de Economía y Hacienda en Madrid,lote_header,land,excluded,land: not a building (art. 2.h),none,lot,,0,excluded,n/a,n/a,n/a,n/a,n/a,excluded,none,no,,,,
BOE-B-2026-11316#2,BOE-B-2026-11316,2,2026-04-13,5B,Patrimonio del Estado (DEH),Delegación Especial de Economía y Hacienda en Madrid,lote_header,land,excluded,land: not a building (art. 2.h),none,lot,,0,excluded,n/a,n/a,n/a,n/a,n/a,excluded,none,no,,,,
BOE-B-2026-11316#3,BOE-B-2026-11316,3,2026-04-13,5B,Patrimonio del Estado (DEH),Delegación Especial de Economía y Hacienda en Madrid,lote_header,land,excluded,land: not a building (art. 2.h),none,lot,,0,excluded,n/a,n/a,n/a,n/a,n/a,excluded,none,no,,,,
BOE-B-2026-11316#4,BOE-B-2026-11316,4,2026-04-13,5B,Patrimonio del Estado (DEH),Delegación Especial de Economía y Hacienda en Madrid,lote_header,land,excluded,land: not a building (art. 2.h),none,lot,,0,excluded,n/a,n/a,n/a,n/a,n/a,excluded,none,no,,,,
BOE-B-2026-11316#5,BOE-B-2026-11316,5,2026-04-13,5B,Patrimonio del Estado (DEH),Delegación Especial de Economía y Hacienda en Madrid,lote_header,land,excluded,land: not a building (art. 2.h),none,lot,,0,excluded,n/a,n/a,n/a,n/a,n/a,excluded,none,no,,,,
BOE-B-2026-11318#r1,BOE-B-2026-11318,r1,2026-04-13,5B,GIESE (Interior),Organismo Autónomo Gerencia de Infraestructuras y Equipamiento de la Seguridad del Estado,single,residential,covered,,none,lot,,0,no,no,no,no,no,no,covered,none,yes,R1,,split,former Guardia Civil house-barracks; no energy statement
BOE-B-2026-11318#r2,BOE-B-2026-11318,r2,2026-04-13,5B,GIESE (Interior),Organismo Autónomo Gerencia de Infraestructuras y Equipamiento de la Seguridad del Estado,single,building,covered,,none,lot,,0,no,no,no,no,no,no,covered,none,yes,R1,,split; type residential>building,former police station; no energy statement
BOE-B-2026-11318#r3,BOE-B-2026-11318,r3,2026-04-13,5B,GIESE (Interior),Organismo Autónomo Gerencia de Infraestructuras y Equipamiento de la Seguridad del Estado,single,building,covered,,none,lot,,0,no,no,no,no,no,no,covered,none,yes,R1,,split; type residential>building,former police station; no energy statement
BOE-B-2026-11561#1,BOE-B-2026-11561,1,2026-04-14,5B,TGSS,Dirección Provincial de la Tesorería General de la Seguridad Social de Madrid,lote_header,commercial,covered,,rating,lot,CD,1,yes,yes,yes,yes,yes,yes,covered,rating,no,,,,
BOE-B-2026-11561#2,BOE-B-2026-11561,2,2026-04-14,5B,TGSS,Dirección Provincial de la Tesorería General de la Seguridad Social de Madrid,lote_header,residential,covered,,rating,lot,E,1,yes,yes,yes,yes,yes,yes,covered,rating,no,,,,
BOE-B-2026-11561#3,BOE-B-2026-11561,3,2026-04-14,5B,TGSS,Dirección Provincial de la Tesorería General de la Seguridad Social de Madrid,lote_header,residential,covered,,rating,lot,E,1,yes,yes,yes,yes,yes,yes,covered,rating,no,,,,
BOE-B-2026-11561#4,BOE-B-2026-11561,4,2026-04-14,5B,TGSS,Dirección Provincial de la Tesorería General de la Seguridad Social de Madrid,lote_header,industrial_agricultural,covered,,rating,lot,DF,1,yes,yes,yes,yes,yes,yes,excluded,rating,yes,R4,,scope excluded>covered,"same industrial unit re-auctioned; registered certificate stated (F, D); art. 3.2.c applies only to low-demand parts"
BOE-B-2026-11562#1,BOE-B-2026-11562,1,2026-04-14,5B,TGSS,Dirección Provincial de la Tesorería General de la Seguridad Social de Tarragona,lote_header,commercial,covered,,rating,lot,DE,1,yes,yes,yes,yes,yes,yes,covered,rating,yes,R2,,none,rating letter(s) stated in the lot; confirmed
BOE-B-2026-11562#2,BOE-B-2026-11562,2,2026-04-14,5B,TGSS,Dirección Provincial de la Tesorería General de la Seguridad Social de Tarragona,lote_header,commercial,covered,,rating,lot,C,1,yes,yes,yes,yes,yes,yes,covered,rating,no,,,,
BOE-B-2026-11732#1,BOE-B-2026-11732,1,2026-04-16,5B,Patrimonio del Estado (DEH),Delegación de Economía y Hacienda en Ciudad Real,lote_header,land,excluded,land: not a building (art. 2.h),none,lot,,0,excluded,n/a,n/a,n/a,n/a,n/a,excluded,none,no,,,,
BOE-B-2026-11732#10,BOE-B-2026-11732,10,2026-04-16,5B,Patrimonio del Estado (DEH),Delegación de Economía y Hacienda en Ciudad Real,lote_header,land,excluded,land: not a building (art. 2.h),none,lot,,0,excluded,n/a,n/a,n/a,n/a,n/a,excluded,none,no,,,,
BOE-B-2026-11732#2,BOE-B-2026-11732,2,2026-04-16,5B,Patrimonio del Estado (DEH),Delegación de Economía y Hacienda en Ciudad Real,lote_header,land,excluded,land: not a building (art. 2.h),none,lot,,0,excluded,n/a,n/a,n/a,n/a,n/a,excluded,none,no,,,,
BOE-B-2026-11732#3,BOE-B-2026-11732,3,2026-04-16,5B,Patrimonio del Estado (DEH),Delegación de Economía y Hacienda en Ciudad Real,lote_header,building,excluded,declared exempt by the seller,exempt_declared,lot,,0,excluded,n/a,n/a,n/a,n/a,no,covered,certificate_reference,yes,R1,none_stated,scope covered>excluded; energy certificate_reference>exempt_declared,"notice says the building is exempted (""eximido"") without a ground; partly collapsed house (re-auction of BOE-B-2025-37964 lot 1)"
BOE-B-2026-11732#4,BOE-B-2026-11732,4,2026-04-16,5B,Patrimonio del Estado (DEH),Delegación de Economía y Hacienda en Ciudad Real,lote_header,land,excluded,land: not a building (art. 2.h),none,lot,,0,excluded,n/a,n/a,n/a,n/a,n/a,excluded,none,no,,,,
BOE-B-2026-11732#5,BOE-B-2026-11732,5,2026-04-16,5B,Patrimonio del Estado (DEH),Delegación de Economía y Hacienda en Ciudad Real,lote_header,land,excluded,land: not a building (art. 2.h),none,lot,,0,excluded,n/a,n/a,n/a,n/a,n/a,excluded,none,no,,,,
BOE-B-2026-11732#6,BOE-B-2026-11732,6,2026-04-16,5B,Patrimonio del Estado (DEH),Delegación de Economía y Hacienda en Ciudad Real,lote_header,land,excluded,land: not a building (art. 2.h),none,lot,,0,excluded,n/a,n/a,n/a,n/a,n/a,excluded,none,no,,,,
BOE-B-2026-11732#7,BOE-B-2026-11732,7,2026-04-16,5B,Patrimonio del Estado (DEH),Delegación de Economía y Hacienda en Ciudad Real,lote_header,land,excluded,land: not a building (art. 2.h),none,lot,,0,excluded,n/a,n/a,n/a,n/a,n/a,excluded,none,no,,,,
BOE-B-2026-11732#8,BOE-B-2026-11732,8,2026-04-16,5B,Patrimonio del Estado (DEH),Delegación de Economía y Hacienda en Ciudad Real,lote_header,land,excluded,land: not a building (art. 2.h),none,lot,,0,excluded,n/a,n/a,n/a,n/a,n/a,excluded,none,no,,,,
BOE-B-2026-11732#9,BOE-B-2026-11732,9,2026-04-16,5B,Patrimonio del Estado (DEH),Delegación de Economía y Hacienda en Ciudad Real,lote_header,land,excluded,land: not a building (art. 2.h),none,lot,,0,excluded,n/a,n/a,n/a,n/a,n/a,excluded,none,no,,,,
BOE-B-2026-11734#1,BOE-B-2026-11734,1,2026-04-16,5B,Patrimonio del Estado (DEH),Delegación de Economía y Hacienda en León,lote_header,land,excluded,land: not a building (art. 2.h),none,lot,,0,excluded,n/a,n/a,n/a,n/a,n/a,excluded,none,no,,,,
BOE-B-2026-11734#10,BOE-B-2026-11734,10,2026-04-16,5B,Patrimonio del Estado (DEH),Delegación de Economía y Hacienda en León,lote_header,land,excluded,land: not a building (art. 2.h),none,lot,,0,excluded,n/a,n/a,n/a,n/a,n/a,excluded,none,no,,,,
BOE-B-2026-11734#11,BOE-B-2026-11734,11,2026-04-16,5B,Patrimonio del Estado (DEH),Delegación de Economía y Hacienda en León,lote_header,land,excluded,land: not a building (art. 2.h),none,lot,,0,excluded,n/a,n/a,n/a,n/a,n/a,excluded,none,no,,,,
BOE-B-2026-11734#12,BOE-B-2026-11734,12,2026-04-16,5B,Patrimonio del Estado (DEH),Delegación de Economía y Hacienda en León,lote_header,land,excluded,land: not a building (art. 2.h),none,lot,,0,excluded,n/a,n/a,n/a,n/a,n/a,excluded,none,no,,,,
BOE-B-2026-11734#13,BOE-B-2026-11734,13,2026-04-16,5B,Patrimonio del Estado (DEH),Delegación de Economía y Hacienda en León,lote_header,land,excluded,land: not a building (art. 2.h),none,lot,,0,excluded,n/a,n/a,n/a,n/a,n/a,excluded,none,no,,,,
BOE-B-2026-11734#14,BOE-B-2026-11734,14,2026-04-16,5B,Patrimonio del Estado (DEH),Delegación de Economía y Hacienda en León,lote_header,land,excluded,land: not a building (art. 2.h),none,lot,,0,excluded,n/a,n/a,n/a,n/a,n/a,excluded,none,no,,,,
BOE-B-2026-11734#15,BOE-B-2026-11734,15,2026-04-16,5B,Patrimonio del Estado (DEH),Delegación de Economía y Hacienda en León,lote_header,land,excluded,land: not a building (art. 2.h),none,lot,,0,excluded,n/a,n/a,n/a,n/a,n/a,excluded,none,no,,,,
BOE-B-2026-11734#16,BOE-B-2026-11734,16,2026-04-16,5B,Patrimonio del Estado (DEH),Delegación de Economía y Hacienda en León,lote_header,land,excluded,land: not a building (art. 2.h),none,lot,,0,excluded,n/a,n/a,n/a,n/a,n/a,excluded,none,no,,,,
BOE-B-2026-11734#17,BOE-B-2026-11734,17,2026-04-16,5B,Patrimonio del Estado (DEH),Delegación de Economía y Hacienda en León,lote_header,land,excluded,land: not a building (art. 2.h),none,lot,,0,excluded,n/a,n/a,n/a,n/a,n/a,excluded,none,no,,,,
BOE-B-2026-11734#18,BOE-B-2026-11734,18,2026-04-16,5B,Patrimonio del Estado (DEH),Delegación de Economía y Hacienda en León,lote_header,land,excluded,land: not a building (art. 2.h),none,lot,,0,excluded,n/a,n/a,n/a,n/a,n/a,excluded,none,no,,,,
BOE-B-2026-11734#19,BOE-B-2026-11734,19,2026-04-16,5B,Patrimonio del Estado (DEH),Delegación de Economía y Hacienda en León,lote_header,land,excluded,land: not a building (art. 2.h),none,lot,,0,excluded,n/a,n/a,n/a,n/a,n/a,excluded,none,no,,,,
BOE-B-2026-11734#2,BOE-B-2026-11734,2,2026-04-16,5B,Patrimonio del Estado (DEH),Delegación de Economía y Hacienda en León,lote_header,land,excluded,land: not a building (art. 2.h),none,lot,,0,excluded,n/a,n/a,n/a,n/a,n/a,excluded,none,no,,,,
BOE-B-2026-11734#20,BOE-B-2026-11734,20,2026-04-16,5B,Patrimonio del Estado (DEH),Delegación de Economía y Hacienda en León,lote_header,land,excluded,land: not a building (art. 2.h),none,lot,,0,excluded,n/a,n/a,n/a,n/a,n/a,excluded,none,no,,,,
BOE-B-2026-11734#21,BOE-B-2026-11734,21,2026-04-16,5B,Patrimonio del Estado (DEH),Delegación de Economía y Hacienda en León,lote_header,land,excluded,land: not a building (art. 2.h),none,lot,,0,excluded,n/a,n/a,n/a,n/a,n/a,excluded,none,no,,,,
BOE-B-2026-11734#22,BOE-B-2026-11734,22,2026-04-16,5B,Patrimonio del Estado (DEH),Delegación de Economía y Hacienda en León,lote_header,land,excluded,land: not a building (art. 2.h),none,lot,,0,excluded,n/a,n/a,n/a,n/a,n/a,excluded,none,no,,,,
BOE-B-2026-11734#23,BOE-B-2026-11734,23,2026-04-16,5B,Patrimonio del Estado (DEH),Delegación de Economía y Hacienda en León,lote_header,land,excluded,land: not a building (art. 2.h),none,lot,,0,excluded,n/a,n/a,n/a,n/a,n/a,excluded,none,no,,,,
BOE-B-2026-11734#24,BOE-B-2026-11734,24,2026-04-16,5B,Patrimonio del Estado (DEH),Delegación de Economía y Hacienda en León,lote_header,land,excluded,land: not a building (art. 2.h),none,lot,,0,excluded,n/a,n/a,n/a,n/a,n/a,excluded,none,no,,,,
BOE-B-2026-11734#25,BOE-B-2026-11734,25,2026-04-16,5B,Patrimonio del Estado (DEH),Delegación de Economía y Hacienda en León,lote_header,land,excluded,land: not a building (art. 2.h),none,lot,,0,excluded,n/a,n/a,n/a,n/a,n/a,excluded,none,no,,,,
BOE-B-2026-11734#26,BOE-B-2026-11734,26,2026-04-16,5B,Patrimonio del Estado (DEH),Delegación de Economía y Hacienda en León,lote_header,land,excluded,land: not a building (art. 2.h),none,lot,,0,excluded,n/a,n/a,n/a,n/a,n/a,excluded,none,no,,,,
BOE-B-2026-11734#27,BOE-B-2026-11734,27,2026-04-16,5B,Patrimonio del Estado (DEH),Delegación de Economía y Hacienda en León,lote_header,land,excluded,land: not a building (art. 2.h),none,lot,,0,excluded,n/a,n/a,n/a,n/a,n/a,excluded,none,no,,,,
BOE-B-2026-11734#28,BOE-B-2026-11734,28,2026-04-16,5B,Patrimonio del Estado (DEH),Delegación de Economía y Hacienda en León,lote_header,land,excluded,land: not a building (art. 2.h),none,lot,,0,excluded,n/a,n/a,n/a,n/a,n/a,excluded,none,no,,,,
BOE-B-2026-11734#29,BOE-B-2026-11734,29,2026-04-16,5B,Patrimonio del Estado (DEH),Delegación de Economía y Hacienda en León,lote_header,land,excluded,land: not a building (art. 2.h),none,lot,,0,excluded,n/a,n/a,n/a,n/a,n/a,excluded,none,no,,,,
BOE-B-2026-11734#3,BOE-B-2026-11734,3,2026-04-16,5B,Patrimonio del Estado (DEH),Delegación de Economía y Hacienda en León,lote_header,land,excluded,land: not a building (art. 2.h),none,lot,,0,excluded,n/a,n/a,n/a,n/a,n/a,excluded,none,no,,,,
BOE-B-2026-11734#30,BOE-B-2026-11734,30,2026-04-16,5B,Patrimonio del Estado (DEH),Delegación de Economía y Hacienda en León,lote_header,land,excluded,land: not a building (art. 2.h),none,lot,,0,excluded,n/a,n/a,n/a,n/a,n/a,excluded,none,no,,,,
BOE-B-2026-11734#31,BOE-B-2026-11734,31,2026-04-16,5B,Patrimonio del Estado (DEH),Delegación de Economía y Hacienda en León,lote_header,land,excluded,land: not a building (art. 2.h),none,lot,,0,excluded,n/a,n/a,n/a,n/a,n/a,excluded,none,no,,,,
BOE-B-2026-11734#32,BOE-B-2026-11734,32,2026-04-16,5B,Patrimonio del Estado (DEH),Delegación de Economía y Hacienda en León,lote_header,land,excluded,land: not a building (art. 2.h),none,lot,,0,excluded,n/a,n/a,n/a,n/a,n/a,excluded,none,no,,,,
BOE-B-2026-11734#33,BOE-B-2026-11734,33,2026-04-16,5B,Patrimonio del Estado (DEH),Delegación de Economía y Hacienda en León,lote_header,land,excluded,land: not a building (art. 2.h),none,lot,,0,excluded,n/a,n/a,n/a,n/a,n/a,excluded,none,no,,,,
BOE-B-2026-11734#34,BOE-B-2026-11734,34,2026-04-16,5B,Patrimonio del Estado (DEH),Delegación de Economía y Hacienda en León,lote_header,land,excluded,land: not a building (art. 2.h),none,lot,,0,excluded,n/a,n/a,n/a,n/a,n/a,excluded,none,no,,,,
BOE-B-2026-11734#35,BOE-B-2026-11734,35,2026-04-16,5B,Patrimonio del Estado (DEH),Delegación de Economía y Hacienda en León,lote_header,land,excluded,land: not a building (art. 2.h),none,lot,,0,excluded,n/a,n/a,n/a,n/a,n/a,excluded,none,no,,,,
BOE-B-2026-11734#36,BOE-B-2026-11734,36,2026-04-16,5B,Patrimonio del Estado (DEH),Delegación de Economía y Hacienda en León,lote_header,land,excluded,land: not a building (art. 2.h),none,lot,,0,excluded,n/a,n/a,n/a,n/a,n/a,excluded,none,no,,,,
BOE-B-2026-11734#37,BOE-B-2026-11734,37,2026-04-16,5B,Patrimonio del Estado (DEH),Delegación de Economía y Hacienda en León,lote_header,land,excluded,land: not a building (art. 2.h),none,lot,,0,excluded,n/a,n/a,n/a,n/a,n/a,excluded,none,no,,,,
BOE-B-2026-11734#38,BOE-B-2026-11734,38,2026-04-16,5B,Patrimonio del Estado (DEH),Delegación de Economía y Hacienda en León,lote_header,land,excluded,land: not a building (art. 2.h),none,lot,,0,excluded,n/a,n/a,n/a,n/a,n/a,excluded,none,no,,,,
BOE-B-2026-11734#39,BOE-B-2026-11734,39,2026-04-16,5B,Patrimonio del Estado (DEH),Delegación de Economía y Hacienda en León,lote_header,land,excluded,land: not a building (art. 2.h),none,lot,,0,excluded,n/a,n/a,n/a,n/a,n/a,excluded,none,no,,,,
BOE-B-2026-11734#4,BOE-B-2026-11734,4,2026-04-16,5B,Patrimonio del Estado (DEH),Delegación de Economía y Hacienda en León,lote_header,land,excluded,land: not a building (art. 2.h),none,lot,,0,excluded,n/a,n/a,n/a,n/a,n/a,excluded,none,no,,,,
BOE-B-2026-11734#40,BOE-B-2026-11734,40,2026-04-16,5B,Patrimonio del Estado (DEH),Delegación de Economía y Hacienda en León,lote_header,land,excluded,land: not a building (art. 2.h),none,lot,,0,excluded,n/a,n/a,n/a,n/a,n/a,excluded,none,no,,,,
BOE-B-2026-11734#41,BOE-B-2026-11734,41,2026-04-16,5B,Patrimonio del Estado (DEH),Delegación de Economía y Hacienda en León,lote_header,land,excluded,land: not a building (art. 2.h),none,lot,,0,excluded,n/a,n/a,n/a,n/a,n/a,excluded,none,no,,,,
BOE-B-2026-11734#42,BOE-B-2026-11734,42,2026-04-16,5B,Patrimonio del Estado (DEH),Delegación de Economía y Hacienda en León,lote_header,land,excluded,land: not a building (art. 2.h),none,lot,,0,excluded,n/a,n/a,n/a,n/a,n/a,excluded,none,no,,,,
BOE-B-2026-11734#43,BOE-B-2026-11734,43,2026-04-16,5B,Patrimonio del Estado (DEH),Delegación de Economía y Hacienda en León,lote_header,land,excluded,land: not a building (art. 2.h),none,lot,,0,excluded,n/a,n/a,n/a,n/a,n/a,excluded,none,no,,,,
BOE-B-2026-11734#44,BOE-B-2026-11734,44,2026-04-16,5B,Patrimonio del Estado (DEH),Delegación de Economía y Hacienda en León,lote_header,land,excluded,land: not a building (art. 2.h),none,lot,,0,excluded,n/a,n/a,n/a,n/a,n/a,excluded,none,no,,,,
BOE-B-2026-11734#45,BOE-B-2026-11734,45,2026-04-16,5B,Patrimonio del Estado (DEH),Delegación de Economía y Hacienda en León,lote_header,land,excluded,land: not a building (art. 2.h),none,lot,,0,excluded,n/a,n/a,n/a,n/a,n/a,excluded,none,no,,,,
BOE-B-2026-11734#46,BOE-B-2026-11734,46,2026-04-16,5B,Patrimonio del Estado (DEH),Delegación de Economía y Hacienda en León,lote_header,land,excluded,land: not a building (art. 2.h),none,lot,,0,excluded,n/a,n/a,n/a,n/a,n/a,excluded,none,no,,,,
BOE-B-2026-11734#47,BOE-B-2026-11734,47,2026-04-16,5B,Patrimonio del Estado (DEH),Delegación de Economía y Hacienda en León,lote_header,land,excluded,land: not a building (art. 2.h),none,lot,,0,excluded,n/a,n/a,n/a,n/a,n/a,excluded,none,no,,,,
BOE-B-2026-11734#48,BOE-B-2026-11734,48,2026-04-16,5B,Patrimonio del Estado (DEH),Delegación de Economía y Hacienda en León,lote_header,land,excluded,land: not a building (art. 2.h),none,lot,,0,excluded,n/a,n/a,n/a,n/a,n/a,excluded,none,no,,,,
BOE-B-2026-11734#49,BOE-B-2026-11734,49,2026-04-16,5B,Patrimonio del Estado (DEH),Delegación de Economía y Hacienda en León,lote_header,land,excluded,land: not a building (art. 2.h),none,lot,,0,excluded,n/a,n/a,n/a,n/a,n/a,excluded,none,no,,,,
BOE-B-2026-11734#5,BOE-B-2026-11734,5,2026-04-16,5B,Patrimonio del Estado (DEH),Delegación de Economía y Hacienda en León,lote_header,land,excluded,land: not a building (art. 2.h),none,lot,,0,excluded,n/a,n/a,n/a,n/a,n/a,excluded,none,no,,,,
BOE-B-2026-11734#50,BOE-B-2026-11734,50,2026-04-16,5B,Patrimonio del Estado (DEH),Delegación de Economía y Hacienda en León,lote_header,land,excluded,land: not a building (art. 2.h),none,lot,,0,excluded,n/a,n/a,n/a,n/a,n/a,excluded,none,no,,,,
BOE-B-2026-11734#51,BOE-B-2026-11734,51,2026-04-16,5B,Patrimonio del Estado (DEH),Delegación de Economía y Hacienda en León,lote_header,land,excluded,land: not a building (art. 2.h),none,lot,,0,excluded,n/a,n/a,n/a,n/a,n/a,excluded,none,no,,,,
BOE-B-2026-11734#52,BOE-B-2026-11734,52,2026-04-16,5B,Patrimonio del Estado (DEH),Delegación de Economía y Hacienda en León,lote_header,land,excluded,land: not a building (art. 2.h),none,lot,,0,excluded,n/a,n/a,n/a,n/a,n/a,excluded,none,no,,,,
BOE-B-2026-11734#53,BOE-B-2026-11734,53,2026-04-16,5B,Patrimonio del Estado (DEH),Delegación de Economía y Hacienda en León,lote_header,land,excluded,land: not a building (art. 2.h),none,lot,,0,excluded,n/a,n/a,n/a,n/a,n/a,excluded,none,no,,,,
BOE-B-2026-11734#54,BOE-B-2026-11734,54,2026-04-16,5B,Patrimonio del Estado (DEH),Delegación de Economía y Hacienda en León,lote_header,land,excluded,land: not a building (art. 2.h),none,lot,,0,excluded,n/a,n/a,n/a,n/a,n/a,excluded,none,no,,,,
BOE-B-2026-11734#55,BOE-B-2026-11734,55,2026-04-16,5B,Patrimonio del Estado (DEH),Delegación de Economía y Hacienda en León,lote_header,land,excluded,land: not a building (art. 2.h),none,lot,,0,excluded,n/a,n/a,n/a,n/a,n/a,excluded,none,no,,,,
BOE-B-2026-11734#56,BOE-B-2026-11734,56,2026-04-16,5B,Patrimonio del Estado (DEH),Delegación de Economía y Hacienda en León,lote_header,land,excluded,land: not a building (art. 2.h),none,lot,,0,excluded,n/a,n/a,n/a,n/a,n/a,excluded,none,yes,R4,,none,land (rustic or unbuilt plot); confirmed
BOE-B-2026-11734#57,BOE-B-2026-11734,57,2026-04-16,5B,Patrimonio del Estado (DEH),Delegación de Economía y Hacienda en León,lote_header,land,excluded,land: not a building (art. 2.h),none,lot,,0,excluded,n/a,n/a,n/a,n/a,n/a,excluded,none,no,,,,
BOE-B-2026-11734#58,BOE-B-2026-11734,58,2026-04-16,5B,Patrimonio del Estado (DEH),Delegación de Economía y Hacienda en León,lote_header,land,excluded,land: not a building (art. 2.h),none,lot,,0,excluded,n/a,n/a,n/a,n/a,n/a,excluded,none,no,,,,
BOE-B-2026-11734#59,BOE-B-2026-11734,59,2026-04-16,5B,Patrimonio del Estado (DEH),Delegación de Economía y Hacienda en León,lote_header,land,excluded,land: not a building (art. 2.h),none,lot,,0,excluded,n/a,n/a,n/a,n/a,n/a,excluded,none,no,,,,
BOE-B-2026-11734#6,BOE-B-2026-11734,6,2026-04-16,5B,Patrimonio del Estado (DEH),Delegación de Economía y Hacienda en León,lote_header,land,excluded,land: not a building (art. 2.h),none,lot,,0,excluded,n/a,n/a,n/a,n/a,n/a,excluded,none,no,,,,
BOE-B-2026-11734#7,BOE-B-2026-11734,7,2026-04-16,5B,Patrimonio del Estado (DEH),Delegación de Economía y Hacienda en León,lote_header,land,excluded,land: not a building (art. 2.h),none,lot,,0,excluded,n/a,n/a,n/a,n/a,n/a,excluded,none,yes,R4,,none,land (rustic or unbuilt plot); confirmed
BOE-B-2026-11734#8,BOE-B-2026-11734,8,2026-04-16,5B,Patrimonio del Estado (DEH),Delegación de Economía y Hacienda en León,lote_header,land,excluded,land: not a building (art. 2.h),none,lot,,0,excluded,n/a,n/a,n/a,n/a,n/a,excluded,none,no,,,,
BOE-B-2026-11734#9,BOE-B-2026-11734,9,2026-04-16,5B,Patrimonio del Estado (DEH),Delegación de Economía y Hacienda en León,lote_header,land,excluded,land: not a building (art. 2.h),none,lot,,0,excluded,n/a,n/a,n/a,n/a,n/a,excluded,none,no,,,,
BOE-B-2026-11735#1,BOE-B-2026-11735,1,2026-04-16,5B,Patrimonio del Estado (DEH),Delegación de Economía y Hacienda en León,lote_header,garage,excluded,garage or storage room (MITECO FAQ v6.0 no. 14),none,lot,,0,excluded,n/a,n/a,n/a,n/a,n/a,undeterminable,none,yes,R3,,scope undeterminable>excluded; type commercial>garage,1/42 undivided share of a basement garage
BOE-B-2026-11735#10,BOE-B-2026-11735,10,2026-04-16,5B,Patrimonio del Estado (DEH),Delegación de Economía y Hacienda en León,lote_header,garage,excluded,garage or storage room (MITECO FAQ v6.0 no. 14),none,lot,,0,excluded,n/a,n/a,n/a,n/a,n/a,undeterminable,none,yes,R3,,scope undeterminable>excluded; type commercial>garage,1/42 undivided share of a basement garage
BOE-B-2026-11735#11,BOE-B-2026-11735,11,2026-04-16,5B,Patrimonio del Estado (DEH),Delegación de Economía y Hacienda en León,lote_header,garage,excluded,garage or storage room (MITECO FAQ v6.0 no. 14),none,lot,,0,excluded,n/a,n/a,n/a,n/a,n/a,undeterminable,none,yes,R3,,scope undeterminable>excluded; type commercial>garage,1/42 undivided share of a basement garage
BOE-B-2026-11735#12,BOE-B-2026-11735,12,2026-04-16,5B,Patrimonio del Estado (DEH),Delegación de Economía y Hacienda en León,lote_header,garage,excluded,garage or storage room (MITECO FAQ v6.0 no. 14),none,lot,,0,excluded,n/a,n/a,n/a,n/a,n/a,undeterminable,none,yes,R3,,scope undeterminable>excluded; type commercial>garage,1/42 undivided share of a basement garage
BOE-B-2026-11735#13,BOE-B-2026-11735,13,2026-04-16,5B,Patrimonio del Estado (DEH),Delegación de Economía y Hacienda en León,lote_header,garage,excluded,garage or storage room (MITECO FAQ v6.0 no. 14),none,lot,,0,excluded,n/a,n/a,n/a,n/a,n/a,undeterminable,none,yes,R3,,scope undeterminable>excluded; type commercial>garage,1/42 undivided share of a basement garage
BOE-B-2026-11735#2,BOE-B-2026-11735,2,2026-04-16,5B,Patrimonio del Estado (DEH),Delegación de Economía y Hacienda en León,lote_header,garage,excluded,garage or storage room (MITECO FAQ v6.0 no. 14),none,lot,,0,excluded,n/a,n/a,n/a,n/a,n/a,undeterminable,none,yes,R3,,scope undeterminable>excluded; type commercial>garage,1/42 undivided share of a basement garage
BOE-B-2026-11735#3,BOE-B-2026-11735,3,2026-04-16,5B,Patrimonio del Estado (DEH),Delegación de Economía y Hacienda en León,lote_header,garage,excluded,garage or storage room (MITECO FAQ v6.0 no. 14),none,lot,,0,excluded,n/a,n/a,n/a,n/a,n/a,undeterminable,none,yes,R3,,scope undeterminable>excluded; type commercial>garage,1/42 undivided share of a basement garage
BOE-B-2026-11735#4,BOE-B-2026-11735,4,2026-04-16,5B,Patrimonio del Estado (DEH),Delegación de Economía y Hacienda en León,lote_header,garage,excluded,garage or storage room (MITECO FAQ v6.0 no. 14),none,lot,,0,excluded,n/a,n/a,n/a,n/a,n/a,undeterminable,none,yes,R3,,scope undeterminable>excluded; type commercial>garage,1/42 undivided share of a basement garage
BOE-B-2026-11735#5,BOE-B-2026-11735,5,2026-04-16,5B,Patrimonio del Estado (DEH),Delegación de Economía y Hacienda en León,lote_header,garage,excluded,garage or storage room (MITECO FAQ v6.0 no. 14),none,lot,,0,excluded,n/a,n/a,n/a,n/a,n/a,undeterminable,none,yes,R3,,scope undeterminable>excluded; type commercial>garage,1/42 undivided share of a basement garage
BOE-B-2026-11735#6,BOE-B-2026-11735,6,2026-04-16,5B,Patrimonio del Estado (DEH),Delegación de Economía y Hacienda en León,lote_header,garage,excluded,garage or storage room (MITECO FAQ v6.0 no. 14),none,lot,,0,excluded,n/a,n/a,n/a,n/a,n/a,undeterminable,none,yes,R3,,scope undeterminable>excluded; type commercial>garage,1/42 undivided share of a basement garage
BOE-B-2026-11735#7,BOE-B-2026-11735,7,2026-04-16,5B,Patrimonio del Estado (DEH),Delegación de Economía y Hacienda en León,lote_header,garage,excluded,garage or storage room (MITECO FAQ v6.0 no. 14),none,lot,,0,excluded,n/a,n/a,n/a,n/a,n/a,undeterminable,none,yes,R3,,scope undeterminable>excluded; type commercial>garage,1/42 undivided share of a basement garage
BOE-B-2026-11735#8,BOE-B-2026-11735,8,2026-04-16,5B,Patrimonio del Estado (DEH),Delegación de Economía y Hacienda en León,lote_header,garage,excluded,garage or storage room (MITECO FAQ v6.0 no. 14),none,lot,,0,excluded,n/a,n/a,n/a,n/a,n/a,undeterminable,none,yes,R3,,scope undeterminable>excluded; type commercial>garage,1/42 undivided share of a basement garage
BOE-B-2026-11735#9,BOE-B-2026-11735,9,2026-04-16,5B,Patrimonio del Estado (DEH),Delegación de Economía y Hacienda en León,lote_header,garage,excluded,garage or storage room (MITECO FAQ v6.0 no. 14),none,lot,,0,excluded,n/a,n/a,n/a,n/a,n/a,undeterminable,none,yes,R3,,scope undeterminable>excluded; type commercial>garage,1/42 undivided share of a basement garage
BOE-B-2026-11875#1,BOE-B-2026-11875,1,2026-04-17,5B,Patrimonio del Estado (DEH),Delegación Especial de Economía y Hacienda en La Rioja,lote_header,residential,covered,,certificate_reference,lot,,0,no,no,no,yes,no,no,covered,certificate_reference,yes,R1,,none,"house with stores; the heading ""Certificado de eficiencia energética"" is printed with no content"
BOE-B-2026-11875#10,BOE-B-2026-11875,10,2026-04-17,5B,Patrimonio del Estado (DEH),Delegación Especial de Economía y Hacienda en La Rioja,lote_header,land,excluded,land: not a building (art. 2.h),none,lot,,0,excluded,n/a,n/a,n/a,n/a,n/a,excluded,none,no,,,,
BOE-B-2026-11875#11,BOE-B-2026-11875,11,2026-04-17,5B,Patrimonio del Estado (DEH),Delegación Especial de Economía y Hacienda en La Rioja,lote_header,land,excluded,land: not a building (art. 2.h),none,lot,,0,excluded,n/a,n/a,n/a,n/a,n/a,excluded,none,no,,,,
BOE-B-2026-11875#12,BOE-B-2026-11875,12,2026-04-17,5B,Patrimonio del Estado (DEH),Delegación Especial de Economía y Hacienda en La Rioja,lote_header,land,excluded,land: not a building (art. 2.h),none,lot,,0,excluded,n/a,n/a,n/a,n/a,n/a,excluded,none,no,,,,
BOE-B-2026-11875#13,BOE-B-2026-11875,13,2026-04-17,5B,Patrimonio del Estado (DEH),Delegación Especial de Economía y Hacienda en La Rioja,lote_header,land,excluded,land: not a building (art. 2.h),none,lot,,0,excluded,n/a,n/a,n/a,n/a,n/a,excluded,none,no,,,,
BOE-B-2026-11875#14,BOE-B-2026-11875,14,2026-04-17,5B,Patrimonio del Estado (DEH),Delegación Especial de Economía y Hacienda en La Rioja,lote_header,land,excluded,land: not a building (art. 2.h),none,lot,,0,excluded,n/a,n/a,n/a,n/a,n/a,excluded,none,no,,,,
BOE-B-2026-11875#15,BOE-B-2026-11875,15,2026-04-17,5B,Patrimonio del Estado (DEH),Delegación Especial de Economía y Hacienda en La Rioja,lote_header,land,excluded,land: not a building (art. 2.h),none,lot,,0,excluded,n/a,n/a,n/a,n/a,n/a,excluded,none,no,,,,
BOE-B-2026-11875#16,BOE-B-2026-11875,16,2026-04-17,5B,Patrimonio del Estado (DEH),Delegación Especial de Economía y Hacienda en La Rioja,lote_header,land,excluded,land: not a building (art. 2.h),none,lot,,0,excluded,n/a,n/a,n/a,n/a,n/a,undeterminable,none,yes,R3,,scope undeterminable>excluded; type rural_with_construction>land,rustic plot; the construction word is part of the place name
BOE-B-2026-11875#17,BOE-B-2026-11875,17,2026-04-17,5B,Patrimonio del Estado (DEH),Delegación Especial de Economía y Hacienda en La Rioja,lote_header,land,excluded,land: not a building (art. 2.h),none,lot,,0,excluded,n/a,n/a,n/a,n/a,n/a,excluded,none,no,,,,
BOE-B-2026-11875#18,BOE-B-2026-11875,18,2026-04-17,5B,Patrimonio del Estado (DEH),Delegación Especial de Economía y Hacienda en La Rioja,lote_header,land,excluded,land: not a building (art. 2.h),none,lot,,0,excluded,n/a,n/a,n/a,n/a,n/a,excluded,none,no,,,,
BOE-B-2026-11875#19,BOE-B-2026-11875,19,2026-04-17,5B,Patrimonio del Estado (DEH),Delegación Especial de Economía y Hacienda en La Rioja,lote_header,land,excluded,land: not a building (art. 2.h),none,lot,,0,excluded,n/a,n/a,n/a,n/a,n/a,excluded,none,no,,,,
BOE-B-2026-11875#2,BOE-B-2026-11875,2,2026-04-17,5B,Patrimonio del Estado (DEH),Delegación Especial de Economía y Hacienda en La Rioja,lote_header,land,excluded,land: not a building (art. 2.h),none,lot,,0,excluded,n/a,n/a,n/a,n/a,n/a,excluded,none,no,,,,
BOE-B-2026-11875#20,BOE-B-2026-11875,20,2026-04-17,5B,Patrimonio del Estado (DEH),Delegación Especial de Economía y Hacienda en La Rioja,lote_header,land,excluded,land: not a building (art. 2.h),none,lot,,0,excluded,n/a,n/a,n/a,n/a,n/a,excluded,none,no,,,,
BOE-B-2026-11875#21,BOE-B-2026-11875,21,2026-04-17,5B,Patrimonio del Estado (DEH),Delegación Especial de Economía y Hacienda en La Rioja,lote_header,land,excluded,land: not a building (art. 2.h),none,lot,,0,excluded,n/a,n/a,n/a,n/a,n/a,excluded,none,no,,,,
BOE-B-2026-11875#22,BOE-B-2026-11875,22,2026-04-17,5B,Patrimonio del Estado (DEH),Delegación Especial de Economía y Hacienda en La Rioja,lote_header,land,excluded,land: not a building (art. 2.h),none,lot,,0,excluded,n/a,n/a,n/a,n/a,n/a,excluded,none,no,,,,
BOE-B-2026-11875#23,BOE-B-2026-11875,23,2026-04-17,5B,Patrimonio del Estado (DEH),Delegación Especial de Economía y Hacienda en La Rioja,lote_header,land,excluded,land: not a building (art. 2.h),none,lot,,0,excluded,n/a,n/a,n/a,n/a,n/a,excluded,none,no,,,,
BOE-B-2026-11875#24,BOE-B-2026-11875,24,2026-04-17,5B,Patrimonio del Estado (DEH),Delegación Especial de Economía y Hacienda en La Rioja,lote_header,land,excluded,land: not a building (art. 2.h),none,lot,,0,excluded,n/a,n/a,n/a,n/a,n/a,excluded,none,no,,,,
BOE-B-2026-11875#25,BOE-B-2026-11875,25,2026-04-17,5B,Patrimonio del Estado (DEH),Delegación Especial de Economía y Hacienda en La Rioja,lote_header,land,excluded,land: not a building (art. 2.h),none,lot,,0,excluded,n/a,n/a,n/a,n/a,n/a,excluded,none,no,,,,
BOE-B-2026-11875#26,BOE-B-2026-11875,26,2026-04-17,5B,Patrimonio del Estado (DEH),Delegación Especial de Economía y Hacienda en La Rioja,lote_header,land,excluded,land: not a building (art. 2.h),none,lot,,0,excluded,n/a,n/a,n/a,n/a,n/a,excluded,none,no,,,,
BOE-B-2026-11875#27,BOE-B-2026-11875,27,2026-04-17,5B,Patrimonio del Estado (DEH),Delegación Especial de Economía y Hacienda en La Rioja,lote_header,land,excluded,land: not a building (art. 2.h),none,lot,,0,excluded,n/a,n/a,n/a,n/a,n/a,excluded,none,no,,,,
BOE-B-2026-11875#28,BOE-B-2026-11875,28,2026-04-17,5B,Patrimonio del Estado (DEH),Delegación Especial de Economía y Hacienda en La Rioja,lote_header,land,excluded,land: not a building (art. 2.h),none,lot,,0,excluded,n/a,n/a,n/a,n/a,n/a,excluded,none,no,,,,
BOE-B-2026-11875#29,BOE-B-2026-11875,29,2026-04-17,5B,Patrimonio del Estado (DEH),Delegación Especial de Economía y Hacienda en La Rioja,lote_header,land,excluded,land: not a building (art. 2.h),none,lot,,0,excluded,n/a,n/a,n/a,n/a,n/a,excluded,none,no,,,,
BOE-B-2026-11875#3,BOE-B-2026-11875,3,2026-04-17,5B,Patrimonio del Estado (DEH),Delegación Especial de Economía y Hacienda en La Rioja,lote_header,land,excluded,land: not a building (art. 2.h),none,lot,,0,excluded,n/a,n/a,n/a,n/a,n/a,excluded,none,no,,,,
BOE-B-2026-11875#30,BOE-B-2026-11875,30,2026-04-17,5B,Patrimonio del Estado (DEH),Delegación Especial de Economía y Hacienda en La Rioja,lote_header,land,excluded,land: not a building (art. 2.h),none,lot,,0,excluded,n/a,n/a,n/a,n/a,n/a,excluded,none,no,,,,
BOE-B-2026-11875#31,BOE-B-2026-11875,31,2026-04-17,5B,Patrimonio del Estado (DEH),Delegación Especial de Economía y Hacienda en La Rioja,lote_header,land,excluded,land: not a building (art. 2.h),none,lot,,0,excluded,n/a,n/a,n/a,n/a,n/a,excluded,none,no,,,,
BOE-B-2026-11875#32,BOE-B-2026-11875,32,2026-04-17,5B,Patrimonio del Estado (DEH),Delegación Especial de Economía y Hacienda en La Rioja,lote_header,land,excluded,land: not a building (art. 2.h),none,lot,,0,excluded,n/a,n/a,n/a,n/a,n/a,excluded,none,no,,,,
BOE-B-2026-11875#33,BOE-B-2026-11875,33,2026-04-17,5B,Patrimonio del Estado (DEH),Delegación Especial de Economía y Hacienda en La Rioja,lote_header,land,excluded,land: not a building (art. 2.h),none,lot,,0,excluded,n/a,n/a,n/a,n/a,n/a,excluded,none,no,,,,
BOE-B-2026-11875#34,BOE-B-2026-11875,34,2026-04-17,5B,Patrimonio del Estado (DEH),Delegación Especial de Economía y Hacienda en La Rioja,lote_header,land,excluded,land: not a building (art. 2.h),none,lot,,0,excluded,n/a,n/a,n/a,n/a,n/a,excluded,none,no,,,,
BOE-B-2026-11875#35,BOE-B-2026-11875,35,2026-04-17,5B,Patrimonio del Estado (DEH),Delegación Especial de Economía y Hacienda en La Rioja,lote_header,land,excluded,land: not a building (art. 2.h),none,lot,,0,excluded,n/a,n/a,n/a,n/a,n/a,excluded,none,no,,,,
BOE-B-2026-11875#36,BOE-B-2026-11875,36,2026-04-17,5B,Patrimonio del Estado (DEH),Delegación Especial de Economía y Hacienda en La Rioja,lote_header,land,excluded,land: not a building (art. 2.h),none,lot,,0,excluded,n/a,n/a,n/a,n/a,n/a,excluded,none,no,,,,
BOE-B-2026-11875#37,BOE-B-2026-11875,37,2026-04-17,5B,Patrimonio del Estado (DEH),Delegación Especial de Economía y Hacienda en La Rioja,lote_header,land,excluded,land: not a building (art. 2.h),none,lot,,0,excluded,n/a,n/a,n/a,n/a,n/a,excluded,none,no,,,,
BOE-B-2026-11875#38,BOE-B-2026-11875,38,2026-04-17,5B,Patrimonio del Estado (DEH),Delegación Especial de Economía y Hacienda en La Rioja,lote_header,land,excluded,land: not a building (art. 2.h),none,lot,,0,excluded,n/a,n/a,n/a,n/a,n/a,excluded,none,no,,,,
BOE-B-2026-11875#39,BOE-B-2026-11875,39,2026-04-17,5B,Patrimonio del Estado (DEH),Delegación Especial de Economía y Hacienda en La Rioja,lote_header,land,excluded,land: not a building (art. 2.h),none,lot,,0,excluded,n/a,n/a,n/a,n/a,n/a,excluded,none,yes,R4,,none,land (rustic or unbuilt plot); confirmed
BOE-B-2026-11875#4,BOE-B-2026-11875,4,2026-04-17,5B,Patrimonio del Estado (DEH),Delegación Especial de Economía y Hacienda en La Rioja,lote_header,land,excluded,land: not a building (art. 2.h),none,lot,,0,excluded,n/a,n/a,n/a,n/a,n/a,excluded,none,no,,,,
BOE-B-2026-11875#40,BOE-B-2026-11875,40,2026-04-17,5B,Patrimonio del Estado (DEH),Delegación Especial de Economía y Hacienda en La Rioja,lote_header,land,excluded,land: not a building (art. 2.h),none,lot,,0,excluded,n/a,n/a,n/a,n/a,n/a,excluded,none,no,,,,
BOE-B-2026-11875#5,BOE-B-2026-11875,5,2026-04-17,5B,Patrimonio del Estado (DEH),Delegación Especial de Economía y Hacienda en La Rioja,lote_header,land,excluded,land: not a building (art. 2.h),none,lot,,0,excluded,n/a,n/a,n/a,n/a,n/a,excluded,none,no,,,,
BOE-B-2026-11875#6,BOE-B-2026-11875,6,2026-04-17,5B,Patrimonio del Estado (DEH),Delegación Especial de Economía y Hacienda en La Rioja,lote_header,land,excluded,land: not a building (art. 2.h),none,lot,,0,excluded,n/a,n/a,n/a,n/a,n/a,excluded,none,no,,,,
BOE-B-2026-11875#7,BOE-B-2026-11875,7,2026-04-17,5B,Patrimonio del Estado (DEH),Delegación Especial de Economía y Hacienda en La Rioja,lote_header,land,excluded,land: not a building (art. 2.h),none,lot,,0,excluded,n/a,n/a,n/a,n/a,n/a,excluded,none,no,,,,
BOE-B-2026-11875#8,BOE-B-2026-11875,8,2026-04-17,5B,Patrimonio del Estado (DEH),Delegación Especial de Economía y Hacienda en La Rioja,lote_header,land,excluded,land: not a building (art. 2.h),none,lot,,0,excluded,n/a,n/a,n/a,n/a,n/a,excluded,none,no,,,,
BOE-B-2026-11875#9,BOE-B-2026-11875,9,2026-04-17,5B,Patrimonio del Estado (DEH),Delegación Especial de Economía y Hacienda en La Rioja,lote_header,land,excluded,land: not a building (art. 2.h),none,lot,,0,excluded,n/a,n/a,n/a,n/a,n/a,excluded,none,yes,R4,,none,land (rustic or unbuilt plot); confirmed
BOE-B-2026-12332#1,BOE-B-2026-12332,1,2026-04-20,5B,Patrimonio del Estado (DEH),Delegación de Economía y Hacienda en León,lote_header,commercial,undeterminable,undivided share or limited right,none,lot,,0,undeterminable,n/a,n/a,n/a,n/a,n/a,covered,none,yes,R1,,scope covered>undeterminable,50% undivided share of commercial premises
BOE-B-2026-12332#10,BOE-B-2026-12332,10,2026-04-20,5B,Patrimonio del Estado (DEH),Delegación de Economía y Hacienda en León,lote_header,land,excluded,land: not a building (art. 2.h),none,lot,,0,excluded,n/a,n/a,n/a,n/a,n/a,excluded,none,no,,,,
BOE-B-2026-12332#11,BOE-B-2026-12332,11,2026-04-20,5B,Patrimonio del Estado (DEH),Delegación de Economía y Hacienda en León,lote_header,land,excluded,land: not a building (art. 2.h),none,lot,,0,excluded,n/a,n/a,n/a,n/a,n/a,excluded,none,no,,,,
BOE-B-2026-12332#12,BOE-B-2026-12332,12,2026-04-20,5B,Patrimonio del Estado (DEH),Delegación de Economía y Hacienda en León,lote_header,land,excluded,land: not a building (art. 2.h),none,lot,,0,excluded,n/a,n/a,n/a,n/a,n/a,excluded,none,no,,,,
BOE-B-2026-12332#13,BOE-B-2026-12332,13,2026-04-20,5B,Patrimonio del Estado (DEH),Delegación de Economía y Hacienda en León,lote_header,land,excluded,land: not a building (art. 2.h),none,lot,,0,excluded,n/a,n/a,n/a,n/a,n/a,excluded,none,no,,,,
BOE-B-2026-12332#14,BOE-B-2026-12332,14,2026-04-20,5B,Patrimonio del Estado (DEH),Delegación de Economía y Hacienda en León,lote_header,land,excluded,land: not a building (art. 2.h),none,lot,,0,excluded,n/a,n/a,n/a,n/a,n/a,excluded,none,no,,,,
BOE-B-2026-12332#15,BOE-B-2026-12332,15,2026-04-20,5B,Patrimonio del Estado (DEH),Delegación de Economía y Hacienda en León,lote_header,land,excluded,land: not a building (art. 2.h),none,lot,,0,excluded,n/a,n/a,n/a,n/a,n/a,excluded,none,no,,,,
BOE-B-2026-12332#16,BOE-B-2026-12332,16,2026-04-20,5B,Patrimonio del Estado (DEH),Delegación de Economía y Hacienda en León,lote_header,land,excluded,land: not a building (art. 2.h),none,lot,,0,excluded,n/a,n/a,n/a,n/a,n/a,excluded,none,no,,,,
BOE-B-2026-12332#17,BOE-B-2026-12332,17,2026-04-20,5B,Patrimonio del Estado (DEH),Delegación de Economía y Hacienda en León,lote_header,land,excluded,land: not a building (art. 2.h),none,lot,,0,excluded,n/a,n/a,n/a,n/a,n/a,excluded,none,no,,,,
BOE-B-2026-12332#2,BOE-B-2026-12332,2,2026-04-20,5B,Patrimonio del Estado (DEH),Delegación de Economía y Hacienda en León,lote_header,land,excluded,land: not a building (art. 2.h),none,lot,,0,excluded,n/a,n/a,n/a,n/a,n/a,excluded,none,no,,,,
BOE-B-2026-12332#3,BOE-B-2026-12332,3,2026-04-20,5B,Patrimonio del Estado (DEH),Delegación de Economía y Hacienda en León,lote_header,land,excluded,land: not a building (art. 2.h),none,lot,,0,excluded,n/a,n/a,n/a,n/a,n/a,excluded,none,no,,,,
BOE-B-2026-12332#4,BOE-B-2026-12332,4,2026-04-20,5B,Patrimonio del Estado (DEH),Delegación de Economía y Hacienda en León,lote_header,land,excluded,land: not a building (art. 2.h),none,lot,,0,excluded,n/a,n/a,n/a,n/a,n/a,excluded,none,no,,,,
BOE-B-2026-12332#5,BOE-B-2026-12332,5,2026-04-20,5B,Patrimonio del Estado (DEH),Delegación de Economía y Hacienda en León,lote_header,land,excluded,land: not a building (art. 2.h),none,lot,,0,excluded,n/a,n/a,n/a,n/a,n/a,excluded,none,no,,,,
BOE-B-2026-12332#6,BOE-B-2026-12332,6,2026-04-20,5B,Patrimonio del Estado (DEH),Delegación de Economía y Hacienda en León,lote_header,land,excluded,land: not a building (art. 2.h),none,lot,,0,excluded,n/a,n/a,n/a,n/a,n/a,excluded,none,no,,,,
BOE-B-2026-12332#7,BOE-B-2026-12332,7,2026-04-20,5B,Patrimonio del Estado (DEH),Delegación de Economía y Hacienda en León,lote_header,land,excluded,land: not a building (art. 2.h),none,lot,,0,excluded,n/a,n/a,n/a,n/a,n/a,excluded,none,no,,,,
BOE-B-2026-12332#8,BOE-B-2026-12332,8,2026-04-20,5B,Patrimonio del Estado (DEH),Delegación de Economía y Hacienda en León,lote_header,land,excluded,land: not a building (art. 2.h),none,lot,,0,excluded,n/a,n/a,n/a,n/a,n/a,excluded,none,no,,,,
BOE-B-2026-12332#9,BOE-B-2026-12332,9,2026-04-20,5B,Patrimonio del Estado (DEH),Delegación de Economía y Hacienda en León,lote_header,land,excluded,land: not a building (art. 2.h),none,lot,,0,excluded,n/a,n/a,n/a,n/a,n/a,excluded,none,no,,,,
BOE-B-2026-12594#?,BOE-B-2026-12594,?,2026-04-22,5B,TGSS,Dirección Provincial de la Tesorería General de la Seguridad Social de Cádiz,unsplit,commercial,covered,,rating,lot,DE,1,yes,yes,yes,yes,yes,yes,covered,rating,yes,extra,,none,"one premises made of several registered fincas joined physically, so one lot; rating stated"
BOE-B-2026-12595#1,BOE-B-2026-12595,1,2026-04-22,5B,TGSS,Tesorería General de la Seguridad Social,single,land,excluded,land: not a building (art. 2.h),none,lot,,0,excluded,n/a,n/a,n/a,n/a,n/a,excluded,none,no,,,,
BOE-B-2026-13248#1,BOE-B-2026-13248,1,2026-04-27,5B,TGSS,Dirección Provincial de la Tesorería General de la Seguridad Social de Tarragona,lote_header,land,excluded,land: not a building (art. 2.h),none,lot,,0,excluded,n/a,n/a,n/a,n/a,n/a,excluded,none,no,,,,
BOE-B-2026-13410#1,BOE-B-2026-13410,1,2026-04-28,5B,TGSS,Dirección Provincial de la Tesorería General de la Seguridad Social de Valencia,lote_header,commercial,covered,,rating,lot,E,1,yes,yes,yes,yes,yes,yes,covered,rating,yes,R2,,none,rating letter(s) stated in the lot; confirmed
BOE-B-2026-13410#2,BOE-B-2026-13410,2,2026-04-28,5B,TGSS,Dirección Provincial de la Tesorería General de la Seguridad Social de Valencia,lote_header,commercial,covered,,rating,lot,D,1,yes,yes,yes,yes,yes,yes,covered,rating,no,,,,
BOE-B-2026-13474#1,BOE-B-2026-13474,1,2026-04-29,5B,Patrimonio del Estado (DEH),Delegación de Economía y Hacienda en Teruel,table,land,excluded,land: not a building (art. 2.h),none,lot,,0,excluded,n/a,n/a,n/a,n/a,n/a,excluded,none,no,,,,
BOE-B-2026-13474#10,BOE-B-2026-13474,10,2026-04-29,5B,Patrimonio del Estado (DEH),Delegación de Economía y Hacienda en Teruel,table,land,excluded,land: not a building (art. 2.h),none,lot,,0,excluded,n/a,n/a,n/a,n/a,n/a,excluded,none,no,,,,
BOE-B-2026-13474#11,BOE-B-2026-13474,11,2026-04-29,5B,Patrimonio del Estado (DEH),Delegación de Economía y Hacienda en Teruel,table,land,excluded,land: not a building (art. 2.h),none,lot,,0,excluded,n/a,n/a,n/a,n/a,n/a,excluded,none,no,,,,
BOE-B-2026-13474#12,BOE-B-2026-13474,12,2026-04-29,5B,Patrimonio del Estado (DEH),Delegación de Economía y Hacienda en Teruel,table,land,excluded,land: not a building (art. 2.h),none,lot,,0,excluded,n/a,n/a,n/a,n/a,n/a,excluded,none,no,,,,
BOE-B-2026-13474#13,BOE-B-2026-13474,13,2026-04-29,5B,Patrimonio del Estado (DEH),Delegación de Economía y Hacienda en Teruel,table,land,excluded,land: not a building (art. 2.h),none,lot,,0,excluded,n/a,n/a,n/a,n/a,n/a,excluded,none,no,,,,
BOE-B-2026-13474#14,BOE-B-2026-13474,14,2026-04-29,5B,Patrimonio del Estado (DEH),Delegación de Economía y Hacienda en Teruel,table,land,excluded,land: not a building (art. 2.h),none,lot,,0,excluded,n/a,n/a,n/a,n/a,n/a,excluded,none,no,,,,
BOE-B-2026-13474#15,BOE-B-2026-13474,15,2026-04-29,5B,Patrimonio del Estado (DEH),Delegación de Economía y Hacienda en Teruel,table,land,excluded,land: not a building (art. 2.h),none,lot,,0,excluded,n/a,n/a,n/a,n/a,n/a,excluded,none,yes,R4,,none,land (rustic or unbuilt plot); confirmed
BOE-B-2026-13474#16,BOE-B-2026-13474,16,2026-04-29,5B,Patrimonio del Estado (DEH),Delegación de Economía y Hacienda en Teruel,table,land,excluded,land: not a building (art. 2.h),none,lot,,0,excluded,n/a,n/a,n/a,n/a,n/a,excluded,none,no,,,,
BOE-B-2026-13474#17,BOE-B-2026-13474,17,2026-04-29,5B,Patrimonio del Estado (DEH),Delegación de Economía y Hacienda en Teruel,table,land,excluded,land: not a building (art. 2.h),none,lot,,0,excluded,n/a,n/a,n/a,n/a,n/a,excluded,none,no,,,,
BOE-B-2026-13474#18,BOE-B-2026-13474,18,2026-04-29,5B,Patrimonio del Estado (DEH),Delegación de Economía y Hacienda en Teruel,table,land,excluded,land: not a building (art. 2.h),none,lot,,0,excluded,n/a,n/a,n/a,n/a,n/a,excluded,none,no,,,,
BOE-B-2026-13474#19,BOE-B-2026-13474,19,2026-04-29,5B,Patrimonio del Estado (DEH),Delegación de Economía y Hacienda en Teruel,table,land,excluded,land: not a building (art. 2.h),none,lot,,0,excluded,n/a,n/a,n/a,n/a,n/a,excluded,none,no,,,,
BOE-B-2026-13474#2,BOE-B-2026-13474,2,2026-04-29,5B,Patrimonio del Estado (DEH),Delegación de Economía y Hacienda en Teruel,table,land,excluded,land: not a building (art. 2.h),none,lot,,0,excluded,n/a,n/a,n/a,n/a,n/a,excluded,none,no,,,,
BOE-B-2026-13474#20,BOE-B-2026-13474,20,2026-04-29,5B,Patrimonio del Estado (DEH),Delegación de Economía y Hacienda en Teruel,table,unit_in_building,covered,,none,lot,,0,no,no,no,no,no,no,undeterminable,none,yes,R3,,scope undeterminable>covered; type unknown>unit_in_building,"second-floor unit of an urban building (P02), part of a building; no energy statement in the notice"
BOE-B-2026-13474#21,BOE-B-2026-13474,21,2026-04-29,5B,Patrimonio del Estado (DEH),Delegación de Economía y Hacienda en Teruel,table,land,excluded,land: not a building (art. 2.h),none,lot,,0,excluded,n/a,n/a,n/a,n/a,n/a,excluded,none,no,,,,
BOE-B-2026-13474#22,BOE-B-2026-13474,22,2026-04-29,5B,Patrimonio del Estado (DEH),Delegación de Economía y Hacienda en Teruel,table,land,excluded,land: not a building (art. 2.h),none,lot,,0,excluded,n/a,n/a,n/a,n/a,n/a,excluded,none,no,,,,
BOE-B-2026-13474#23,BOE-B-2026-13474,23,2026-04-29,5B,Patrimonio del Estado (DEH),Delegación de Economía y Hacienda en Teruel,table,land,excluded,land: not a building (art. 2.h),none,lot,,0,excluded,n/a,n/a,n/a,n/a,n/a,excluded,none,no,,,,
BOE-B-2026-13474#24,BOE-B-2026-13474,24,2026-04-29,5B,Patrimonio del Estado (DEH),Delegación de Economía y Hacienda en Teruel,table,land,excluded,land: not a building (art. 2.h),none,lot,,0,excluded,n/a,n/a,n/a,n/a,n/a,excluded,none,no,,,,
BOE-B-2026-13474#25,BOE-B-2026-13474,25,2026-04-29,5B,Patrimonio del Estado (DEH),Delegación de Economía y Hacienda en Teruel,table,land,excluded,land: not a building (art. 2.h),none,lot,,0,excluded,n/a,n/a,n/a,n/a,n/a,excluded,none,no,,,,
BOE-B-2026-13474#26,BOE-B-2026-13474,26,2026-04-29,5B,Patrimonio del Estado (DEH),Delegación de Economía y Hacienda en Teruel,table,land,excluded,land: not a building (art. 2.h),none,lot,,0,excluded,n/a,n/a,n/a,n/a,n/a,excluded,none,no,,,,
BOE-B-2026-13474#27,BOE-B-2026-13474,27,2026-04-29,5B,Patrimonio del Estado (DEH),Delegación de Economía y Hacienda en Teruel,table,land,excluded,land: not a building (art. 2.h),none,lot,,0,excluded,n/a,n/a,n/a,n/a,n/a,excluded,none,no,,,,
BOE-B-2026-13474#28,BOE-B-2026-13474,28,2026-04-29,5B,Patrimonio del Estado (DEH),Delegación de Economía y Hacienda en Teruel,table,land,excluded,land: not a building (art. 2.h),none,lot,,0,excluded,n/a,n/a,n/a,n/a,n/a,excluded,none,no,,,,
BOE-B-2026-13474#29,BOE-B-2026-13474,29,2026-04-29,5B,Patrimonio del Estado (DEH),Delegación de Economía y Hacienda en Teruel,table,land,excluded,land: not a building (art. 2.h),none,lot,,0,excluded,n/a,n/a,n/a,n/a,n/a,excluded,none,no,,,,
BOE-B-2026-13474#3,BOE-B-2026-13474,3,2026-04-29,5B,Patrimonio del Estado (DEH),Delegación de Economía y Hacienda en Teruel,table,land,excluded,land: not a building (art. 2.h),none,lot,,0,excluded,n/a,n/a,n/a,n/a,n/a,excluded,none,no,,,,
BOE-B-2026-13474#30,BOE-B-2026-13474,30,2026-04-29,5B,Patrimonio del Estado (DEH),Delegación de Economía y Hacienda en Teruel,table,land,excluded,land: not a building (art. 2.h),none,lot,,0,excluded,n/a,n/a,n/a,n/a,n/a,excluded,none,no,,,,
BOE-B-2026-13474#31,BOE-B-2026-13474,31,2026-04-29,5B,Patrimonio del Estado (DEH),Delegación de Economía y Hacienda en Teruel,table,land,excluded,land: not a building (art. 2.h),none,lot,,0,excluded,n/a,n/a,n/a,n/a,n/a,excluded,none,no,,,,
BOE-B-2026-13474#4,BOE-B-2026-13474,4,2026-04-29,5B,Patrimonio del Estado (DEH),Delegación de Economía y Hacienda en Teruel,table,land,excluded,land: not a building (art. 2.h),none,lot,,0,excluded,n/a,n/a,n/a,n/a,n/a,excluded,none,no,,,,
BOE-B-2026-13474#5,BOE-B-2026-13474,5,2026-04-29,5B,Patrimonio del Estado (DEH),Delegación de Economía y Hacienda en Teruel,table,land,excluded,land: not a building (art. 2.h),none,lot,,0,excluded,n/a,n/a,n/a,n/a,n/a,excluded,none,no,,,,
BOE-B-2026-13474#6,BOE-B-2026-13474,6,2026-04-29,5B,Patrimonio del Estado (DEH),Delegación de Economía y Hacienda en Teruel,table,land,excluded,land: not a building (art. 2.h),none,lot,,0,excluded,n/a,n/a,n/a,n/a,n/a,excluded,none,no,,,,
BOE-B-2026-13474#7,BOE-B-2026-13474,7,2026-04-29,5B,Patrimonio del Estado (DEH),Delegación de Economía y Hacienda en Teruel,table,land,excluded,land: not a building (art. 2.h),none,lot,,0,excluded,n/a,n/a,n/a,n/a,n/a,excluded,none,no,,,,
BOE-B-2026-13474#8,BOE-B-2026-13474,8,2026-04-29,5B,Patrimonio del Estado (DEH),Delegación de Economía y Hacienda en Teruel,table,land,excluded,land: not a building (art. 2.h),none,lot,,0,excluded,n/a,n/a,n/a,n/a,n/a,excluded,none,no,,,,
BOE-B-2026-13474#9,BOE-B-2026-13474,9,2026-04-29,5B,Patrimonio del Estado (DEH),Delegación de Economía y Hacienda en Teruel,table,land,excluded,land: not a building (art. 2.h),none,lot,,0,excluded,n/a,n/a,n/a,n/a,n/a,excluded,none,no,,,,
BOE-B-2026-13591#1,BOE-B-2026-13591,1,2026-04-30,5B,INVIED (Defensa),"Organismo autónomo Instituto de Vivienda, Infraestructura y Equipamiento de la Defensa",numbered,commercial,covered,,none,lot,,0,no,no,no,no,no,no,covered,none,yes,R1,,none,commercial premises; no energy statement
BOE-B-2026-13591#10,BOE-B-2026-13591,10,2026-04-30,5B,INVIED (Defensa),"Organismo autónomo Instituto de Vivienda, Infraestructura y Equipamiento de la Defensa",numbered,commercial,covered,,none,lot,,0,no,no,no,no,no,no,covered,none,yes,R1,,none,commercial premises; no energy statement
BOE-B-2026-13591#11,BOE-B-2026-13591,11,2026-04-30,5B,INVIED (Defensa),"Organismo autónomo Instituto de Vivienda, Infraestructura y Equipamiento de la Defensa",numbered,building,undeterminable,technical building of unknown use,none,lot,,0,undeterminable,n/a,n/a,n/a,n/a,n/a,covered,none,yes,R1,,scope covered>undeterminable; type residential>building,"former machine house on a 396 m2 plot, use and conditioning unknown"
BOE-B-2026-13591#12,BOE-B-2026-13591,12,2026-04-30,5B,INVIED (Defensa),"Organismo autónomo Instituto de Vivienda, Infraestructura y Equipamiento de la Defensa",numbered,land,excluded,land: not a building (art. 2.h),none,lot,,0,excluded,n/a,n/a,n/a,n/a,n/a,excluded,none,no,,,,
BOE-B-2026-13591#13,BOE-B-2026-13591,13,2026-04-30,5B,INVIED (Defensa),"Organismo autónomo Instituto de Vivienda, Infraestructura y Equipamiento de la Defensa",numbered,commercial,covered,,none,lot,,0,no,no,no,no,no,no,covered,none,yes,R1,,none,commercial premises; no energy statement
BOE-B-2026-13591#14,BOE-B-2026-13591,14,2026-04-30,5B,INVIED (Defensa),"Organismo autónomo Instituto de Vivienda, Infraestructura y Equipamiento de la Defensa",numbered,building,covered,,none,lot,,0,no,no,no,no,no,no,covered,none,yes,R1,,none,former barracks with officers' and NCOs' residences; no energy statement
BOE-B-2026-13591#15,BOE-B-2026-13591,15,2026-04-30,5B,INVIED (Defensa),"Organismo autónomo Instituto de Vivienda, Infraestructura y Equipamiento de la Defensa",numbered,land,excluded,land: not a building (art. 2.h),none,lot,,0,excluded,n/a,n/a,n/a,n/a,n/a,covered,none,yes,R1,,scope covered>excluded; type residential>land,rustic plot without construction
BOE-B-2026-13591#16,BOE-B-2026-13591,16,2026-04-30,5B,INVIED (Defensa),"Organismo autónomo Instituto de Vivienda, Infraestructura y Equipamiento de la Defensa",numbered,land,excluded,land: not a building (art. 2.h),none,lot,,0,excluded,n/a,n/a,n/a,n/a,n/a,excluded,none,no,,,,
BOE-B-2026-13591#17,BOE-B-2026-13591,17,2026-04-30,5B,INVIED (Defensa),"Organismo autónomo Instituto de Vivienda, Infraestructura y Equipamiento de la Defensa",numbered,commercial,covered,,none,lot,,0,no,no,no,no,no,no,covered,none,yes,R1,,none,commercial premises; no energy statement
BOE-B-2026-13591#18,BOE-B-2026-13591,18,2026-04-30,5B,INVIED (Defensa),"Organismo autónomo Instituto de Vivienda, Infraestructura y Equipamiento de la Defensa",numbered,commercial,covered,,none,lot,,0,no,no,no,no,no,no,covered,none,yes,R1,,none,commercial premises; no energy statement
BOE-B-2026-13591#19,BOE-B-2026-13591,19,2026-04-30,5B,INVIED (Defensa),"Organismo autónomo Instituto de Vivienda, Infraestructura y Equipamiento de la Defensa",numbered,land,excluded,land: not a building (art. 2.h),none,lot,,0,excluded,n/a,n/a,n/a,n/a,n/a,excluded,none,no,,,,
BOE-B-2026-13591#2,BOE-B-2026-13591,2,2026-04-30,5B,INVIED (Defensa),"Organismo autónomo Instituto de Vivienda, Infraestructura y Equipamiento de la Defensa",numbered,commercial,covered,,none,lot,,0,no,no,no,no,no,no,covered,none,yes,R1,,none,commercial premises; no energy statement
BOE-B-2026-13591#3,BOE-B-2026-13591,3,2026-04-30,5B,INVIED (Defensa),"Organismo autónomo Instituto de Vivienda, Infraestructura y Equipamiento de la Defensa",numbered,commercial,covered,,none,lot,,0,no,no,no,no,no,no,covered,none,yes,R1,,none,commercial premises; no energy statement
BOE-B-2026-13591#4,BOE-B-2026-13591,4,2026-04-30,5B,INVIED (Defensa),"Organismo autónomo Instituto de Vivienda, Infraestructura y Equipamiento de la Defensa",numbered,land,excluded,land: not a building (art. 2.h),none,lot,,0,excluded,n/a,n/a,n/a,n/a,n/a,undeterminable,none,yes,R3,,scope undeterminable>excluded; type rural_with_construction>land,plot of a former radio beacon on rustic land
BOE-B-2026-13591#5,BOE-B-2026-13591,5,2026-04-30,5B,INVIED (Defensa),"Organismo autónomo Instituto de Vivienda, Infraestructura y Equipamiento de la Defensa",numbered,land,excluded,land: not a building (art. 2.h),none,lot,,0,excluded,n/a,n/a,n/a,n/a,n/a,covered,none,yes,R1,,scope covered>excluded; type residential>land,"former military camp, 12.8 ha of rustic land (cadastral 0000)"
BOE-B-2026-13591#6,BOE-B-2026-13591,6,2026-04-30,5B,INVIED (Defensa),"Organismo autónomo Instituto de Vivienda, Infraestructura y Equipamiento de la Defensa",numbered,land,excluded,land: not a building (art. 2.h),none,lot,,0,excluded,n/a,n/a,n/a,n/a,n/a,excluded,none,no,,,,
BOE-B-2026-13591#7,BOE-B-2026-13591,7,2026-04-30,5B,INVIED (Defensa),"Organismo autónomo Instituto de Vivienda, Infraestructura y Equipamiento de la Defensa",numbered,land,excluded,land: not a building (art. 2.h),none,lot,,0,excluded,n/a,n/a,n/a,n/a,n/a,excluded,none,no,,,,
BOE-B-2026-13591#8,BOE-B-2026-13591,8,2026-04-30,5B,INVIED (Defensa),"Organismo autónomo Instituto de Vivienda, Infraestructura y Equipamiento de la Defensa",numbered,commercial,covered,,none,lot,,0,no,no,no,no,no,no,covered,none,yes,R1,,none,commercial premises; no energy statement
BOE-B-2026-13591#9,BOE-B-2026-13591,9,2026-04-30,5B,INVIED (Defensa),"Organismo autónomo Instituto de Vivienda, Infraestructura y Equipamiento de la Defensa",numbered,commercial,covered,,none,lot,,0,no,no,no,no,no,no,covered,none,yes,R1,,none,commercial premises (basements); no energy statement
BOE-B-2026-14342#1,BOE-B-2026-14342,1,2026-05-06,5B,Patrimonio del Estado (DEH),Delegación de Economía y Hacienda en Castellón-Unidad de Patrimonio del Estado,single,unknown,drop,,none,lot,,0,dropped,n/a,n/a,n/a,n/a,n/a,undeterminable,none,yes,R3,,scope undeterminable>drop,"direct sale to the occupant (art. 137.4.i LPAP), not an offer to the public"
BOE-B-2026-14343#?,BOE-B-2026-14343,?,2026-05-06,5B,Port authorities,Autoridad Portuaria de la Bahía de Algeciras,unsplit,building,covered,,none,lot,,0,no,no,no,no,no,no,covered,none,yes,R1,,none,"four floors (ten units) of a building, use not stated; parts of a building; no energy statement"
BOE-B-2026-14620#1,BOE-B-2026-14620,1,2026-05-08,5B,TGSS,Dirección Provincial de la Tesorería General de la Seguridad Social de Valladolid,single,commercial,covered,,rating,lot,G,1,yes,yes,yes,yes,yes,yes,covered,rating,no,,,,
BOE-B-2026-15079#1,BOE-B-2026-15079,1,2026-05-11,5B,TGSS,Dirección Provincial de la Tesorería General de la Seguridad social de Cuenca,single,commercial,covered,,rating,lot,FG,1,yes,yes,yes,yes,yes,yes,covered,rating,no,,,,
BOE-B-2026-15264#1,BOE-B-2026-15264,1,2026-05-12,5B,TGSS,Tesorería General de la Seguridad Social,single,commercial,covered,,rating,lot,DE,1,yes,yes,yes,yes,yes,yes,covered,rating,no,,,,
BOE-B-2026-15979#1,BOE-B-2026-15979,1,2026-05-18,5B,Patrimonio del Estado (DEH),Delegación de Economía y Hacienda en Teruel,table,land,excluded,land: not a building (art. 2.h),none,lot,,0,excluded,n/a,n/a,n/a,n/a,n/a,excluded,none,no,,,,
BOE-B-2026-15979#10,BOE-B-2026-15979,10,2026-05-18,5B,Patrimonio del Estado (DEH),Delegación de Economía y Hacienda en Teruel,table,land,excluded,land: not a building (art. 2.h),none,lot,,0,excluded,n/a,n/a,n/a,n/a,n/a,excluded,none,no,,,,
BOE-B-2026-15979#11,BOE-B-2026-15979,11,2026-05-18,5B,Patrimonio del Estado (DEH),Delegación de Economía y Hacienda en Teruel,table,land,excluded,land: not a building (art. 2.h),none,lot,,0,excluded,n/a,n/a,n/a,n/a,n/a,excluded,none,no,,,,
BOE-B-2026-15979#12,BOE-B-2026-15979,12,2026-05-18,5B,Patrimonio del Estado (DEH),Delegación de Economía y Hacienda en Teruel,table,land,excluded,land: not a building (art. 2.h),none,lot,,0,excluded,n/a,n/a,n/a,n/a,n/a,excluded,none,no,,,,
BOE-B-2026-15979#13,BOE-B-2026-15979,13,2026-05-18,5B,Patrimonio del Estado (DEH),Delegación de Economía y Hacienda en Teruel,table,land,excluded,land: not a building (art. 2.h),none,lot,,0,excluded,n/a,n/a,n/a,n/a,n/a,excluded,none,no,,,,
BOE-B-2026-15979#14,BOE-B-2026-15979,14,2026-05-18,5B,Patrimonio del Estado (DEH),Delegación de Economía y Hacienda en Teruel,table,land,excluded,land: not a building (art. 2.h),none,lot,,0,excluded,n/a,n/a,n/a,n/a,n/a,excluded,none,no,,,,
BOE-B-2026-15979#15,BOE-B-2026-15979,15,2026-05-18,5B,Patrimonio del Estado (DEH),Delegación de Economía y Hacienda en Teruel,table,land,excluded,land: not a building (art. 2.h),none,lot,,0,excluded,n/a,n/a,n/a,n/a,n/a,excluded,none,no,,,,
BOE-B-2026-15979#16,BOE-B-2026-15979,16,2026-05-18,5B,Patrimonio del Estado (DEH),Delegación de Economía y Hacienda en Teruel,table,land,excluded,land: not a building (art. 2.h),none,lot,,0,excluded,n/a,n/a,n/a,n/a,n/a,excluded,none,no,,,,
BOE-B-2026-15979#17,BOE-B-2026-15979,17,2026-05-18,5B,Patrimonio del Estado (DEH),Delegación de Economía y Hacienda en Teruel,table,land,excluded,land: not a building (art. 2.h),none,lot,,0,excluded,n/a,n/a,n/a,n/a,n/a,excluded,none,no,,,,
BOE-B-2026-15979#18,BOE-B-2026-15979,18,2026-05-18,5B,Patrimonio del Estado (DEH),Delegación de Economía y Hacienda en Teruel,table,land,excluded,land: not a building (art. 2.h),none,lot,,0,excluded,n/a,n/a,n/a,n/a,n/a,excluded,none,no,,,,
BOE-B-2026-15979#19,BOE-B-2026-15979,19,2026-05-18,5B,Patrimonio del Estado (DEH),Delegación de Economía y Hacienda en Teruel,table,land,excluded,land: not a building (art. 2.h),none,lot,,0,excluded,n/a,n/a,n/a,n/a,n/a,excluded,none,no,,,,
BOE-B-2026-15979#2,BOE-B-2026-15979,2,2026-05-18,5B,Patrimonio del Estado (DEH),Delegación de Economía y Hacienda en Teruel,table,land,excluded,land: not a building (art. 2.h),none,lot,,0,excluded,n/a,n/a,n/a,n/a,n/a,excluded,none,no,,,,
BOE-B-2026-15979#20,BOE-B-2026-15979,20,2026-05-18,5B,Patrimonio del Estado (DEH),Delegación de Economía y Hacienda en Teruel,table,unit_in_building,covered,,none,lot,,0,no,no,no,no,no,no,undeterminable,none,yes,R3,,scope undeterminable>covered; type unknown>unit_in_building,"second-floor unit of an urban building (P02), part of a building; no energy statement in the notice"
BOE-B-2026-15979#21,BOE-B-2026-15979,21,2026-05-18,5B,Patrimonio del Estado (DEH),Delegación de Economía y Hacienda en Teruel,table,land,excluded,land: not a building (art. 2.h),none,lot,,0,excluded,n/a,n/a,n/a,n/a,n/a,excluded,none,no,,,,
BOE-B-2026-15979#22,BOE-B-2026-15979,22,2026-05-18,5B,Patrimonio del Estado (DEH),Delegación de Economía y Hacienda en Teruel,table,land,excluded,land: not a building (art. 2.h),none,lot,,0,excluded,n/a,n/a,n/a,n/a,n/a,excluded,none,no,,,,
BOE-B-2026-15979#23,BOE-B-2026-15979,23,2026-05-18,5B,Patrimonio del Estado (DEH),Delegación de Economía y Hacienda en Teruel,table,land,excluded,land: not a building (art. 2.h),none,lot,,0,excluded,n/a,n/a,n/a,n/a,n/a,excluded,none,no,,,,
BOE-B-2026-15979#24,BOE-B-2026-15979,24,2026-05-18,5B,Patrimonio del Estado (DEH),Delegación de Economía y Hacienda en Teruel,table,land,excluded,land: not a building (art. 2.h),none,lot,,0,excluded,n/a,n/a,n/a,n/a,n/a,excluded,none,no,,,,
BOE-B-2026-15979#25,BOE-B-2026-15979,25,2026-05-18,5B,Patrimonio del Estado (DEH),Delegación de Economía y Hacienda en Teruel,table,land,excluded,land: not a building (art. 2.h),none,lot,,0,excluded,n/a,n/a,n/a,n/a,n/a,excluded,none,no,,,,
BOE-B-2026-15979#26,BOE-B-2026-15979,26,2026-05-18,5B,Patrimonio del Estado (DEH),Delegación de Economía y Hacienda en Teruel,table,land,excluded,land: not a building (art. 2.h),none,lot,,0,excluded,n/a,n/a,n/a,n/a,n/a,excluded,none,no,,,,
BOE-B-2026-15979#27,BOE-B-2026-15979,27,2026-05-18,5B,Patrimonio del Estado (DEH),Delegación de Economía y Hacienda en Teruel,table,land,excluded,land: not a building (art. 2.h),none,lot,,0,excluded,n/a,n/a,n/a,n/a,n/a,excluded,none,no,,,,
BOE-B-2026-15979#28,BOE-B-2026-15979,28,2026-05-18,5B,Patrimonio del Estado (DEH),Delegación de Economía y Hacienda en Teruel,table,land,excluded,land: not a building (art. 2.h),none,lot,,0,excluded,n/a,n/a,n/a,n/a,n/a,excluded,none,no,,,,
BOE-B-2026-15979#29,BOE-B-2026-15979,29,2026-05-18,5B,Patrimonio del Estado (DEH),Delegación de Economía y Hacienda en Teruel,table,land,excluded,land: not a building (art. 2.h),none,lot,,0,excluded,n/a,n/a,n/a,n/a,n/a,excluded,none,no,,,,
BOE-B-2026-15979#3,BOE-B-2026-15979,3,2026-05-18,5B,Patrimonio del Estado (DEH),Delegación de Economía y Hacienda en Teruel,table,land,excluded,land: not a building (art. 2.h),none,lot,,0,excluded,n/a,n/a,n/a,n/a,n/a,excluded,none,no,,,,
BOE-B-2026-15979#30,BOE-B-2026-15979,30,2026-05-18,5B,Patrimonio del Estado (DEH),Delegación de Economía y Hacienda en Teruel,table,land,excluded,land: not a building (art. 2.h),none,lot,,0,excluded,n/a,n/a,n/a,n/a,n/a,excluded,none,no,,,,
BOE-B-2026-15979#31,BOE-B-2026-15979,31,2026-05-18,5B,Patrimonio del Estado (DEH),Delegación de Economía y Hacienda en Teruel,table,land,excluded,land: not a building (art. 2.h),none,lot,,0,excluded,n/a,n/a,n/a,n/a,n/a,excluded,none,no,,,,
BOE-B-2026-15979#4,BOE-B-2026-15979,4,2026-05-18,5B,Patrimonio del Estado (DEH),Delegación de Economía y Hacienda en Teruel,table,land,excluded,land: not a building (art. 2.h),none,lot,,0,excluded,n/a,n/a,n/a,n/a,n/a,excluded,none,no,,,,
BOE-B-2026-15979#5,BOE-B-2026-15979,5,2026-05-18,5B,Patrimonio del Estado (DEH),Delegación de Economía y Hacienda en Teruel,table,land,excluded,land: not a building (art. 2.h),none,lot,,0,excluded,n/a,n/a,n/a,n/a,n/a,excluded,none,no,,,,
BOE-B-2026-15979#6,BOE-B-2026-15979,6,2026-05-18,5B,Patrimonio del Estado (DEH),Delegación de Economía y Hacienda en Teruel,table,land,excluded,land: not a building (art. 2.h),none,lot,,0,excluded,n/a,n/a,n/a,n/a,n/a,excluded,none,no,,,,
BOE-B-2026-15979#7,BOE-B-2026-15979,7,2026-05-18,5B,Patrimonio del Estado (DEH),Delegación de Economía y Hacienda en Teruel,table,land,excluded,land: not a building (art. 2.h),none,lot,,0,excluded,n/a,n/a,n/a,n/a,n/a,excluded,none,no,,,,
BOE-B-2026-15979#8,BOE-B-2026-15979,8,2026-05-18,5B,Patrimonio del Estado (DEH),Delegación de Economía y Hacienda en Teruel,table,land,excluded,land: not a building (art. 2.h),none,lot,,0,excluded,n/a,n/a,n/a,n/a,n/a,excluded,none,no,,,,
BOE-B-2026-15979#9,BOE-B-2026-15979,9,2026-05-18,5B,Patrimonio del Estado (DEH),Delegación de Economía y Hacienda en Teruel,table,land,excluded,land: not a building (art. 2.h),none,lot,,0,excluded,n/a,n/a,n/a,n/a,n/a,excluded,none,no,,,,
BOE-B-2026-16239#?,BOE-B-2026-16239,?,2026-05-19,5B,TGSS,Dirección Provincial de la Tesorería General de la Seguridad Social de Jaén,unsplit,commercial,covered,,rating,lot,DE,1,yes,yes,yes,yes,yes,yes,covered,rating,yes,extra,,none,"one premises made of several registered fincas joined physically, so one lot; rating stated"
BOE-B-2026-16609#1,BOE-B-2026-16609,1,2026-05-22,5B,Patrimonio del Estado (DEH),Delegación de Economía y Hacienda en Cáceres,lote_header,residential,covered,,rating,lot,E,1,yes,yes,yes,yes,yes,yes,covered,rating,no,,,,
BOE-B-2026-16609#2,BOE-B-2026-16609,2,2026-05-22,5B,Patrimonio del Estado (DEH),Delegación de Economía y Hacienda en Cáceres,lote_header,land,excluded,land: not a building (art. 2.h),none,lot,,0,excluded,n/a,n/a,n/a,n/a,n/a,excluded,none,no,,,,
BOE-B-2026-16609#3,BOE-B-2026-16609,3,2026-05-22,5B,Patrimonio del Estado (DEH),Delegación de Economía y Hacienda en Cáceres,lote_header,land,excluded,land: not a building (art. 2.h),none,lot,,0,excluded,n/a,n/a,n/a,n/a,n/a,excluded,none,no,,,,
BOE-B-2026-16609#4,BOE-B-2026-16609,4,2026-05-22,5B,Patrimonio del Estado (DEH),Delegación de Economía y Hacienda en Cáceres,lote_header,land,excluded,land: not a building (art. 2.h),none,lot,,0,excluded,n/a,n/a,n/a,n/a,n/a,undeterminable,none,yes,R3,,scope undeterminable>excluded; type rural_with_construction>land,rustic plot; the construction word is part of the place name
BOE-B-2026-17126#1,BOE-B-2026-17126,1,2026-05-25,5B,TGSS,Dirección Provincial de la Tesorería General de la Seguridad Social de Asturias,lote_header,commercial,covered,,rating,lot,D,1,yes,yes,yes,yes,yes,yes,covered,rating,no,,,,
BOE-B-2026-17126#2,BOE-B-2026-17126,2,2026-05-25,5B,TGSS,Dirección Provincial de la Tesorería General de la Seguridad Social de Asturias,lote_header,commercial,covered,,rating,lot,D,1,yes,yes,yes,yes,yes,yes,covered,rating,no,,,,
BOE-B-2026-17576#1,BOE-B-2026-17576,1,2026-05-29,5B,Patrimonio del Estado (DEH),Delegación Especial de Economía y Hacienda en Murcia,single,land,excluded,land: not a building (art. 2.h),none,lot,,0,excluded,n/a,n/a,n/a,n/a,n/a,excluded,none,no,,,,
BOE-B-2026-18373#1,BOE-B-2026-18373,1,2026-06-02,5B,TGSS,Dirección Provincial de la Tesorería General de la Seguridad Social de Albacete,single,building,covered,,rating,lot,DE,1,yes,yes,yes,yes,yes,yes,excluded,rating,yes,R4,,scope excluded>covered; type industrial_agricultural>building,"single-storey building in an industrial estate described as a centre, not as industrial use; rating stated"
BOE-B-2026-18464#1,BOE-B-2026-18464,1,2026-06-03,5B,Patrimonio del Estado (DEH),Delegación de Economía y Hacienda en Valencia (Unidad de Patrimonio del Estado),single,land,drop,,none,lot,,0,dropped,n/a,n/a,n/a,n/a,n/a,excluded,none,yes,R4,,scope excluded>drop,"direct sale to a person who showed interest (art. 137.4 LPAP), not an offer to the public"
BOE-B-2026-18499#1,BOE-B-2026-18499,1,2026-06-03,5B,TGSS,Dirección Provincial de la Tesorería General de la Seguridad Social de Tarragona,lote_header,commercial,covered,,rating,lot,EF,1,yes,yes,yes,yes,yes,yes,covered,rating,no,,,,
BOE-B-2026-18614#1,BOE-B-2026-18614,1,2026-06-04,5B,Other public bodies,Demarcación de Carreteras del Estado en Andalucía Oriental,single,rural_with_construction,drop,,none,lot,,0,dropped,n/a,n/a,n/a,n/a,n/a,undeterminable,none,yes,R3,,scope undeterminable>drop,"approval of a road project, not a sale offer"
BOE-B-2026-19379#1,BOE-B-2026-19379,1,2026-06-09,5B,Port authorities,Autoridad Portuaria de Las Palmas,lote_header,land,excluded,land: not a building (art. 2.h),none,lot,,0,excluded,n/a,n/a,n/a,n/a,n/a,excluded,none,no,,,,
BOE-B-2026-19379#2,BOE-B-2026-19379,2,2026-06-09,5B,Port authorities,Autoridad Portuaria de Las Palmas,lote_header,land,excluded,land: not a building (art. 2.h),none,lot,,0,excluded,n/a,n/a,n/a,n/a,n/a,excluded,none,no,,,,
BOE-B-2026-19516#1,BOE-B-2026-19516,1,2026-06-10,5B,TGSS,Dirección Provincial de la Tesorería General de la Seguridad Social de Tarragona,lote_header,commercial,covered,,rating,lot,D,1,yes,yes,yes,yes,yes,yes,covered,rating,yes,R2,,none,rating letter(s) stated in the lot; confirmed
BOE-B-2026-19602#1,BOE-B-2026-19602,1,2026-06-11,5B,Patrimonio del Estado (DEH),Delegación de Economía y Hacienda en Salamanca,lote_header,land,excluded,land: not a building (art. 2.h),none,lot,,0,excluded,n/a,n/a,n/a,n/a,n/a,excluded,none,no,,,,
BOE-B-2026-19602#10,BOE-B-2026-19602,10,2026-06-11,5B,Patrimonio del Estado (DEH),Delegación de Economía y Hacienda en Salamanca,lote_header,land,excluded,land: not a building (art. 2.h),none,lot,,0,excluded,n/a,n/a,n/a,n/a,n/a,excluded,none,no,,,,
BOE-B-2026-19602#11,BOE-B-2026-19602,11,2026-06-11,5B,Patrimonio del Estado (DEH),Delegación de Economía y Hacienda en Salamanca,lote_header,land,excluded,land: not a building (art. 2.h),none,lot,,0,excluded,n/a,n/a,n/a,n/a,n/a,excluded,none,no,,,,
BOE-B-2026-19602#12,BOE-B-2026-19602,12,2026-06-11,5B,Patrimonio del Estado (DEH),Delegación de Economía y Hacienda en Salamanca,lote_header,land,excluded,land: not a building (art. 2.h),none,lot,,0,excluded,n/a,n/a,n/a,n/a,n/a,excluded,none,no,,,,
BOE-B-2026-19602#2,BOE-B-2026-19602,2,2026-06-11,5B,Patrimonio del Estado (DEH),Delegación de Economía y Hacienda en Salamanca,lote_header,land,excluded,land: not a building (art. 2.h),none,lot,,0,excluded,n/a,n/a,n/a,n/a,n/a,excluded,none,no,,,,
BOE-B-2026-19602#3,BOE-B-2026-19602,3,2026-06-11,5B,Patrimonio del Estado (DEH),Delegación de Economía y Hacienda en Salamanca,lote_header,land,excluded,land: not a building (art. 2.h),none,lot,,0,excluded,n/a,n/a,n/a,n/a,n/a,excluded,none,no,,,,
BOE-B-2026-19602#4,BOE-B-2026-19602,4,2026-06-11,5B,Patrimonio del Estado (DEH),Delegación de Economía y Hacienda en Salamanca,lote_header,land,excluded,land: not a building (art. 2.h),none,lot,,0,excluded,n/a,n/a,n/a,n/a,n/a,excluded,none,no,,,,
BOE-B-2026-19602#5,BOE-B-2026-19602,5,2026-06-11,5B,Patrimonio del Estado (DEH),Delegación de Economía y Hacienda en Salamanca,lote_header,land,excluded,land: not a building (art. 2.h),none,lot,,0,excluded,n/a,n/a,n/a,n/a,n/a,excluded,none,no,,,,
BOE-B-2026-19602#6,BOE-B-2026-19602,6,2026-06-11,5B,Patrimonio del Estado (DEH),Delegación de Economía y Hacienda en Salamanca,lote_header,land,excluded,land: not a building (art. 2.h),none,lot,,0,excluded,n/a,n/a,n/a,n/a,n/a,excluded,none,no,,,,
BOE-B-2026-19602#7,BOE-B-2026-19602,7,2026-06-11,5B,Patrimonio del Estado (DEH),Delegación de Economía y Hacienda en Salamanca,lote_header,land,excluded,land: not a building (art. 2.h),none,lot,,0,excluded,n/a,n/a,n/a,n/a,n/a,excluded,none,no,,,,
BOE-B-2026-19602#8,BOE-B-2026-19602,8,2026-06-11,5B,Patrimonio del Estado (DEH),Delegación de Economía y Hacienda en Salamanca,lote_header,land,excluded,land: not a building (art. 2.h),none,lot,,0,excluded,n/a,n/a,n/a,n/a,n/a,excluded,none,no,,,,
BOE-B-2026-19602#9,BOE-B-2026-19602,9,2026-06-11,5B,Patrimonio del Estado (DEH),Delegación de Economía y Hacienda en Salamanca,lote_header,land,excluded,land: not a building (art. 2.h),none,lot,,0,excluded,n/a,n/a,n/a,n/a,n/a,excluded,none,no,,,,
BOE-B-2026-20431#1,BOE-B-2026-20431,1,2026-06-16,5B,Patrimonio del Estado (DEH),Delegación de Economía y Hacienda en Valencia (Unidad de Patrimonio del Estado),single,land,drop,excluded notice kind: direct_named,none,lot,,0,dropped,n/a,n/a,n/a,n/a,n/a,excluded,none,yes,extra,,scope excluded>drop,"direct adjudication to a party who showed interest (art. 137.4 LPAP); not an offer to the public (rule §1.1, direct_named)"
BOE-B-2026-21235#1,BOE-B-2026-21235,1,2026-06-22,5B,Other public bodies,Demarcación de Carreteras del Estado en Andalucía Oriental,table,land,drop,excluded notice kind: expropriation,none,lot,,0,dropped,n/a,n/a,n/a,n/a,n/a,excluded,none,yes,extra,,scope excluded>drop,expropriation notice (actas previas); not a sale offer
BOE-B-2026-21653#1,BOE-B-2026-21653,1,2026-06-25,5B,TGSS,Dirección Provincial de la Tesorería General de la Seguridad Social de Salamanca,lote_header,garage,excluded,garage or storage room (MITECO FAQ v6.0 no. 14),none,lot,,0,excluded,n/a,n/a,n/a,n/a,n/a,excluded,none,yes,R4,,none,garage or parking space; confirmed
BOE-B-2026-21653#2,BOE-B-2026-21653,2,2026-06-25,5B,TGSS,Dirección Provincial de la Tesorería General de la Seguridad Social de Salamanca,lote_header,garage,excluded,garage or storage room (MITECO FAQ v6.0 no. 14),none,lot,,0,excluded,n/a,n/a,n/a,n/a,n/a,excluded,none,yes,R4,,none,garage or parking space; confirmed
BOE-B-2026-21653#3,BOE-B-2026-21653,3,2026-06-25,5B,TGSS,Dirección Provincial de la Tesorería General de la Seguridad Social de Salamanca,lote_header,garage,excluded,garage or storage room (MITECO FAQ v6.0 no. 14),none,lot,,0,excluded,n/a,n/a,n/a,n/a,n/a,excluded,none,yes,R4,,none,garage or parking space; confirmed
BOE-B-2026-21653#4,BOE-B-2026-21653,4,2026-06-25,5B,TGSS,Dirección Provincial de la Tesorería General de la Seguridad Social de Salamanca,lote_header,garage,excluded,garage or storage room (MITECO FAQ v6.0 no. 14),none,lot,,0,excluded,n/a,n/a,n/a,n/a,n/a,excluded,none,yes,R4,,none,garage or parking space; confirmed
BOE-B-2026-21653#5,BOE-B-2026-21653,5,2026-06-25,5B,TGSS,Dirección Provincial de la Tesorería General de la Seguridad Social de Salamanca,lote_header,garage,excluded,garage or storage room (MITECO FAQ v6.0 no. 14),none,lot,,0,excluded,n/a,n/a,n/a,n/a,n/a,excluded,none,yes,R4,,none,garage or parking space; confirmed
BOE-B-2026-21756#?,BOE-B-2026-21756,?,2026-06-26,5B,TGSS,Dirección Provincial de la Tesorería General de la Seguridad Social de Cádiz,unsplit,commercial,covered,,rating,lot,C,1,yes,yes,yes,yes,yes,yes,covered,rating,yes,extra,,none,"one premises made of several registered fincas joined physically, so one lot; rating stated"
BOE-B-2026-22413#1,BOE-B-2026-22413,1,2026-07-01,5B,INVIED (Defensa),"Organismo autónomo Instituto de Vivienda, Infraestructura y Equipamiento de la Defensa",numbered,commercial,covered,,none,lot,,0,no,no,no,no,no,no,undeterminable,none,yes,R3,,scope undeterminable>covered; type rural_with_construction>commercial,commercial premises; no energy statement (Basque cadastral reference misread as rustic)
BOE-B-2026-22413#10,BOE-B-2026-22413,10,2026-07-01,5B,INVIED (Defensa),"Organismo autónomo Instituto de Vivienda, Infraestructura y Equipamiento de la Defensa",numbered,commercial,covered,,none,lot,,0,no,no,no,no,no,no,covered,none,yes,R1,,none,commercial premises; no energy statement
BOE-B-2026-22413#11,BOE-B-2026-22413,11,2026-07-01,5B,INVIED (Defensa),"Organismo autónomo Instituto de Vivienda, Infraestructura y Equipamiento de la Defensa",numbered,land,excluded,land: not a building (art. 2.h),none,lot,,0,excluded,n/a,n/a,n/a,n/a,n/a,excluded,none,no,,,,
BOE-B-2026-22413#12,BOE-B-2026-22413,12,2026-07-01,5B,INVIED (Defensa),"Organismo autónomo Instituto de Vivienda, Infraestructura y Equipamiento de la Defensa",numbered,building,undeterminable,"former military complex, use of buildings not stated",none,lot,,0,undeterminable,n/a,n/a,n/a,n/a,n/a,covered,none,yes,R1,,scope covered>undeterminable,former army barracks complex on urban and rustic land; use of its buildings not stated
BOE-B-2026-22413#13,BOE-B-2026-22413,13,2026-07-01,5B,INVIED (Defensa),"Organismo autónomo Instituto de Vivienda, Infraestructura y Equipamiento de la Defensa",numbered,commercial,covered,,none,lot,,0,no,no,no,no,no,no,covered,none,yes,R1,,none,commercial premises (basement); no energy statement
BOE-B-2026-22413#14,BOE-B-2026-22413,14,2026-07-01,5B,INVIED (Defensa),"Organismo autónomo Instituto de Vivienda, Infraestructura y Equipamiento de la Defensa",numbered,commercial,covered,,none,lot,,0,no,no,no,no,no,no,covered,none,yes,R1,,none,commercial premises (basement); no energy statement
BOE-B-2026-22413#15,BOE-B-2026-22413,15,2026-07-01,5B,INVIED (Defensa),"Organismo autónomo Instituto de Vivienda, Infraestructura y Equipamiento de la Defensa",numbered,commercial,covered,,none,lot,,0,no,no,no,no,no,no,covered,none,yes,R1,,none,commercial premises (basement); no energy statement
BOE-B-2026-22413#16,BOE-B-2026-22413,16,2026-07-01,5B,INVIED (Defensa),"Organismo autónomo Instituto de Vivienda, Infraestructura y Equipamiento de la Defensa",numbered,commercial,covered,,none,lot,,0,no,no,no,no,no,no,covered,none,yes,R1,,none,commercial premises; no energy statement
BOE-B-2026-22413#17,BOE-B-2026-22413,17,2026-07-01,5B,INVIED (Defensa),"Organismo autónomo Instituto de Vivienda, Infraestructura y Equipamiento de la Defensa",numbered,commercial,covered,,none,lot,,0,no,no,no,no,no,no,covered,none,yes,R1,,none,commercial premises; no energy statement
BOE-B-2026-22413#2,BOE-B-2026-22413,2,2026-07-01,5B,INVIED (Defensa),"Organismo autónomo Instituto de Vivienda, Infraestructura y Equipamiento de la Defensa",numbered,commercial,covered,,none,lot,,0,no,no,no,no,no,no,covered,none,yes,R1,,none,"commercial premises (48 m2, in a building); no energy statement"
BOE-B-2026-22413#3,BOE-B-2026-22413,3,2026-07-01,5B,INVIED (Defensa),"Organismo autónomo Instituto de Vivienda, Infraestructura y Equipamiento de la Defensa",numbered,commercial,covered,,none,lot,,0,no,no,no,no,no,no,covered,none,yes,R1,,none,commercial premises; no energy statement
BOE-B-2026-22413#4,BOE-B-2026-22413,4,2026-07-01,5B,INVIED (Defensa),"Organismo autónomo Instituto de Vivienda, Infraestructura y Equipamiento de la Defensa",numbered,commercial,covered,,none,lot,,0,no,no,no,no,no,no,covered,none,yes,R1,,none,commercial premises; no energy statement
BOE-B-2026-22413#5,BOE-B-2026-22413,5,2026-07-01,5B,INVIED (Defensa),"Organismo autónomo Instituto de Vivienda, Infraestructura y Equipamiento de la Defensa",numbered,commercial,covered,,none,lot,,0,no,no,no,no,no,no,covered,none,yes,R1,,none,commercial premises; no energy statement
BOE-B-2026-22413#6,BOE-B-2026-22413,6,2026-07-01,5B,INVIED (Defensa),"Organismo autónomo Instituto de Vivienda, Infraestructura y Equipamiento de la Defensa",numbered,commercial,covered,,none,lot,,0,no,no,no,no,no,no,covered,none,yes,R1,,none,commercial premises; no energy statement
BOE-B-2026-22413#7,BOE-B-2026-22413,7,2026-07-01,5B,INVIED (Defensa),"Organismo autónomo Instituto de Vivienda, Infraestructura y Equipamiento de la Defensa",numbered,commercial,covered,,none,lot,,0,no,no,no,no,no,no,covered,none,yes,R1,,none,commercial premises; no energy statement
BOE-B-2026-22413#8,BOE-B-2026-22413,8,2026-07-01,5B,INVIED (Defensa),"Organismo autónomo Instituto de Vivienda, Infraestructura y Equipamiento de la Defensa",numbered,land,excluded,land: not a building (art. 2.h),none,lot,,0,excluded,n/a,n/a,n/a,n/a,n/a,excluded,none,no,,,,
BOE-B-2026-22413#9,BOE-B-2026-22413,9,2026-07-01,5B,INVIED (Defensa),"Organismo autónomo Instituto de Vivienda, Infraestructura y Equipamiento de la Defensa",numbered,industrial_agricultural,excluded,defence non-residential (art. 3.2.c),none,lot,,0,excluded,n/a,n/a,n/a,n/a,n/a,covered,none,yes,R1,,scope covered>excluded; type residential>industrial_agricultural,former military vehicle and material depot
BOE-B-2026-24019#1,BOE-B-2026-24019,1,2026-07-13,5B,TGSS,Dirección Provincial de la Tesorería General de la Seguridad Social de Almería,single,commercial,covered,,rating,lot,BC,1,yes,yes,yes,yes,yes,yes,covered,rating,yes,R2,,none,rating letter(s) stated in the lot; confirmed
BOE-B-2026-24119#1,BOE-B-2026-24119,1,2026-07-14,5B,GIESE (Interior),Organismo Autónomo Gerencia de Infraestructuras y Equipamiento de la Seguridad del Estado,numbered,residential,covered,,none,lot,,0,no,no,no,no,no,no,covered,none,yes,R1,,none,former Guardia Civil house-barracks; no energy statement
BOE-B-2026-24119#2,BOE-B-2026-24119,2,2026-07-14,5B,GIESE (Interior),Organismo Autónomo Gerencia de Infraestructuras y Equipamiento de la Seguridad del Estado,numbered,residential,covered,,none,lot,,0,no,no,no,no,no,no,covered,none,yes,R1,,none,former Guardia Civil house-barracks; no energy statement
BOE-B-2026-24119#3,BOE-B-2026-24119,3,2026-07-14,5B,GIESE (Interior),Organismo Autónomo Gerencia de Infraestructuras y Equipamiento de la Seguridad del Estado,numbered,building,covered,,none,lot,,0,no,no,no,no,no,no,undeterminable,none,yes,R3,,scope undeterminable>covered; type unknown>building,former police station; no energy statement
BOE-B-2026-24337#1,BOE-B-2026-24337,1,2026-07-16,5B,Patrimonio del Estado (DEH),Delegación de Economía y Hacienda en Valencia (Unidad de Patrimonio del Estado),single,land,drop,excluded notice kind: direct_named,none,lot,,0,dropped,n/a,n/a,n/a,n/a,n/a,excluded,none,yes,extra,,scope excluded>drop,"direct adjudication to a party who showed interest (art. 137.4 LPAP); not an offer to the public (rule §1.1, direct_named)"
BOE-B-2026-24669#?,BOE-B-2026-24669,?,2026-07-20,5B,Patrimonio del Estado (DEH),Delegación de Economía y Hacienda en Valencia (Unidad de Patrimonio del Estado),unsplit,land,drop,excluded notice kind: direct_named,none,lot,,0,dropped,n/a,n/a,n/a,n/a,n/a,excluded,none,yes,extra,,scope excluded>drop,"direct adjudication to a party who showed interest (art. 137.4 LPAP); not an offer to the public (rule §1.1, direct_named)"
BOE-B-2026-24797#1,BOE-B-2026-24797,1,2026-07-21,5B,TGSS,Dirección Provincial de la Tesorería General de la Seguridad Social de Cádiz,single,commercial,covered,,rating,lot,C,1,yes,yes,yes,yes,yes,yes,covered,rating,no,,,,
BOE-B-2026-25447#1,BOE-B-2026-25447,1,2026-07-28,5B,Patrimonio del Estado (DEH),Delegación de Economía y Hacienda,lote_header,land,excluded,land: not a building (art. 2.h),none,lot,,0,excluded,n/a,n/a,n/a,n/a,n/a,excluded,none,no,,,,
BOE-B-2026-25447#2,BOE-B-2026-25447,2,2026-07-28,5B,Patrimonio del Estado (DEH),Delegación de Economía y Hacienda,lote_header,land,excluded,land: not a building (art. 2.h),none,lot,,0,excluded,n/a,n/a,n/a,n/a,n/a,excluded,none,no,,,,
BOE-B-2026-25447#3,BOE-B-2026-25447,3,2026-07-28,5B,Patrimonio del Estado (DEH),Delegación de Economía y Hacienda,lote_header,land,excluded,land: not a building (art. 2.h),none,lot,,0,excluded,n/a,n/a,n/a,n/a,n/a,excluded,none,no,,,,
BOE-B-2026-26097#1,BOE-B-2026-26097,1,2026-08-04,5B,TGSS,Dirección Provincial de la Tesorería General de la Seguridad Social de Bizkaia,single,commercial,excluded,declared exempt by the seller,exempt_declared,lot,,0,excluded,n/a,n/a,n/a,n/a,no,excluded,exempt_declared,yes,R4,none_stated,none,commercial premises declared exempt without a ground
BOE-B-2026-26215#1,BOE-B-2026-26215,1,2026-08-05,5B,TGSS,Dirección Provincial de la Tesorería General de la Seguridad Social de Ciudad Real,single,industrial_agricultural,excluded,industrial/agricultural non-residential (art. 3.2.c),none,lot,,0,excluded,n/a,n/a,n/a,n/a,n/a,excluded,none,yes,R4,,none,industrial or agricultural building; confirmed
BOE-B-2026-26403#1,BOE-B-2026-26403,1,2026-08-07,5B,TGSS,Dirección Provincial de la Tesorería General de la Seguridad Social de Alicante,single,building,covered,,rating,lot,E,1,yes,yes,yes,yes,yes,yes,covered,rating,no,,,,
BOE-B-2026-26675#1,BOE-B-2026-26675,1,2026-08-10,5B,Patrimonio del Estado (DEH),Delegación de Economía y Hacienda en Zamora,lote_header,land,excluded,land: not a building (art. 2.h),none,lot,,0,excluded,n/a,n/a,n/a,n/a,n/a,excluded,none,no,,,,
BOE-B-2026-26675#10,BOE-B-2026-26675,10,2026-08-10,5B,Patrimonio del Estado (DEH),Delegación de Economía y Hacienda en Zamora,lote_header,land,excluded,land: not a building (art. 2.h),none,lot,,0,excluded,n/a,n/a,n/a,n/a,n/a,excluded,none,no,,,,
BOE-B-2026-26675#11,BOE-B-2026-26675,11,2026-08-10,5B,Patrimonio del Estado (DEH),Delegación de Economía y Hacienda en Zamora,lote_header,land,excluded,land: not a building (art. 2.h),none,lot,,0,excluded,n/a,n/a,n/a,n/a,n/a,excluded,none,no,,,,
BOE-B-2026-26675#12,BOE-B-2026-26675,12,2026-08-10,5B,Patrimonio del Estado (DEH),Delegación de Economía y Hacienda en Zamora,lote_header,land,excluded,land: not a building (art. 2.h),none,lot,,0,excluded,n/a,n/a,n/a,n/a,n/a,excluded,none,no,,,,
BOE-B-2026-26675#13,BOE-B-2026-26675,13,2026-08-10,5B,Patrimonio del Estado (DEH),Delegación de Economía y Hacienda en Zamora,lote_header,land,excluded,land: not a building (art. 2.h),none,lot,,0,excluded,n/a,n/a,n/a,n/a,n/a,excluded,none,no,,,,
BOE-B-2026-26675#14,BOE-B-2026-26675,14,2026-08-10,5B,Patrimonio del Estado (DEH),Delegación de Economía y Hacienda en Zamora,lote_header,land,excluded,land: not a building (art. 2.h),none,lot,,0,excluded,n/a,n/a,n/a,n/a,n/a,excluded,none,no,,,,
BOE-B-2026-26675#15,BOE-B-2026-26675,15,2026-08-10,5B,Patrimonio del Estado (DEH),Delegación de Economía y Hacienda en Zamora,lote_header,land,excluded,land: not a building (art. 2.h),none,lot,,0,excluded,n/a,n/a,n/a,n/a,n/a,excluded,none,no,,,,
BOE-B-2026-26675#16,BOE-B-2026-26675,16,2026-08-10,5B,Patrimonio del Estado (DEH),Delegación de Economía y Hacienda en Zamora,lote_header,land,excluded,land: not a building (art. 2.h),none,lot,,0,excluded,n/a,n/a,n/a,n/a,n/a,excluded,none,no,,,,
BOE-B-2026-26675#17,BOE-B-2026-26675,17,2026-08-10,5B,Patrimonio del Estado (DEH),Delegación de Economía y Hacienda en Zamora,lote_header,land,excluded,land: not a building (art. 2.h),none,lot,,0,excluded,n/a,n/a,n/a,n/a,n/a,excluded,none,no,,,,
BOE-B-2026-26675#18,BOE-B-2026-26675,18,2026-08-10,5B,Patrimonio del Estado (DEH),Delegación de Economía y Hacienda en Zamora,lote_header,land,excluded,land: not a building (art. 2.h),none,lot,,0,excluded,n/a,n/a,n/a,n/a,n/a,excluded,none,no,,,,
BOE-B-2026-26675#19,BOE-B-2026-26675,19,2026-08-10,5B,Patrimonio del Estado (DEH),Delegación de Economía y Hacienda en Zamora,lote_header,land,excluded,land: not a building (art. 2.h),none,lot,,0,excluded,n/a,n/a,n/a,n/a,n/a,excluded,none,no,,,,
BOE-B-2026-26675#2,BOE-B-2026-26675,2,2026-08-10,5B,Patrimonio del Estado (DEH),Delegación de Economía y Hacienda en Zamora,lote_header,land,excluded,land: not a building (art. 2.h),none,lot,,0,excluded,n/a,n/a,n/a,n/a,n/a,excluded,none,no,,,,
BOE-B-2026-26675#20,BOE-B-2026-26675,20,2026-08-10,5B,Patrimonio del Estado (DEH),Delegación de Economía y Hacienda en Zamora,lote_header,land,excluded,land: not a building (art. 2.h),none,lot,,0,excluded,n/a,n/a,n/a,n/a,n/a,excluded,none,no,,,,
BOE-B-2026-26675#21,BOE-B-2026-26675,21,2026-08-10,5B,Patrimonio del Estado (DEH),Delegación de Economía y Hacienda en Zamora,lote_header,land,excluded,land: not a building (art. 2.h),none,lot,,0,excluded,n/a,n/a,n/a,n/a,n/a,excluded,none,no,,,,
BOE-B-2026-26675#22,BOE-B-2026-26675,22,2026-08-10,5B,Patrimonio del Estado (DEH),Delegación de Economía y Hacienda en Zamora,lote_header,land,excluded,land: not a building (art. 2.h),none,lot,,0,excluded,n/a,n/a,n/a,n/a,n/a,excluded,none,no,,,,
BOE-B-2026-26675#23,BOE-B-2026-26675,23,2026-08-10,5B,Patrimonio del Estado (DEH),Delegación de Economía y Hacienda en Zamora,lote_header,land,excluded,land: not a building (art. 2.h),none,lot,,0,excluded,n/a,n/a,n/a,n/a,n/a,excluded,none,no,,,,
BOE-B-2026-26675#24,BOE-B-2026-26675,24,2026-08-10,5B,Patrimonio del Estado (DEH),Delegación de Economía y Hacienda en Zamora,lote_header,land,excluded,land: not a building (art. 2.h),none,lot,,0,excluded,n/a,n/a,n/a,n/a,n/a,excluded,none,no,,,,
BOE-B-2026-26675#25,BOE-B-2026-26675,25,2026-08-10,5B,Patrimonio del Estado (DEH),Delegación de Economía y Hacienda en Zamora,lote_header,land,excluded,land: not a building (art. 2.h),none,lot,,0,excluded,n/a,n/a,n/a,n/a,n/a,excluded,none,no,,,,
BOE-B-2026-26675#26,BOE-B-2026-26675,26,2026-08-10,5B,Patrimonio del Estado (DEH),Delegación de Economía y Hacienda en Zamora,lote_header,land,excluded,land: not a building (art. 2.h),none,lot,,0,excluded,n/a,n/a,n/a,n/a,n/a,excluded,none,no,,,,
BOE-B-2026-26675#27,BOE-B-2026-26675,27,2026-08-10,5B,Patrimonio del Estado (DEH),Delegación de Economía y Hacienda en Zamora,lote_header,land,excluded,land: not a building (art. 2.h),none,lot,,0,excluded,n/a,n/a,n/a,n/a,n/a,excluded,none,no,,,,
BOE-B-2026-26675#28,BOE-B-2026-26675,28,2026-08-10,5B,Patrimonio del Estado (DEH),Delegación de Economía y Hacienda en Zamora,lote_header,land,excluded,land: not a building (art. 2.h),none,lot,,0,excluded,n/a,n/a,n/a,n/a,n/a,excluded,none,no,,,,
BOE-B-2026-26675#29,BOE-B-2026-26675,29,2026-08-10,5B,Patrimonio del Estado (DEH),Delegación de Economía y Hacienda en Zamora,lote_header,land,excluded,land: not a building (art. 2.h),none,lot,,0,excluded,n/a,n/a,n/a,n/a,n/a,excluded,none,no,,,,
BOE-B-2026-26675#3,BOE-B-2026-26675,3,2026-08-10,5B,Patrimonio del Estado (DEH),Delegación de Economía y Hacienda en Zamora,lote_header,land,excluded,land: not a building (art. 2.h),none,lot,,0,excluded,n/a,n/a,n/a,n/a,n/a,excluded,none,no,,,,
BOE-B-2026-26675#30,BOE-B-2026-26675,30,2026-08-10,5B,Patrimonio del Estado (DEH),Delegación de Economía y Hacienda en Zamora,lote_header,land,excluded,land: not a building (art. 2.h),none,lot,,0,excluded,n/a,n/a,n/a,n/a,n/a,excluded,none,no,,,,
BOE-B-2026-26675#31,BOE-B-2026-26675,31,2026-08-10,5B,Patrimonio del Estado (DEH),Delegación de Economía y Hacienda en Zamora,lote_header,ruin,undeterminable,ruin (no official guidance; may fall outside art. 2.h),none,lot,,0,undeterminable,n/a,n/a,n/a,n/a,n/a,undeterminable,none,yes,R3,,none,"urban property in ruinous state, recorded as a plot in the cadastre (re-auction of BOE-B-2025-47585 lot 4); confirmed"
BOE-B-2026-26675#32,BOE-B-2026-26675,32,2026-08-10,5B,Patrimonio del Estado (DEH),Delegación de Economía y Hacienda en Zamora,lote_header,unknown,undeterminable,type not stated,none,lot,,0,undeterminable,n/a,n/a,n/a,n/a,n/a,undeterminable,none,yes,R3,,none,"52 m2 urban construction in a village, use not stated (re-auction of BOE-B-2025-47585 lot 5); confirmed"
BOE-B-2026-26675#4,BOE-B-2026-26675,4,2026-08-10,5B,Patrimonio del Estado (DEH),Delegación de Economía y Hacienda en Zamora,lote_header,land,excluded,land: not a building (art. 2.h),none,lot,,0,excluded,n/a,n/a,n/a,n/a,n/a,excluded,none,no,,,,
BOE-B-2026-26675#5,BOE-B-2026-26675,5,2026-08-10,5B,Patrimonio del Estado (DEH),Delegación de Economía y Hacienda en Zamora,lote_header,land,excluded,land: not a building (art. 2.h),none,lot,,0,excluded,n/a,n/a,n/a,n/a,n/a,excluded,none,no,,,,
BOE-B-2026-26675#6,BOE-B-2026-26675,6,2026-08-10,5B,Patrimonio del Estado (DEH),Delegación de Economía y Hacienda en Zamora,lote_header,land,excluded,land: not a building (art. 2.h),none,lot,,0,excluded,n/a,n/a,n/a,n/a,n/a,excluded,none,no,,,,
BOE-B-2026-26675#7,BOE-B-2026-26675,7,2026-08-10,5B,Patrimonio del Estado (DEH),Delegación de Economía y Hacienda en Zamora,lote_header,land,excluded,land: not a building (art. 2.h),none,lot,,0,excluded,n/a,n/a,n/a,n/a,n/a,excluded,none,no,,,,
BOE-B-2026-26675#8,BOE-B-2026-26675,8,2026-08-10,5B,Patrimonio del Estado (DEH),Delegación de Economía y Hacienda en Zamora,lote_header,land,excluded,land: not a building (art. 2.h),none,lot,,0,excluded,n/a,n/a,n/a,n/a,n/a,excluded,none,no,,,,
BOE-B-2026-26675#9,BOE-B-2026-26675,9,2026-08-10,5B,Patrimonio del Estado (DEH),Delegación de Economía y Hacienda en Zamora,lote_header,land,excluded,land: not a building (art. 2.h),none,lot,,0,excluded,n/a,n/a,n/a,n/a,n/a,excluded,none,no,,,,
BOE-B-2026-26676#1,BOE-B-2026-26676,1,2026-08-10,5B,Patrimonio del Estado (DEH),Delegación de Economía y Hacienda en Pontevedra,lote_header,land,excluded,land: not a building (art. 2.h),none,lot,,0,excluded,n/a,n/a,n/a,n/a,n/a,excluded,none,no,,,,
BOE-B-2026-26676#2,BOE-B-2026-26676,2,2026-08-10,5B,Patrimonio del Estado (DEH),Delegación de Economía y Hacienda en Pontevedra,lote_header,land,excluded,land: not a building (art. 2.h),none,lot,,0,excluded,n/a,n/a,n/a,n/a,n/a,excluded,none,yes,R4,,none,land (rustic or unbuilt plot); confirmed
BOE-B-2026-26676#3,BOE-B-2026-26676,3,2026-08-10,5B,Patrimonio del Estado (DEH),Delegación de Economía y Hacienda en Pontevedra,lote_header,land,excluded,land: not a building (art. 2.h),none,lot,,0,excluded,n/a,n/a,n/a,n/a,n/a,excluded,none,no,,,,
BOE-B-2026-26676#4,BOE-B-2026-26676,4,2026-08-10,5B,Patrimonio del Estado (DEH),Delegación de Economía y Hacienda en Pontevedra,lote_header,land,excluded,land: not a building (art. 2.h),none,lot,,0,excluded,n/a,n/a,n/a,n/a,n/a,excluded,none,no,,,,
BOE-B-2026-26677#1,BOE-B-2026-26677,1,2026-08-10,5B,Patrimonio del Estado (DEH),Delegación de Economía y Hacienda en Pontevedra,lote_header,residential,covered,,rating,lot,G,0,yes,yes,no,yes,yes,yes,covered,rating,no,,,,
BOE-B-2026-26700#1,BOE-B-2026-26700,1,2026-08-10,5B,TGSS,Dirección Provincial de la Tesorería General de la Seguridad Social de Alicante,lote_header,residential,covered,,rating,lot,E,1,yes,yes,yes,yes,yes,yes,covered,rating,yes,R2,,none,rating letter(s) stated in the lot; confirmed
BOE-B-2026-26700#2,BOE-B-2026-26700,2,2026-08-10,5B,TGSS,Dirección Provincial de la Tesorería General de la Seguridad Social de Alicante,lote_header,residential,covered,,rating,lot,E,1,yes,yes,yes,yes,yes,yes,covered,rating,no,,,,
BOE-B-2026-26700#3,BOE-B-2026-26700,3,2026-08-10,5B,TGSS,Dirección Provincial de la Tesorería General de la Seguridad Social de Alicante,lote_header,residential,covered,,rating,lot,E,1,yes,yes,yes,yes,yes,yes,covered,rating,no,,,,
BOE-B-2026-26700#4,BOE-B-2026-26700,4,2026-08-10,5B,TGSS,Dirección Provincial de la Tesorería General de la Seguridad Social de Alicante,lote_header,residential,covered,,rating,lot,E,1,yes,yes,yes,yes,yes,yes,covered,rating,yes,R2,,none,rating letter(s) stated in the lot; confirmed
BOE-B-2026-26784#?,BOE-B-2026-26784,?,2026-08-11,5B,TGSS,Dirección Provincial de la Tesorería General de la Seguridad Social de Salamanca,unsplit,commercial,covered,,rating,lot,FG,1,yes,yes,yes,yes,yes,yes,covered,rating,yes,R2,,none,rating letter(s) stated in the lot; confirmed
BOE-B-2026-27211#5,BOE-B-2026-27211,5,2026-08-17,5B,Patrimonio del Estado (DEH),Delegación de Economía y Hacienda en Pontevedra,lote_header,land,excluded,land: not a building (art. 2.h),none,lot,,0,excluded,n/a,n/a,n/a,n/a,n/a,excluded,none,no,,,,
BOE-B-2026-27211#6,BOE-B-2026-27211,6,2026-08-17,5B,Patrimonio del Estado (DEH),Delegación de Economía y Hacienda en Pontevedra,lote_header,land,excluded,land: not a building (art. 2.h),none,lot,,0,excluded,n/a,n/a,n/a,n/a,n/a,excluded,none,no,,,,
BOE-B-2026-27211#7,BOE-B-2026-27211,7,2026-08-17,5B,Patrimonio del Estado (DEH),Delegación de Economía y Hacienda en Pontevedra,lote_header,land,excluded,land: not a building (art. 2.h),none,lot,,0,excluded,n/a,n/a,n/a,n/a,n/a,excluded,none,no,,,,
BOE-B-2026-27359#1,BOE-B-2026-27359,1,2026-08-19,5B,Patrimonio del Estado (DEH),Delegación de Economía y Hacienda en Albacete,lote_header,land,excluded,land: not a building (art. 2.h),none,lot,,0,excluded,n/a,n/a,n/a,n/a,n/a,excluded,none,no,,,,
BOE-B-2026-27359#2,BOE-B-2026-27359,2,2026-08-19,5B,Patrimonio del Estado (DEH),Delegación de Economía y Hacienda en Albacete,lote_header,land,excluded,land: not a building (art. 2.h),none,lot,,0,excluded,n/a,n/a,n/a,n/a,n/a,excluded,none,no,,,,
BOE-B-2026-27853#?,BOE-B-2026-27853,?,2026-08-26,5B,TGSS,Dirección Provincial de la Tesorería General de la Seguridad Social de Málaga,unsplit,commercial,covered,,no_certificate_stated,lot,,0,no,no,no,no,no,no,covered,certificate_reference,yes,R1,,energy certificate_reference>no_certificate_stated,"commercial premises (744 m2 plus basement); notice says ""No cuenta con certificado de eficiencia energética""; classifier read it as a reference"
BOE-B-2026-28007#1,BOE-B-2026-28007,1,2026-08-28,5B,TGSS,Dirección Provincial de la Tesorería General de la Seguridad Social de Illes Balears,single,garage,excluded,garage or storage room (MITECO FAQ v6.0 no. 14),exempt_declared,lot,,0,excluded,n/a,n/a,n/a,n/a,n/a,excluded,exempt_declared,yes,R4,guidance_garage_storage,none,garage space with storage room declared exempt
BOE-B-2026-28417#1,BOE-B-2026-28417,1,2026-09-02,5B,TGSS,Dirección Provincial de la Tesorería General de la Seguridad Social de PALENCIA,single,commercial,covered,,rating,lot,G,1,yes,yes,yes,yes,yes,yes,covered,rating,no,,,,
BOE-B-2026-28491#1,BOE-B-2026-28491,1,2026-09-03,5B,TGSS,Dirección Provincial de la Tesorería General de la Seguridad Social de PALENCIA,single,building,covered,,rating,lot,E,1,yes,yes,yes,yes,yes,yes,covered,rating,no,,,,
BOE-B-2026-28536#1,BOE-B-2026-28536,1,2026-09-04,5B,Patrimonio del Estado (DEH),Delegación de Economía y Hacienda en Palencia,lote_header,land,excluded,land: not a building (art. 2.h),none,lot,,0,excluded,n/a,n/a,n/a,n/a,n/a,excluded,none,no,,,,
BOE-B-2026-28536#10,BOE-B-2026-28536,10,2026-09-04,5B,Patrimonio del Estado (DEH),Delegación de Economía y Hacienda en Palencia,lote_header,land,excluded,land: not a building (art. 2.h),none,lot,,0,excluded,n/a,n/a,n/a,n/a,n/a,excluded,none,no,,,,
BOE-B-2026-28536#11,BOE-B-2026-28536,11,2026-09-04,5B,Patrimonio del Estado (DEH),Delegación de Economía y Hacienda en Palencia,lote_header,land,excluded,land: not a building (art. 2.h),none,lot,,0,excluded,n/a,n/a,n/a,n/a,n/a,excluded,none,no,,,,
BOE-B-2026-28536#12,BOE-B-2026-28536,12,2026-09-04,5B,Patrimonio del Estado (DEH),Delegación de Economía y Hacienda en Palencia,lote_header,land,excluded,land: not a building (art. 2.h),none,lot,,0,excluded,n/a,n/a,n/a,n/a,n/a,excluded,none,no,,,,
BOE-B-2026-28536#13,BOE-B-2026-28536,13,2026-09-04,5B,Patrimonio del Estado (DEH),Delegación de Economía y Hacienda en Palencia,lote_header,land,excluded,land: not a building (art. 2.h),none,lot,,0,excluded,n/a,n/a,n/a,n/a,n/a,excluded,none,no,,,,
BOE-B-2026-28536#14,BOE-B-2026-28536,14,2026-09-04,5B,Patrimonio del Estado (DEH),Delegación de Economía y Hacienda en Palencia,lote_header,land,excluded,land: not a building (art. 2.h),none,lot,,0,excluded,n/a,n/a,n/a,n/a,n/a,covered,none,yes,R1,,scope covered>excluded; type commercial>land,rustic dry-farming plot
BOE-B-2026-28536#15,BOE-B-2026-28536,15,2026-09-04,5B,Patrimonio del Estado (DEH),Delegación de Economía y Hacienda en Palencia,lote_header,land,excluded,land: not a building (art. 2.h),none,lot,,0,excluded,n/a,n/a,n/a,n/a,n/a,excluded,none,no,,,,
BOE-B-2026-28536#16,BOE-B-2026-28536,16,2026-09-04,5B,Patrimonio del Estado (DEH),Delegación de Economía y Hacienda en Palencia,lote_header,land,excluded,land: not a building (art. 2.h),none,lot,,0,excluded,n/a,n/a,n/a,n/a,n/a,excluded,none,no,,,,
BOE-B-2026-28536#17,BOE-B-2026-28536,17,2026-09-04,5B,Patrimonio del Estado (DEH),Delegación de Economía y Hacienda en Palencia,lote_header,land,excluded,land: not a building (art. 2.h),none,lot,,0,excluded,n/a,n/a,n/a,n/a,n/a,excluded,none,no,,,,
BOE-B-2026-28536#18,BOE-B-2026-28536,18,2026-09-04,5B,Patrimonio del Estado (DEH),Delegación de Economía y Hacienda en Palencia,lote_header,land,excluded,land: not a building (art. 2.h),none,lot,,0,excluded,n/a,n/a,n/a,n/a,n/a,excluded,none,no,,,,
BOE-B-2026-28536#19,BOE-B-2026-28536,19,2026-09-04,5B,Patrimonio del Estado (DEH),Delegación de Economía y Hacienda en Palencia,lote_header,land,excluded,land: not a building (art. 2.h),none,lot,,0,excluded,n/a,n/a,n/a,n/a,n/a,excluded,none,no,,,,
BOE-B-2026-28536#2,BOE-B-2026-28536,2,2026-09-04,5B,Patrimonio del Estado (DEH),Delegación de Economía y Hacienda en Palencia,lote_header,land,excluded,land: not a building (art. 2.h),none,lot,,0,excluded,n/a,n/a,n/a,n/a,n/a,excluded,none,no,,,,
BOE-B-2026-28536#3,BOE-B-2026-28536,3,2026-09-04,5B,Patrimonio del Estado (DEH),Delegación de Economía y Hacienda en Palencia,lote_header,land,excluded,land: not a building (art. 2.h),none,lot,,0,excluded,n/a,n/a,n/a,n/a,n/a,excluded,none,no,,,,
BOE-B-2026-28536#4,BOE-B-2026-28536,4,2026-09-04,5B,Patrimonio del Estado (DEH),Delegación de Economía y Hacienda en Palencia,lote_header,land,excluded,land: not a building (art. 2.h),none,lot,,0,excluded,n/a,n/a,n/a,n/a,n/a,excluded,none,no,,,,
BOE-B-2026-28536#5,BOE-B-2026-28536,5,2026-09-04,5B,Patrimonio del Estado (DEH),Delegación de Economía y Hacienda en Palencia,lote_header,land,excluded,land: not a building (art. 2.h),none,lot,,0,excluded,n/a,n/a,n/a,n/a,n/a,excluded,none,no,,,,
BOE-B-2026-28536#6,BOE-B-2026-28536,6,2026-09-04,5B,Patrimonio del Estado (DEH),Delegación de Economía y Hacienda en Palencia,lote_header,land,excluded,land: not a building (art. 2.h),none,lot,,0,excluded,n/a,n/a,n/a,n/a,n/a,excluded,none,no,,,,
BOE-B-2026-28536#7,BOE-B-2026-28536,7,2026-09-04,5B,Patrimonio del Estado (DEH),Delegación de Economía y Hacienda en Palencia,lote_header,land,excluded,land: not a building (art. 2.h),none,lot,,0,excluded,n/a,n/a,n/a,n/a,n/a,excluded,none,no,,,,
BOE-B-2026-28536#8,BOE-B-2026-28536,8,2026-09-04,5B,Patrimonio del Estado (DEH),Delegación de Economía y Hacienda en Palencia,lote_header,land,excluded,land: not a building (art. 2.h),none,lot,,0,excluded,n/a,n/a,n/a,n/a,n/a,excluded,none,no,,,,
BOE-B-2026-28536#9,BOE-B-2026-28536,9,2026-09-04,5B,Patrimonio del Estado (DEH),Delegación de Economía y Hacienda en Palencia,lote_header,land,excluded,land: not a building (art. 2.h),none,lot,,0,excluded,n/a,n/a,n/a,n/a,n/a,excluded,none,no,,,,
BOE-B-2026-29249#1,BOE-B-2026-29249,1,2026-09-09,5B,Patrimonio del Estado (DEH),Delegación de Economía y Hacienda en Huesca,lote_header,land,excluded,land: not a building (art. 2.h),none,lot,,0,excluded,n/a,n/a,n/a,n/a,n/a,excluded,none,no,,,,
BOE-B-2026-29249#2,BOE-B-2026-29249,2,2026-09-09,5B,Patrimonio del Estado (DEH),Delegación de Economía y Hacienda en Huesca,lote_header,land,excluded,land: not a building (art. 2.h),none,lot,,0,excluded,n/a,n/a,n/a,n/a,n/a,excluded,none,no,,,,
BOE-B-2026-29249#3,BOE-B-2026-29249,3,2026-09-09,5B,Patrimonio del Estado (DEH),Delegación de Economía y Hacienda en Huesca,lote_header,land,excluded,land: not a building (art. 2.h),none,lot,,0,excluded,n/a,n/a,n/a,n/a,n/a,excluded,none,no,,,,
BOE-B-2026-29249#4,BOE-B-2026-29249,4,2026-09-09,5B,Patrimonio del Estado (DEH),Delegación de Economía y Hacienda en Huesca,lote_header,land,excluded,land: not a building (art. 2.h),none,lot,,0,excluded,n/a,n/a,n/a,n/a,n/a,excluded,none,no,,,,
BOE-B-2026-29249#5,BOE-B-2026-29249,5,2026-09-09,5B,Patrimonio del Estado (DEH),Delegación de Economía y Hacienda en Huesca,lote_header,land,excluded,land: not a building (art. 2.h),none,lot,,0,excluded,n/a,n/a,n/a,n/a,n/a,excluded,none,no,,,,
BOE-B-2026-29249#6,BOE-B-2026-29249,6,2026-09-09,5B,Patrimonio del Estado (DEH),Delegación de Economía y Hacienda en Huesca,lote_header,land,excluded,land: not a building (art. 2.h),none,lot,,0,excluded,n/a,n/a,n/a,n/a,n/a,excluded,none,no,,,,
BOE-B-2026-29323#1,BOE-B-2026-29323,1,2026-09-10,5B,Patrimonio del Estado (DEH),Delegación Especial de Economía y Hacienda en Valencia (Unidad de Patrimonio del Estado),single,land,drop,excluded notice kind: direct_named,none,lot,,0,dropped,n/a,n/a,n/a,n/a,n/a,excluded,none,yes,extra,,scope excluded>drop,"direct adjudication to a party who showed interest (art. 137.4 LPAP); not an offer to the public (rule §1.1, direct_named)"
BOE-B-2026-29427#1,BOE-B-2026-29427,1,2026-09-11,5B,Patrimonio del Estado (DEH),Delegación de Economía y Hacienda en Cádiz,lote_header,residential,covered,,rating,lot,EF,1,yes,yes,yes,yes,yes,yes,covered,rating,no,,,,
BOE-B-2026-29802#1,BOE-B-2026-29802,1,2026-09-14,5B,Patrimonio del Estado (DEH),Delegación de Economía y Hacienda en Cuenca,single,land,excluded,land: not a building (art. 2.h),none,lot,,0,excluded,n/a,n/a,n/a,n/a,n/a,excluded,none,no,,,,
BOE-B-2026-29815#1,BOE-B-2026-29815,1,2026-09-14,5B,TGSS,Dirección Provincial de la Tesorería General de la Seguridad Social de Sevilla,single,residential,covered,,rating,lot,E,1,yes,yes,yes,yes,yes,yes,covered,rating,no,,,,
BOE-B-2026-30091#1,BOE-B-2026-30091,1,2026-09-17,5B,Patrimonio del Estado (DEH),Delegación de Economía y Hacienda en Tarragona,table,land,excluded,land: not a building (art. 2.h),none,lot,,0,excluded,n/a,n/a,n/a,n/a,n/a,excluded,none,no,,,,
BOE-B-2026-30091#10,BOE-B-2026-30091,10,2026-09-17,5B,Patrimonio del Estado (DEH),Delegación de Economía y Hacienda en Tarragona,table,land,excluded,land: not a building (art. 2.h),none,lot,,0,excluded,n/a,n/a,n/a,n/a,n/a,excluded,none,no,,,,
BOE-B-2026-30091#11,BOE-B-2026-30091,11,2026-09-17,5B,Patrimonio del Estado (DEH),Delegación de Economía y Hacienda en Tarragona,table,land,excluded,land: not a building (art. 2.h),none,lot,,0,excluded,n/a,n/a,n/a,n/a,n/a,excluded,none,no,,,,
BOE-B-2026-30091#12,BOE-B-2026-30091,12,2026-09-17,5B,Patrimonio del Estado (DEH),Delegación de Economía y Hacienda en Tarragona,table,land,excluded,land: not a building (art. 2.h),none,lot,,0,excluded,n/a,n/a,n/a,n/a,n/a,excluded,none,no,,,,
BOE-B-2026-30091#13,BOE-B-2026-30091,13,2026-09-17,5B,Patrimonio del Estado (DEH),Delegación de Economía y Hacienda en Tarragona,table,garage,excluded,garage or storage room (MITECO FAQ v6.0 no. 14),none,lot,,0,excluded,n/a,n/a,n/a,n/a,n/a,excluded,none,yes,R4,,type land>garage,parking space (22 m2)
BOE-B-2026-30091#14,BOE-B-2026-30091,14,2026-09-17,5B,Patrimonio del Estado (DEH),Delegación de Economía y Hacienda en Tarragona,table,land,excluded,land: not a building (art. 2.h),none,lot,,0,excluded,n/a,n/a,n/a,n/a,n/a,excluded,none,no,,,,
BOE-B-2026-30091#2,BOE-B-2026-30091,2,2026-09-17,5B,Patrimonio del Estado (DEH),Delegación de Economía y Hacienda en Tarragona,table,land,excluded,land: not a building (art. 2.h),none,lot,,0,excluded,n/a,n/a,n/a,n/a,n/a,excluded,none,no,,,,
BOE-B-2026-30091#3,BOE-B-2026-30091,3,2026-09-17,5B,Patrimonio del Estado (DEH),Delegación de Economía y Hacienda en Tarragona,table,land,excluded,land: not a building (art. 2.h),none,lot,,0,excluded,n/a,n/a,n/a,n/a,n/a,excluded,none,no,,,,
BOE-B-2026-30091#4,BOE-B-2026-30091,4,2026-09-17,5B,Patrimonio del Estado (DEH),Delegación de Economía y Hacienda en Tarragona,table,land,excluded,land: not a building (art. 2.h),none,lot,,0,excluded,n/a,n/a,n/a,n/a,n/a,excluded,none,no,,,,
BOE-B-2026-30091#5,BOE-B-2026-30091,5,2026-09-17,5B,Patrimonio del Estado (DEH),Delegación de Economía y Hacienda en Tarragona,table,land,excluded,land: not a building (art. 2.h),none,lot,,0,excluded,n/a,n/a,n/a,n/a,n/a,excluded,none,no,,,,
BOE-B-2026-30091#6,BOE-B-2026-30091,6,2026-09-17,5B,Patrimonio del Estado (DEH),Delegación de Economía y Hacienda en Tarragona,table,land,excluded,land: not a building (art. 2.h),none,lot,,0,excluded,n/a,n/a,n/a,n/a,n/a,excluded,none,no,,,,
BOE-B-2026-30091#7,BOE-B-2026-30091,7,2026-09-17,5B,Patrimonio del Estado (DEH),Delegación de Economía y Hacienda en Tarragona,table,land,excluded,land: not a building (art. 2.h),none,lot,,0,excluded,n/a,n/a,n/a,n/a,n/a,excluded,none,no,,,,
BOE-B-2026-30091#8,BOE-B-2026-30091,8,2026-09-17,5B,Patrimonio del Estado (DEH),Delegación de Economía y Hacienda en Tarragona,table,land,excluded,land: not a building (art. 2.h),none,lot,,0,excluded,n/a,n/a,n/a,n/a,n/a,excluded,none,no,,,,
BOE-B-2026-30091#9,BOE-B-2026-30091,9,2026-09-17,5B,Patrimonio del Estado (DEH),Delegación de Economía y Hacienda en Tarragona,table,land,excluded,land: not a building (art. 2.h),none,lot,,0,excluded,n/a,n/a,n/a,n/a,n/a,excluded,none,no,,,,
BOE-B-2026-30623#1,BOE-B-2026-30623,1,2026-09-22,5B,Patrimonio del Estado (DEH),Delegación de Economía y Hacienda en Segovia,table,land,excluded,land: not a building (art. 2.h),none,lot,,0,excluded,n/a,n/a,n/a,n/a,n/a,excluded,none,no,,,,
BOE-B-2026-30623#10,BOE-B-2026-30623,10,2026-09-22,5B,Patrimonio del Estado (DEH),Delegación de Economía y Hacienda en Segovia,table,land,excluded,land: not a building (art. 2.h),none,lot,,0,excluded,n/a,n/a,n/a,n/a,n/a,excluded,none,yes,R4,,none,land (rustic or unbuilt plot); confirmed
BOE-B-2026-30623#100,BOE-B-2026-30623,100,2026-09-22,5B,Patrimonio del Estado (DEH),Delegación de Economía y Hacienda en Segovia,table,land,excluded,land: not a building (art. 2.h),none,lot,,0,excluded,n/a,n/a,n/a,n/a,n/a,excluded,none,no,,,,
BOE-B-2026-30623#101,BOE-B-2026-30623,101,2026-09-22,5B,Patrimonio del Estado (DEH),Delegación de Economía y Hacienda en Segovia,table,land,excluded,land: not a building (art. 2.h),none,lot,,0,excluded,n/a,n/a,n/a,n/a,n/a,excluded,none,no,,,,
BOE-B-2026-30623#102,BOE-B-2026-30623,102,2026-09-22,5B,Patrimonio del Estado (DEH),Delegación de Economía y Hacienda en Segovia,table,land,excluded,land: not a building (art. 2.h),none,lot,,0,excluded,n/a,n/a,n/a,n/a,n/a,excluded,none,no,,,,
BOE-B-2026-30623#103,BOE-B-2026-30623,103,2026-09-22,5B,Patrimonio del Estado (DEH),Delegación de Economía y Hacienda en Segovia,table,land,excluded,land: not a building (art. 2.h),none,lot,,0,excluded,n/a,n/a,n/a,n/a,n/a,excluded,none,no,,,,
BOE-B-2026-30623#104,BOE-B-2026-30623,104,2026-09-22,5B,Patrimonio del Estado (DEH),Delegación de Economía y Hacienda en Segovia,table,land,excluded,land: not a building (art. 2.h),none,lot,,0,excluded,n/a,n/a,n/a,n/a,n/a,excluded,none,no,,,,
BOE-B-2026-30623#105,BOE-B-2026-30623,105,2026-09-22,5B,Patrimonio del Estado (DEH),Delegación de Economía y Hacienda en Segovia,table,land,excluded,land: not a building (art. 2.h),none,lot,,0,excluded,n/a,n/a,n/a,n/a,n/a,excluded,none,no,,,,
BOE-B-2026-30623#106,BOE-B-2026-30623,106,2026-09-22,5B,Patrimonio del Estado (DEH),Delegación de Economía y Hacienda en Segovia,table,land,excluded,land: not a building (art. 2.h),none,lot,,0,excluded,n/a,n/a,n/a,n/a,n/a,excluded,none,no,,,,
BOE-B-2026-30623#107,BOE-B-2026-30623,107,2026-09-22,5B,Patrimonio del Estado (DEH),Delegación de Economía y Hacienda en Segovia,table,land,excluded,land: not a building (art. 2.h),none,lot,,0,excluded,n/a,n/a,n/a,n/a,n/a,excluded,none,no,,,,
BOE-B-2026-30623#108,BOE-B-2026-30623,108,2026-09-22,5B,Patrimonio del Estado (DEH),Delegación de Economía y Hacienda en Segovia,table,land,excluded,land: not a building (art. 2.h),none,lot,,0,excluded,n/a,n/a,n/a,n/a,n/a,excluded,none,no,,,,
BOE-B-2026-30623#109,BOE-B-2026-30623,109,2026-09-22,5B,Patrimonio del Estado (DEH),Delegación de Economía y Hacienda en Segovia,table,land,excluded,land: not a building (art. 2.h),none,lot,,0,excluded,n/a,n/a,n/a,n/a,n/a,excluded,none,no,,,,
BOE-B-2026-30623#11,BOE-B-2026-30623,11,2026-09-22,5B,Patrimonio del Estado (DEH),Delegación de Economía y Hacienda en Segovia,table,land,excluded,land: not a building (art. 2.h),none,lot,,0,excluded,n/a,n/a,n/a,n/a,n/a,excluded,none,no,,,,
BOE-B-2026-30623#110,BOE-B-2026-30623,110,2026-09-22,5B,Patrimonio del Estado (DEH),Delegación de Economía y Hacienda en Segovia,table,land,excluded,land: not a building (art. 2.h),none,lot,,0,excluded,n/a,n/a,n/a,n/a,n/a,excluded,none,no,,,,
BOE-B-2026-30623#111,BOE-B-2026-30623,111,2026-09-22,5B,Patrimonio del Estado (DEH),Delegación de Economía y Hacienda en Segovia,table,land,excluded,land: not a building (art. 2.h),none,lot,,0,excluded,n/a,n/a,n/a,n/a,n/a,excluded,none,no,,,,
BOE-B-2026-30623#112,BOE-B-2026-30623,112,2026-09-22,5B,Patrimonio del Estado (DEH),Delegación de Economía y Hacienda en Segovia,table,land,excluded,land: not a building (art. 2.h),none,lot,,0,excluded,n/a,n/a,n/a,n/a,n/a,excluded,none,no,,,,
BOE-B-2026-30623#113,BOE-B-2026-30623,113,2026-09-22,5B,Patrimonio del Estado (DEH),Delegación de Economía y Hacienda en Segovia,table,land,excluded,land: not a building (art. 2.h),none,lot,,0,excluded,n/a,n/a,n/a,n/a,n/a,excluded,none,no,,,,
BOE-B-2026-30623#114,BOE-B-2026-30623,114,2026-09-22,5B,Patrimonio del Estado (DEH),Delegación de Economía y Hacienda en Segovia,table,land,excluded,land: not a building (art. 2.h),none,lot,,0,excluded,n/a,n/a,n/a,n/a,n/a,excluded,none,no,,,,
BOE-B-2026-30623#115,BOE-B-2026-30623,115,2026-09-22,5B,Patrimonio del Estado (DEH),Delegación de Economía y Hacienda en Segovia,table,land,excluded,land: not a building (art. 2.h),none,lot,,0,excluded,n/a,n/a,n/a,n/a,n/a,excluded,none,no,,,,
BOE-B-2026-30623#116,BOE-B-2026-30623,116,2026-09-22,5B,Patrimonio del Estado (DEH),Delegación de Economía y Hacienda en Segovia,table,land,excluded,land: not a building (art. 2.h),none,lot,,0,excluded,n/a,n/a,n/a,n/a,n/a,excluded,none,no,,,,
BOE-B-2026-30623#117,BOE-B-2026-30623,117,2026-09-22,5B,Patrimonio del Estado (DEH),Delegación de Economía y Hacienda en Segovia,table,land,excluded,land: not a building (art. 2.h),none,lot,,0,excluded,n/a,n/a,n/a,n/a,n/a,excluded,none,no,,,,
BOE-B-2026-30623#118,BOE-B-2026-30623,118,2026-09-22,5B,Patrimonio del Estado (DEH),Delegación de Economía y Hacienda en Segovia,table,land,excluded,land: not a building (art. 2.h),none,lot,,0,excluded,n/a,n/a,n/a,n/a,n/a,excluded,none,no,,,,
BOE-B-2026-30623#119,BOE-B-2026-30623,119,2026-09-22,5B,Patrimonio del Estado (DEH),Delegación de Economía y Hacienda en Segovia,table,land,excluded,land: not a building (art. 2.h),none,lot,,0,excluded,n/a,n/a,n/a,n/a,n/a,excluded,none,no,,,,
BOE-B-2026-30623#12,BOE-B-2026-30623,12,2026-09-22,5B,Patrimonio del Estado (DEH),Delegación de Economía y Hacienda en Segovia,table,land,excluded,land: not a building (art. 2.h),none,lot,,0,excluded,n/a,n/a,n/a,n/a,n/a,excluded,none,no,,,,
BOE-B-2026-30623#120,BOE-B-2026-30623,120,2026-09-22,5B,Patrimonio del Estado (DEH),Delegación de Economía y Hacienda en Segovia,table,land,excluded,land: not a building (art. 2.h),none,lot,,0,excluded,n/a,n/a,n/a,n/a,n/a,excluded,none,no,,,,
BOE-B-2026-30623#121,BOE-B-2026-30623,121,2026-09-22,5B,Patrimonio del Estado (DEH),Delegación de Economía y Hacienda en Segovia,table,land,excluded,land: not a building (art. 2.h),none,lot,,0,excluded,n/a,n/a,n/a,n/a,n/a,excluded,none,no,,,,
BOE-B-2026-30623#122,BOE-B-2026-30623,122,2026-09-22,5B,Patrimonio del Estado (DEH),Delegación de Economía y Hacienda en Segovia,table,land,excluded,land: not a building (art. 2.h),none,lot,,0,excluded,n/a,n/a,n/a,n/a,n/a,excluded,none,no,,,,
BOE-B-2026-30623#123,BOE-B-2026-30623,123,2026-09-22,5B,Patrimonio del Estado (DEH),Delegación de Economía y Hacienda en Segovia,table,land,excluded,land: not a building (art. 2.h),none,lot,,0,excluded,n/a,n/a,n/a,n/a,n/a,excluded,none,no,,,,
BOE-B-2026-30623#124,BOE-B-2026-30623,124,2026-09-22,5B,Patrimonio del Estado (DEH),Delegación de Economía y Hacienda en Segovia,table,land,excluded,land: not a building (art. 2.h),none,lot,,0,excluded,n/a,n/a,n/a,n/a,n/a,excluded,none,no,,,,
BOE-B-2026-30623#125,BOE-B-2026-30623,125,2026-09-22,5B,Patrimonio del Estado (DEH),Delegación de Economía y Hacienda en Segovia,table,land,excluded,land: not a building (art. 2.h),none,lot,,0,excluded,n/a,n/a,n/a,n/a,n/a,excluded,none,no,,,,
BOE-B-2026-30623#126,BOE-B-2026-30623,126,2026-09-22,5B,Patrimonio del Estado (DEH),Delegación de Economía y Hacienda en Segovia,table,land,excluded,land: not a building (art. 2.h),none,lot,,0,excluded,n/a,n/a,n/a,n/a,n/a,excluded,none,yes,R4,,none,land (rustic or unbuilt plot); confirmed
BOE-B-2026-30623#127,BOE-B-2026-30623,127,2026-09-22,5B,Patrimonio del Estado (DEH),Delegación de Economía y Hacienda en Segovia,table,land,excluded,land: not a building (art. 2.h),none,lot,,0,excluded,n/a,n/a,n/a,n/a,n/a,excluded,none,no,,,,
BOE-B-2026-30623#128,BOE-B-2026-30623,128,2026-09-22,5B,Patrimonio del Estado (DEH),Delegación de Economía y Hacienda en Segovia,table,land,excluded,land: not a building (art. 2.h),none,lot,,0,excluded,n/a,n/a,n/a,n/a,n/a,excluded,none,no,,,,
BOE-B-2026-30623#129,BOE-B-2026-30623,129,2026-09-22,5B,Patrimonio del Estado (DEH),Delegación de Economía y Hacienda en Segovia,table,land,excluded,land: not a building (art. 2.h),none,lot,,0,excluded,n/a,n/a,n/a,n/a,n/a,excluded,none,no,,,,
BOE-B-2026-30623#13,BOE-B-2026-30623,13,2026-09-22,5B,Patrimonio del Estado (DEH),Delegación de Economía y Hacienda en Segovia,table,land,excluded,land: not a building (art. 2.h),none,lot,,0,excluded,n/a,n/a,n/a,n/a,n/a,excluded,none,no,,,,
BOE-B-2026-30623#130,BOE-B-2026-30623,130,2026-09-22,5B,Patrimonio del Estado (DEH),Delegación de Economía y Hacienda en Segovia,table,land,excluded,land: not a building (art. 2.h),none,lot,,0,excluded,n/a,n/a,n/a,n/a,n/a,excluded,none,no,,,,
BOE-B-2026-30623#131,BOE-B-2026-30623,131,2026-09-22,5B,Patrimonio del Estado (DEH),Delegación de Economía y Hacienda en Segovia,table,land,excluded,land: not a building (art. 2.h),none,lot,,0,excluded,n/a,n/a,n/a,n/a,n/a,excluded,none,no,,,,
BOE-B-2026-30623#132,BOE-B-2026-30623,132,2026-09-22,5B,Patrimonio del Estado (DEH),Delegación de Economía y Hacienda en Segovia,table,land,excluded,land: not a building (art. 2.h),none,lot,,0,excluded,n/a,n/a,n/a,n/a,n/a,excluded,none,no,,,,
BOE-B-2026-30623#133,BOE-B-2026-30623,133,2026-09-22,5B,Patrimonio del Estado (DEH),Delegación de Economía y Hacienda en Segovia,table,land,excluded,land: not a building (art. 2.h),none,lot,,0,excluded,n/a,n/a,n/a,n/a,n/a,excluded,none,no,,,,
BOE-B-2026-30623#134,BOE-B-2026-30623,134,2026-09-22,5B,Patrimonio del Estado (DEH),Delegación de Economía y Hacienda en Segovia,table,land,excluded,land: not a building (art. 2.h),none,lot,,0,excluded,n/a,n/a,n/a,n/a,n/a,excluded,none,no,,,,
BOE-B-2026-30623#135,BOE-B-2026-30623,135,2026-09-22,5B,Patrimonio del Estado (DEH),Delegación de Economía y Hacienda en Segovia,table,land,excluded,land: not a building (art. 2.h),none,lot,,0,excluded,n/a,n/a,n/a,n/a,n/a,excluded,none,no,,,,
BOE-B-2026-30623#136,BOE-B-2026-30623,136,2026-09-22,5B,Patrimonio del Estado (DEH),Delegación de Economía y Hacienda en Segovia,table,land,excluded,land: not a building (art. 2.h),none,lot,,0,excluded,n/a,n/a,n/a,n/a,n/a,excluded,none,no,,,,
BOE-B-2026-30623#137,BOE-B-2026-30623,137,2026-09-22,5B,Patrimonio del Estado (DEH),Delegación de Economía y Hacienda en Segovia,table,land,excluded,land: not a building (art. 2.h),none,lot,,0,excluded,n/a,n/a,n/a,n/a,n/a,excluded,none,no,,,,
BOE-B-2026-30623#138,BOE-B-2026-30623,138,2026-09-22,5B,Patrimonio del Estado (DEH),Delegación de Economía y Hacienda en Segovia,table,land,excluded,land: not a building (art. 2.h),none,lot,,0,excluded,n/a,n/a,n/a,n/a,n/a,excluded,none,no,,,,
BOE-B-2026-30623#139,BOE-B-2026-30623,139,2026-09-22,5B,Patrimonio del Estado (DEH),Delegación de Economía y Hacienda en Segovia,table,land,excluded,land: not a building (art. 2.h),none,lot,,0,excluded,n/a,n/a,n/a,n/a,n/a,excluded,none,no,,,,
BOE-B-2026-30623#14,BOE-B-2026-30623,14,2026-09-22,5B,Patrimonio del Estado (DEH),Delegación de Economía y Hacienda en Segovia,table,land,excluded,land: not a building (art. 2.h),none,lot,,0,excluded,n/a,n/a,n/a,n/a,n/a,excluded,none,no,,,,
BOE-B-2026-30623#140,BOE-B-2026-30623,140,2026-09-22,5B,Patrimonio del Estado (DEH),Delegación de Economía y Hacienda en Segovia,table,land,excluded,land: not a building (art. 2.h),none,lot,,0,excluded,n/a,n/a,n/a,n/a,n/a,excluded,none,no,,,,
BOE-B-2026-30623#141,BOE-B-2026-30623,141,2026-09-22,5B,Patrimonio del Estado (DEH),Delegación de Economía y Hacienda en Segovia,table,land,excluded,land: not a building (art. 2.h),none,lot,,0,excluded,n/a,n/a,n/a,n/a,n/a,excluded,none,no,,,,
BOE-B-2026-30623#142,BOE-B-2026-30623,142,2026-09-22,5B,Patrimonio del Estado (DEH),Delegación de Economía y Hacienda en Segovia,table,land,excluded,land: not a building (art. 2.h),none,lot,,0,excluded,n/a,n/a,n/a,n/a,n/a,excluded,none,no,,,,
BOE-B-2026-30623#143,BOE-B-2026-30623,143,2026-09-22,5B,Patrimonio del Estado (DEH),Delegación de Economía y Hacienda en Segovia,table,land,excluded,land: not a building (art. 2.h),none,lot,,0,excluded,n/a,n/a,n/a,n/a,n/a,excluded,none,no,,,,
BOE-B-2026-30623#144,BOE-B-2026-30623,144,2026-09-22,5B,Patrimonio del Estado (DEH),Delegación de Economía y Hacienda en Segovia,table,land,excluded,land: not a building (art. 2.h),none,lot,,0,excluded,n/a,n/a,n/a,n/a,n/a,excluded,none,yes,R4,,none,land (rustic or unbuilt plot); confirmed
BOE-B-2026-30623#145,BOE-B-2026-30623,145,2026-09-22,5B,Patrimonio del Estado (DEH),Delegación de Economía y Hacienda en Segovia,table,land,excluded,land: not a building (art. 2.h),none,lot,,0,excluded,n/a,n/a,n/a,n/a,n/a,excluded,none,no,,,,
BOE-B-2026-30623#146,BOE-B-2026-30623,146,2026-09-22,5B,Patrimonio del Estado (DEH),Delegación de Economía y Hacienda en Segovia,table,land,excluded,land: not a building (art. 2.h),none,lot,,0,excluded,n/a,n/a,n/a,n/a,n/a,excluded,none,no,,,,
BOE-B-2026-30623#147,BOE-B-2026-30623,147,2026-09-22,5B,Patrimonio del Estado (DEH),Delegación de Economía y Hacienda en Segovia,table,land,excluded,land: not a building (art. 2.h),none,lot,,0,excluded,n/a,n/a,n/a,n/a,n/a,excluded,none,no,,,,
BOE-B-2026-30623#148,BOE-B-2026-30623,148,2026-09-22,5B,Patrimonio del Estado (DEH),Delegación de Economía y Hacienda en Segovia,table,land,excluded,land: not a building (art. 2.h),none,lot,,0,excluded,n/a,n/a,n/a,n/a,n/a,excluded,none,no,,,,
BOE-B-2026-30623#149,BOE-B-2026-30623,149,2026-09-22,5B,Patrimonio del Estado (DEH),Delegación de Economía y Hacienda en Segovia,table,land,excluded,land: not a building (art. 2.h),none,lot,,0,excluded,n/a,n/a,n/a,n/a,n/a,excluded,none,no,,,,
BOE-B-2026-30623#15,BOE-B-2026-30623,15,2026-09-22,5B,Patrimonio del Estado (DEH),Delegación de Economía y Hacienda en Segovia,table,land,excluded,land: not a building (art. 2.h),none,lot,,0,excluded,n/a,n/a,n/a,n/a,n/a,excluded,none,no,,,,
BOE-B-2026-30623#150,BOE-B-2026-30623,150,2026-09-22,5B,Patrimonio del Estado (DEH),Delegación de Economía y Hacienda en Segovia,table,land,excluded,land: not a building (art. 2.h),none,lot,,0,excluded,n/a,n/a,n/a,n/a,n/a,excluded,none,no,,,,
BOE-B-2026-30623#151,BOE-B-2026-30623,151,2026-09-22,5B,Patrimonio del Estado (DEH),Delegación de Economía y Hacienda en Segovia,table,land,excluded,land: not a building (art. 2.h),none,lot,,0,excluded,n/a,n/a,n/a,n/a,n/a,excluded,none,no,,,,
BOE-B-2026-30623#152,BOE-B-2026-30623,152,2026-09-22,5B,Patrimonio del Estado (DEH),Delegación de Economía y Hacienda en Segovia,table,land,excluded,land: not a building (art. 2.h),none,lot,,0,excluded,n/a,n/a,n/a,n/a,n/a,excluded,none,yes,R4,,none,land (rustic or unbuilt plot); confirmed
BOE-B-2026-30623#153,BOE-B-2026-30623,153,2026-09-22,5B,Patrimonio del Estado (DEH),Delegación de Economía y Hacienda en Segovia,table,land,excluded,land: not a building (art. 2.h),none,lot,,0,excluded,n/a,n/a,n/a,n/a,n/a,excluded,none,no,,,,
BOE-B-2026-30623#154,BOE-B-2026-30623,154,2026-09-22,5B,Patrimonio del Estado (DEH),Delegación de Economía y Hacienda en Segovia,table,land,excluded,land: not a building (art. 2.h),none,lot,,0,excluded,n/a,n/a,n/a,n/a,n/a,excluded,none,no,,,,
BOE-B-2026-30623#155,BOE-B-2026-30623,155,2026-09-22,5B,Patrimonio del Estado (DEH),Delegación de Economía y Hacienda en Segovia,table,land,excluded,land: not a building (art. 2.h),none,lot,,0,excluded,n/a,n/a,n/a,n/a,n/a,excluded,none,no,,,,
BOE-B-2026-30623#156,BOE-B-2026-30623,156,2026-09-22,5B,Patrimonio del Estado (DEH),Delegación de Economía y Hacienda en Segovia,table,land,excluded,land: not a building (art. 2.h),none,lot,,0,excluded,n/a,n/a,n/a,n/a,n/a,excluded,none,no,,,,
BOE-B-2026-30623#157,BOE-B-2026-30623,157,2026-09-22,5B,Patrimonio del Estado (DEH),Delegación de Economía y Hacienda en Segovia,table,land,excluded,land: not a building (art. 2.h),none,lot,,0,excluded,n/a,n/a,n/a,n/a,n/a,excluded,none,no,,,,
BOE-B-2026-30623#158,BOE-B-2026-30623,158,2026-09-22,5B,Patrimonio del Estado (DEH),Delegación de Economía y Hacienda en Segovia,table,land,excluded,land: not a building (art. 2.h),none,lot,,0,excluded,n/a,n/a,n/a,n/a,n/a,excluded,none,no,,,,
BOE-B-2026-30623#159,BOE-B-2026-30623,159,2026-09-22,5B,Patrimonio del Estado (DEH),Delegación de Economía y Hacienda en Segovia,table,land,excluded,land: not a building (art. 2.h),none,lot,,0,excluded,n/a,n/a,n/a,n/a,n/a,excluded,none,no,,,,
BOE-B-2026-30623#16,BOE-B-2026-30623,16,2026-09-22,5B,Patrimonio del Estado (DEH),Delegación de Economía y Hacienda en Segovia,table,land,excluded,land: not a building (art. 2.h),none,lot,,0,excluded,n/a,n/a,n/a,n/a,n/a,excluded,none,no,,,,
BOE-B-2026-30623#160,BOE-B-2026-30623,160,2026-09-22,5B,Patrimonio del Estado (DEH),Delegación de Economía y Hacienda en Segovia,table,land,excluded,land: not a building (art. 2.h),none,lot,,0,excluded,n/a,n/a,n/a,n/a,n/a,excluded,none,no,,,,
BOE-B-2026-30623#161,BOE-B-2026-30623,161,2026-09-22,5B,Patrimonio del Estado (DEH),Delegación de Economía y Hacienda en Segovia,table,land,excluded,land: not a building (art. 2.h),none,lot,,0,excluded,n/a,n/a,n/a,n/a,n/a,excluded,none,no,,,,
BOE-B-2026-30623#162,BOE-B-2026-30623,162,2026-09-22,5B,Patrimonio del Estado (DEH),Delegación de Economía y Hacienda en Segovia,table,land,excluded,land: not a building (art. 2.h),none,lot,,0,excluded,n/a,n/a,n/a,n/a,n/a,excluded,none,no,,,,
BOE-B-2026-30623#163,BOE-B-2026-30623,163,2026-09-22,5B,Patrimonio del Estado (DEH),Delegación de Economía y Hacienda en Segovia,table,land,excluded,land: not a building (art. 2.h),none,lot,,0,excluded,n/a,n/a,n/a,n/a,n/a,excluded,none,no,,,,
BOE-B-2026-30623#164,BOE-B-2026-30623,164,2026-09-22,5B,Patrimonio del Estado (DEH),Delegación de Economía y Hacienda en Segovia,table,land,excluded,land: not a building (art. 2.h),none,lot,,0,excluded,n/a,n/a,n/a,n/a,n/a,excluded,none,no,,,,
BOE-B-2026-30623#165,BOE-B-2026-30623,165,2026-09-22,5B,Patrimonio del Estado (DEH),Delegación de Economía y Hacienda en Segovia,table,land,excluded,land: not a building (art. 2.h),none,lot,,0,excluded,n/a,n/a,n/a,n/a,n/a,excluded,none,no,,,,
BOE-B-2026-30623#166,BOE-B-2026-30623,166,2026-09-22,5B,Patrimonio del Estado (DEH),Delegación de Economía y Hacienda en Segovia,table,land,excluded,land: not a building (art. 2.h),none,lot,,0,excluded,n/a,n/a,n/a,n/a,n/a,excluded,none,no,,,,
BOE-B-2026-30623#167,BOE-B-2026-30623,167,2026-09-22,5B,Patrimonio del Estado (DEH),Delegación de Economía y Hacienda en Segovia,table,land,excluded,land: not a building (art. 2.h),none,lot,,0,excluded,n/a,n/a,n/a,n/a,n/a,excluded,none,no,,,,
BOE-B-2026-30623#168,BOE-B-2026-30623,168,2026-09-22,5B,Patrimonio del Estado (DEH),Delegación de Economía y Hacienda en Segovia,table,land,excluded,land: not a building (art. 2.h),none,lot,,0,excluded,n/a,n/a,n/a,n/a,n/a,excluded,none,no,,,,
BOE-B-2026-30623#169,BOE-B-2026-30623,169,2026-09-22,5B,Patrimonio del Estado (DEH),Delegación de Economía y Hacienda en Segovia,table,land,excluded,land: not a building (art. 2.h),none,lot,,0,excluded,n/a,n/a,n/a,n/a,n/a,excluded,none,no,,,,
BOE-B-2026-30623#17,BOE-B-2026-30623,17,2026-09-22,5B,Patrimonio del Estado (DEH),Delegación de Economía y Hacienda en Segovia,table,land,excluded,land: not a building (art. 2.h),none,lot,,0,excluded,n/a,n/a,n/a,n/a,n/a,excluded,none,no,,,,
BOE-B-2026-30623#170,BOE-B-2026-30623,170,2026-09-22,5B,Patrimonio del Estado (DEH),Delegación de Economía y Hacienda en Segovia,table,land,excluded,land: not a building (art. 2.h),none,lot,,0,excluded,n/a,n/a,n/a,n/a,n/a,excluded,none,no,,,,
BOE-B-2026-30623#171,BOE-B-2026-30623,171,2026-09-22,5B,Patrimonio del Estado (DEH),Delegación de Economía y Hacienda en Segovia,table,land,excluded,land: not a building (art. 2.h),none,lot,,0,excluded,n/a,n/a,n/a,n/a,n/a,excluded,none,no,,,,
BOE-B-2026-30623#172,BOE-B-2026-30623,172,2026-09-22,5B,Patrimonio del Estado (DEH),Delegación de Economía y Hacienda en Segovia,table,land,excluded,land: not a building (art. 2.h),none,lot,,0,excluded,n/a,n/a,n/a,n/a,n/a,excluded,none,no,,,,
BOE-B-2026-30623#173,BOE-B-2026-30623,173,2026-09-22,5B,Patrimonio del Estado (DEH),Delegación de Economía y Hacienda en Segovia,table,land,excluded,land: not a building (art. 2.h),none,lot,,0,excluded,n/a,n/a,n/a,n/a,n/a,excluded,none,no,,,,
BOE-B-2026-30623#174,BOE-B-2026-30623,174,2026-09-22,5B,Patrimonio del Estado (DEH),Delegación de Economía y Hacienda en Segovia,table,land,excluded,land: not a building (art. 2.h),none,lot,,0,excluded,n/a,n/a,n/a,n/a,n/a,excluded,none,no,,,,
BOE-B-2026-30623#175,BOE-B-2026-30623,175,2026-09-22,5B,Patrimonio del Estado (DEH),Delegación de Economía y Hacienda en Segovia,table,land,excluded,land: not a building (art. 2.h),none,lot,,0,excluded,n/a,n/a,n/a,n/a,n/a,excluded,none,no,,,,
BOE-B-2026-30623#176,BOE-B-2026-30623,176,2026-09-22,5B,Patrimonio del Estado (DEH),Delegación de Economía y Hacienda en Segovia,table,land,excluded,land: not a building (art. 2.h),none,lot,,0,excluded,n/a,n/a,n/a,n/a,n/a,excluded,none,no,,,,
BOE-B-2026-30623#177,BOE-B-2026-30623,177,2026-09-22,5B,Patrimonio del Estado (DEH),Delegación de Economía y Hacienda en Segovia,table,land,excluded,land: not a building (art. 2.h),none,lot,,0,excluded,n/a,n/a,n/a,n/a,n/a,excluded,none,no,,,,
BOE-B-2026-30623#178,BOE-B-2026-30623,178,2026-09-22,5B,Patrimonio del Estado (DEH),Delegación de Economía y Hacienda en Segovia,table,land,excluded,land: not a building (art. 2.h),none,lot,,0,excluded,n/a,n/a,n/a,n/a,n/a,excluded,none,no,,,,
BOE-B-2026-30623#179,BOE-B-2026-30623,179,2026-09-22,5B,Patrimonio del Estado (DEH),Delegación de Economía y Hacienda en Segovia,table,land,excluded,land: not a building (art. 2.h),none,lot,,0,excluded,n/a,n/a,n/a,n/a,n/a,excluded,none,no,,,,
BOE-B-2026-30623#18,BOE-B-2026-30623,18,2026-09-22,5B,Patrimonio del Estado (DEH),Delegación de Economía y Hacienda en Segovia,table,land,excluded,land: not a building (art. 2.h),none,lot,,0,excluded,n/a,n/a,n/a,n/a,n/a,excluded,none,no,,,,
BOE-B-2026-30623#180,BOE-B-2026-30623,180,2026-09-22,5B,Patrimonio del Estado (DEH),Delegación de Economía y Hacienda en Segovia,table,land,excluded,land: not a building (art. 2.h),none,lot,,0,excluded,n/a,n/a,n/a,n/a,n/a,excluded,none,no,,,,
BOE-B-2026-30623#181,BOE-B-2026-30623,181,2026-09-22,5B,Patrimonio del Estado (DEH),Delegación de Economía y Hacienda en Segovia,table,land,excluded,land: not a building (art. 2.h),none,lot,,0,excluded,n/a,n/a,n/a,n/a,n/a,excluded,none,no,,,,
BOE-B-2026-30623#182,BOE-B-2026-30623,182,2026-09-22,5B,Patrimonio del Estado (DEH),Delegación de Economía y Hacienda en Segovia,table,land,excluded,land: not a building (art. 2.h),none,lot,,0,excluded,n/a,n/a,n/a,n/a,n/a,excluded,none,no,,,,
BOE-B-2026-30623#183,BOE-B-2026-30623,183,2026-09-22,5B,Patrimonio del Estado (DEH),Delegación de Economía y Hacienda en Segovia,table,land,excluded,land: not a building (art. 2.h),none,lot,,0,excluded,n/a,n/a,n/a,n/a,n/a,excluded,none,no,,,,
BOE-B-2026-30623#184,BOE-B-2026-30623,184,2026-09-22,5B,Patrimonio del Estado (DEH),Delegación de Economía y Hacienda en Segovia,table,land,excluded,land: not a building (art. 2.h),none,lot,,0,excluded,n/a,n/a,n/a,n/a,n/a,excluded,none,no,,,,
BOE-B-2026-30623#185,BOE-B-2026-30623,185,2026-09-22,5B,Patrimonio del Estado (DEH),Delegación de Economía y Hacienda en Segovia,table,land,excluded,land: not a building (art. 2.h),none,lot,,0,excluded,n/a,n/a,n/a,n/a,n/a,excluded,none,no,,,,
BOE-B-2026-30623#186,BOE-B-2026-30623,186,2026-09-22,5B,Patrimonio del Estado (DEH),Delegación de Economía y Hacienda en Segovia,table,land,excluded,land: not a building (art. 2.h),none,lot,,0,excluded,n/a,n/a,n/a,n/a,n/a,excluded,none,no,,,,
BOE-B-2026-30623#187,BOE-B-2026-30623,187,2026-09-22,5B,Patrimonio del Estado (DEH),Delegación de Economía y Hacienda en Segovia,table,land,excluded,land: not a building (art. 2.h),none,lot,,0,excluded,n/a,n/a,n/a,n/a,n/a,excluded,none,no,,,,
BOE-B-2026-30623#188,BOE-B-2026-30623,188,2026-09-22,5B,Patrimonio del Estado (DEH),Delegación de Economía y Hacienda en Segovia,table,land,excluded,land: not a building (art. 2.h),none,lot,,0,excluded,n/a,n/a,n/a,n/a,n/a,excluded,none,no,,,,
BOE-B-2026-30623#189,BOE-B-2026-30623,189,2026-09-22,5B,Patrimonio del Estado (DEH),Delegación de Economía y Hacienda en Segovia,table,land,excluded,land: not a building (art. 2.h),none,lot,,0,excluded,n/a,n/a,n/a,n/a,n/a,excluded,none,no,,,,
BOE-B-2026-30623#19,BOE-B-2026-30623,19,2026-09-22,5B,Patrimonio del Estado (DEH),Delegación de Economía y Hacienda en Segovia,table,land,excluded,land: not a building (art. 2.h),none,lot,,0,excluded,n/a,n/a,n/a,n/a,n/a,excluded,none,no,,,,
BOE-B-2026-30623#190,BOE-B-2026-30623,190,2026-09-22,5B,Patrimonio del Estado (DEH),Delegación de Economía y Hacienda en Segovia,table,land,excluded,land: not a building (art. 2.h),none,lot,,0,excluded,n/a,n/a,n/a,n/a,n/a,excluded,none,no,,,,
BOE-B-2026-30623#191,BOE-B-2026-30623,191,2026-09-22,5B,Patrimonio del Estado (DEH),Delegación de Economía y Hacienda en Segovia,table,land,excluded,land: not a building (art. 2.h),none,lot,,0,excluded,n/a,n/a,n/a,n/a,n/a,excluded,none,no,,,,
BOE-B-2026-30623#192,BOE-B-2026-30623,192,2026-09-22,5B,Patrimonio del Estado (DEH),Delegación de Economía y Hacienda en Segovia,table,land,excluded,land: not a building (art. 2.h),none,lot,,0,excluded,n/a,n/a,n/a,n/a,n/a,excluded,none,no,,,,
BOE-B-2026-30623#193,BOE-B-2026-30623,193,2026-09-22,5B,Patrimonio del Estado (DEH),Delegación de Economía y Hacienda en Segovia,table,land,excluded,land: not a building (art. 2.h),none,lot,,0,excluded,n/a,n/a,n/a,n/a,n/a,excluded,none,no,,,,
BOE-B-2026-30623#194,BOE-B-2026-30623,194,2026-09-22,5B,Patrimonio del Estado (DEH),Delegación de Economía y Hacienda en Segovia,table,land,excluded,land: not a building (art. 2.h),none,lot,,0,excluded,n/a,n/a,n/a,n/a,n/a,excluded,none,no,,,,
BOE-B-2026-30623#195,BOE-B-2026-30623,195,2026-09-22,5B,Patrimonio del Estado (DEH),Delegación de Economía y Hacienda en Segovia,table,land,excluded,land: not a building (art. 2.h),none,lot,,0,excluded,n/a,n/a,n/a,n/a,n/a,excluded,none,no,,,,
BOE-B-2026-30623#196,BOE-B-2026-30623,196,2026-09-22,5B,Patrimonio del Estado (DEH),Delegación de Economía y Hacienda en Segovia,table,land,excluded,land: not a building (art. 2.h),none,lot,,0,excluded,n/a,n/a,n/a,n/a,n/a,excluded,none,no,,,,
BOE-B-2026-30623#197,BOE-B-2026-30623,197,2026-09-22,5B,Patrimonio del Estado (DEH),Delegación de Economía y Hacienda en Segovia,table,land,excluded,land: not a building (art. 2.h),none,lot,,0,excluded,n/a,n/a,n/a,n/a,n/a,excluded,none,no,,,,
BOE-B-2026-30623#198,BOE-B-2026-30623,198,2026-09-22,5B,Patrimonio del Estado (DEH),Delegación de Economía y Hacienda en Segovia,table,land,excluded,land: not a building (art. 2.h),none,lot,,0,excluded,n/a,n/a,n/a,n/a,n/a,excluded,none,no,,,,
BOE-B-2026-30623#199,BOE-B-2026-30623,199,2026-09-22,5B,Patrimonio del Estado (DEH),Delegación de Economía y Hacienda en Segovia,table,land,excluded,land: not a building (art. 2.h),none,lot,,0,excluded,n/a,n/a,n/a,n/a,n/a,excluded,none,no,,,,
BOE-B-2026-30623#2,BOE-B-2026-30623,2,2026-09-22,5B,Patrimonio del Estado (DEH),Delegación de Economía y Hacienda en Segovia,table,land,excluded,land: not a building (art. 2.h),none,lot,,0,excluded,n/a,n/a,n/a,n/a,n/a,excluded,none,no,,,,
BOE-B-2026-30623#20,BOE-B-2026-30623,20,2026-09-22,5B,Patrimonio del Estado (DEH),Delegación de Economía y Hacienda en Segovia,table,land,excluded,land: not a building (art. 2.h),none,lot,,0,excluded,n/a,n/a,n/a,n/a,n/a,excluded,none,no,,,,
BOE-B-2026-30623#200,BOE-B-2026-30623,200,2026-09-22,5B,Patrimonio del Estado (DEH),Delegación de Economía y Hacienda en Segovia,table,land,excluded,land: not a building (art. 2.h),none,lot,,0,excluded,n/a,n/a,n/a,n/a,n/a,excluded,none,no,,,,
BOE-B-2026-30623#201,BOE-B-2026-30623,201,2026-09-22,5B,Patrimonio del Estado (DEH),Delegación de Economía y Hacienda en Segovia,table,land,excluded,land: not a building (art. 2.h),none,lot,,0,excluded,n/a,n/a,n/a,n/a,n/a,excluded,none,no,,,,
BOE-B-2026-30623#202,BOE-B-2026-30623,202,2026-09-22,5B,Patrimonio del Estado (DEH),Delegación de Economía y Hacienda en Segovia,table,land,excluded,land: not a building (art. 2.h),none,lot,,0,excluded,n/a,n/a,n/a,n/a,n/a,excluded,none,no,,,,
BOE-B-2026-30623#203,BOE-B-2026-30623,203,2026-09-22,5B,Patrimonio del Estado (DEH),Delegación de Economía y Hacienda en Segovia,table,land,excluded,land: not a building (art. 2.h),none,lot,,0,excluded,n/a,n/a,n/a,n/a,n/a,excluded,none,no,,,,
BOE-B-2026-30623#204,BOE-B-2026-30623,204,2026-09-22,5B,Patrimonio del Estado (DEH),Delegación de Economía y Hacienda en Segovia,table,land,excluded,land: not a building (art. 2.h),none,lot,,0,excluded,n/a,n/a,n/a,n/a,n/a,excluded,none,no,,,,
BOE-B-2026-30623#205,BOE-B-2026-30623,205,2026-09-22,5B,Patrimonio del Estado (DEH),Delegación de Economía y Hacienda en Segovia,table,land,excluded,land: not a building (art. 2.h),none,lot,,0,excluded,n/a,n/a,n/a,n/a,n/a,excluded,none,no,,,,
BOE-B-2026-30623#206,BOE-B-2026-30623,206,2026-09-22,5B,Patrimonio del Estado (DEH),Delegación de Economía y Hacienda en Segovia,table,land,excluded,land: not a building (art. 2.h),none,lot,,0,excluded,n/a,n/a,n/a,n/a,n/a,excluded,none,no,,,,
BOE-B-2026-30623#207,BOE-B-2026-30623,207,2026-09-22,5B,Patrimonio del Estado (DEH),Delegación de Economía y Hacienda en Segovia,table,land,excluded,land: not a building (art. 2.h),none,lot,,0,excluded,n/a,n/a,n/a,n/a,n/a,excluded,none,no,,,,
BOE-B-2026-30623#208,BOE-B-2026-30623,208,2026-09-22,5B,Patrimonio del Estado (DEH),Delegación de Economía y Hacienda en Segovia,table,land,excluded,land: not a building (art. 2.h),none,lot,,0,excluded,n/a,n/a,n/a,n/a,n/a,excluded,none,yes,R4,,none,land (rustic or unbuilt plot); confirmed
BOE-B-2026-30623#209,BOE-B-2026-30623,209,2026-09-22,5B,Patrimonio del Estado (DEH),Delegación de Economía y Hacienda en Segovia,table,land,excluded,land: not a building (art. 2.h),none,lot,,0,excluded,n/a,n/a,n/a,n/a,n/a,excluded,none,no,,,,
BOE-B-2026-30623#21,BOE-B-2026-30623,21,2026-09-22,5B,Patrimonio del Estado (DEH),Delegación de Economía y Hacienda en Segovia,table,land,excluded,land: not a building (art. 2.h),none,lot,,0,excluded,n/a,n/a,n/a,n/a,n/a,excluded,none,no,,,,
BOE-B-2026-30623#210,BOE-B-2026-30623,210,2026-09-22,5B,Patrimonio del Estado (DEH),Delegación de Economía y Hacienda en Segovia,table,land,excluded,land: not a building (art. 2.h),none,lot,,0,excluded,n/a,n/a,n/a,n/a,n/a,excluded,none,no,,,,
BOE-B-2026-30623#211,BOE-B-2026-30623,211,2026-09-22,5B,Patrimonio del Estado (DEH),Delegación de Economía y Hacienda en Segovia,table,land,excluded,land: not a building (art. 2.h),none,lot,,0,excluded,n/a,n/a,n/a,n/a,n/a,excluded,none,no,,,,
BOE-B-2026-30623#212,BOE-B-2026-30623,212,2026-09-22,5B,Patrimonio del Estado (DEH),Delegación de Economía y Hacienda en Segovia,table,land,excluded,land: not a building (art. 2.h),none,lot,,0,excluded,n/a,n/a,n/a,n/a,n/a,excluded,none,no,,,,
BOE-B-2026-30623#213,BOE-B-2026-30623,213,2026-09-22,5B,Patrimonio del Estado (DEH),Delegación de Economía y Hacienda en Segovia,table,land,excluded,land: not a building (art. 2.h),none,lot,,0,excluded,n/a,n/a,n/a,n/a,n/a,excluded,none,no,,,,
BOE-B-2026-30623#214,BOE-B-2026-30623,214,2026-09-22,5B,Patrimonio del Estado (DEH),Delegación de Economía y Hacienda en Segovia,table,land,excluded,land: not a building (art. 2.h),none,lot,,0,excluded,n/a,n/a,n/a,n/a,n/a,excluded,none,no,,,,
BOE-B-2026-30623#215,BOE-B-2026-30623,215,2026-09-22,5B,Patrimonio del Estado (DEH),Delegación de Economía y Hacienda en Segovia,table,land,excluded,land: not a building (art. 2.h),none,lot,,0,excluded,n/a,n/a,n/a,n/a,n/a,excluded,none,no,,,,
BOE-B-2026-30623#216,BOE-B-2026-30623,216,2026-09-22,5B,Patrimonio del Estado (DEH),Delegación de Economía y Hacienda en Segovia,table,land,excluded,land: not a building (art. 2.h),none,lot,,0,excluded,n/a,n/a,n/a,n/a,n/a,excluded,none,no,,,,
BOE-B-2026-30623#217,BOE-B-2026-30623,217,2026-09-22,5B,Patrimonio del Estado (DEH),Delegación de Economía y Hacienda en Segovia,table,land,excluded,land: not a building (art. 2.h),none,lot,,0,excluded,n/a,n/a,n/a,n/a,n/a,excluded,none,no,,,,
BOE-B-2026-30623#218,BOE-B-2026-30623,218,2026-09-22,5B,Patrimonio del Estado (DEH),Delegación de Economía y Hacienda en Segovia,table,land,excluded,land: not a building (art. 2.h),none,lot,,0,excluded,n/a,n/a,n/a,n/a,n/a,excluded,none,no,,,,
BOE-B-2026-30623#219,BOE-B-2026-30623,219,2026-09-22,5B,Patrimonio del Estado (DEH),Delegación de Economía y Hacienda en Segovia,table,land,excluded,land: not a building (art. 2.h),none,lot,,0,excluded,n/a,n/a,n/a,n/a,n/a,excluded,none,no,,,,
BOE-B-2026-30623#22,BOE-B-2026-30623,22,2026-09-22,5B,Patrimonio del Estado (DEH),Delegación de Economía y Hacienda en Segovia,table,land,excluded,land: not a building (art. 2.h),none,lot,,0,excluded,n/a,n/a,n/a,n/a,n/a,excluded,none,no,,,,
BOE-B-2026-30623#220,BOE-B-2026-30623,220,2026-09-22,5B,Patrimonio del Estado (DEH),Delegación de Economía y Hacienda en Segovia,table,land,excluded,land: not a building (art. 2.h),none,lot,,0,excluded,n/a,n/a,n/a,n/a,n/a,excluded,none,no,,,,
BOE-B-2026-30623#221,BOE-B-2026-30623,221,2026-09-22,5B,Patrimonio del Estado (DEH),Delegación de Economía y Hacienda en Segovia,table,land,excluded,land: not a building (art. 2.h),none,lot,,0,excluded,n/a,n/a,n/a,n/a,n/a,excluded,none,no,,,,
BOE-B-2026-30623#222,BOE-B-2026-30623,222,2026-09-22,5B,Patrimonio del Estado (DEH),Delegación de Economía y Hacienda en Segovia,table,land,excluded,land: not a building (art. 2.h),none,lot,,0,excluded,n/a,n/a,n/a,n/a,n/a,excluded,none,no,,,,
BOE-B-2026-30623#223,BOE-B-2026-30623,223,2026-09-22,5B,Patrimonio del Estado (DEH),Delegación de Economía y Hacienda en Segovia,table,land,excluded,land: not a building (art. 2.h),none,lot,,0,excluded,n/a,n/a,n/a,n/a,n/a,excluded,none,no,,,,
BOE-B-2026-30623#224,BOE-B-2026-30623,224,2026-09-22,5B,Patrimonio del Estado (DEH),Delegación de Economía y Hacienda en Segovia,table,land,excluded,land: not a building (art. 2.h),none,lot,,0,excluded,n/a,n/a,n/a,n/a,n/a,excluded,none,no,,,,
BOE-B-2026-30623#225,BOE-B-2026-30623,225,2026-09-22,5B,Patrimonio del Estado (DEH),Delegación de Economía y Hacienda en Segovia,table,land,excluded,land: not a building (art. 2.h),none,lot,,0,excluded,n/a,n/a,n/a,n/a,n/a,excluded,none,no,,,,
BOE-B-2026-30623#226,BOE-B-2026-30623,226,2026-09-22,5B,Patrimonio del Estado (DEH),Delegación de Economía y Hacienda en Segovia,table,land,excluded,land: not a building (art. 2.h),none,lot,,0,excluded,n/a,n/a,n/a,n/a,n/a,excluded,none,no,,,,
BOE-B-2026-30623#23,BOE-B-2026-30623,23,2026-09-22,5B,Patrimonio del Estado (DEH),Delegación de Economía y Hacienda en Segovia,table,land,excluded,land: not a building (art. 2.h),none,lot,,0,excluded,n/a,n/a,n/a,n/a,n/a,excluded,none,no,,,,
BOE-B-2026-30623#24,BOE-B-2026-30623,24,2026-09-22,5B,Patrimonio del Estado (DEH),Delegación de Economía y Hacienda en Segovia,table,land,excluded,land: not a building (art. 2.h),none,lot,,0,excluded,n/a,n/a,n/a,n/a,n/a,excluded,none,no,,,,
BOE-B-2026-30623#25,BOE-B-2026-30623,25,2026-09-22,5B,Patrimonio del Estado (DEH),Delegación de Economía y Hacienda en Segovia,table,land,excluded,land: not a building (art. 2.h),none,lot,,0,excluded,n/a,n/a,n/a,n/a,n/a,excluded,none,no,,,,
BOE-B-2026-30623#26,BOE-B-2026-30623,26,2026-09-22,5B,Patrimonio del Estado (DEH),Delegación de Economía y Hacienda en Segovia,table,land,excluded,land: not a building (art. 2.h),none,lot,,0,excluded,n/a,n/a,n/a,n/a,n/a,excluded,none,no,,,,
BOE-B-2026-30623#27,BOE-B-2026-30623,27,2026-09-22,5B,Patrimonio del Estado (DEH),Delegación de Economía y Hacienda en Segovia,table,land,excluded,land: not a building (art. 2.h),none,lot,,0,excluded,n/a,n/a,n/a,n/a,n/a,excluded,none,no,,,,
BOE-B-2026-30623#28,BOE-B-2026-30623,28,2026-09-22,5B,Patrimonio del Estado (DEH),Delegación de Economía y Hacienda en Segovia,table,land,excluded,land: not a building (art. 2.h),none,lot,,0,excluded,n/a,n/a,n/a,n/a,n/a,excluded,none,no,,,,
BOE-B-2026-30623#29,BOE-B-2026-30623,29,2026-09-22,5B,Patrimonio del Estado (DEH),Delegación de Economía y Hacienda en Segovia,table,land,excluded,land: not a building (art. 2.h),none,lot,,0,excluded,n/a,n/a,n/a,n/a,n/a,excluded,none,no,,,,
BOE-B-2026-30623#3,BOE-B-2026-30623,3,2026-09-22,5B,Patrimonio del Estado (DEH),Delegación de Economía y Hacienda en Segovia,table,land,excluded,land: not a building (art. 2.h),none,lot,,0,excluded,n/a,n/a,n/a,n/a,n/a,excluded,none,no,,,,
BOE-B-2026-30623#30,BOE-B-2026-30623,30,2026-09-22,5B,Patrimonio del Estado (DEH),Delegación de Economía y Hacienda en Segovia,table,land,excluded,land: not a building (art. 2.h),none,lot,,0,excluded,n/a,n/a,n/a,n/a,n/a,excluded,none,no,,,,
BOE-B-2026-30623#31,BOE-B-2026-30623,31,2026-09-22,5B,Patrimonio del Estado (DEH),Delegación de Economía y Hacienda en Segovia,table,land,excluded,land: not a building (art. 2.h),none,lot,,0,excluded,n/a,n/a,n/a,n/a,n/a,excluded,none,no,,,,
BOE-B-2026-30623#32,BOE-B-2026-30623,32,2026-09-22,5B,Patrimonio del Estado (DEH),Delegación de Economía y Hacienda en Segovia,table,land,excluded,land: not a building (art. 2.h),none,lot,,0,excluded,n/a,n/a,n/a,n/a,n/a,excluded,none,no,,,,
BOE-B-2026-30623#33,BOE-B-2026-30623,33,2026-09-22,5B,Patrimonio del Estado (DEH),Delegación de Economía y Hacienda en Segovia,table,land,excluded,land: not a building (art. 2.h),none,lot,,0,excluded,n/a,n/a,n/a,n/a,n/a,excluded,none,no,,,,
BOE-B-2026-30623#34,BOE-B-2026-30623,34,2026-09-22,5B,Patrimonio del Estado (DEH),Delegación de Economía y Hacienda en Segovia,table,land,excluded,land: not a building (art. 2.h),none,lot,,0,excluded,n/a,n/a,n/a,n/a,n/a,excluded,none,no,,,,
BOE-B-2026-30623#35,BOE-B-2026-30623,35,2026-09-22,5B,Patrimonio del Estado (DEH),Delegación de Economía y Hacienda en Segovia,table,land,excluded,land: not a building (art. 2.h),none,lot,,0,excluded,n/a,n/a,n/a,n/a,n/a,excluded,none,no,,,,
BOE-B-2026-30623#36,BOE-B-2026-30623,36,2026-09-22,5B,Patrimonio del Estado (DEH),Delegación de Economía y Hacienda en Segovia,table,land,excluded,land: not a building (art. 2.h),none,lot,,0,excluded,n/a,n/a,n/a,n/a,n/a,excluded,none,no,,,,
BOE-B-2026-30623#37,BOE-B-2026-30623,37,2026-09-22,5B,Patrimonio del Estado (DEH),Delegación de Economía y Hacienda en Segovia,table,land,excluded,land: not a building (art. 2.h),none,lot,,0,excluded,n/a,n/a,n/a,n/a,n/a,excluded,none,no,,,,
BOE-B-2026-30623#38,BOE-B-2026-30623,38,2026-09-22,5B,Patrimonio del Estado (DEH),Delegación de Economía y Hacienda en Segovia,table,land,excluded,land: not a building (art. 2.h),none,lot,,0,excluded,n/a,n/a,n/a,n/a,n/a,excluded,none,no,,,,
BOE-B-2026-30623#39,BOE-B-2026-30623,39,2026-09-22,5B,Patrimonio del Estado (DEH),Delegación de Economía y Hacienda en Segovia,table,land,excluded,land: not a building (art. 2.h),none,lot,,0,excluded,n/a,n/a,n/a,n/a,n/a,excluded,none,no,,,,
BOE-B-2026-30623#4,BOE-B-2026-30623,4,2026-09-22,5B,Patrimonio del Estado (DEH),Delegación de Economía y Hacienda en Segovia,table,land,excluded,land: not a building (art. 2.h),none,lot,,0,excluded,n/a,n/a,n/a,n/a,n/a,excluded,none,no,,,,
BOE-B-2026-30623#40,BOE-B-2026-30623,40,2026-09-22,5B,Patrimonio del Estado (DEH),Delegación de Economía y Hacienda en Segovia,table,land,excluded,land: not a building (art. 2.h),none,lot,,0,excluded,n/a,n/a,n/a,n/a,n/a,excluded,none,no,,,,
BOE-B-2026-30623#41,BOE-B-2026-30623,41,2026-09-22,5B,Patrimonio del Estado (DEH),Delegación de Economía y Hacienda en Segovia,table,land,excluded,land: not a building (art. 2.h),none,lot,,0,excluded,n/a,n/a,n/a,n/a,n/a,excluded,none,no,,,,
BOE-B-2026-30623#42,BOE-B-2026-30623,42,2026-09-22,5B,Patrimonio del Estado (DEH),Delegación de Economía y Hacienda en Segovia,table,land,excluded,land: not a building (art. 2.h),none,lot,,0,excluded,n/a,n/a,n/a,n/a,n/a,excluded,none,no,,,,
BOE-B-2026-30623#43,BOE-B-2026-30623,43,2026-09-22,5B,Patrimonio del Estado (DEH),Delegación de Economía y Hacienda en Segovia,table,land,excluded,land: not a building (art. 2.h),none,lot,,0,excluded,n/a,n/a,n/a,n/a,n/a,excluded,none,no,,,,
BOE-B-2026-30623#44,BOE-B-2026-30623,44,2026-09-22,5B,Patrimonio del Estado (DEH),Delegación de Economía y Hacienda en Segovia,table,land,excluded,land: not a building (art. 2.h),none,lot,,0,excluded,n/a,n/a,n/a,n/a,n/a,excluded,none,no,,,,
BOE-B-2026-30623#45,BOE-B-2026-30623,45,2026-09-22,5B,Patrimonio del Estado (DEH),Delegación de Economía y Hacienda en Segovia,table,land,excluded,land: not a building (art. 2.h),none,lot,,0,excluded,n/a,n/a,n/a,n/a,n/a,excluded,none,no,,,,
BOE-B-2026-30623#46,BOE-B-2026-30623,46,2026-09-22,5B,Patrimonio del Estado (DEH),Delegación de Economía y Hacienda en Segovia,table,land,excluded,land: not a building (art. 2.h),none,lot,,0,excluded,n/a,n/a,n/a,n/a,n/a,excluded,none,no,,,,
BOE-B-2026-30623#47,BOE-B-2026-30623,47,2026-09-22,5B,Patrimonio del Estado (DEH),Delegación de Economía y Hacienda en Segovia,table,land,excluded,land: not a building (art. 2.h),none,lot,,0,excluded,n/a,n/a,n/a,n/a,n/a,excluded,none,no,,,,
BOE-B-2026-30623#48,BOE-B-2026-30623,48,2026-09-22,5B,Patrimonio del Estado (DEH),Delegación de Economía y Hacienda en Segovia,table,land,excluded,land: not a building (art. 2.h),none,lot,,0,excluded,n/a,n/a,n/a,n/a,n/a,excluded,none,no,,,,
BOE-B-2026-30623#49,BOE-B-2026-30623,49,2026-09-22,5B,Patrimonio del Estado (DEH),Delegación de Economía y Hacienda en Segovia,table,land,excluded,land: not a building (art. 2.h),none,lot,,0,excluded,n/a,n/a,n/a,n/a,n/a,excluded,none,no,,,,
BOE-B-2026-30623#5,BOE-B-2026-30623,5,2026-09-22,5B,Patrimonio del Estado (DEH),Delegación de Economía y Hacienda en Segovia,table,land,excluded,land: not a building (art. 2.h),none,lot,,0,excluded,n/a,n/a,n/a,n/a,n/a,excluded,none,no,,,,
BOE-B-2026-30623#50,BOE-B-2026-30623,50,2026-09-22,5B,Patrimonio del Estado (DEH),Delegación de Economía y Hacienda en Segovia,table,land,excluded,land: not a building (art. 2.h),none,lot,,0,excluded,n/a,n/a,n/a,n/a,n/a,excluded,none,no,,,,
BOE-B-2026-30623#51,BOE-B-2026-30623,51,2026-09-22,5B,Patrimonio del Estado (DEH),Delegación de Economía y Hacienda en Segovia,table,land,excluded,land: not a building (art. 2.h),none,lot,,0,excluded,n/a,n/a,n/a,n/a,n/a,excluded,none,no,,,,
BOE-B-2026-30623#52,BOE-B-2026-30623,52,2026-09-22,5B,Patrimonio del Estado (DEH),Delegación de Economía y Hacienda en Segovia,table,land,excluded,land: not a building (art. 2.h),none,lot,,0,excluded,n/a,n/a,n/a,n/a,n/a,excluded,none,no,,,,
BOE-B-2026-30623#53,BOE-B-2026-30623,53,2026-09-22,5B,Patrimonio del Estado (DEH),Delegación de Economía y Hacienda en Segovia,table,land,excluded,land: not a building (art. 2.h),none,lot,,0,excluded,n/a,n/a,n/a,n/a,n/a,excluded,none,no,,,,
BOE-B-2026-30623#54,BOE-B-2026-30623,54,2026-09-22,5B,Patrimonio del Estado (DEH),Delegación de Economía y Hacienda en Segovia,table,land,excluded,land: not a building (art. 2.h),none,lot,,0,excluded,n/a,n/a,n/a,n/a,n/a,excluded,none,no,,,,
BOE-B-2026-30623#55,BOE-B-2026-30623,55,2026-09-22,5B,Patrimonio del Estado (DEH),Delegación de Economía y Hacienda en Segovia,table,land,excluded,land: not a building (art. 2.h),none,lot,,0,excluded,n/a,n/a,n/a,n/a,n/a,excluded,none,no,,,,
BOE-B-2026-30623#56,BOE-B-2026-30623,56,2026-09-22,5B,Patrimonio del Estado (DEH),Delegación de Economía y Hacienda en Segovia,table,land,excluded,land: not a building (art. 2.h),none,lot,,0,excluded,n/a,n/a,n/a,n/a,n/a,excluded,none,no,,,,
BOE-B-2026-30623#57,BOE-B-2026-30623,57,2026-09-22,5B,Patrimonio del Estado (DEH),Delegación de Economía y Hacienda en Segovia,table,land,excluded,land: not a building (art. 2.h),none,lot,,0,excluded,n/a,n/a,n/a,n/a,n/a,excluded,none,no,,,,
BOE-B-2026-30623#58,BOE-B-2026-30623,58,2026-09-22,5B,Patrimonio del Estado (DEH),Delegación de Economía y Hacienda en Segovia,table,land,excluded,land: not a building (art. 2.h),none,lot,,0,excluded,n/a,n/a,n/a,n/a,n/a,excluded,none,no,,,,
BOE-B-2026-30623#59,BOE-B-2026-30623,59,2026-09-22,5B,Patrimonio del Estado (DEH),Delegación de Economía y Hacienda en Segovia,table,land,excluded,land: not a building (art. 2.h),none,lot,,0,excluded,n/a,n/a,n/a,n/a,n/a,excluded,none,no,,,,
BOE-B-2026-30623#6,BOE-B-2026-30623,6,2026-09-22,5B,Patrimonio del Estado (DEH),Delegación de Economía y Hacienda en Segovia,table,land,excluded,land: not a building (art. 2.h),none,lot,,0,excluded,n/a,n/a,n/a,n/a,n/a,excluded,none,no,,,,
BOE-B-2026-30623#60,BOE-B-2026-30623,60,2026-09-22,5B,Patrimonio del Estado (DEH),Delegación de Economía y Hacienda en Segovia,table,land,excluded,land: not a building (art. 2.h),none,lot,,0,excluded,n/a,n/a,n/a,n/a,n/a,excluded,none,no,,,,
BOE-B-2026-30623#61,BOE-B-2026-30623,61,2026-09-22,5B,Patrimonio del Estado (DEH),Delegación de Economía y Hacienda en Segovia,table,land,excluded,land: not a building (art. 2.h),none,lot,,0,excluded,n/a,n/a,n/a,n/a,n/a,excluded,none,no,,,,
BOE-B-2026-30623#62,BOE-B-2026-30623,62,2026-09-22,5B,Patrimonio del Estado (DEH),Delegación de Economía y Hacienda en Segovia,table,land,excluded,land: not a building (art. 2.h),none,lot,,0,excluded,n/a,n/a,n/a,n/a,n/a,excluded,none,no,,,,
BOE-B-2026-30623#63,BOE-B-2026-30623,63,2026-09-22,5B,Patrimonio del Estado (DEH),Delegación de Economía y Hacienda en Segovia,table,land,excluded,land: not a building (art. 2.h),none,lot,,0,excluded,n/a,n/a,n/a,n/a,n/a,excluded,none,no,,,,
BOE-B-2026-30623#64,BOE-B-2026-30623,64,2026-09-22,5B,Patrimonio del Estado (DEH),Delegación de Economía y Hacienda en Segovia,table,land,excluded,land: not a building (art. 2.h),none,lot,,0,excluded,n/a,n/a,n/a,n/a,n/a,excluded,none,no,,,,
BOE-B-2026-30623#65,BOE-B-2026-30623,65,2026-09-22,5B,Patrimonio del Estado (DEH),Delegación de Economía y Hacienda en Segovia,table,land,excluded,land: not a building (art. 2.h),none,lot,,0,excluded,n/a,n/a,n/a,n/a,n/a,excluded,none,no,,,,
BOE-B-2026-30623#66,BOE-B-2026-30623,66,2026-09-22,5B,Patrimonio del Estado (DEH),Delegación de Economía y Hacienda en Segovia,table,land,excluded,land: not a building (art. 2.h),none,lot,,0,excluded,n/a,n/a,n/a,n/a,n/a,excluded,none,no,,,,
BOE-B-2026-30623#67,BOE-B-2026-30623,67,2026-09-22,5B,Patrimonio del Estado (DEH),Delegación de Economía y Hacienda en Segovia,table,land,excluded,land: not a building (art. 2.h),none,lot,,0,excluded,n/a,n/a,n/a,n/a,n/a,excluded,none,no,,,,
BOE-B-2026-30623#68,BOE-B-2026-30623,68,2026-09-22,5B,Patrimonio del Estado (DEH),Delegación de Economía y Hacienda en Segovia,table,land,excluded,land: not a building (art. 2.h),none,lot,,0,excluded,n/a,n/a,n/a,n/a,n/a,excluded,none,yes,R4,,none,land (rustic or unbuilt plot); confirmed
BOE-B-2026-30623#69,BOE-B-2026-30623,69,2026-09-22,5B,Patrimonio del Estado (DEH),Delegación de Economía y Hacienda en Segovia,table,land,excluded,land: not a building (art. 2.h),none,lot,,0,excluded,n/a,n/a,n/a,n/a,n/a,excluded,none,yes,R4,,type industrial_agricultural>land,"rustic plot; ""Pajares"" is part of the place name"
BOE-B-2026-30623#7,BOE-B-2026-30623,7,2026-09-22,5B,Patrimonio del Estado (DEH),Delegación de Economía y Hacienda en Segovia,table,land,excluded,land: not a building (art. 2.h),none,lot,,0,excluded,n/a,n/a,n/a,n/a,n/a,excluded,none,no,,,,
BOE-B-2026-30623#70,BOE-B-2026-30623,70,2026-09-22,5B,Patrimonio del Estado (DEH),Delegación de Economía y Hacienda en Segovia,table,land,excluded,land: not a building (art. 2.h),none,lot,,0,excluded,n/a,n/a,n/a,n/a,n/a,excluded,none,yes,R4,,type industrial_agricultural>land,"rustic plot; ""Pajares"" is part of the place name"
BOE-B-2026-30623#71,BOE-B-2026-30623,71,2026-09-22,5B,Patrimonio del Estado (DEH),Delegación de Economía y Hacienda en Segovia,table,land,excluded,land: not a building (art. 2.h),none,lot,,0,excluded,n/a,n/a,n/a,n/a,n/a,excluded,none,no,,,,
BOE-B-2026-30623#72,BOE-B-2026-30623,72,2026-09-22,5B,Patrimonio del Estado (DEH),Delegación de Economía y Hacienda en Segovia,table,land,excluded,land: not a building (art. 2.h),none,lot,,0,excluded,n/a,n/a,n/a,n/a,n/a,excluded,none,no,,,,
BOE-B-2026-30623#73,BOE-B-2026-30623,73,2026-09-22,5B,Patrimonio del Estado (DEH),Delegación de Economía y Hacienda en Segovia,table,land,excluded,land: not a building (art. 2.h),none,lot,,0,excluded,n/a,n/a,n/a,n/a,n/a,excluded,none,no,,,,
BOE-B-2026-30623#74,BOE-B-2026-30623,74,2026-09-22,5B,Patrimonio del Estado (DEH),Delegación de Economía y Hacienda en Segovia,table,land,excluded,land: not a building (art. 2.h),none,lot,,0,excluded,n/a,n/a,n/a,n/a,n/a,excluded,none,no,,,,
BOE-B-2026-30623#75,BOE-B-2026-30623,75,2026-09-22,5B,Patrimonio del Estado (DEH),Delegación de Economía y Hacienda en Segovia,table,land,excluded,land: not a building (art. 2.h),none,lot,,0,excluded,n/a,n/a,n/a,n/a,n/a,excluded,none,no,,,,
BOE-B-2026-30623#76,BOE-B-2026-30623,76,2026-09-22,5B,Patrimonio del Estado (DEH),Delegación de Economía y Hacienda en Segovia,table,land,excluded,land: not a building (art. 2.h),none,lot,,0,excluded,n/a,n/a,n/a,n/a,n/a,excluded,none,no,,,,
BOE-B-2026-30623#77,BOE-B-2026-30623,77,2026-09-22,5B,Patrimonio del Estado (DEH),Delegación de Economía y Hacienda en Segovia,table,land,excluded,land: not a building (art. 2.h),none,lot,,0,excluded,n/a,n/a,n/a,n/a,n/a,excluded,none,no,,,,
BOE-B-2026-30623#78,BOE-B-2026-30623,78,2026-09-22,5B,Patrimonio del Estado (DEH),Delegación de Economía y Hacienda en Segovia,table,land,excluded,land: not a building (art. 2.h),none,lot,,0,excluded,n/a,n/a,n/a,n/a,n/a,excluded,none,no,,,,
BOE-B-2026-30623#79,BOE-B-2026-30623,79,2026-09-22,5B,Patrimonio del Estado (DEH),Delegación de Economía y Hacienda en Segovia,table,land,excluded,land: not a building (art. 2.h),none,lot,,0,excluded,n/a,n/a,n/a,n/a,n/a,excluded,none,no,,,,
BOE-B-2026-30623#8,BOE-B-2026-30623,8,2026-09-22,5B,Patrimonio del Estado (DEH),Delegación de Economía y Hacienda en Segovia,table,land,excluded,land: not a building (art. 2.h),none,lot,,0,excluded,n/a,n/a,n/a,n/a,n/a,excluded,none,no,,,,
BOE-B-2026-30623#80,BOE-B-2026-30623,80,2026-09-22,5B,Patrimonio del Estado (DEH),Delegación de Economía y Hacienda en Segovia,table,land,excluded,land: not a building (art. 2.h),none,lot,,0,excluded,n/a,n/a,n/a,n/a,n/a,excluded,none,no,,,,
BOE-B-2026-30623#81,BOE-B-2026-30623,81,2026-09-22,5B,Patrimonio del Estado (DEH),Delegación de Economía y Hacienda en Segovia,table,land,excluded,land: not a building (art. 2.h),none,lot,,0,excluded,n/a,n/a,n/a,n/a,n/a,excluded,none,no,,,,
BOE-B-2026-30623#82,BOE-B-2026-30623,82,2026-09-22,5B,Patrimonio del Estado (DEH),Delegación de Economía y Hacienda en Segovia,table,land,excluded,land: not a building (art. 2.h),none,lot,,0,excluded,n/a,n/a,n/a,n/a,n/a,excluded,none,no,,,,
BOE-B-2026-30623#83,BOE-B-2026-30623,83,2026-09-22,5B,Patrimonio del Estado (DEH),Delegación de Economía y Hacienda en Segovia,table,land,excluded,land: not a building (art. 2.h),none,lot,,0,excluded,n/a,n/a,n/a,n/a,n/a,excluded,none,no,,,,
BOE-B-2026-30623#84,BOE-B-2026-30623,84,2026-09-22,5B,Patrimonio del Estado (DEH),Delegación de Economía y Hacienda en Segovia,table,land,excluded,land: not a building (art. 2.h),none,lot,,0,excluded,n/a,n/a,n/a,n/a,n/a,excluded,none,no,,,,
BOE-B-2026-30623#85,BOE-B-2026-30623,85,2026-09-22,5B,Patrimonio del Estado (DEH),Delegación de Economía y Hacienda en Segovia,table,land,excluded,land: not a building (art. 2.h),none,lot,,0,excluded,n/a,n/a,n/a,n/a,n/a,excluded,none,no,,,,
BOE-B-2026-30623#86,BOE-B-2026-30623,86,2026-09-22,5B,Patrimonio del Estado (DEH),Delegación de Economía y Hacienda en Segovia,table,land,excluded,land: not a building (art. 2.h),none,lot,,0,excluded,n/a,n/a,n/a,n/a,n/a,excluded,none,no,,,,
BOE-B-2026-30623#87,BOE-B-2026-30623,87,2026-09-22,5B,Patrimonio del Estado (DEH),Delegación de Economía y Hacienda en Segovia,table,land,excluded,land: not a building (art. 2.h),none,lot,,0,excluded,n/a,n/a,n/a,n/a,n/a,excluded,none,no,,,,
BOE-B-2026-30623#88,BOE-B-2026-30623,88,2026-09-22,5B,Patrimonio del Estado (DEH),Delegación de Economía y Hacienda en Segovia,table,land,excluded,land: not a building (art. 2.h),none,lot,,0,excluded,n/a,n/a,n/a,n/a,n/a,excluded,none,no,,,,
BOE-B-2026-30623#89,BOE-B-2026-30623,89,2026-09-22,5B,Patrimonio del Estado (DEH),Delegación de Economía y Hacienda en Segovia,table,land,excluded,land: not a building (art. 2.h),none,lot,,0,excluded,n/a,n/a,n/a,n/a,n/a,excluded,none,no,,,,
BOE-B-2026-30623#9,BOE-B-2026-30623,9,2026-09-22,5B,Patrimonio del Estado (DEH),Delegación de Economía y Hacienda en Segovia,table,land,excluded,land: not a building (art. 2.h),none,lot,,0,excluded,n/a,n/a,n/a,n/a,n/a,excluded,none,no,,,,
BOE-B-2026-30623#90,BOE-B-2026-30623,90,2026-09-22,5B,Patrimonio del Estado (DEH),Delegación de Economía y Hacienda en Segovia,table,land,excluded,land: not a building (art. 2.h),none,lot,,0,excluded,n/a,n/a,n/a,n/a,n/a,excluded,none,no,,,,
BOE-B-2026-30623#91,BOE-B-2026-30623,91,2026-09-22,5B,Patrimonio del Estado (DEH),Delegación de Economía y Hacienda en Segovia,table,land,excluded,land: not a building (art. 2.h),none,lot,,0,excluded,n/a,n/a,n/a,n/a,n/a,excluded,none,no,,,,
BOE-B-2026-30623#92,BOE-B-2026-30623,92,2026-09-22,5B,Patrimonio del Estado (DEH),Delegación de Economía y Hacienda en Segovia,table,land,excluded,land: not a building (art. 2.h),none,lot,,0,excluded,n/a,n/a,n/a,n/a,n/a,excluded,none,no,,,,
BOE-B-2026-30623#93,BOE-B-2026-30623,93,2026-09-22,5B,Patrimonio del Estado (DEH),Delegación de Economía y Hacienda en Segovia,table,land,excluded,land: not a building (art. 2.h),none,lot,,0,excluded,n/a,n/a,n/a,n/a,n/a,excluded,none,no,,,,
BOE-B-2026-30623#94,BOE-B-2026-30623,94,2026-09-22,5B,Patrimonio del Estado (DEH),Delegación de Economía y Hacienda en Segovia,table,land,excluded,land: not a building (art. 2.h),none,lot,,0,excluded,n/a,n/a,n/a,n/a,n/a,excluded,none,no,,,,
BOE-B-2026-30623#95,BOE-B-2026-30623,95,2026-09-22,5B,Patrimonio del Estado (DEH),Delegación de Economía y Hacienda en Segovia,table,land,excluded,land: not a building (art. 2.h),none,lot,,0,excluded,n/a,n/a,n/a,n/a,n/a,excluded,none,no,,,,
BOE-B-2026-30623#96,BOE-B-2026-30623,96,2026-09-22,5B,Patrimonio del Estado (DEH),Delegación de Economía y Hacienda en Segovia,table,land,excluded,land: not a building (art. 2.h),none,lot,,0,excluded,n/a,n/a,n/a,n/a,n/a,excluded,none,no,,,,
BOE-B-2026-30623#97,BOE-B-2026-30623,97,2026-09-22,5B,Patrimonio del Estado (DEH),Delegación de Economía y Hacienda en Segovia,table,land,excluded,land: not a building (art. 2.h),none,lot,,0,excluded,n/a,n/a,n/a,n/a,n/a,excluded,none,no,,,,
BOE-B-2026-30623#98,BOE-B-2026-30623,98,2026-09-22,5B,Patrimonio del Estado (DEH),Delegación de Economía y Hacienda en Segovia,table,land,excluded,land: not a building (art. 2.h),none,lot,,0,excluded,n/a,n/a,n/a,n/a,n/a,excluded,none,no,,,,
BOE-B-2026-30623#99,BOE-B-2026-30623,99,2026-09-22,5B,Patrimonio del Estado (DEH),Delegación de Economía y Hacienda en Segovia,table,land,excluded,land: not a building (art. 2.h),none,lot,,0,excluded,n/a,n/a,n/a,n/a,n/a,excluded,none,no,,,,
BOE-B-2026-30624#1,BOE-B-2026-30624,1,2026-09-22,5B,Patrimonio del Estado (DEH),Delegación Especial de Economía y Hacienda en Valencia (Unidad de Patrimonio del Estado),single,land,drop,excluded notice kind: direct_named,none,lot,,0,dropped,n/a,n/a,n/a,n/a,n/a,excluded,none,yes,extra,,scope excluded>drop,"direct adjudication to a party who showed interest (art. 137.4 LPAP); not an offer to the public (rule §1.1, direct_named)"
BOE-B-2026-30834#1,BOE-B-2026-30834,1,2026-09-24,5B,Patrimonio del Estado (DEH),Delegación de Economía y Hacienda en León,lote_header,land,excluded,land: not a building (art. 2.h),none,lot,,0,excluded,n/a,n/a,n/a,n/a,n/a,excluded,none,no,,,,
BOE-B-2026-30834#10,BOE-B-2026-30834,10,2026-09-24,5B,Patrimonio del Estado (DEH),Delegación de Economía y Hacienda en León,lote_header,land,excluded,land: not a building (art. 2.h),none,lot,,0,excluded,n/a,n/a,n/a,n/a,n/a,excluded,none,no,,,,
BOE-B-2026-30834#11,BOE-B-2026-30834,11,2026-09-24,5B,Patrimonio del Estado (DEH),Delegación de Economía y Hacienda en León,lote_header,land,excluded,land: not a building (art. 2.h),none,lot,,0,excluded,n/a,n/a,n/a,n/a,n/a,excluded,none,no,,,,
BOE-B-2026-30834#12,BOE-B-2026-30834,12,2026-09-24,5B,Patrimonio del Estado (DEH),Delegación de Economía y Hacienda en León,lote_header,land,excluded,land: not a building (art. 2.h),none,lot,,0,excluded,n/a,n/a,n/a,n/a,n/a,excluded,none,no,,,,
BOE-B-2026-30834#13,BOE-B-2026-30834,13,2026-09-24,5B,Patrimonio del Estado (DEH),Delegación de Economía y Hacienda en León,lote_header,land,excluded,land: not a building (art. 2.h),none,lot,,0,excluded,n/a,n/a,n/a,n/a,n/a,excluded,none,no,,,,
BOE-B-2026-30834#14,BOE-B-2026-30834,14,2026-09-24,5B,Patrimonio del Estado (DEH),Delegación de Economía y Hacienda en León,lote_header,land,excluded,land: not a building (art. 2.h),none,lot,,0,excluded,n/a,n/a,n/a,n/a,n/a,excluded,none,no,,,,
BOE-B-2026-30834#15,BOE-B-2026-30834,15,2026-09-24,5B,Patrimonio del Estado (DEH),Delegación de Economía y Hacienda en León,lote_header,land,excluded,land: not a building (art. 2.h),none,lot,,0,excluded,n/a,n/a,n/a,n/a,n/a,undeterminable,none,yes,R3,,scope undeterminable>excluded; type rural_with_construction>land,rustic plot; the construction word is part of the place name
BOE-B-2026-30834#16,BOE-B-2026-30834,16,2026-09-24,5B,Patrimonio del Estado (DEH),Delegación de Economía y Hacienda en León,lote_header,land,excluded,land: not a building (art. 2.h),none,lot,,0,excluded,n/a,n/a,n/a,n/a,n/a,excluded,none,no,,,,
BOE-B-2026-30834#17,BOE-B-2026-30834,17,2026-09-24,5B,Patrimonio del Estado (DEH),Delegación de Economía y Hacienda en León,lote_header,land,excluded,land: not a building (art. 2.h),none,lot,,0,excluded,n/a,n/a,n/a,n/a,n/a,excluded,none,no,,,,
BOE-B-2026-30834#18,BOE-B-2026-30834,18,2026-09-24,5B,Patrimonio del Estado (DEH),Delegación de Economía y Hacienda en León,lote_header,land,excluded,land: not a building (art. 2.h),none,lot,,0,excluded,n/a,n/a,n/a,n/a,n/a,excluded,none,no,,,,
BOE-B-2026-30834#19,BOE-B-2026-30834,19,2026-09-24,5B,Patrimonio del Estado (DEH),Delegación de Economía y Hacienda en León,lote_header,land,excluded,land: not a building (art. 2.h),none,lot,,0,excluded,n/a,n/a,n/a,n/a,n/a,excluded,none,no,,,,
BOE-B-2026-30834#2,BOE-B-2026-30834,2,2026-09-24,5B,Patrimonio del Estado (DEH),Delegación de Economía y Hacienda en León,lote_header,land,excluded,land: not a building (art. 2.h),none,lot,,0,excluded,n/a,n/a,n/a,n/a,n/a,excluded,none,no,,,,
BOE-B-2026-30834#20,BOE-B-2026-30834,20,2026-09-24,5B,Patrimonio del Estado (DEH),Delegación de Economía y Hacienda en León,lote_header,land,excluded,land: not a building (art. 2.h),none,lot,,0,excluded,n/a,n/a,n/a,n/a,n/a,excluded,none,no,,,,
BOE-B-2026-30834#3,BOE-B-2026-30834,3,2026-09-24,5B,Patrimonio del Estado (DEH),Delegación de Economía y Hacienda en León,lote_header,land,excluded,land: not a building (art. 2.h),none,lot,,0,excluded,n/a,n/a,n/a,n/a,n/a,excluded,none,no,,,,
BOE-B-2026-30834#4,BOE-B-2026-30834,4,2026-09-24,5B,Patrimonio del Estado (DEH),Delegación de Economía y Hacienda en León,lote_header,land,excluded,land: not a building (art. 2.h),none,lot,,0,excluded,n/a,n/a,n/a,n/a,n/a,excluded,none,no,,,,
BOE-B-2026-30834#5,BOE-B-2026-30834,5,2026-09-24,5B,Patrimonio del Estado (DEH),Delegación de Economía y Hacienda en León,lote_header,land,excluded,land: not a building (art. 2.h),none,lot,,0,excluded,n/a,n/a,n/a,n/a,n/a,excluded,none,no,,,,
BOE-B-2026-30834#6,BOE-B-2026-30834,6,2026-09-24,5B,Patrimonio del Estado (DEH),Delegación de Economía y Hacienda en León,lote_header,land,excluded,land: not a building (art. 2.h),none,lot,,0,excluded,n/a,n/a,n/a,n/a,n/a,excluded,none,no,,,,
BOE-B-2026-30834#7,BOE-B-2026-30834,7,2026-09-24,5B,Patrimonio del Estado (DEH),Delegación de Economía y Hacienda en León,lote_header,land,excluded,land: not a building (art. 2.h),none,lot,,0,excluded,n/a,n/a,n/a,n/a,n/a,excluded,none,no,,,,
BOE-B-2026-30834#8,BOE-B-2026-30834,8,2026-09-24,5B,Patrimonio del Estado (DEH),Delegación de Economía y Hacienda en León,lote_header,land,excluded,land: not a building (art. 2.h),none,lot,,0,excluded,n/a,n/a,n/a,n/a,n/a,excluded,none,no,,,,
BOE-B-2026-30834#9,BOE-B-2026-30834,9,2026-09-24,5B,Patrimonio del Estado (DEH),Delegación de Economía y Hacienda en León,lote_header,land,excluded,land: not a building (art. 2.h),none,lot,,0,excluded,n/a,n/a,n/a,n/a,n/a,excluded,none,no,,,,
BOE-B-2026-30835#1,BOE-B-2026-30835,1,2026-09-24,5B,Patrimonio del Estado (DEH),Delegación de Economía y Hacienda en León,lote_header,land,excluded,land: not a building (art. 2.h),none,lot,,0,excluded,n/a,n/a,n/a,n/a,n/a,excluded,none,no,,,,
BOE-B-2026-30835#10,BOE-B-2026-30835,10,2026-09-24,5B,Patrimonio del Estado (DEH),Delegación de Economía y Hacienda en León,lote_header,land,excluded,land: not a building (art. 2.h),none,lot,,0,excluded,n/a,n/a,n/a,n/a,n/a,undeterminable,none,yes,R3,,scope undeterminable>excluded; type rural_with_construction>land,rustic plot; the construction word is part of the place name
BOE-B-2026-30835#11,BOE-B-2026-30835,11,2026-09-24,5B,Patrimonio del Estado (DEH),Delegación de Economía y Hacienda en León,lote_header,land,excluded,land: not a building (art. 2.h),none,lot,,0,excluded,n/a,n/a,n/a,n/a,n/a,excluded,none,no,,,,
BOE-B-2026-30835#12,BOE-B-2026-30835,12,2026-09-24,5B,Patrimonio del Estado (DEH),Delegación de Economía y Hacienda en León,lote_header,land,excluded,land: not a building (art. 2.h),none,lot,,0,excluded,n/a,n/a,n/a,n/a,n/a,excluded,none,no,,,,
BOE-B-2026-30835#13,BOE-B-2026-30835,13,2026-09-24,5B,Patrimonio del Estado (DEH),Delegación de Economía y Hacienda en León,lote_header,land,excluded,land: not a building (art. 2.h),none,lot,,0,excluded,n/a,n/a,n/a,n/a,n/a,excluded,none,no,,,,
BOE-B-2026-30835#14,BOE-B-2026-30835,14,2026-09-24,5B,Patrimonio del Estado (DEH),Delegación de Economía y Hacienda en León,lote_header,land,excluded,land: not a building (art. 2.h),none,lot,,0,excluded,n/a,n/a,n/a,n/a,n/a,excluded,none,no,,,,
BOE-B-2026-30835#2,BOE-B-2026-30835,2,2026-09-24,5B,Patrimonio del Estado (DEH),Delegación de Economía y Hacienda en León,lote_header,land,excluded,land: not a building (art. 2.h),none,lot,,0,excluded,n/a,n/a,n/a,n/a,n/a,excluded,none,no,,,,
BOE-B-2026-30835#3,BOE-B-2026-30835,3,2026-09-24,5B,Patrimonio del Estado (DEH),Delegación de Economía y Hacienda en León,lote_header,land,excluded,land: not a building (art. 2.h),none,lot,,0,excluded,n/a,n/a,n/a,n/a,n/a,excluded,none,no,,,,
BOE-B-2026-30835#4,BOE-B-2026-30835,4,2026-09-24,5B,Patrimonio del Estado (DEH),Delegación de Economía y Hacienda en León,lote_header,land,excluded,land: not a building (art. 2.h),none,lot,,0,excluded,n/a,n/a,n/a,n/a,n/a,excluded,none,no,,,,
BOE-B-2026-30835#5,BOE-B-2026-30835,5,2026-09-24,5B,Patrimonio del Estado (DEH),Delegación de Economía y Hacienda en León,lote_header,land,excluded,land: not a building (art. 2.h),none,lot,,0,excluded,n/a,n/a,n/a,n/a,n/a,excluded,none,no,,,,
BOE-B-2026-30835#6,BOE-B-2026-30835,6,2026-09-24,5B,Patrimonio del Estado (DEH),Delegación de Economía y Hacienda en León,lote_header,land,excluded,land: not a building (art. 2.h),none,lot,,0,excluded,n/a,n/a,n/a,n/a,n/a,excluded,none,no,,,,
BOE-B-2026-30835#7,BOE-B-2026-30835,7,2026-09-24,5B,Patrimonio del Estado (DEH),Delegación de Economía y Hacienda en León,lote_header,land,excluded,land: not a building (art. 2.h),none,lot,,0,excluded,n/a,n/a,n/a,n/a,n/a,undeterminable,none,yes,R3,,scope undeterminable>excluded; type rural_with_construction>land,rustic plot; the construction word is part of the place name
BOE-B-2026-30835#8,BOE-B-2026-30835,8,2026-09-24,5B,Patrimonio del Estado (DEH),Delegación de Economía y Hacienda en León,lote_header,land,excluded,land: not a building (art. 2.h),none,lot,,0,excluded,n/a,n/a,n/a,n/a,n/a,undeterminable,none,yes,R3,,scope undeterminable>excluded; type rural_with_construction>land,rustic plot; the construction word is part of the place name
BOE-B-2026-30835#9,BOE-B-2026-30835,9,2026-09-24,5B,Patrimonio del Estado (DEH),Delegación de Economía y Hacienda en León,lote_header,land,excluded,land: not a building (art. 2.h),none,lot,,0,excluded,n/a,n/a,n/a,n/a,n/a,undeterminable,none,yes,R3,,scope undeterminable>excluded; type rural_with_construction>land,rustic plot; the construction word is part of the place name
BOE-B-2026-30836#1,BOE-B-2026-30836,1,2026-09-24,5B,Patrimonio del Estado (DEH),Delegación de Economía y Hacienda en León,lote_header,garage,excluded,garage or storage room (MITECO FAQ v6.0 no. 14),none,lot,,0,excluded,n/a,n/a,n/a,n/a,n/a,undeterminable,none,yes,R3,,scope undeterminable>excluded; type commercial>garage,1/42 undivided share of a basement garage
BOE-B-2026-30836#10,BOE-B-2026-30836,10,2026-09-24,5B,Patrimonio del Estado (DEH),Delegación de Economía y Hacienda en León,lote_header,garage,excluded,garage or storage room (MITECO FAQ v6.0 no. 14),none,lot,,0,excluded,n/a,n/a,n/a,n/a,n/a,undeterminable,none,yes,R3,,scope undeterminable>excluded; type commercial>garage,1/42 undivided share of a basement garage
BOE-B-2026-30836#11,BOE-B-2026-30836,11,2026-09-24,5B,Patrimonio del Estado (DEH),Delegación de Economía y Hacienda en León,lote_header,garage,excluded,garage or storage room (MITECO FAQ v6.0 no. 14),none,lot,,0,excluded,n/a,n/a,n/a,n/a,n/a,undeterminable,none,yes,R3,,scope undeterminable>excluded; type commercial>garage,1/42 undivided share of a basement garage
BOE-B-2026-30836#2,BOE-B-2026-30836,2,2026-09-24,5B,Patrimonio del Estado (DEH),Delegación de Economía y Hacienda en León,lote_header,garage,excluded,garage or storage room (MITECO FAQ v6.0 no. 14),none,lot,,0,excluded,n/a,n/a,n/a,n/a,n/a,undeterminable,none,yes,R3,,scope undeterminable>excluded; type commercial>garage,1/42 undivided share of a basement garage
BOE-B-2026-30836#3,BOE-B-2026-30836,3,2026-09-24,5B,Patrimonio del Estado (DEH),Delegación de Economía y Hacienda en León,lote_header,garage,excluded,garage or storage room (MITECO FAQ v6.0 no. 14),none,lot,,0,excluded,n/a,n/a,n/a,n/a,n/a,undeterminable,none,yes,R3,,scope undeterminable>excluded; type commercial>garage,1/42 undivided share of a basement garage
BOE-B-2026-30836#4,BOE-B-2026-30836,4,2026-09-24,5B,Patrimonio del Estado (DEH),Delegación de Economía y Hacienda en León,lote_header,garage,excluded,garage or storage room (MITECO FAQ v6.0 no. 14),none,lot,,0,excluded,n/a,n/a,n/a,n/a,n/a,undeterminable,none,yes,R3,,scope undeterminable>excluded; type commercial>garage,1/42 undivided share of a basement garage
BOE-B-2026-30836#5,BOE-B-2026-30836,5,2026-09-24,5B,Patrimonio del Estado (DEH),Delegación de Economía y Hacienda en León,lote_header,garage,excluded,garage or storage room (MITECO FAQ v6.0 no. 14),none,lot,,0,excluded,n/a,n/a,n/a,n/a,n/a,undeterminable,none,yes,R3,,scope undeterminable>excluded; type commercial>garage,1/42 undivided share of a basement garage
BOE-B-2026-30836#6,BOE-B-2026-30836,6,2026-09-24,5B,Patrimonio del Estado (DEH),Delegación de Economía y Hacienda en León,lote_header,garage,excluded,garage or storage room (MITECO FAQ v6.0 no. 14),none,lot,,0,excluded,n/a,n/a,n/a,n/a,n/a,undeterminable,none,yes,R3,,scope undeterminable>excluded; type commercial>garage,1/42 undivided share of a basement garage
BOE-B-2026-30836#7,BOE-B-2026-30836,7,2026-09-24,5B,Patrimonio del Estado (DEH),Delegación de Economía y Hacienda en León,lote_header,garage,excluded,garage or storage room (MITECO FAQ v6.0 no. 14),none,lot,,0,excluded,n/a,n/a,n/a,n/a,n/a,undeterminable,none,yes,R3,,scope undeterminable>excluded; type commercial>garage,1/42 undivided share of a basement garage
BOE-B-2026-30836#8,BOE-B-2026-30836,8,2026-09-24,5B,Patrimonio del Estado (DEH),Delegación de Economía y Hacienda en León,lote_header,garage,excluded,garage or storage room (MITECO FAQ v6.0 no. 14),none,lot,,0,excluded,n/a,n/a,n/a,n/a,n/a,undeterminable,none,yes,R3,,scope undeterminable>excluded; type commercial>garage,1/42 undivided share of a basement garage
BOE-B-2026-30836#9,BOE-B-2026-30836,9,2026-09-24,5B,Patrimonio del Estado (DEH),Delegación de Economía y Hacienda en León,lote_header,garage,excluded,garage or storage room (MITECO FAQ v6.0 no. 14),none,lot,,0,excluded,n/a,n/a,n/a,n/a,n/a,undeterminable,none,yes,R3,,scope undeterminable>excluded; type commercial>garage,1/42 undivided share of a basement garage
BOE-B-2026-31415#1,BOE-B-2026-31415,1,2026-09-28,5B,Patrimonio del Estado (DEH),Delegación Especial de Economía y Hacienda en Madrid,lote_header,land,excluded,land: not a building (art. 2.h),none,lot,,0,excluded,n/a,n/a,n/a,n/a,n/a,excluded,none,no,,,,
BOE-B-2026-31415#2,BOE-B-2026-31415,2,2026-09-28,5B,Patrimonio del Estado (DEH),Delegación Especial de Economía y Hacienda en Madrid,lote_header,land,excluded,land: not a building (art. 2.h),none,lot,,0,excluded,n/a,n/a,n/a,n/a,n/a,excluded,none,no,,,,
BOE-B-2026-31415#3,BOE-B-2026-31415,3,2026-09-28,5B,Patrimonio del Estado (DEH),Delegación Especial de Economía y Hacienda en Madrid,lote_header,land,excluded,land: not a building (art. 2.h),none,lot,,0,excluded,n/a,n/a,n/a,n/a,n/a,excluded,none,no,,,,
BOE-B-2026-31415#4,BOE-B-2026-31415,4,2026-09-28,5B,Patrimonio del Estado (DEH),Delegación Especial de Economía y Hacienda en Madrid,lote_header,land,excluded,land: not a building (art. 2.h),none,lot,,0,excluded,n/a,n/a,n/a,n/a,n/a,excluded,none,no,,,,
BOE-B-2026-31415#5,BOE-B-2026-31415,5,2026-09-28,5B,Patrimonio del Estado (DEH),Delegación Especial de Economía y Hacienda en Madrid,lote_header,land,excluded,land: not a building (art. 2.h),none,lot,,0,excluded,n/a,n/a,n/a,n/a,n/a,excluded,none,no,,,,
BOE-B-2026-31438#1,BOE-B-2026-31438,1,2026-09-28,5B,TGSS,Tesorería General de la Seguridad Social de Lugo,single,commercial,covered,,none,lot,,0,no,no,no,no,no,no,undeterminable,none,yes,R3,,scope undeterminable>covered; type unknown>commercial,ground-floor premises in a building; no energy statement
BOE-B-2026-31572#1,BOE-B-2026-31572,1,2026-09-29,5B,TGSS,Tesorería General de la Seguridad Social de Lugo,single,industrial_agricultural,excluded,industrial/agricultural non-residential (art. 3.2.c),none,lot,,0,excluded,n/a,n/a,n/a,n/a,n/a,excluded,none,yes,R4,,none,industrial or agricultural building; confirmed
