entity_id,entity_type,ine,name,region,province,population,url,url_source,wd_candidates,url_note
INE18913,municipality,18913,Zagra,Andalucía,Granada,845,http://www.zagra.es/,wikidata_P856,1,
INE48913,municipality,48913,Zierbena,País Vasco,Bizkaia,1512,http://www.zierbena.net/,wikidata_P856,1,
INE45023,municipality,45023,Burguillos de Toledo,Castilla-La Mancha,Toledo,3872,https://burguillosdetoledo.org/,clm_directorio_entidades_locales,0,
INE26175,municipality,26175,Villavelayo,"Rioja, La","Rioja, La",43,http://www.villavelayo.org/,wikidata_P856,1,
INE19001,municipality,19001,Abánades,Castilla-La Mancha,Guadalajara,64,,,0,
INE13058,municipality,13058,Moral de Calatrava,Castilla-La Mancha,Ciudad Real,5184,http://www.moraldecalatrava.org/,clm_directorio_entidades_locales,0,
INE13070,municipality,13070,Puerto Lápice,Castilla-La Mancha,Ciudad Real,824,http://www.puertolapice.es/,clm_directorio_entidades_locales,0,
INE49071,municipality,49071,Fonfría,Castilla y León,Zamora,794,,,0,
INE26038,municipality,26038,Canales de la Sierra,"Rioja, La","Rioja, La",84,,,0,
INE18909,municipality,18909,Morelábor,Andalucía,Granada,588,http://www.morelabor.es/,wikidata_P856,1,
INE13074,municipality,13074,San Carlos del Valle,Castilla-La Mancha,Ciudad Real,1055,http://sancarlosdelvalle.infomancha.com/,clm_directorio_entidades_locales,0,
INE13087,municipality,13087,Valdepeñas,Castilla-La Mancha,Ciudad Real,30782,http://www.valdepenas.es/,clm_directorio_entidades_locales,0,
INE39047,municipality,39047,Noja,Cantabria,Cantabria,2661,http://www.ayuntamientodenoja.com/,wikidata_P856,1,
INE33062,municipality,33062,Santa Eulalia de Oscos,"Asturias, Principado de",Asturias,420,,,0,
INE28132,municipality,28132,San Martín de la Vega,"Madrid, Comunidad de",Madrid,21010,http://www.ayto-smv.es/,wikidata_P856,1,
INE28068,municipality,28068,Guadarrama,"Madrid, Comunidad de",Madrid,17547,http://www.guadarrama.es/,wikidata_P856,1,
INE48091,municipality,48091,Atxondo,País Vasco,Bizkaia,1342,http://www.atxondo.net/,wikidata_P856,1,
INE46130,municipality,46130,Gavarda,Comunitat Valenciana,València/Valencia,1023,http://www.gavarda.es/,wikidata_P856,1,
INE28104,municipality,28104,Paracuellos de Jarama,"Madrid, Comunidad de",Madrid,27650,http://www.paracuellosdejarama.es/,wikidata_P856,1,
INE34109,municipality,34109,Moratinos,Castilla y León,Palencia,55,http://moratinos.dip-palencia.es/,wikidata_P856,1,
INE37028,municipality,37028,Almendra,Castilla y León,Salamanca,129,,,0,
INE47091,municipality,47091,Monasterio de Vega,Castilla y León,Valladolid,79,,,0,
INE19109,municipality,19109,Embid,Castilla-La Mancha,Guadalajara,37,,,0,
INE23059,municipality,23059,Marmolejo,Andalucía,Jaén,6412,http://www.marmolejo.es/,wikidata_P856,1,
INE23070,municipality,23070,Pozo Alcón,Andalucía,Jaén,4514,http://www.pozoalcon.es/,wikidata_P856,1,
INE22906,municipality,22906,Santa María de Dulcis,Aragón,Huesca,206,http://www.santamariadedulcis.es/,wikidata_P856,1,
INE05101,municipality,05101,Hoyocasero,Castilla y León,Ávila,294,http://www.hoyocasero.es/,wikidata_P856,1,
INE45138,municipality,45138,"Puente del Arzobispo, El",Castilla-La Mancha,Toledo,1143,,,0,
INE45202,municipality,45202,Yepes,Castilla-La Mancha,Toledo,5820,http://www.yepes.es/,clm_directorio_entidades_locales,0,
INE28125,municipality,28125,Robledo de Chavela,"Madrid, Comunidad de",Madrid,4818,http://www.robledodechavela.es/,wikidata_P856,1,
INE02003,municipality,02003,Albacete,Castilla-La Mancha,Albacete,175400,http://www.albacete.es/,clm_directorio_entidades_locales,0,
INE38022,municipality,38022,Icod de los Vinos,Canarias,Santa Cruz de Tenerife,24616,http://icoddelosvinos.es/,wikidata_P856,1,
INE30024,municipality,30024,Lorca,"Murcia, Región de",Murcia,98969,http://www.lorca.es/,wikidata_P856,1,
INE41081,municipality,41081,"Rinconada, La",Andalucía,Sevilla,40724,http://www.larinconada.es/,wikidata_P856,1,
INE18905,municipality,18905,"Gabias, Las",Andalucía,Granada,23584,http://www.lasgabias.es/,wikidata_P856,1,
INE29039,municipality,29039,Casabermeja,Andalucía,Málaga,4214,http://www.casabermeja.es/,wikidata_P856,1,
INE08089,municipality,08089,Gavà,Cataluña,Barcelona,48243,https://www.gavaciutat.cat/,wikidata_P856,1,
INE20039,municipality,20039,Getaria,País Vasco,Gipuzkoa,2887,https://www.getaria.eus/,wikidata_P856,1,
INE01059,municipality,01059,Vitoria-Gasteiz,País Vasco,Araba/Álava,260699,https://www.vitoria-gasteiz.org/,wikidata_P856,1,
INE03133,municipality,03133,Torrevieja,Comunitat Valenciana,Alacant/Alicante,98533,https://torrevieja.es/,wikidata_P856,1,
INE06083,municipality,06083,Mérida,Extremadura,Badajoz,60225,http://www.merida.es/,wikidata_P856,1,
INE07040,municipality,07040,Palma,"Balears, Illes",Illes Balears,434786,https://www.palma.es/,wikidata_P856,1,
INE11020,municipality,11020,Jerez de la Frontera,Andalucía,Cádiz,213634,https://www.jerez.es/,wikidata_P856,1,
INE50297,municipality,50297,Zaragoza,Aragón,Zaragoza,693091,https://www.zaragoza.es/,wikidata_P856,1,
INE02035,municipality,02035,"Gineta, La",Castilla-La Mancha,Albacete,2656,http://www.lagineta.sedipualba.es/,clm_directorio_entidades_locales,0,
INE06120,municipality,06120,Santa Amalia,Extremadura,Badajoz,3881,http://www.santaamalia.es/,wikidata_P856,1,
INE08214,municipality,08214,Vilassar de Dalt,Cataluña,Barcelona,9404,http://www.vilassardedalt.org/,wikidata_P856,1,
INE43062,municipality,43062,Freginals,Cataluña,Tarragona,443,https://freginals.info/,wikidata_P856,1,
INE06044,municipality,06044,Don Benito,Extremadura,Badajoz,37986,http://www.donbenito.es/,wikidata_P856,1,
INE10090,municipality,10090,Guijo de Granadilla,Extremadura,Cáceres,497,http://www.guijodegranadilla.com/,wikidata_P856,1,
INE31114,municipality,31114,Garínoain,"Navarra, Comunidad Foral de",Navarra,527,,,0,
INE31131,municipality,31131,Iza/Itza,"Navarra, Comunidad Foral de",Navarra,1459,,,0,
INE20005,municipality,20005,Alegia,País Vasco,Gipuzkoa,1813,http://www.alegia.net/,wikidata_P856,1,
INE20080,municipality,20080,Zumarraga,País Vasco,Gipuzkoa,9678,https://www.zumarraga.eus/,wikidata_P856,1,
INE06115,municipality,06115,"Roca de la Sierra, La",Extremadura,Badajoz,1454,http://www.larocadelasierra.es/,wikidata_P856,1,
INE08287,municipality,08287,Torrelavit,Cataluña,Barcelona,1572,https://www.torrelavit.cat/,wikidata_P856,1,
INE10097,municipality,10097,Higuera de Albalat,Extremadura,Cáceres,102,http://www.higueradealbalat.es/,wikidata_P856,1,
INE14012,municipality,14012,Bujalance,Andalucía,Córdoba,7065,http://www.bujalance.es/,wikidata_P856,1,
INE16199,municipality,16199,Solera de Gabaldón,Castilla-La Mancha,Cuenca,32,,,0,
INE37142,municipality,37142,Galindo y Perahuy,Castilla y León,Salamanca,713,https://www.aytogalindoyperahuy.com/,wikidata_P856,1,
INE40159,municipality,40159,Pinarejos,Castilla y León,Segovia,205,http://www.pinarejos.es/,wikidata_P856,1,
INE49026,municipality,49026,Bretocino,Castilla y León,Zamora,192,http://www.aytobretocino.es/,wikidata_P856,1,
INE49242,municipality,49242,Villafáfila,Castilla y León,Zamora,429,http://www.villafafila.net/,wikidata_P856,1,
INE28058,municipality,28058,Fuenlabrada,"Madrid, Comunidad de",Madrid,190076,http://www.ayto-fuenlabrada.es/,wikidata_P856,1,
INE28083,municipality,28083,Meco,"Madrid, Comunidad de",Madrid,15922,http://www.ayto-meco.es/,wikidata_P856,1,
INE41006,municipality,41006,Alcolea del Río,Andalucía,Sevilla,3265,http://www.alcoleadelrio.es/,wikidata_P856,1,
INE21050,municipality,21050,Moguer,Andalucía,Huelva,24083,http://www.aytomoguer.es/,wikidata_P856,1,
INE30043,municipality,30043,Yecla,"Murcia, Región de",Murcia,36453,http://www.yecla.es/,wikidata_P856,1,
INE19003,municipality,19003,Adobes,Castilla-La Mancha,Guadalajara,28,,,0,
INE44200,municipality,44200,Rubielos de la Cérida,Aragón,Teruel,20,http://www.rubielosdelacerida.com/,wikidata_P856,1,
INE50210,municipality,50210,"Pintanos, Los",Aragón,Zaragoza,37,https://www.pintanos.com/inicio,wikidata_P856,1,
INE48905,municipality,48905,Zamudio,País Vasco,Bizkaia,3442,http://www.zamudiokoudala.net/eu/html/,wikidata_P856,1,
INE48914,municipality,48914,Arratzu,País Vasco,Bizkaia,417,http://www.arratzu.eus/,wikidata_P856,1,
INE14075,municipality,14075,Zuheros,Andalucía,Córdoba,596,http://www.zuheros.es/,wikidata_P856,1,
INE04090,municipality,04090,Tahal,Andalucía,Almería,355,http://www.tahal.es/,wikidata_P856,1,
INE30017,municipality,30017,Cehegín,"Murcia, Región de",Murcia,14506,https://cehegin.es/,wikidata_P856,1,
INE06031,municipality,06031,Carmonita,Extremadura,Badajoz,514,http://www.carmonita.es/,wikidata_P856,1,
INE09413,municipality,09413,Valle de Valdebezana,Castilla y León,Burgos,479,http://www.valledevaldebezana.es/,wikidata_P856,1,
INE38023,municipality,38023,San Cristóbal de La Laguna,Canarias,Santa Cruz de Tenerife,161108,https://www.aytolalaguna.es/,wikidata_P856,1,
INE39070,municipality,39070,San Miguel de Aguayo,Cantabria,Cantabria,164,https://sanmigueldeaguayo.es/,wikidata_P856,1,
INE48014,municipality,48014,Barrika,País Vasco,Bizkaia,1513,http://www.barrika.net/,wikidata_P856,1,
INE48039,municipality,48039,Garai,País Vasco,Bizkaia,332,,,0,
INE48046,municipality,48046,Gernika-Lumo,País Vasco,Bizkaia,17129,https://www.gernika-lumo.eus/,wikidata_P856,1,
INE48054,municipality,48054,Leioa,País Vasco,Bizkaia,32748,http://www.leioa.net/,wikidata_P856,1,
INE48059,municipality,48059,Mañaria,País Vasco,Bizkaia,539,http://www.manaria.org/,wikidata_P856,1,
INE48066,municipality,48066,Morga,País Vasco,Bizkaia,416,http://www.morgakoudala.com/morgaeuzkera.html,wikidata_P856,1,
INE48073,municipality,48073,Ondarroa,País Vasco,Bizkaia,8060,http://www.ondarroa.eus/,wikidata_P856,1,
INE01010,municipality,01010,Ayala/Aiara,País Vasco,Araba/Álava,2921,http://www.aiarakoudala.com/,wikidata_P856,1,
INE06033,municipality,06033,Casas de Don Pedro,Extremadura,Badajoz,1375,http://www.casasdedonpedro.es/,wikidata_P856,1,
INE05061,municipality,05061,"Colilla, La",Castilla y León,Ávila,375,http://www.lacolilla.com/,wikidata_P856,1,
INE39015,municipality,39015,Camaleño,Cantabria,Cantabria,964,http://www.aytocamaleno.org/,wikidata_P856,1,
INE41068,municipality,41068,Osuna,Andalucía,Sevilla,17396,http://www.osuna.es/,wikidata_P856,1,
INE08037,municipality,08037,Calldetenes,Cataluña,Barcelona,2733,http://www.calldetenes.cat/,wikidata_P856,1,
INE08129,municipality,08129,Muntanyola,Cataluña,Barcelona,697,https://www.muntanyola.cat/,wikidata_P856,1,
INE08170,municipality,08170,"Prats de Rei, Els",Cataluña,Barcelona,554,http://www.pratsderei.cat/,wikidata_P856,1,
INE08185,municipality,08185,Rubió,Cataluña,Barcelona,225,http://rubio.cat/,wikidata_P856,1,
INE08233,municipality,08233,Sant Pere de Torelló,Cataluña,Barcelona,2596,http://www.stpere.cat/,wikidata_P856,1,
INE08242,municipality,08242,Marganell,Cataluña,Barcelona,309,https://www.marganell.cat/,wikidata_P856,1,
INE08247,municipality,08247,Santa Eulàlia de Riuprimer,Cataluña,Barcelona,1516,https://www.santaeulaliariuprimer.cat/,wikidata_P856,1,
INE08275,municipality,08275,Tavèrnoles,Cataluña,Barcelona,354,https://www.tavernoles.cat/,wikidata_P856,1,
INE17110,municipality,17110,Mont-ras,Cataluña,Girona,1690,http://www.mont-ras.cat/,wikidata_P856,1,
INE08252,municipality,08252,Barberà del Vallès,Cataluña,Barcelona,33987,http://www.bdv.cat/,wikidata_P856,1,
INE21032,municipality,21032,Escacena del Campo,Andalucía,Huelva,2327,http://www.escacenadelcampo.es/,wikidata_P856,1,
INE04084,municipality,04084,Sierro,Andalucía,Almería,364,http://www.sierro.es/,wikidata_P856,1,
INE41055,municipality,41055,Lora del Río,Andalucía,Sevilla,18122,http://www.loradelrio.es/,wikidata_P856,1,
INE28029,municipality,28029,Cabanillas de la Sierra,"Madrid, Comunidad de",Madrid,961,https://www.cabanillasdelasierra.es/,wikidata_P856,1,
INE35012,municipality,35012,Mogán,Canarias,"Palmas, Las",21172,http://www.mogan.es/,wikidata_P856,1,
INE04092,municipality,04092,Tíjola,Andalucía,Almería,3573,http://www.tijola.es/,wikidata_P856,1,
INE41073,municipality,41073,"Pedroso, El",Andalucía,Sevilla,2062,http://www.elpedroso.es/,wikidata_P856,1,
INE04006,municipality,04006,Albox,Andalucía,Almería,12799,http://www.albox.es/,wikidata_P856,1,
INE31232,municipality,31232,Tudela,"Navarra, Comunidad Foral de",Navarra,38903,http://www.tudela.com/,wikidata_P856,1,
INE04026,municipality,04026,Benitagla,Andalucía,Almería,63,http://www.benitagla.es/,wikidata_P856,1,
INE04021,municipality,04021,Bayarque,Andalucía,Almería,215,http://www.bayarque.es/,wikidata_P856,1,
INE08140,municipality,08140,Navarcles,Cataluña,Barcelona,6276,https://www.navarcles.cat/,wikidata_P856,1,
INE41051,municipality,41051,Huévar del Aljarafe,Andalucía,Sevilla,3388,https://huevardelaljarafe.es/,wikidata_P856,1,
INE28026,municipality,28026,Brunete,"Madrid, Comunidad de",Madrid,11287,http://www.brunete.org/,wikidata_P856,1,
INE08124,municipality,08124,Mollet del Vallès,Cataluña,Barcelona,52990,https://www.molletvalles.cat/,wikidata_P856,1,
INE08134,municipality,08134,Figaró-Montmany,Cataluña,Barcelona,1195,http://www.elfigaro.net/,wikidata_P856,1,
INE18001,municipality,18001,Agrón,Andalucía,Granada,247,http://www.agron.es/,wikidata_P856,1,
INE11023,municipality,11023,Medina Sidonia,Andalucía,Cádiz,11838,http://www.medinasidonia.com/,wikidata_P856,1,
INE04019,municipality,04019,Bacares,Andalucía,Almería,226,http://www.bacares.es/,wikidata_P856,1,
INE18150,municipality,18150,Padul,Andalucía,Granada,9667,https://www.padul.org/,wikidata_P856,1,
INE48015,municipality,48015,Basauri,País Vasco,Bizkaia,40274,http://www.basauri.net/,wikidata_P856,1,
INE02011,municipality,02011,Ayna,Castilla-La Mancha,Albacete,577,http://www.turismoayna.es/,clm_directorio_entidades_locales,0,
INE04094,municipality,04094,Turrillas,Andalucía,Almería,256,http://www.turrillas.es/,wikidata_P856,1,
INE04103,municipality,04103,Zurgena,Andalucía,Almería,3059,http://www.zurgena.es/,wikidata_P856,1,
INE41032,municipality,41032,Cazalla de la Sierra,Andalucía,Sevilla,4626,http://www.cazalladelasierra.es/,wikidata_P856,1,
INE31180,municipality,31180,Muruzábal,"Navarra, Comunidad Foral de",Navarra,283,,,0,
INE21014,municipality,21014,Bonares,Andalucía,Huelva,6125,http://www.bonares.es/,wikidata_P856,1,
INE25103,municipality,25103,Granyanella,Cataluña,Lleida,154,http://granyanella.ddl.net/,wikidata_P856,1,
INE25114,municipality,25114,Ivorra,Cataluña,Lleida,100,http://ivorra.ddl.net/,wikidata_P856,1,
INE25194,municipality,25194,Sant Ramon,Cataluña,Lleida,483,http://santramon.ddl.net/,wikidata_P856,1,
INE43034,municipality,43034,Bràfim,Cataluña,Tarragona,697,http://www.brafim.cat/,wikidata_P856,1,
INE38019,municipality,38019,Guía de Isora,Canarias,Santa Cruz de Tenerife,22654,,,1,tourism_only
INE25050,municipality,25050,Bellpuig,Cataluña,Lleida,5510,http://www.bellpuig.cat/,wikidata_P856,1,
INE25068,municipality,25068,Castellnou de Seana,Cataluña,Lleida,726,http://castellnouseana.ddl.net/,wikidata_P856,1,
INE41058,municipality,41058,Mairena del Alcor,Andalucía,Sevilla,24339,http://www.mairenadelalcor.org/,wikidata_P856,1,
INE08187,municipality,08187,Sabadell,Cataluña,Barcelona,225368,http://www.sabadell.cat/,wikidata_P856,1,
INE25248,municipality,25248,Vilanova de Bellpuig,Cataluña,Lleida,1150,http://vilanovabellpuig.ddl.net/,wikidata_P856,1,
INE25253,municipality,25253,"Vilosell, El",Cataluña,Lleida,177,http://www.vilosell.cat/,wikidata_P856,1,
INE17150,municipality,17150,Riudellots de la Selva,Cataluña,Girona,2125,https://www.riudellots.cat/,wikidata_P856,1,
INE30022,municipality,30022,Jumilla,"Murcia, Región de",Murcia,27574,http://www.jumilla.org/,wikidata_P856,1,
INE28033,municipality,28033,Campo Real,"Madrid, Comunidad de",Madrid,6974,https://www.camporeal.es/,wikidata_P856,1,
INE38011,municipality,38011,Candelaria,Canarias,Santa Cruz de Tenerife,29023,http://www.candelaria.es/,wikidata_P856,1,
INE38013,municipality,38013,Frontera,Canarias,Santa Cruz de Tenerife,4660,http://www.aytofrontera.org/,wikidata_P856,1,
INE38033,municipality,38033,San Andrés y Sauces,Canarias,Santa Cruz de Tenerife,4350,http://www.sanandresysauces.es/,wikidata_P856,1,
INE38036,municipality,38036,San Sebastián de la Gomera,Canarias,Santa Cruz de Tenerife,9574,https://www.sansebastiangomera.org/,wikidata_P856,1,
INE38045,municipality,38045,Tazacorte,Canarias,Santa Cruz de Tenerife,4549,http://www.tazacorte.es/,wikidata_P856,1,
INE38050,municipality,38050,Vallehermoso,Canarias,Santa Cruz de Tenerife,2938,http://aytovallehermoso.net/,wikidata_P856,1,
INE16078,municipality,16078,Cuenca,Castilla-La Mancha,Cuenca,53600,http://www.cuenca.es/,clm_directorio_entidades_locales,0,
INE35030,municipality,35030,Tuineje,Canarias,"Palmas, Las",16834,http://www.tuineje.es/,wikidata_P856,1,
INE34134,municipality,34134,Polentinos,Castilla y León,Palencia,41,,,0,
INE21012,municipality,21012,Berrocal,Andalucía,Huelva,283,http://www.berrocal.es/,wikidata_P856,1,
INE25206,municipality,25206,"Soleràs, El",Cataluña,Lleida,308,http://elsoleras.cat/,wikidata_P856,1,
INE03113,municipality,03113,Rojales,Comunitat Valenciana,Alacant/Alicante,17652,https://rojales.es/,wikidata_P856,1,
INE24036,municipality,24036,Valle de Ancares,Castilla y León,León,256,https://candin.sedelectronica.es/,wikidata_P856,1,
INE35013,municipality,35013,Moya,Canarias,"Palmas, Las",8007,http://www.villademoya.es/,wikidata_P856,1,
INE35017,municipality,35017,Puerto del Rosario,Canarias,"Palmas, Las",46150,http://www.puertodelrosario.org/,wikidata_P856,1,
INE38003,municipality,38003,Alajeró,Canarias,Santa Cruz de Tenerife,2061,https://www.ayuntamientoalajero.es/,wikidata_P856,1,
INE38006,municipality,38006,Arona,Canarias,Santa Cruz de Tenerife,87793,http://www.arona.org/,wikidata_P856,1,
INE17142,municipality,17142,Quart,Cataluña,Girona,4165,http://www.quart.cat/,wikidata_P856,1,
INE07059,municipality,07059,"Salines, Ses","Balears, Illes",Illes Balears,5248,http://www.ajsessalines.net/,wikidata_P856,1,
INE14049,municipality,14049,Palma del Río,Andalucía,Córdoba,20438,https://www.palmadelrio.es/,wikidata_P856,1,
INE39052,municipality,39052,Piélagos,Cantabria,Cantabria,26901,http://www.pielagos.es/,wikidata_P856,1,
INE31258,municipality,31258,Villava/Atarrabia,"Navarra, Comunidad Foral de",Navarra,9928,https://www.villava.es/,wikidata_P856,1,
INE08040,municipality,08040,Canet de Mar,Cataluña,Barcelona,15198,https://canetdemar.cat/,wikidata_P856,1,
INE20030,municipality,20030,Eibar,País Vasco,Gipuzkoa,27484,http://www.eibar.eus/,wikidata_P856,1,
INE30035,municipality,30035,San Javier,"Murcia, Región de",Murcia,36524,http://www.sanjavier.com/,wikidata_P856,1,
INE24019,municipality,24019,Berlanga del Bierzo,Castilla y León,León,311,,,0,
INE40007,municipality,40007,Aldealengua de Pedraza,Castilla y León,Segovia,78,http://www.aldealenguadepedraza.es/,wikidata_P856,1,
INE40188,municipality,40188,Santiuste de Pedraza,Castilla y León,Segovia,81,http://www.santiustedepedraza.es/,wikidata_P856,1,
INE16219,municipality,16219,Uña,Castilla-La Mancha,Cuenca,90,,,0,
INE16278,municipality,16278,Zafrilla,Castilla-La Mancha,Cuenca,59,,,0,
INE04086,municipality,04086,Sorbas,Andalucía,Almería,2564,http://www.sorbas.es/,wikidata_P856,1,
INE04095,municipality,04095,Uleila del Campo,Andalucía,Almería,815,http://www.uleiladelcampo.es/,wikidata_P856,1,
INE04097,municipality,04097,Velefique,Andalucía,Almería,230,http://www.velefique.es/,wikidata_P856,1,
INE31064,municipality,31064,Cadreita,"Navarra, Comunidad Foral de",Navarra,2187,http://www.cadreita.es/es/presentacion.php,wikidata_P856,1,
INE33004,municipality,33004,Avilés,"Asturias, Principado de",Asturias,75517,http://www.aviles.es/,wikidata_P856,1,
INE08005,municipality,08005,"Ametlla del Vallès, L'",Cataluña,Barcelona,9474,https://www.ametlla.cat/,wikidata_P856,1,
INE31253,municipality,31253,Bidaurreta,"Navarra, Comunidad Foral de",Navarra,181,,,0,
INE31075,municipality,31075,Ciriza/Ziritza,"Navarra, Comunidad Foral de",Navarra,170,,,0,
INE31083,municipality,31083,Echarri/Etxarri,"Navarra, Comunidad Foral de",Navarra,78,,,0,
INE26046,municipality,26046,Cenicero,"Rioja, La","Rioja, La",2173,http://www.cenicero.org/,wikidata_P856,1,
INE28149,municipality,28149,Torrejón de la Calzada,"Madrid, Comunidad de",Madrid,10653,https://www.aytotorrejoncalzada.es/,wikidata_P856,1,
INE41042,municipality,41042,Fuentes de Andalucía,Andalucía,Sevilla,7247,http://fuentesdeandalucia.org/,wikidata_P856,1,
INE31056,municipality,31056,Biurrun-Olcoz,"Navarra, Comunidad Foral de",Navarra,227,,,0,
INE18177,municipality,18177,Sorvilán,Andalucía,Granada,521,http://www.sorvilan.es/,wikidata_P856,1,
INE10199,municipality,10199,Valdehúncar,Extremadura,Cáceres,188,,,0,
INE03099,municipality,03099,Orihuela,Comunitat Valenciana,Alacant/Alicante,84560,http://www.orihuela.es/,wikidata_P856,1,
INE16133,municipality,16133,Mota del Cuervo,Castilla-La Mancha,Cuenca,6089,http://www.motadelcuervo.es/,clm_directorio_entidades_locales,0,
INE08279,municipality,08279,Terrassa,Cataluña,Barcelona,233270,http://www.terrassa.cat/,wikidata_P856,1,
INE39055,municipality,39055,Potes,Cantabria,Cantabria,1323,https://ayuntamientodepotes.es/,wikidata_P856,1,
INE43014,municipality,43014,Amposta,Cataluña,Tarragona,23080,http://www.amposta.cat/,wikidata_P856,1,
INE31252,municipality,31252,Vidángoz/Bidankoze,"Navarra, Comunidad Foral de",Navarra,74,,,0,
INE17126,municipality,17126,Parlavà,Cataluña,Girona,432,http://www.parlava.cat/,wikidata_P856,1,
INE17174,municipality,17174,Sant Miquel de Campmajor,Cataluña,Girona,258,http://www.santmiqueldecampmajor.cat/,wikidata_P856,1,
INE17181,municipality,17181,Santa Cristina d'Aro,Cataluña,Girona,5987,https://santacristina.cat/,wikidata_P856,1,
INE17183,municipality,17183,Sant Aniol de Finestres,Cataluña,Girona,382,https://santaniol.cat/,wikidata_P856,1,
INE04069,municipality,04069,Olula del Río,Andalucía,Almería,6506,http://www.oluladelrio.es/,wikidata_P856,1,
INE14029,municipality,14029,Fuente Obejuna,Andalucía,Córdoba,4309,https://fuenteobejuna.es/,wikidata_P856,1,
INE11017,municipality,11017,Espera,Andalucía,Cádiz,3755,http://www.espera.es/,wikidata_P856,1,
INE03903,municipality,03903,"Montesinos, Los",Comunitat Valenciana,Alacant/Alicante,5786,http://www.losmontesinos.es/,wikidata_P856,1,
INE12094,municipality,12094,"Pobla Tornesa, la",Comunitat Valenciana,Castelló/Castellón,1322,http://www.lapoblatornesa.es/,wikidata_P856,1,
INE25247,municipality,25247,Vilamòs,Cataluña,Lleida,174,http://www.vilamos.org/,wikidata_P856,1,
INE43085,municipality,43085,"Molar, El",Cataluña,Tarragona,295,http://www.molar.altanet.org/,wikidata_P856,1,
INE17220,municipality,17220,Viladrau,Cataluña,Girona,1184,http://www.viladrau.cat/,wikidata_P856,1,
INE17224,municipality,17224,Vilallonga de Ter,Cataluña,Girona,395,http://www.vilallongadeter.cat/,wikidata_P856,1,
INE33071,municipality,33071,Taramundi,"Asturias, Principado de",Asturias,545,https://www.taramundi.es/,wikidata_P856,1,
INE43068,municipality,43068,Godall,Cataluña,Tarragona,591,http://www.godall.org/,wikidata_P856,1,
INE08027,municipality,08027,"Cabanyes, Les",Cataluña,Barcelona,1060,https://www.lescabanyes.cat/,wikidata_P856,1,
INE25061,municipality,25061,Cabó,Cataluña,Lleida,85,https://cabo.ddl.net/,wikidata_P856,1,
INE24202,municipality,24202,Villablino,Castilla y León,León,7585,http://www.aytovillablino.com/,wikidata_P856,1,
INE18083,municipality,18083,Gobernador,Andalucía,Granada,231,http://www.gobernador.es/,wikidata_P856,1,
INE18100,municipality,18100,Huétor Tájar,Andalucía,Granada,10749,http://www.huetortajar.org/,wikidata_P856,1,
INE49086,municipality,49086,Gallegos del Pan,Castilla y León,Zamora,118,https://gallegosdelpan.sedelectronica.es/,wikidata_P856,1,
INE29079,municipality,29079,Periana,Andalucía,Málaga,3367,http://www.periana.es/,wikidata_P856,1,
INE18027,municipality,18027,Benalúa,Andalucía,Granada,3381,http://www.benalua.es/,wikidata_P856,1,
INE09434,municipality,09434,Villagonzalo Pedernales,Castilla y León,Burgos,1903,http://www.villagonzalopedernales.es/,wikidata_P856,1,
INE17002,municipality,17002,Aiguaviva,Cataluña,Girona,804,http://aiguaviva.cat/,wikidata_P856,1,
INE17033,municipality,17033,Caldes de Malavella,Cataluña,Girona,8673,https://caldesdemalavella.cat/,wikidata_P856,1,
INE17036,municipality,17036,Campdevànol,Cataluña,Girona,3241,http://www.campdevanol.cat/,wikidata_P856,1,
INE17050,municipality,17050,Cervià de Ter,Cataluña,Girona,1029,http://webspobles2.ddgi.cat/cerviadeter,wikidata_P856,1,
INE08244,municipality,08244,Santa Coloma de Cervelló,Cataluña,Barcelona,8273,http://www.santacolomadecervello.cat/,wikidata_P856,1,
INE08251,municipality,08251,Santa Margarida i els Monjos,Cataluña,Barcelona,7806,http://www.santamargaridaielsmonjos.cat/,wikidata_P856,1,
INE08273,municipality,08273,Subirats,Cataluña,Barcelona,3288,http://www.subirats.cat/,wikidata_P856,1,
INE25120,municipality,25120,Lleida,Cataluña,Lleida,146266,https://www.paeria.cat/,wikidata_P856,1,
INE43115,municipality,43115,Pradell de la Teixeta,Cataluña,Tarragona,182,http://www.pradelldelateixeta.cat/,wikidata_P856,1,
INE43015,municipality,43015,Arbolí,Cataluña,Tarragona,138,http://www.arboli.altanet.org/,wikidata_P856,1,
INE43057,municipality,43057,"Febró, La",Cataluña,Tarragona,35,http://www.lafebro.altanet.org/,wikidata_P856,1,
INE25171,municipality,25171,"Pobla de Segur, La",Cataluña,Lleida,3143,https://www.lapobladesegur.cat/,wikidata_P856,1,
INE25014,municipality,25014,Alfés,Cataluña,Lleida,284,http://www.alfes.cat/,wikidata_P856,1,
INE25011,municipality,25011,Alcarràs,Cataluña,Lleida,10256,https://www.alcarras.cat/,wikidata_P856,1,
INE25102,municipality,25102,"Granja d'Escarp, La",Cataluña,Lleida,994,http://granjaescarp.ddl.net/,wikidata_P856,1,
INE25033,municipality,25033,Artesa de Lleida,Cataluña,Lleida,1543,http://artesalleida.ddl.net/,wikidata_P856,1,
INE17188,municipality,17188,"Selva de Mar, La",Cataluña,Girona,223,http://www.selvamar.cat/,wikidata_P856,1,
INE08306,municipality,08306,Vilalba Sasserra,Cataluña,Barcelona,794,http://www.vilalbasasserra.cat/,wikidata_P856,1,
INE43004,municipality,43004,Alcanar,Cataluña,Tarragona,10104,http://www.alcanar.org/,wikidata_P856,1,
INE25185,municipality,25185,Ribera d'Urgellet,Cataluña,Lleida,989,http://riberaurgellet.cat/,wikidata_P856,1,
INE25173,municipality,25173,"Pont de Suert, El",Cataluña,Lleida,2381,http://www.elpontdesuert.cat/,wikidata_P856,1,
INE25125,municipality,25125,Llardecans,Cataluña,Lleida,444,https://www.llardecans.cat/,wikidata_P856,1,
INE43106,municipality,43106,"Pinell de Brai, El",Cataluña,Tarragona,948,http://www.pinelldebrai.altanet.org/,wikidata_P856,1,
INE43017,municipality,43017,"Argentera, L'",Cataluña,Tarragona,139,http://www.argentera.cat/,wikidata_P856,1,
INE28903,municipality,28903,Tres Cantos,"Madrid, Comunidad de",Madrid,54592,http://www.trescantos.es/,wikidata_P856,1,
INE30040,municipality,30040,Ulea,"Murcia, Región de",Murcia,926,http://www.ulea.info/,wikidata_P856,1,
INE30033,municipality,30033,Puerto Lumbreras,"Murcia, Región de",Murcia,18006,http://www.puertolumbreras.es/,wikidata_P856,1,
INE30015,municipality,30015,Caravaca de la Cruz,"Murcia, Región de",Murcia,26126,http://www.caravaca.org/,wikidata_P856,1,
INE18164,municipality,18164,Puebla de Don Fadrique,Andalucía,Granada,2195,http://www.puebladedonfadrique.es/,wikidata_P856,1,
INE23050,municipality,23050,Jaén,Andalucía,Jaén,112235,http://www.aytojaen.es/,wikidata_P856,1,
INE23099,municipality,23099,"Villares, Los",Andalucía,Jaén,6111,http://www.losvillares.com/,wikidata_P856,1,
INE03013,municipality,03013,Algueña,Comunitat Valenciana,Alacant/Alicante,1328,http://www.alguenya.es/,wikidata_P856,1,
INE36058,municipality,36058,Vilaboa,Galicia,Pontevedra,5856,https://vilaboa.gal/,wikidata_P856,1,
INE29058,municipality,29058,Guaro,Andalucía,Málaga,2638,http://www.guaro.es/,wikidata_P856,1,
INE50017,municipality,50017,Alfajarín,Aragón,Zaragoza,2423,http://www.alfajarin.org/,wikidata_P856,1,
INE50102,municipality,50102,Fabara,Aragón,Zaragoza,1063,http://ayuntamiento-fabara.com/ca/,wikidata_P856,1,
INE18105,municipality,18105,Iznalloz,Andalucía,Granada,5179,http://www.iznalloz.es/,wikidata_P856,1,
INE18038,municipality,18038,Campotéjar,Andalucía,Granada,1218,http://www.campotejar.es/,wikidata_P856,1,
INE20055,municipality,20055,Arrasate/Mondragón,País Vasco,Gipuzkoa,22450,https://www.arrasate.eus/,wikidata_P856,1,
INE17195,municipality,17195,"Tallada d'Empordà, La",Cataluña,Girona,490,https://www.latallada.cat/,wikidata_P856,1,
INE31010,municipality,31010,Altsasu/Alsasua,"Navarra, Comunidad Foral de",Navarra,7717,https://www.altsasu.net/,wikidata_P856,1,
INE31051,municipality,31051,Beire,"Navarra, Comunidad Foral de",Navarra,274,,,0,
INE43022,municipality,43022,Batea,Cataluña,Tarragona,1875,http://www.batea.altanet.org/,wikidata_P856,1,
INE40191,municipality,40191,Santo Tomé del Puerto,Castilla y León,Segovia,230,http://www.santotomedelpuerto.es/,wikidata_P856,1,
INE29025,municipality,29025,Benalmádena,Andalucía,Málaga,78338,http://www.benalmadena.es/,wikidata_P856,1,
INE46067,municipality,46067,Benissanó,Comunitat Valenciana,València/Valencia,2449,https://www.ajuntamentbenissano.es/,wikidata_P856,2,
INE46161,municipality,46161,Marines,Comunitat Valenciana,València/Valencia,1967,http://www.marines.es/,wikidata_P856,1,
INE46199,municipality,46199,"Pobla de Farnals, la",Comunitat Valenciana,València/Valencia,9255,http://www.lapobladefarnals.es/,wikidata_P856,1,
INE46220,municipality,46220,Sagunt/Sagunto,Comunitat Valenciana,València/Valencia,73031,https://www.sagunt.es/,wikidata_P856,1,
INE24003,municipality,24003,Alija del Infantado,Castilla y León,León,554,http://www.aytoalijadelinfantado.es/,wikidata_P856,1,
INE49069,municipality,49069,Figueruela de Arriba,Castilla y León,Zamora,310,,,0,
INE49223,municipality,49223,Trabazos,Castilla y León,Zamora,848,http://www.trabazosdealiste.es/,wikidata_P856,1,
INE45087,municipality,45087,Madridejos,Castilla-La Mancha,Toledo,10088,http://www.madridejos.es/,clm_directorio_entidades_locales,0,
INE46006,municipality,46006,Albaida,Comunitat Valenciana,València/Valencia,6322,http://www.albaida.es/,wikidata_P856,1,
INE46214,municipality,46214,Riba-roja de Túria,Comunitat Valenciana,València/Valencia,24616,http://www.ribarroja.es/,wikidata_P856,1,
INE43132,municipality,43132,Rodonyà,Cataluña,Tarragona,519,http://www.rodonya.altanet.org/,wikidata_P856,1,
INE31169,municipality,31169,Milagro,"Navarra, Comunidad Foral de",Navarra,3741,http://www.milagro.es/,wikidata_P856,1,
INE17210,municipality,17210,Ventalló,Cataluña,Girona,914,http://www.ventallo.cat/,wikidata_P856,1,
INE45163,municipality,45163,Sonseca,Castilla-La Mancha,Toledo,11452,http://www.sonseca.es/,clm_directorio_entidades_locales,0,
INE45096,municipality,45096,Mazarambroz,Castilla-La Mancha,Toledo,1251,http://aytomazarambroz.es/,wikidata_P856,1,
INE07057,municipality,07057,Santanyí,"Balears, Illes",Illes Balears,13067,http://www.ajsantanyi.net/,wikidata_P856,1,
INE37182,municipality,37182,Martinamor,Castilla y León,Salamanca,91,,,0,
INE08083,municipality,08083,Folgueroles,Cataluña,Barcelona,2262,https://www.folgueroles.cat/,wikidata_P856,1,
INE37362,municipality,37362,Villares de la Reina,Castilla y León,Salamanca,6784,https://villaresdelareina.es/,wikidata_P856,1,
INE50147,municipality,50147,Luceni,Aragón,Zaragoza,1003,http://www.luceni.net/,wikidata_P856,1,
INE46201,municipality,46201,Puebla de San Miguel,Comunitat Valenciana,València/Valencia,53,http://www.puebladesanmiguel.es/,wikidata_P856,1,
INE29042,municipality,29042,Coín,Andalucía,Málaga,26574,http://www.coin.es/,wikidata_P856,1,
INE17230,municipality,17230,Vila-sacra,Cataluña,Girona,878,https://vila-sacra.cat/,wikidata_P856,1,
INE34225,municipality,34225,Villamuriel de Cerrato,Castilla y León,Palencia,6501,http://www.villamuriel.net/,wikidata_P856,1,
INE21066,municipality,21066,San Silvestre de Guzmán,Andalucía,Huelva,649,http://www.sansilvestredeguzman.es/,wikidata_P856,1,
INE21065,municipality,21065,Sanlúcar de Guadiana,Andalucía,Huelva,418,http://www.sanlucardeguadiana.es/,wikidata_P856,1,
INE09905,municipality,09905,Valle de Sedano,Castilla y León,Burgos,402,http://www.valledesedano.org/,wikidata_P856,1,
INE09412,municipality,09412,Valle de Tobalina,Castilla y León,Burgos,877,http://www.valledetobalina.com/,wikidata_P856,1,
INE06113,municipality,06113,Ribera del Fresno,Extremadura,Badajoz,3130,http://www.riberadelfresno.es/,wikidata_P856,1,
INE17054,municipality,17054,Colera,Cataluña,Girona,494,http://www.colera.cat/,wikidata_P856,1,
INE09190,municipality,09190,Junta de Villalba de Losa,Castilla y León,Burgos,79,http://www.juntadevillalbadelosa.es/,wikidata_P856,1,
INE01055,municipality,01055,Valdegovía/Gaubea,País Vasco,Araba/Álava,1064,http://www.valdegovia.com/,wikidata_P856,1,
INE09001,municipality,09001,Abajas,Castilla y León,Burgos,28,http://www.abajas.es/,wikidata_P856,1,
INE33029,municipality,33029,Illano,"Asturias, Principado de",Asturias,277,https://www.illano.es/,wikidata_P856,1,
INE19136,municipality,19136,Hijes,Castilla-La Mancha,Guadalajara,24,,,0,
INE03063,municipality,03063,Dénia,Comunitat Valenciana,Alacant/Alicante,47261,http://www.denia.es/,wikidata_P856,1,
INE03138,municipality,03138,"Verger, el",Comunitat Valenciana,Alacant/Alicante,5508,https://www.elverger.es/,wikidata_P856,1,
INE12106,municipality,12106,Soneja,Comunitat Valenciana,Castelló/Castellón,1521,http://www.soneja.es/ca,wikidata_P856,1,
INE45181,municipality,45181,Velada,Castilla-La Mancha,Toledo,2899,http://www.velada.es/,clm_directorio_entidades_locales,0,
INE45161,municipality,45161,Seseña,Castilla-La Mancha,Toledo,30907,http://www.ayto-sesena.org/,clm_directorio_entidades_locales,0,
INE45047,municipality,45047,Cedillo del Condado,Castilla-La Mancha,Toledo,4525,https://cedillodelcondado.es/,clm_directorio_entidades_locales,0,
INE45028,municipality,45028,Calera y Chozas,Castilla-La Mancha,Toledo,4834,https://www.caleraychozas.com/,clm_directorio_entidades_locales,0,
INE08176,municipality,08176,Pujalt,Cataluña,Barcelona,204,http://pujalt.cat/,wikidata_P856,1,
INE08107,municipality,08107,Lliçà d'Amunt,Cataluña,Barcelona,16540,http://www.llicamunt.cat/,wikidata_P856,1,
INE17069,municipality,17069,Fontanals de Cerdanya,Cataluña,Girona,516,http://www.fontanals.cat/,wikidata_P856,1,
INE25179,municipality,25179,Prullans,Cataluña,Lleida,270,http://prullans.ddl.net/,wikidata_P856,1,
INE40001,municipality,40001,Abades,Castilla y León,Segovia,849,http://www.abades.es/,wikidata_P856,1,
INE12098,municipality,12098,"Salzadella, la",Comunitat Valenciana,Castelló/Castellón,671,http://lasalzadella.es/,wikidata_P856,1,
INE25182,municipality,25182,Puigverd de Lleida,Cataluña,Lleida,1409,http://puigverdlleida.ddl.net/,wikidata_P856,1,
INE03128,municipality,03128,Teulada,Comunitat Valenciana,Alacant/Alicante,12912,http://www.teuladamoraira.org/,wikidata_P856,1,
INE46078,municipality,46078,Burjassot,Comunitat Valenciana,València/Valencia,41299,https://www.burjassot.org/,wikidata_P856,1,
INE01022,municipality,01022,Elciego,País Vasco,Araba/Álava,971,http://www.elciego.es/,wikidata_P856,1,
INE01052,municipality,01052,Samaniego,País Vasco,Araba/Álava,292,,,0,
INE01062,municipality,01062,Zambrana,País Vasco,Araba/Álava,452,http://www.ayuntamientodezambrana.com/,wikidata_P856,1,
INE50025,municipality,50025,"Almunia de Doña Godina, La",Aragón,Zaragoza,8080,http://www.laalmunia.es/,wikidata_P856,1,
INE50026,municipality,50026,Alpartir,Aragón,Zaragoza,599,http://www.alpartir.es/,wikidata_P856,1,
INE46111,municipality,46111,Chiva,Comunitat Valenciana,València/Valencia,17951,http://www.chiva.es/,wikidata_P856,1,
INE01018,municipality,01018,Zigoitia,País Vasco,Araba/Álava,1845,,,0,
INE22061,municipality,22061,Binéfar,Aragón,Huesca,10235,http://www.binefar.es/,wikidata_P856,1,
INE22909,municipality,22909,Vencillón,Aragón,Huesca,402,http://www.vencillon.es/,wikidata_P856,1,
INE21010,municipality,21010,Ayamonte,Andalucía,Huelva,22001,http://www.ayamonte.es/,wikidata_P856,2,
INE02033,municipality,02033,Fuente-Álamo,Castilla-La Mancha,Albacete,2422,http://www.aytofuentealamo.es/,clm_directorio_entidades_locales,0,
INE06091,municipality,06091,Navalvillar de Pela,Extremadura,Badajoz,4303,http://www.navalvillardepela.es/,wikidata_P856,1,
INE27022,municipality,27022,Guitiriz,Galicia,Lugo,5180,http://www.concellodeguitiriz.com/,wikidata_P856,1,
INE27033,municipality,27033,Muras,Galicia,Lugo,577,http://muras.gal/,wikidata_P856,1,
INE33067,municipality,33067,Sobrescobio,"Asturias, Principado de",Asturias,838,http://www.ayto-sobrescobio.es/,wikidata_P856,1,
INE46051,municipality,46051,Benaguasil,Comunitat Valenciana,València/Valencia,12668,http://www.benaguasil.es/,wikidata_P856,1,
INE46090,municipality,46090,Castelló de Rugat,Comunitat Valenciana,València/Valencia,2345,http://www.castelloderugat.es/,wikidata_P856,1,
INE17175,municipality,17175,Sant Miquel de Fluvià,Cataluña,Girona,860,http://www.santmiquelfluvia.cat/,wikidata_P856,1,
INE17221,municipality,17221,Vilafant,Cataluña,Girona,5663,http://www.vilafant.cat/,wikidata_P856,1,
INE50191,municipality,50191,Novillas,Aragón,Zaragoza,508,http://ayto-novillas.es/,wikidata_P856,1,
INE50282,municipality,50282,"Vilueña, La",Aragón,Zaragoza,59,,,0,
INE43902,municipality,43902,Sant Jaume d'Enveja,Cataluña,Tarragona,3745,http://www.santjaume.cat/,wikidata_P856,1,
INE08257,municipality,08257,Santa Maria de Miralles,Cataluña,Barcelona,144,https://santamariademiralles.cat/,wikidata_P856,1,
INE46255,municipality,46255,Vilallonga/Villalonga,Comunitat Valenciana,València/Valencia,4865,http://www.villalonga.es/,wikidata_P856,1,
INE17143,municipality,17143,Rabós,Cataluña,Girona,232,http://www.rabos.cat/,wikidata_P856,1,
INE49062,municipality,49062,Espadañedo,Castilla y León,Zamora,109,,,0,
INE49112,municipality,49112,Manzanal de los Infantes,Castilla y León,Zamora,133,https://manzanaldelosinfantes.es/,wikidata_P856,1,
INE46175,municipality,46175,Montitxelvo/Montichelvo,Comunitat Valenciana,València/Valencia,556,http://www.montichelvo.es/,wikidata_P856,1,
INE02078,municipality,02078,Villalgordo del Júcar,Castilla-La Mancha,Albacete,1159,http://www.villalgordodeljucar.es/,clm_directorio_entidades_locales,0,
INE13050,municipality,13050,"Labores, Las",Castilla-La Mancha,Ciudad Real,550,http://laslabores.informancha.com/,clm_directorio_entidades_locales,0,
INE13031,municipality,13031,Carrión de Calatrava,Castilla-La Mancha,Ciudad Real,3239,http://www.carriondecalatrava.es/,clm_directorio_entidades_locales,0,
INE01008,municipality,01008,Arratzua-Ubarrundia,País Vasco,Araba/Álava,1056,http://www.cuadrillazuia.com/pueblos/arrazua,wikidata_P856,1,
INE08109,municipality,08109,Lluçà,Cataluña,Barcelona,281,http://www.lluca.cat/,wikidata_P856,1,
INE33019,municipality,33019,Colunga,"Asturias, Principado de",Asturias,3143,http://www.colunga.es/,wikidata_P856,1,
INE05110,municipality,05110,Lanzahíta,Castilla y León,Ávila,771,http://www.lanzahita.es/,wikidata_P856,1,
INE05187,municipality,05187,Piedralaves,Castilla y León,Ávila,2183,http://www.piedralaves.es/,wikidata_P856,1,
INE25149,municipality,25149,Oliana,Cataluña,Lleida,1874,http://oliana.cat/,wikidata_P856,1,
INE01058,municipality,01058,Legutio,País Vasco,Araba/Álava,2094,http://www.legutio.eus/,wikidata_P856,1,
INE10007,municipality,10007,Albalá,Extremadura,Cáceres,647,https://www.aytoalbala.es/,wikidata_P856,1,
INE17222,municipality,17222,Vilaür,Cataluña,Girona,164,http://www.vilaur.cat/,wikidata_P856,1,
INE08133,municipality,08133,Montmaneu,Cataluña,Barcelona,181,http://www.montmaneu.cat/,wikidata_P856,1,
INE11029,municipality,11029,Puerto Serrano,Andalucía,Cádiz,6877,http://www.puertoserrano.es/,wikidata_P856,1,
INE42132,municipality,42132,Noviercas,Castilla y León,Soria,156,,,0,
INE42173,municipality,42173,Soria,Castilla y León,Soria,41025,,,0,
INE31165,municipality,31165,Mendavia,"Navarra, Comunidad Foral de",Navarra,3588,http://www.mendavia.org/,wikidata_P856,1,
INE28111,municipality,28111,Pezuela de las Torres,"Madrid, Comunidad de",Madrid,1008,http://www.pezueladelastorres.es/,wikidata_P856,1,
INE45145,municipality,45145,Recas,Castilla-La Mancha,Toledo,5037,http://www.recas.es/,clm_directorio_entidades_locales,0,
INE45204,municipality,45204,Yunclillos,Castilla-La Mancha,Toledo,819,https://yunclillos.sedelectronica.es/,clm_directorio_entidades_locales,0,
INE16002,municipality,16002,"Acebrón, El",Castilla-La Mancha,Cuenca,234,,,0,
INE16154,municipality,16154,"Pedroñeras, Las",Castilla-La Mancha,Cuenca,6416,http://www.laspedroneras.es/,clm_directorio_entidades_locales,0,
INE43903,municipality,43903,Camarles,Cataluña,Tarragona,3465,https://camarles.cat/,wikidata_P856,1,
INE03083,municipality,03083,Xixona/Jijona,Comunitat Valenciana,Alacant/Alicante,7669,http://www.xixona.es/,wikidata_P856,1,
INE18134,municipality,18134,Monachil,Andalucía,Granada,8664,http://www.monachil.es/,wikidata_P856,1,
INE02054,municipality,02054,Navas de Jorquera,Castilla-La Mancha,Albacete,521,http://navasdejorquera.es/,clm_directorio_entidades_locales,0,
INE02046,municipality,02046,Mahora,Castilla-La Mancha,Albacete,1465,http://www.mahora.es/,clm_directorio_entidades_locales,0,
INE08164,municipality,08164,"Pla del Penedès, El",Cataluña,Barcelona,1393,https://www.elpladelpenedes.cat/,wikidata_P856,1,
INE23902,municipality,23902,Bedmar y Garcíez,Andalucía,Jaén,2567,http://www.bedmargarciez.es/,wikidata_P856,1,
INE23053,municipality,23053,Jódar,Andalucía,Jaén,11285,http://www.jodar.es/,wikidata_P856,1,
INE17225,municipality,17225,Vilamacolum,Cataluña,Girona,406,https://vilamacolum.cat/,wikidata_P856,1,
INE04001,municipality,04001,Abla,Andalucía,Almería,1268,http://www.abla.es/,wikidata_P856,1,
INE06135,municipality,06135,Trujillanos,Extremadura,Badajoz,1397,http://www.trujillanos.es/,wikidata_P856,1,
INE46223,municipality,46223,Sedaví,Comunitat Valenciana,València/Valencia,10837,http://www.sedavi.es/,wikidata_P856,1,
INE44193,municipality,44193,Puertomingalvo,Aragón,Teruel,135,http://www.puertomingalvo.com/,wikidata_P856,1,
INE44135,municipality,44135,Libros,Aragón,Teruel,102,http://www.libros.es/,wikidata_P856,1,
INE20063,municipality,20063,Oiartzun,País Vasco,Gipuzkoa,10480,http://www.oiartzun.eus/,wikidata_P856,1,
INE12138,municipality,12138,Vinaròs,Comunitat Valenciana,Castelló/Castellón,30529,http://www.vinaros.es/,wikidata_P856,1,
INE31048,municipality,31048,Barillas,"Navarra, Comunidad Foral de",Navarra,240,,,0,
INE12139,municipality,12139,Vistabella del Maestrat,Comunitat Valenciana,Castelló/Castellón,354,http://www.vistabelladelmaestrat.es/,wikidata_P856,1,
INE08001,municipality,08001,Abrera,Cataluña,Barcelona,13227,https://ajuntamentabrera.cat/,wikidata_P856,1,
INE20049,municipality,20049,Lazkao,País Vasco,Gipuzkoa,6087,https://lazkao.eus/,wikidata_P856,1,
INE08180,municipality,08180,Ripollet,Cataluña,Barcelona,39897,https://www.ripollet.cat/,wikidata_P856,1,
INE10106,municipality,10106,Jarilla,Extremadura,Cáceres,127,https://www.jarilla.es/,wikidata_P856,1,
INE25903,municipality,25903,"Guingueta d'Àneu, La",Cataluña,Lleida,278,http://guingueta.ddl.net/,wikidata_P856,1,
INE33048,municipality,33048,Pesoz,"Asturias, Principado de",Asturias,134,http://www.pesoz.es/,wikidata_P856,1,
INE31251,municipality,31251,Viana,"Navarra, Comunidad Foral de",Navarra,4441,http://www.viana.es/,wikidata_P856,1,
INE46181,municipality,46181,Oliva,Comunitat Valenciana,València/Valencia,26813,http://www.oliva.es/,wikidata_P856,1,
INE45038,municipality,45038,Carranque,Castilla-La Mancha,Toledo,5469,http://www.carranque.es/,clm_directorio_entidades_locales,0,
INE19124,municipality,19124,Fuentenovilla,Castilla-La Mancha,Guadalajara,621,http://www.fuentenovilla.com/,clm_directorio_entidades_locales,0,
INE18094,municipality,18094,Güéjar Sierra,Andalucía,Granada,2915,http://www.guejarsierra.es/,wikidata_P856,1,
INE25086,municipality,25086,Esterri d'Àneu,Cataluña,Lleida,917,http://www.esterrianeu.cat/,wikidata_P856,1,
INE39019,municipality,39019,Castañeda,Cantabria,Cantabria,3290,https://aytocastaneda.com/,wikidata_P856,1,
INE06061,municipality,06061,"Haba, La",Extremadura,Badajoz,1184,http://www.lahaba.es/,wikidata_P856,1,
INE47071,municipality,47071,Geria,Castilla y León,Valladolid,492,,,0,
INE44130,municipality,44130,Jorcas,Aragón,Teruel,42,http://www.jorcas.org/,wikidata_P856,1,
INE09062,municipality,09062,Cabezón de la Sierra,Castilla y León,Burgos,33,http://www.cabezondelasierra.es/,wikidata_P856,1,
INE50051,municipality,50051,Biota,Aragón,Zaragoza,832,https://www.biota.es/,wikidata_P856,1,
INE29050,municipality,29050,Cútar,Andalucía,Málaga,603,http://www.cutar.es/,wikidata_P856,1,
INE09021,municipality,09021,Arauzo de Salce,Castilla y León,Burgos,44,http://www.arauzodesalce.es/,wikidata_P856,1,
INE31092,municipality,31092,Erro,"Navarra, Comunidad Foral de",Navarra,812,http://www.erroibar.net/,wikidata_P856,1,
INE06065,municipality,06065,Higuera de Llerena,Extremadura,Badajoz,343,http://www.higueradellerena.es/,wikidata_P856,1,
INE40012,municipality,40012,Aldea Real,Castilla y León,Segovia,275,http://www.aldeareal.com/,wikidata_P856,1,
INE26127,municipality,26127,Rodezno,"Rioja, La","Rioja, La",230,http://www.ayuntamientorodezno.org/,wikidata_P856,1,
INE50128,municipality,50128,Isuerre,Aragón,Zaragoza,32,http://www.isuerre.es/,wikidata_P856,1,
INE50058,municipality,50058,Bubierca,Aragón,Zaragoza,66,,,0,
INE22901,municipality,22901,Valle de Hecho,Aragón,Huesca,813,http://www.valledehecho.es/,wikidata_P856,1,
INE18120,municipality,18120,Lentegí,Andalucía,Granada,368,http://www.lentegi.es/,wikidata_P856,1,
INE24179,municipality,24179,Valdepiélago,Castilla y León,León,306,http://www.aytovaldepielago.es/,wikidata_P856,1,
INE31108,municipality,31108,Fustiñana,"Navarra, Comunidad Foral de",Navarra,2445,http://www.fustinana.es/,wikidata_P856,1,
INE26160,municipality,26160,Uruñuela,"Rioja, La","Rioja, La",1007,,,0,
INE45157,municipality,45157,Santa Cruz del Retamar,Castilla-La Mancha,Toledo,4194,http://www.santacruzdelretamar.es/,clm_directorio_entidades_locales,0,
INE47096,municipality,47096,Morales de Campos,Castilla y León,Valladolid,128,,,0,
INE25062,municipality,25062,Camarasa,Cataluña,Lleida,788,https://www.camarasa.cat/,wikidata_P856,1,
INE42202,municipality,42202,Velilla de los Ajos,Castilla y León,Soria,15,,,0,
INE28013,municipality,28013,Aranjuez,"Madrid, Comunidad de",Madrid,63040,http://www.aranjuez.es/,wikidata_P856,1,
INE45184,municipality,45184,"Ventas de San Julián, Las",Castilla-La Mancha,Toledo,239,,,0,
INE50200,municipality,50200,Paniza,Aragón,Zaragoza,574,http://www.paniza.org/,wikidata_P856,1,
INE50135,municipality,50135,Layana,Aragón,Zaragoza,95,http://www.layana.es/,wikidata_P856,1,
INE09375,municipality,09375,Tamarón,Castilla y León,Burgos,52,http://www.tamaron.es/,wikidata_P856,1,
INE09189,municipality,09189,Junta de Traslaloma,Castilla y León,Burgos,118,http://www.juntadetraslaloma.es/,wikidata_P856,1,
INE44247,municipality,44247,Valjunquera,Aragón,Teruel,336,https://ayuntamientovaljunquera.es/,wikidata_P856,1,
INE49262,municipality,49262,Villardeciervos,Castilla y León,Zamora,383,http://www.aytovillardeciervos.com/ayto.htm,wikidata_P856,1,
INE10181,municipality,10181,Tejeda de Tiétar,Extremadura,Cáceres,761,,,0,
INE42151,municipality,42151,Rebollar,Castilla y León,Soria,36,http://www.rebollardesoria.es/,wikidata_P856,1,
INE09117,municipality,09117,"Cueva de Roa, La",Castilla y León,Burgos,89,http://www.lacuevaderoa.es/,wikidata_P856,1,
INE44220,municipality,44220,Torralba de los Sisones,Aragón,Teruel,145,http://www.torralbadelossisones.es/,wikidata_P856,1,
INE43046,municipality,43046,Conesa,Cataluña,Tarragona,111,http://www.conesa.cat/,wikidata_P856,1,
INE42185,municipality,42185,Torreblacos,Castilla y León,Soria,28,,,0,
INE32055,municipality,32055,Paderne de Allariz,Galicia,Ourense,1346,,,0,
INE42213,municipality,42213,Villaseca de Arciel,Castilla y León,Soria,23,http://www.villasecadearciel.es/,wikidata_P856,1,
INE22021,municipality,22021,Almudévar,Aragón,Huesca,2462,http://www.almudevar.es/,wikidata_P856,1,
INE37060,municipality,37060,Buenavista,Castilla y León,Salamanca,368,http://www.buenavista.es/,wikidata_P856,1,
INE40146,municipality,40146,Navas de San Antonio,Castilla y León,Segovia,368,http://www.navasdesanantonio.es/,wikidata_P856,1,
INE09378,municipality,09378,Tejada,Castilla y León,Burgos,35,http://www.tejada.es/,wikidata_P856,1,
INE05267,municipality,05267,Zapardiel de la Ribera,Castilla y León,Ávila,90,http://www.zapardieldelaribera.es/,wikidata_P856,1,
INE20042,municipality,20042,Ibarra,País Vasco,Gipuzkoa,4114,http://www.ibarrakoudala.net/,wikidata_P856,1,
INE47020,municipality,47020,Bobadilla del Campo,Castilla y León,Valladolid,279,http://www.bobadilladelcampo.ayuntamientosdevalladolid.es/,wikidata_P856,1,
INE19081,municipality,19081,Cendejas de la Torre,Castilla-La Mancha,Guadalajara,23,,,0,
INE44044,municipality,44044,Bordón,Aragón,Teruel,116,,,0,
INE07044,municipality,07044,"Pobla, Sa","Balears, Illes",Illes Balears,14990,https://www.sapobla.cat/,wikidata_P856,1,
INE03125,municipality,03125,Senija,Comunitat Valenciana,Alacant/Alicante,698,https://www.senija.es/,wikidata_P856,1,
INE42050,municipality,42050,Cañamaque,Castilla y León,Soria,29,,,0,
INE06128,municipality,06128,Talavera la Real,Extremadura,Badajoz,5288,http://www.talaveralareal.es/,wikidata_P856,1,
INE04091,municipality,04091,Terque,Andalucía,Almería,393,http://www.terque.es/,wikidata_P856,1,
INE02001,municipality,02001,Abengibre,Castilla-La Mancha,Albacete,753,https://abengibre.es/,clm_directorio_entidades_locales,0,
INE05089,municipality,05089,Guisando,Castilla y León,Ávila,458,http://www.guisando.net/,wikidata_P856,1,
INE13029,municipality,13029,Cañada de Calatrava,Castilla-La Mancha,Ciudad Real,99,,,0,
INE16109,municipality,16109,Huérguina,Castilla-La Mancha,Cuenca,41,,,0,
INE05144,municipality,05144,Narrillos del Álamo,Castilla y León,Ávila,56,http://www.narrillosdelalamo.es/,wikidata_P856,1,
INE24015,municipality,24015,Benavides,Castilla y León,León,2321,http://www.aytobenavides.com/,wikidata_P856,1,
INE45159,municipality,45159,Sartajada,Castilla-La Mancha,Toledo,104,,,0,
INE42035,municipality,42035,Berlanga de Duero,Castilla y León,Soria,810,http://www.berlangadeduero.es/,wikidata_P856,1,
INE49021,municipality,49021,Benavente,Castilla y León,Zamora,17309,https://www.benavente.es/,wikidata_P856,1,
INE34136,municipality,34136,Poza de la Vega,Castilla y León,Palencia,160,,,0,
INE05258,municipality,05258,Villanueva de Gómez,Castilla y León,Ávila,119,http://www.villanuevadegomez.es/,wikidata_P856,1,
INE40107,municipality,40107,Labajos,Castilla y León,Segovia,105,http://www.labajos.es/,wikidata_P856,1,
INE05262,municipality,05262,Villarejo del Valle,Castilla y León,Ávila,304,http://www.villarejodelvalle.com/,wikidata_P856,1,
INE44163,municipality,44163,Noguera de Albarracín,Aragón,Teruel,131,http://nogueradealbarracin.wordpress.com/,wikidata_P856,1,
INE47173,municipality,47173,Traspinedo,Castilla y León,Valladolid,1308,,,0,
INE06118,municipality,06118,Sancti-Spíritus,Extremadura,Badajoz,141,http://www.sancti-spiritus.es/,wikidata_P856,1,
INE19148,municipality,19148,Huertahernando,Castilla-La Mancha,Guadalajara,51,,,0,
INE21002,municipality,21002,Aljaraque,Andalucía,Huelva,22737,http://www.ayto-aljaraque.es/,wikidata_P856,1,
INE44164,municipality,44164,Nogueras,Aragón,Teruel,36,http://www.noguerasteruel.com/,wikidata_P856,1,
INE09168,municipality,09168,"Horra, La",Castilla y León,Burgos,295,http://www.lahorra.es/,wikidata_P856,1,
INE10016,municipality,10016,Aldehuela del Jerte,Extremadura,Cáceres,348,http://www.aldehueladeljerte.es/,wikidata_P856,1,
INE04028,municipality,04028,Bentarique,Andalucía,Almería,223,http://www.bentarique.es/,wikidata_P856,1,
INE05185,municipality,05185,Peñalba de Ávila,Castilla y León,Ávila,104,http://www.penalbadeavila.es/,wikidata_P856,1,
INE15066,municipality,15066,"Pino, O",Galicia,"Coruña, A",4589,http://www.concellodeopino.com/,wikidata_P856,1,
INE06129,municipality,06129,Táliga,Extremadura,Badajoz,650,http://www.taliga.es/,wikidata_P856,1,
INE10901,municipality,10901,Rosalejo,Extremadura,Cáceres,1268,,,0,
INE04052,municipality,04052,Huércal de Almería,Andalucía,Almería,18660,http://ayuntamientohuercaldealmeria.com/,wikidata_P856,1,
INE19050,municipality,19050,Barriopedro,Castilla-La Mancha,Guadalajara,26,,,0,
INE37125,municipality,37125,Escurial de la Sierra,Castilla y León,Salamanca,233,,,0,
INE03051,municipality,03051,"Camp de Mirra, el/Campo de Mirra",Comunitat Valenciana,Alacant/Alicante,447,http://www.elcampdemirra.es/,wikidata_P856,1,
INE26031,municipality,26031,Bobadilla,"Rioja, La","Rioja, La",103,http://www.bobadilla.es/,wikidata_P856,1,
INE09444,municipality,09444,Villamayor de Treviño,Castilla y León,Burgos,59,https://www.xn--villamayordetrevio-30b.es/,wikidata_P856,1,
INE42011,municipality,42011,Aldealpozo,Castilla y León,Soria,18,http://www.aldealpozo.es/,wikidata_P856,1,
INE18912,municipality,18912,Cuevas del Campo,Andalucía,Granada,1841,http://www.cuevasdelcampo.es/,wikidata_P856,1,
INE40199,municipality,40199,Sotosalbos,Castilla y León,Segovia,132,http://www.sotosalbos.es/,wikidata_P856,1,
INE44062,municipality,44062,Cañada Vellida,Aragón,Teruel,36,,,0,
INE22090,municipality,22090,Colungo,Aragón,Huesca,124,http://www.colungo.com/,wikidata_P856,1,
INE50181,municipality,50181,Muel,Aragón,Zaragoza,1540,,,0,
INE47006,municipality,47006,Aldea de San Miguel,Castilla y León,Valladolid,212,,,0,
INE47033,municipality,47033,Canalejas de Peñafiel,Castilla y León,Valladolid,248,http://www.canalejasdepenafiel.com/,wikidata_P856,1,
INE40183,municipality,40183,San Miguel de Bernuy,Castilla y León,Segovia,119,http://www.sanmigueldebernuy.es/,wikidata_P856,1,
INE12132,municipality,12132,Vilanova d'Alcolea,Comunitat Valenciana,Castelló/Castellón,584,http://www.vilanovadalcolea.es/,wikidata_P856,1,
INE10905,municipality,10905,Pueblonuevo de Miramontes,Extremadura,Cáceres,762,http://www.pueblonuevodemiramontes.es/,wikidata_P856,1,
INE34096,municipality,34096,Lomas,Castilla y León,Palencia,40,http://www.lomasdecampos.es/,wikidata_P856,1,
INE37303,municipality,37303,"Sahugo, El",Castilla y León,Salamanca,178,,,0,
INE29026,municipality,29026,Benamargosa,Andalucía,Málaga,1560,https://www.benamargosa.es/,wikidata_P856,1,
INE12020,municipality,12020,Barracas,Comunitat Valenciana,Castelló/Castellón,188,http://www.barracas.es/,wikidata_P856,1,
INE42001,municipality,42001,Abejar,Castilla y León,Soria,287,http://www.abejar.techpanga.com/,wikidata_P856,1,
INE46217,municipality,46217,Rotglà i Corberà,Comunitat Valenciana,València/Valencia,1171,http://www.rotglaicorbera.es/,wikidata_P856,1,
INE32068,municipality,32068,Ramirás,Galicia,Ourense,1485,http://www.concelloderamiras.gal/,wikidata_P856,1,
INE10068,municipality,10068,Cuacos de Yuste,Extremadura,Cáceres,809,http://www.cuacosdeyuste.es/,wikidata_P856,1,
INE50155,municipality,50155,Malanquilla,Aragón,Zaragoza,71,https://www.malanquilla.es/,wikidata_P856,1,
INE28178,municipality,28178,Villanueva de Perales,"Madrid, Comunidad de",Madrid,1715,https://www.villanuevadeperales.es/,wikidata_P856,1,
INE22235,municipality,22235,Torres de Alcanadre,Aragón,Huesca,91,http://www.torresdealcanadre.es/,wikidata_P856,1,
INE24081,municipality,24081,Gusendos de los Oteros,Castilla y León,León,123,http://www.aytogusendosdelosoteros.es/,wikidata_P856,1,
INE37170,municipality,37170,Ledesma,Castilla y León,Salamanca,1480,http://www.ayuntamientodeledesma.com/,wikidata_P856,1,
INE19040,municipality,19040,Armallones,Castilla-La Mancha,Guadalajara,52,,,0,
INE37108,municipality,37108,Coca de Alba,Castilla y León,Salamanca,96,,,0,
INE46184,municipality,46184,Ontinyent,Comunitat Valenciana,València/Valencia,37012,http://www.ontinyent.es/,wikidata_P856,1,
INE19146,municipality,19146,"Huerce, La",Castilla-La Mancha,Guadalajara,52,http://www.lahuerce.es/,clm_directorio_entidades_locales,0,
INE22079,municipality,22079,Capdesaso,Aragón,Huesca,190,http://www.capdesaso.es/,wikidata_P856,1,
INE05261,municipality,05261,Villar de Corneja,Castilla y León,Ávila,31,http://www.villardecorneja.es/,wikidata_P856,1,
INE34129,municipality,34129,Pino del Río,Castilla y León,Palencia,162,http://pinodelrio.dip-palencia.es/,wikidata_P856,1,
INE49199,municipality,49199,Santa Colomba de las Monjas,Castilla y León,Zamora,236,http://ayuntamientodesantacolombadelasmonjas.com/es/index.html,wikidata_P856,1,
INE43172,municipality,43172,Vilaverd,Cataluña,Tarragona,493,http://www.vilaverd.altanet.org/,wikidata_P856,1,
INE05093,municipality,05093,Herradón de Pinares,Castilla y León,Ávila,526,http://www.herradondepinares.es/,wikidata_P856,1,
INE19060,municipality,19060,Campillo de Ranas,Castilla-La Mancha,Guadalajara,150,http://www.campilloderanas.es/,clm_directorio_entidades_locales,0,
INE22212,municipality,22212,Santaliestra y San Quílez,Aragón,Huesca,78,http://www.santaliestra.es/,wikidata_P856,1,
INE07006,municipality,07006,Artà,"Balears, Illes",Illes Balears,8629,https://arta.cat/,wikidata_P856,1,
INE18121,municipality,18121,Lobras,Andalucía,Granada,139,http://www.lobras.es/,wikidata_P856,1,
INE50109,municipality,50109,"Frago, El",Aragón,Zaragoza,129,https://www.elfrago.org/,wikidata_P856,1,
INE09221,municipality,09221,Modúbar de la Emparedada,Castilla y León,Burgos,773,http://www.modubardelaemparedada.es/,wikidata_P856,1,
INE05034,municipality,05034,Blasconuño de Matacabras,Castilla y León,Ávila,14,http://www.blasconunodematacabras.es/,wikidata_P856,1,
INE40130,municipality,40130,Montejo de la Vega de la Serrezuela,Castilla y León,Segovia,121,http://www.montejodelavega.es/,wikidata_P856,1,
INE05056,municipality,05056,Castellanos de Zapardiel,Castilla y León,Ávila,106,http://www.castellanosdezapardiel.es/,wikidata_P856,1,
INE12011,municipality,12011,Almenara,Comunitat Valenciana,Castelló/Castellón,6813,http://www.almenara.es/,wikidata_P856,1,
INE16066,municipality,16066,Casasimarro,Castilla-La Mancha,Cuenca,3177,http://www.casasimarro.es/,clm_directorio_entidades_locales,0,
INE46093,municipality,46093,Catadau,Comunitat Valenciana,València/Valencia,3005,http://www.catadau.es/,wikidata_P856,1,
INE09195,municipality,09195,Llano de Bureba,Castilla y León,Burgos,45,http://www.llanodebureba.es/,wikidata_P856,1,
INE19264,municipality,19264,Taravilla,Castilla-La Mancha,Guadalajara,38,,,0,
INE22208,municipality,22208,Santa Cilia,Aragón,Huesca,244,https://www.santacilia.es/,wikidata_P856,1,
INE49091,municipality,49091,Granja de Moreruela,Castilla y León,Zamora,228,,,0,
INE07018,municipality,07018,Deià,"Balears, Illes",Illes Balears,741,https://www.ajdeia.net/,wikidata_P856,1,
INE09395,municipality,09395,Tubilla del Agua,Castilla y León,Burgos,126,http://www.tubilladelagua.es/,wikidata_P856,1,
INE45150,municipality,45150,San Bartolomé de las Abiertas,Castilla-La Mancha,Toledo,637,http://www.ayun-sanbartolomedelasabiertas.com/,wikidata_P856,1,
INE17009,municipality,17009,Arbúcies,Cataluña,Girona,6665,http://www.arbucies.cat/,wikidata_P856,1,
INE36001,municipality,36001,Arbo,Galicia,Pontevedra,2603,https://www.concellodearbo.es/,wikidata_P856,1,
INE29027,municipality,29027,Benamocarra,Andalucía,Málaga,3200,http://www.benamocarra.es/,wikidata_P856,1,
INE16248,municipality,16248,Villalpardo,Castilla-La Mancha,Cuenca,979,http://www.villadelpardo.es/,clm_directorio_entidades_locales,0,
INE06082,municipality,06082,Mengabril,Extremadura,Badajoz,504,http://www.mengabril.es/,wikidata_P856,1,
INE24180,municipality,24180,Valdepolo,Castilla y León,León,1177,http://www.aytovaldepolo.es/,wikidata_P856,1,
INE18185,municipality,18185,Ventas de Huelma,Andalucía,Granada,667,http://www.ventasdehuelma.es/,wikidata_P856,1,
INE09430,municipality,09430,Villaespasa,Castilla y León,Burgos,21,http://www.villaespasa.es/,wikidata_P856,1,
INE32079,municipality,32079,Taboadela,Galicia,Ourense,1480,https://concellodetaboadela.com/,wikidata_P856,1,
INE42022,municipality,42022,Almenar de Soria,Castilla y León,Soria,233,http://www.almenardesoria.es/,wikidata_P856,1,
INE06147,municipality,06147,Valle de Matamoros,Extremadura,Badajoz,337,http://www.valledematamoros.es/,wikidata_P856,1,
INE05212,municipality,05212,San Juan del Molinillo,Castilla y León,Ávila,238,http://www.sanjuandelmolinillo.es/,wikidata_P856,1,
INE40039,municipality,40039,Campo de San Pedro,Castilla y León,Segovia,257,http://www.campodesanpedro.es/,wikidata_P856,1,
INE18143,municipality,18143,Nigüelas,Andalucía,Granada,1229,http://www.niguelas.org/,wikidata_P856,1,
INE47026,municipality,47026,Bustillo de Chaves,Castilla y León,Valladolid,66,,,0,
INE09318,municipality,09318,Riocavado de la Sierra,Castilla y León,Burgos,54,http://www.riocavadodelasierra.es/,wikidata_P856,1,
INE26013,municipality,26013,Anguciana,"Rioja, La","Rioja, La",450,http://www.anguciana.es/,wikidata_P856,1,
INE47058,municipality,47058,Cuenca de Campos,Castilla y León,Valladolid,179,http://www.cuencadecampos.ayuntamientosdevalladolid.es/,wikidata_P856,1,
INE49057,municipality,49057,Cubo de Benavente,Castilla y León,Zamora,115,http://www.aytocubodebenavente.es/,wikidata_P856,1,
INE50047,municipality,50047,Berdejo,Aragón,Zaragoza,40,http://www.berdejo.es/,wikidata_P856,1,
INE28136,municipality,28136,Santorcaz,"Madrid, Comunidad de",Madrid,1011,http://www.ayuntamientosantorcaz.com/,wikidata_P856,1,
INE09114,municipality,09114,Cubillo del Campo,Castilla y León,Burgos,103,http://www.cubillodelcampo.es/,wikidata_P856,1,
INE45082,municipality,45082,Lagartera,Castilla-La Mancha,Toledo,1294,http://www.lagartera.es/,clm_directorio_entidades_locales,0,
INE37331,municipality,37331,Valdefuentes de Sangusín,Castilla y León,Salamanca,182,,,0,
INE23048,municipality,23048,Iznatoraf,Andalucía,Jaén,874,http://www.iznatoraf.es/,wikidata_P856,1,
INE29007,municipality,29007,Alhaurín de la Torre,Andalucía,Málaga,45066,http://www.alhaurindelatorre.es/,wikidata_P856,2,
INE18182,municipality,18182,Ugíjar,Andalucía,Granada,2574,http://www.ugijar.es/,wikidata_P856,1,
INE31159,municipality,31159,Lumbier,"Navarra, Comunidad Foral de",Navarra,1330,http://www.lumbier.es/es/,wikidata_P856,1,
INE49097,municipality,49097,Justel,Castilla y León,Zamora,75,http://www.justelino.es/,wikidata_P856,1,
INE32037,municipality,32037,Xunqueira de Espadanedo,Galicia,Ourense,696,https://www.xunqueiradeespadanedo.es/gl/,wikidata_P856,1,
INE45095,municipality,45095,"Mata, La",Castilla-La Mancha,Toledo,910,,,0,
INE45180,municipality,45180,Valmojado,Castilla-La Mancha,Toledo,4898,http://www.valmojado.com/,clm_directorio_entidades_locales,0,
INE18050,municipality,18050,Cogollos de la Vega,Andalucía,Granada,2119,http://www.cogollosdelavega.es/,wikidata_P856,1,
INE34229,municipality,34229,Villaprovedo,Castilla y León,Palencia,46,http://villaprovedo.es/,wikidata_P856,1,
INE24042,municipality,24042,Castilfalé,Castilla y León,León,58,http://www.aytocastilfale.es/,wikidata_P856,1,
INE14031,municipality,14031,Fuente-Tójar,Andalucía,Córdoba,666,http://fuente-tojar.es/,wikidata_P856,1,
INE49239,municipality,49239,Villabuena del Puente,Castilla y León,Zamora,574,http://www.villabuena.es/,wikidata_P856,1,
INE03136,municipality,03136,la Vall de Gallinera,Comunitat Valenciana,Alacant/Alicante,583,https://www.lavalldegallinera.org/,wikidata_P856,1,
INE44116,municipality,44116,Gargallo,Aragón,Teruel,88,http://www.gargallo.es/,wikidata_P856,1,
INE31241,municipality,31241,Urraul Alto,"Navarra, Comunidad Foral de",Navarra,136,,,0,
INE19197,municipality,19197,"Navas de Jadraque, Las",Castilla-La Mancha,Guadalajara,37,,,0,
INE34220,municipality,34220,Villamartín de Campos,Castilla y León,Palencia,170,http://villamartindecampos.dip-palencia.es/,wikidata_P856,1,
INE09073,municipality,09073,Cardeñadijo,Castilla y León,Burgos,1445,http://www.cardeñadijo.es/,wikidata_P856,1,
INE27008,municipality,27008,Bóveda,Galicia,Lugo,1369,,,0,
INE13024,municipality,13024,Brazatortas,Castilla-La Mancha,Ciudad Real,1007,http://www.ayuntamientodebrazatortas.es/,clm_directorio_entidades_locales,0,
INE03134,municipality,03134,"Vall d'Alcalà, la",Comunitat Valenciana,Alacant/Alicante,159,http://www.lavalldalcala.es/,wikidata_P856,1,
INE26152,municipality,26152,Torrecilla sobre Alesanco,"Rioja, La","Rioja, La",58,http://www.torrecillasobrealesanco.org/,wikidata_P856,1,
INE37324,municipality,37324,Tordillos,Castilla y León,Salamanca,306,http://aytotordillos.es//,wikidata_P856,1,
INE19235,municipality,19235,Riba de Saelices,Castilla-La Mancha,Guadalajara,113,http://www.ribadesaelices.es/,wikidata_P856,1,
INE19208,municipality,19208,Pálmaces de Jadraque,Castilla-La Mancha,Guadalajara,54,http://www.palmacesdejadraque.es/,clm_directorio_entidades_locales,0,
INE05021,municipality,05021,"Barco de Ávila, El",Castilla y León,Ávila,2308,http://www.aytobarcodeavila.com/,wikidata_P856,1,
INE49050,municipality,49050,Cobreros,Castilla y León,Zamora,543,,,0,
INE37135,municipality,37135,"Fuente de San Esteban, La",Castilla y León,Salamanca,1293,http://www.lafuentedesanesteban.es/,wikidata_P856,1,
INE05215,municipality,05215,San Martín de la Vega del Alberche,Castilla y León,Ávila,163,http://www.sanmartindelavegadelalberche.es/,wikidata_P856,1,
INE15079,municipality,15079,Santiso,Galicia,"Coruña, A",1430,http://www.santiso.gal/,wikidata_P856,1,
INE24050,municipality,24050,Castrotierra de Valmadrigal,Castilla y León,León,106,https://www.aytocastrotierradevalmadrigal.es/,wikidata_P856,1,
INE47073,municipality,47073,Herrín de Campos,Castilla y León,Valladolid,111,,,0,
INE19256,municipality,19256,Sienes,Castilla-La Mancha,Guadalajara,38,,,0,
INE40124,municipality,40124,Mata de Cuéllar,Castilla y León,Segovia,261,http://www.matadecuellar.es/,wikidata_P856,1,
INE34233,municipality,34233,Villasarracino,Castilla y León,Palencia,125,,,0,
INE15901,municipality,15901,Cariño,Galicia,"Coruña, A",3661,https://www.concellodecarino.gal/,wikidata_P856,1,
INE09433,municipality,09433,Villagalijo,Castilla y León,Burgos,52,,,0,
INE12058,municipality,12058,Espadilla,Comunitat Valenciana,Castelló/Castellón,101,http://www.espadilla.es/,wikidata_P856,1,
INE22047,municipality,22047,Banastás,Aragón,Huesca,335,http://www.banastas.es/,wikidata_P856,1,
INE05225,municipality,05225,Santa María del Berrocal,Castilla y León,Ávila,372,http://www.santamariadelberrocal.es/,wikidata_P856,1,
INE44217,municipality,44217,Toril y Masegoso,Aragón,Teruel,31,http://www.torilymasegoso.es/,wikidata_P856,1,
INE05145,municipality,05145,Narrillos del Rebollar,Castilla y León,Ávila,34,https://www.narrillosdelrebollar.es/,wikidata_P856,1,
INE23097,municipality,23097,Villanueva del Arzobispo,Andalucía,Jaén,7703,http://villanuevadelarzobispo.es/,wikidata_P856,1,
INE34149,municipality,34149,Requena de Campos,Castilla y León,Palencia,27,http://www.geocities.com/requenadecampos,wikidata_P856,1,
INE27032,municipality,27032,Monterroso,Galicia,Lugo,3744,http://www.monterroso.es/,wikidata_P856,1,
INE47139,municipality,47139,Rueda,Castilla y León,Valladolid,1118,,,0,
INE09135,municipality,09135,Fuentebureba,Castilla y León,Burgos,58,http://www.fuentebureba.es/,wikidata_P856,1,
INE24051,municipality,24051,Cea,Castilla y León,León,373,http://www.aytocea.es/,wikidata_P856,1,
INE44108,municipality,44108,"Fresneda, La",Aragón,Teruel,459,https://lafresnedaweb.com/,wikidata_P856,1,
INE34154,municipality,34154,Revilla de Collazos,Castilla y León,Palencia,75,,,0,
INE05128,municipality,05128,Mingorría,Castilla y León,Ávila,422,http://www.mingorria.com/,wikidata_P856,1,
INE44203,municipality,44203,Salcedillo,Aragón,Teruel,14,,,0,
INE02034,municipality,02034,Fuentealbilla,Castilla-La Mancha,Albacete,1804,http://www.fuentealbilla.es/,clm_directorio_entidades_locales,0,
INE16153,municipality,16153,"Pedernoso, El",Castilla-La Mancha,Cuenca,1113,http://www.ayuntamientoelpedernoso.es/,wikidata_P856,1,
INE04007,municipality,04007,Alcolea,Andalucía,Almería,829,http://www.alcolea.es/,wikidata_P856,1,
INE24133,municipality,24133,Rioseco de Tapia,Castilla y León,León,409,http://www.aytoriosecodetapia.es/,wikidata_P856,1,
INE44129,municipality,44129,Jatiel,Aragón,Teruel,48,http://www.jatiel.es/,wikidata_P856,1,
INE44132,municipality,44132,Lagueruela,Aragón,Teruel,73,http://www.lagueruela.es/,wikidata_P856,1,
INE50278,municipality,50278,Velilla de Ebro,Aragón,Zaragoza,208,http://www.velilladeebro.es/,wikidata_P856,1,
INE19159,municipality,19159,Ledanca,Castilla-La Mancha,Guadalajara,98,https://ledanca.sedelectronica.es/,clm_directorio_entidades_locales,0,
INE47177,municipality,47177,Urones de Castroponce,Castilla y León,Valladolid,94,,,0,
INE27011,municipality,27011,Castroverde,Galicia,Lugo,2478,http://concellodecastroverde.gal/,wikidata_P856,1,
INE49147,municipality,49147,Peleagonzalo,Castilla y León,Zamora,286,https://peleagonzalo.sedelectronica.es/,wikidata_P856,1,
INE37100,municipality,37100,Cerezal de Peñahorcada,Castilla y León,Salamanca,64,http://www.cerezaldepenahorcada.com/,wikidata_P856,1,
INE28147,municipality,28147,Titulcia,"Madrid, Comunidad de",Madrid,1389,https://titulcia.es/,wikidata_P856,1,
INE23011,municipality,23011,Baños de la Encina,Andalucía,Jaén,2542,http://www.bdelaencina.com/,wikidata_P856,1,
INE28004,municipality,28004,"Álamo, El","Madrid, Comunidad de",Madrid,10594,https://ayuntamientoelalamo.org/,wikidata_P856,1,
INE22048,municipality,22048,Barbastro,Aragón,Huesca,17807,http://www.barbastro.org/,wikidata_P856,1,
INE24132,municipality,24132,Riello,Castilla y León,León,570,http://www.aytoriello.es/,wikidata_P856,1,
INE09471,municipality,09471,Villayerno Morquillas,Castilla y León,Burgos,208,http://www.villayernomorquillas.es/,wikidata_P856,1,
INE09231,municipality,09231,Nebreda,Castilla y León,Burgos,50,http://www.nebreda.es/,wikidata_P856,1,
INE09904,municipality,09904,Valle de las Navas,Castilla y León,Burgos,549,,,0,
INE37375,municipality,37375,Villoruela,Castilla y León,Salamanca,729,,,0,
INE37167,municipality,37167,Juzbado,Castilla y León,Salamanca,176,http://www.juzbado.blogspot.com.es/,wikidata_P856,1,
INE42013,municipality,42013,Aldehuela de Periáñez,Castilla y León,Soria,27,http://www.aldehueladeperianez.es/,wikidata_P856,1,
INE50076,municipality,50076,Castejón de las Armas,Aragón,Zaragoza,87,,,0,
INE10145,municipality,10145,Piedras Albas,Extremadura,Cáceres,125,http://www.piedrasalbas.es/,wikidata_P856,1,
INE19034,municipality,19034,Anquela del Pedregal,Castilla-La Mancha,Guadalajara,28,,,0,
INE46091,municipality,46091,Castellonet de la Conquesta,Comunitat Valenciana,València/Valencia,159,http://www.castellonetdelaconquesta.es/,wikidata_P856,1,
INE19092,municipality,19092,Cogolludo,Castilla-La Mancha,Guadalajara,574,http://www.cogolludo.es/,clm_directorio_entidades_locales,0,
INE42193,municipality,42193,Valdelagua del Cerro,Castilla y León,Soria,13,http://www.valdelaguadelcerro.es/,wikidata_P856,1,
INE42200,municipality,42200,Velamazán,Castilla y León,Soria,66,,,0,
INE34141,municipality,34141,Quintana del Puente,Castilla y León,Palencia,248,,,0,
INE26016,municipality,26016,Arenzana de Arriba,"Rioja, La","Rioja, La",37,,,0,
INE22032,municipality,22032,Aragüés del Puerto,Aragón,Huesca,123,http://www.araguesdelpuerto.es/,wikidata_P856,1,
INE50059,municipality,50059,Bujaraloz,Aragón,Zaragoza,938,http://www.bujaraloz.org/,wikidata_P856,1,
INE12056,municipality,12056,Chóvar,Comunitat Valenciana,Castelló/Castellón,316,http://www.chovar.es/ca,wikidata_P856,1,
INE09093,municipality,09093,Cayuela,Castilla y León,Burgos,186,http://www.cayuela.es/,wikidata_P856,1,
INE10011,municipality,10011,Aldeacentenera,Extremadura,Cáceres,603,http://www.aldeacentenera.net/,wikidata_P856,1,
INE03098,municipality,03098,Orxeta,Comunitat Valenciana,Alacant/Alicante,906,http://www.orxeta.es/,wikidata_P856,1,
INE18171,municipality,18171,Salar,Andalucía,Granada,2582,http://salar.es/,wikidata_P856,1,
INE24902,municipality,24902,Villaornate y Castro,Castilla y León,León,348,http://www.aytovillaornateycastro.es/,wikidata_P856,1,
INE46048,municipality,46048,Bellreguard,Comunitat Valenciana,València/Valencia,5032,http://www.bellreguard.net/,wikidata_P856,1,
INE16014,municipality,16014,Aliaguilla,Castilla-La Mancha,Cuenca,594,http://www.aliaguilla.dipucuenca.es/,clm_directorio_entidades_locales,0,
INE09148,municipality,09148,Grijalba,Castilla y León,Burgos,114,http://www.grijalba.es/,wikidata_P856,1,
INE28175,municipality,28175,Villamantilla,"Madrid, Comunidad de",Madrid,1660,http://www.villamantilla.org/,wikidata_P856,1,
INE28112,municipality,28112,Pinilla del Valle,"Madrid, Comunidad de",Madrid,200,https://www.pinilladelvalle.org/,wikidata_P856,1,
INE22087,municipality,22087,Castigaleu,Aragón,Huesca,80,https://www.castigaleu.com/,wikidata_P856,1,
INE37249,municipality,37249,Peralejos de Arriba,Castilla y León,Salamanca,38,,,0,
INE41076,municipality,41076,Pruna,Andalucía,Sevilla,2461,http://www.pruna.es/,wikidata_P856,1,
INE45093,municipality,45093,Marrupe,Castilla-La Mancha,Toledo,166,,,0,
INE36060,municipality,36060,Vilagarcía de Arousa,Galicia,Pontevedra,37888,https://vilagarcia.gal/,wikidata_P856,1,
INE09908,municipality,09908,Valle de Losa,Castilla y León,Burgos,486,http://www.valledelosa.es/,wikidata_P856,1,
INE37327,municipality,37327,Torresmenudas,Castilla y León,Salamanca,192,http://www.torresmenudas.com/index.php/en/,wikidata_P856,1,
INE10133,municipality,10133,Navas del Madroño,Extremadura,Cáceres,1254,http://www.navasdelmadrono.es/,wikidata_P856,1,
INE47137,municipality,47137,Roturas,Castilla y León,Valladolid,26,,,0,
INE12112,municipality,12112,Todolella,Comunitat Valenciana,Castelló/Castellón,136,http://www.todolella.es/,wikidata_P856,1,
INE26051,municipality,26051,Clavijo,"Rioja, La","Rioja, La",294,http://www.ayuntamientodeclavijo.org/,wikidata_P856,1,
INE31068,municipality,31068,Cascante,"Navarra, Comunidad Foral de",Navarra,4231,http://www.cascante.com/,wikidata_P856,1,
INE44176,municipality,44176,Palomar de Arroyos,Aragón,Teruel,166,http://www.palomardearroyos.es/,wikidata_P856,1,
INE40179,municipality,40179,Sanchonuño,Castilla y León,Segovia,1053,http://www.sanchonuno.es/,wikidata_P856,1,
INE16152,municipality,16152,"Parra de las Vegas, La",Castilla-La Mancha,Cuenca,36,http://www.ayuntamientolaparradelasvegas.com/,clm_directorio_entidades_locales,0,
INE22029,municipality,22029,Antillón,Aragón,Huesca,127,http://www.antillon.es/,wikidata_P856,1,
INE09098,municipality,09098,Cerezo de Río Tirón,Castilla y León,Burgos,467,http://www.cerezoderiotiron.es/,wikidata_P856,1,
INE19039,municipality,19039,Argecilla,Castilla-La Mancha,Guadalajara,74,https://argecilla.sedelectronica.es/,clm_directorio_entidades_locales,0,
INE09181,municipality,09181,Isar,Castilla y León,Burgos,279,http://www.isar.es/,wikidata_P856,1,
INE13006,municipality,13006,Alcoba,Castilla-La Mancha,Ciudad Real,558,http://www.alcobadelosmontes.es/,clm_directorio_entidades_locales,0,
INE09224,municipality,09224,Monasterio de Rodilla,Castilla y León,Burgos,171,http://www.monasterioderodilla.es/,wikidata_P856,1,
INE45131,municipality,45131,Pelahustán,Castilla-La Mancha,Toledo,335,http://www.pelahustan.com/,wikidata_P856,1,
INE01043,municipality,01043,Oyón-Oion,País Vasco,Araba/Álava,3476,,,0,
INE50195,municipality,50195,Orcajo,Aragón,Zaragoza,65,,,0,
INE44068,municipality,44068,Castelserás,Aragón,Teruel,804,http://www.castelseras.com/,wikidata_P856,1,
INE46115,municipality,46115,Dos Aguas,Comunitat Valenciana,València/Valencia,340,https://dosaguasayuntamiento.es/,wikidata_P856,1,
INE47175,municipality,47175,Tudela de Duero,Castilla y León,Valladolid,8861,,,0,
INE49013,municipality,49013,Argujillo,Castilla y León,Zamora,215,https://ayuntamientoargujillo.com/,wikidata_P856,1,
INE46168,municipality,46168,Miramar,Comunitat Valenciana,València/Valencia,3143,http://www.ajumiramar.org/,wikidata_P856,1,
INE08061,municipality,08061,Castellgalí,Cataluña,Barcelona,2413,https://www.castellgali.cat/,wikidata_P856,1,
INE09257,municipality,09257,Pedrosa del Páramo,Castilla y León,Burgos,88,http://www.pedrosadelparamo.es/,wikidata_P856,1,
INE42187,municipality,42187,Torrubia de Soria,Castilla y León,Soria,52,,,0,
INE10053,municipality,10053,Casas de Don Gómez,Extremadura,Cáceres,342,,,0,
INE09163,municipality,09163,Hontoria del Pinar,Castilla y León,Burgos,613,http://www.hontoriadelpinar.es/,wikidata_P856,1,
INE46049,municipality,46049,Bellús,Comunitat Valenciana,València/Valencia,317,http://www.bellus.es/,wikidata_P856,1,
INE40089,municipality,40089,Fuentesaúco de Fuentidueña,Castilla y León,Segovia,216,http://www.fuentesaucodefuentiduena.es/,wikidata_P856,1,
INE19219,municipality,19219,Pinilla de Molina,Castilla-La Mancha,Guadalajara,13,,,0,
INE46259,municipality,46259,Villargordo del Cabriel,Comunitat Valenciana,València/Valencia,588,http://www.villargordodelcabriel.es/,wikidata_P856,1,
INE46153,municipality,46153,Llocnou de Sant Jeroni,Comunitat Valenciana,València/Valencia,594,http://www.llocnoudesantjeroni.es/,wikidata_P856,1,
INE50122,municipality,50122,Grisel,Aragón,Zaragoza,101,http://www.grisel.info/,wikidata_P856,1,
INE37224,municipality,37224,"Orbada, La",Castilla y León,Salamanca,177,,,0,
INE45085,municipality,45085,Lominchar,Castilla-La Mancha,Toledo,2989,http://ayuntamiento-de-lominchar.es/,wikidata_P856,1,
INE19311,municipality,19311,Valverde de los Arroyos,Castilla-La Mancha,Guadalajara,85,http://valverdedelosarroyos.localtic.net/,wikidata_P856,1,
INE09485,municipality,09485,Zuñeda,Castilla y León,Burgos,58,,,0,
INE42056,municipality,42056,Castilfrío de la Sierra,Castilla y León,Soria,35,http://www.castilfriodelasierra.es/,wikidata_P856,1,
INE50194,municipality,50194,Olvés,Aragón,Zaragoza,107,http://www.olves.es/,wikidata_P856,1,
INE10032,municipality,10032,Brozas,Extremadura,Cáceres,1718,https://brozas.es/,wikidata_P856,1,
INE20025,municipality,20025,Zegama,País Vasco,Gipuzkoa,1543,https://www.zegama.eus/,wikidata_P856,1,
INE40087,municipality,40087,Fuentepiñel,Castilla y León,Segovia,63,http://www.fuentepinel.es/,wikidata_P856,1,
INE06111,municipality,06111,Rena,Extremadura,Badajoz,605,http://www.rena.es/,wikidata_P856,1,
INE09123,municipality,09123,Espinosa del Camino,Castilla y León,Burgos,43,http://www.espinosadelcamino.es/,wikidata_P856,1,
INE23040,municipality,23040,Lahiguera,Andalucía,Jaén,1560,http://www.lahiguera.es/,wikidata_P856,1,
INE09334,municipality,09334,Salinillas de Bureba,Castilla y León,Burgos,55,http://www.salinillasdebureba.es/,wikidata_P856,1,
INE20032,municipality,20032,Elgoibar,País Vasco,Gipuzkoa,11705,https://www.elgoibar.eus/,wikidata_P856,1,
INE44112,municipality,44112,Fuentes Claras,Aragón,Teruel,428,http://www.fuentesclaras.es/,wikidata_P856,1,
INE34057,municipality,34057,Cevico de la Torre,Castilla y León,Palencia,464,http://cevicodelatorre.es/,wikidata_P856,1,
INE45174,municipality,45174,Totanés,Castilla-La Mancha,Toledo,361,http://www.totanes.es/,clm_directorio_entidades_locales,0,
INE27030,municipality,27030,Mondoñedo,Galicia,Lugo,3303,http://www.concellomondonedo.es/,wikidata_P856,1,
INE49066,municipality,49066,Ferreras de Abajo,Castilla y León,Zamora,461,http://aytoferrerasabajo.es/,wikidata_P856,1,
INE09051,municipality,09051,Berlangas de Roa,Castilla y León,Burgos,204,http://www.berlangasderoa.es/,wikidata_P856,1,
INE44198,municipality,44198,Royuela,Aragón,Teruel,229,http://www.royuela.es/,wikidata_P856,1,
INE36055,municipality,36055,Tui,Galicia,Pontevedra,17468,https://tui.gal/,wikidata_P856,1,
INE47075,municipality,47075,Íscar,Castilla y León,Valladolid,6493,http://www.villadeiscar.es/,wikidata_P856,1,
INE37159,municipality,37159,Herguijuela del Campo,Castilla y León,Salamanca,60,http://herguijueladelcampo.es/,wikidata_P856,1,
INE31043,municipality,31043,Azuelo,"Navarra, Comunidad Foral de",Navarra,29,http://www.azuelo.com/,wikidata_P856,1,
INE37222,municipality,37222,Negrilla de Palencia,Castilla y León,Salamanca,78,http://negrilladepalencia.es//,wikidata_P856,1,
INE37040,municipality,37040,Barbadillo,Castilla y León,Salamanca,391,,,0,
INE37344,municipality,37344,Vecinos,Castilla y León,Salamanca,231,http://vecinos.es/,wikidata_P856,1,
INE10151,municipality,10151,Portezuelo,Extremadura,Cáceres,196,http://www.portezuelo.es/,wikidata_P856,1,
INE42014,municipality,42014,"Aldehuelas, Las",Castilla y León,Soria,58,http://www.lasaldehuelas.es/,wikidata_P856,1,
INE37133,municipality,37133,Fresnedoso,Castilla y León,Salamanca,94,http://fresnedoso.es/,wikidata_P856,1,
INE34221,municipality,34221,Villamediana,Castilla y León,Palencia,177,,,0,
INE40125,municipality,40125,"Matilla, La",Castilla y León,Segovia,72,http://www.lamatilla.es/,wikidata_P856,1,
INE04093,municipality,04093,Turre,Andalucía,Almería,4361,http://www.turre.es/,wikidata_P856,1,
INE26065,municipality,26065,Galbárruli,"Rioja, La","Rioja, La",70,,,0,
INE02043,municipality,02043,Lezuza,Castilla-La Mancha,Albacete,1281,http://www.lezuza.es/,clm_directorio_entidades_locales,0,
INE24102,municipality,24102,Noceda del Bierzo,Castilla y León,León,603,http://noceda.ccbierzo.net/,wikidata_P856,1,
INE10165,municipality,10165,Santa Ana,Extremadura,Cáceres,302,http://www.santaniegos.com/,wikidata_P856,1,
INE09184,municipality,09184,Jaramillo Quemado,Castilla y León,Burgos,12,http://www.jaramilloquemado.es/,wikidata_P856,1,
INE09032,municipality,09032,Avellanosa de Muñó,Castilla y León,Burgos,95,,,0,
INE45192,municipality,45192,Villanueva de Alcardete,Castilla-La Mancha,Toledo,2910,https://www.villanuevadealcardete.es/,clm_directorio_entidades_locales,0,
INE22060,municipality,22060,Binaced,Aragón,Huesca,1694,https://www.binaced.es/,wikidata_P856,1,
INE08246,municipality,08246,Santa Eugènia de Berga,Cataluña,Barcelona,2348,https://www.santaeugeniadeberga.cat/,wikidata_P856,1,
INE46112,municipality,46112,Chulilla,Comunitat Valenciana,València/Valencia,710,http://www.chulilla.es/,wikidata_P856,1,
INE50141,municipality,50141,Lituénigo,Aragón,Zaragoza,123,,,0,
INE50274,municipality,50274,Val de San Martín,Aragón,Zaragoza,55,,,0,
INE23065,municipality,23065,Orcera,Andalucía,Jaén,1715,http://www.orcera.es/,wikidata_P856,1,
INE26070,municipality,26070,Grávalos,"Rioja, La","Rioja, La",196,http://www.gravalos.org/,wikidata_P856,1,
INE22173,municipality,22173,"Peñas de Riglos, Las",Aragón,Huesca,263,http://www.laspenasderiglos.es/,wikidata_P856,1,
INE08004,municipality,08004,Alpens,Cataluña,Barcelona,267,http://www.alpens.cat/,wikidata_P856,1,
INE45013,municipality,45013,Almorox,Castilla-La Mancha,Toledo,2569,https://almorox.sedelectronica.es/,clm_directorio_entidades_locales,0,
INE44050,municipality,44050,Calamocha,Aragón,Teruel,4655,http://www.calamocha.es/,wikidata_P856,1,
INE32039,municipality,32039,Laza,Galicia,Ourense,1156,http://www.laza.es/,wikidata_P856,1,
INE36008,municipality,36008,Cangas de Morrazo,Galicia,Pontevedra,26711,http://www.cangas.org/,wikidata_P856,1,
INE50115,municipality,50115,Fuentes de Ebro,Aragón,Zaragoza,4659,http://www.fuentesdeebro.es/,wikidata_P856,1,
INE13065,municipality,13065,Porzuna,Castilla-La Mancha,Ciudad Real,3529,http://www.porzuna.es/,clm_directorio_entidades_locales,0,
INE32078,municipality,32078,Sarreaus,Galicia,Ourense,1068,http://www.concellosarreaus.com/,wikidata_P856,1,
INE46123,municipality,46123,Favara,Comunitat Valenciana,València/Valencia,2776,http://www.favara.es/,wikidata_P856,1,
INE47210,municipality,47210,Villalar de los Comuneros,Castilla y León,Valladolid,469,http://www.villalardeloscomuneros.com/,wikidata_P856,1,
INE09326,municipality,09326,Rubena,Castilla y León,Burgos,207,http://www.rubena.es/,wikidata_P856,1,
INE37136,municipality,37136,Fuenteguinaldo,Castilla y León,Salamanca,635,http://aytofuenteguinaldo.es/,wikidata_P856,1,
INE27004,municipality,27004,Baleira,Galicia,Lugo,1093,http://www.concellobaleira.es/,wikidata_P856,1,
INE40005,municipality,40005,Alconada de Maderuelo,Castilla y León,Segovia,23,http://www.alconadademaderuelo.es/,wikidata_P856,1,
INE40202,municipality,40202,Torreadrada,Castilla y León,Segovia,53,http://www.torreadrada.es/,wikidata_P856,1,
INE24074,municipality,24074,Fuentes de Carbajal,Castilla y León,León,71,http://www.aytofuentesdecarbajal.es/,wikidata_P856,1,
INE39064,municipality,39064,Riotuerto,Cantabria,Cantabria,1682,,,0,
INE49047,municipality,49047,Cerecinos del Carrizal,Castilla y León,Zamora,111,,,0,
INE36024,municipality,36024,Lalín,Galicia,Pontevedra,20292,http://www.lalin.gal/,wikidata_P856,1,
INE32089,municipality,32089,Vilar de Barrio,Galicia,Ourense,1178,http://vilardebarrio.gal/,wikidata_P856,2,
INE37360,municipality,37360,Villar de Peralonso,Castilla y León,Salamanca,212,,,0,
INE34104,municipality,34104,Melgar de Yuso,Castilla y León,Palencia,269,,,0,
INE50029,municipality,50029,Aniñón,Aragón,Zaragoza,678,http://aytoaniñon.es/,wikidata_P856,1,
INE46144,municipality,46144,Jarafuel,Comunitat Valenciana,València/Valencia,788,http://www.jarafuel.es/,wikidata_P856,1,
INE39081,municipality,39081,Saro,Cantabria,Cantabria,480,http://www.ayuntamientodesaro.es/,wikidata_P856,1,
INE22144,municipality,22144,Laspuña,Aragón,Huesca,277,http://www.laspuna.com/,wikidata_P856,1,
INE10028,municipality,10028,Berrocalejo,Extremadura,Cáceres,120,http://www.berrocalejo.es/,wikidata_P856,1,
INE34001,municipality,34001,Abarca de Campos,Castilla y León,Palencia,38,http://abarcadecampos.dip-palencia.es/,wikidata_P856,1,
INE09083,municipality,09083,Castil de Peones,Castilla y León,Burgos,26,http://www.castildepeones.es/,wikidata_P856,1,
INE26099,municipality,26099,Murillo de Río Leza,"Rioja, La","Rioja, La",1656,http://www.murilloderioleza.org/,wikidata_P856,1,
INE40073,municipality,40073,Escalona del Prado,Castilla y León,Segovia,475,http://www.aytoescalonadelprado.org/,wikidata_P856,1,
INE45068,municipality,45068,Garciotum,Castilla-La Mancha,Toledo,220,https://garciotum.com/,clm_directorio_entidades_locales,0,
INE34087,municipality,34087,Hornillos de Cerrato,Castilla y León,Palencia,171,http://hornillosdecerrato.com/,wikidata_P856,1,
INE06106,municipality,06106,Puebla del Prior,Extremadura,Badajoz,462,http://www.puebladelprior.es/,wikidata_P856,1,
INE34074,municipality,34074,Frómista,Castilla y León,Palencia,727,http://fromista.dip-palencia.es/,wikidata_P856,1,
INE34038,municipality,34038,Bustillo de la Vega,Castilla y León,Palencia,259,http://bustillodelavega.es/,wikidata_P856,1,
INE50171,municipality,50171,Moneva,Aragón,Zaragoza,107,,,0,
INE19115,municipality,19115,Establés,Castilla-La Mancha,Guadalajara,35,,,0,
INE03088,municipality,03088,Monforte del Cid,Comunitat Valenciana,Alacant/Alicante,9283,http://www.monfortedelcid.es/,wikidata_P856,1,
INE40119,municipality,40119,Martín Miguel,Castilla y León,Segovia,276,http://www.martinmiguel.es/,wikidata_P856,1,
INE22209,municipality,22209,Santa Cruz de la Serós,Aragón,Huesca,193,http://www.santacruzdelaseros.es/,wikidata_P856,1,
INE15001,municipality,15001,Abegondo,Galicia,"Coruña, A",5631,http://www.abegondo.es/,wikidata_P856,1,
INE05012,municipality,05012,Amavida,Castilla y León,Ávila,131,http://www.amavida.es/,wikidata_P856,1,
INE42082,municipality,42082,Estepa de San Juan,Castilla y León,Soria,13,http://www.estepadesanjuan.es/,wikidata_P856,1,
INE32075,municipality,32075,San Cibrao das Viñas,Galicia,Ourense,5751,https://sancibrao.es/,wikidata_P856,1,
INE13056,municipality,13056,Miguelturra,Castilla-La Mancha,Ciudad Real,15924,http://www.miguelturra.es/,clm_directorio_entidades_locales,0,
INE36023,municipality,36023,"Guarda, A",Galicia,Pontevedra,9970,http://www.aguarda.es/,wikidata_P856,1,
INE40205,municipality,40205,Torreiglesias,Castilla y León,Segovia,257,http://www.torreiglesias.es/,wikidata_P856,1,
INE13098,municipality,13098,Viso del Marqués,Castilla-La Mancha,Ciudad Real,2091,http://www.visodelmarques.es/,clm_directorio_entidades_locales,0,
INE47008,municipality,47008,Almenara de Adaja,Castilla y León,Valladolid,24,,,0,
INE37334,municipality,37334,Valdelageve,Castilla y León,Salamanca,66,,,0,
INE03131,municipality,03131,Tormos,Comunitat Valenciana,Alacant/Alicante,323,http://www.tormos.es/,wikidata_P856,1,
INE44146,municipality,44146,"Mata de los Olmos, La",Aragón,Teruel,255,http://www.lamatadelosolmos.es/,wikidata_P856,1,
INE09225,municipality,09225,Moncalvillo,Castilla y León,Burgos,77,http://www.moncalvillo.es/,wikidata_P856,1,
INE24087,municipality,24087,Laguna Dalga,Castilla y León,León,608,http://www.aytolagunadalga.es/,wikidata_P856,1,
INE31105,municipality,31105,Fitero,"Navarra, Comunidad Foral de",Navarra,2370,,,0,
INE15076,municipality,15076,San Sadurniño,Galicia,"Coruña, A",2738,http://www.sansadurnino.gal/,wikidata_P856,1,
INE27062,municipality,27062,Triacastela,Galicia,Lugo,589,http://www.concellotriacastela.es/,wikidata_P856,1,
INE37073,municipality,37073,Calzada de Valdunciel,Castilla y León,Salamanca,717,http://www.calzadadevaldunciel.es/,wikidata_P856,1,
INE37307,municipality,37307,Serradilla del Llano,Castilla y León,Salamanca,136,,,0,
INE49113,municipality,49113,Matilla de Arzón,Castilla y León,Zamora,150,http://www.matilladearzon.com/,wikidata_P856,1,
INE46239,municipality,46239,Teresa de Cofrentes,Comunitat Valenciana,València/Valencia,620,http://www.teresadecofrentes.es/,wikidata_P856,1,
INE06116,municipality,06116,Salvaleón,Extremadura,Badajoz,1645,http://www.salvaleon.es/,wikidata_P856,1,
INE04068,municipality,04068,Olula de Castro,Andalucía,Almería,175,https://www.oluladecastro.es/,wikidata_P856,1,
INE28019,municipality,28019,Belmonte de Tajo,"Madrid, Comunidad de",Madrid,1955,https://belmontedetajo.es/,wikidata_P856,1,
INE05148,municipality,05148,Narros del Puerto,Castilla y León,Ávila,26,http://www.narrosdelpuerto.es/,wikidata_P856,1,
INE24171,municipality,24171,Trabadelo,Castilla y León,León,321,http://www.trabadelo.org/,wikidata_P856,1,
INE40048,municipality,40048,Castrojimeno,Castilla y León,Segovia,27,http://www.castrojimeno.es/,wikidata_P856,1,
INE20041,municipality,20041,Hernialde,País Vasco,Gipuzkoa,326,http://www.hernialde.eus/,wikidata_P856,1,
INE05241,municipality,05241,"Tiemblo, El",Castilla y León,Ávila,4582,http://www.eltiemblo.es/,wikidata_P856,1,
INE42070,municipality,42070,Cubilla,Castilla y León,Soria,22,http://www.cubilla.es/,wikidata_P856,1,
INE06009,municipality,06009,Aljucén,Extremadura,Badajoz,252,http://www.aljucen.es/,wikidata_P856,1,
INE47188,municipality,47188,Vega de Valdetronco,Castilla y León,Valladolid,88,,,0,
INE32029,municipality,32029,Chandrexa de Queixa,Galicia,Ourense,467,,,0,
INE37041,municipality,37041,Barbalos,Castilla y León,Salamanca,70,,,0,
INE16103,municipality,16103,Hontanaya,Castilla-La Mancha,Cuenca,255,,,0,
INE49096,municipality,49096,Jambrina,Castilla y León,Zamora,149,,,0,
INE09253,municipality,09253,Pardilla,Castilla y León,Burgos,109,http://www.pardilla.es/,wikidata_P856,1,
INE37204,municipality,37204,Morasverdes,Castilla y León,Salamanca,230,,,0,
INE05062,municipality,05062,Collado de Contreras,Castilla y León,Ávila,147,http://www.colladodecontreras.es/,wikidata_P856,1,
INE10043,municipality,10043,Campo Lugar,Extremadura,Cáceres,790,http://www.campolugar.es/,wikidata_P856,1,
INE09405,municipality,09405,Valdezate,Castilla y León,Burgos,115,http://www.valdezate.com/,wikidata_P856,1,
INE05257,municipality,05257,Villafranca de la Sierra,Castilla y León,Ávila,128,http://www.villafrancadelasierra.es/,wikidata_P856,1,
INE09330,municipality,09330,Salas de los Infantes,Castilla y León,Burgos,1959,http://www.salasdelosinfantes.net/,wikidata_P856,1,
INE40193,municipality,40193,Sebúlcor,Castilla y León,Segovia,239,http://www.sebulcor.com/,wikidata_P856,1,
INE50001,municipality,50001,Abanto,Aragón,Zaragoza,78,https://abanto.sedelectronica.es/info.15,wikidata_P856,1,
INE46061,municipality,46061,Beniflá,Comunitat Valenciana,València/Valencia,505,https://www.benifla.es/,wikidata_P856,1,
INE20047,municipality,20047,Itsasondo,País Vasco,Gipuzkoa,687,https://itsasondo.eus/,wikidata_P856,1,
INE46232,municipality,46232,Sinarcas,Comunitat Valenciana,València/Valencia,1176,http://www.sinarcas.com/,wikidata_P856,1,
INE06072,municipality,06072,Lobón,Extremadura,Badajoz,2756,http://www.lobon.es/,wikidata_P856,1,
INE34189,municipality,34189,Valdeolmillos,Castilla y León,Palencia,56,,,0,
INE47088,municipality,47088,Melgar de Abajo,Castilla y León,Valladolid,117,http://www.melgardeabajo.com/,wikidata_P856,1,
INE34227,municipality,34227,Villanueva del Rebollar,Castilla y León,Palencia,67,,,0,
INE49214,municipality,49214,Tábara,Castilla y León,Zamora,743,http://www.aytotabara.com/,wikidata_P856,1,
INE36027,municipality,36027,Meaño,Galicia,Pontevedra,5237,http://www.concellodemeano.com/,wikidata_P856,1,
INE16156,municipality,16156,"Peraleja, La",Castilla-La Mancha,Cuenca,77,,,0,
INE34089,municipality,34089,Itero de la Vega,Castilla y León,Palencia,147,http://www.iterodelavega.com/,wikidata_P856,1,
INE40207,municipality,40207,Trescasas,Castilla y León,Segovia,1130,http://www.aytotrescasas.es/,wikidata_P856,1,
INE02016,municipality,02016,Bienservida,Castilla-La Mancha,Albacete,548,http://www.bienservida.es/,clm_directorio_entidades_locales,0,
INE16231,municipality,16231,Valhermoso de la Fuente,Castilla-La Mancha,Cuenca,61,,,0,
INE12116,municipality,12116,Torralba del Pinar,Comunitat Valenciana,Castelló/Castellón,57,http://www.torralbadelpinar.es/,wikidata_P856,1,
INE19121,municipality,19121,Fuentelencina,Castilla-La Mancha,Guadalajara,324,http://www.fuentelencina.com/,clm_directorio_entidades_locales,0,
INE24032,municipality,24032,Campazas,Castilla y León,León,110,http://www.aytocampazas.es/,wikidata_P856,1,
INE40029,municipality,40029,Bercimuel,Castilla y León,Segovia,34,http://www.bercimuel.es/,wikidata_P856,1,
INE39030,municipality,39030,Guriezo,Cantabria,Cantabria,2496,,,0,
INE05063,municipality,05063,Collado del Mirón,Castilla y León,Ávila,18,http://www.colladodelmiron.es/,wikidata_P856,1,
INE17103,municipality,17103,Maçanet de la Selva,Cataluña,Girona,8071,https://www.maçanetdelaselva.cat/,wikidata_P856,1,
INE37296,municipality,37296,Santiago de la Puebla,Castilla y León,Salamanca,280,http://santiagodelapuebla.es/,wikidata_P856,1,
INE49268,municipality,49268,Villarrín de Campos,Castilla y León,Zamora,387,http://www.aytovillarrindecampos.es/,wikidata_P856,1,
INE09414,municipality,09414,Valle de Valdelaguna,Castilla y León,Burgos,187,http://www.valledevaldelaguna.es/,wikidata_P856,1,
INE10062,municipality,10062,Cedillo,Extremadura,Cáceres,453,http://www.cedillo.es/,wikidata_P856,1,
INE28031,municipality,28031,Cadalso de los Vidrios,"Madrid, Comunidad de",Madrid,3372,https://www.cadalsodelosvidrios.es/,wikidata_P856,1,
INE24073,municipality,24073,Fresno de la Vega,Castilla y León,León,483,http://www.aytofresnodelavega.es/,wikidata_P856,1,
INE28171,municipality,28171,Villa del Prado,"Madrid, Comunidad de",Madrid,7743,https://www.villadelprado.es/,wikidata_P856,1,
INE40222,municipality,40222,Veganzones,Castilla y León,Segovia,211,http://www.veganzones.es/,wikidata_P856,1,
INE36021,municipality,36021,Gondomar,Galicia,Pontevedra,15066,https://concellodegondomar.gal/,wikidata_P856,1,
INE45039,municipality,45039,Carriches,Castilla-La Mancha,Toledo,260,,,0,
INE32032,municipality,32032,Xinzo de Limia,Galicia,Ourense,9699,https://www.xinzodelimia.gal/,wikidata_P856,1,
INE50192,municipality,50192,Nuévalos,Aragón,Zaragoza,318,,,0,
INE44145,municipality,44145,Mas de las Matas,Aragón,Teruel,1230,http://www.masdelasmatas.es/,wikidata_P856,1,
INE19309,municipality,19309,Valhermoso,Castilla-La Mancha,Guadalajara,15,,,0,
INE47181,municipality,47181,Valdenebro de los Valles,Castilla y León,Valladolid,187,,,0,
INE34113,municipality,34113,Olea de Boedo,Castilla y León,Palencia,38,http://oleadeboedo.dip-palencia.es/,wikidata_P856,1,
INE18070,municipality,18070,Dúdar,Andalucía,Granada,382,http://www.dudar.es/,wikidata_P856,1,
INE20036,municipality,20036,Hondarribia,País Vasco,Gipuzkoa,16788,http://www.hondarribia.eus/,wikidata_P856,1,
INE47003,municipality,47003,Aguilar de Campos,Castilla y León,Valladolid,258,http://www.aguilardecampos.ayuntamientosdevalladolid.es/,wikidata_P856,1,
INE50267,municipality,50267,Uncastillo,Aragón,Zaragoza,594,http://www.uncastillo.es/,wikidata_P856,1,
INE44262,municipality,44262,Villarroya de los Pinares,Aragón,Teruel,160,http://adigital.pntic.mec.es/cra.cedrillas/villarroya.html,wikidata_P856,1,
INE24217,municipality,24217,Villamoratiel de las Matas,Castilla y León,León,121,http://www.villamoratiel.es/,wikidata_P856,1,
INE42061,municipality,42061,Cidones,Castilla y León,Soria,313,http://www.cidones.es/,wikidata_P856,1,
INE37359,municipality,37359,Villar de la Yegua,Castilla y León,Salamanca,151,,,0,
INE49229,municipality,49229,Valdescorriel,Castilla y León,Zamora,131,,,0,
INE09143,municipality,09143,Galbarros,Castilla y León,Burgos,28,http://www.galbarros.es/,wikidata_P856,1,
INE43059,municipality,43059,Figuerola del Camp,Cataluña,Tarragona,342,http://www.figuerola.altanet.org/,wikidata_P856,1,
INE26083,municipality,26083,Lagunilla del Jubera,"Rioja, La","Rioja, La",385,http://www.lagunilladeljubera.org/,wikidata_P856,1,
INE13004,municipality,13004,Albaladejo,Castilla-La Mancha,Ciudad Real,984,http://www.albadalejo.es/,clm_directorio_entidades_locales,0,
INE45017,municipality,45017,Azután,Castilla-La Mancha,Toledo,286,https://azutan.sedelectronica.es/,clm_directorio_entidades_locales,0,
INE20057,municipality,20057,Mutiloa,País Vasco,Gipuzkoa,261,http://www.mutiloa.eus/eu/,wikidata_P856,1,
INE05052,municipality,05052,Casas del Puerto,Castilla y León,Ávila,80,http://www.casasdelpuerto.es/,wikidata_P856,1,
INE34211,municipality,34211,Villaherreros,Castilla y León,Palencia,211,http://villaherreros.dip-palencia.es/,wikidata_P856,1,
INE42159,municipality,42159,Rollamienta,Castilla y León,Soria,49,http://www.rollamienta.es/,wikidata_P856,1,
INE37004,municipality,37004,Ahigal de Villarino,Castilla y León,Salamanca,30,,,0,
INE37083,municipality,37083,Cantaracillo,Castilla y León,Salamanca,188,,,0,
INE05112,municipality,05112,"Losar del Barco, El",Castilla y León,Ávila,99,http://www.ellosardelbarco.es/,wikidata_P856,1,
INE47012,municipality,47012,Bahabón,Castilla y León,Valladolid,97,http://www.bahabon.com/,wikidata_P856,1,
INE02071,municipality,02071,San Pedro,Castilla-La Mancha,Albacete,1155,http://www.sanpedro.es/,clm_directorio_entidades_locales,0,
INE10104,municipality,10104,Jaraíz de la Vera,Extremadura,Cáceres,6831,http://www.jaraizdelavera.es/,wikidata_P856,1,
INE09166,municipality,09166,"Hormazas, Las",Castilla y León,Burgos,93,http://www.lashormazas.es/,wikidata_P856,1,
INE06108,municipality,06108,Puebla de Sancho Pérez,Extremadura,Badajoz,2634,http://www.puebladesanchoperez.es/,wikidata_P856,1,
INE09086,municipality,09086,Castrillo del Val,Castilla y León,Burgos,858,http://www.castrillodelval.es/,wikidata_P856,1,
INE37054,municipality,37054,"Bodón, El",Castilla y León,Salamanca,247,,,0,
INE22020,municipality,22020,Alfántega,Aragón,Huesca,125,http://www.alfantega.es/,wikidata_P856,1,
INE05117,municipality,05117,Mamblas,Castilla y León,Ávila,191,http://www.mamblas.es/,wikidata_P856,1,
INE49019,municipality,49019,Barcial del Barco,Castilla y León,Zamora,254,http://www.barcialdelbarco.com/es/ayuntamiento/index.html,wikidata_P856,1,
INE42111,municipality,42111,Matamala de Almazán,Castilla y León,Soria,251,,,0,
INE10194,municipality,10194,Torrequemada,Extremadura,Cáceres,564,,,0,
INE10118,municipality,10118,Mata de Alcántara,Extremadura,Cáceres,300,http://www.matadealcantara.es/,wikidata_P856,1,
INE24018,municipality,24018,Bercianos del Real Camino,Castilla y León,León,179,http://www.aytobercianosdelrealcamino.es/,wikidata_P856,1,
INE40132,municipality,40132,Moral de Hornuez,Castilla y León,Segovia,38,https://www.moraldehornuez.es/,wikidata_P856,1,
INE47089,municipality,47089,Melgar de Arriba,Castilla y León,Valladolid,161,,,0,
INE23071,municipality,23071,Puente de Génave,Andalucía,Jaén,2191,http://www.puentedegenave.es/,wikidata_P856,1,
INE34155,municipality,34155,Ribas de Campos,Castilla y León,Palencia,150,http://ribasdecampos.dip-palencia.es/,wikidata_P856,1,
INE08299,municipality,08299,Vilada,Cataluña,Barcelona,432,http://www.vilada.cat/,wikidata_P856,1,
INE37139,municipality,37139,Fuentes de Béjar,Castilla y León,Salamanca,239,,,0,
INE05074,municipality,05074,Fontiveros,Castilla y León,Ávila,715,http://www.fontiveros.es/,wikidata_P856,1,
INE37218,municipality,37218,Navamorales,Castilla y León,Salamanca,45,,,0,
INE09387,municipality,09387,Torregalindo,Castilla y León,Burgos,130,http://www.torregalindo.es/,wikidata_P856,1,
INE21033,municipality,21033,Fuenteheridos,Andalucía,Huelva,804,http://www.fuenteheridos.es/,wikidata_P856,1,
INE20075,municipality,20075,Villabona,País Vasco,Gipuzkoa,5900,http://villabona.eus/eu/,wikidata_P856,1,
INE05196,municipality,05196,Rivilla de Barajas,Castilla y León,Ávila,59,http://www.rivilladebarajas.es/,wikidata_P856,1,
INE19229,municipality,19229,Puebla de Valles,Castilla-La Mancha,Guadalajara,59,,,0,
INE49083,municipality,49083,Fuentesecas,Castilla y León,Zamora,43,https://fuentesecas.sedelectronica.es/,wikidata_P856,1,
INE10175,municipality,10175,Serradilla,Extremadura,Cáceres,1448,https://www.serradilla.es/,wikidata_P856,1,
INE50288,municipality,50288,Villanueva de Gállego,Aragón,Zaragoza,4852,http://www.villanuevadegallego.org/,wikidata_P856,1,
INE45042,municipality,45042,Casasbuenas,Castilla-La Mancha,Toledo,210,,,0,
INE50231,municipality,50231,Salillas de Jalón,Aragón,Zaragoza,372,,,0,
INE46154,municipality,46154,Llanera de Ranes,Comunitat Valenciana,València/Valencia,1062,http://www.llaneraderanes.es/,wikidata_P856,1,
INE03035,municipality,03035,Benilloba,Comunitat Valenciana,Alacant/Alicante,744,http://www.benilloba.es/va,wikidata_P856,1,
INE05147,municipality,05147,Narros del Castillo,Castilla y León,Ávila,151,http://www.narrosdelcastillo.es/,wikidata_P856,1,
INE10035,municipality,10035,Cabezuela del Valle,Extremadura,Cáceres,2049,http://www.cabezueladelvalle.es/,wikidata_P856,1,
INE24216,municipality,24216,Villamontán de la Valduerna,Castilla y León,León,678,http://www.aytovillamontandelavalduerna.es/,wikidata_P856,1,
INE06161,municipality,06161,Zarza-Capilla,Extremadura,Badajoz,295,http://www.zarza-capilla.es/,wikidata_P856,1,
INE37151,municipality,37151,Golpejas,Castilla y León,Salamanca,139,http://golpejas.es/,wikidata_P856,1,
INE18168,municipality,18168,Quéntar,Andalucía,Granada,952,http://quentar.es/,wikidata_P856,1,
INE09421,municipality,09421,"Vid y Barrios, La",Castilla y León,Burgos,237,http://www.lavidybarrios.es/,wikidata_P856,1,
INE22207,municipality,22207,San Juan de Plan,Aragón,Huesca,145,http://www.sanjuandeplan.es/,wikidata_P856,1,
INE18194,municipality,18194,Zújar,Andalucía,Granada,2655,http://www.aytozujar.es/,wikidata_P856,1,
INE41014,municipality,41014,Badolatosa,Andalucía,Sevilla,3058,http://www.badolatosa.es/,wikidata_P856,1,
INE12045,municipality,12045,Cinctorres,Comunitat Valenciana,Castelló/Castellón,433,http://www.cinctorres.es/,wikidata_P856,1,
INE23069,municipality,23069,Porcuna,Andalucía,Jaén,5936,http://www.porcuna.es/,wikidata_P856,1,
INE05221,municipality,05221,Santa Cruz del Valle,Castilla y León,Ávila,295,http://www.santacruzdelvalle.es/,wikidata_P856,1,
INE09901,municipality,09901,Quintanilla del Agua y Tordueles,Castilla y León,Burgos,336,http://www.quintanilladelaguaytordueles.es/,wikidata_P856,1,
INE46020,municipality,46020,"Alcúdia de Crespins, l'",Comunitat Valenciana,València/Valencia,5548,http://www.alcudiadecrespins.es/,wikidata_P856,1,
INE24139,municipality,24139,Sahagún,Castilla y León,León,2380,http://www.aytosahagun.es/,wikidata_P856,2,
INE36041,municipality,36041,Poio,Galicia,Pontevedra,17434,https://concellopoio.gal/,wikidata_P856,1,
INE16048,municipality,16048,Cañamares,Castilla-La Mancha,Cuenca,457,http://canamares.sedelectronica.es/,clm_directorio_entidades_locales,0,
INE19246,municipality,19246,Saelices de la Sal,Castilla-La Mancha,Guadalajara,41,,,0,
INE19165,municipality,19165,Majaelrayo,Castilla-La Mancha,Guadalajara,60,http://www.majaelrayo.es/,wikidata_P856,1,
INE47068,municipality,47068,Fuente-Olmedo,Castilla y León,Valladolid,42,,,0,
INE44099,municipality,44099,Escucha,Aragón,Teruel,788,,,0,
INE07029,municipality,07029,Lloseta,"Balears, Illes",Illes Balears,6463,http://www.ajlloseta.net/,wikidata_P856,1,
INE46121,municipality,46121,Estubeny,Comunitat Valenciana,València/Valencia,110,http://www.estubeny.es/va,wikidata_P856,1,
INE02029,municipality,02029,Chinchilla de Monte-Aragón,Castilla-La Mancha,Albacete,4614,http://www.webchinchilla.com/,clm_directorio_entidades_locales,0,
INE31079,municipality,31079,Desojo,"Navarra, Comunidad Foral de",Navarra,68,,,0,
INE31212,municipality,31212,Sada,"Navarra, Comunidad Foral de",Navarra,130,,,0,
INE37109,municipality,37109,Colmenar de Montemayor,Castilla y León,Salamanca,177,,,0,
INE19232,municipality,19232,"Recuenco, El",Castilla-La Mancha,Guadalajara,80,,,0,
INE32027,municipality,32027,Cortegada,Galicia,Ourense,1027,,,0,
INE03127,municipality,03127,Tàrbena,Comunitat Valenciana,Alacant/Alicante,662,http://www.tarbena.es/,wikidata_P856,1,
INE47229,municipality,47229,Villavicencio de los Caballeros,Castilla y León,Valladolid,215,,,0,
INE22908,municipality,22908,Hoz y Costean,Aragón,Huesca,225,http://www.hozycostean.es/,wikidata_P856,1,
INE36056,municipality,36056,Valga,Galicia,Pontevedra,5779,http://www.valga.gal/,wikidata_P856,1,
INE31125,municipality,31125,Igúzquiza,"Navarra, Comunidad Foral de",Navarra,307,,,0,
INE23045,municipality,23045,Huesa,Andalucía,Jaén,2411,http://www.huesa.es/,wikidata_P856,1,
INE32051,municipality,32051,Muíños,Galicia,Ourense,1385,,,0,
INE44181,municipality,44181,Peralejos,Aragón,Teruel,89,http://peralejos.ar.vg/,wikidata_P856,1,
INE32022,municipality,32022,Castrelo de Miño,Galicia,Ourense,1289,https://www.castrelo.gal/,wikidata_P856,1,
INE47207,municipality,47207,Villagarcía de Campos,Castilla y León,Valladolid,297,,,0,
INE22904,municipality,22904,"Sotonera, La",Aragón,Huesca,879,http://www.lasotonera.es/,wikidata_P856,1,
INE16174,municipality,16174,Puebla del Salvador,Castilla-La Mancha,Cuenca,190,https://puebladelsalvador.sedelectronica.es/,clm_directorio_entidades_locales,0,
INE12025,municipality,12025,Benafigos,Comunitat Valenciana,Castelló/Castellón,121,http://www.benafigos.es/,wikidata_P856,1,
INE47077,municipality,47077,Langayo,Castilla y León,Valladolid,246,,,0,
INE12105,municipality,12105,Sierra Engarcerán,Comunitat Valenciana,Castelló/Castellón,1039,http://www.sierraengarceran.es/ca,wikidata_P856,1,
INE12004,municipality,12004,Alcalà de Xivert,Comunitat Valenciana,Castelló/Castellón,7349,http://www.alcaladexivert.es/,wikidata_P856,1,
INE09314,municipality,09314,Revilla del Campo,Castilla y León,Burgos,96,http://www.revilladelcampo.es/,wikidata_P856,1,
INE13045,municipality,13045,Granátula de Calatrava,Castilla-La Mancha,Ciudad Real,683,http://www.granatuladecalatrava.es/,clm_directorio_entidades_locales,0,
INE09456,municipality,09456,Villaquirán de los Infantes,Castilla y León,Burgos,154,http://www.villaquirandelosinfantes.es/,wikidata_P856,1,
INE44143,municipality,44143,Manzanera,Aragón,Teruel,530,http://www.manzanera.org/,wikidata_P856,1,
INE18115,municipality,18115,Láchar,Andalucía,Granada,3892,http://www.lachar.es/,wikidata_P856,1,
INE37257,municipality,37257,Pozos de Hinojo,Castilla y León,Salamanca,48,,,0,
INE18903,municipality,18903,Nevada,Andalucía,Granada,1086,http://www.nevada.es/,wikidata_P856,1,
INE37021,municipality,37021,Aldeaseca de Alba,Castilla y León,Salamanca,65,,,0,
INE37146,municipality,37146,Gallegos de Solmirón,Castilla y León,Salamanca,109,http://www.ayuntamientodegallegosdesolmiron.org/,wikidata_P856,1,
INE07023,municipality,07023,Ferreries,"Balears, Illes",Illes Balears,5170,http://www.ajferreries.org/,wikidata_P856,1,
INE09091,municipality,09091,Castrojeriz,Castilla y León,Burgos,794,http://www.castrojeriz.com/,wikidata_P856,1,
INE47180,municipality,47180,Valdearcos de la Vega,Castilla y León,Valladolid,56,,,0,
INE44028,municipality,44028,Argente,Aragón,Teruel,204,http://www.argente.es/,wikidata_P856,1,
INE26158,municipality,26158,Tudelilla,"Rioja, La","Rioja, La",360,http://www.tudelilla.org/,wikidata_P856,1,
INE40057,municipality,40057,Coca,Castilla y León,Segovia,1706,https://www.coca.es/,wikidata_P856,1,
INE09130,municipality,09130,Fresneña,Castilla y León,Burgos,68,http://www.fresneña.es/,wikidata_P856,1,
INE46215,municipality,46215,Riola,Comunitat Valenciana,València/Valencia,1820,http://www.riola.es/,wikidata_P856,1,
INE40026,municipality,40026,Basardilla,Castilla y León,Segovia,136,http://www.basardilla.es/,wikidata_P856,1,
INE09298,municipality,09298,Quintanilla San García,Castilla y León,Burgos,66,http://www.quintanillasangarcia.es/,wikidata_P856,1,
INE24189,municipality,24189,Valverde de la Virgen,Castilla y León,León,7936,http://www.aytovalverdedelavirgen.es/,wikidata_P856,1,
INE04057,municipality,04057,Laujar de Andarax,Andalucía,Almería,1674,http://www.laujardeandarax.es/,wikidata_P856,1,
INE40019,municipality,40019,Arahuetes,Castilla y León,Segovia,31,http://www.arahuetes.es/,wikidata_P856,1,
INE26143,municipality,26143,Sojuela,"Rioja, La","Rioja, La",690,http://www.sojuela.es/,wikidata_P856,1,
INE46245,municipality,46245,Torres Torres,Comunitat Valenciana,València/Valencia,808,http://www.torrestorres.es/,wikidata_P856,1,
INE02026,municipality,02026,Cenizate,Castilla-La Mancha,Albacete,1163,http://www.cenizate.es/,clm_directorio_entidades_locales,0,
INE15089,municipality,15089,Vedra,Galicia,"Coruña, A",4903,https://www.concellodevedra.es/,wikidata_P856,1,
INE24052,municipality,24052,Cebanico,Castilla y León,León,146,https://www.aytocebanico.es/,wikidata_P856,1,
INE42012,municipality,42012,Aldealseñor,Castilla y León,Soria,29,http://www.aldealsenor.es/,wikidata_P856,1,
INE32070,municipality,32070,San Xoán de Río,Galicia,Ourense,510,http://www.sanxoanderio.es/,wikidata_P856,1,
INE37320,municipality,37320,Tejeda y Segoyuela,Castilla y León,Salamanca,97,,,0,
INE22167,municipality,22167,Osso de Cinca,Aragón,Huesca,644,http://www.ossodecinca.es/,wikidata_P856,1,
INE45029,municipality,45029,Caleruela,Castilla-La Mancha,Toledo,203,http://www.caleruela.org/,clm_directorio_entidades_locales,0,
INE07025,municipality,07025,Fornalutx,"Balears, Illes",Illes Balears,743,https://ajfornalutx.net/,wikidata_P856,1,
INE28059,municipality,28059,Fuente el Saz de Jarama,"Madrid, Comunidad de",Madrid,7413,http://www.ayuntamientofuentelsaz.com/,wikidata_P856,1,
INE44026,municipality,44026,Arcos de las Salinas,Aragón,Teruel,105,,,0,
INE26045,municipality,26045,Cellorigo,"Rioja, La","Rioja, La",15,,,0,
INE18109,municipality,18109,Jete,Andalucía,Granada,990,http://www.jete.es/,wikidata_P856,1,
INE49225,municipality,49225,Uña de Quintana,Castilla y León,Zamora,119,http://www.unadequintana.com/,wikidata_P856,1,
INE47064,municipality,47064,Fontihoyuelo,Castilla y León,Valladolid,29,,,0,
INE18078,municipality,18078,Freila,Andalucía,Granada,960,http://www.altipla.com/freila/,wikidata_P856,1,
INE39062,municipality,39062,Ribamontán al Monte,Cantabria,Cantabria,2535,http://www.aytormonte.com/principal.htm,wikidata_P856,1,
INE05005,municipality,05005,Albornos,Castilla y León,Ávila,170,http://www.albornos.es/,wikidata_P856,1,
INE49107,municipality,49107,Malva,Castilla y León,Zamora,92,https://malva.sedelectronica.es/,wikidata_P856,1,
INE49157,municipality,49157,Pino del Oro,Castilla y León,Zamora,173,http://www.pinodeloroayto.es/,wikidata_P856,1,
INE13053,municipality,13053,Manzanares,Castilla-La Mancha,Ciudad Real,17728,http://www.manzanares.es/,clm_directorio_entidades_locales,0,
INE04074,municipality,04074,Pechina,Andalucía,Almería,4552,https://www.pechina.es/,wikidata_P856,1,
INE14027,municipality,14027,Fernán-Núñez,Andalucía,Córdoba,9670,http://www.fernannunez.es/,wikidata_P856,1,
INE18135,municipality,18135,Montefrío,Andalucía,Granada,5283,http://www.montefrio.es/,wikidata_P856,1,
INE28065,municipality,28065,Getafe,"Madrid, Comunidad de",Madrid,193238,http://www.getafe.es/,wikidata_P856,1,
INE21026,municipality,21026,Cortelazor,Andalucía,Huelva,302,http://www.cortelazor.es/,wikidata_P856,1,
INE13082,municipality,13082,Tomelloso,Castilla-La Mancha,Ciudad Real,37060,http://www.tomelloso.es/,clm_directorio_entidades_locales,0,
INE17096,municipality,17096,"Llosses, Les",Cataluña,Girona,197,http://www.lesllosses.cat/,wikidata_P856,1,
INE39046,municipality,39046,Molledo,Cantabria,Cantabria,1482,,,0,
INE48081,municipality,48081,Lezama,País Vasco,Bizkaia,2430,http://www.lezama.org/,wikidata_P856,1,
INE28080,municipality,28080,Majadahonda,"Madrid, Comunidad de",Madrid,73625,https://www.majadahonda.org/,wikidata_P856,1,
INE48088,municipality,48088,Ubide,País Vasco,Bizkaia,167,,,0,
INE28087,municipality,28087,"Molinos, Los","Madrid, Comunidad de",Madrid,4781,http://www.ayuntamiento-losmolinos.es/,wikidata_P856,1,
INE48092,municipality,48092,Bedia,País Vasco,Bizkaia,1111,,,0,
INE48097,municipality,48097,Zaratamo,País Vasco,Bizkaia,1609,,,0,
INE28159,municipality,28159,Valdemaqueda,"Madrid, Comunidad de",Madrid,870,https://www.aytovaldemaqueda.es/,wikidata_P856,1,
INE45092,municipality,45092,Marjaliza,Castilla-La Mancha,Toledo,258,,,0,
INE24014,municipality,24014,Bembibre,Castilla y León,León,8041,http://www.aytobembibre.es/,wikidata_P856,1,
INE43092,municipality,43092,Mont-roig del Camp,Cataluña,Tarragona,14615,http://www.mont-roig.cat/,wikidata_P856,1,
INE37049,municipality,37049,Bermellar,Castilla y León,Salamanca,129,,,0,
INE37252,municipality,37252,Pinedas,Castilla y León,Salamanca,88,,,0,
INE50027,municipality,50027,Ambel,Aragón,Zaragoza,253,http://ambel.org/,wikidata_P856,1,
INE07003,municipality,07003,Alcúdia,"Balears, Illes",Illes Balears,21907,http://www.alcudia.net/,wikidata_P856,1,
INE05014,municipality,05014,Arenas de San Pedro,Castilla y León,Ávila,6460,http://arenasdesanpedro.es/,wikidata_P856,1,
INE09085,municipality,09085,Castrillo de la Vega,Castilla y León,Burgos,626,http://www.castrillodelavega.net/,wikidata_P856,1,
INE09419,municipality,09419,Valluércanes,Castilla y León,Burgos,70,http://www.valluercanes.es/,wikidata_P856,1,
INE34004,municipality,34004,Aguilar de Campoo,Castilla y León,Palencia,6916,https://aguilardecampoo.es/,wikidata_P856,1,
INE34010,municipality,34010,Ampudia,Castilla y León,Palencia,588,https://www.ampudia.org/,wikidata_P856,1,
INE08062,municipality,08062,Castellnou de Bages,Cataluña,Barcelona,1473,http://www.castellnoudebages.cat/,wikidata_P856,1,
INE08215,municipality,08215,Sant Hipòlit de Voltregà,Cataluña,Barcelona,3666,https://www.santhipolitdevoltrega.cat/,wikidata_P856,1,
INE17025,municipality,17025,Bordils,Cataluña,Girona,1841,http://www.bordils.cat/,wikidata_P856,1,
INE08269,municipality,08269,Seva,Cataluña,Barcelona,3808,https://www.seva.cat/,wikidata_P856,1,
INE02060,municipality,02060,Peñas de San Pedro,Castilla-La Mancha,Albacete,1488,http://www.peñasdesanpedro.es/,clm_directorio_entidades_locales,0,
INE31086,municipality,31086,Valle de Egüés/Eguesibar,"Navarra, Comunidad Foral de",Navarra,22825,http://www.valledeegues.com/,wikidata_P856,1,
INE46188,municipality,46188,Palmera,Comunitat Valenciana,València/Valencia,1038,http://www.palmera.es/,wikidata_P856,1,
INE18079,municipality,18079,Fuente Vaqueros,Andalucía,Granada,4743,http://www.fuente-vaqueros.com/,wikidata_P856,1,
INE30901,municipality,30901,Santomera,"Murcia, Región de",Murcia,16443,http://ayuntamientodesantomera.com/,wikidata_P856,1,
INE29903,municipality,29903,Montecorto,Andalucía,Málaga,585,http://www.montecorto.es/,wikidata_P856,1,
INE31902,municipality,31902,Berrioplano/Berriobeiti,"Navarra, Comunidad Foral de",Navarra,7645,http://www.berrioplano.es/,wikidata_P856,1,
INE18106,municipality,18106,Játar,Andalucía,Granada,631,http://www.villadejatar.es/,wikidata_P856,1,
INE14043,municipality,14043,Montoro,Andalucía,Córdoba,9004,http://www.montoro.es/,wikidata_P856,1,
INE28005,municipality,28005,Alcalá de Henares,"Madrid, Comunidad de",Madrid,203208,http://www.ayto-alcaladehenares.es/,wikidata_P856,1,
INE31143,municipality,31143,Larraona,"Navarra, Comunidad Foral de",Navarra,100,,,0,
INE48080,municipality,48080,Valle de Trápaga-Trapagaran,País Vasco,Bizkaia,11797,,,0,
INE28134,municipality,28134,San Sebastián de los Reyes,"Madrid, Comunidad de",Madrid,96992,http://www.ssreyes.org/,wikidata_P856,1,
INE30016,municipality,30016,Cartagena,"Murcia, Región de",Murcia,220704,http://www.cartagena.es/,wikidata_P856,1,
INE39075,municipality,39075,Santander,Cantabria,Cantabria,175425,https://www.santander.es/,wikidata_P856,1,
INE15036,municipality,15036,Ferrol,Galicia,"Coruña, A",64367,https://www.ferrol.gal/,wikidata_P856,1,
INE28006,municipality,28006,Alcobendas,"Madrid, Comunidad de",Madrid,123342,http://www.alcobendas.org/,wikidata_P856,1,
INE03065,municipality,03065,Elx/Elche,Comunitat Valenciana,Alacant/Alicante,245557,http://www.elche.es/,wikidata_P856,1,
INE10064,municipality,10064,Cilleros,Extremadura,Cáceres,1547,http://www.ayuntamientodecilleros.es/,wikidata_P856,1,
INE10902,municipality,10902,Vegaviana,Extremadura,Cáceres,837,http://www.aytovegaviana.es/,wikidata_P856,1,
INE33053,municipality,33053,Quirós,"Asturias, Principado de",Asturias,1142,http://www.quiros.es/,wikidata_P856,1,
INE27028,municipality,27028,Lugo,Galicia,Lugo,100143,http://concellodelugo.gal/,wikidata_P856,1,
INE41093,municipality,41093,Tomares,Andalucía,Sevilla,25432,http://www.tomares.es/,wikidata_P856,1,
INE04009,municipality,04009,Alcudia de Monteagud,Andalucía,Almería,115,http://www.alcudiademonteagud.es/,wikidata_P856,1,
INE35021,municipality,35021,Santa Brígida,Canarias,"Palmas, Las",18766,http://www.santabrigida.es/,wikidata_P856,1,
INE17092,municipality,17092,Llançà,Cataluña,Girona,4892,https://www.llanca.cat/,wikidata_P856,1,
INE06039,municipality,06039,"Coronada, La",Extremadura,Badajoz,2136,http://www.lacoronada.es/,wikidata_P856,1,
INE10180,municipality,10180,Talayuela,Extremadura,Cáceres,7439,http://talayuela.es/,wikidata_P856,1,
INE32044,municipality,32044,Manzaneda,Galicia,Ourense,767,http://www.concellodemanzaneda.es/,wikidata_P856,1,
INE32083,municipality,32083,"Veiga, A",Galicia,Ourense,873,https://www.aveiga.gal/,wikidata_P856,1,
INE48030,municipality,48030,Etxebarria,País Vasco,Bizkaia,791,http://www.etxebarria.biz/,wikidata_P856,1,
INE48084,municipality,48084,Sestao,País Vasco,Bizkaia,28512,http://www.sestao.eus/,wikidata_P856,1,
INE26168,municipality,26168,Villamediana de Iregua,"Rioja, La","Rioja, La",9263,http://www.villamedianadeiregua.net/,wikidata_P856,1,
INE03097,municipality,03097,Orba,Comunitat Valenciana,Alacant/Alicante,2399,http://www.orba.es/,wikidata_P856,2,
INE04055,municipality,04055,Instinción,Andalucía,Almería,507,http://www.instincion.es/,wikidata_P856,1,
INE09191,municipality,09191,Jurisdicción de Lara,Castilla y León,Burgos,39,http://www.jurisdicciondelara.es/,wikidata_P856,1,
INE11003,municipality,11003,Algar,Andalucía,Cádiz,1452,https://algar.es/,wikidata_P856,1,
INE16117,municipality,16117,Landete,Castilla-La Mancha,Cuenca,1175,http://landete.sedelectronica.es/,clm_directorio_entidades_locales,0,
INE41903,municipality,41903,"Cuervo de Sevilla, El",Andalucía,Sevilla,8783,http://www.elcuervodesevilla.es/,wikidata_P856,1,
INE43175,municipality,43175,Vilalba dels Arcs,Cataluña,Tarragona,611,http://www.vilalba.altanet.org/,wikidata_P856,1,
INE45149,municipality,45149,"Romeral, El",Castilla-La Mancha,Toledo,518,http://elromeral.localtic.net/,wikidata_P856,1,
INE47038,municipality,47038,Castrillo de Duero,Castilla y León,Valladolid,108,,,0,
INE20077,municipality,20077,Urretxu,País Vasco,Gipuzkoa,6730,http://www.urretxu.eus/,wikidata_P856,2,
INE41029,municipality,41029,Castilleja de la Cuesta,Andalucía,Sevilla,17074,http://www.castillejadelacuesta.es/,wikidata_P856,1,
INE14041,municipality,14041,Montemayor,Andalucía,Córdoba,3859,http://www.montemayor.es/,wikidata_P856,1,
INE44156,municipality,44156,Monteagudo del Castillo,Aragón,Teruel,43,,,0,
INE08015,municipality,08015,Badalona,Cataluña,Barcelona,231542,https://www.badalona.cat/,wikidata_P856,1,
INE08270,municipality,08270,Sitges,Cataluña,Barcelona,32609,http://www.sitges.cat/,wikidata_P856,1,
INE41063,municipality,41063,"Molares, Los",Andalucía,Sevilla,3659,http://www.losmolares.es/,wikidata_P856,1,
INE19143,municipality,19143,Horche,Castilla-La Mancha,Guadalajara,3119,http://www.horche.org/,clm_directorio_entidades_locales,0,
INE19300,municipality,19300,Valdeaveruelo,Castilla-La Mancha,Guadalajara,1317,http://www.valdeaveruelo.com/,clm_directorio_entidades_locales,0,
INE19088,municipality,19088,Ciruelas,Castilla-La Mancha,Guadalajara,136,https://aytociruelas.sedelectronica.es/,clm_directorio_entidades_locales,0,
INE44060,municipality,44060,Cañada de Benatanduz,Aragón,Teruel,40,http://www.canadadebenatanduz.es/,wikidata_P856,1,
INE44212,municipality,44212,Seno,Aragón,Teruel,39,,,0,
INE44231,municipality,44231,Torrijas,Aragón,Teruel,36,https://torrijas.es/,wikidata_P856,1,
INE48912,municipality,48912,Alonsotegi,País Vasco,Bizkaia,2991,http://www.alonsotegi.net/,wikidata_P856,1,
INE04082,municipality,04082,Senés,Andalucía,Almería,279,http://www.senes.es/,wikidata_P856,1,
INE41085,municipality,41085,Salteras,Andalucía,Sevilla,5604,http://salteras.es/,wikidata_P856,1,
INE39041,municipality,39041,Mazcuerras,Cantabria,Cantabria,2068,http://www.mazcuerras.com/,wikidata_P856,1,
INE39051,municipality,39051,Pesquera,Cantabria,Cantabria,72,http://www.ayuntamientodepesquera.es/,wikidata_P856,1,
INE39077,municipality,39077,Santiurde de Reinosa,Cantabria,Cantabria,254,,,0,
INE48001,municipality,48001,Abadiño,País Vasco,Bizkaia,7768,https://www.xn--abadio-0wa.org/,wikidata_P856,1,
INE48004,municipality,48004,Amoroto,País Vasco,Bizkaia,390,http://www.amoroto.net/,wikidata_P856,1,
INE48011,municipality,48011,Arrigorriaga,País Vasco,Bizkaia,11939,http://www.arrigorriaga.net/,wikidata_P856,1,
INE48018,municipality,48018,Berriatua,País Vasco,Bizkaia,1224,,,0,
INE48026,municipality,48026,Dima,País Vasco,Bizkaia,1531,,,0,
INE48031,municipality,48031,Elantxobe,País Vasco,Bizkaia,320,http://www.elantxobe.eu/,wikidata_P856,1,
INE48032,municipality,48032,Elorrio,País Vasco,Bizkaia,7277,http://www.elorrio.eus/,wikidata_P856,1,
INE48035,municipality,48035,Fruiz,País Vasco,Bizkaia,591,http://www.fruiz.net/,wikidata_P856,1,
INE48041,municipality,48041,Gautegiz Arteaga,País Vasco,Bizkaia,866,http://www.gautegizarteaga.com/,wikidata_P856,1,
INE48049,municipality,48049,Ispaster,País Vasco,Bizkaia,721,http://www.ispaster.net/,wikidata_P856,1,
INE48061,municipality,48061,Maruri-Jatabe,País Vasco,Bizkaia,1129,http://www.maruri-jatabe.net/,wikidata_P856,1,
INE48062,municipality,48062,Mendata,País Vasco,Bizkaia,382,,,0,
INE48065,municipality,48065,Ugao-Miraballes,País Vasco,Bizkaia,4213,http://www.ugao-miraballes.net/,wikidata_P856,1,
INE01004,municipality,01004,Artziniega,País Vasco,Araba/Álava,1868,http://www.artziniega.info/,wikidata_P856,1,
INE41011,municipality,41011,Arahal,Andalucía,Sevilla,19546,http://www.arahal.es/,wikidata_P856,1,
INE08026,municipality,08026,"Brull, El",Cataluña,Barcelona,296,http://www.elbrull.cat/,wikidata_P856,1,
INE08028,municipality,08028,Cabrera d'Anoia,Cataluña,Barcelona,1772,https://www.cabreradanoia.cat/,wikidata_P856,1,
INE08127,municipality,08127,Monistrol de Montserrat,Cataluña,Barcelona,3250,http://www.monistroldemontserrat.cat/,wikidata_P856,1,
INE08158,municipality,08158,"Papiol, El",Cataluña,Barcelona,4404,https://www.elpapiol.cat/,wikidata_P856,1,
INE08297,municipality,08297,Veciana,Cataluña,Barcelona,168,http://www.veciana.cat/,wikidata_P856,1,
INE08303,municipality,08303,Vilanova de Sau,Cataluña,Barcelona,325,https://www.vilanovadesau.cat/,wikidata_P856,1,
INE25087,municipality,25087,Esterri de Cardós,Cataluña,Lleida,63,http://esterricardos.ddl.net/,wikidata_P856,1,
INE41089,municipality,41089,Santiponce,Andalucía,Sevilla,8634,http://www.santiponce.es/,wikidata_P856,1,
INE25039,municipality,25039,Baix Pallars,Cataluña,Lleida,345,http://baixpallars.ddl.net/,wikidata_P856,1,
INE41007,municipality,41007,"Algaba, La",Andalucía,Sevilla,16803,http://www.laalgaba.es/,wikidata_P856,1,
INE41102,municipality,41102,"Viso del Alcor, El",Andalucía,Sevilla,19458,http://www.elvisodelalcor.org/,wikidata_P856,1,
INE39063,municipality,39063,Rionansa,Cantabria,Cantabria,1022,,,0,
INE14037,municipality,14037,Iznájar,Andalucía,Córdoba,3676,http://www.iznajar.es/,wikidata_P856,1,
INE08042,municipality,08042,Cànoves i Samalús,Cataluña,Barcelona,3399,http://www.canovesisamalus.cat/,wikidata_P856,1,
INE49171,municipality,49171,Quiruelas de Vidriales,Castilla y León,Zamora,615,http://www.aytoquiruelasv.es/,wikidata_P856,1,
INE04017,municipality,04017,Arboleas,Andalucía,Almería,4215,http://www.arboleas.org/,wikidata_P856,1,
INE25038,municipality,25038,Aitona,Cataluña,Lleida,2591,https://aitona.cat/,wikidata_P856,1,
INE03058,municipality,03058,Cox,Comunitat Valenciana,Alacant/Alicante,7722,http://www.cox.es/,wikidata_P856,1,
INE11025,municipality,11025,Paterna de Rivera,Andalucía,Cádiz,5539,http://www.paternaderivera.es/,wikidata_P856,1,
INE31098,municipality,31098,Esteribar,"Navarra, Comunidad Foral de",Navarra,2918,http://www.esteribar.org/,wikidata_P856,1,
INE02044,municipality,02044,Liétor,Castilla-La Mancha,Albacete,1052,http://www.lietor.es/,clm_directorio_entidades_locales,0,
INE04013,municipality,04013,Almería,Andalucía,Almería,205468,https://almeriaciudad.es/,wikidata_P856,1,
INE08169,municipality,08169,"Prat de Llobregat, El",Cataluña,Barcelona,66338,http://www.elprat.cat/,wikidata_P856,1,
INE43153,municipality,43153,Torredembarra,Cataluña,Tarragona,18237,http://www.torredembarra.cat/,wikidata_P856,1,
INE21030,municipality,21030,Chucena,Andalucía,Huelva,2306,http://www.chucena.es/,wikidata_P856,1,
INE04087,municipality,04087,Suflí,Andalucía,Almería,224,http://www.sufli.es/,wikidata_P856,1,
INE39001,municipality,39001,Alfoz de Lloredo,Cantabria,Cantabria,2500,http://www.alfozdelloredo.org/,wikidata_P856,1,
INE09109,municipality,09109,Condado de Treviño,Castilla y León,Burgos,1468,http://www.condadodetreviño.es/,wikidata_P856,1,
INE17047,municipality,17047,Castelló d'Empúries,Cataluña,Girona,12201,http://www.castello.cat/,wikidata_P856,1,
INE28123,municipality,28123,Rivas-Vaciamadrid,"Madrid, Comunidad de",Madrid,103148,https://www.rivasciudad.es/,wikidata_P856,1,
INE21035,municipality,21035,Gibraleón,Andalucía,Huelva,13261,http://www.gibraleon.com/,wikidata_P856,1,
INE24106,municipality,24106,Oseja de Sajambre,Castilla y León,León,214,http://www.aytoosejadesajambre.es/,wikidata_P856,1,
INE31120,municipality,31120,Guesálaz/Gesalatz,"Navarra, Comunidad Foral de",Navarra,462,,,0,
INE25118,municipality,25118,Juncosa,Cataluña,Lleida,377,http://juncosa.ddl.net/,wikidata_P856,1,
INE25134,municipality,25134,Menàrguens,Cataluña,Lleida,798,http://www.menarguens.cat/,wikidata_P856,1,
INE25141,municipality,25141,Montoliu de Segarra,Cataluña,Lleida,180,http://www.montoliusegarra.cat/,wikidata_P856,1,
INE25176,municipality,25176,Preixana,Cataluña,Lleida,401,https://www.preixana.cat/,wikidata_P856,1,
INE31234,municipality,31234,Ucar,"Navarra, Comunidad Foral de",Navarra,194,,,0,
INE25044,municipality,25044,Bassella,Cataluña,Lleida,216,http://bassella.ddl.net/,wikidata_P856,1,
INE41027,municipality,41027,Castilblanco de los Arroyos,Andalucía,Sevilla,5145,http://www.castilblancodelosarroyos.es/,wikidata_P856,1,
INE25046,municipality,25046,Belianes,Cataluña,Lleida,514,https://www.belianes.cat/,wikidata_P856,1,
INE04016,municipality,04016,Antas,Andalucía,Almería,3472,http://www.antas.es/,wikidata_P856,1,
INE11901,municipality,11901,Benalup-Casas Viejas,Andalucía,Cádiz,7236,http://www.benalupcasasviejas.es/,wikidata_P856,1,
INE41901,municipality,41901,Cañada Rosal,Andalucía,Sevilla,3481,http://www.canadarosal.es/,wikidata_P856,1,
INE08119,municipality,08119,Masquefa,Cataluña,Barcelona,10120,http://www.masquefa.cat/,wikidata_P856,1,
INE07064,municipality,07064,"Castell, Es","Balears, Illes",Illes Balears,7774,http://www.aj-escastell.org/,wikidata_P856,1,
INE25244,municipality,25244,Vilagrassa,Cataluña,Lleida,627,http://www.vilagrassa.cat/,wikidata_P856,1,
INE25905,municipality,25905,Ribera d'Ondara,Cataluña,Lleida,437,http://www.ajriberaondara.net/,wikidata_P856,1,
INE33045,municipality,33045,Parres,"Asturias, Principado de",Asturias,5150,http://www.ayto-parres.es/,wikidata_P856,1,
INE16116,municipality,16116,Lagunaseca,Castilla-La Mancha,Cuenca,50,,,0,
INE35026,municipality,35026,Telde,Canarias,"Palmas, Las",104168,https://www.telde.es/,wikidata_P856,1,
INE44067,municipality,44067,Castelnou,Aragón,Teruel,94,http://www.castelnou.es/,wikidata_P856,1,
INE44205,municipality,44205,Samper de Calanda,Aragón,Teruel,734,http://www.samperdecalanda.es/,wikidata_P856,1,
INE46110,municipality,46110,Xirivella,Comunitat Valenciana,València/Valencia,32093,http://www.xirivella.es/va,wikidata_P856,1,
INE39059,municipality,39059,Reinosa,Cantabria,Cantabria,8570,http://www.aytoreinosa.es/,wikidata_P856,1,
INE38001,municipality,38001,Adeje,Canarias,Santa Cruz de Tenerife,50021,http://www.adeje.es/,wikidata_P856,1,
INE34904,municipality,34904,"Pernía, La",Castilla y León,Palencia,297,http://www.lapernia.es/,wikidata_P856,1,
INE34215,municipality,34215,Villalcázar de Sirga,Castilla y León,Palencia,160,http://villalcazardesirga.dip-palencia.es/,wikidata_P856,1,
INE35005,municipality,35005,Artenara,Canarias,"Palmas, Las",1024,https://www.artenara.es/,wikidata_P856,1,
INE21061,municipality,21061,Rociana del Condado,Andalucía,Huelva,8024,http://www.rocianadelcondado.es/,wikidata_P856,1,
INE25058,municipality,25058,"Borges Blanques, Les",Cataluña,Lleida,6482,https://www.lesborgesblanques.cat/,wikidata_P856,1,
INE25074,municipality,25074,Ciutadilla,Cataluña,Lleida,186,http://www.ciutadilla.cat/,wikidata_P856,1,
INE25076,municipality,25076,"Cogul, El",Cataluña,Lleida,163,http://www.cogul.cat/,wikidata_P856,1,
INE25145,municipality,25145,Nalec,Cataluña,Lleida,91,http://www.nalec.cat/,wikidata_P856,1,
INE43146,municipality,43146,Senan,Cataluña,Tarragona,47,http://www.senan.cat/,wikidata_P856,1,
INE43143,municipality,43143,Savallà del Comtat,Cataluña,Tarragona,49,http://www.savalla.altanet.org/,wikidata_P856,1,
INE07032,municipality,07032,Maó,"Balears, Illes",Illes Balears,30666,http://www.ajmao.org/,wikidata_P856,1,
INE09194,municipality,09194,Lerma,Castilla y León,Burgos,2629,http://www.ayuntamientodelerma.es/,wikidata_P856,1,
INE11008,municipality,11008,"Barrios, Los",Andalucía,Cádiz,24449,http://www.losbarrios.es/,wikidata_P856,1,
INE19166,municipality,19166,Málaga del Fresno,Castilla-La Mancha,Guadalajara,187,http://www.malagadelfresno.es/,clm_directorio_entidades_locales,0,
INE19274,municipality,19274,Torija,Castilla-La Mancha,Guadalajara,1877,http://www.torija.com/,clm_directorio_entidades_locales,0,
INE34047,municipality,34047,Carrión de los Condes,Castilla y León,Palencia,1997,http://www.carriondeloscondes.es/,wikidata_P856,1,
INE39022,municipality,39022,Cillorigo de Liébana,Cantabria,Cantabria,1386,http://www.ayuntamientocillorigo.org/,wikidata_P856,1,
INE35003,municipality,35003,Antigua,Canarias,"Palmas, Las",14164,http://ayto-antigua.es/,wikidata_P856,1,
INE35014,municipality,35014,"Oliva, La",Canarias,"Palmas, Las",30022,http://www.laoliva.es/,wikidata_P856,1,
INE38002,municipality,38002,Agulo,Canarias,Santa Cruz de Tenerife,1078,http://eadmin.agulo.org/,wikidata_P856,1,
INE41056,municipality,41056,"Luisiana, La",Andalucía,Sevilla,4618,http://www.laluisiana.es/,wikidata_P856,1,
INE41088,municipality,41088,San Nicolás del Puerto,Andalucía,Sevilla,604,http://www.sannicolasdelpuerto.es/,wikidata_P856,1,
INE31221,municipality,31221,Doneztebe/Santesteban,"Navarra, Comunidad Foral de",Navarra,1854,http://www.doneztebe.eus/,wikidata_P856,1,
INE24901,municipality,24901,Villamanín,Castilla y León,León,863,http://www.ayuntamientovillamanin.com/,wikidata_P856,1,
INE36018,municipality,36018,Forcarei,Galicia,Pontevedra,3067,https://www.forcarei.gal/,wikidata_P856,1,
INE13010,municipality,13010,Alhambra,Castilla-La Mancha,Ciudad Real,946,http://alhambra.infomancha.com/,clm_directorio_entidades_locales,0,
INE14003,municipality,14003,Alcaracejos,Andalucía,Córdoba,1512,http://alcaracejos.es/,wikidata_P856,1,
INE16215,municipality,16215,Tragacete,Castilla-La Mancha,Cuenca,263,https://tragacete.sedelectronica.es/,clm_directorio_entidades_locales,0,
INE16245,municipality,16245,Villalba de la Sierra,Castilla-La Mancha,Cuenca,569,http://www.villalbadelasierra.org/,clm_directorio_entidades_locales,0,
INE16254,municipality,16254,Villar de Domingo García,Castilla-La Mancha,Cuenca,217,http://www.villardedomingogarcia.org/elvillar.org/,wikidata_P856,1,
INE29088,municipality,29088,Sierra de Yeguas,Andalucía,Málaga,3418,http://www.sierradeyeguas.com/,wikidata_P856,1,
INE04044,municipality,04044,Fines,Andalucía,Almería,2404,http://www.fines.es/,wikidata_P856,1,
INE13075,municipality,13075,San Lorenzo de Calatrava,Castilla-La Mancha,Ciudad Real,189,,,0,
INE31027,municipality,31027,Arbizu,"Navarra, Comunidad Foral de",Navarra,1107,,,0,
INE29023,municipality,29023,Benahavís,Andalucía,Málaga,9472,https://www.benahavis.es/,wikidata_P856,1,
INE14023,municipality,14023,Dos Torres,Andalucía,Córdoba,2340,http://dostorres.es/,wikidata_P856,1,
INE28032,municipality,28032,Camarma de Esteruelas,"Madrid, Comunidad de",Madrid,8331,https://camarmadeesteruelas.es/,wikidata_P856,1,
INE07001,municipality,07001,Alaró,"Balears, Illes",Illes Balears,6121,http://www.ajalaro.net/,wikidata_P856,1,
INE29097,municipality,29097,Villanueva del Trabuco,Andalucía,Málaga,5521,http://www.villanuevadeltrabuco.com/,wikidata_P856,1,
INE18192,municipality,18192,Zafarraya,Andalucía,Granada,2244,http://www.zafarraya.es/,wikidata_P856,1,
INE06060,municipality,06060,Guareña,Extremadura,Badajoz,6665,http://www.guarena.es/,wikidata_P856,1,
INE43131,municipality,43131,Roda de Berà,Cataluña,Tarragona,8260,http://web.rodadebera.cat/,wikidata_P856,1,
INE08301,municipality,08301,Viladecans,Cataluña,Barcelona,67587,http://www.viladecans.cat/,wikidata_P856,1,
INE41022,municipality,41022,"Campana, La",Andalucía,Sevilla,5122,http://www.lacampana.es/,wikidata_P856,1,
INE29051,municipality,29051,Estepona,Andalucía,Málaga,79621,http://www.estepona.es/,wikidata_P856,1,
INE44189,municipality,44189,Pozondón,Aragón,Teruel,53,https://www.pozondon.es/,wikidata_P856,1,
INE39013,municipality,39013,Cabezón de Liébana,Cantabria,Cantabria,530,http://www.cabezondeliebana.org/,wikidata_P856,1,
INE39068,municipality,39068,Ruiloba,Cantabria,Cantabria,769,http://aytoruiloba.es/,wikidata_P856,1,
INE50204,municipality,50204,Pedrola,Aragón,Zaragoza,3842,http://www.pedrola.es/,wikidata_P856,1,
INE12135,municipality,12135,Vila-real,Comunitat Valenciana,Castelló/Castellón,53623,https://www.vila-real.es/,wikidata_P856,1,
INE03109,municipality,03109,Rafal,Comunitat Valenciana,Alacant/Alicante,4849,http://www.rafal.es/,wikidata_P856,1,
INE23003,municipality,23003,Alcaudete,Andalucía,Jaén,10129,http://www.alcaudete.es/,wikidata_P856,1,
INE31250,municipality,31250,Bera,"Navarra, Comunidad Foral de",Navarra,3779,https://bera.eus/es/,wikidata_P856,1,
INE23041,municipality,23041,Higuera de Calatrava,Andalucía,Jaén,590,http://www.higueradecalatrava.es/,wikidata_P856,1,
INE16196,municipality,16196,Santa María de los Llanos,Castilla-La Mancha,Cuenca,660,https://www.santamariadelosllanos.com/,clm_directorio_entidades_locales,0,
INE21017,municipality,21017,Calañas,Andalucía,Huelva,2749,https://www.calanas.org/,wikidata_P856,1,
INE21023,municipality,21023,"Cerro de Andévalo, El",Andalucía,Huelva,2246,http://www.elcerrodeandevalo.es/,wikidata_P856,1,
INE22110,municipality,22110,Fonz,Aragón,Huesca,886,http://www.fonz.es/,wikidata_P856,1,
INE30029,municipality,30029,Mula,"Murcia, Región de",Murcia,17937,http://www.mula.es/,wikidata_P856,1,
INE25161,municipality,25161,Conca de Dalt,Cataluña,Lleida,438,https://www.concadalt.cat/,wikidata_P856,1,
INE36033,municipality,36033,Mos,Galicia,Pontevedra,15233,http://www.concellomos.es/,wikidata_P856,1,
INE39087,municipality,39087,Torrelavega,Cantabria,Cantabria,51796,http://www.torrelavega.es/,wikidata_P856,1,
INE46106,municipality,46106,Chelva,Comunitat Valenciana,València/Valencia,1863,http://www.chelva.es/,wikidata_P856,1,
INE17107,municipality,17107,Molló,Cataluña,Girona,351,https://www.mollo.cat/,wikidata_P856,1,
INE17125,municipality,17125,Pardines,Cataluña,Girona,168,https://pardines.cat/,wikidata_P856,1,
INE17139,municipality,17139,"Preses, Les",Cataluña,Girona,1948,http://www.lespreses.cat/,wikidata_P856,1,
INE17149,municipality,17149,Riudaura,Cataluña,Girona,526,https://riudaura.cat/,wikidata_P856,1,
INE17165,municipality,17165,Sant Jaume de Llierca,Cataluña,Girona,863,http://www.santjaumedellierca.cat/,wikidata_P856,1,
INE30001,municipality,30001,Abanilla,"Murcia, Región de",Murcia,6256,http://www.abanilla.es/,wikidata_P856,1,
INE39021,municipality,39021,Cieza,Cantabria,Cantabria,528,,,0,
INE30031,municipality,30031,Ojós,"Murcia, Región de",Murcia,548,http://www.ayuntamientodeojos.es/,wikidata_P856,1,
INE24011,municipality,24011,Barjas,Castilla y León,León,140,,,0,
INE13049,municipality,13049,Horcajo de los Montes,Castilla-La Mancha,Ciudad Real,798,http://aytohorcajodelosmontes.es/,clm_directorio_entidades_locales,0,
INE14011,municipality,14011,"Blázquez, Los",Andalucía,Córdoba,619,http://losblazquez.es/,wikidata_P856,1,
INE08108,municipality,08108,Lliçà de Vall,Cataluña,Barcelona,6903,https://llissadevall.cat/,wikidata_P856,1,
INE14064,municipality,14064,Valsequillo,Andalucía,Córdoba,351,http://valsequillo.es/,wikidata_P856,1,
INE14073,municipality,14073,Villaviciosa de Córdoba,Andalucía,Córdoba,3043,http://www.villaviciosadecordoba.es/,wikidata_P856,1,
INE05055,municipality,05055,Casillas,Castilla y León,Ávila,673,http://www.casillas.es/,wikidata_P856,1,
INE17208,municipality,17208,"Vall de Bianya, La",Cataluña,Girona,1347,https://www.valldebianya.cat/,wikidata_P856,1,
INE17233,municipality,17233,Vilobí d'Onyar,Cataluña,Girona,3297,https://vilobidonyar.cat/,wikidata_P856,1,
INE17117,municipality,17117,Palafrugell,Cataluña,Girona,24543,https://www.palafrugell.cat/,wikidata_P856,1,
INE39084,municipality,39084,Solórzano,Cantabria,Cantabria,1144,,,0,
INE43069,municipality,43069,Gratallops,Cataluña,Tarragona,226,http://www.gratallops.altanet.org/,wikidata_P856,1,
INE18158,municipality,18158,Pinos Puente,Andalucía,Granada,9807,https://www.pinos-puente.org/,wikidata_P856,1,
INE17020,municipality,17020,Bescanó,Cataluña,Girona,5088,http://www.bescano.cat/,wikidata_P856,1,
INE17039,municipality,17039,Camprodon,Cataluña,Girona,2570,https://www.camprodon.cat/,wikidata_P856,1,
INE17043,municipality,17043,Queralbs,Cataluña,Girona,202,https://www.ajqueralbs.cat/,wikidata_P856,1,
INE17071,municipality,17071,Fontcoberta,Cataluña,Girona,1483,http://www.fontcoberta.cat/,wikidata_P856,1,
INE17089,municipality,17089,Llagostera,Cataluña,Girona,9585,https://www.llagostera.cat/,wikidata_P856,1,
INE07036,municipality,07036,Marratxí,"Balears, Illes",Illes Balears,40422,https://marratxi.es/,wikidata_P856,1,
INE25123,municipality,25123,Lladorre,Cataluña,Lleida,246,https://ajuntament-lladorre.tavascan.net/,wikidata_P856,1,
INE43039,municipality,43039,Capafonts,Cataluña,Tarragona,101,http://www.capafonts.cat/,wikidata_P856,1,
INE43024,municipality,43024,Bellvei,Cataluña,Tarragona,2460,http://www.bellvei.cat/,wikidata_P856,1,
INE08030,municipality,08030,Cabrils,Cataluña,Barcelona,7765,http://www.cabrils.cat/,wikidata_P856,1,
INE25227,municipality,25227,"Torre de Cabdella, La",Cataluña,Lleida,758,http://www.torredecapdella.org/,wikidata_P856,1,
INE25142,municipality,25142,Montoliu de Lleida,Cataluña,Lleida,488,http://montoliulleida.ddl.net/,wikidata_P856,1,
INE25019,municipality,25019,Almacelles,Cataluña,Lleida,7018,http://www.almacelles.cat/,wikidata_P856,1,
INE25020,municipality,25020,Almatret,Cataluña,Lleida,292,https://almatret.cat/,wikidata_P856,1,
INE25023,municipality,25023,Alpicat,Cataluña,Lleida,6515,http://www.alpicat.cat/,wikidata_P856,1,
INE17171,municipality,17171,Sant Llorenç de la Muga,Cataluña,Girona,247,http://ca.santllorençdelamuga.cat/,wikidata_P856,1,
INE08260,municipality,08260,Santa Perpètua de Mogoda,Cataluña,Barcelona,26130,https://www.staperpetua.cat/,wikidata_P856,1,
INE43033,municipality,43033,Botarell,Cataluña,Tarragona,1161,http://www.botarell.cat/,wikidata_P856,1,
INE08184,municipality,08184,Rubí,Cataluña,Barcelona,82823,https://rubi.cat/,wikidata_P856,1,
INE08136,municipality,08136,Montornès del Vallès,Cataluña,Barcelona,17102,https://www.montornes.cat/,wikidata_P856,1,
INE43157,municipality,43157,Ulldemolins,Cataluña,Tarragona,389,http://www.ulldemolins.cat/,wikidata_P856,1,
INE08245,municipality,08245,Santa Coloma de Gramenet,Cataluña,Barcelona,123981,http://www.gramenet.cat/,wikidata_P856,1,
INE43071,municipality,43071,Horta de Sant Joan,Cataluña,Tarragona,1150,http://www.hortadesantjoan.cat/,wikidata_P856,1,
INE43167,municipality,43167,Vilanova d'Escornalbou,Cataluña,Tarragona,614,http://www.vescornalbou.altanet.org/,wikidata_P856,1,
INE43041,municipality,43041,Caseres,Cataluña,Tarragona,250,http://www.caseres.altanet.org/,wikidata_P856,1,
INE43093,municipality,43093,Móra d'Ebre,Cataluña,Tarragona,5811,http://www.moradebre.cat/,wikidata_P856,1,
INE43178,municipality,43178,Vinyols i els Arcs,Cataluña,Tarragona,2450,http://www.vinyols.altanet.org/,wikidata_P856,1,
INE43128,municipality,43128,Riudecols,Cataluña,Tarragona,1264,http://www.riudecols.altanet.org/,wikidata_P856,1,
INE25059,municipality,25059,Bossòst,Cataluña,Lleida,1189,https://www.bossost.es/,wikidata_P856,1,
INE31205,municipality,31205,Pitillas,"Navarra, Comunidad Foral de",Navarra,520,http://www.animsa.es/navarra/pitillas,wikidata_P856,1,
INE30008,municipality,30008,Alhama de Murcia,"Murcia, Región de",Murcia,24163,http://www.alhamademurcia.es/,wikidata_P856,1,
INE23035,municipality,23035,Fuerte del Rey,Andalucía,Jaén,1348,http://www.fuertedelrey.es/,wikidata_P856,1,
INE26057,municipality,26057,Daroca de Rioja,"Rioja, La","Rioja, La",63,,,0,
INE02005,municipality,02005,Alborea,Castilla-La Mancha,Albacete,672,http://www.alborea.es/,clm_directorio_entidades_locales,0,
INE02009,municipality,02009,Almansa,Castilla-La Mancha,Albacete,24615,http://www.almansa.es/,clm_directorio_entidades_locales,0,
INE29035,municipality,29035,Cañete la Real,Andalucía,Málaga,1569,http://www.canetelareal.es/,wikidata_P856,1,
INE29094,municipality,29094,Vélez-Málaga,Andalucía,Málaga,86048,https://www.velezmalaga.es/,wikidata_P856,1,
INE29089,municipality,29089,Teba,Andalucía,Málaga,3708,http://www.teba.es/,wikidata_P856,1,
INE21060,municipality,21060,Punta Umbría,Andalucía,Huelva,16281,http://www.ayto-puntaumbria.es/,wikidata_P856,1,
INE21021,municipality,21021,Cartaya,Andalucía,Huelva,21471,http://www.cartaya.es/,wikidata_P856,1,
INE44246,municipality,44246,Valderrobres,Aragón,Teruel,2555,http://www.valderrobres.es/,wikidata_P856,1,
INE44037,municipality,44037,Beceite,Aragón,Teruel,572,http://www.beceite.es/,wikidata_P856,1,
INE14035,municipality,14035,Hinojosa del Duque,Andalucía,Córdoba,6534,http://www.hinojosadelduque.es/,wikidata_P856,1,
INE17146,municipality,17146,Riells i Viabrea,Cataluña,Girona,4635,https://riellsiviabrea.cat/,wikidata_P856,1,
INE13009,municipality,13009,Aldea del Rey,Castilla-La Mancha,Ciudad Real,1565,http://www.aldeadelrey.es/,clm_directorio_entidades_locales,0,
INE12081,municipality,12081,Navajas,Comunitat Valenciana,Castelló/Castellón,906,http://www.navajas.es/,wikidata_P856,1,
INE12033,municipality,12033,Cabanes,Comunitat Valenciana,Castelló/Castellón,3475,http://www.cabanes.es/,wikidata_P856,1,
INE12012,municipality,12012,Altura,Comunitat Valenciana,Castelló/Castellón,3849,http://www.altura.es/ca,wikidata_P856,1,
INE10197,municipality,10197,Valdecañas de Tajo,Extremadura,Cáceres,96,,,0,
INE25245,municipality,25245,Vilaller,Cataluña,Lleida,496,http://www.ajuntamentdevilaller.cat/,wikidata_P856,1,
INE25112,municipality,25112,Ivars de Noguera,Cataluña,Lleida,317,http://ivarsnoguera.ddl.net/,wikidata_P856,1,
INE46082,municipality,46082,Canet d'En Berenguer,Comunitat Valenciana,València/Valencia,8297,http://www.canetdenberenguer.es/,wikidata_P856,1,
INE46204,municipality,46204,"Puig de Santa Maria, el",Comunitat Valenciana,València/Valencia,9490,http://www.elpuig.es/va,wikidata_P856,1,
INE22075,municipality,22075,Camporrélls,Aragón,Huesca,153,,,0,
INE29054,municipality,29054,Fuengirola,Andalucía,Málaga,85211,http://www.fuengirola.es/,wikidata_P856,1,
INE28036,municipality,28036,Casarrubuelos,"Madrid, Comunidad de",Madrid,4323,https://casarrubuelos.es/,wikidata_P856,1,
INE17187,municipality,17187,"Saus, Camallera i Llampaies",Cataluña,Girona,897,http://ca.ajuntamentdesaus.com/,wikidata_P856,1,
INE17076,municipality,17076,Garrigoles,Cataluña,Girona,182,http://www.garrigoles.cat/,wikidata_P856,1,
INE17075,municipality,17075,Garrigàs,Cataluña,Girona,480,http://www.garrigas.cat/,wikidata_P856,1,
INE39026,municipality,39026,Corvera de Toranzo,Cantabria,Cantabria,2204,,,0,
INE31052,municipality,31052,Belascoáin,"Navarra, Comunidad Foral de",Navarra,124,,,0,
INE33049,municipality,33049,Piloña,"Asturias, Principado de",Asturias,6716,http://www.ayto-pilona.es/,wikidata_P856,1,
INE02086,municipality,02086,Yeste,Castilla-La Mancha,Albacete,2471,http://www.yeste.com/,clm_directorio_entidades_locales,0,
INE31112,municipality,31112,Garaioa,"Navarra, Comunidad Foral de",Navarra,92,http://www.garaioa.es/,wikidata_P856,1,
INE31150,municipality,31150,Leoz/Leotz,"Navarra, Comunidad Foral de",Navarra,202,http://www.leoz.es/,wikidata_P856,1,
INE24110,municipality,24110,Páramo del Sil,Castilla y León,León,1141,https://paramodelsil.es/,wikidata_P856,1,
INE31097,municipality,31097,Estella-Lizarra,"Navarra, Comunidad Foral de",Navarra,14317,https://www.estella-lizarra.com/,wikidata_P856,1,
INE37352,municipality,37352,Villagonzalo de Tormes,Castilla y León,Salamanca,212,,,0,
INE37008,municipality,37008,Alba de Tormes,Castilla y León,Salamanca,5099,http://www.villaalbadetormes.com/,wikidata_P856,1,
INE05054,municipality,05054,Casavieja,Castilla y León,Ávila,1362,http://www.casavieja.es/,wikidata_P856,1,
INE48074,municipality,48074,Urduña/Orduña,País Vasco,Bizkaia,4247,http://www.urduna.com/,wikidata_P856,1,
INE50252,municipality,50252,Tauste,Aragón,Zaragoza,6838,http://www.tauste.org/,wikidata_P856,1,
INE50045,municipality,50045,Belchite,Aragón,Zaragoza,1495,http://www.belchite.es/,wikidata_P856,1,
INE50030,municipality,50030,Añón de Moncayo,Aragón,Zaragoza,207,http://www.añondemoncayo.es/,wikidata_P856,1,
INE27054,municipality,27054,Riotorto,Galicia,Lugo,1182,http://concelloderiotorto.gal/,wikidata_P856,1,
INE17128,municipality,17128,Pau,Cataluña,Girona,560,http://www.pau.cat/,wikidata_P856,1,
INE43013,municipality,43013,"Ametlla de Mar, L'",Cataluña,Tarragona,7446,https://ametllamar.cat/,wikidata_P856,1,
INE17151,municipality,17151,Riumors,Cataluña,Girona,253,http://www.ddgi.cat/riumors/,wikidata_P856,1,
INE34098,municipality,34098,Magaz de Pisuerga,Castilla y León,Palencia,1065,http://magaz.dip-palencia.es/ppal/,wikidata_P856,1,
INE42034,municipality,42034,Beratón,Castilla y León,Soria,38,http://www.beraton.com/,wikidata_P856,2,
INE09347,municipality,09347,Santa Gadea del Cid,Castilla y León,Burgos,180,http://www.santagadeadelcid.es/,wikidata_P856,1,
INE31029,municipality,31029,"Arcos, Los","Navarra, Comunidad Foral de",Navarra,1177,http://www.losarcos.es/es/,wikidata_P856,1,
INE31130,municipality,31130,Iturmendi,"Navarra, Comunidad Foral de",Navarra,428,,,0,
INE09219,municipality,09219,Miranda de Ebro,Castilla y León,Burgos,36622,https://www.mirandadeebro.es/,wikidata_P856,1,
INE09054,municipality,09054,Bozoó,Castilla y León,Burgos,101,https://www.bozoo.es/,wikidata_P856,1,
INE01902,municipality,01902,Lantarón,País Vasco,Araba/Álava,929,http://www.lantaron.org/,wikidata_P856,1,
INE22051,municipality,22051,Bárcabo,Aragón,Huesca,116,http://www.barcabo.es/,wikidata_P856,1,
INE11031,municipality,11031,San Fernando,Andalucía,Cádiz,93338,http://www.sanfernando.es/,wikidata_P856,1,
INE46170,municipality,46170,Moixent/Mogente,Comunitat Valenciana,València/Valencia,4401,http://www.moixent.es/va,wikidata_P856,1,
INE50144,municipality,50144,Longás,Aragón,Zaragoza,45,http://longas.ya.st/,wikidata_P856,1,
INE19230,municipality,19230,Quer,Castilla-La Mancha,Guadalajara,1080,http://www.ayuntamitenodequer.es/,clm_directorio_entidades_locales,0,
INE31204,municipality,31204,Piedramillera,"Navarra, Comunidad Foral de",Navarra,46,,,0,
INE09276,municipality,09276,"Puebla de Arganzón, La",Castilla y León,Burgos,565,http://www.lapuebladearganzon.net/,wikidata_P856,1,
INE27007,municipality,27007,Begonte,Galicia,Lugo,2886,http://www.concellobegonte.es/,wikidata_P856,1,
INE27015,municipality,27015,Cospeito,Galicia,Lugo,4172,http://concellodecospeito.es/,wikidata_P856,1,
INE27065,municipality,27065,Vilalba,Galicia,Lugo,13852,https://www.vilalba.gal/,wikidata_P856,1,
INE22015,municipality,22015,Alcalá del Obispo,Aragón,Huesca,394,http://www.alcaladelobispo.es/,wikidata_P856,1,
INE26142,municipality,26142,San Vicente de la Sonsierra,"Rioja, La","Rioja, La",1054,http://www.sanvicentedelasonsierra.org/,wikidata_P856,1,
INE31093,municipality,31093,Ezcároz/Ezkaroze,"Navarra, Comunidad Foral de",Navarra,298,,,0,
INE01901,municipality,01901,Iruña Oka/Iruña de Oca,País Vasco,Araba/Álava,3704,http://www.irunadeoca.com/,wikidata_P856,1,
INE25031,municipality,25031,Arres,Cataluña,Lleida,58,http://www.arres.cat/,wikidata_P856,1,
INE39050,municipality,39050,Pesaguero,Cantabria,Cantabria,275,,,0,
INE09463,municipality,09463,Villasur de Herreros,Castilla y León,Burgos,269,http://www.villasur.org/,wikidata_P856,1,
INE25221,municipality,25221,Tírvia,Cataluña,Lleida,141,http://tirvia.ddl.net/,wikidata_P856,1,
INE33066,municipality,33066,Siero,"Asturias, Principado de",Asturias,53049,http://www.ayto-siero.es/,wikidata_P856,1,
INE17164,municipality,17164,Sant Hilari Sacalm,Cataluña,Girona,6069,http://www.santhilari.cat/,wikidata_P856,1,
INE43151,municipality,43151,"Torre de Fontaubella, La",Cataluña,Tarragona,124,http://www.torredefontaubella.altanet.org/,wikidata_P856,1,
INE27059,municipality,27059,Sober,Galicia,Lugo,2090,http://www.concellodesober.com/,wikidata_P856,1,
INE10034,municipality,10034,Cabezabellosa,Extremadura,Cáceres,317,,,0,
INE13013,municipality,13013,Almagro,Castilla-La Mancha,Ciudad Real,9190,http://www.almagro.es/,clm_directorio_entidades_locales,0,
INE13083,municipality,13083,Torralba de Calatrava,Castilla-La Mancha,Ciudad Real,3068,http://www.torralbadecalatrava.es/,clm_directorio_entidades_locales,0,
INE25904,municipality,25904,Castell de Mur,Cataluña,Lleida,159,http://www.castellmur.cat/,wikidata_P856,1,
INE31103,municipality,31103,Ezprogui,"Navarra, Comunidad Foral de",Navarra,48,,,0,
INE18140,municipality,18140,Motril,Andalucía,Granada,59862,http://www.motril.es/,wikidata_P856,1,
INE45175,municipality,45175,Turleque,Castilla-La Mancha,Toledo,702,http://www.turleque.org/,wikidata_P856,1,
INE05182,municipality,05182,Pedro Bernardo,Castilla y León,Ávila,743,http://www.pedrobernardo.es/,wikidata_P856,1,
INE45128,municipality,45128,Pantoja,Castilla-La Mancha,Toledo,3536,http://www.aytopantoja.es/,clm_directorio_entidades_locales,0,
INE01054,municipality,01054,Urkabustaiz,País Vasco,Araba/Álava,1470,http://www.cuadrillazuia.com/pueblos/urkabustaiz,wikidata_P856,1,
INE41065,municipality,41065,Morón de la Frontera,Andalucía,Sevilla,27210,http://www.morondelafrontera.es/,wikidata_P856,1,
INE08902,municipality,08902,Vilanova del Vallès,Cataluña,Barcelona,5693,https://www.vilanovadelvalles.cat/,wikidata_P856,1,
INE46243,municipality,46243,Torrella,Comunitat Valenciana,València/Valencia,151,http://www.torrella.es/,wikidata_P856,1,
INE31239,municipality,31239,Urdazubi/Urdax,"Navarra, Comunidad Foral de",Navarra,354,http://www.urdax.es/,wikidata_P856,1,
INE08093,municipality,08093,Gisclareny,Cataluña,Barcelona,28,http://www.gisclareny.cat/,wikidata_P856,1,
INE31904,municipality,31904,Irurtzun,"Navarra, Comunidad Foral de",Navarra,2296,http://www.irurtzun.eus/,wikidata_P856,1,
INE43141,municipality,43141,Pontils,Cataluña,Tarragona,124,http://www.pontils.altanet.org/,wikidata_P856,1,
INE41077,municipality,41077,"Puebla de Cazalla, La",Andalucía,Sevilla,10830,http://www.pueblacazalla.org/,wikidata_P856,1,
INE48056,municipality,48056,Lemoiz,País Vasco,Bizkaia,1347,http://www.lemoiz.eu/,wikidata_P856,1,
INE10111,municipality,10111,Madrigal de la Vera,Extremadura,Cáceres,1536,http://www.madrigaldelavera.es/,wikidata_P856,1,
INE46162,municipality,46162,Massalavés,Comunitat Valenciana,València/Valencia,1905,https://massalaves.es/,wikidata_P856,1,
INE20009,municipality,20009,Andoain,País Vasco,Gipuzkoa,14517,http://www.andoain.eus/,wikidata_P856,1,
INE45032,municipality,45032,Camarenilla,Castilla-La Mancha,Toledo,606,http://www.aytocamarenilla.org/,clm_directorio_entidades_locales,0,
INE16007,municipality,16007,"Alberca de Záncara, La",Castilla-La Mancha,Cuenca,1504,,,0,
INE03112,municipality,03112,Relleu,Comunitat Valenciana,Alacant/Alicante,1375,http://www.relleu.es/,wikidata_P856,1,
INE08128,municipality,08128,Monistrol de Calders,Cataluña,Barcelona,764,http://www.monistroldecalders.cat/,wikidata_P856,1,
INE31181,municipality,31181,Navascués/Nabaskoze,"Navarra, Comunidad Foral de",Navarra,114,http://www.ayuntamientodenavascues.net/,wikidata_P856,1,
INE08132,municipality,08132,Montmajor,Cataluña,Barcelona,473,https://www.montmajor.cat/,wikidata_P856,1,
INE06126,municipality,06126,Solana de los Barros,Extremadura,Badajoz,2522,http://www.solanadelosbarros.es/,wikidata_P856,1,
INE31182,municipality,31182,Nazar,"Navarra, Comunidad Foral de",Navarra,40,,,0,
INE44179,municipality,44179,Peñarroya de Tastavins,Aragón,Teruel,467,https://www.peñarroyadetastavins.es/,wikidata_P856,1,
INE44126,municipality,44126,"Iglesuela del Cid, La",Aragón,Teruel,357,https://www.laiglesueladelcid.es/,wikidata_P856,1,
INE08101,municipality,08101,"Hospitalet de Llobregat, L'",Cataluña,Barcelona,289510,http://l-h.cat/,wikidata_P856,1,
INE46156,municipality,46156,Llombai,Comunitat Valenciana,València/Valencia,2791,http://www.llombai.es/,wikidata_P856,1,
INE13035,municipality,13035,Corral de Calatrava,Castilla-La Mancha,Ciudad Real,1154,http://www.corraldecalatrava.es/,clm_directorio_entidades_locales,0,
INE23095,municipality,23095,Villacarrillo,Andalucía,Jaén,10342,https://www.villacarrillo.es/,wikidata_P856,1,
INE31192,municipality,31192,Olóriz/Oloritz,"Navarra, Comunidad Foral de",Navarra,210,,,0,
INE12133,municipality,12133,Villanueva de Viver,Comunitat Valenciana,Castelló/Castellón,94,http://www.villanuevadeviver.es/ca,wikidata_P856,1,
INE12115,municipality,12115,"Toro, El",Comunitat Valenciana,Castelló/Castellón,256,http://www.eltoro.es/ca,wikidata_P856,1,
INE46135,municipality,46135,Godella,Comunitat Valenciana,València/Valencia,13533,http://www.godella.es/,wikidata_P856,1,
INE46216,municipality,46216,Rocafort,Comunitat Valenciana,València/Valencia,7751,http://www.rocafort.es/,wikidata_P856,1,
INE28010,municipality,28010,Alpedrete,"Madrid, Comunidad de",Madrid,15686,http://www.alpedrete.es/,wikidata_P856,1,
INE16279,municipality,16279,Zarza de Tajo,Castilla-La Mancha,Cuenca,320,,,0,
INE28040,municipality,28040,Ciempozuelos,"Madrid, Comunidad de",Madrid,26350,http://www.ayto-ciempozuelos.org/,wikidata_P856,1,
INE08191,municipality,08191,Sallent,Cataluña,Barcelona,7030,http://www.sallent.cat/,wikidata_P856,1,
INE03123,municipality,03123,Sax,Comunitat Valenciana,Alacant/Alicante,10346,http://www.sax.es/,wikidata_P856,1,
INE18123,municipality,18123,Lugros,Andalucía,Granada,306,http://www.lugros.es/,wikidata_P856,1,
INE04064,municipality,04064,Mojácar,Andalucía,Almería,7680,http://www.mojacar.es/,wikidata_P856,1,
INE18157,municipality,18157,Pinos Genil,Andalucía,Granada,1642,http://www.pinosgenil.es/,wikidata_P856,1,
INE21055,municipality,21055,Palos de la Frontera,Andalucía,Huelva,12938,http://www.palosfrontera.com/,wikidata_P856,1,
INE31082,municipality,31082,Etxalar,"Navarra, Comunidad Foral de",Navarra,807,http://etxalar.eus/es/index_e.htm,wikidata_P856,1,
INE19142,municipality,19142,Hontoba,Castilla-La Mancha,Guadalajara,475,http://www.hontoba.es/,clm_directorio_entidades_locales,0,
INE03029,municipality,03029,Benigembla,Comunitat Valenciana,Alacant/Alicante,590,http://www.benigembla.es/,wikidata_P856,1,
INE33046,municipality,33046,Peñamellera Alta,"Asturias, Principado de",Asturias,500,https://www.aytopenamelleraalta.es/,wikidata_P856,1,
INE12101,municipality,12101,San Rafael del Río,Comunitat Valenciana,Castelló/Castellón,532,http://www.sanrafaeldelrio.es/,wikidata_P856,1,
INE18117,municipality,18117,Lanteira,Andalucía,Granada,533,http://www.lanteira.es/,wikidata_P856,1,
INE18101,municipality,18101,Huétor Vega,Andalucía,Granada,12285,http://www.huetorvega.com/,wikidata_P856,1,
INE25146,municipality,25146,Navès,Cataluña,Lleida,292,http://www.naves.cat/,wikidata_P856,1,
INE17006,municipality,17006,Alp,Cataluña,Girona,1724,http://www.alp.cat/,wikidata_P856,1,
INE18183,municipality,18183,Válor,Andalucía,Granada,658,http://www.ayuntamientodevalor.es/,wikidata_P856,1,
INE29019,municipality,29019,Arenas,Andalucía,Málaga,1291,http://www.arenas.es/,wikidata_P856,1,
INE31176,municipality,31176,Murchante,"Navarra, Comunidad Foral de",Navarra,4230,http://www.murchante.com/,wikidata_P856,1,
INE29085,municipality,29085,Salares,Andalucía,Málaga,194,http://www.salares.es/,wikidata_P856,1,
INE31009,municipality,31009,Aibar/Oibar,"Navarra, Comunidad Foral de",Navarra,754,http://www.aibar.org/,wikidata_P856,1,
INE19290,municipality,19290,Trijueque,Castilla-La Mancha,Guadalajara,1737,http://www.trijueque.es/,clm_directorio_entidades_locales,0,
INE31210,municipality,31210,Roncal/Erronkari,"Navarra, Comunidad Foral de",Navarra,206,,,0,
INE31023,municipality,31023,Aranguren,"Navarra, Comunidad Foral de",Navarra,13216,https://www.aranguren.es/,wikidata_P856,1,
INE39006,municipality,39006,Arnuero,Cantabria,Cantabria,2300,http://www.ayuntamientodearnuero.com/,wikidata_P856,1,
INE15025,municipality,15025,Cerdido,Galicia,"Coruña, A",1006,http://www.cerdido.org/,wikidata_P856,1,
INE19285,municipality,19285,Torrubia,Castilla-La Mancha,Guadalajara,28,,,0,
INE34202,municipality,34202,Villabasta de Valdavia,Castilla y León,Palencia,33,http://www.villabasta.es/,wikidata_P856,1,
INE16052,municipality,16052,Cañete,Castilla-La Mancha,Cuenca,877,http://www.villadecanete.com/,clm_directorio_entidades_locales,0,
INE22213,municipality,22213,Sariñena,Aragón,Huesca,4113,http://www.staragon.com/sarinena/default.html,wikidata_P856,1,
INE24226,municipality,24226,Villaselán,Castilla y León,León,180,http://www.aytovillaselan.es/,wikidata_P856,1,
INE44103,municipality,44103,Formiche Alto,Aragón,Teruel,156,,,0,
INE47082,municipality,47082,Matapozuelos,Castilla y León,Valladolid,977,,,0,
INE18163,municipality,18163,Pórtugos,Andalucía,Granada,372,http://portugos.es/,wikidata_P856,1,
INE24056,municipality,24056,Cistierna,Castilla y León,León,2857,http://www.cistierna.es/,wikidata_P856,1,
INE37033,municipality,37033,Arcediano,Castilla y León,Salamanca,89,,,0,
INE18174,municipality,18174,Santa Cruz del Comercio,Andalucía,Granada,523,http://www.santacruzdelcomercio.es/,wikidata_P856,1,
INE22222,municipality,22222,Siétamo,Aragón,Huesca,697,http://www.sietamo.com/,wikidata_P856,1,
INE47196,municipality,47196,Villabaruz de Campos,Castilla y León,Valladolid,31,,,0,
INE05065,municipality,05065,Crespos,Castilla y León,Ávila,463,http://www.crespos.es/,wikidata_P856,1,
INE32020,municipality,32020,Cartelle,Galicia,Ourense,2466,,,0,
INE45140,municipality,45140,Pulgar,Castilla-La Mancha,Toledo,1608,https://www.ayuntamientopulgar.es/,clm_directorio_entidades_locales,0,
INE19046,municipality,19046,Azuqueca de Henares,Castilla-La Mancha,Guadalajara,35924,http://www.azuqueca.es/,clm_directorio_entidades_locales,0,
INE34185,municipality,34185,Triollo,Castilla y León,Palencia,73,,,0,
INE15034,municipality,15034,Dumbría,Galicia,"Coruña, A",2716,,,0,
INE01053,municipality,01053,San Millán/Donemiliaga,País Vasco,Araba/Álava,701,,,0,
INE50243,municipality,50243,Sestrica,Aragón,Zaragoza,329,http://www.sestrica.es/,wikidata_P856,1,
INE22215,municipality,22215,Seira,Aragón,Huesca,149,http://www.seira.es/,wikidata_P856,1,
INE37314,municipality,37314,Tabera de Abajo,Castilla y León,Salamanca,97,,,0,
INE05191,municipality,05191,Pradosegar,Castilla y León,Ávila,109,http://www.pradosegar.es/,wikidata_P856,1,
INE19193,municipality,19193,Montarrón,Castilla-La Mancha,Guadalajara,31,,,0,
INE34092,municipality,34092,Lantadilla,Castilla y León,Palencia,277,http://lantadilla.es/,wikidata_P856,1,
INE41050,municipality,41050,Herrera,Andalucía,Sevilla,6575,http://www.herrera.es/,wikidata_P856,1,
INE47002,municipality,47002,Aguasal,Castilla y León,Valladolid,18,,,0,
INE12127,municipality,12127,Vallibona,Comunitat Valenciana,Castelló/Castellón,63,http://www.vallibona.es/,wikidata_P856,1,
INE09208,municipality,09208,Mecerreyes,Castilla y León,Burgos,176,http://www.mecerreyes.es/,wikidata_P856,1,
INE09446,municipality,09446,Villamedianilla,Castilla y León,Burgos,9,http://www.villamedianilla.es/,wikidata_P856,1,
INE22203,municipality,22203,Salillas,Aragón,Huesca,94,http://www.salillas.es/,wikidata_P856,1,
INE34124,municipality,34124,Payo de Ojeda,Castilla y León,Palencia,59,,,0,
INE22217,municipality,22217,Sena,Aragón,Huesca,490,http://www.sena.es/,wikidata_P856,1,
INE16094,municipality,16094,Gascueña,Castilla-La Mancha,Cuenca,132,,,0,
INE36002,municipality,36002,Barro,Galicia,Pontevedra,3674,http://www.barro.es/,wikidata_P856,1,
INE44199,municipality,44199,Rubiales,Aragón,Teruel,43,,,0,
INE20031,municipality,20031,Elduain,País Vasco,Gipuzkoa,248,http://www.elduain.eus/,wikidata_P856,1,
INE16187,municipality,16187,Salinas del Manzano,Castilla-La Mancha,Cuenca,86,,,0,
INE34175,municipality,34175,"Serna, La",Castilla y León,Palencia,90,http://laserna.dip-palencia.es/index.php,wikidata_P856,1,
INE44046,municipality,44046,Bueña,Aragón,Teruel,65,http://www.buena.es/,wikidata_P856,1,
INE22025,municipality,22025,Altorricón,Aragón,Huesca,1504,http://www.altorricon.org/,wikidata_P856,1,
INE44074,municipality,44074,Cedrillas,Aragón,Teruel,652,https://www.cedrillas.es/,wikidata_P856,1,
INE09407,municipality,09407,Valmala,Castilla y León,Burgos,24,http://www.valmala.es/,wikidata_P856,1,
INE15006,municipality,15006,Arzúa,Galicia,"Coruña, A",5916,http://www.concellodearzua.org/,wikidata_P856,1,
INE05177,municipality,05177,Pajares de Adaja,Castilla y León,Ávila,123,http://www.pajaresdeadaja.es/,wikidata_P856,1,
INE25008,municipality,25008,Albesa,Cataluña,Lleida,1584,https://www.albesa.cat/,wikidata_P856,1,
INE22019,municipality,22019,Alerre,Aragón,Huesca,224,http://www.alerre.es/,wikidata_P856,1,
INE28012,municipality,28012,Anchuelo,"Madrid, Comunidad de",Madrid,1414,https://aytoanchuelo.com/,wikidata_P856,1,
INE43139,municipality,43139,Santa Coloma de Queralt,Cataluña,Tarragona,2795,http://scq.cat/,wikidata_P856,1,
INE10183,municipality,10183,Tornavacas,Extremadura,Cáceres,989,http://www.tornavacas.es/,wikidata_P856,1,
INE03003,municipality,03003,Agres,Comunitat Valenciana,Alacant/Alicante,623,https://www.agres.es/,wikidata_P856,1,
INE46160,municipality,46160,Manuel,Comunitat Valenciana,València/Valencia,2560,http://www.manuel.es/,wikidata_P856,1,
INE40072,municipality,40072,Encinillas,Castilla y León,Segovia,358,https://www.encinillas.es/,wikidata_P856,1,
INE50095,municipality,50095,Ejea de los Caballeros,Aragón,Zaragoza,17129,http://www.ejea.es/,wikidata_P856,1,
INE21005,municipality,21005,Almonte,Andalucía,Huelva,24864,http://www.almonte.es/,wikidata_P856,1,
INE36050,municipality,36050,Salvaterra de Miño,Galicia,Pontevedra,10617,http://www.concellodesalvaterra.org/,wikidata_P856,1,
INE44031,municipality,44031,Azaila,Aragón,Teruel,94,http://www.azaila.es/,wikidata_P856,1,
INE18151,municipality,18151,Pampaneira,Andalucía,Granada,312,http://pampaneira.es/,wikidata_P856,1,
INE02065,municipality,02065,Pozuelo,Castilla-La Mancha,Albacete,455,http://www.pozuelo.es/,clm_directorio_entidades_locales,0,
INE24136,municipality,24136,Roperuelos del Páramo,Castilla y León,León,502,https://www.aytoroperuelosdelparamo.es/,wikidata_P856,1,
INE10167,municipality,10167,Santa Cruz de Paniagua,Extremadura,Cáceres,286,,,0,
INE18144,municipality,18144,Nívar,Andalucía,Granada,1093,http://ayuntamientodenivar.com/,wikidata_P856,1,
INE32025,municipality,32025,Cenlle,Galicia,Ourense,1066,,,0,
INE44085,municipality,44085,Cosa,Aragón,Teruel,63,,,0,
INE37275,municipality,37275,Saldeana,Castilla y León,Salamanca,96,,,0,
INE12026,municipality,12026,Benassal,Comunitat Valenciana,Castelló/Castellón,1048,http://www.benassal.es/,wikidata_P856,1,
INE06032,municipality,06032,"Carrascalejo, El",Extremadura,Badajoz,80,http://www.elcarrascalejo.es/,wikidata_P856,1,
INE47148,municipality,47148,San Pedro de Latarce,Castilla y León,Valladolid,429,,,0,
INE22107,municipality,22107,Fanlo,Aragón,Huesca,114,http://aytofanlo.es/,wikidata_P856,1,
INE24117,municipality,24117,Pozuelo del Páramo,Castilla y León,León,374,http://www.aytopozuelodelparamo.es/,wikidata_P856,1,
INE14034,municipality,14034,"Guijo, El",Andalucía,Córdoba,342,http://www.elguijo.es/,wikidata_P856,1,
INE47166,municipality,47166,Torrecilla de la Abadesa,Castilla y León,Valladolid,237,,,0,
INE45176,municipality,45176,Ugena,Castilla-La Mancha,Toledo,5988,https://www.ugena.es/,clm_directorio_entidades_locales,0,
INE02050,municipality,02050,Montalvos,Castilla-La Mancha,Albacete,74,http://www.montalvos.es/,clm_directorio_entidades_locales,0,
INE05224,municipality,05224,Santa María del Arroyo,Castilla y León,Ávila,103,http://www.santamariadelarroyo.es/,wikidata_P856,1,
INE10178,municipality,10178,Talaván,Extremadura,Cáceres,775,https://www.talavan.es/,wikidata_P856,1,
INE09450,municipality,09450,Villanueva de Carazo,Castilla y León,Burgos,24,http://www.villanuevadecarazo.es/,wikidata_P856,1,
INE37044,municipality,37044,Barruecopardo,Castilla y León,Salamanca,409,http://www.barruecopardo.es/,wikidata_P856,1,
INE05143,municipality,05143,Muñotello,Castilla y León,Ávila,50,http://www.munotello.es/,wikidata_P856,1,
INE19051,municipality,19051,Berninches,Castilla-La Mancha,Guadalajara,51,http://www.berninches.com/,wikidata_P856,1,
INE24063,municipality,24063,Cubillas de Rueda,Castilla y León,León,376,http://www.aytocubillasderueda.es/,wikidata_P856,1,
INE22155,municipality,22155,Monesma y Cajigar,Aragón,Huesca,68,http://www.monesmaycajigar.es/,wikidata_P856,1,
INE06084,municipality,06084,Mirandilla,Extremadura,Badajoz,1232,http://www.mirandilla.es/,wikidata_P856,1,
INE05184,municipality,05184,Peguerinos,Castilla y León,Ávila,283,http://www.peguerinos.net/,wikidata_P856,1,
INE34245,municipality,34245,Villota del Páramo,Castilla y León,Palencia,295,http://villotadelparamo.dip-palencia.es/,wikidata_P856,1,
INE06048,municipality,06048,Esparragosa de Lares,Extremadura,Badajoz,839,http://www.esparragosadelares.es/,wikidata_P856,1,
INE08111,municipality,08111,Malla,Cataluña,Barcelona,285,https://www.malla-osona.cat/,wikidata_P856,1,
INE44250,municipality,44250,Veguillas de la Sierra,Aragón,Teruel,27,,,0,
INE16275,municipality,16275,Vindel,Castilla-La Mancha,Cuenca,19,,,0,
INE24150,municipality,24150,San Pedro Bercianos,Castilla y León,León,218,http://www.aytosanpedrobercianos.es/,wikidata_P856,1,
INE40142,municipality,40142,Navares de Ayuso,Castilla y León,Segovia,58,http://www.navaresdeayuso.es/,wikidata_P856,1,
INE50156,municipality,50156,Maleján,Aragón,Zaragoza,282,,,0,
INE12050,municipality,12050,"Coves de Vinromà, les",Comunitat Valenciana,Castelló/Castellón,1888,https://www.lescovesdevinroma.es/,wikidata_P856,1,
INE20016,municipality,20016,Aia,País Vasco,Gipuzkoa,2148,http://www.aia.eus/,wikidata_P856,1,
INE49005,municipality,49005,Alfaraz de Sayago,Castilla y León,Zamora,120,,,0,
INE09061,municipality,09061,Cabañes de Esgueva,Castilla y León,Burgos,145,http://www.cabañesdeesgueva.es/,wikidata_P856,1,
INE29075,municipality,29075,Nerja,Andalucía,Málaga,22132,https://esnerja.com/,wikidata_P856,1,
INE06042,municipality,06042,Cheles,Extremadura,Badajoz,1175,http://www.cheles.es/,wikidata_P856,1,
INE10036,municipality,10036,Cabrero,Extremadura,Cáceres,353,https://www.cabrero.es/,wikidata_P856,1,
INE24080,municipality,24080,Grajal de Campos,Castilla y León,León,200,http://www.aytograjaldecampos.es/,wikidata_P856,1,
INE49099,municipality,49099,Losacio,Castilla y León,Zamora,90,http://www.losaciodealba.com/,wikidata_P856,1,
INE09283,municipality,09283,Quintanaélez,Castilla y León,Burgos,44,http://www.quintanaelez.es/,wikidata_P856,1,
INE15056,municipality,15056,Negreira,Galicia,"Coruña, A",6969,http://www.concellodenegreira.org/,wikidata_P856,1,
INE26112,municipality,26112,Ortigosa de Cameros,"Rioja, La","Rioja, La",214,http://www.ortigosadecameros.org/,wikidata_P856,1,
INE13093,municipality,13093,Villanueva de los Infantes,Castilla-La Mancha,Ciudad Real,4733,http://infantes.org/,clm_directorio_entidades_locales,0,
INE32030,municipality,32030,Entrimo,Galicia,Ourense,1093,,,0,
INE28143,municipality,28143,Somosierra,"Madrid, Comunidad de",Madrid,93,http://www.aytosomosierra.es/,wikidata_P856,1,
INE50014,municipality,50014,Alcalá de Moncayo,Aragón,Zaragoza,147,,,0,
INE13089,municipality,13089,Villahermosa,Castilla-La Mancha,Ciudad Real,1712,http://www.villahermosa.es/,clm_directorio_entidades_locales,0,
INE49249,municipality,49249,Villalonso,Castilla y León,Zamora,80,,,0,
INE10170,municipality,10170,Santiago del Campo,Extremadura,Cáceres,250,,,0,
INE31067,municipality,31067,Carcastillo,"Navarra, Comunidad Foral de",Navarra,2408,,,0,
INE24173,municipality,24173,Turcia,Castilla y León,León,974,http://www.aytoturcia.es/,wikidata_P856,1,
INE31139,municipality,31139,Lana,"Navarra, Comunidad Foral de",Navarra,149,,,0,
INE44216,municipality,44216,Teruel,Aragón,Teruel,36655,https://www.teruel.es/,wikidata_P856,1,
INE09267,municipality,09267,Pineda Trasmonte,Castilla y León,Burgos,95,http://www.pinedatrasmonte.es/,wikidata_P856,1,
INE40906,municipality,40906,San Cristóbal de Segovia,Castilla y León,Segovia,3161,http://www.sancristobaldesegovia.es/,wikidata_P856,1,
INE06051,municipality,06051,Fuenlabrada de los Montes,Extremadura,Badajoz,1693,http://www.fuenlabradadelosmontes.com/,wikidata_P856,1,
INE19135,municipality,19135,Hiendelaencina,Castilla-La Mancha,Guadalajara,107,https://www.ayuntamientohiendelaencina.es/,wikidata_P856,1,
INE28162,municipality,28162,Valdeolmos-Alalpardo,"Madrid, Comunidad de",Madrid,4626,https://www.valdeolmos-alalpardo.org/,wikidata_P856,1,
INE45111,municipality,45111,Navalmoralejo,Castilla-La Mancha,Toledo,56,,,0,
INE12029,municipality,12029,Benlloc,Comunitat Valenciana,Castelló/Castellón,1143,http://www.benlloc.es/,wikidata_P856,1,
INE26103,municipality,26103,Nalda,"Rioja, La","Rioja, La",1307,http://www.ayto-nalda.es/,wikidata_P856,1,
INE50042,municipality,50042,Balconchán,Aragón,Zaragoza,19,,,0,
INE23038,municipality,23038,"Guardia de Jaén, La",Andalucía,Jaén,5212,http://laguardiadejaen.com/,wikidata_P856,1,
INE47057,municipality,47057,Cubillas de Santa Marta,Castilla y León,Valladolid,394,,,0,
INE09041,municipality,09041,Barrio de Muñó,Castilla y León,Burgos,32,http://www.barriodemuño.es/,wikidata_P856,1,
INE08002,municipality,08002,Aguilar de Segarra,Cataluña,Barcelona,292,https://www.aguilardesegarra.cat/,wikidata_P856,1,
INE09316,municipality,09316,Revilla Vallejera,Castilla y León,Burgos,112,http://revillavallejera.burgos.es/,wikidata_P856,1,
INE37127,municipality,37127,Espeja,Castilla y León,Salamanca,212,http://www.aytoespeja.es/,wikidata_P856,1,
INE03096,municipality,03096,Onil,Comunitat Valenciana,Alacant/Alicante,8114,http://www.onil.es/,wikidata_P856,1,
INE08254,municipality,08254,"Esquirol, L'",Cataluña,Barcelona,2301,http://www.lesquirol.cat/,wikidata_P856,1,
INE43113,municipality,43113,"Pont d'Armentera, El",Cataluña,Tarragona,500,http://www.pontdarmentera.altanet.org/,wikidata_P856,1,
INE22063,municipality,22063,Biscarrués,Aragón,Huesca,188,http://www.biscarrues.es/,wikidata_P856,1,
INE20907,municipality,20907,Gaztelu,País Vasco,Gipuzkoa,171,,,0,
INE40032,municipality,40032,Boceguillas,Castilla y León,Segovia,746,http://www.boceguillas.es/,wikidata_P856,1,
INE47028,municipality,47028,Cabezón de Valderaduey,Castilla y León,Valladolid,24,,,0,
INE06040,municipality,06040,Corte de Peleas,Extremadura,Badajoz,1153,http://www.cortedepeleas.es/,wikidata_P856,1,
INE09303,municipality,09303,Rábanos,Castilla y León,Burgos,73,http://www.rabanos.es/,wikidata_P856,1,
INE10195,municipality,10195,Trujillo,Extremadura,Cáceres,8611,http://www.trujillo.es/,wikidata_P856,1,
INE45022,municipality,45022,Buenaventura,Castilla-La Mancha,Toledo,386,http://www.aytobuenaventura.es/,clm_directorio_entidades_locales,0,
INE45018,municipality,45018,Barcience,Castilla-La Mancha,Toledo,1110,http://www.barcience.com/,clm_directorio_entidades_locales,0,
INE34077,municipality,34077,Fuentes de Valdepero,Castilla y León,Palencia,489,http://fuentesdevaldepero.dip-palencia.es/,wikidata_P856,1,
INE34184,municipality,34184,Torremormojón,Castilla y León,Palencia,41,,,0,
INE50179,municipality,50179,Moyuela,Aragón,Zaragoza,221,http://www.moyuela.com/,wikidata_P856,1,
INE49118,municipality,49118,Milles de la Polvorosa,Castilla y León,Zamora,206,,,0,
INE44204,municipality,44204,Saldón,Aragón,Teruel,32,https://saldon.es/,wikidata_P856,1,
INE28151,municipality,28151,Torrelaguna,"Madrid, Comunidad de",Madrid,5081,https://torrelaguna.es/,wikidata_P856,1,
INE19214,municipality,19214,Peñalén,Castilla-La Mancha,Guadalajara,72,,,0,
INE37015,municipality,37015,Aldea del Obispo,Castilla y León,Salamanca,245,http://aytoaldeadelobispo.es/,wikidata_P856,1,
INE19017,municipality,19017,Algora,Castilla-La Mancha,Guadalajara,89,https://algora.sedelectronica.es/,clm_directorio_entidades_locales,0,
INE07014,municipality,07014,Capdepera,"Balears, Illes",Illes Balears,13135,http://www.ajcapdepera.net/,wikidata_P856,1,
INE26011,municipality,26011,Alfaro,"Rioja, La","Rioja, La",9923,http://www.alfaro.es/,wikidata_P856,1,
INE31211,municipality,31211,Orreaga/Roncesvalles,"Navarra, Comunidad Foral de",Navarra,25,http://www.roncesvalles.es/,wikidata_P856,1,
INE09437,municipality,09437,Villahoz,Castilla y León,Burgos,262,http://www.villahoz.es/,wikidata_P856,1,
INE47078,municipality,47078,Lomoviejo,Castilla y León,Valladolid,155,,,0,
INE09068,municipality,09068,Cantabrana,Castilla y León,Burgos,22,http://www.cantabrana.es/,wikidata_P856,1,
INE27058,municipality,27058,"Saviñao, O",Galicia,Lugo,3470,http://www.concellodosaviñao.com/,wikidata_P856,1,
INE45084,municipality,45084,Lillo,Castilla-La Mancha,Toledo,2519,https://aytodelillo.es/,clm_directorio_entidades_locales,0,
INE42026,municipality,42026,Arenillas,Castilla y León,Soria,29,http://www.arenillas.es/,wikidata_P856,1,
INE16040,municipality,16040,Buenache de la Sierra,Castilla-La Mancha,Cuenca,112,http://www.buenachedelasierra.com/,clm_directorio_entidades_locales,0,
INE44113,municipality,44113,Fuentes de Rubielos,Aragón,Teruel,148,,,0,
INE21019,municipality,21019,Campofrío,Andalucía,Huelva,728,http://www.ayuntamientodecampofrio.es/,wikidata_P856,1,
INE10179,municipality,10179,Talaveruela de la Vera,Extremadura,Cáceres,303,,,0,
INE05077,municipality,05077,Fuente el Saúz,Castilla y León,Ávila,146,http://www.fuenteelsauz.es/,wikidata_P856,1,
INE19200,municipality,19200,"Olivar, El",Castilla-La Mancha,Guadalajara,68,http://www.aytoelolivar.es/,clm_directorio_entidades_locales,0,
INE37194,municipality,37194,Mogarraz,Castilla y León,Salamanca,236,https://www.mogarraz.es/,wikidata_P856,1,
INE45197,municipality,45197,Villasequilla,Castilla-La Mancha,Toledo,2673,https://www.villasequilla.com/,clm_directorio_entidades_locales,0,
INE42036,municipality,42036,Blacos,Castilla y León,Soria,36,http://www.blacos.es/,wikidata_P856,1,
INE10176,municipality,10176,Serrejón,Extremadura,Cáceres,410,,,0,
INE37175,municipality,37175,Machacón,Castilla y León,Salamanca,442,https://www.aytomachacon.es/,wikidata_P856,1,
INE10191,municipality,10191,Torremenga,Extremadura,Cáceres,620,http://www.torremenga.es/,wikidata_P856,1,
INE47015,municipality,47015,Becilla de Valderaduey,Castilla y León,Valladolid,206,http://www.becilladevalderaduey.ayuntamientosdevalladolid.es/,wikidata_P856,1,
INE10006,municipality,10006,Ahigal,Extremadura,Cáceres,1340,https://www.ahigal.es/,wikidata_P856,1,
INE45031,municipality,45031,Camarena,Castilla-La Mancha,Toledo,4848,http://www.ayto-camarena.com/,clm_directorio_entidades_locales,0,
INE02028,municipality,02028,Cotillas,Castilla-La Mancha,Albacete,123,http://cotillas.es/,wikidata_P856,1,
INE37258,municipality,37258,Puebla de Azaba,Castilla y León,Salamanca,145,,,0,
INE16273,municipality,16273,Villaverde y Pasaconsol,Castilla-La Mancha,Cuenca,318,,,0,
INE10124,municipality,10124,Mohedas de Granadilla,Extremadura,Cáceres,817,,,0,
INE42015,municipality,42015,Alentisque,Castilla y León,Soria,23,,,0,
INE24099,municipality,24099,Matanza,Castilla y León,León,157,http://www.aytomatanzadelosoteros.es/,wikidata_P856,1,
INE13033,municipality,13033,Castellar de Santiago,Castilla-La Mancha,Ciudad Real,1714,http://www.castellardesantiago.es/,clm_directorio_entidades_locales,0,
INE34201,municipality,34201,Vertavillo,Castilla y León,Palencia,162,,,0,
INE09228,municipality,09228,Moradillo de Roa,Castilla y León,Burgos,167,http://www.moradilloderoa.es/,wikidata_P856,1,
INE42168,municipality,42168,Santa María de las Hoyas,Castilla y León,Soria,112,http://www.santamariadelashoyas.es/,wikidata_P856,1,
INE24162,municipality,24162,Santovenia de la Valdoncina,Castilla y León,León,2058,http://www.aytosantoveniadelavaldoncina.es/,wikidata_P856,1,
INE37036,municipality,37036,San Miguel del Robledo,Castilla y León,Salamanca,52,,,0,
INE19055,municipality,19055,Bujalaro,Castilla-La Mancha,Guadalajara,59,,,0,
INE42095,municipality,42095,Golmayo,Castilla y León,Soria,3085,http://www.golmayo.es/,wikidata_P856,1,
INE24104,municipality,24104,"Omañas, Las",Castilla y León,León,267,http://www.aytolasomanas.es/,wikidata_P856,1,
INE49259,municipality,49259,Villanueva de las Peras,Castilla y León,Zamora,85,,,0,
INE07035,municipality,07035,Maria de la Salut,"Balears, Illes",Illes Balears,2461,http://www.ajmariadelasalut.net/,wikidata_P856,1,
INE16186,municipality,16186,Saelices,Castilla-La Mancha,Cuenca,475,,,0,
INE09084,municipality,09084,Castrillo de la Reina,Castilla y León,Burgos,159,http://castrillodelareina.burgos.es/,wikidata_P856,1,
INE24092,municipality,24092,Llamas de la Ribera,Castilla y León,León,783,http://www.aytollamasdelaribera.es/,wikidata_P856,1,
INE50166,municipality,50166,Mesones de Isuela,Aragón,Zaragoza,270,,,0,
INE17121,municipality,17121,Palau-sator,Cataluña,Girona,311,https://palau-sator.cat/,wikidata_P856,1,
INE44005,municipality,44005,Aguilar del Alfambra,Aragón,Teruel,82,https://www.aguilardelalfambra.es/,wikidata_P856,1,
INE09309,municipality,09309,Regumiel de la Sierra,Castilla y León,Burgos,304,http://www.regumieldelasierra.es/,wikidata_P856,1,
INE40003,municipality,40003,Adrados,Castilla y León,Segovia,113,http://www.adrados.es/,wikidata_P856,1,
INE19006,municipality,19006,Albalate de Zorita,Castilla-La Mancha,Guadalajara,1148,http://www.albalatedezorita.es/,clm_directorio_entidades_locales,0,
INE15033,municipality,15033,Dodro,Galicia,"Coruña, A",2589,http://www.dodro.gal/,wikidata_P856,1,
INE39061,municipality,39061,Ribamontán al Mar,Cantabria,Cantabria,4605,https://ribamontanalmar.es/,wikidata_P856,1,
INE10088,municipality,10088,Guijo de Coria,Extremadura,Cáceres,180,https://www.guijodecoria.es/,wikidata_P856,1,
INE44048,municipality,44048,Cabra de Mora,Aragón,Teruel,66,https://cabrademorapueblovivo.es/,wikidata_P856,1,
INE20068,municipality,20068,Leintz-Gatzaga,País Vasco,Gipuzkoa,205,http://www.leintzgatzaga.eus/,wikidata_P856,1,
INE50205,municipality,50205,"Pedrosas, Las",Aragón,Zaragoza,118,http://www.laspedrosas.es/,wikidata_P856,1,
INE27029,municipality,27029,Meira,Galicia,Lugo,1773,http://www.concellodemeira.com/,wikidata_P856,1,
INE18049,municipality,18049,Cogollos de Guadix,Andalucía,Granada,614,http://www.cogollosdeguadix.es/,wikidata_P856,1,
INE42181,municipality,42181,Tardelcuende,Castilla y León,Soria,414,http://www.tardelcuende.es/,wikidata_P856,1,
INE19097,municipality,19097,Congostrina,Castilla-La Mancha,Guadalajara,18,,,0,
INE40215,municipality,40215,Valtiendas,Castilla y León,Segovia,75,http://www.valtiendas.es/,wikidata_P856,1,
INE42062,municipality,42062,Cigudosa,Castilla y León,Soria,14,http://www.cigudosa.es/,wikidata_P856,1,
INE37022,municipality,37022,Aldeaseca de la Frontera,Castilla y León,Salamanca,241,http://aldeasecadelafrontera.com/,wikidata_P856,1,
INE05088,municipality,05088,Grandes y San Martín,Castilla y León,Ávila,34,http://www.grandesysanmartin.es/,wikidata_P856,1,
INE22002,municipality,22002,Abizanda,Aragón,Huesca,162,http://www.abizanda.es/,wikidata_P856,1,
INE37283,municipality,37283,Sando,Castilla y León,Salamanca,111,http://www.sando.es/,wikidata_P856,1,
INE36042,municipality,36042,Ponteareas,Galicia,Pontevedra,23211,http://www.ponteareas.gal/,wikidata_P856,1,
INE19079,municipality,19079,Castilnuevo,Castilla-La Mancha,Guadalajara,8,,,0,
INE19078,municipality,19078,Castilforte,Castilla-La Mancha,Guadalajara,57,,,0,
INE26066,municipality,26066,Galilea,"Rioja, La","Rioja, La",419,http://www.galilea.es/,wikidata_P856,1,
INE45024,municipality,45024,Burujón,Castilla-La Mancha,Toledo,1344,,,0,
INE16157,municipality,16157,"Pesquera, La",Castilla-La Mancha,Cuenca,228,http://bttlapesquera.com/club/,wikidata_P856,1,
INE09027,municipality,09027,Arraya de Oca,Castilla y León,Burgos,49,http://www.belorado.org/,wikidata_P856,1,
INE40121,municipality,40121,Martín Muñoz de las Posadas,Castilla y León,Segovia,251,http://www.martinmunozdelasposadas.es/,wikidata_P856,1,
INE47178,municipality,47178,Urueña,Castilla y León,Valladolid,200,http://www.ayto-uruena.es/,wikidata_P856,1,
INE02007,municipality,02007,Alcalá del Júcar,Castilla-La Mancha,Albacete,1130,http://www.alcaladeljucar.es/,clm_directorio_entidades_locales,0,
INE25910,municipality,25910,Josa i Tuixén,Cataluña,Lleida,110,http://tuixent.ddl.net/,wikidata_P856,1,
INE26105,municipality,26105,Navarrete,"Rioja, La","Rioja, La",3061,https://www.navarrete.es/,wikidata_P856,1,
INE31126,municipality,31126,Imotz,"Navarra, Comunidad Foral de",Navarra,433,https://www.imotz.eus/,wikidata_P856,1,
INE49031,municipality,49031,Cabañas de Sayago,Castilla y León,Zamora,143,,,0,
INE18916,municipality,18916,Torrenueva Costa,Andalucía,Granada,3207,https://www.torrenuevacosta.org/,wikidata_P856,1,
INE05209,municipality,05209,San García de Ingelmos,Castilla y León,Ávila,64,http://www.sangarciadeingelmos.es/,wikidata_P856,1,
INE16018,municipality,16018,Almonacid del Marquesado,Castilla-La Mancha,Cuenca,412,http://almonaciddelmarquesado.dipucuenca.es/,clm_directorio_entidades_locales,0,
INE34018,municipality,34018,Autilla del Pino,Castilla y León,Palencia,223,http://autilladelpino.dip-palencia.es/,wikidata_P856,1,
INE09315,municipality,09315,Revillarruz,Castilla y León,Burgos,621,http://www.revillarruz.es/,wikidata_P856,1,
INE09406,municipality,09406,Valdorros,Castilla y León,Burgos,377,http://www.valdorros.es/,wikidata_P856,1,
INE22160,municipality,22160,Naval,Aragón,Huesca,281,http://www.naval.es/,wikidata_P856,1,
INE45120,municipality,45120,Nuño Gómez,Castilla-La Mancha,Toledo,178,,,0,
INE10117,municipality,10117,Marchagaz,Extremadura,Cáceres,231,,,0,
INE43054,municipality,43054,"Espluga de Francolí, L'",Cataluña,Tarragona,3863,http://www.esplugadefrancoli.cat/,wikidata_P856,1,
INE13062,municipality,13062,Picón,Castilla-La Mancha,Ciudad Real,690,http://www.picon.es/,clm_directorio_entidades_locales,0,
INE44169,municipality,44169,Ojos Negros,Aragón,Teruel,321,http://www.ojosnegros.es/,wikidata_P856,1,
INE42161,municipality,42161,Salduero,Castilla y León,Soria,148,http://www.salduero.es/,wikidata_P856,1,
INE05253,municipality,05253,Vega de Santa María,Castilla y León,Ávila,88,http://www.vegadesantamaria.es/,wikidata_P856,1,
INE19019,municipality,19019,Alique,Castilla-La Mancha,Guadalajara,15,,,0,
INE19175,municipality,19175,Mazarete,Castilla-La Mancha,Guadalajara,25,https://mazarete.sedelectronica.es/,clm_directorio_entidades_locales,0,
INE33005,municipality,33005,Belmonte de Miranda,"Asturias, Principado de",Asturias,1366,http://www.belmontedemiranda.com/,wikidata_P856,1,
INE01057,municipality,01057,Villabuena de Álava/Eskuernaga,País Vasco,Araba/Álava,276,,,0,
INE45186,municipality,45186,"Villa de Don Fadrique, La",Castilla-La Mancha,Toledo,3519,http://www.villadonfadrique.com/,clm_directorio_entidades_locales,0,
INE09102,municipality,09102,Cillaperlata,Castilla y León,Burgos,31,http://www.cillaperlata.es/,wikidata_P856,1,
INE44201,municipality,44201,Rubielos de Mora,Aragón,Teruel,600,https://www.rubielosdemora.es/,wikidata_P856,1,
INE44052,municipality,44052,Calomarde,Aragón,Teruel,76,http://www.calomarde.es/,wikidata_P856,1,
INE40210,municipality,40210,Urueñas,Castilla y León,Segovia,105,http://www.uruenas.es/,wikidata_P856,1,
INE19049,municipality,19049,Bañuelos,Castilla-La Mancha,Guadalajara,10,,,0,
INE47065,municipality,47065,Fresno el Viejo,Castilla y León,Valladolid,825,,,0,
INE33061,municipality,33061,San Martín de Oscos,"Asturias, Principado de",Asturias,337,,,0,
INE45004,municipality,45004,Alcabón,Castilla-La Mancha,Toledo,792,http://www.alcabon.es/,clm_directorio_entidades_locales,0,
INE05048,municipality,05048,Cantiveros,Castilla y León,Ávila,102,http://www.cantiveros.es/,wikidata_P856,1,
INE40113,municipality,40113,"Losa, La",Castilla y León,Segovia,543,http://www.lalosa.es/,wikidata_P856,1,
INE50057,municipality,50057,Brea de Aragón,Aragón,Zaragoza,1517,http://www.breadearagon.com/,wikidata_P856,1,
INE10143,municipality,10143,Pescueza,Extremadura,Cáceres,150,http://www.pescueza.es/,wikidata_P856,1,
INE34186,municipality,34186,Valbuena de Pisuerga,Castilla y León,Palencia,49,,,0,
INE47156,municipality,47156,San Vicente del Palacio,Castilla y León,Valladolid,155,,,0,
INE47129,municipality,47129,Quintanilla de Onésimo,Castilla y León,Valladolid,1043,,,0,
INE45194,municipality,45194,Villarejo de Montalbán,Castilla-La Mancha,Toledo,83,,,0,
INE24098,municipality,24098,Matallana de Torío,Castilla y León,León,1214,http://www.aytomatallanadetorio.es/,wikidata_P856,1,
INE42120,municipality,42120,Montejo de Tiermes,Castilla y León,Soria,134,,,0,
INE27049,municipality,27049,Portomarín,Galicia,Lugo,1277,http://www.concellodeportomarin.es/,wikidata_P856,1,
INE19223,municipality,19223,Poveda de la Sierra,Castilla-La Mancha,Guadalajara,99,,,0,
INE45187,municipality,45187,Villafranca de los Caballeros,Castilla-La Mancha,Toledo,4884,http://www.villafrancadeloscaballeros.es/,clm_directorio_entidades_locales,0,
INE49192,municipality,49192,San Miguel del Valle,Castilla y León,Zamora,123,http://www.sanmigueldelvalle.es/,wikidata_P856,1,
INE04002,municipality,04002,Abrucena,Andalucía,Almería,1241,http://www.abrucena.es/,wikidata_P856,1,
INE28179,municipality,28179,Villar del Olmo,"Madrid, Comunidad de",Madrid,2341,https://www.villardelolmo.es/,wikidata_P856,1,
INE16044,municipality,16044,Campillos-Sierra,Castilla-La Mancha,Cuenca,28,,,0,
INE09043,municipality,09043,"Barrios de Bureba, Los",Castilla y León,Burgos,179,http://www.losbarriosdebureba.es/,wikidata_P856,1,
INE24190,municipality,24190,Valverde-Enrique,Castilla y León,León,148,http://www.aytovalverdeenrique.es/,wikidata_P856,1,
INE19185,municipality,19185,"Miñosa, La",Castilla-La Mancha,Guadalajara,31,,,0,
INE09439,municipality,09439,Villalbilla de Burgos,Castilla y León,Burgos,1554,http://villalbilladeburgos.burgos.es/,wikidata_P856,1,
INE09431,municipality,09431,Villafranca Montes de Oca,Castilla y León,Burgos,117,http://www.asociacionauca.es/,wikidata_P856,1,
INE10161,municipality,10161,Ruanes,Extremadura,Cáceres,82,,,0,
INE28073,municipality,28073,Humanes de Madrid,"Madrid, Comunidad de",Madrid,20500,http://www.ayto-humanesdemadrid.es/,wikidata_P856,1,
INE37299,municipality,37299,Santiz,Castilla y León,Salamanca,225,https://www.santizsalamanca.com/,wikidata_P856,1,
INE19260,municipality,19260,"Sotillo, El",Castilla-La Mancha,Guadalajara,28,,,0,
INE24094,municipality,24094,Mansilla de las Mulas,Castilla y León,León,1706,http://www.ayto-mansilla.org/,wikidata_P856,1,
INE12024,municipality,12024,Benafer,Comunitat Valenciana,Castelló/Castellón,168,http://www.benafer.es/,wikidata_P856,1,
INE23085,municipality,23085,Torreblascopedro,Andalucía,Jaén,2382,http://www.torreblascopedro.es/,wikidata_P856,1,
INE24061,municipality,24061,Cuadros,Castilla y León,León,2075,http://www.ayuntamientodecuadros.es/,wikidata_P856,1,
INE47080,municipality,47080,Manzanillo,Castilla y León,Valladolid,48,http://www.manzanillo.ayuntamientosdevalladolid.es/,wikidata_P856,1,
INE43171,municipality,43171,Vila-seca,Cataluña,Tarragona,23917,http://www.vila-seca.cat/,wikidata_P856,1,
INE34179,municipality,34179,Tabanera de Valdavia,Castilla y León,Palencia,20,http://www.tabanera.es/,wikidata_P856,1,
INE05165,municipality,05165,Navarredonda de Gredos,Castilla y León,Ávila,451,https://navarredondadegredos.net/,wikidata_P856,1,
INE05156,municipality,05156,Navahondilla,Castilla y León,Ávila,359,https://www.navahondilla.es/,wikidata_P856,1,
INE34101,municipality,34101,Marcilla de Campos,Castilla y León,Palencia,60,,,0,
INE13902,municipality,13902,Ruidera,Castilla-La Mancha,Ciudad Real,529,http://www.ruidera.es/,clm_directorio_entidades_locales,0,
INE31219,municipality,31219,Sansol,"Navarra, Comunidad Foral de",Navarra,89,,,0,
INE44003,municipality,44003,Aguatón,Aragón,Teruel,18,http://www.aguaton.com/,wikidata_P856,1,
INE19013,municipality,19013,Alcoroches,Castilla-La Mancha,Guadalajara,117,,,0,
INE37161,municipality,37161,Horcajo de Montemayor,Castilla y León,Salamanca,107,,,0,
INE28117,municipality,28117,Prádena del Rincón,"Madrid, Comunidad de",Madrid,146,https://pradena.eadministracion.es/,wikidata_P856,1,
INE46180,municipality,46180,Novetlè,Comunitat Valenciana,València/Valencia,872,http://www.novetle.es/,wikidata_P856,1,
INE05159,municipality,05159,Navalonguilla,Castilla y León,Ávila,182,https://www.navalonguilla.es/,wikidata_P856,1,
INE19154,municipality,19154,"Inviernas, Las",Castilla-La Mancha,Guadalajara,60,,,0,
INE50111,municipality,50111,Fréscano,Aragón,Zaragoza,196,,,0,
INE40021,municipality,40021,Arevalillo de Cega,Castilla y León,Segovia,18,http://www.arevalillodecega.es/,wikidata_P856,1,
INE44228,municipality,44228,Torremocha de Jiloca,Aragón,Teruel,115,,,0,
INE19199,municipality,19199,Ocentejo,Castilla-La Mancha,Guadalajara,15,http://www.ocentejo.es/,wikidata_P856,1,
INE50013,municipality,50013,Alcalá de Ebro,Aragón,Zaragoza,244,http://alcaladeebro.com/,wikidata_P856,1,
INE08034,municipality,08034,Calders,Cataluña,Barcelona,1122,http://www.calders.cat/,wikidata_P856,1,
INE19157,municipality,19157,Jirueque,Castilla-La Mancha,Guadalajara,44,,,0,
INE44066,municipality,44066,Castel de Cabra,Aragón,Teruel,79,http://www.casteldecabra.es/,wikidata_P856,1,
INE36057,municipality,36057,Vigo,Galicia,Pontevedra,294489,http://vigo.gal/,wikidata_P856,1,
INE22244,municipality,22244,Valle de Lierp,Aragón,Huesca,52,https://www.vallelierp.es/,wikidata_P856,1,
INE05197,municipality,05197,Salobral,Castilla y León,Ávila,109,http://www.salobral.es/,wikidata_P856,1,
INE09340,municipality,09340,San Millán de Lara,Castilla y León,Burgos,61,http://www.sanmillandelara.es/,wikidata_P856,1,
INE42030,municipality,42030,Barca,Castilla y León,Soria,116,https://barca-soria.blogspot.com/,wikidata_P856,1,
INE19087,municipality,19087,Cincovillas,Castilla-La Mancha,Guadalajara,20,,,0,
INE44183,municipality,44183,Pitarque,Aragón,Teruel,62,,,0,
INE24222,municipality,24222,Villaquilambre,Castilla y León,León,18905,http://www.ayto-villaquilambre.com/,wikidata_P856,1,
INE32047,municipality,32047,"Merca, A",Galicia,Ourense,1962,,,0,
INE12053,municipality,12053,Chilches/Xilxes,Comunitat Valenciana,Castelló/Castellón,3199,http://www.xilxes.es/,wikidata_P856,1,
INE31069,municipality,31069,Cáseda,"Navarra, Comunidad Foral de",Navarra,912,http://www.caseda.es/,wikidata_P856,1,
INE47185,municipality,47185,Valverde de Campos,Castilla y León,Valladolid,89,,,0,
INE09312,municipality,09312,"Revilla y Ahedo, La",Castilla y León,Burgos,97,http://www.larevillayahedo.es/,wikidata_P856,1,
INE22243,municipality,22243,Valle de Bardají,Aragón,Huesca,52,,,0,
INE23080,municipality,23080,Santo Tomé,Andalucía,Jaén,2029,http://www.santotome.es/,wikidata_P856,1,
INE23047,municipality,23047,"Iruela, La",Andalucía,Jaén,1819,http://www.lairuela.es/,wikidata_P856,1,
INE49257,municipality,49257,Villanueva de Azoague,Castilla y León,Zamora,398,http://www.ayuntamientodevillanuevadeazoague.com/,wikidata_P856,1,
INE23076,municipality,23076,Santa Elena,Andalucía,Jaén,863,http://www.santaelena.es/,wikidata_P856,1,
INE44195,municipality,44195,Rillo,Aragón,Teruel,95,,,0,
INE32036,municipality,32036,Xunqueira de Ambía,Galicia,Ourense,1346,http://xunqueiradeambia.org/,wikidata_P856,1,
INE29062,municipality,29062,Iznate,Andalucía,Málaga,940,http://www.iznate.es/,wikidata_P856,1,
INE31245,municipality,31245,Urzainqui/Urzainki,"Navarra, Comunidad Foral de",Navarra,76,,,0,
INE49134,municipality,49134,Muelas de los Caballeros,Castilla y León,Zamora,184,,,0,
INE19018,municipality,19018,Alhóndiga,Castilla-La Mancha,Guadalajara,185,https://alhondiga.sedelectronica.es/,clm_directorio_entidades_locales,0,
INE22135,municipality,22135,Laluenga,Aragón,Huesca,198,http://www.laluenga.es/,wikidata_P856,1,
INE09467,municipality,09467,Villaverde-Mogina,Castilla y León,Burgos,68,http://www.villaverdemogina.es/,wikidata_P856,1,
INE46053,municipality,46053,Beneixida,Comunitat Valenciana,València/Valencia,659,http://www.beneixida.es/,wikidata_P856,1,
INE08044,municipality,08044,Capellades,Cataluña,Barcelona,5608,http://www.capellades.cat/,wikidata_P856,1,
INE24144,municipality,24144,San Cristóbal de la Polantera,Castilla y León,León,611,http://www.aytosancristobaldelapolantera.es/,wikidata_P856,1,
INE16055,municipality,16055,Carboneras de Guadazaón,Castilla-La Mancha,Cuenca,797,https://carbonerasdeguadazaon.sedelectronica.es/,clm_directorio_entidades_locales,0,
INE44024,municipality,44024,Anadón,Aragón,Teruel,35,,,0,
INE12111,municipality,12111,Tírig,Comunitat Valenciana,Castelló/Castellón,417,http://www.tirig.es/,wikidata_P856,1,
INE10219,municipality,10219,Zorita,Extremadura,Cáceres,1223,,,0,
INE42096,municipality,42096,Gómara,Castilla y León,Soria,286,http://www.gomara.es/,wikidata_P856,1,
INE20050,municipality,20050,Leaburu,País Vasco,Gipuzkoa,390,http://www.leaburutxarama.eus/,wikidata_P856,1,
INE05222,municipality,05222,Santa Cruz de Pinares,Castilla y León,Ávila,169,http://www.santacruzdepinares.es/,wikidata_P856,1,
INE10147,municipality,10147,Piornal,Extremadura,Cáceres,1443,https://www.piornal.es/,wikidata_P856,1,
INE37116,municipality,37116,Doñinos de Ledesma,Castilla y León,Salamanca,62,,,0,
INE18908,municipality,18908,Villamena,Andalucía,Granada,1029,,,0,
INE37276,municipality,37276,Salmoral,Castilla y León,Salamanca,107,http://aytosalmoral.es/,wikidata_P856,1,
INE15081,municipality,15081,"Somozas, As",Galicia,"Coruña, A",1042,https://assomozas.es/,wikidata_P856,1,
INE34204,municipality,34204,Villacidaler,Castilla y León,Palencia,44,,,0,
INE49068,municipality,49068,Ferreruela,Castilla y León,Zamora,409,http://www.ayuntamientoferreruela.com/,wikidata_P856,1,
INE45143,municipality,45143,Quismondo,Castilla-La Mancha,Toledo,1857,http://www.quismondo.es/,clm_directorio_entidades_locales,0,
INE19270,municipality,19270,Tordelrábano,Castilla-La Mancha,Guadalajara,8,,,0,
INE49187,municipality,49187,San Cristóbal de Entreviñas,Castilla y León,Zamora,1328,https://aytosancristobale.es/,wikidata_P856,1,
INE24067,municipality,24067,Encinedo,Castilla y León,León,621,http://www.aytoencinedo.es/,wikidata_P856,1,
INE49126,municipality,49126,Moraleja de Sayago,Castilla y León,Zamora,300,,,0,
INE28126,municipality,28126,Robregordo,"Madrid, Comunidad de",Madrid,79,https://www.robregordo.com/,wikidata_P856,1,
INE09141,municipality,09141,Fuentespina,Castilla y León,Burgos,833,http://www.fuentespina.es/,wikidata_P856,1,
INE03009,municipality,03009,Alcoi/Alcoy,Comunitat Valenciana,Alacant/Alicante,61468,http://www.alcoi.org/,wikidata_P856,1,
INE42075,municipality,42075,Dévanos,Castilla y León,Soria,72,http://www.devanos.es/,wikidata_P856,1,
INE32062,municipality,32062,Porqueira,Galicia,Ourense,806,,,0,
INE41097,municipality,41097,Villamanrique de la Condesa,Andalucía,Sevilla,4694,http://www.villamanriquedelacondesa.es/,wikidata_P856,1,
INE37363,municipality,37363,Villares de Yeltes,Castilla y León,Salamanca,102,,,0,
INE22230,municipality,22230,Torla-Ordesa,Aragón,Huesca,342,http://www.torla.es/,wikidata_P856,1,
INE08050,municipality,08050,Castellar del Riu,Cataluña,Barcelona,151,http://www.castellardelriu.cat/,wikidata_P856,1,
INE34123,municipality,34123,Paredes de Nava,Castilla y León,Palencia,1927,https://paredesdenava.org/,wikidata_P856,1,
INE09110,municipality,09110,Contreras,Castilla y León,Burgos,81,http://www.contreras.es/,wikidata_P856,1,
INE50173,municipality,50173,Monterde,Aragón,Zaragoza,143,,,0,
INE26079,municipality,26079,Huércanos,"Rioja, La","Rioja, La",856,,,0,
INE37152,municipality,37152,Gomecello,Castilla y León,Salamanca,411,http://www.gomecello.com/,wikidata_P856,1,
INE50176,municipality,50176,Morata de Jiloca,Aragón,Zaragoza,285,,,0,
INE42054,municipality,42054,Carrascosa de la Sierra,Castilla y León,Soria,19,http://www.carrascosadelasierra.es/,wikidata_P856,1,
INE47206,municipality,47206,Villafuerte,Castilla y León,Valladolid,80,,,0,
INE47123,municipality,47123,Pozal de Gallinas,Castilla y León,Valladolid,556,,,0,
INE47032,municipality,47032,Camporredondo,Castilla y León,Valladolid,143,http://www.camporredondo.ayuntamientosdevalladolid.es/,wikidata_P856,1,
INE49170,municipality,49170,Quintanilla de Urz,Castilla y León,Zamora,98,http://www.aytoquintanillaurz.es/,wikidata_P856,1,
INE24141,municipality,24141,San Adrián del Valle,Castilla y León,León,82,http://www.aytosanadriandelvalle.es/,wikidata_P856,1,
INE34099,municipality,34099,Manquillos,Castilla y León,Palencia,62,https://manquillos.es/,wikidata_P856,1,
INE45114,municipality,45114,Navamorcuende,Castilla-La Mancha,Toledo,581,https://navamorcuende.sedipualba.es/,wikidata_P856,1,
INE37262,municipality,37262,Puertas,Castilla y León,Salamanca,66,,,0,
INE09323,municipality,09323,Rojas,Castilla y León,Burgos,62,https://www.rojas.es/,wikidata_P856,1,
INE28052,municipality,28052,Chinchón,"Madrid, Comunidad de",Madrid,5800,http://www.ciudad-chinchon.com/,wikidata_P856,1,
INE16227,municipality,16227,Valdemoro-Sierra,Castilla-La Mancha,Cuenca,96,,,0,
INE26114,municipality,26114,Pedroso,"Rioja, La","Rioja, La",89,http://www.aytopedroso.org/,wikidata_P856,1,
INE09013,municipality,09013,Altable,Castilla y León,Burgos,44,http://www.altable.es/,wikidata_P856,1,
INE12010,municipality,12010,Almedíjar,Comunitat Valenciana,Castelló/Castellón,288,http://www.almedijar.es/ca,wikidata_P856,1,
INE31076,municipality,31076,Cizur,"Navarra, Comunidad Foral de",Navarra,3949,http://www.cendeadecizur.es/,wikidata_P856,1,
INE49210,municipality,49210,Sanzoles,Castilla y León,Zamora,454,,,0,
INE50069,municipality,50069,Calcena,Aragón,Zaragoza,65,,,0,
INE44063,municipality,44063,Cañizar del Olivar,Aragón,Teruel,112,http://www.canizardelolivar.com/,wikidata_P856,1,
INE05179,municipality,05179,Papatrigo,Castilla y León,Ávila,215,https://www.papatrigo.es/,wikidata_P856,1,
INE44120,municipality,44120,Guadalaviar,Aragón,Teruel,238,,,0,
INE44092,municipality,44092,"Cuervo, El",Aragón,Teruel,88,http://www.elcuervo.es/,wikidata_P856,1,
INE10013,municipality,10013,"Aldea del Obispo, La",Extremadura,Cáceres,290,,,0,
INE37051,municipality,37051,Berrocal de Salvatierra,Castilla y León,Salamanca,74,http://www.berrocaldesalvatierra.es/,wikidata_P856,1,
INE03117,municipality,03117,Sanet y Negrals,Comunitat Valenciana,Alacant/Alicante,712,http://www.sanetynegrals.es/,wikidata_P856,1,
INE47115,municipality,47115,Peñaflor de Hornija,Castilla y León,Valladolid,350,,,0,
INE10086,municipality,10086,"Granja, La",Extremadura,Cáceres,313,http://www.lagranja.es/,wikidata_P856,1,
INE13086,municipality,13086,Valdemanco del Esteras,Castilla-La Mancha,Ciudad Real,157,,,0,
INE09441,municipality,09441,Villaldemiro,Castilla y León,Burgos,92,http://www.villaldemiro.es/,wikidata_P856,1,
INE19038,municipality,19038,Arbeteta,Castilla-La Mancha,Guadalajara,16,,,0,
INE42090,municipality,42090,Fuentepinilla,Castilla y León,Soria,73,http://www.fuentepinilla.es/,wikidata_P856,1,
INE42191,municipality,42191,Valdeavellano de Tera,Castilla y León,Soria,222,http://www.valdeavellanodetera.org/,wikidata_P856,1,
INE04014,municipality,04014,Almócita,Andalucía,Almería,208,http://www.almocita.es/,wikidata_P856,1,
INE08069,municipality,08069,Collbató,Cataluña,Barcelona,4828,http://www.collbato.cat/,wikidata_P856,1,
INE34208,municipality,34208,Villaeles de Valdavia,Castilla y León,Palencia,47,http://www.vegavaldavia.com/paginas.asp,wikidata_P856,1,
INE32016,municipality,32016,Calvos de Randín,Galicia,Ourense,650,http://www.calvosderandin.com/webjoomla/index.php/gal/,wikidata_P856,1,
INE49163,municipality,49163,Pozoantiguo,Castilla y León,Zamora,188,https://pozoantiguo.sedelectronica.es/,wikidata_P856,1,
INE37270,municipality,37270,Robliza de Cojos,Castilla y León,Salamanca,185,,,0,
INE26084,municipality,26084,Lardero,"Rioja, La","Rioja, La",12060,http://www.aytolardero.org/,wikidata_P856,1,
INE34034,municipality,34034,Boadilla del Camino,Castilla y León,Palencia,111,http://boadilladelcamino.dip-palencia.es/,wikidata_P856,1,
INE24008,municipality,24008,Astorga,Castilla y León,León,10305,http://www.aytoastorga.es/,wikidata_P856,1,
INE40004,municipality,40004,Aguilafuente,Castilla y León,Segovia,564,http://www.aguilafuente.es/,wikidata_P856,1,
INE09460,municipality,09460,Villasandino,Castilla y León,Burgos,179,http://www.villasandino.es/,wikidata_P856,1,
INE05070,municipality,05070,Donvidas,Castilla y León,Ávila,31,https://www.donvidas.es/,wikidata_P856,1,
INE05008,municipality,05008,Aldeaseca,Castilla y León,Ávila,211,http://www.aldeaseca.es/,wikidata_P856,1,
INE32059,municipality,32059,"Peroxa, A",Galicia,Ourense,1793,http://www.aperoxa.es/,wikidata_P856,1,
INE02074,municipality,02074,Tobarra,Castilla-La Mancha,Albacete,8006,http://www.tobarra.sedipualba.es/,clm_directorio_entidades_locales,0,
INE34110,municipality,34110,Mudá,Castilla y León,Palencia,81,,,0,
INE16079,municipality,16079,Cueva del Hierro,Castilla-La Mancha,Cuenca,27,http://cuevadelhierro.sedelectronica.es/,clm_directorio_entidades_locales,0,
INE24096,municipality,24096,Maraña,Castilla y León,León,103,http://www.aytomarana.es/,wikidata_P856,1,
INE17148,municipality,17148,Riudarenes,Cataluña,Girona,2532,https://www.ajuntamentderiudarenes.cat/,wikidata_P856,1,
INE50289,municipality,50289,Villanueva de Jiloca,Aragón,Zaragoza,73,http://www.villanuevadejiloca.com/,wikidata_P856,1,
INE47049,municipality,47049,Cervillego de la Cruz,Castilla y León,Valladolid,87,,,0,
INE50170,municipality,50170,Monegrillo,Aragón,Zaragoza,378,http://www.monegrillo.es/,wikidata_P856,1,
INE37321,municipality,37321,Tenebrón,Castilla y León,Salamanca,123,,,0,
INE09304,municipality,09304,Rabé de las Calzadas,Castilla y León,Burgos,259,http://www.rabedelascalzadas.es/,wikidata_P856,1,
INE34160,municipality,34160,San Cebrián de Mudá,Castilla y León,Palencia,142,http://sancebriandemuda.dip-palencia.es/,wikidata_P856,1,
INE14066,municipality,14066,Villa del Río,Andalucía,Córdoba,6852,http://www.villadelrio.es/,wikidata_P856,1,
INE49228,municipality,49228,Valdefinjas,Castilla y León,Zamora,60,https://valdefinjas.sedelectronica.es/,wikidata_P856,1,
INE50198,municipality,50198,Oseja,Aragón,Zaragoza,43,,,0,
INE16097,municipality,16097,Henarejos,Castilla-La Mancha,Cuenca,134,,,0,
INE42071,municipality,42071,Cubo de la Solana,Castilla y León,Soria,177,http://www.cubodelasolana.es/,wikidata_P856,1,
INE49065,municipality,49065,Fermoselle,Castilla y León,Zamora,1131,http://www.fermoselle.es/,wikidata_P856,1,
INE49207,municipality,49207,Santovenia,Castilla y León,Zamora,219,,,0,
INE27025,municipality,27025,Xove,Galicia,Lugo,3269,http://www.xove.es/,wikidata_P856,1,
INE09480,municipality,09480,Zael,Castilla y León,Burgos,117,http://www.zael.net/,wikidata_P856,1,
INE47213,municipality,47213,Villalbarba,Castilla y León,Valladolid,96,,,0,
INE20003,municipality,20003,Aizarnazabal,País Vasco,Gipuzkoa,822,http://www.aizarnazabal.net/,wikidata_P856,1,
INE45003,municipality,45003,Albarreal de Tajo,Castilla-La Mancha,Toledo,804,https://albarrealdetajo.es/,clm_directorio_entidades_locales,0,
INE18148,municipality,18148,Otívar,Andalucía,Granada,1011,http://www.otivar.es/,wikidata_P856,1,
INE18043,municipality,18043,Carataunas,Andalucía,Granada,207,http://www.carataunas.es/,wikidata_P856,1,
INE47070,municipality,47070,Gatón de Campos,Castilla y León,Valladolid,46,http://www.gatondecampos.gago.info/,wikidata_P856,1,
INE05901,municipality,05901,San Juan de Gredos,Castilla y León,Ávila,219,http://www.sanjuandegredos.com/,wikidata_P856,1,
INE02057,municipality,02057,Ossa de Montiel,Castilla-La Mancha,Albacete,2233,http://www.ossademontiel.es/,clm_directorio_entidades_locales,0,
INE19139,municipality,19139,Hombrados,Castilla-La Mancha,Guadalajara,44,,,0,
INE37333,municipality,37333,Valdelacasa,Castilla y León,Salamanca,187,,,0,
INE34139,municipality,34139,Prádanos de Ojeda,Castilla y León,Palencia,181,,,0,
INE40063,municipality,40063,Cuéllar,Castilla y León,Segovia,9527,http://www.aytocuellar.es/,wikidata_P856,1,
INE49194,municipality,49194,San Pedro de la Nave-Almendra,Castilla y León,Zamora,313,,,0,
INE10038,municipality,10038,Cachorrilla,Extremadura,Cáceres,83,http://www.cachorrilla.es/,wikidata_P856,1,
INE50125,municipality,50125,Ibdes,Aragón,Zaragoza,351,https://www.ibdes.es/,wikidata_P856,1,
INE26004,municipality,26004,Ajamil de Cameros,"Rioja, La","Rioja, La",79,,,0,
INE32041,municipality,32041,Lobeira,Galicia,Ourense,703,http://www.lobeira.es/,wikidata_P856,1,
INE22136,municipality,22136,Lalueza,Aragón,Huesca,849,http://www.lalueza.es/,wikidata_P856,1,
INE19168,municipality,19168,Mandayona,Castilla-La Mancha,Guadalajara,285,,,0,
INE23101,municipality,23101,Villarrodrigo,Andalucía,Jaén,371,http://www.villarrodrigo.es/,wikidata_P856,1,
INE45075,municipality,45075,Hontanar,Castilla-La Mancha,Toledo,139,https://hontanar.sedelectronica.es/,clm_directorio_entidades_locales,0,
INE50090,municipality,50090,Cubel,Aragón,Zaragoza,145,,,0,
INE24066,municipality,24066,Destriana,Castilla y León,León,422,http://www.aytodestriana.es/,wikidata_P856,1,
INE21045,municipality,21045,Linares de la Sierra,Andalucía,Huelva,279,http://www.linaresdelasierra.es/,wikidata_P856,1,
INE05249,municipality,05249,Umbrías,Castilla y León,Ávila,100,http://www.umbrias.es/,wikidata_P856,1,
INE23049,municipality,23049,Jabalquinto,Andalucía,Jaén,1939,http://www.jabalquinto.es/,wikidata_P856,1,
INE05053,municipality,05053,Casasola,Castilla y León,Ávila,67,http://www.casasola.es/,wikidata_P856,1,
INE44264,municipality,44264,Villel,Aragón,Teruel,336,http://www.villel.com/,wikidata_P856,1,
INE37143,municipality,37143,Galinduste,Castilla y León,Salamanca,401,http://galinduste.es/,wikidata_P856,1,
INE15090,municipality,15090,Vilasantar,Galicia,"Coruña, A",1233,http://www.dicoruna.es/municipios/Vilasantar/,wikidata_P856,2,
INE44036,municipality,44036,Bea,Aragón,Teruel,30,http://www.bea.es/,wikidata_P856,1,
INE07010,municipality,07010,Bunyola,"Balears, Illes",Illes Balears,7642,http://www.ajbunyola.net/,wikidata_P856,1,
INE37157,municipality,37157,Herguijuela de Ciudad Rodrigo,Castilla y León,Salamanca,65,,,0,
INE40095,municipality,40095,Gomezserracín,Castilla y León,Segovia,614,http://www.gomezserracin.es/,wikidata_P856,1,
INE40219,municipality,40219,Vallelado,Castilla y León,Segovia,750,http://www.vallelado.org/,wikidata_P856,1,
INE16250,municipality,16250,Villanueva de Guadamejud,Castilla-La Mancha,Cuenca,59,,,0,
INE36053,municipality,36053,Soutomaior,Galicia,Pontevedra,7589,https://www.soutomaior.gal/,wikidata_P856,1,
INE46047,municipality,46047,Bèlgida,Comunitat Valenciana,València/Valencia,651,http://www.belgida.es/,wikidata_P856,1,
INE09164,municipality,09164,Hontoria de Valdearados,Castilla y León,Burgos,152,http://www.hontoriadevaldearados.burgos.es/,wikidata_P856,1,
INE16135,municipality,16135,Moya,Castilla-La Mancha,Cuenca,133,,,0,
INE02018,municipality,02018,Bonete,Castilla-La Mancha,Albacete,950,http://www.bonete.es/,clm_directorio_entidades_locales,0,
INE19047,municipality,19047,Baides,Castilla-La Mancha,Guadalajara,46,,,0,
INE44014,municipality,44014,Alcorisa,Aragón,Teruel,3243,http://www.alcorisa.org/,wikidata_P856,1,
INE09122,municipality,09122,Espinosa de Cervera,Castilla y León,Burgos,81,http://www.espinosadecervera.es/,wikidata_P856,1,
INE09020,municipality,09020,Arauzo de Miel,Castilla y León,Burgos,260,http://www.arauzodemiel.es/,wikidata_P856,2,
INE17130,municipality,17130,"Pera, La",Cataluña,Girona,447,http://www.lapera.cat/,wikidata_P856,1,
INE27053,municipality,27053,"Ribeira de Piquín, A",Galicia,Lugo,549,http://www.ribeiradepiquin.es/,wikidata_P856,1,
INE49156,municipality,49156,Pinilla de Toro,Castilla y León,Zamora,186,https://pinilladetoro.sedelectronica.es/,wikidata_P856,1,
INE50235,municipality,50235,San Mateo de Gállego,Aragón,Zaragoza,3489,https://www.sanmateodegallego.es/,wikidata_P856,1,
INE18032,municipality,18032,Bubión,Andalucía,Granada,305,http://www.bubion.es/,wikidata_P856,1,
INE36052,municipality,36052,Silleda,Galicia,Pontevedra,8917,https://silleda.gal/,wikidata_P856,1,
INE09442,municipality,09442,Villalmanzo,Castilla y León,Burgos,409,https://www.villalmanzo.es/,wikidata_P856,1,
INE50006,municipality,50006,Ainzón,Aragón,Zaragoza,1036,http://www.ainzon.com/,wikidata_P856,1,
INE15085,municipality,15085,Touro,Galicia,"Coruña, A",3342,http://www.concellodetouro.com/index.php/gl/,wikidata_P856,1,
INE26077,municipality,26077,Hornillos de Cameros,"Rioja, La","Rioja, La",14,,,0,
INE46073,municipality,46073,Bolbaite,Comunitat Valenciana,València/Valencia,1320,http://www.bolbaite.es/,wikidata_P856,1,
INE47134,municipality,47134,Roales de Campos,Castilla y León,Valladolid,155,http://roalesdecampos.ayuntamientosdevalladolid.es/,wikidata_P856,1,
INE16143,municipality,16143,Olmedilla de Eliz,Castilla-La Mancha,Cuenca,20,,,0,
INE12074,municipality,12074,"Llosa, la",Comunitat Valenciana,Castelló/Castellón,1033,http://www.lallosa.es/,wikidata_P856,1,
INE40143,municipality,40143,Navares de Enmedio,Castilla y León,Segovia,90,http://www.navaresdeenmedio.es/,wikidata_P856,1,
INE45191,municipality,45191,Villamuelas,Castilla-La Mancha,Toledo,587,https://www.villamuelas.es/,clm_directorio_entidades_locales,0,
INE42045,municipality,42045,Cabrejas del Pinar,Castilla y León,Soria,288,http://www.cabrejasdelpinar.com/,wikidata_P856,1,
INE22066,municipality,22066,Boltaña,Aragón,Huesca,1089,http://www.boltana.es/,wikidata_P856,1,
INE26169,municipality,26169,Villanueva de Cameros,"Rioja, La","Rioja, La",68,http://www.villanuevadecameros.org/,wikidata_P856,1,
INE19155,municipality,19155,Irueste,Castilla-La Mancha,Guadalajara,93,,,0,
INE37030,municipality,37030,Añover de Tormes,Castilla y León,Salamanca,84,https://www.anoverdetormes.com/,wikidata_P856,1,
INE09216,municipality,09216,Merindad de Valdeporres,Castilla y León,Burgos,412,http://www.merindaddevaldeporres.es/,wikidata_P856,1,
INE36022,municipality,36022,"Grove, O",Galicia,Pontevedra,10833,http://www.concellodogrove.es/,wikidata_P856,1,
INE50002,municipality,50002,Acered,Aragón,Zaragoza,131,,,0,
INE05193,municipality,05193,Rasueros,Castilla y León,Ávila,150,http://www.rasueros.es/,wikidata_P856,1,
INE12008,municipality,12008,Algimia de Almonacid,Comunitat Valenciana,Castelló/Castellón,254,https://www.algimiadealmonacid.es/,wikidata_P856,1,
INE27014,municipality,27014,"Corgo, O",Galicia,Lugo,3366,http://www.concellodocorgo.com/,wikidata_P856,1,
INE09152,municipality,09152,Gumiel de Mercado,Castilla y León,Burgos,376,http://www.gumieldemercado.es/,wikidata_P856,1,
INE37286,municipality,37286,San Martín del Castañar,Castilla y León,Salamanca,233,http://sanmartindelcastañar.com/,wikidata_P856,1,
INE49160,municipality,49160,Pobladura de Valderaduey,Castilla y León,Zamora,34,,,0,
INE34152,municipality,34152,Revenga de Campos,Castilla y León,Palencia,127,http://revengadecampos.dip-palencia.es/,wikidata_P856,1,
INE50084,municipality,50084,Clarés de Ribota,Aragón,Zaragoza,73,,,0,
INE28060,municipality,28060,Fuentidueña de Tajo,"Madrid, Comunidad de",Madrid,2372,https://www.fuentiduenadetajo.org/,wikidata_P856,1,
INE47052,municipality,47052,Cistérniga,Castilla y León,Valladolid,9489,http://www.lacisterniga.es/,wikidata_P856,1,
INE06047,municipality,06047,Esparragosa de la Serena,Extremadura,Badajoz,912,http://www.esparragosadelaserena.es/,wikidata_P856,1,
INE03120,municipality,03120,San Miguel de Salinas,Comunitat Valenciana,Alacant/Alicante,7177,http://www.sanmigueldesalinas.es/,wikidata_P856,1,
INE26072,municipality,26072,Herce,"Rioja, La","Rioja, La",340,http://www.herce.org/,wikidata_P856,1,
INE10100,municipality,10100,Hoyos,Extremadura,Cáceres,848,http://www.hoyos.es/,wikidata_P856,1,
INE42216,municipality,42216,Vizmanos,Castilla y León,Soria,31,,,0,
INE37077,municipality,37077,"Campo de Peñaranda, El",Castilla y León,Salamanca,241,https://elcampodepenaranda.es.tl/,wikidata_P856,1,
INE16206,municipality,16206,Tinajas,Castilla-La Mancha,Cuenca,184,,,0,
INE34205,municipality,34205,Villaconancio,Castilla y León,Palencia,48,,,0,
INE06158,municipality,06158,Zafra,Extremadura,Badajoz,16735,https://zafra.es/,wikidata_P856,1,
INE49172,municipality,49172,Rabanales,Castilla y León,Zamora,497,http://www.aytorabanales.es/,wikidata_P856,1,
INE25250,municipality,25250,Vilanova de Meià,Cataluña,Lleida,479,https://www.vilanovameia.cat/,wikidata_P856,1,
INE49197,municipality,49197,Santa Clara de Avedillo,Castilla y León,Zamora,153,,,0,
INE08146,municipality,08146,Olesa de Bonesvalls,Cataluña,Barcelona,2135,http://www.olesabonesvalls.cat/,wikidata_P856,1,
INE43105,municipality,43105,"Piles, Les",Cataluña,Tarragona,229,http://www.piles.altanet.org/,wikidata_P856,1,
INE03041,municipality,03041,Benissa,Comunitat Valenciana,Alacant/Alicante,12471,http://www.ajbenissa.es/,wikidata_P856,1,
INE10058,municipality,10058,Casatejada,Extremadura,Cáceres,1393,http://www.casatejada.es/,wikidata_P856,1,
INE05158,municipality,05158,Navalmoral,Castilla y León,Ávila,445,http://www.navalmoraldelasierra.com/,wikidata_P856,1,
INE37233,municipality,37233,Pastores,Castilla y León,Salamanca,52,,,0,
INE45125,municipality,45125,Oropesa,Castilla-La Mancha,Toledo,2587,http://www.oropesadetoledo.es/,clm_directorio_entidades_locales,0,
INE44038,municipality,44038,Belmonte de San José,Aragón,Teruel,114,http://www.belmontedesanjose.es/,wikidata_P856,1,
INE44252,municipality,44252,Villahermosa del Campo,Aragón,Teruel,91,http://villahermosadelcampo.iespana.es/,wikidata_P856,1,
INE45130,municipality,45130,Parrillas,Castilla-La Mancha,Toledo,323,http://www.parrillas.es/,clm_directorio_entidades_locales,0,
INE44093,municipality,44093,Cuevas de Almudén,Aragón,Teruel,119,http://www.cuevasdealmuden.es/,wikidata_P856,1,
INE24097,municipality,24097,Matadeón de los Oteros,Castilla y León,León,212,http://www.aytomatadeondelosoteros.es/,wikidata_P856,1,
INE08012,municipality,08012,Avinyó,Cataluña,Barcelona,2322,http://www.avinyo.cat/,wikidata_P856,1,
INE44127,municipality,44127,Jabaloyas,Aragón,Teruel,66,http://www.jabaloyas.es/,wikidata_P856,1,
INE37319,municipality,37319,"Tejado, El",Castilla y León,Salamanca,83,http://eltejado.awardspace.com/,wikidata_P856,1,
INE05228,municipality,05228,Santiago del Collado,Castilla y León,Ávila,161,http://www.santiagodelcollado.es/,wikidata_P856,1,
INE12038,municipality,12038,Castellfort,Comunitat Valenciana,Castelló/Castellón,178,http://www.castellfort.es/,wikidata_P856,1,
INE26024,municipality,26024,Bañares,"Rioja, La","Rioja, La",198,http://www.banares.org/,wikidata_P856,1,
INE47227,municipality,47227,Villavellid,Castilla y León,Valladolid,51,,,0,
INE37118,municipality,37118,Éjeme,Castilla y León,Salamanca,139,http://aytoejeme.es/,wikidata_P856,1,
INE10193,municipality,10193,Torreorgaz,Extremadura,Cáceres,1641,,,0,
INE47160,municipality,47160,Siete Iglesias de Trabancos,Castilla y León,Valladolid,413,,,0,
INE19002,municipality,19002,Ablanque,Castilla-La Mancha,Guadalajara,70,http://www.ablanque.org/,wikidata_P856,1,
INE47205,municipality,47205,Villafrechós,Castilla y León,Valladolid,473,http://www.villafrechos.org.es/,wikidata_P856,1,
INE19182,municipality,19182,"Mierla, La",Castilla-La Mancha,Guadalajara,44,,,0,
INE31141,municipality,31141,Lapoblación,"Navarra, Comunidad Foral de",Navarra,123,,,0,
INE42148,municipality,42148,Quiñonería,Castilla y León,Soria,10,,,0,
INE15017,municipality,15017,Cambre,Galicia,"Coruña, A",24765,http://www.cambre.org/,wikidata_P856,1,
INE32058,municipality,32058,"Pereiro de Aguiar, O",Galicia,Ourense,6794,https://pereiro.gal/,wikidata_P856,1,
INE08122,municipality,08122,Mediona,Cataluña,Barcelona,2658,http://www.mediona.cat/,wikidata_P856,1,
INE04033,municipality,04033,Castro de Filabres,Andalucía,Almería,101,http://www.castrodefilabres.es/,wikidata_P856,1,
INE46120,municipality,46120,Estivella,Comunitat Valenciana,València/Valencia,1710,http://www.estivella.es/,wikidata_P856,1,
INE08175,municipality,08175,Puig-reig,Cataluña,Barcelona,4565,https://puig-reig.cat/,wikidata_P856,1,
INE28043,municipality,28043,Colmenar de Oreja,"Madrid, Comunidad de",Madrid,9127,https://aytocdo.com/,wikidata_P856,1,
INE49176,municipality,49176,Riofrío de Aliste,Castilla y León,Zamora,589,,,0,
INE09136,municipality,09136,Fuentecén,Castilla y León,Burgos,246,http://www.fuentecen.es/,wikidata_P856,1,
INE46029,municipality,46029,Algemesí,Comunitat Valenciana,València/Valencia,28306,http://www.algemesi.es/,wikidata_P856,1,
INE37103,municipality,37103,Cespedosa de Tormes,Castilla y León,Salamanca,480,http://www.ayuntamientodecespedosa.es/,wikidata_P856,1,
INE42107,municipality,42107,Magaña,Castilla y León,Soria,61,http://www.magana.es/,wikidata_P856,1,
INE34112,municipality,34112,Nogal de las Huertas,Castilla y León,Palencia,46,,,0,
INE42184,municipality,42184,Torlengua,Castilla y León,Soria,43,,,0,
INE09424,municipality,09424,Viloria de Rioja,Castilla y León,Burgos,38,,,0,
INE42007,municipality,42007,Alcubilla de Avellaneda,Castilla y León,Soria,111,http://www.alcubilladeavellaneda.com/,wikidata_P856,1,
INE27031,municipality,27031,Monforte de Lemos,Galicia,Lugo,18933,http://www.monfortedelemos.es/,wikidata_P856,1,
INE34206,municipality,34206,Villada,Castilla y León,Palencia,863,http://villada.dip-palencia.es/,wikidata_P856,1,
INE42141,municipality,42141,"Póveda de Soria, La",Castilla y León,Soria,108,http://www.lapoveda.es/,wikidata_P856,1,
INE26150,municipality,26150,Tormantos,"Rioja, La","Rioja, La",124,http://www.tormantos.org/,wikidata_P856,1,
INE34081,municipality,34081,Guaza de Campos,Castilla y León,Palencia,57,http://guazadecampos.es/,wikidata_P856,1,
INE23062,municipality,23062,Montizón,Andalucía,Jaén,1574,http://www.montizon.es/,wikidata_P856,1,
INE16189,municipality,16189,Salvacañete,Castilla-La Mancha,Cuenca,300,http://www.salvacanete.es/,wikidata_P856,1,
INE45037,municipality,45037,"Carpio de Tajo, El",Castilla-La Mancha,Toledo,1948,https://www.elcarpiodetajo.es/,clm_directorio_entidades_locales,0,
INE46200,municipality,46200,"Pobla del Duc, la",Comunitat Valenciana,València/Valencia,2451,http://www.lapobladelduc.es/,wikidata_P856,1,
INE50139,municipality,50139,Letux,Aragón,Zaragoza,349,,,0,
INE08298,municipality,08298,Vic,Cataluña,Barcelona,50796,https://www.vic.cat/,wikidata_P856,1,
INE07042,municipality,07042,Pollença,"Balears, Illes",Illes Balears,17807,http://www.ajpollenca.net/,wikidata_P856,1,
INE26042,municipality,26042,Casalarreina,"Rioja, La","Rioja, La",1094,https://www.casalarreina.es/,wikidata_P856,1,
INE01027,municipality,01027,Iruraiz-Gauna,País Vasco,Araba/Álava,559,http://www.iruraiz-gauna.com/,wikidata_P856,1,
INE48022,municipality,48022,Karrantza Harana/Valle de Carranza,País Vasco,Bizkaia,2715,http://www.karrantza.org/,wikidata_P856,1,
INE48082,municipality,48082,Santurtzi,País Vasco,Bizkaia,46442,http://www.ayto-santurtzi.net/,wikidata_P856,1,
INE48094,municipality,48094,Igorre,País Vasco,Bizkaia,4344,http://www.igorre.net/,wikidata_P856,1,
INE04904,municipality,04904,Balanegra,Andalucía,Almería,3055,http://www.balanegra.es/,wikidata_P856,1,
INE48002,municipality,48002,Abanto y Ciérvana-Abanto Zierbena,País Vasco,Bizkaia,9379,http://www.abanto-zierbena.org/,wikidata_P856,1,
INE48090,municipality,48090,Balmaseda,País Vasco,Bizkaia,7718,http://www.balmaseda.net/,wikidata_P856,1,
INE43904,municipality,43904,"Aldea, L'",Cataluña,Tarragona,4657,https://laldea.cat/,wikidata_P856,1,
INE34133,municipality,34133,Población de Cerrato,Castilla y León,Palencia,102,http://www.poblaciondecerrato.es/,wikidata_P856,1,
INE42087,municipality,42087,Fuentecantos,Castilla y León,Soria,65,http://www.fuentecantos.es/,wikidata_P856,1,
INE16166,municipality,16166,Pozoamargo,Castilla-La Mancha,Cuenca,255,http://www.dipucuenca.es/imunicipal/buscamunicipio.asp,wikidata_P856,1,
INE19249,municipality,19249,San Andrés del Rey,Castilla-La Mancha,Guadalajara,35,,,0,
INE29038,municipality,29038,Cártama,Andalucía,Málaga,29333,http://www.cartama.es/,wikidata_P856,1,
INE05121,municipality,05121,Martiherrero,Castilla y León,Ávila,372,http://www.martiherrero.es/,wikidata_P856,1,
INE09050,municipality,09050,Berberana,Castilla y León,Burgos,52,http://www.berberana.es/,wikidata_P856,1,
INE09137,municipality,09137,Fuentelcésped,Castilla y León,Burgos,290,http://fuentelcesped.burgos.es/,wikidata_P856,1,
INE09244,municipality,09244,Padrones de Bureba,Castilla y León,Burgos,49,http://www.padronesdebureba.es/,wikidata_P856,1,
INE08100,municipality,08100,Gurb,Cataluña,Barcelona,2741,https://www.gurb.cat/,wikidata_P856,1,
INE08241,municipality,08241,Sant Sadurní d'Osormort,Cataluña,Barcelona,89,http://www.santsadurnidosormort.cat/,wikidata_P856,1,
INE07005,municipality,07005,Andratx,"Balears, Illes",Illes Balears,12195,http://www.andratx.es/,wikidata_P856,1,
INE01051,municipality,01051,Agurain/Salvatierra,País Vasco,Araba/Álava,5189,http://www.agurain.com/,wikidata_P856,1,
INE47010,municipality,47010,Arroyo de la Encomienda,Castilla y León,Valladolid,22800,http://www.aytoarroyo.com/,wikidata_P856,1,
INE18065,municipality,18065,Dehesas Viejas,Andalucía,Granada,635,http://www.dehesasviejas.es/,wikidata_P856,1,
INE29904,municipality,29904,Serrato,Andalucía,Málaga,457,http://www.serrato.es/,wikidata_P856,1,
INE38031,municipality,38031,"Realejos, Los",Canarias,Santa Cruz de Tenerife,37867,http://www.losrealejos.es/,wikidata_P856,1,
INE28901,municipality,28901,Lozoyuela-Navas-Sieteiglesias,"Madrid, Comunidad de",Madrid,1468,http://www.lozoyuela.com/,wikidata_P856,1,
INE07043,municipality,07043,Porreres,"Balears, Illes",Illes Balears,5892,http://www.porreres.cat/,wikidata_P856,1,
INE21020,municipality,21020,Cañaveral de León,Andalucía,Huelva,389,http://www.canaveraldeleon.es/,wikidata_P856,1,
INE08019,municipality,08019,Barcelona,Cataluña,Barcelona,1731649,https://barcelona.cat/,wikidata_P856,1,
INE28106,municipality,28106,Parla,"Madrid, Comunidad de",Madrid,137471,http://www.ayuntamientoparla.es/,wikidata_P856,1,
INE03019,municipality,03019,Aspe,Comunitat Valenciana,Alacant/Alicante,22397,http://www.aspe.es/,wikidata_P856,1,
INE10020,municipality,10020,Almoharín,Extremadura,Cáceres,1771,http://www.almoharin.es/,wikidata_P856,1,
INE10201,municipality,10201,Valdemorales,Extremadura,Cáceres,218,http://www.valdemorales.es/,wikidata_P856,1,
INE18915,municipality,18915,Domingo Pérez de Granada,Andalucía,Granada,822,http://ayuntamientodomingoperez.es/,wikidata_P856,1,
INE41017,municipality,41017,Bormujos,Andalucía,Sevilla,23071,https://bormujos.es/,wikidata_P856,1,
INE08903,municipality,08903,Sant Julià de Cerdanyola,Cataluña,Barcelona,234,http://www.santjuliadecerdanyola.cat/,wikidata_P856,1,
INE17111,municipality,17111,Navata,Cataluña,Girona,1507,http://navata.cat/,wikidata_P856,1,
INE46206,municipality,46206,Quesa,Comunitat Valenciana,València/Valencia,691,http://www.quesa.es/,wikidata_P856,1,
INE01017,municipality,01017,Campezo/Kanpezu,País Vasco,Araba/Álava,1073,http://www.campezo.org/,wikidata_P856,1,
INE16017,municipality,16017,Almodóvar del Pinar,Castilla-La Mancha,Cuenca,401,http://almodovardelpinar.sedelectronica.es/,clm_directorio_entidades_locales,0,
INE24169,municipality,24169,Toreno,Castilla y León,León,2833,http://toreno.net/,wikidata_P856,1,
INE32063,municipality,32063,"Pobra de Trives, A",Galicia,Ourense,1929,,,0,
INE37072,municipality,37072,Calzada de Don Diego,Castilla y León,Salamanca,127,,,0,
INE39014,municipality,39014,Cabuérniga,Cantabria,Cantabria,976,http://www.cabuerniga.org/,wikidata_P856,1,
INE48037,municipality,48037,Galdames,País Vasco,Bizkaia,829,http://www.galdames.org/,wikidata_P856,1,
INE08205,municipality,08205,Sant Cugat del Vallès,Cataluña,Barcelona,97983,https://www.santcugat.cat/,wikidata_P856,1,
INE17202,municipality,17202,Tossa de Mar,Cataluña,Girona,6347,http://www.tossademar.cat/,wikidata_P856,1,
INE43011,municipality,43011,Almoster,Cataluña,Tarragona,1384,https://almoster.cat/,wikidata_P856,1,
INE34161,municipality,34161,San Cristóbal de Boedo,Castilla y León,Palencia,20,https://sancristobaldeboedo.es/,wikidata_P856,1,
INE44249,municipality,44249,"Vallecillo, El",Aragón,Teruel,40,http://www.elvallecillo.es/,wikidata_P856,1,
INE42097,municipality,42097,Gormaz,Castilla y León,Soria,18,http://www.gormaz.es/,wikidata_P856,1,
INE28015,municipality,28015,Arroyomolinos,"Madrid, Comunidad de",Madrid,38075,http://www.ayto-arroyomolinos.org/,wikidata_P856,1,
INE14002,municipality,14002,Aguilar de la Frontera,Andalucía,Córdoba,13130,http://aguilardelafrontera.es/,wikidata_P856,1,
INE14025,municipality,14025,Espejo,Andalucía,Córdoba,3175,https://espejo.es/,wikidata_P856,1,
INE50091,municipality,50091,"Cuerlas, Las",Aragón,Zaragoza,44,,,0,
INE48907,municipality,48907,Kortezubi,País Vasco,Bizkaia,447,,,0,
INE48915,municipality,48915,Ziortza-Bolibar,País Vasco,Bizkaia,401,http://www.ziortza-bolibar.com/,wikidata_P856,1,
INE14015,municipality,14015,Carcabuey,Andalucía,Córdoba,2302,https://carcabuey.es/,wikidata_P856,1,
INE14022,municipality,14022,Doña Mencía,Andalucía,Córdoba,4465,http://www.donamencia.es/,wikidata_P856,1,
INE06068,municipality,06068,Hinojosa del Valle,Extremadura,Badajoz,472,http://www.hinojosadelvalle.es/,wikidata_P856,1,
INE48006,municipality,48006,Arantzazu,País Vasco,Bizkaia,411,http://www.arantzazukoudala.com/,wikidata_P856,1,
INE48010,municipality,48010,Arrieta,País Vasco,Bizkaia,582,,,0,
INE48017,municipality,48017,Bermeo,País Vasco,Bizkaia,17038,http://www.bermeo.org/,wikidata_P856,1,
INE48021,municipality,48021,Busturia,País Vasco,Bizkaia,1693,http://www.busturia.org/,wikidata_P856,1,
INE48043,municipality,48043,Gorliz,País Vasco,Bizkaia,6034,https://www.gorliz.eu/,wikidata_P856,1,
INE48048,municipality,48048,Ibarrangelu,País Vasco,Bizkaia,669,,,0,
INE48052,municipality,48052,Larrabetzu,País Vasco,Bizkaia,2039,http://www.larrabetzuko-udala.com/,wikidata_P856,1,
INE48060,municipality,48060,Markina-Xemein,País Vasco,Bizkaia,5089,http://www.markina-xemein.com/,wikidata_P856,1,
INE48063,municipality,48063,Mendexa,País Vasco,Bizkaia,426,,,0,
INE48070,municipality,48070,Aulesti,País Vasco,Bizkaia,639,http://www.aulesti.net/,wikidata_P856,1,
INE48077,municipality,48077,Plentzia,País Vasco,Bizkaia,4407,http://www.plentzia.net/,wikidata_P856,1,
INE01042,municipality,01042,Okondo,País Vasco,Araba/Álava,1184,,,0,
INE41095,municipality,41095,Utrera,Andalucía,Sevilla,52403,http://www.utrera.org/,wikidata_P856,1,
INE08216,municipality,08216,Sant Jaume de Frontanyà,Cataluña,Barcelona,25,http://www.santjaumedefrontanya.cat/,wikidata_P856,1,
INE08253,municipality,08253,Santa Maria de Besora,Cataluña,Barcelona,164,https://www.santamariabesora.cat/,wikidata_P856,1,
INE30020,municipality,30020,Fortuna,"Murcia, Región de",Murcia,11437,http://www.aytofortuna.es/,wikidata_P856,1,
INE06004,municipality,06004,Alange,Extremadura,Badajoz,1802,http://www.alange.es/,wikidata_P856,1,
INE08086,municipality,08086,"Franqueses del Vallès, Les",Cataluña,Barcelona,20881,http://www.lesfranqueses.cat/,wikidata_P856,1,
INE25017,municipality,25017,Alins,Cataluña,Lleida,269,https://alins.ddl.net/,wikidata_P856,1,
INE08094,municipality,08094,"Granada, La",Cataluña,Barcelona,2287,http://www.lagranada.cat/,wikidata_P856,1,
INE08206,municipality,08206,Sant Cugat Sesgarrigues,Cataluña,Barcelona,1038,https://santcugatsesgarrigues.cat/,wikidata_P856,1,
INE41005,municipality,41005,Alcalá del Río,Andalucía,Sevilla,12335,http://www.alcaladelrio.es/,wikidata_P856,1,
INE14044,municipality,14044,Monturque,Andalucía,Córdoba,1929,http://www.monturque.es/,wikidata_P856,2,
INE23092,municipality,23092,Úbeda,Andalucía,Jaén,33588,https://www.ubeda.es/,wikidata_P856,1,
INE29046,municipality,29046,Cortes de la Frontera,Andalucía,Málaga,3048,https://www.cortesdelafrontera.es/,wikidata_P856,1,
INE41067,municipality,41067,Olivares,Andalucía,Sevilla,9537,https://olivares.es/,wikidata_P856,1,
INE37102,municipality,37102,"Cerro, El",Castilla y León,Salamanca,363,,,0,
INE04083,municipality,04083,Serón,Andalucía,Almería,2151,http://www.seron.es/,wikidata_P856,1,
INE08307,municipality,08307,Vilanova i la Geltrú,Cataluña,Barcelona,71641,http://www.vilanova.cat/,wikidata_P856,1,
INE18034,municipality,18034,Cacín,Andalucía,Granada,549,https://www.cacin.es/,wikidata_P856,1,
INE05247,municipality,05247,"Torre, La",Castilla y León,Ávila,209,https://latorre.es/,wikidata_P856,1,
INE05252,municipality,05252,Valdecasa,Castilla y León,Ávila,54,http://www.valdecasa.es/,wikidata_P856,1,
INE18145,municipality,18145,Ogíjares,Andalucía,Granada,15239,https://www.ogijares.es/,wikidata_P856,1,
INE41039,municipality,41039,Écija,Andalucía,Sevilla,39659,http://www.ecija.es/,wikidata_P856,1,
INE41057,municipality,41057,"Madroño, El",Andalucía,Sevilla,286,http://www.elmadrono.es/,wikidata_P856,1,
INE31007,municipality,31007,Adiós,"Navarra, Comunidad Foral de",Navarra,194,,,0,
INE31147,municipality,31147,Legarda,"Navarra, Comunidad Foral de",Navarra,143,,,0,
INE24025,municipality,24025,Burón,Castilla y León,León,282,https://www.aytoburon.es/,wikidata_P856,1,
INE25092,municipality,25092,"Floresta, La",Cataluña,Lleida,159,http://www.floresta.cat/,wikidata_P856,1,
INE25130,municipality,25130,Maldà,Cataluña,Lleida,239,http://www.malda.cat/,wikidata_P856,1,
INE45144,municipality,45144,"Real de San Vicente, El",Castilla-La Mancha,Toledo,966,https://elrealdesanvicente.es/,clm_directorio_entidades_locales,0,
INE31124,municipality,31124,Ibargoiti,"Navarra, Comunidad Foral de",Navarra,279,http://www.ibargoiti.es/,wikidata_P856,1,
INE25049,municipality,25049,Bellmunt d'Urgell,Cataluña,Lleida,174,http://bellmunt.ddl.net/,wikidata_P856,1,
INE25041,municipality,25041,Barbens,Cataluña,Lleida,929,https://www.barbens.cat/,wikidata_P856,1,
INE25079,municipality,25079,Cubells,Cataluña,Lleida,354,http://cubells.cat/,wikidata_P856,1,
INE25035,municipality,25035,"Sentiu de Sió, La",Cataluña,Lleida,448,http://www.sentiu.cat/,wikidata_P856,1,
INE21074,municipality,21074,Villalba del Alcor,Andalucía,Huelva,3303,http://www.villalbadelalcor.es/,wikidata_P856,1,
INE25216,municipality,25216,Talavera,Cataluña,Lleida,280,https://talavera.ddl.net/,wikidata_P856,1,
INE25238,municipality,25238,Vallbona de les Monges,Cataluña,Lleida,223,http://www.vallbonadelesmonges.cat/,wikidata_P856,1,
INE33043,municipality,33043,Onís,"Asturias, Principado de",Asturias,739,http://www.concejodeonis.com/,wikidata_P856,1,
INE08904,municipality,08904,Badia del Vallès,Cataluña,Barcelona,13060,http://www.badiadelvalles.cat/,wikidata_P856,1,
INE33042,municipality,33042,Noreña,"Asturias, Principado de",Asturias,5131,http://www.aytonorena.es/,wikidata_P856,1,
INE38025,municipality,38025,"Matanza de Acentejo, La",Canarias,Santa Cruz de Tenerife,9089,http://www.matanceros.es/,wikidata_P856,1,
INE38034,municipality,38034,San Juan de la Rambla,Canarias,Santa Cruz de Tenerife,4987,http://www.sanjuandelarambla.es/,wikidata_P856,1,
INE46094,municipality,46094,Catarroja,Comunitat Valenciana,València/Valencia,30604,http://www.catarroja.es/,wikidata_P856,1,
INE19308,municipality,19308,Valfermoso de Tajuña,Castilla-La Mancha,Guadalajara,77,,,0,
INE04085,municipality,04085,Somontín,Andalucía,Almería,497,http://www.somontin.info/,wikidata_P856,1,
INE03074,municipality,03074,Granja de Rocamora,Comunitat Valenciana,Alacant/Alicante,2728,http://www.granjaderocamora.es/,wikidata_P856,1,
INE14018,municipality,14018,"Carpio, El",Andalucía,Córdoba,4327,http://www.ayunelcarpio.es/,wikidata_P856,1,
INE25055,municipality,25055,Biosca,Cataluña,Lleida,185,http://biosca.ddl.net/,wikidata_P856,1,
INE25255,municipality,25255,Vinaixa,Cataluña,Lleida,437,http://www.vinaixa.cat/,wikidata_P856,1,
INE29031,municipality,29031,"Burgo, El",Andalucía,Málaga,1761,http://www.elburgo.es/,wikidata_P856,1,
INE19043,municipality,19043,Atanzón,Castilla-La Mancha,Guadalajara,83,,,0,
INE26014,municipality,26014,Anguiano,"Rioja, La","Rioja, La",488,,,1,tourism_only
INE34079,municipality,34079,Grijota,Castilla y León,Palencia,2839,http://www.grijota.es/,wikidata_P856,1,
INE34237,municipality,34237,Villaumbrales,Castilla y León,Palencia,627,,,0,
INE17049,municipality,17049,Celrà,Cataluña,Girona,5621,https://www.celra.cat/,wikidata_P856,1,
INE38004,municipality,38004,Arafo,Canarias,Santa Cruz de Tenerife,5945,http://www.arafo.es/,wikidata_P856,1,
INE28045,municipality,28045,Colmenar Viejo,"Madrid, Comunidad de",Madrid,58730,http://www.colmenarviejo.com/,wikidata_P856,1,
INE41052,municipality,41052,Lantejuela,Andalucía,Sevilla,3857,http://www.lantejuela.org/,wikidata_P856,1,
INE43126,municipality,43126,"Riera de Gaià, La",Cataluña,Tarragona,1834,http://www.rieradegaia.cat/,wikidata_P856,1,
INE04037,municipality,04037,Chirivel,Andalucía,Almería,1619,http://www.chirivel.es/,wikidata_P856,1,
INE39073,municipality,39073,Santa Cruz de Bezana,Cantabria,Cantabria,13904,http://www.aytobezana.com/portal/,wikidata_P856,1,
INE30036,municipality,30036,San Pedro del Pinatar,"Murcia, Región de",Murcia,29674,http://ayto.sanpedrodelpinatar.es/,wikidata_P856,1,
INE07027,municipality,07027,Inca,"Balears, Illes",Illes Balears,36262,http://incaciutat.com/,wikidata_P856,1,
INE23019,municipality,23019,Campillo de Arenas,Andalucía,Jaén,1711,http://www.campillodearenas.es/,wikidata_P856,1,
INE25034,municipality,25034,Artesa de Segre,Cataluña,Lleida,3559,http://www.artesadesegre.cat/,wikidata_P856,1,
INE25115,municipality,25115,Isona i Conca Dellà,Cataluña,Lleida,1038,https://www.isonaiconcadella.cat/,wikidata_P856,1,
INE25172,municipality,25172,Ponts,Cataluña,Lleida,2653,http://www.ponts.cat/,wikidata_P856,1,
INE36047,municipality,36047,Rodeiro,Galicia,Pontevedra,2232,http://www.rodeiro.gal/,wikidata_P856,1,
INE16030,municipality,16030,Bascuñana de San Pedro,Castilla-La Mancha,Cuenca,23,,,0,
INE16035,municipality,16035,Beteta,Castilla-La Mancha,Cuenca,253,http://www.beteta.es/,clm_directorio_entidades_locales,0,
INE13028,municipality,13028,Campo de Criptana,Castilla-La Mancha,Ciudad Real,12868,http://www.campodecriptana.es/,clm_directorio_entidades_locales,0,
INE16091,municipality,16091,Fuertescusa,Castilla-La Mancha,Cuenca,65,http://fuertescusa.sedelectronica.es/,clm_directorio_entidades_locales,0,
INE14070,municipality,14070,Villanueva del Duque,Andalucía,Córdoba,1409,http://www.villanuevadelduque.com/,wikidata_P856,1,
INE16122,municipality,16122,Mariana,Castilla-La Mancha,Cuenca,332,http://mariana.sedelectronica.es/,clm_directorio_entidades_locales,0,
INE16224,municipality,16224,Valdemeca,Castilla-La Mancha,Cuenca,83,,,0,
INE16909,municipality,16909,Sotorribas,Castilla-La Mancha,Cuenca,711,,,0,
INE28096,municipality,28096,Navalcarnero,"Madrid, Comunidad de",Madrid,33331,http://www.ayto-navalcarnero.com/,wikidata_P856,1,
INE41082,municipality,41082,"Roda de Andalucía, La",Andalucía,Sevilla,4168,http://www.larodadeandalucia.es/,wikidata_P856,1,
INE11030,municipality,11030,Rota,Andalucía,Cádiz,29289,http://www.aytorota.es/,wikidata_P856,1,
INE08022,municipality,08022,Berga,Cataluña,Barcelona,17473,https://www.ajberga.cat/,wikidata_P856,1,
INE14006,municipality,14006,Añora,Andalucía,Córdoba,1487,http://www.anora.es/,wikidata_P856,1,
INE31038,municipality,31038,Artajona,"Navarra, Comunidad Foral de",Navarra,1783,http://www.animsa.es/artajona,wikidata_P856,1,
INE29069,municipality,29069,Marbella,Andalucía,Málaga,159786,https://www.marbella.es/,wikidata_P856,1,
INE08147,municipality,08147,Olesa de Montserrat,Cataluña,Barcelona,24966,https://www.olesademontserrat.cat/,wikidata_P856,1,
INE18013,municipality,18013,Alhama de Granada,Andalucía,Granada,5544,http://www.alhama.org/,wikidata_P856,1,
INE18911,municipality,18911,Vegas del Genil,Andalucía,Granada,12424,http://www.vegasdelgenil.es/,wikidata_P856,1,
INE04063,municipality,04063,María,Andalucía,Almería,1202,http://www.maria.es/,wikidata_P856,1,
INE06157,municipality,06157,Villarta de los Montes,Extremadura,Badajoz,375,http://www.villartadelosmontes.es/,wikidata_P856,1,
INE11035,municipality,11035,Tarifa,Andalucía,Cádiz,18613,http://www.aytotarifa.com/,wikidata_P856,1,
INE17155,municipality,17155,Salt,Cataluña,Girona,34491,http://www.viladesalt.cat/,wikidata_P856,1,
INE50107,municipality,50107,Figueruelas,Aragón,Zaragoza,1303,https://www.figueruelas.es/,wikidata_P856,1,
INE16089,municipality,16089,Fuentes,Castilla-La Mancha,Cuenca,462,https://fuentes.sedelectronica.es/,clm_directorio_entidades_locales,0,
INE15074,municipality,15074,Rois,Galicia,"Coruña, A",4358,http://www.concelloderois.org/,wikidata_P856,1,
INE16100,municipality,16100,"Hinojosos, Los",Castilla-La Mancha,Cuenca,702,http://loshinojosos.sedelectronica.es/,clm_directorio_entidades_locales,0,
INE12005,municipality,12005,"Alcora, l'",Comunitat Valenciana,Castelló/Castellón,10664,http://www.lalcora.es/,wikidata_P856,1,
INE36009,municipality,36009,"Caniza, A",Galicia,Pontevedra,4990,http://www.caniza.org/,wikidata_P856,1,
INE17154,municipality,17154,Sales de Llierca,Cataluña,Girona,164,http://www.salesdellierca.cat/,wikidata_P856,1,
INE17184,municipality,17184,Santa Pau,Cataluña,Girona,1579,http://www.santapau.cat/,wikidata_P856,1,
INE30041,municipality,30041,"Unión, La","Murcia, Región de",Murcia,21380,http://www.ayto-launion.com/,wikidata_P856,1,
INE03107,municipality,03107,Polop,Comunitat Valenciana,Alacant/Alicante,5828,http://www.polop.org/,wikidata_P856,1,
INE43006,municipality,43006,Aldover,Cataluña,Tarragona,901,http://www.aldover.cat/,wikidata_P856,1,
INE43124,municipality,43124,"Riba, La",Cataluña,Tarragona,574,http://www.riba.cat/,wikidata_P856,1,
INE17201,municipality,17201,Toses,Cataluña,Girona,198,http://www.toses.cat/,wikidata_P856,1,
INE17212,municipality,17212,Vidrà,Cataluña,Girona,167,http://www.vidra.cat/,wikidata_P856,1,
INE17215,municipality,17215,Vilablareix,Cataluña,Girona,4077,https://www.vilablareix.cat/,wikidata_P856,1,
INE28070,municipality,28070,Horcajo de la Sierra-Aoslos,"Madrid, Comunidad de",Madrid,219,http://www.horcajodelasierra-aoslos.es/,wikidata_P856,1,
INE43072,municipality,43072,"Lloar, El",Cataluña,Tarragona,99,http://www.lloar.altanet.org/,wikidata_P856,1,
INE43078,municipality,43078,Masdenverge,Cataluña,Tarragona,1138,http://www.masdenverge.cat/,wikidata_P856,1,
INE25127,municipality,25127,Lles de Cerdanya,Cataluña,Lleida,290,http://lles.ddl.net/,wikidata_P856,1,
INE08304,municipality,08304,Vilobí del Penedès,Cataluña,Barcelona,1154,http://www.vilobi.cat/,wikidata_P856,1,
INE08208,municipality,08208,Sant Esteve Sesrovires,Cataluña,Barcelona,8121,http://www.sesrovires.cat/,wikidata_P856,1,
INE17034,municipality,17034,Calonge i Sant Antoni,Cataluña,Girona,12335,http://www.calonge.cat/,wikidata_P856,1,
INE18059,municipality,18059,Chauchina,Andalucía,Granada,5817,http://www.chauchina.es/,wikidata_P856,1,
INE18146,municipality,18146,Orce,Andalucía,Granada,1116,http://www.orce.es/,wikidata_P856,1,
INE26025,municipality,26025,Baños de Rioja,"Rioja, La","Rioja, La",86,http://www.banosderioja.org/,wikidata_P856,1,
INE41083,municipality,41083,"Ronquillo, El",Andalucía,Sevilla,1453,http://www.elronquillo.es/,wikidata_P856,1,
INE09458,municipality,09458,Villariezo,Castilla y León,Burgos,731,http://www.villariezo.es/,wikidata_P856,1,
INE17007,municipality,17007,Amer,Cataluña,Girona,2422,http://www.amer.cat/,wikidata_P856,1,
INE17011,municipality,17011,"Armentera, L'",Cataluña,Girona,1080,http://www.armentera.cat/,wikidata_P856,1,
INE28108,municipality,28108,Pedrezuela,"Madrid, Comunidad de",Madrid,6606,http://www.pedrezuela.info/,wikidata_P856,1,
INE08204,municipality,08204,Sant Climent de Llobregat,Cataluña,Barcelona,4187,http://www.santclimentdellobregat.cat/,wikidata_P856,1,
INE43035,municipality,43035,Cabacés,Cataluña,Tarragona,296,https://cabaces.altanet.org/,wikidata_P856,1,
INE08153,municipality,08153,Òrrius,Cataluña,Barcelona,812,http://www.orrius.cat/,wikidata_P856,1,
INE25228,municipality,25228,Torrefarrera,Cataluña,Lleida,4900,http://www.torrefarrera.cat/,wikidata_P856,1,
INE25021,municipality,25021,Almenar,Cataluña,Lleida,3369,http://www.almenar.cat/,wikidata_P856,1,
INE08135,municipality,08135,Montmeló,Cataluña,Barcelona,8886,https://www.montmelo.cat/,wikidata_P856,1,
INE43166,municipality,43166,Vilallonga del Camp,Cataluña,Tarragona,2495,https://www.vilallongadelcamp.cat/,wikidata_P856,1,
INE43134,municipality,43134,"Rourell, El",Cataluña,Tarragona,385,http://www.rourell.altanet.org/,wikidata_P856,1,
INE08259,municipality,08259,Santa Maria de Palautordera,Cataluña,Barcelona,10080,http://www.smpalautordera.cat/,wikidata_P856,1,
INE08234,municipality,08234,Sant Pere de Vilamajor,Cataluña,Barcelona,5074,http://www.vilamajor.cat/,wikidata_P856,1,
INE43077,municipality,43077,Mas de Barberans,Cataluña,Tarragona,535,http://www.masdebarberans.net/,wikidata_P856,1,
INE43144,municipality,43144,"Secuita, La",Cataluña,Tarragona,1845,http://www.lasecuita.cat/,wikidata_P856,1,
INE43099,municipality,43099,"Palma d'Ebre, La",Cataluña,Tarragona,333,http://www.palmadebre.cat/,wikidata_P856,1,
INE08182,municipality,08182,"Pont de Vilomara i Rocafort, El",Cataluña,Barcelona,4193,https://www.elpont.cat/,wikidata_P856,1,
INE43135,municipality,43135,Salomó,Cataluña,Tarragona,519,https://salomo.cat/,wikidata_P856,1,
INE43088,municipality,43088,Montbrió del Camp,Cataluña,Tarragona,3157,http://www.montbriodelcamp.cat/,wikidata_P856,1,
INE43114,municipality,43114,Porrera,Cataluña,Tarragona,405,https://www.porrera.org/,wikidata_P856,1,
INE43116,municipality,43116,Prades,Cataluña,Tarragona,629,https://prades.cat/,wikidata_P856,1,
INE43048,municipality,43048,Corbera d'Ebre,Cataluña,Tarragona,1023,https://www.corberaebre.cat/,wikidata_P856,1,
INE43154,municipality,43154,Torroja del Priorat,Cataluña,Tarragona,129,http://www.torroja.altanet.org/,wikidata_P856,1,
INE43063,municipality,43063,"Galera, La",Cataluña,Tarragona,726,http://www.galera.altanet.org/,wikidata_P856,1,
INE30010,municipality,30010,Beniel,"Murcia, Región de",Murcia,11582,http://www.beniel.es/,wikidata_P856,1,
INE33063,municipality,33063,San Tirso de Abres,"Asturias, Principado de",Asturias,396,,,0,
INE36026,municipality,36026,Marín,Galicia,Pontevedra,23991,https://www.concellodemarin.es/,wikidata_P856,1,
INE29048,municipality,29048,Cuevas del Becerro,Andalucía,Málaga,1617,http://www.cuevasdelbecerro.es/,wikidata_P856,1,
INE22054,municipality,22054,Benasque,Aragón,Huesca,2359,http://www.benasque.es/,wikidata_P856,1,
INE31908,municipality,31908,Lekunberri,"Navarra, Comunidad Foral de",Navarra,1746,http://www.lekunberri.net/,wikidata_P856,1,
INE44049,municipality,44049,Calaceite,Aragón,Teruel,961,http://www.calaceite.es/,wikidata_P856,1,
INE43125,municipality,43125,Riba-roja d'Ebre,Cataluña,Tarragona,1132,https://riba-roja.cat/,wikidata_P856,1,
INE33011,municipality,33011,Cangas del Narcea,"Asturias, Principado de",Asturias,11282,http://www.ayto-cnarcea.es/,wikidata_P856,1,
INE25002,municipality,25002,Àger,Cataluña,Lleida,637,https://www.ager.cat/,wikidata_P856,1,
INE49003,municipality,49003,Alcañices,Castilla y León,Zamora,1062,http://alcanices.com/,wikidata_P856,1,
INE49064,municipality,49064,Fariza,Castilla y León,Zamora,487,http://www.fariza.es/,wikidata_P856,1,
INE45166,municipality,45166,Tembleque,Castilla-La Mancha,Toledo,1992,http://www.ayuntamientodetembleque.es/,clm_directorio_entidades_locales,0,
INE43140,municipality,43140,Santa Oliva,Cataluña,Tarragona,3711,https://www.santaoliva.cat/,wikidata_P856,1,
INE03116,municipality,03116,Salinas,Comunitat Valenciana,Alacant/Alicante,1828,http://www.salinas.es/,wikidata_P856,1,
INE46182,municipality,46182,Olocau,Comunitat Valenciana,València/Valencia,2534,https://www.olocau.es/,wikidata_P856,1,
INE43089,municipality,43089,Montferri,Cataluña,Tarragona,502,http://www.montferri.cat/,wikidata_P856,1,
INE17100,municipality,17100,Masarac i Vilarnadal,Cataluña,Girona,287,http://www.masarac.cat/,wikidata_P856,1,
INE25906,municipality,25906,"Valls d'Aguilar, Les",Cataluña,Lleida,253,http://vallsaguilar.ddl.net/,wikidata_P856,1,
INE33052,municipality,33052,Proaza,"Asturias, Principado de",Asturias,686,https://www.proaza.es/,wikidata_P856,1,
INE17027,municipality,17027,Breda,Cataluña,Girona,3969,https://www.breda.cat/,wikidata_P856,1,
INE17074,municipality,17074,Fortià,Cataluña,Girona,793,http://www.fortia.cat/,wikidata_P856,1,
INE31233,municipality,31233,Tulebras,"Navarra, Comunidad Foral de",Navarra,159,,,0,
INE20062,municipality,20062,Ormaiztegi,País Vasco,Gipuzkoa,1293,https://www.ormaiztegi.eus/,wikidata_P856,1,
INE08220,municipality,08220,Sant Julià de Vilatorta,Cataluña,Barcelona,3323,https://www.vilatorta.cat/,wikidata_P856,1,
INE37354,municipality,37354,Villamayor,Castilla y León,Salamanca,7728,http://www.villamayor.es/,wikidata_P856,1,
INE37087,municipality,37087,Carrascal de Barregas,Castilla y León,Salamanca,1456,http://www.carrascaldebarregas.com/,wikidata_P856,1,
INE50218,municipality,50218,Puebla de Albortón,Aragón,Zaragoza,133,,,0,
INE46166,municipality,46166,Meliana,Comunitat Valenciana,València/Valencia,11055,http://www.meliana.es/,wikidata_P856,1,
INE32086,municipality,32086,Viana do Bolo,Galicia,Ourense,2715,http://vianadobolo.gal/,wikidata_P856,1,
INE32034,municipality,32034,"Gudiña, A",Galicia,Ourense,1197,,,0,
INE29073,municipality,29073,Monda,Andalucía,Málaga,2984,http://www.monda.es/,wikidata_P856,1,
INE17005,municipality,17005,"Far d'Empordà, El",Cataluña,Girona,628,https://far.cat/,wikidata_P856,1,
INE43165,municipality,43165,Vilabella,Cataluña,Tarragona,724,http://www.vilabella.cat/,wikidata_P856,1,
INE45201,municipality,45201,Yeles,Castilla-La Mancha,Toledo,6514,https://yeles.sedelectronica.es/,clm_directorio_entidades_locales,0,
INE45119,municipality,45119,Numancia de la Sagra,Castilla-La Mancha,Toledo,5674,http://www.ayuntamientonumanciadelasagra.com/,clm_directorio_entidades_locales,0,
INE44206,municipality,44206,San Agustín,Aragón,Teruel,132,http://www.ayuntamientosanagustin.es/,wikidata_P856,1,
INE42217,municipality,42217,Vozmediano,Castilla y León,Soria,29,,,0,
INE42039,municipality,42039,Borobia,Castilla y León,Soria,218,http://www.borobia.es/,wikidata_P856,1,
INE09361,municipality,09361,Sargentes de la Lora,Castilla y León,Burgos,130,http://www.sargentesdelalora.es/,wikidata_P856,1,
INE31074,municipality,31074,Cirauqui/Zirauki,"Navarra, Comunidad Foral de",Navarra,473,,,0,
INE01020,municipality,01020,Kuartango,País Vasco,Araba/Álava,402,http://www.kuartango.eus/,wikidata_P856,1,
INE49094,municipality,49094,Hermisende,Castilla y León,Zamora,207,http://www.hermisende.com/,wikidata_P856,1,
INE08073,municipality,08073,Cornellà de Llobregat,Cataluña,Barcelona,92237,https://www.cornella.cat/,wikidata_P856,1,
INE25051,municipality,25051,Bellver de Cerdanya,Cataluña,Lleida,2289,http://www.bellver.org/,wikidata_P856,1,
INE46028,municipality,46028,Algar de Palància,Comunitat Valenciana,València/Valencia,565,http://www.algardepalancia.es/,wikidata_P856,1,
INE50023,municipality,50023,Almonacid de la Cuba,Aragón,Zaragoza,220,,,1,tourism_only
INE45205,municipality,45205,Yuncos,Castilla-La Mancha,Toledo,13189,http://www.yuncos.es/,clm_directorio_entidades_locales,0,
INE45021,municipality,45021,Borox,Castilla-La Mancha,Toledo,4306,http://www.ayuntamientodeborox.com/,clm_directorio_entidades_locales,0,
INE11902,municipality,11902,San José del Valle,Andalucía,Cádiz,4419,http://www.sanjosedelvalle.es/,wikidata_P856,1,
INE46077,municipality,46077,Buñol,Comunitat Valenciana,València/Valencia,9858,http://www.bunyol.es/,wikidata_P856,1,
INE08035,municipality,08035,Calella,Cataluña,Barcelona,20864,https://www.calella.cat/,wikidata_P856,1,
INE46117,municipality,46117,Emperador,Comunitat Valenciana,València/Valencia,700,http://www.emperador.es/,wikidata_P856,1,
INE01011,municipality,01011,Baños de Ebro/Mañueta,País Vasco,Araba/Álava,286,http://www.banosdeebro.com/,wikidata_P856,1,
INE31156,municipality,31156,Lizoain-Arriasgoiti/ Lizoainibar-Arriasgoiti,"Navarra, Comunidad Foral de",Navarra,287,,,0,
INE45185,municipality,45185,Villacañas,Castilla-La Mancha,Toledo,9411,http://www.aytovillacanas.com/,clm_directorio_entidades_locales,0,
INE45121,municipality,45121,Ocaña,Castilla-La Mancha,Toledo,15560,http://www.ocana.es/,clm_directorio_entidades_locales,0,
INE27002,municipality,27002,Alfoz do Castrodouro,Galicia,Lugo,1493,http://www.concellodealfoz.com/,wikidata_P856,1,
INE43104,municipality,43104,"Perelló, El",Cataluña,Tarragona,2948,http://www.elperello.cat/,wikidata_P856,1,
INE17204,municipality,17204,Ullà,Cataluña,Girona,1258,http://webspobles2.ddgi.cat/ulla,wikidata_P856,1,
INE22011,municipality,22011,Albero Alto,Aragón,Huesca,123,http://www.albero-alto.es/,wikidata_P856,1,
INE26002,municipality,26002,Agoncillo,"Rioja, La","Rioja, La",1464,http://www.aytoagoncillo.org/,wikidata_P856,1,
INE26068,municipality,26068,Gimileo,"Rioja, La","Rioja, La",122,http://www.gimileo.org/,wikidata_P856,1,
INE17012,municipality,17012,Avinyonet de Puigventós,Cataluña,Girona,1671,http://www.avinyonetdepuigventos.cat/,wikidata_P856,1,
INE26154,municipality,26154,Torremontalbo,"Rioja, La","Rioja, La",7,,,0,
INE26064,municipality,26064,Fuenmayor,"Rioja, La","Rioja, La",3281,http://www.fuenmayor.org/,wikidata_P856,1,
INE50067,municipality,50067,Calatayud,Aragón,Zaragoza,20158,http://www.calatayud.es/,wikidata_P856,1,
INE50285,municipality,50285,Villafranca de Ebro,Aragón,Zaragoza,828,https://www.villafrancadeebro.com/,wikidata_P856,1,
INE46021,municipality,46021,Aldaia,Comunitat Valenciana,València/Valencia,34630,http://www.aldaia.es/,wikidata_P856,1,
INE17024,municipality,17024,Bolvir,Cataluña,Girona,493,http://www.bolvir.cat/,wikidata_P856,1,
INE45066,municipality,45066,Fuensalida,Castilla-La Mancha,Toledo,12669,http://www.fuensalida.com/,clm_directorio_entidades_locales,0,
INE08232,municipality,08232,Sant Pere de Riudebitlles,Cataluña,Barcelona,2516,http://www.santperederiudebitlles.cat/,wikidata_P856,1,
INE13044,municipality,13044,Fuente el Fresno,Castilla-La Mancha,Ciudad Real,3011,http://www.fuenteelfresno.es/,clm_directorio_entidades_locales,0,
INE13052,municipality,13052,Malagón,Castilla-La Mancha,Ciudad Real,7827,http://www.malagon.es/,clm_directorio_entidades_locales,0,
INE09029,municipality,09029,Atapuerca,Castilla y León,Burgos,178,,,0,
INE31208,municipality,31208,Ribaforada,"Navarra, Comunidad Foral de",Navarra,3697,https://www.ribaforada.es/,wikidata_P856,1,
INE17088,municipality,17088,Lladó,Cataluña,Girona,822,http://llado.cat/,wikidata_P856,1,
INE33002,municipality,33002,Aller,"Asturias, Principado de",Asturias,10011,http://www.ayto-aller.es/,wikidata_P856,1,
INE31041,municipality,31041,Ayegui/Aiegi,"Navarra, Comunidad Foral de",Navarra,2589,,,0,
INE03901,municipality,03901,"Poblets, els",Comunitat Valenciana,Alacant/Alicante,2757,http://www.elspoblets.es/,wikidata_P856,1,
INE19183,municipality,19183,Milmarcos,Castilla-La Mancha,Guadalajara,63,,,0,
INE14033,municipality,14033,Guadalcázar,Andalucía,Córdoba,1589,http://guadalcazar.es/,wikidata_P856,1,
INE46081,municipality,46081,Canals,Comunitat Valenciana,València/Valencia,13746,http://www.canals.es/,wikidata_P856,1,
INE41036,municipality,41036,"Coronil, El",Andalucía,Sevilla,4659,http://www.elcoronil.es/,wikidata_P856,1,
INE31248,municipality,31248,Luzaide/Valcarlos,"Navarra, Comunidad Foral de",Navarra,336,http://www.luzaide-valcarlos.net/,wikidata_P856,1,
INE46145,municipality,46145,Xàtiva,Comunitat Valenciana,València/Valencia,31008,http://www.xativa.es/,wikidata_P856,1,
INE14048,municipality,14048,Palenciana,Andalucía,Córdoba,1431,http://palenciana.es/,wikidata_P856,1,
INE18173,municipality,18173,Salobreña,Andalucía,Granada,12760,http://www.ayto-salobrena.es/,wikidata_P856,1,
INE33058,municipality,33058,Riosa,"Asturias, Principado de",Asturias,1686,https://www.ayuntamientoriosa.com/,wikidata_P856,1,
INE45122,municipality,45122,Olías del Rey,Castilla-La Mancha,Toledo,9174,https://www.ayuntamientodeoliasdelrey.com/,clm_directorio_entidades_locales,0,
INE50248,municipality,50248,Sos del Rey Católico,Aragón,Zaragoza,582,http://www.sosdelreycatolico.com/,wikidata_P856,1,
INE16086,municipality,16086,Fuente de Pedro Naharro,Castilla-La Mancha,Cuenca,1290,http://www.fuentedepedronaharro.es/,clm_directorio_entidades_locales,0,
INE08198,municipality,08198,Sant Antoni de Vilamajor,Cataluña,Barcelona,6724,https://www.santantonidevilamajor.cat/,wikidata_P856,1,
INE17176,municipality,17176,Sant Mori,Cataluña,Girona,163,http://www.santmori.cat/,wikidata_P856,1,
INE50165,municipality,50165,Mequinenza,Aragón,Zaragoza,2236,http://www.mequinenza.com/,wikidata_P856,1,
INE31002,municipality,31002,Abárzuza/Abartzuza,"Navarra, Comunidad Foral de",Navarra,510,,,0,
INE17196,municipality,17196,Terrades,Cataluña,Girona,337,http://www.terrades.cat/,wikidata_P856,1,
INE23073,municipality,23073,Quesada,Andalucía,Jaén,4901,http://ayuntamientoquesada.es/,wikidata_P856,1,
INE45001,municipality,45001,Ajofrín,Castilla-La Mancha,Toledo,2379,http://www.ajofrin.es/,clm_directorio_entidades_locales,0,
INE39069,municipality,39069,San Felices de Buelna,Cantabria,Cantabria,2379,,,0,
INE23057,municipality,23057,Lupión,Andalucía,Jaén,801,http://www.lupion.es/,wikidata_P856,1,
INE08078,municipality,08078,"Espunyola, L'",Cataluña,Barcelona,260,http://www.espunyola.cat/,wikidata_P856,1,
INE16155,municipality,16155,"Peral, El",Castilla-La Mancha,Cuenca,660,,,0,
INE46014,municipality,46014,Albuixech,Comunitat Valenciana,València/Valencia,4482,http://www.albuixech.es/,wikidata_P856,1,
INE44054,municipality,44054,Camarena de la Sierra,Aragón,Teruel,137,http://www.camarenadelasierra.es/,wikidata_P856,1,
INE46226,municipality,46226,Sempere,Comunitat Valenciana,València/Valencia,33,http://www.sempere.es/,wikidata_P856,3,
INE08139,municipality,08139,Mura,Cataluña,Barcelona,235,https://www.mura.cat/,wikidata_P856,1,
INE08177,municipality,08177,"Quar, La",Cataluña,Barcelona,41,http://www.laquar.cat/,wikidata_P856,1,
INE46070,municipality,46070,Bétera,Comunitat Valenciana,València/Valencia,28560,http://www.betera.es/,wikidata_P856,1,
INE46256,municipality,46256,Vilamarxant,Comunitat Valenciana,València/Valencia,11403,https://www.vilamarxant.es/,wikidata_P856,1,
INE23056,municipality,23056,Lopera,Andalucía,Jaén,3502,http://www.lopera.es/,wikidata_P856,1,
INE02077,municipality,02077,Villa de Ves,Castilla-La Mancha,Albacete,51,http://www.villadeves.es/,clm_directorio_entidades_locales,0,
INE14008,municipality,14008,Belalcázar,Andalucía,Córdoba,3093,https://www.belalcazar.es/,wikidata_P856,1,
INE16027,municipality,16027,Barajas de Melo,Castilla-La Mancha,Cuenca,1011,,,0,
INE19122,municipality,19122,Fuentelsaz,Castilla-La Mancha,Guadalajara,82,,,0,
INE29080,municipality,29080,Pizarra,Andalucía,Málaga,10334,http://www.pizarra.es/,wikidata_P856,1,
INE31223,municipality,31223,Sartaguda,"Navarra, Comunidad Foral de",Navarra,1349,https://sartaguda.net/,wikidata_P856,1,
INE45002,municipality,45002,Alameda de la Sagra,Castilla-La Mancha,Toledo,4350,http://www.aytoalamedadelasagra.es/,clm_directorio_entidades_locales,0,
INE19176,municipality,19176,Mazuecos,Castilla-La Mancha,Guadalajara,267,,,0,
INE07054,municipality,07054,Santa Eulària des Riu,"Balears, Illes",Illes Balears,42479,http://www.santaeulalia.net/,wikidata_P856,1,
INE12121,municipality,12121,Traiguera,Comunitat Valenciana,Castelló/Castellón,1302,http://www.traiguera.es/ca,wikidata_P856,1,
INE25128,municipality,25128,Llimiana,Cataluña,Lleida,130,http://llimiana.ddl.net/,wikidata_P856,1,
INE33078,municipality,33078,Yernes y Tameza,"Asturias, Principado de",Asturias,134,http://www.yernesytameza.es/,wikidata_P856,1,
INE19302,municipality,19302,Valdegrudas,Castilla-La Mancha,Guadalajara,49,http://www.valdegrudas.com/,clm_directorio_entidades_locales,0,
INE31216,municipality,31216,Sangüesa/Zangoza,"Navarra, Comunidad Foral de",Navarra,4883,https://www.sanguesa.es/,wikidata_P856,1,
INE49232,municipality,49232,Vega de Villalobos,Castilla y León,Zamora,88,,,0,
INE47040,municipality,47040,Castrobol,Castilla y León,Valladolid,43,,,0,
INE49063,municipality,49063,Faramontanos de Tábara,Castilla y León,Zamora,318,http://www.faramontanos.com/,wikidata_P856,1,
INE15007,municipality,15007,"Baña, A",Galicia,"Coruña, A",3239,https://concellodabana.gal/,wikidata_P856,1,
INE18132,municipality,18132,Moclín,Andalucía,Granada,3503,http://ayuntamientodemoclin.com/,wikidata_P856,1,
INE49058,municipality,49058,"Cubo de Tierra del Vino, El",Castilla y León,Zamora,294,http://cubodelvino.es/default.asp,wikidata_P856,1,
INE23007,municipality,23007,Arjonilla,Andalucía,Jaén,3520,http://www.arjonilla.es/,wikidata_P856,1,
INE19163,municipality,19163,Luzón,Castilla-La Mancha,Guadalajara,50,,,0,
INE28076,municipality,28076,Lozoya,"Madrid, Comunidad de",Madrid,598,http://www.lozoya.es/,wikidata_P856,1,
INE34071,municipality,34071,Espinosa de Villagonzalo,Castilla y León,Palencia,164,http://espinosadevillagonzalo.dip-palencia.es/,wikidata_P856,1,
INE28024,municipality,28024,Braojos,"Madrid, Comunidad de",Madrid,233,http://www.braojos.org/,wikidata_P856,1,
INE05043,municipality,05043,Cabezas del Pozo,Castilla y León,Ávila,80,http://www.cabezasdelpozo.es/,wikidata_P856,1,
INE05129,municipality,05129,"Mirón, El",Castilla y León,Ávila,93,https://www.elmiron.es/,wikidata_P856,1,
INE06105,municipality,06105,Puebla del Maestre,Extremadura,Badajoz,653,http://www.puebladelmaestre.es/,wikidata_P856,1,
INE22193,municipality,22193,Pueyo de Santa Cruz,Aragón,Huesca,332,http://www.pueyodesantacruz.es/,wikidata_P856,1,
INE36031,municipality,36031,Mondariz Balneario,Galicia,Pontevedra,742,https://mondarizbalneario.gal/,wikidata_P856,1,
INE24122,municipality,24122,Puente de Domingo Flórez,Castilla y León,León,1348,,,0,
INE49155,municipality,49155,Piedrahita de Castro,Castilla y León,Zamora,104,,,0,
INE46149,municipality,46149,Losa del Obispo,Comunitat Valenciana,València/Valencia,531,http://www.losadelobispo.es/,wikidata_P856,1,
INE12125,municipality,12125,Vall de Almonacid,Comunitat Valenciana,Castelló/Castellón,284,http://www.valldealmonacid.es/ca,wikidata_P856,1,
INE47066,municipality,47066,Fuensaldaña,Castilla y León,Valladolid,2146,http://www.fuensaldana.es/saludo.asp,wikidata_P856,1,
INE42017,municipality,42017,Almajano,Castilla y León,Soria,179,http://www.almajano.es/,wikidata_P856,1,
INE39067,municipality,39067,Ruesga,Cantabria,Cantabria,810,,,0,
INE22131,municipality,22131,Jasa,Aragón,Huesca,90,https://jasa.es/,wikidata_P856,1,
INE50263,municipality,50263,Torrijo de la Cañada,Aragón,Zaragoza,187,,,0,
INE07058,municipality,07058,Selva,"Balears, Illes",Illes Balears,4326,https://www.ajselva.net/,wikidata_P856,1,
INE37119,municipality,37119,"Encina, La",Castilla y León,Salamanca,95,,,0,
INE09438,municipality,09438,Villalba de Duero,Castilla y León,Burgos,720,,,0,
INE09246,municipality,09246,Palacios de la Sierra,Castilla y León,Burgos,662,http://www.palaciosdelasierra.com/,wikidata_P856,1,
INE12901,municipality,12901,"Alqueries, les/Alquerías del Niño Perdido",Comunitat Valenciana,Castelló/Castellón,4605,http://www.lesalqueries.org/,wikidata_P856,1,
INE06020,municipality,06020,Bienvenida,Extremadura,Badajoz,1999,,,1,tourism_only
INE09127,municipality,09127,Fontioso,Castilla y León,Burgos,52,http://www.fontioso.es/,wikidata_P856,1,
INE16158,municipality,16158,"Picazo, El",Castilla-La Mancha,Cuenca,693,http://www.elpicazo.org/,clm_directorio_entidades_locales,0,
INE09139,municipality,09139,Fuentemolinos,Castilla y León,Burgos,89,http://www.fuentemolinos.es/,wikidata_P856,1,
INE12017,municipality,12017,Ayódar,Comunitat Valenciana,Castelló/Castellón,176,http://www.ayodar.es/,wikidata_P856,1,
INE24187,municipality,24187,Valdevimbre,Castilla y León,León,892,http://www.aytovaldevimbre.es/,wikidata_P856,1,
INE28067,municipality,28067,Guadalix de la Sierra,"Madrid, Comunidad de",Madrid,6993,http://www.guadalixdelasierra.com/,wikidata_P856,1,
INE29001,municipality,29001,Alameda,Andalucía,Málaga,5426,http://www.alameda.es/,wikidata_P856,1,
INE20061,municipality,20061,Orio,País Vasco,Gipuzkoa,6184,https://www.orio.eus/,wikidata_P856,1,
INE40028,municipality,40028,Bercial,Castilla y León,Segovia,102,http://www.bercial.es/,wikidata_P856,1,
INE42115,municipality,42115,Miño de Medinaceli,Castilla y León,Soria,73,,,0,
INE50220,municipality,50220,Puendeluna,Aragón,Zaragoza,42,http://puendeluna.es/,wikidata_P856,1,
INE06107,municipality,06107,Puebla de Obando,Extremadura,Badajoz,1809,http://www.puebladeobando.es/,wikidata_P856,1,
INE15058,municipality,15058,Oleiros,Galicia,"Coruña, A",38793,https://www.oleiros.org/,wikidata_P856,1,
INE49150,municipality,49150,Peque,Castilla y León,Zamora,111,,,0,
INE32065,municipality,32065,Punxín,Galicia,Ourense,748,,,0,
INE46010,municipality,46010,Albalat dels Tarongers,Comunitat Valenciana,València/Valencia,1574,http://www.albalatdelstarongers.es/,wikidata_P856,1,
INE28003,municipality,28003,Alameda del Valle,"Madrid, Comunidad de",Madrid,267,http://www.alamedadelvalle.es/,wikidata_P856,1,
INE46234,municipality,46234,Sot de Chera,Comunitat Valenciana,València/Valencia,427,http://www.sotdechera.es/,wikidata_P856,1,
INE42209,municipality,42209,Villar del Río,Castilla y León,Soria,155,http://www.villardelrio.es/,wikidata_P856,1,
INE05205,municipality,05205,Sanchorreja,Castilla y León,Ávila,77,http://www.sanchorreja.es/,wikidata_P856,1,
INE05903,municipality,05903,Diego del Carpio,Castilla y León,Ávila,107,http://www.diegodelcarpio.es/,wikidata_P856,1,
INE47031,municipality,47031,"Campillo, El",Castilla y León,Valladolid,204,,,0,
INE05109,municipality,05109,Langa,Castilla y León,Ávila,441,http://www.langa.es/,wikidata_P856,1,
INE50295,municipality,50295,Vistabella,Aragón,Zaragoza,51,,,0,
INE05134,municipality,05134,Moraleja de Matacabras,Castilla y León,Ávila,55,http://www.moralejadematacabras.es/,wikidata_P856,1,
INE29043,municipality,29043,Colmenar,Andalucía,Málaga,3626,http://www.colmenar.es/,wikidata_P856,1,
INE06137,municipality,06137,Valdecaballeros,Extremadura,Badajoz,1036,http://www.valdecaballeros.es/,wikidata_P856,1,
INE50296,municipality,50296,"Zaida, La",Aragón,Zaragoza,433,http://www.lazaida.es/,wikidata_P856,1,
INE42016,municipality,42016,Aliud,Castilla y León,Soria,20,http://www.aliud.es/,wikidata_P856,1,
INE42037,municipality,42037,Bliecos,Castilla y León,Soria,25,http://www.bliecos.es/,wikidata_P856,1,
INE34234,municipality,34234,Villasila de Valdavia,Castilla y León,Palencia,64,http://www.vegavaldavia.com/paginas.asp,wikidata_P856,1,
INE27012,municipality,27012,Cervantes,Galicia,Lugo,1142,http://www.concellocervantes.es/,wikidata_P856,1,
INE04032,municipality,04032,Carboneras,Andalucía,Almería,8458,http://www.carboneras.es/,wikidata_P856,1,
INE24005,municipality,24005,"Antigua, La",Castilla y León,León,324,http://www.aytolaantigua.es/,wikidata_P856,1,
INE12122,municipality,12122,"Useres, les/Useras",Comunitat Valenciana,Castelló/Castellón,954,http://www.lesuseres.es/ca,wikidata_P856,1,
INE18016,municipality,18016,Almegíjar,Andalucía,Granada,327,http://www.almegijar.es/,wikidata_P856,1,
INE37374,municipality,37374,Villoria,Castilla y León,Salamanca,1239,http://www.villoria.es/,wikidata_P856,1,
INE10081,municipality,10081,Gargüera,Extremadura,Cáceres,187,http://www.garguera.es/,wikidata_P856,1,
INE16118,municipality,16118,Ledaña,Castilla-La Mancha,Cuenca,1552,http://www.ledaña.net/,clm_directorio_entidades_locales,0,
INE40901,municipality,40901,Ortigosa del Monte,Castilla y León,Segovia,608,http://www.ortigosadelmonte.es/,wikidata_P856,1,
INE45193,municipality,45193,Villanueva de Bogas,Castilla-La Mancha,Toledo,657,,,0,
INE24165,municipality,24165,Sobrado,Castilla y León,León,275,http://sobradobierzo.es/,wikidata_P856,1,
INE42046,municipality,42046,Calatañazor,Castilla y León,Soria,43,http://www.calatanazor.es/,wikidata_P856,1,
INE47011,municipality,47011,Ataquines,Castilla y León,Valladolid,580,,,0,
INE44013,municipality,44013,Alcañiz,Aragón,Teruel,16505,http://www.alcaniz.es/,wikidata_P856,1,
INE39071,municipality,39071,San Pedro del Romeral,Cantabria,Cantabria,432,http://www.sanpedrodelromeral.com/,wikidata_P856,1,
INE37010,municipality,37010,"Alberca, La",Castilla y León,Salamanca,1034,http://www.laalberca.com/,wikidata_P856,1,
INE40052,municipality,40052,Cedillo de la Torre,Castilla y León,Segovia,80,http://www.cedillodelatorre.es/,wikidata_P856,1,
INE37209,municipality,37209,Mozárbez,Castilla y León,Salamanca,510,http://www.mozarbez.com/,wikidata_P856,1,
INE05149,municipality,05149,Narros de Saldueña,Castilla y León,Ávila,102,http://www.narrosdesalduena.es/,wikidata_P856,1,
INE16036,municipality,16036,Boniches,Castilla-La Mancha,Cuenca,135,http://boniches.sedelectronica.es/,clm_directorio_entidades_locales,0,
INE37382,municipality,37382,Zorita de la Frontera,Castilla y León,Salamanca,140,,,0,
INE15049,municipality,15049,Moeche,Galicia,"Coruña, A",1194,,,0,
INE09070,municipality,09070,Carazo,Castilla y León,Burgos,42,http://www.carazo.es/,wikidata_P856,1,
INE37300,municipality,37300,"Santos, Los",Castilla y León,Salamanca,570,https://lossantos.es/,wikidata_P856,1,
INE49035,municipality,49035,Cañizo,Castilla y León,Zamora,197,,,0,
INE09390,municipality,09390,Torresandino,Castilla y León,Burgos,565,http://www.torresandino.es/,wikidata_P856,1,
INE34048,municipality,34048,Castil de Vela,Castilla y León,Palencia,54,http://castildevela.es/,wikidata_P856,1,
INE34031,municipality,34031,Belmonte de Campos,Castilla y León,Palencia,28,http://belmontedecampos.es/,wikidata_P856,1,
INE34108,municipality,34108,Monzón de Campos,Castilla y León,Palencia,608,http://www.monzondecampos.com/,wikidata_P856,1,
INE09368,municipality,09368,Sordillos,Castilla y León,Burgos,23,http://www.sordillos.es/,wikidata_P856,1,
INE47051,municipality,47051,Ciguñuela,Castilla y León,Valladolid,361,http://www.cigunuela.es/,wikidata_P856,1,
INE50222,municipality,50222,Quinto,Aragón,Zaragoza,1882,http://www.quinto.es/,wikidata_P856,1,
INE16068,municipality,16068,Castillejo de Iniesta,Castilla-La Mancha,Cuenca,94,,,0,
INE18003,municipality,18003,Albolote,Andalucía,Granada,19768,http://www.albolote.org/,wikidata_P856,1,
INE13095,municipality,13095,Villar del Pozo,Castilla-La Mancha,Ciudad Real,45,,,0,
INE16225,municipality,16225,Valdemorillo de la Sierra,Castilla-La Mancha,Cuenca,49,https://valdemorillodelasierra.sedelectronica.es/,clm_directorio_entidades_locales,0,
INE06117,municipality,06117,Salvatierra de los Barros,Extremadura,Badajoz,1546,http://www.salvatierradelosbarros.com/,wikidata_P856,1,
INE23004,municipality,23004,Aldeaquemada,Andalucía,Jaén,446,http://www.aldeaquemada.com/,wikidata_P856,1,
INE32007,municipality,32007,Baños de Molgas,Galicia,Ourense,1471,,,0,
INE37169,municipality,37169,Larrodrigo,Castilla y León,Salamanca,178,,,0,
INE10101,municipality,10101,Huélaga,Extremadura,Cáceres,203,,,0,
INE26121,municipality,26121,Rabanera,"Rioja, La","Rioja, La",29,,,0,
INE37171,municipality,37171,Ledrada,Castilla y León,Salamanca,476,http://www.aytoledrada.com/,wikidata_P856,1,
INE19145,municipality,19145,Hortezuela de Océn,Castilla-La Mancha,Guadalajara,32,,,0,
INE45190,municipality,45190,Villaminaya,Castilla-La Mancha,Toledo,518,http://www.villaminaya.es/,clm_directorio_entidades_locales,0,
INE19031,municipality,19031,Angón,Castilla-La Mancha,Guadalajara,8,,,0,
INE23084,municipality,23084,Sorihuela del Guadalimar,Andalucía,Jaén,1000,http://www.sorihueladelguadalimar.es/,wikidata_P856,1,
INE40111,municipality,40111,Lastras del Pozo,Castilla y León,Segovia,55,http://www.lastrasdelpozo.es/,wikidata_P856,1,
INE37271,municipality,37271,Rollán,Castilla y León,Salamanca,317,http://www.ayuntamientoderollan.com/,wikidata_P856,1,
INE50036,municipality,50036,Asín,Aragón,Zaragoza,88,,,0,
INE05236,municipality,05236,Solana de Ávila,Castilla y León,Ávila,95,http://www.solanadeavila.es/,wikidata_P856,1,
INE44182,municipality,44182,Perales del Alfambra,Aragón,Teruel,293,,,0,
INE20065,municipality,20065,Soraluze-Placencia de las Armas,País Vasco,Gipuzkoa,3857,http://www.soraluze.eus/,wikidata_P856,1,
INE03044,municipality,03044,Bigastro,Comunitat Valenciana,Alacant/Alicante,7537,http://www.bigastro.es/,wikidata_P856,1,
INE47231,municipality,47231,Zaratán,Castilla y León,Valladolid,6386,http://www.zaratan.es/,wikidata_P856,1,
INE50100,municipality,50100,Erla,Aragón,Zaragoza,374,,,0,
INE21043,municipality,21043,Jabugo,Andalucía,Huelva,2183,http://www.jabugo.es/,wikidata_P856,1,
INE05039,municipality,05039,Brabos,Castilla y León,Ávila,34,http://www.brabos.es/,wikidata_P856,1,
INE40099,municipality,40099,Honrubia de la Cuesta,Castilla y León,Segovia,49,http://www.honrubiadelacuesta.es/,wikidata_P856,1,
INE50140,municipality,50140,Litago,Aragón,Zaragoza,173,,,0,
INE05102,municipality,05102,"Hoyo de Pinares, El",Castilla y León,Ávila,2179,http://www.elhoyodepinares.es/,wikidata_P856,1,
INE43107,municipality,43107,Pira,Cataluña,Tarragona,512,http://www.pira.altanet.org/,wikidata_P856,1,
INE16020,municipality,16020,Arandilla del Arroyo,Castilla-La Mancha,Cuenca,14,,,0,
INE26124,municipality,26124,Ribafrecha,"Rioja, La","Rioja, La",1076,http://www.ribafrecha.org/,wikidata_P856,1,
INE23030,municipality,23030,Chilluévar,Andalucía,Jaén,1309,http://www.chilluevar.es/,wikidata_P856,1,
INE45091,municipality,45091,Maqueda,Castilla-La Mancha,Toledo,548,http://www.ayto-maqueda.com/,clm_directorio_entidades_locales,0,
INE21038,municipality,21038,Higuera de la Sierra,Andalucía,Huelva,1292,http://www.higueradelasierra.es/,wikidata_P856,1,
INE25170,municipality,25170,Bellaguarda,Cataluña,Lleida,278,https://www.bellaguarda.cat/,wikidata_P856,1,
INE12059,municipality,12059,Fanzara,Comunitat Valenciana,Castelló/Castellón,295,http://www.fanzara.es/,wikidata_P856,1,
INE40195,municipality,40195,Sepúlveda,Castilla y León,Segovia,979,http://www.sepulveda.es/,wikidata_P856,1,
INE21009,municipality,21009,Arroyomolinos de León,Andalucía,Huelva,907,http://www.arroyomolinosdeleon.es/,wikidata_P856,1,
INE09131,municipality,09131,Fresnillo de las Dueñas,Castilla y León,Burgos,703,http://www.fresnillodelasdueñas.es/,wikidata_P856,1,
INE49055,municipality,49055,Cotanes del Monte,Castilla y León,Zamora,79,,,0,
INE44107,municipality,44107,Foz-Calanda,Aragón,Teruel,272,,,0,
INE32069,municipality,32069,Ribadavia,Galicia,Ourense,4895,,,0,
INE20020,municipality,20020,Beizama,País Vasco,Gipuzkoa,128,http://www.beizama.eus/,wikidata_P856,1,
INE40196,municipality,40196,Sequera de Fresno,Castilla y León,Segovia,42,http://www.sequeradefresno.es/,wikidata_P856,1,
INE09287,municipality,09287,Quintanaortuño,Castilla y León,Burgos,297,http://www.quintanaortuño.es/,wikidata_P856,1,
INE37260,municipality,37260,Puebla de Yeltes,Castilla y León,Salamanca,136,,,0,
INE19178,municipality,19178,Megina,Castilla-La Mancha,Guadalajara,25,,,0,
INE20034,municipality,20034,Eskoriatza,País Vasco,Gipuzkoa,4215,https://eskoriatza.eus/,wikidata_P856,1,
INE10119,municipality,10119,Membrío,Extremadura,Cáceres,587,,,0,
INE50094,municipality,50094,Daroca,Aragón,Zaragoza,1899,https://www.daroca.org/,wikidata_P856,1,
INE31138,municipality,31138,Lakuntza,"Navarra, Comunidad Foral de",Navarra,1338,https://www.lakuntza.eus/eu/index.asp,wikidata_P856,1,
INE20072,municipality,20072,Urnieta,País Vasco,Gipuzkoa,6327,https://www.urnieta.eus/,wikidata_P856,1,
INE18007,municipality,18007,Albuñuelas,Andalucía,Granada,794,http://www.albuñuelas.es/,wikidata_P856,1,
INE09337,municipality,09337,San Juan del Monte,Castilla y León,Burgos,163,http://sanjuandelmonte.burgos.es/,wikidata_P856,1,
INE09423,municipality,09423,Vileña,Castilla y León,Burgos,23,http://www.xn--vilea-rta.es/,wikidata_P856,1,
INE45109,municipality,45109,Navahermosa,Castilla-La Mancha,Toledo,3587,http://www.navahermosa.es/,wikidata_P856,1,
INE02031,municipality,02031,Férez,Castilla-La Mancha,Albacete,604,http://www.ferez.es/,clm_directorio_entidades_locales,0,
INE19216,municipality,19216,Peralejos de las Truchas,Castilla-La Mancha,Guadalajara,148,https://www.peralejosaltotajo.es/,wikidata_P856,1,
INE24127,municipality,24127,Regueras de Arriba,Castilla y León,León,263,http://www.aytoreguerasdearriba.es/,wikidata_P856,1,
INE10084,municipality,10084,Gata,Extremadura,Cáceres,1335,,,0,
INE50264,municipality,50264,Tosos,Aragón,Zaragoza,176,http://www.tosos.org/,wikidata_P856,1,
INE16009,municipality,16009,Alcantud,Castilla-La Mancha,Cuenca,59,,,0,
INE23027,municipality,23027,Cazalilla,Andalucía,Jaén,762,https://www.cazalilla.es/,wikidata_P856,1,
INE44136,municipality,44136,Lidón,Aragón,Teruel,56,http://www.lidon.es/,wikidata_P856,1,
INE46262,municipality,46262,"Yesa, La",Comunitat Valenciana,València/Valencia,246,http://www.layesa.es/,wikidata_P856,1,
INE47162,municipality,47162,Tamariz de Campos,Castilla y León,Valladolid,85,,,0,
INE45147,municipality,45147,Rielves,Castilla-La Mancha,Toledo,900,http://www.aytorielves.es/,clm_directorio_entidades_locales,0,
INE19333,municipality,19333,Zaorejas,Castilla-La Mancha,Guadalajara,117,,,0,
INE42152,municipality,42152,Recuerda,Castilla y León,Soria,61,http://www.recuerda.org/,wikidata_P856,1,
INE40201,municipality,40201,Tolocirio,Castilla y León,Segovia,38,http://www.tolocirio.es/,wikidata_P856,1,
INE09425,municipality,09425,Vilviestre del Pinar,Castilla y León,Burgos,511,,,0,
INE20002,municipality,20002,Aduna,País Vasco,Gipuzkoa,500,http://www.aduna.eus/,wikidata_P856,1,
INE42103,municipality,42103,Langa de Duero,Castilla y León,Soria,696,http://www.langadeduero.es/,wikidata_P856,1,
INE49028,municipality,49028,Brime de Urz,Castilla y León,Zamora,96,http://www.aytobrimeurz.es/,wikidata_P856,1,
INE49048,municipality,49048,Cernadilla,Castilla y León,Zamora,105,,,0,
INE49175,municipality,49175,Revellinos,Castilla y León,Zamora,223,,,0,
INE22043,municipality,22043,Baélls,Aragón,Huesca,89,http://www.baells.es/,wikidata_P856,1,
INE06089,municipality,06089,"Morera, La",Extremadura,Badajoz,698,http://www.lamorera.es/,wikidata_P856,1,
INE49165,municipality,49165,Prado,Castilla y León,Zamora,53,,,0,
INE19096,municipality,19096,Condemios de Arriba,Castilla-La Mancha,Guadalajara,101,,,0,
INE16167,municipality,16167,Pozorrubio de Santiago,Castilla-La Mancha,Cuenca,307,http://pozorrubio-santiago.es/,wikidata_P856,1,
INE13094,municipality,13094,Villanueva de San Carlos,Castilla-La Mancha,Ciudad Real,261,http://www.villanuevadesancarlos.com/,clm_directorio_entidades_locales,0,
INE06063,municipality,06063,Herrera del Duque,Extremadura,Badajoz,3385,http://herreradelduque.com/,wikidata_P856,1,
INE32076,municipality,32076,San Cristovo de Cea,Galicia,Ourense,1963,https://www.concellodecea.com/,wikidata_P856,1,
INE19294,municipality,19294,Ujados,Castilla-La Mancha,Guadalajara,20,,,0,
INE15023,municipality,15023,Cee,Galicia,"Coruña, A",7731,https://www.cee.gal/,wikidata_P856,1,
INE10218,municipality,10218,Zarza la Mayor,Extremadura,Cáceres,1096,https://www.zarzalamayor.es/,wikidata_P856,1,
INE50172,municipality,50172,Monreal de Ariza,Aragón,Zaragoza,175,,,0,
INE15016,municipality,15016,Camariñas,Galicia,"Coruña, A",5075,https://camarinas.net/portal-cidadan/index/gl,wikidata_P856,1,
INE31001,municipality,31001,Abáigar,"Navarra, Comunidad Foral de",Navarra,74,http://www.abaigar.es/,wikidata_P856,1,
INE16093,municipality,16093,Garaballa,Castilla-La Mancha,Cuenca,58,,,0,
INE19179,municipality,19179,Membrillera,Castilla-La Mancha,Guadalajara,95,,,0,
INE09215,municipality,09215,Merindad de Sotoscueva,Castilla y León,Burgos,399,http://www.merindaddesotoscueva.es/,wikidata_P856,1,
INE09030,municipality,09030,"Ausines, Los",Castilla y León,Burgos,143,http://www.losausines.es/,wikidata_P856,1,
INE09373,municipality,09373,Sotresgudo,Castilla y León,Burgos,413,http://www.sotresgudo.es/,wikidata_P856,1,
INE37223,municipality,37223,Olmedo de Camaces,Castilla y León,Salamanca,87,,,0,
INE16258,municipality,16258,Villar del Humo,Castilla-La Mancha,Cuenca,182,https://villardelhumo.sedelectronica.es/,clm_directorio_entidades_locales,0,
INE26075,municipality,26075,Hormilla,"Rioja, La","Rioja, La",442,http://www.hormilla.org/,wikidata_P856,1,
INE09403,municipality,09403,Valdeande,Castilla y León,Burgos,103,http://www.valdeande.es/,wikidata_P856,1,
INE44232,municipality,44232,Torrijo del Campo,Aragón,Teruel,501,http://www.torrijo.es/,wikidata_P856,1,
INE09388,municipality,09388,Torrelara,Castilla y León,Burgos,34,http://www.torrelara.es/,wikidata_P856,1,
INE05171,municipality,05171,Neila de San Miguel,Castilla y León,Ávila,66,http://www.neiladesanmiguel.es/,wikidata_P856,1,
INE03024,municipality,03024,Benejúzar,Comunitat Valenciana,Alacant/Alicante,5811,http://benejuzar.es/,wikidata_P856,1,
INE49037,municipality,49037,Carbellino,Castilla y León,Zamora,174,,,0,
INE02076,municipality,02076,Vianos,Castilla-La Mancha,Albacete,317,http://vianos.es/,clm_directorio_entidades_locales,0,
INE40150,municipality,40150,Orejana,Castilla y León,Segovia,61,http://www.orejana.es/,wikidata_P856,1,
INE16177,municipality,16177,Reíllo,Castilla-La Mancha,Cuenca,106,https://reillo.sedelectronica.es/,clm_directorio_entidades_locales,0,
INE49085,municipality,49085,Galende,Castilla y León,Zamora,1019,http://www.aytogalende.com/,wikidata_P856,1,
INE40216,municipality,40216,Valverde del Majano,Castilla y León,Segovia,1097,https://www.valverdedelmajano.com/,wikidata_P856,1,
INE27042,municipality,27042,Paradela,Galicia,Lugo,1557,http://www.paradela.es/,wikidata_P856,1,
INE44237,municipality,44237,Urrea de Gaén,Aragón,Teruel,455,http://www.urreadegaen.es/,wikidata_P856,1,
INE22116,municipality,22116,Grañén,Aragón,Huesca,1718,http://www.granen.es/,wikidata_P856,1,
INE04051,municipality,04051,Huécija,Andalucía,Almería,526,http://www.huecija.es/,wikidata_P856,1,
INE09261,municipality,09261,Peñaranda de Duero,Castilla y León,Burgos,470,http://www.peñarandadeduero.es/,wikidata_P856,1,
INE09247,municipality,09247,Palacios de Riopisuerga,Castilla y León,Burgos,19,http://www.palaciosderiopisuerga.es/,wikidata_P856,1,
INE29044,municipality,29044,Comares,Andalucía,Málaga,1354,http://www.comares.es/,wikidata_P856,1,
INE47155,municipality,47155,Santovenia de Pisuerga,Castilla y León,Valladolid,4762,,,0,
INE03119,municipality,03119,Sant Joan d'Alacant,Comunitat Valenciana,Alacant/Alicante,26834,http://www.santjoandalacant.es/va,wikidata_P856,1,
INE32072,municipality,32072,"Rúa, A",Galicia,Ourense,4214,http://www.arua.es/,wikidata_P856,1,
INE16188,municipality,16188,Salmeroncillos,Castilla-La Mancha,Cuenca,106,http://www.salmeroncillos.es/,wikidata_P856,1,
INE24212,municipality,24212,Villamañán,Castilla y León,León,1084,http://www.aytovillamanan.es/index.php,wikidata_P856,1,
INE09355,municipality,09355,Santibáñez de Esgueva,Castilla y León,Burgos,72,http://www.santibañezdeesgueva.es/,wikidata_P856,1,
INE47067,municipality,47067,Fuente el Sol,Castilla y León,Valladolid,150,,,0,
INE28037,municipality,28037,Cenicientos,"Madrid, Comunidad de",Madrid,2152,http://www.cenicientos.es/,wikidata_P856,1,
INE10130,municipality,10130,Navaconcejo,Extremadura,Cáceres,2037,http://www.navaconcejo.es/,wikidata_P856,1,
INE22149,municipality,22149,Loarre,Aragón,Huesca,358,http://www.loarre.es/,wikidata_P856,1,
INE12065,municipality,12065,Gaibiel,Comunitat Valenciana,Castelló/Castellón,200,http://www.gaibiel.es/,wikidata_P856,1,
INE44102,municipality,44102,Fonfría,Aragón,Teruel,35,http://www.fonfriateruel.es/,wikidata_P856,1,
INE09060,municipality,09060,Busto de Bureba,Castilla y León,Burgos,140,http://www.bustodebureba.es/,wikidata_P856,2,
INE47098,municipality,47098,Mucientes,Castilla y León,Valladolid,690,https://www.mucientes.es/,wikidata_P856,1,
INE08196,municipality,08196,Sant Andreu de la Barca,Cataluña,Barcelona,27094,http://www.sabarca.cat/,wikidata_P856,1,
INE44172,municipality,44172,Oliete,Aragón,Teruel,351,http://www.oliete.es/,wikidata_P856,1,
INE33023,municipality,33023,"Franco, El","Asturias, Principado de",Asturias,3728,http://www.elfranco.es/,wikidata_P856,2,
INE47138,municipality,47138,Rubí de Bracamonte,Castilla y León,Valladolid,207,,,0,
INE42093,municipality,42093,Fuentestrún,Castilla y León,Soria,55,http://www.fuentestrun.es/,wikidata_P856,1,
INE44039,municipality,44039,Bello,Aragón,Teruel,204,https://www.bello.es/,wikidata_P856,1,
INE45089,municipality,45089,Malpica de Tajo,Castilla-La Mancha,Toledo,1655,http://www.malpicadetajo.es/,clm_directorio_entidades_locales,0,
INE50032,municipality,50032,Arándiga,Aragón,Zaragoza,279,,,0,
INE37003,municipality,37003,Ahigal de los Aceiteros,Castilla y León,Salamanca,93,,,0,
INE18907,municipality,18907,Valle del Zalabí,Andalucía,Granada,2128,https://www.valledelzalabi.org/,wikidata_P856,1,
INE22125,municipality,22125,Huesca,Aragón,Huesca,55454,http://www.huesca.es/,wikidata_P856,1,
INE34049,municipality,34049,Castrejón de la Peña,Castilla y León,Palencia,322,http://castrejondelapena.dip-palencia.es/,wikidata_P856,1,
INE39037,municipality,39037,Liérganes,Cantabria,Cantabria,2365,http://www.aytolierganes.com/,wikidata_P856,1,
INE50041,municipality,50041,Bagüés,Aragón,Zaragoza,16,,,0,
INE05195,municipality,05195,Riofrío,Castilla y León,Ávila,188,http://www.riofrio.es/,wikidata_P856,1,
INE10129,municipality,10129,Morcillo,Extremadura,Cáceres,378,http://www.morcillo.es/,wikidata_P856,1,
INE07020,municipality,07020,Esporles,"Balears, Illes",Illes Balears,5264,https://esporles.cat/,wikidata_P856,2,
INE24091,municipality,24091,Luyego,Castilla y León,León,537,http://www.ayto-luyego.es/,wikidata_P856,1,
INE16139,municipality,16139,Olivares de Júcar,Castilla-La Mancha,Cuenca,290,,,0,
INE12103,municipality,12103,"Serratella, la",Comunitat Valenciana,Castelló/Castellón,113,http://www.laserratella.es/,wikidata_P856,1,
INE19119,municipality,19119,Fuencemillán,Castilla-La Mancha,Guadalajara,81,,,0,
INE10029,municipality,10029,Berzocana,Extremadura,Cáceres,375,http://www.berzocana.es/,wikidata_P856,1,
INE06099,municipality,06099,"Parra, La",Extremadura,Badajoz,1297,http://www.laparra.com.es/,wikidata_P856,1,
INE03091,municipality,03091,Murla,Comunitat Valenciana,Alacant/Alicante,574,http://www.murla.es/,wikidata_P856,1,
INE09270,municipality,09270,Pinilla Trasmonte,Castilla y León,Burgos,152,http://www.pinillatrasmonte.es/,wikidata_P856,1,
INE24095,municipality,24095,Mansilla Mayor,Castilla y León,León,316,http://www.aytomansillamayor.com/,wikidata_P856,1,
INE42081,municipality,42081,Espejón,Castilla y León,Soria,122,http://www.espejon.es/,wikidata_P856,1,
INE49222,municipality,49222,Torres del Carrizal,Castilla y León,Zamora,413,,,0,
INE18906,municipality,18906,"Guájares, Los",Andalucía,Granada,1081,http://www.losguajares.es/,wikidata_P856,1,
INE05256,municipality,05256,Villaflor,Castilla y León,Ávila,100,http://www.villaflor.es/,wikidata_P856,1,
INE16096,municipality,16096,Graja de Iniesta,Castilla-La Mancha,Cuenca,343,,,0,
INE37287,municipality,37287,San Miguel de Valero,Castilla y León,Salamanca,308,http://www.sanmigueldevalero.es/,wikidata_P856,1,
INE19151,municipality,19151,Humanes,Castilla-La Mancha,Guadalajara,1841,http://www.humanes.es/,wikidata_P856,1,
INE50184,municipality,50184,Murero,Aragón,Zaragoza,85,http://www.murero.es/,wikidata_P856,1,
INE19187,municipality,19187,Miralrío,Castilla-La Mancha,Guadalajara,56,,,0,
INE47149,municipality,47149,San Pelayo,Castilla y León,Valladolid,42,http://www.sanpelayo.ayuntamientosdevalladolid.es/,wikidata_P856,1,
INE22250,municipality,22250,Villanúa,Aragón,Huesca,570,http://www.villanua.net/,wikidata_P856,1,
INE18044,municipality,18044,Cástaras,Andalucía,Granada,178,http://www.castaras.es/,wikidata_P856,1,
INE37225,municipality,37225,Pajares de la Laguna,Castilla y León,Salamanca,110,,,0,
INE37378,municipality,37378,Zamarra,Castilla y León,Salamanca,70,,,0,
INE01049,municipality,01049,Añana,País Vasco,Araba/Álava,141,http://www.cuadrilladeanana.es/anana/,wikidata_P856,1,
INE07028,municipality,07028,Lloret de Vistalegre,"Balears, Illes",Illes Balears,1691,http://www.ajlloretdevistalegre.net/,wikidata_P856,1,
INE47198,municipality,47198,Villacarralón,Castilla y León,Valladolid,71,http://www.villacarralon.com/,wikidata_P856,1,
INE49202,municipality,49202,Santa Eufemia del Barco,Castilla y León,Zamora,169,,,0,
INE06096,municipality,06096,Orellana de la Sierra,Extremadura,Badajoz,250,http://www.orellanadelasierra.es/,wikidata_P856,1,
INE10217,municipality,10217,Zarza de Montánchez,Extremadura,Cáceres,504,http://www.zarzademontanchez.es/,wikidata_P856,1,
INE09369,municipality,09369,Sotillo de la Ribera,Castilla y León,Burgos,468,http://www.sotillodelaribera.com/,wikidata_P856,1,
INE41053,municipality,41053,Lebrija,Andalucía,Sevilla,27788,http://www.lebrija.es/,wikidata_P856,1,
INE50196,municipality,50196,Orera,Aragón,Zaragoza,103,,,0,
INE34222,municipality,34222,Villameriel,Castilla y León,Palencia,109,http://villameriel.es/,wikidata_P856,1,
INE03028,municipality,03028,Beniarrés,Comunitat Valenciana,Alacant/Alicante,1117,http://www.beniarres.es/,wikidata_P856,1,
INE26110,municipality,26110,Ojacastro,"Rioja, La","Rioja, La",199,http://www.ojacastro.es/,wikidata_P856,1,
INE40081,municipality,40081,Frumales,Castilla y León,Segovia,120,http://www.frumales.es/,wikidata_P856,1,
INE12014,municipality,12014,Ares del Maestrat,Comunitat Valenciana,Castelló/Castellón,181,http://www.aresdelmaestrat.es/,wikidata_P856,1,
INE10073,municipality,10073,Escurial,Extremadura,Cáceres,855,http://www.escurial.es/,wikidata_P856,1,
INE24101,municipality,24101,Murias de Paredes,Castilla y León,León,337,http://www.aytomuriasdeparedes.es/,wikidata_P856,1,
INE34003,municipality,34003,Abia de las Torres,Castilla y León,Palencia,165,http://abiadelastorres.dip-palencia.es/,wikidata_P856,1,
INE45154,municipality,45154,San Román de los Montes,Castilla-La Mancha,Toledo,2191,https://sanromandelosmontes.org/,clm_directorio_entidades_locales,0,
INE13046,municipality,13046,Guadalmez,Castilla-La Mancha,Ciudad Real,709,http://www.ayuntamientoguadalmez.es/,clm_directorio_entidades_locales,0,
INE34061,municipality,34061,Collazos de Boedo,Castilla y León,Palencia,89,http://collazosdeboedo.es/,wikidata_P856,1,
INE40903,municipality,40903,Marazoleja,Castilla y León,Segovia,98,http://www.marazoleja.es/,wikidata_P856,1,
INE05114,municipality,05114,Madrigal de las Altas Torres,Castilla y León,Ávila,1281,http://www.madrigaldelasaltastorres.es/,wikidata_P856,1,
INE24089,municipality,24089,León,Castilla y León,León,123446,https://www.aytoleon.es/,wikidata_P856,1,
INE19132,municipality,19132,Henche,Castilla-La Mancha,Guadalajara,73,https://henche.es/,clm_directorio_entidades_locales,0,
INE12021,municipality,12021,Betxí,Comunitat Valenciana,Castelló/Castellón,5659,http://www.betxi.es/,wikidata_P856,1,
INE34066,municipality,34066,Cubillas de Cerrato,Castilla y León,Palencia,60,http://cubillasdecerrato.dip-palencia.es/,wikidata_P856,1,
INE40231,municipality,40231,Yanguas de Eresma,Castilla y León,Segovia,117,http://www.yanguasdeeresma.es/,wikidata_P856,1,
INE19110,municipality,19110,Escamilla,Castilla-La Mancha,Guadalajara,65,,,0,
INE40122,municipality,40122,Marugán,Castilla y León,Segovia,775,http://www.marugan.es/,wikidata_P856,1,
INE15041,municipality,15041,"Laracha, A",Galicia,"Coruña, A",11781,https://www.alaracha.gal/,wikidata_P856,1,
INE37197,municipality,37197,Monleón,Castilla y León,Salamanca,88,,,0,
INE02002,municipality,02002,Alatoz,Castilla-La Mancha,Albacete,504,http://www.alatoz.es/,clm_directorio_entidades_locales,0,
INE40017,municipality,40017,Anaya,Castilla y León,Segovia,111,http://www.ayuntamientodeanaya.es/,wikidata_P856,1,
INE17084,municipality,17084,Isòvol,Cataluña,Girona,314,http://www.isovol.cat/,wikidata_P856,1,
INE10091,municipality,10091,Guijo de Santa Bárbara,Extremadura,Cáceres,386,,,0,
INE47017,municipality,47017,Bercero,Castilla y León,Valladolid,170,http://www.bercero.com/,wikidata_P856,1,
INE47163,municipality,47163,Tiedra,Castilla y León,Valladolid,273,http://www.tiedra.es/,wikidata_P856,1,
INE20056,municipality,20056,Mutriku,País Vasco,Gipuzkoa,5238,http://www.mutriku.eus/,wikidata_P856,1,
INE34015,municipality,34015,Arconada,Castilla y León,Palencia,45,http://geo.ya.com/arconadaweb,wikidata_P856,1,
INE09354,municipality,09354,Santa Olalla de Bureba,Castilla y León,Burgos,38,http://www.santaolalladebureba.es/,wikidata_P856,1,
INE06141,municipality,06141,Valencia del Ventoso,Extremadura,Badajoz,1870,http://www.valenciadelventoso.es/,wikidata_P856,1,
INE08201,municipality,08201,Sant Boi de Lluçanès,Cataluña,Barcelona,602,http://www.santboidellucanes.cat/,wikidata_P856,1,
INE19257,municipality,19257,Sigüenza,Castilla-La Mancha,Guadalajara,4911,http://www.siguenza.es/,clm_directorio_entidades_locales,0,
INE34163,municipality,34163,San Mamés de Campos,Castilla y León,Palencia,44,http://sanmamesdecampos.es/,wikidata_P856,1,
INE05087,municipality,05087,Gotarrendura,Castilla y León,Ávila,173,http://www.gotarrendura.es/,wikidata_P856,1,
INE26144,municipality,26144,Sorzano,"Rioja, La","Rioja, La",233,http://ayuntamientosorzano.org/,wikidata_P856,1,
INE34042,municipality,34042,Calzada de los Molinos,Castilla y León,Palencia,305,http://calzadadelosmolinos.dip-palencia.es/,wikidata_P856,1,
INE37269,municipality,37269,Robleda,Castilla y León,Salamanca,453,,,0,
INE06155,municipality,06155,Villar del Rey,Extremadura,Badajoz,2064,http://www.villardelrey.es/,wikidata_P856,1,
INE36035,municipality,36035,Nigrán,Galicia,Pontevedra,18174,https://nigran.es/,wikidata_P856,1,
INE24090,municipality,24090,Lucillo,Castilla y León,León,360,http://www.aytolucillo.com/,wikidata_P856,1,
INE06052,municipality,06052,Fuente de Cantos,Extremadura,Badajoz,4583,https://www.fuentedecantos.eu/,wikidata_P856,1,
INE22016,municipality,22016,Alcampell,Aragón,Huesca,650,https://www.alcampell.net/,wikidata_P856,1,
INE37203,municipality,37203,Monterrubio de la Sierra,Castilla y León,Salamanca,150,,,0,
INE22122,municipality,22122,Hoz de Jaca,Aragón,Huesca,81,http://www.hozdejaca.es/,wikidata_P856,1,
INE50190,municipality,50190,Novallas,Aragón,Zaragoza,859,http://novallas.elmarino.net/,wikidata_P856,1,
INE49181,municipality,49181,Rosinos de la Requejada,Castilla y León,Zamora,292,,,0,
INE09162,municipality,09162,Hontoria de la Cantera,Castilla y León,Burgos,172,http://www.hontoriadelacantera.es/,wikidata_P856,1,
INE07901,municipality,07901,Ariany,"Balears, Illes",Illes Balears,1072,http://www.ajariany.net/,wikidata_P856,1,
INE29004,municipality,29004,Alfarnatejo,Andalucía,Málaga,358,http://www.alfarnatejo.es/,wikidata_P856,1,
INE49236,municipality,49236,Vidayanes,Castilla y León,Zamora,74,,,0,
INE47046,municipality,47046,Castroponce,Castilla y León,Valladolid,128,,,0,
INE24148,municipality,24148,San Justo de la Vega,Castilla y León,León,1750,https://www.aytosanjustodelavega.es/,wikidata_P856,1,
INE37141,municipality,37141,Gajates,Castilla y León,Salamanca,135,,,0,
INE09358,municipality,09358,Santo Domingo de Silos,Castilla y León,Burgos,251,https://www.santodomingodesilos.es/,wikidata_P856,1,
INE44194,municipality,44194,Ráfales,Aragón,Teruel,149,http://www.rafales.es/,wikidata_P856,1,
INE36046,municipality,36046,Ribadumia,Galicia,Pontevedra,5166,https://www.ribadumia.org/,wikidata_P856,1,
INE49135,municipality,49135,Muelas del Pan,Castilla y León,Zamora,592,http://www.ayto-muelasdelpan.com/,wikidata_P856,1,
INE46247,municipality,46247,Tuéjar,Comunitat Valenciana,València/Valencia,1278,http://www.tuejar.es/,wikidata_P856,1,
INE09177,municipality,09177,Ibeas de Juarros,Castilla y León,Burgos,1492,http://www.ibeasdejuarros.es/,wikidata_P856,1,
INE24197,municipality,24197,Vega de Infanzones,Castilla y León,León,837,http://www.aytovegadeinfanzones.es/,wikidata_P856,1,
INE22115,municipality,22115,"Grado, El",Aragón,Huesca,383,http://www.elgrado.es/,wikidata_P856,1,
INE05218,municipality,05218,San Miguel de Serrezuela,Castilla y León,Ávila,103,http://www.sanmigueldeserrezuela.es/,wikidata_P856,1,
INE37168,municipality,37168,Lagunilla,Castilla y León,Salamanca,414,http://lagunilla.es/,wikidata_P856,1,
INE40071,municipality,40071,Encinas,Castilla y León,Segovia,39,http://www.encinas.es/,wikidata_P856,1,
INE10152,municipality,10152,Pozuelo de Zarzón,Extremadura,Cáceres,430,http://www.pozuelodezarzon.es/,wikidata_P856,1,
INE10018,municipality,10018,Aliseda,Extremadura,Cáceres,1726,http://www.aliseda.es/,wikidata_P856,1,
INE32038,municipality,32038,Larouco,Galicia,Ourense,484,,,0,
INE22233,municipality,22233,Torre la Ribera,Aragón,Huesca,102,http://www.torrelaribera.es/,wikidata_P856,1,
INE49104,municipality,49104,Mahide,Castilla y León,Zamora,299,http://www.mahide.info/,wikidata_P856,1,
INE37232,municipality,37232,Paradinas de San Juan,Castilla y León,Salamanca,380,,,0,
INE40134,municipality,40134,Mozoncillo,Castilla y León,Segovia,916,http://www.aytomozoncillo.es/,wikidata_P856,1,
INE03001,municipality,03001,"Atzúbia, l'",Comunitat Valenciana,Alacant/Alicante,589,https://atzubia.org/,wikidata_P856,1,
INE16126,municipality,16126,Mira,Castilla-La Mancha,Cuenca,917,http://www.aytomira.es/,clm_directorio_entidades_locales,0,
INE46221,municipality,46221,Salem,Comunitat Valenciana,València/Valencia,407,https://salem.es/,wikidata_P856,1,
INE09160,municipality,09160,Hontangas,Castilla y León,Burgos,92,http://www.hontangas.es/,wikidata_P856,1,
INE05135,municipality,05135,Muñana,Castilla y León,Ávila,499,http://www.munana.es/,wikidata_P856,1,
INE47128,municipality,47128,Quintanilla del Molar,Castilla y León,Valladolid,43,,,0,
INE23072,municipality,23072,"Puerta de Segura, La",Andalucía,Jaén,2223,http://www.lapuertadesegura.es/,wikidata_P856,1,
INE24031,municipality,24031,Calzada del Coto,Castilla y León,León,217,http://www.aytocalzadadelcoto.es/,wikidata_P856,1,
INE09039,municipality,09039,Barbadillo del Pez,Castilla y León,Burgos,64,http://www.barbadillodelpez.es/,wikidata_P856,1,
INE40009,municipality,40009,Aldeanueva de la Serrezuela,Castilla y León,Segovia,42,http://www.laserrezuela.com/,wikidata_P856,1,
INE50185,municipality,50185,Murillo de Gállego,Aragón,Zaragoza,194,http://murillodegallego.es/,wikidata_P856,1,
INE40112,municipality,40112,"Lastrilla, La",Castilla y León,Segovia,4781,http://www.lalastrilla.es/,wikidata_P856,1,
INE47097,municipality,47097,Mota del Marqués,Castilla y León,Valladolid,342,http://www.motadelmarques.com/,wikidata_P856,1,
INE44257,municipality,44257,Villar del Cobo,Aragón,Teruel,158,http://villardelcobo.deteruel.es/InternetRural/villardelcobo/home.nsf,wikidata_P856,1,
INE08051,municipality,08051,Castellar del Vallès,Cataluña,Barcelona,25422,http://www.castellarvalles.cat/,wikidata_P856,1,
INE21016,municipality,21016,Cala,Andalucía,Huelva,1106,http://www.cala.es/,wikidata_P856,1,
INE40091,municipality,40091,Fuentesoto,Castilla y León,Segovia,96,http://www.fuentesoto.es/,wikidata_P856,1,
INE12136,municipality,12136,"Vilavella, la",Comunitat Valenciana,Castelló/Castellón,3054,http://www.lavilavella.com/,wikidata_P856,1,
INE21076,municipality,21076,Villanueva de los Castillejos,Andalucía,Huelva,2967,https://www.villanuevadeloscastillejos.es/,wikidata_P856,1,
INE09103,municipality,09103,Cilleruelo de Abajo,Castilla y León,Burgos,209,http://www.cilleruelodeabajo.com/,wikidata_P856,1,
INE40046,municipality,40046,Castillejo de Mesleón,Castilla y León,Segovia,119,http://www.castillejodemesleon.es/,wikidata_P856,1,
INE09295,municipality,09295,Quintanilla del Coco,Castilla y León,Burgos,50,http://www.quintanilladelcoco.es/,wikidata_P856,1,
INE49016,municipality,49016,Aspariegos,Castilla y León,Zamora,223,http://www.aspariegos.com/,wikidata_P856,1,
INE19075,municipality,19075,Castejón de Henares,Castilla-La Mancha,Guadalajara,62,,,0,
INE18099,municipality,18099,Huétor de Santillán,Andalucía,Granada,1964,http://www.huetorsantillan.es/,wikidata_P856,1,
INE09125,municipality,09125,Estépar,Castilla y León,Burgos,646,https://www.estepar.es/,wikidata_P856,1,
INE16212,municipality,16212,Torrubia del Campo,Castilla-La Mancha,Cuenca,312,https://torrubiadelcampo.sedelectronica.es/,clm_directorio_entidades_locales,0,
INE03093,municipality,03093,Novelda,Comunitat Valenciana,Alacant/Alicante,26606,http://novelda.es/,wikidata_P856,1,
INE44243,municipality,44243,Valdecuenca,Aragón,Teruel,33,,,0,
INE29057,municipality,29057,Genalguacil,Andalucía,Málaga,352,http://www.genalguacil.es/inicio.asp,wikidata_P856,1,
INE05059,municipality,05059,Cillán,Castilla y León,Ávila,84,http://www.cillan.es/,wikidata_P856,1,
INE09346,municipality,09346,Santa Cruz del Valle Urbión,Castilla y León,Burgos,94,http://www.santacruzdelvalleurbion.es/,wikidata_P856,1,
INE41090,municipality,41090,"Saucejo, El",Andalucía,Sevilla,4189,http://www.elsaucejo.es/,wikidata_P856,1,
INE29009,municipality,29009,Almáchar,Andalucía,Málaga,1959,http://www.almachar.es/,wikidata_P856,1,
INE37268,municipality,37268,"Rinconada de la Sierra, La",Castilla y León,Salamanca,97,,,0,
INE26060,municipality,26060,Estollo,"Rioja, La","Rioja, La",90,,,0,
INE32090,municipality,32090,Vilar de Santos,Galicia,Ourense,784,https://www.vilardesantos.gal/,wikidata_P856,1,
INE26128,municipality,26128,Sajazarra,"Rioja, La","Rioja, La",123,https://www.youtube.com/watch,wikidata_P856,1,
INE26131,municipality,26131,San Millán de Yécora,"Rioja, La","Rioja, La",35,,,0,
INE02019,municipality,02019,"Bonillo, El",Castilla-La Mancha,Albacete,2645,http://www.elbonillo.es/,clm_directorio_entidades_locales,0,
INE25911,municipality,25911,"Plans de Sió, Els",Cataluña,Lleida,506,http://planssio.ddl.net/,wikidata_P856,1,
INE20033,municipality,20033,Elgeta,País Vasco,Gipuzkoa,1133,http://www.elgeta.eus/,wikidata_P856,1,
INE09275,municipality,09275,Presencio,Castilla y León,Burgos,212,http://www.presencio.es/,wikidata_P856,1,
INE12064,municipality,12064,Fuentes de Ayódar,Comunitat Valenciana,Castelló/Castellón,98,http://www.fuentesdeayodar.es/,wikidata_P856,1,
INE09473,municipality,09473,Villegas,Castilla y León,Burgos,83,http://www.villegas.es/,wikidata_P856,1,
INE44141,municipality,44141,Lledó,Aragón,Teruel,150,https://www.lledo.es/,wikidata_P856,1,
INE47054,municipality,47054,Cogeces del Monte,Castilla y León,Valladolid,640,http://cogecesdelmonte.es/,wikidata_P856,1,
INE44019,municipality,44019,Alobras,Aragón,Teruel,63,,,0,
INE41075,municipality,41075,Pilas,Andalucía,Sevilla,14222,http://www.pilas.es/,wikidata_P856,1,
INE40045,municipality,40045,Casla,Castilla y León,Segovia,155,http://www.casla.es/,wikidata_P856,1,
INE05023,municipality,05023,Barromán,Castilla y León,Ávila,174,https://www.barroman.es/,wikidata_P856,1,
INE19263,municipality,19263,Taragudo,Castilla-La Mancha,Guadalajara,45,,,0,
INE18165,municipality,18165,Pulianas,Andalucía,Granada,5659,http://www.pulianas.es/,wikidata_P856,1,
INE40086,municipality,40086,Fuentepelayo,Castilla y León,Segovia,764,https://www.fuentepelayo.es/,wikidata_P856,1,
INE05030,municipality,05030,Berrocalejo de Aragona,Castilla y León,Ávila,55,http://www.aytoberrocalejo.es/,wikidata_P856,1,
INE24157,municipality,24157,Santa María del Páramo,Castilla y León,León,2994,http://www.aytosantamariadelparamo.es/,wikidata_P856,1,
INE34060,municipality,34060,Cobos de Cerrato,Castilla y León,Palencia,129,http://cobosdecerrato.dip-palencia.es/,wikidata_P856,1,
INE10171,municipality,10171,Santibáñez el Alto,Extremadura,Cáceres,386,,,0,
INE50265,municipality,50265,Trasmoz,Aragón,Zaragoza,88,http://www.trasmoz.es/,wikidata_P856,1,
INE28118,municipality,28118,Puebla de la Sierra,"Madrid, Comunidad de",Madrid,98,https://puebladelasierra.es/,wikidata_P856,1,
INE05138,municipality,05138,Muñogalindo,Castilla y León,Ávila,299,https://www.ayuntamientodemunogalindo.es/,wikidata_P856,1,
INE32040,municipality,32040,Leiro,Galicia,Ourense,1517,http://www.concellodeleiro.com/,wikidata_P856,1,
INE21057,municipality,21057,Paymogo,Andalucía,Huelva,1132,http://www.paymogo.es/,wikidata_P856,1,
INE41001,municipality,41001,Aguadulce,Andalucía,Sevilla,2109,http://www.aguadulce.es/,wikidata_P856,1,
INE40053,municipality,40053,Cerezo de Abajo,Castilla y León,Segovia,150,https://cerezodeabajo.com/,wikidata_P856,1,
INE28038,municipality,28038,Cercedilla,"Madrid, Comunidad de",Madrid,7772,http://www.cercedilla.es/,wikidata_P856,1,
INE50136,municipality,50136,Lécera,Aragón,Zaragoza,578,https://lecera.es/,wikidata_P856,1,
INE16088,municipality,16088,Fuentelespino de Moya,Castilla-La Mancha,Cuenca,101,http://fuentelespinodemoya.sedelectronica.es/,clm_directorio_entidades_locales,0,
INE44111,municipality,44111,Fuentes Calientes,Aragón,Teruel,89,http://www.fuentescalientes.es/,wikidata_P856,1,
INE49191,municipality,49191,San Miguel de la Ribera,Castilla y León,Zamora,244,,,0,
INE08080,municipality,08080,Fígols,Cataluña,Barcelona,40,http://figols.cat/,wikidata_P856,1,
INE09144,municipality,09144,"Gallega, La",Castilla y León,Burgos,34,http://www.lagallega.es/,wikidata_P856,1,
INE37323,municipality,37323,Topas,Castilla y León,Salamanca,518,,,0,
INE09226,municipality,09226,Monterrubio de la Demanda,Castilla y León,Burgos,55,http://www.monterrubiodelademanda.es/,wikidata_P856,1,
INE50215,municipality,50215,Pozuel de Ariza,Aragón,Zaragoza,15,http://pozuel.com/,wikidata_P856,1,
INE34130,municipality,34130,Piña de Campos,Castilla y León,Palencia,185,https://pinadecampos.com/,wikidata_P856,1,
INE15067,municipality,15067,"Pobra do Caramiñal, A",Galicia,"Coruña, A",9126,http://www.apobra.com/,wikidata_P856,1,
INE02041,municipality,02041,Jorquera,Castilla-La Mancha,Albacete,356,http://www.jorquera.es/,clm_directorio_entidades_locales,0,
INE09120,municipality,09120,Encío,Castilla y León,Burgos,37,http://www.encio.es/,wikidata_P856,1,
INE50083,municipality,50083,Cinco Olivas,Aragón,Zaragoza,97,http://www.cincoolivas.com/,wikidata_P856,1,
INE46238,municipality,46238,Tavernes de la Valldigna,Comunitat Valenciana,València/Valencia,17866,http://www.tavernes.es/,wikidata_P856,1,
INE42105,municipality,42105,Liceras,Castilla y León,Soria,49,http://www.liceras.es/,wikidata_P856,1,
INE18033,municipality,18033,Busquístar,Andalucía,Granada,313,http://www.busquistar.es/,wikidata_P856,1,
INE05099,municipality,05099,Horcajo de las Torres,Castilla y León,Ávila,425,http://www.horcajodelastorres.es/,wikidata_P856,1,
INE19198,municipality,19198,Negredo,Castilla-La Mancha,Guadalajara,12,,,0,
INE46138,municipality,46138,Guadasséquies,Comunitat Valenciana,València/Valencia,478,http://www.guadasequies.es/,wikidata_P856,1,
INE44167,municipality,44167,Obón,Aragón,Teruel,35,,,0,
INE20048,municipality,20048,Larraul,País Vasco,Gipuzkoa,263,https://www.larraul.eus/,wikidata_P856,1,
INE19335,municipality,19335,Zorita de los Canes,Castilla-La Mancha,Guadalajara,72,http://www.zoritadeloscanes.com/,clm_directorio_entidades_locales,0,
INE24034,municipality,24034,Camponaraya,Castilla y León,León,4060,https://www.camponaraya.es/,wikidata_P856,1,
INE19279,municipality,19279,Torre del Burgo,Castilla-La Mancha,Guadalajara,494,https://aytotorredelburgo.sedelectronica.es/,clm_directorio_entidades_locales,0,
INE16191,municipality,16191,San Lorenzo de la Parrilla,Castilla-La Mancha,Cuenca,1119,http://www.sanlorenzodelaparrila.es/,clm_directorio_entidades_locales,0,
INE18068,municipality,18068,Dílar,Andalucía,Granada,2384,http://www.dilar.es/,wikidata_P856,1,
INE06019,municipality,06019,Berlanga,Extremadura,Badajoz,2171,http://www.berlanga.es/,wikidata_P856,1,
INE12113,municipality,12113,Toga,Comunitat Valenciana,Castelló/Castellón,106,http://www.toga.es/,wikidata_P856,1,
INE44192,municipality,44192,"Puebla de Valverde, La",Aragón,Teruel,485,https://lapuebladevalverde.info/,wikidata_P856,1,
INE16194,municipality,16194,Santa Cruz de Moya,Castilla-La Mancha,Cuenca,233,http://www.santacruzdemoya.es/,wikidata_P856,1,
INE10115,municipality,10115,Malpartida de Cáceres,Extremadura,Cáceres,4027,http://www.malpartidadecaceres.es/,wikidata_P856,1,
INE18035,municipality,18035,Cádiar,Andalucía,Granada,1491,http://www.cadiar.es/,wikidata_P856,1,
INE16051,municipality,16051,Cañaveruelas,Castilla-La Mancha,Cuenca,110,http://canaveruelas.sedelectronica.es/,clm_directorio_entidades_locales,0,
INE40031,municipality,40031,Bernuy de Porreros,Castilla y León,Segovia,1342,http://www.bernuydeporreros.es/,wikidata_P856,1,
INE09308,municipality,09308,Redecilla del Campo,Castilla y León,Burgos,65,http://redecilladelcampo.com/,wikidata_P856,1,
INE05017,municipality,05017,Aveinte,Castilla y León,Ávila,67,https://www.aveinte.es/,wikidata_P856,1,
INE05242,municipality,05242,Tiñosillos,Castilla y León,Ávila,732,http://www.tinosillos.es/,wikidata_P856,1,
INE46058,municipality,46058,Benifairó de les Valls,Comunitat Valenciana,València/Valencia,2359,http://www.benifairovalls.com/,wikidata_P856,1,
INE12114,municipality,12114,Torás,Comunitat Valenciana,Castelló/Castellón,271,http://www.toras.es/,wikidata_P856,1,
INE47204,municipality,47204,Villafranca de Duero,Castilla y León,Valladolid,247,,,0,
INE21007,municipality,21007,Aracena,Andalucía,Huelva,8425,http://www.aracena.es/,wikidata_P856,1,
INE42131,municipality,42131,Nolay,Castilla y León,Soria,45,,,0,
INE37140,municipality,37140,Fuentes de Oñoro,Castilla y León,Salamanca,1012,https://fuentesdeonoro.es/,wikidata_P856,2,
INE07051,municipality,07051,Sant Llorenç des Cardassar,"Balears, Illes",Illes Balears,9231,http://www.santllorenc.es/,wikidata_P856,1,
INE45071,municipality,45071,"Guardia, La",Castilla-La Mancha,Toledo,2200,http://www.laguardiatoledo.es/,clm_directorio_entidades_locales,0,
INE12078,municipality,12078,Montán,Comunitat Valenciana,Castelló/Castellón,429,http://www.montan.es/,wikidata_P856,1,
INE50131,municipality,50131,Jaulín,Aragón,Zaragoza,305,https://www.jaulin.es/,wikidata_P856,1,
INE08068,municipality,08068,Cervelló,Cataluña,Barcelona,9743,https://www.cervello.cat/,wikidata_P856,1,
INE49174,municipality,49174,Requejo,Castilla y León,Zamora,107,,,0,
INE04079,municipality,04079,Roquetas de Mar,Andalucía,Almería,111240,http://www.aytoroquetas.org/,wikidata_P856,1,
INE40126,municipality,40126,Melque de Cercos,Castilla y León,Segovia,58,http://www.melquedecercos.es/,wikidata_P856,1,
INE19307,municipality,19307,Valdesotos,Castilla-La Mancha,Guadalajara,35,,,0,
INE31057,municipality,31057,Buñuel,"Navarra, Comunidad Foral de",Navarra,2318,http://www.bunuel.es/,wikidata_P856,1,
INE26096,municipality,26096,Medrano,"Rioja, La","Rioja, La",350,,,0,
INE19133,municipality,19133,Heras de Ayuso,Castilla-La Mancha,Guadalajara,248,,,0,
INE21051,municipality,21051,"Nava, La",Andalucía,Huelva,271,http://www.lanava.es/,wikidata_P856,1,
INE10114,municipality,10114,Majadas,Extremadura,Cáceres,1281,https://www.majadas.es/,wikidata_P856,1,
INE34168,municipality,34168,Santa Cruz de Boedo,Castilla y León,Palencia,51,http://santacruzdeboedo.es/,wikidata_P856,1,
INE45170,municipality,45170,Torrecilla de la Jara,Castilla-La Mancha,Toledo,227,https://torrecilladelajara.sedelectronica.es/,clm_directorio_entidades_locales,0,
INE22245,municipality,22245,Velilla de Cinca,Aragón,Huesca,505,http://www.velilladecinca.es/,wikidata_P856,1,
INE37311,municipality,37311,Sobradillo,Castilla y León,Salamanca,170,,,0,
INE09057,municipality,09057,Bugedo,Castilla y León,Burgos,193,https://bugedo.es/inicio,wikidata_P856,1,
INE20054,municipality,20054,Lizartza,País Vasco,Gipuzkoa,672,http://www.lizartza.eus/,wikidata_P856,1,
INE18039,municipality,18039,Caniles,Andalucía,Granada,3929,https://www.caniles.es/,wikidata_P856,1,
INE27056,municipality,27056,Rábade,Galicia,Lugo,1514,http://www.concellorabade.es/,wikidata_P856,1,
INE10157,municipality,10157,Robledillo de la Vera,Extremadura,Cáceres,252,http://www.robledillodelavera.es/,wikidata_P856,1,
INE24054,municipality,24054,Cimanes de la Vega,Castilla y León,León,431,http://www.cimanesdelavega.com/,wikidata_P856,1,
INE12077,municipality,12077,Moncofa,Comunitat Valenciana,Castelló/Castellón,8339,https://moncofa.com/,wikidata_P856,1,
INE50217,municipality,50217,Pradilla de Ebro,Aragón,Zaragoza,553,http://www.pradilla.net/,wikidata_P856,1,
INE40214,municipality,40214,Valseca,Castilla y León,Segovia,208,http://www.valseca.com/,wikidata_P856,1,
INE44012,municipality,44012,Alcalá de la Selva,Aragón,Teruel,382,http://www.alcaladelaselva.com/,wikidata_P856,1,
INE03031,municipality,03031,Benidorm,Comunitat Valenciana,Alacant/Alicante,77327,https://benidorm.org/,wikidata_P856,1,
INE44152,municipality,44152,Monforte de Moyuela,Aragón,Teruel,84,https://www.monfortedemoyuela.es/,wikidata_P856,1,
INE26040,municipality,26040,Cañas,"Rioja, La","Rioja, La",95,http://www.aytocanias.org/,wikidata_P856,1,
INE27026,municipality,27026,Láncara,Galicia,Lugo,2489,http://www.concellodelancara.com/,wikidata_P856,1,
INE10044,municipality,10044,Cañamero,Extremadura,Cáceres,1578,http://www.ayuntamientocanamero.org/,wikidata_P856,1,
INE05204,municipality,05204,Sanchidrián,Castilla y León,Ávila,720,http://www.sanchidrian.es/,wikidata_P856,1,
INE19319,municipality,19319,Villanueva de la Torre,Castilla-La Mancha,Guadalajara,6666,https://www.villanuevadelatorre.com/,clm_directorio_entidades_locales,0,
INE26161,municipality,26161,Valdemadera,"Rioja, La","Rioja, La",15,http://www.valdemadera.org/,wikidata_P856,1,
INE50009,municipality,50009,Alarba,Aragón,Zaragoza,91,,,0,
INE28169,municipality,28169,Venturada,"Madrid, Comunidad de",Madrid,2622,http://www.venturada.org/,wikidata_P856,1,
INE49132,municipality,49132,Moreruela de los Infanzones,Castilla y León,Zamora,318,,,0,
INE10105,municipality,10105,Jarandilla de la Vera,Extremadura,Cáceres,2894,http://www.jarandilladelavera.es/,wikidata_P856,1,
INE37045,municipality,37045,"Bastida, La",Castilla y León,Salamanca,22,,,0,
INE19244,municipality,19244,Sacecorbo,Castilla-La Mancha,Guadalajara,90,,,0,
INE31099,municipality,31099,Etayo,"Navarra, Comunidad Foral de",Navarra,72,,,0,
INE12044,municipality,12044,Cervera del Maestre,Comunitat Valenciana,Castelló/Castellón,617,http://www.cerveradelmaestre.es/,wikidata_P856,1,
INE28094,municipality,28094,Navalafuente,"Madrid, Comunidad de",Madrid,1693,http://www.navalafuente.org/,wikidata_P856,1,
INE19037,municipality,19037,Arbancón,Castilla-La Mancha,Guadalajara,157,http://www.arbancon.es/,clm_directorio_entidades_locales,0,
INE09249,municipality,09249,Palazuelos de Muñó,Castilla y León,Burgos,52,http://www.palazuelosdemuño.es/,wikidata_P856,1,
INE40220,municipality,40220,Valleruela de Pedraza,Castilla y León,Segovia,61,http://www.vallerueladepedraza.es/,wikidata_P856,1,
INE19237,municipality,19237,Rillo de Gallo,Castilla-La Mancha,Guadalajara,37,http://www.rillo-de-gallo.com/,wikidata_P856,1,
INE47121,municipality,47121,Pollos,Castilla y León,Valladolid,565,,,0,
INE40078,municipality,40078,Fresneda de Cuéllar,Castilla y León,Segovia,162,http://www.fresnedadecuellar.es/,wikidata_P856,1,
INE42194,municipality,42194,Valdemaluque,Castilla y León,Soria,139,,,0,
INE47122,municipality,47122,Portillo,Castilla y León,Valladolid,2377,http://www.portillo.es/,wikidata_P856,1,
INE31235,municipality,31235,Ujué/Uxue,"Navarra, Comunidad Foral de",Navarra,168,,,0,
INE47164,municipality,47164,Tordehumos,Castilla y León,Valladolid,362,http://www.tordehumos.com/,wikidata_P856,1,
INE06057,municipality,06057,Garlitos,Extremadura,Badajoz,510,http://www.garlitos.es/,wikidata_P856,1,
INE47014,municipality,47014,Barruelo del Valle,Castilla y León,Valladolid,51,http://www.barruelodelvalle.ayuntamientosdevalladolid.es/,wikidata_P856,1,
INE12057,municipality,12057,Eslida,Comunitat Valenciana,Castelló/Castellón,815,http://www.eslida.es/,wikidata_P856,1,
INE42183,municipality,42183,Tejado,Castilla y León,Soria,100,,,0,
INE50202,municipality,50202,Paracuellos de la Ribera,Aragón,Zaragoza,111,,,0,
INE05174,municipality,05174,Orbita,Castilla y León,Ávila,70,http://www.orbita.es/,wikidata_P856,1,
INE09482,municipality,09482,Zarzosa de Río Pisuerga,Castilla y León,Burgos,29,http://www.zarzosaderiopisuerga.es/,wikidata_P856,1,
INE37145,municipality,37145,Gallegos de Argañán,Castilla y León,Salamanca,259,https://www.aytogallegos.com/,wikidata_P856,1,
INE50044,municipality,50044,Bardallur,Aragón,Zaragoza,242,,,0,
INE15054,municipality,15054,Narón,Galicia,"Coruña, A",39953,https://www.naron.es/,wikidata_P856,1,
INE49244,municipality,49244,Villageriz,Castilla y León,Zamora,63,http://www.aytovillageriz.com/,wikidata_P856,1,
INE06053,municipality,06053,Fuente del Arco,Extremadura,Badajoz,648,http://www.fuentedelarco.es/,wikidata_P856,1,
INE16145,municipality,16145,Osa de la Vega,Castilla-La Mancha,Cuenca,450,http://www.osadelavega.com/,clm_directorio_entidades_locales,0,
INE22017,municipality,22017,Alcolea de Cinca,Aragón,Huesca,1127,http://www.alcoleadecinca.es/,wikidata_P856,1,
INE44034,municipality,44034,Bañón,Aragón,Teruel,152,,,0,
INE34032,municipality,34032,Berzosilla,Castilla y León,Palencia,45,http://berzosilla.es/,wikidata_P856,1,
INE24229,municipality,24229,Villazanzo de Valderaduey,Castilla y León,León,360,http://www.aytovillazanzodevalderaduey.es/,wikidata_P856,1,
INE46164,municipality,46164,Massamagrell,Comunitat Valenciana,València/Valencia,17566,http://www.massamagrell.es/,wikidata_P856,1,
INE50031,municipality,50031,Aranda de Moncayo,Aragón,Zaragoza,112,https://arandademoncayo.es/,wikidata_P856,1,
INE40173,municipality,40173,Roda de Eresma,Castilla y León,Segovia,260,http://www.rodadeeresma.es/,wikidata_P856,1,
INE28023,municipality,28023,"Boalo, El","Madrid, Comunidad de",Madrid,8770,https://www.elboalo-cerceda-mataelpino.org/,wikidata_P856,1,
INE34157,municipality,34157,Saldaña,Castilla y León,Palencia,2844,http://www.saldana.es/,wikidata_P856,1,
INE40115,municipality,40115,Maderuelo,Castilla y León,Segovia,100,http://www.maderuelo.es/,wikidata_P856,1,
INE49250,municipality,49250,Villalpando,Castilla y León,Zamora,1433,http://www.villalpando.es/,wikidata_P856,1,
INE18095,municipality,18095,Güevéjar,Andalucía,Granada,2723,http://ayuntamientoguevejar.com/,wikidata_P856,1,
INE03073,municipality,03073,Gorga,Comunitat Valenciana,Alacant/Alicante,286,http://www.gorga.es/,wikidata_P856,1,
INE50019,municipality,50019,Alforque,Aragón,Zaragoza,57,http://www.alforque.es/,wikidata_P856,1,
INE19169,municipality,19169,Mantiel,Castilla-La Mancha,Guadalajara,28,,,0,
INE40178,municipality,40178,San Cristóbal de la Vega,Castilla y León,Segovia,81,http://www.sancristobaldelavega.es/,wikidata_P856,1,
INE49255,municipality,49255,Villamor de los Escuderos,Castilla y León,Zamora,362,https://www.diputaciondezamora.es/opencms/diputacion/detalle-informacion/Villamor-de-los-Escuderos/,wikidata_P856,1,
INE23001,municipality,23001,Albanchez de Mágina,Andalucía,Jaén,903,http://www.albanchezdemagina.es/,wikidata_P856,1,
INE37026,municipality,37026,Aldehuela de Yeltes,Castilla y León,Salamanca,176,,,0,
INE22252,municipality,22252,Yebra de Basa,Aragón,Huesca,155,http://www.yebradebasa.es/,wikidata_P856,1,
INE05206,municipality,05206,San Esteban de los Patos,Castilla y León,Ávila,19,http://www.sanestebandelospatos.es/,wikidata_P856,1,
INE10059,municipality,10059,Casillas de Coria,Extremadura,Cáceres,354,,,0,
INE15003,municipality,15003,Aranga,Galicia,"Coruña, A",1793,http://www.aranga.es/,wikidata_P856,1,
INE19261,municipality,19261,Sotodosos,Castilla-La Mancha,Guadalajara,30,,,0,
INE09138,municipality,09138,Fuentelisendo,Castilla y León,Burgos,96,http://www.fuentelisendo.es/,wikidata_P856,1,
INE37251,municipality,37251,Peromingo,Castilla y León,Salamanca,121,,,0,
INE15057,municipality,15057,Noia,Galicia,"Coruña, A",14123,https://concellodenoia.gal/,wikidata_P856,1,
INE16271,municipality,16271,Villarta,Castilla-La Mancha,Cuenca,853,,,0,
INE50236,municipality,50236,Santa Cruz de Grío,Aragón,Zaragoza,95,,,0,
INE46087,municipality,46087,Casas Altas,Comunitat Valenciana,València/Valencia,118,http://www.casasaltas.es/,wikidata_P856,1,
INE45034,municipality,45034,Camuñas,Castilla-La Mancha,Toledo,1742,http://www.camunas.es/,clm_directorio_entidades_locales,0,
INE07030,municipality,07030,Llubí,"Balears, Illes",Illes Balears,2589,http://www.ajllubi.net/,wikidata_P856,1,
INE05066,municipality,05066,Cuevas del Valle,Castilla y León,Ávila,506,http://www.cuevasdelvalle.es/,wikidata_P856,1,
INE28002,municipality,28002,Ajalvir,"Madrid, Comunidad de",Madrid,4868,https://www.villadeajalvir.es/,wikidata_P856,1,
INE37367,municipality,37367,Villasbuenas,Castilla y León,Salamanca,158,,,0,
INE37035,municipality,37035,Armenteros,Castilla y León,Salamanca,156,http://armenteros.es/,wikidata_P856,1,
INE12142,municipality,12142,Zucaina,Comunitat Valenciana,Castelló/Castellón,171,http://www.zucaina.es/,wikidata_P856,1,
INE42064,municipality,42064,Ciria,Castilla y León,Soria,67,http://www.ciria.es/,wikidata_P856,1,
INE05036,municipality,05036,"Bohodón, El",Castilla y León,Ávila,104,http://www.elbohodon.es/,wikidata_P856,1,
INE36034,municipality,36034,"Neves, As",Galicia,Pontevedra,3657,https://asneves.gal/,wikidata_P856,1,
INE02058,municipality,02058,Paterna del Madera,Castilla-La Mancha,Albacete,328,http://paternadelmadera.es/,wikidata_P856,1,
INE10098,municipality,10098,Hinojal,Extremadura,Cáceres,391,http://www.hinojal.es/,wikidata_P856,1,
INE09353,municipality,09353,Santa María Ribarredonda,Castilla y León,Burgos,97,http://www.santamariaribarredonda.es/,wikidata_P856,1,
INE09416,municipality,09416,Valle de Zamanzas,Castilla y León,Burgos,46,,,0,
INE09248,municipality,09248,Palazuelos de la Sierra,Castilla y León,Burgos,95,http://www.palazuelosdelasierra.es/,wikidata_P856,1,
INE40101,municipality,40101,Hontanares de Eresma,Castilla y León,Segovia,1680,http://www.hontanaresdeeresma.es/,wikidata_P856,1,
INE22102,municipality,22102,Estada,Aragón,Huesca,215,http://www.estada.es/,wikidata_P856,1,
INE31160,municipality,31160,Luquin,"Navarra, Comunidad Foral de",Navarra,135,,,0,
INE24181,municipality,24181,Valderas,Castilla y León,León,1479,http://www.aytovalderas.es/,wikidata_P856,1,
INE22176,municipality,22176,Peraltilla,Aragón,Huesca,212,http://www.peraltilla.com/,wikidata_P856,1,
INE06092,municipality,06092,Nogales,Extremadura,Badajoz,632,http://www.nogales.es/,wikidata_P856,1,
INE40103,municipality,40103,"Huertos, Los",Castilla y León,Segovia,173,http://www.loshuertos.es/,wikidata_P856,1,
INE15071,municipality,15071,"Porto do Son, O",Galicia,"Coruña, A",9060,http://portodoson.gal/,wikidata_P856,1,
INE24214,municipality,24214,Villamejil,Castilla y León,León,653,http://www.aytovillamejil.es/,wikidata_P856,1,
INE32042,municipality,32042,Lobios,Galicia,Ourense,1776,https://www.lobios.org/,wikidata_P856,1,
INE46097,municipality,46097,Cofrentes,Comunitat Valenciana,València/Valencia,1113,http://www.cofrentes.es/,wikidata_P856,1,
INE49137,municipality,49137,Navianos de Valverde,Castilla y León,Zamora,157,,,0,
INE42175,municipality,42175,Suellacabras,Castilla y León,Soria,32,http://www.suellacabras.es/,wikidata_P856,1,
INE37280,municipality,37280,Sanchón de la Ribera,Castilla y León,Salamanca,66,,,0,
INE26054,municipality,26054,Cornago,"Rioja, La","Rioja, La",298,http://www.cornago.org/,wikidata_P856,1,
INE49101,municipality,49101,Luelmo,Castilla y León,Zamora,148,,,0,
INE43073,municipality,43073,Llorac,Cataluña,Tarragona,105,http://www.llorac.altanet.org/,wikidata_P856,1,
INE09907,municipality,09907,Alfoz de Quintanadueñas,Castilla y León,Burgos,2158,http://www.alfozdequintanadueñas.es/,wikidata_P856,1,
INE50281,municipality,50281,Vierlas,Aragón,Zaragoza,88,,,0,
INE40151,municipality,40151,Ortigosa de Pestaño,Castilla y León,Segovia,51,http://www.ortigosadepestano.es/,wikidata_P856,1,
INE37356,municipality,37356,Villar de Argañán,Castilla y León,Salamanca,95,,,0,
INE20079,municipality,20079,Zarautz,País Vasco,Gipuzkoa,23496,http://www.zarautz.eus/,wikidata_P856,1,
INE04071,municipality,04071,Padules,Andalucía,Almería,438,http://www.aytopadules.com/,wikidata_P856,1,
INE08249,municipality,08249,Santa Fe del Penedès,Cataluña,Barcelona,365,https://www.santafepenedes.cat/,wikidata_P856,1,
INE09174,municipality,09174,Huerta de Rey,Castilla y León,Burgos,889,http://www.huertaderey.com/,wikidata_P856,1,
INE05166,municipality,05166,Navarredondilla,Castilla y León,Ávila,146,http://www.navarredondilla.es/,wikidata_P856,1,
INE19073,municipality,19073,Casas de San Galindo,Castilla-La Mancha,Guadalajara,24,,,0,
INE46183,municipality,46183,"Olleria, l'",Comunitat Valenciana,València/Valencia,8818,https://www.lolleria.org/,wikidata_P856,1,
INE05216,municipality,05216,San Martín del Pimpollar,Castilla y León,Ávila,221,http://www.sanmartindelpimpollar.es/,wikidata_P856,1,
INE45100,municipality,45100,Mesegar de Tajo,Castilla-La Mancha,Toledo,199,,,0,
INE29059,municipality,29059,Humilladero,Andalucía,Málaga,3373,http://www.humilladero.es/,wikidata_P856,1,
INE09173,municipality,09173,Huerta de Arriba,Castilla y León,Burgos,121,http://www.huertadearriba.es/,wikidata_P856,1,
INE09266,municipality,09266,Pineda de la Sierra,Castilla y León,Burgos,92,http://www.pinedadelasierra.es/,wikidata_P856,1,
INE09026,municipality,09026,Arlanzón,Castilla y León,Burgos,425,http://www.arlanzon.es/,wikidata_P856,1,
INE02014,municipality,02014,"Ballestero, El",Castilla-La Mancha,Albacete,411,http://www.elballestero.es/,clm_directorio_entidades_locales,0,
INE20903,municipality,20903,Astigarraga,País Vasco,Gipuzkoa,7812,http://www.astigarraga.eus/,wikidata_P856,1,
INE05119,municipality,05119,Manjabálago y Ortigosa de Rioalmar,Castilla y León,Ávila,22,http://www.manjabalago.es/,wikidata_P856,1,
INE26052,municipality,26052,Cordovín,"Rioja, La","Rioja, La",154,http://www.cordovin.org/,wikidata_P856,1,
INE24131,municipality,24131,Riego de la Vega,Castilla y León,León,697,http://www.aytoriegodelavega.es/,wikidata_P856,1,
INE28062,municipality,28062,Garganta de los Montes,"Madrid, Comunidad de",Madrid,441,http://www.gargantadelosmontes.es/,wikidata_P856,1,
INE46251,municipality,46251,Vallada,Comunitat Valenciana,València/Valencia,3091,http://www.vallada.es/,wikidata_P856,1,
INE05100,municipality,05100,"Hornillo, El",Castilla y León,Ávila,263,http://www.elhornillo.es/,wikidata_P856,1,
INE19280,municipality,19280,Torrejón del Rey,Castilla-La Mancha,Guadalajara,6435,http://www.aytotorrejondelrey.com/,clm_directorio_entidades_locales,0,
INE09339,municipality,09339,San Martín de Rubiales,Castilla y León,Burgos,137,http://www.sanmartinderubiales.es/,wikidata_P856,1,
INE13014,municipality,13014,Almedina,Castilla-La Mancha,Ciudad Real,475,http://www.almedina.es/,clm_directorio_entidades_locales,0,
INE16901,municipality,16901,Campos del Paraíso,Castilla-La Mancha,Cuenca,646,http://www.camposdelparaiso.com/,wikidata_P856,1,
INE37348,municipality,37348,Ventosa del Río Almar,Castilla y León,Salamanca,97,,,0,
INE03080,municipality,03080,Jacarilla,Comunitat Valenciana,Alacant/Alicante,2176,http://www.jacarilla.es/,wikidata_P856,1,
INE09220,municipality,09220,Miraveche,Castilla y León,Burgos,92,http://www.miraveche.es/,wikidata_P856,1,
INE05219,municipality,05219,San Pascual,Castilla y León,Ávila,44,http://www.sanpascual.es/,wikidata_P856,1,
INE15018,municipality,15018,"Capela, A",Galicia,"Coruña, A",1165,http://www.concellodacapela.es/,wikidata_P856,1,
INE23905,municipality,23905,Arroyo del Ojanco,Andalucía,Jaén,2158,http://www.arroyodelojanco.es/,wikidata_P856,1,
INE20053,municipality,20053,Lezo,País Vasco,Gipuzkoa,6184,http://www.lezo.eus/,wikidata_P856,1,
INE15055,municipality,15055,Neda,Galicia,"Coruña, A",4925,http://www.neda.es/,wikidata_P856,1,
INE23037,municipality,23037,Génave,Andalucía,Jaén,548,https://www.genave.es/,wikidata_P856,1,
INE13042,municipality,13042,Fuencaliente,Castilla-La Mancha,Ciudad Real,1007,http://www.fuencaliente.es/,clm_directorio_entidades_locales,0,
INE16240,municipality,16240,Vellisca,Castilla-La Mancha,Cuenca,128,,,0,
INE32015,municipality,32015,"Bolo, O",Galicia,Ourense,789,http://www.obolo.es/,wikidata_P856,1,
INE42006,municipality,42006,Alconaba,Castilla y León,Soria,198,http://www.alconaba.es/,wikidata_P856,1,
INE41080,municipality,41080,"Real de la Jara, El",Andalucía,Sevilla,1517,http://www.elrealdelajara.es/,wikidata_P856,1,
INE37129,municipality,37129,Florida de Liébana,Castilla y León,Salamanca,248,,,0,
INE45048,municipality,45048,"Cerralbos, Los",Castilla-La Mancha,Toledo,452,,,0,
INE10187,municipality,10187,Torre de Don Miguel,Extremadura,Cáceres,481,http://www.torrededonmiguel.es/,wikidata_P856,1,
INE09180,municipality,09180,Iglesias,Castilla y León,Burgos,136,http://www.iglesias.es/,wikidata_P856,1,
INE37014,municipality,37014,Aldeadávila de la Ribera,Castilla y León,Salamanca,1094,http://www.aldeadavila.com/,wikidata_P856,1,
INE10174,municipality,10174,Segura de Toro,Extremadura,Cáceres,190,http://www.seguradetoro.es/,wikidata_P856,1,
INE40076,municipality,40076,"Espinar, El",Castilla y León,Segovia,10409,http://www.elespinar.es/,wikidata_P856,1,
INE28161,municipality,28161,Valdemoro,"Madrid, Comunidad de",Madrid,85972,https://www.valdemoro.es/,wikidata_P856,1,
INE49246,municipality,49246,Villalba de la Lampreana,Castilla y León,Zamora,212,http://www.villalampreana.com/,wikidata_P856,1,
INE16070,municipality,16070,Castillejo-Sierra,Castilla-La Mancha,Cuenca,31,,,0,
INE47215,municipality,47215,Villamuriel de Campos,Castilla y León,Valladolid,55,,,0,
INE46055,municipality,46055,Beniarjó,Comunitat Valenciana,València/Valencia,1964,http://www.beniarjo.es/,wikidata_P856,1,
INE44208,municipality,44208,Santa Cruz de Nogueras,Aragón,Teruel,24,https://www.ayuntamiento.es/santa-cruz-de-nogueras/,wikidata_P856,1,
INE26050,municipality,26050,Cirueña,"Rioja, La","Rioja, La",194,http://www.ciruenia.org/,wikidata_P856,1,
INE43036,municipality,43036,Cabra del Camp,Cataluña,Tarragona,1388,https://cabra.altanet.org/,wikidata_P856,1,
INE47197,municipality,47197,Villabrágima,Castilla y León,Valladolid,1075,,,0,
INE10200,municipality,10200,Valdelacasa de Tajo,Extremadura,Cáceres,338,,,0,
INE31213,municipality,31213,Saldías,"Navarra, Comunidad Foral de",Navarra,125,,,0,
INE22177,municipality,22177,Perarrúa,Aragón,Huesca,116,http://www.perrarua.com/,wikidata_P856,1,
INE19170,municipality,19170,Maranchón,Castilla-La Mancha,Guadalajara,225,https://www.maranchon.es/,wikidata_P856,1,
INE47219,municipality,47219,Villanueva de la Condesa,Castilla y León,Valladolid,64,,,0,
INE37176,municipality,37176,Madroñal,Castilla y León,Salamanca,128,,,0,
INE09183,municipality,09183,Jaramillo de la Fuente,Castilla y León,Burgos,45,http://www.jaramillodelafuente.es/,wikidata_P856,1,
INE37155,municipality,37155,Guijo de Ávila,Castilla y León,Salamanca,81,http://www.guijodeavila.es/,wikidata_P856,1,
INE05081,municipality,05081,Garganta del Villar,Castilla y León,Ávila,37,http://www.gargantadelvillar.es/,wikidata_P856,1,
INE44191,municipality,44191,"Puebla de Híjar, La",Aragón,Teruel,935,http://www.lapuebladehijar.es/,wikidata_P856,1,
INE09464,municipality,09464,Villatuelda,Castilla y León,Burgos,41,http://www.villatuelda.es/,wikidata_P856,1,
INE37013,municipality,37013,Aldeacipreste,Castilla y León,Salamanca,89,,,0,
INE37160,municipality,37160,Hinojosa de Duero,Castilla y León,Salamanca,562,http://www.hinojosadeduero.org/,wikidata_P856,1,
INE37245,municipality,37245,Peñaparda,Castilla y León,Salamanca,298,http://www.penaparda.com/,wikidata_P856,1,
INE34177,municipality,34177,Soto de Cerrato,Castilla y León,Palencia,166,http://sotodecerrato.es/,wikidata_P856,1,
INE31193,municipality,31193,Cendea de Olza/Oltza Zendea,"Navarra, Comunidad Foral de",Navarra,1874,https://www.ayuntamientoolza.com/,wikidata_P856,1,
INE37097,municipality,37097,Castraz,Castilla y León,Salamanca,33,,,0,
INE34180,municipality,34180,Támara de Campos,Castilla y León,Palencia,70,http://tamaradecampos.dip-palencia.es/,wikidata_P856,1,
INE16237,municipality,16237,Valverdejo,Castilla-La Mancha,Cuenca,86,http://valdeverdejo.dipucuenca.es/,clm_directorio_entidades_locales,0,
INE05108,municipality,05108,Junciana,Castilla y León,Ávila,40,https://www.junciana.es/,wikidata_P856,1,
INE19303,municipality,19303,Valdelcubo,Castilla-La Mancha,Guadalajara,42,,,0,
INE37114,municipality,37114,Chagarcía Medianero,Castilla y León,Salamanca,68,,,0,
INE16234,municipality,16234,Valsalobre,Castilla-La Mancha,Cuenca,17,,,0,
INE16026,municipality,16026,Atalaya del Cañavate,Castilla-La Mancha,Cuenca,91,http://atalayadelcanavate.es/,clm_directorio_entidades_locales,0,
INE50010,municipality,50010,Alberite de San Juan,Aragón,Zaragoza,79,,,0,
INE31903,municipality,31903,Berriozar,"Navarra, Comunidad Foral de",Navarra,11361,http://www.berriozar.es/,wikidata_P856,1,
INE17101,municipality,17101,Massanes,Cataluña,Girona,882,http://www.massanes.cat/,wikidata_P856,1,
INE03049,municipality,03049,Callosa de Segura,Comunitat Valenciana,Alacant/Alicante,19988,http://www.callosadesegura.es/,wikidata_P856,1,
INE13047,municipality,13047,Herencia,Castilla-La Mancha,Ciudad Real,8661,http://herencia.es/,clm_directorio_entidades_locales,0,
INE13061,municipality,13061,Pedro Muñoz,Castilla-La Mancha,Ciudad Real,7585,http://www.pedro-munoz.es/,clm_directorio_entidades_locales,0,
INE14057,municipality,14057,"Rambla, La",Andalucía,Córdoba,7412,http://www.aytolarambla.org/,wikidata_P856,1,
INE18045,municipality,18045,Castilléjar,Andalucía,Granada,1284,http://www.castillejar.es/,wikidata_P856,1,
INE26093,municipality,26093,Mansilla de la Sierra,"Rioja, La","Rioja, La",57,http://www.mansilla.org/,wikidata_P856,1,
INE13078,municipality,13078,Socuéllamos,Castilla-La Mancha,Ciudad Real,12172,http://www.socuellamos.es/,clm_directorio_entidades_locales,0,
INE13097,municipality,13097,Villarta de San Juan,Castilla-La Mancha,Ciudad Real,2681,http://www.villartadesanjuan.es/,clm_directorio_entidades_locales,0,
INE46186,municipality,46186,Paiporta,Comunitat Valenciana,València/Valencia,28136,http://www.paiporta.es/,wikidata_P856,1,
INE18914,municipality,18914,Valderrubio,Andalucía,Granada,2069,https://ayuntamiento.valderrubio.org/,wikidata_P856,1,
INE48093,municipality,48093,Areatza,País Vasco,Bizkaia,1292,http://www.areatza.net/,wikidata_P856,1,
INE46011,municipality,46011,Alberic,Comunitat Valenciana,València/Valencia,11099,http://www.alberic.es/,wikidata_P856,1,
INE08294,municipality,08294,Vallgorguina,Cataluña,Barcelona,3261,https://www.vallgorguina.cat/,wikidata_P856,1,
INE34159,municipality,34159,San Cebrián de Campos,Castilla y León,Palencia,400,http://sancebriandecampos.dip-palencia.es/,wikidata_P856,1,
INE19251,municipality,19251,Saúca,Castilla-La Mancha,Guadalajara,47,,,0,
INE41043,municipality,41043,"Garrobo, El",Andalucía,Sevilla,800,http://www.elgarrobo.es/,wikidata_P856,1,
INE22036,municipality,22036,Argavieso,Aragón,Huesca,109,https://www.argavieso.es/,wikidata_P856,1,
INE22227,municipality,22227,Tella-Sin,Aragón,Huesca,208,https://tellasin.com/,wikidata_P856,1,
INE22234,municipality,22234,Torrente de Cinca,Aragón,Huesca,1037,http://www.torrentedecinca.es/,wikidata_P856,1,
INE50137,municipality,50137,Leciñena,Aragón,Zaragoza,1087,http://www.lecinena.es/,wikidata_P856,1,
INE38049,municipality,38049,Valle Gran Rey,Canarias,Santa Cruz de Tenerife,4830,http://www.vallegranrey.es/,wikidata_P856,1,
INE39044,municipality,39044,Miengo,Cantabria,Cantabria,5265,,,0,
INE05095,municipality,05095,Higuera de las Dueñas,Castilla y León,Ávila,250,http://www.higueradelasduenas.es/,wikidata_P856,1,
INE09415,municipality,09415,Valle de Valdelucio,Castilla y León,Burgos,342,http://www.valledevaldelucio.es/,wikidata_P856,1,
INE24196,municipality,24196,Vega de Espinareda,Castilla y León,León,2006,http://www.vegadeespinareda.org/,wikidata_P856,1,
INE45036,municipality,45036,Carmena,Castilla-La Mancha,Toledo,771,http://www.ayuntamientocarmena.com/,clm_directorio_entidades_locales,0,
INE16904,municipality,16904,Fuentenava de Jábaga,Castilla-La Mancha,Cuenca,634,http://www.ayuntamientojabaga.com/,clm_directorio_entidades_locales,0,
INE16023,municipality,16023,Chillarón de Cuenca,Castilla-La Mancha,Cuenca,907,,,0,
INE46040,municipality,46040,Antella,Comunitat Valenciana,València/Valencia,1130,http://www.antella.es/,wikidata_P856,1,
INE20071,municipality,20071,Tolosa,País Vasco,Gipuzkoa,20070,https://www.tolosa.eus/eu,wikidata_P856,2,
INE28144,municipality,28144,Soto del Real,"Madrid, Comunidad de",Madrid,9400,http://www.ayto-sotodelreal.es/,wikidata_P856,1,
INE12063,municipality,12063,Fuente la Reina,Comunitat Valenciana,Castelló/Castellón,55,https://www.fuentelareina.es/,wikidata_P856,1,
INE31100,municipality,31100,Eulate,"Navarra, Comunidad Foral de",Navarra,278,,,0,
INE28148,municipality,28148,Torrejón de Ardoz,"Madrid, Comunidad de",Madrid,143526,https://www.ayto-torrejon.es/,wikidata_P856,1,
INE48904,municipality,48904,Sondika,País Vasco,Bizkaia,4670,http://www.sondika.net/,wikidata_P856,1,
INE08159,municipality,08159,Parets del Vallès,Cataluña,Barcelona,18885,http://www.parets.cat/,wikidata_P856,1,
INE12040,municipality,12040,Castelló de la Plana/Castellón de la Plana,Comunitat Valenciana,Castelló/Castellón,183711,http://www.castello.es/,wikidata_P856,1,
INE35016,municipality,35016,"Palmas de Gran Canaria, Las",Canarias,"Palmas, Las",381868,http://www.laspalmasgc.es/,wikidata_P856,1,
INE46131,municipality,46131,Gandia,Comunitat Valenciana,València/Valencia,83135,http://www.gandia.es/,wikidata_P856,1,
INE20069,municipality,20069,Donostia/San Sebastián,País Vasco,Gipuzkoa,189866,https://www.donostia.eus/,wikidata_P856,1,
INE33033,municipality,33033,Lena,"Asturias, Principado de",Asturias,10382,https://www.aytolena.es/,wikidata_P856,1,
INE28086,municipality,28086,"Molar, El","Madrid, Comunidad de",Madrid,9999,https://www.elmolar.org/,wikidata_P856,1,
INE28072,municipality,28072,Hoyo de Manzanares,"Madrid, Comunidad de",Madrid,9310,http://www.hoyomanzanares.com/,wikidata_P856,1,
INE28152,municipality,28152,Torrelodones,"Madrid, Comunidad de",Madrid,25433,https://www.torrelodones.es/,wikidata_P856,1,
INE31163,municipality,31163,Marcilla,"Navarra, Comunidad Foral de",Navarra,2938,,,0,
INE03095,municipality,03095,Ondara,Comunitat Valenciana,Alacant/Alicante,7717,http://www.ondara.org/,wikidata_P856,1,
INE28140,municipality,28140,Serranillos del Valle,"Madrid, Comunidad de",Madrid,4670,https://sede.serranillosdelvalle.es/,wikidata_P856,1,
INE25201,municipality,25201,Sarroca de Bellera,Cataluña,Lleida,111,http://sarrocabellera.ddl.net/,wikidata_P856,1,
INE03047,municipality,03047,Calp,Comunitat Valenciana,Alacant/Alicante,27616,http://www.calp.es/va,wikidata_P856,1,
INE46244,municipality,46244,Torrent,Comunitat Valenciana,València/Valencia,90928,https://torrent.es/,wikidata_P856,1,
INE06149,municipality,06149,Villafranca de los Barros,Extremadura,Badajoz,12284,http://www.villafrancadelosbarros.es/,wikidata_P856,1,
INE10163,municipality,10163,Salvatierra de Santiago,Extremadura,Cáceres,229,,,0,
INE31091,municipality,31091,Ergoiena,"Navarra, Comunidad Foral de",Navarra,392,,,0,
INE31158,municipality,31158,Lónguida/Longida,"Navarra, Comunidad Foral de",Navarra,308,,,0,
INE20905,municipality,20905,Orendain,País Vasco,Gipuzkoa,245,http://www.orendain.eus/,wikidata_P856,1,
INE48009,municipality,48009,Arrankudiaga-Zollo,País Vasco,Bizkaia,1018,http://www.arrankudiaga.org/,wikidata_P856,1,
INE26023,municipality,26023,Badarán,"Rioja, La","Rioja, La",474,http://www.badaran.org/,wikidata_P856,1,
INE03030,municipality,03030,Benidoleig,Comunitat Valenciana,Alacant/Alicante,1245,http://www.benidoleig.es/,wikidata_P856,1,
INE14059,municipality,14059,San Sebastián de los Ballesteros,Andalucía,Córdoba,865,http://sansebastiandelosballesteros.es/,wikidata_P856,1,
INE32092,municipality,32092,Vilariño de Conso,Galicia,Ourense,501,http://www.vilarinodeconso.es/index.php/gl/,wikidata_P856,1,
INE45027,municipality,45027,Cabezamesada,Castilla-La Mancha,Toledo,343,http://www.cabezamesada.com/,wikidata_P856,1,
INE46035,municipality,46035,Almussafes,Comunitat Valenciana,València/Valencia,9070,http://www.almussafes.es/,wikidata_P856,1,
INE47220,municipality,47220,Villanueva de los Caballeros,Castilla y León,Valladolid,147,,,0,
INE50104,municipality,50104,Farlete,Aragón,Zaragoza,372,https://www.farlete.com/,wikidata_P856,1,
INE50240,municipality,50240,Sástago,Aragón,Zaragoza,1067,http://www.sastago.com/,wikidata_P856,1,
INE17079,municipality,17079,Girona,Cataluña,Girona,108666,http://www.girona.cat/,wikidata_P856,1,
INE38026,municipality,38026,"Orotava, La",Canarias,Santa Cruz de Tenerife,42514,https://www.laorotava.es/,wikidata_P856,1,
INE14058,municipality,14058,Rute,Andalucía,Córdoba,9824,https://www.rute.es/,wikidata_P856,1,
INE19160,municipality,19160,Loranca de Tajuña,Castilla-La Mancha,Guadalajara,1624,http://www.loranca.org/,clm_directorio_entidades_locales,0,
INE41096,municipality,41096,Valencina de la Concepción,Andalucía,Sevilla,8050,http://www.valencinadelaconcepcion.es/,wikidata_P856,1,
INE14042,municipality,14042,Montilla,Andalucía,Córdoba,22305,http://www.montilla.es/,wikidata_P856,1,
INE43906,municipality,43906,"Ampolla, L'",Cataluña,Tarragona,3785,https://ampolla.cat/,wikidata_P856,1,
INE19126,municipality,19126,Galápagos,Castilla-La Mancha,Guadalajara,2802,http://www.galapagos.es/,clm_directorio_entidades_locales,0,
INE50120,municipality,50120,Godojos,Aragón,Zaragoza,55,,,0,
INE08095,municipality,08095,Granera,Cataluña,Barcelona,84,http://www.granera.cat/,wikidata_P856,1,
INE41049,municipality,41049,Guillena,Andalucía,Sevilla,14260,http://guillena.org/,wikidata_P856,1,
INE24178,municipality,24178,Valdemora,Castilla y León,León,58,http://www.aytovaldemora.es/,wikidata_P856,1,
INE36902,municipality,36902,Cerdedo Cotobade,Galicia,Pontevedra,5671,https://www.cerdedo-cotobade.gal/,wikidata_P856,1,
INE48906,municipality,48906,Forua,País Vasco,Bizkaia,928,,,0,
INE48908,municipality,48908,Murueta,País Vasco,Bizkaia,311,,,0,
INE48910,municipality,48910,Iurreta,País Vasco,Bizkaia,3897,http://www.iurreta.net/,wikidata_P856,1,
INE48911,municipality,48911,Ajangiz,País Vasco,Bizkaia,458,http://www.ajangiz.net/,wikidata_P856,1,
INE04056,municipality,04056,Laroya,Andalucía,Almería,197,http://www.laroya.es/,wikidata_P856,1,
INE41021,municipality,41021,Camas,Andalucía,Sevilla,29089,http://www.camas.es/,wikidata_P856,1,
INE41028,municipality,41028,Castilleja de Guzmán,Andalucía,Sevilla,2843,http://www.castillejadeguzman.es/,wikidata_P856,1,
INE21056,municipality,21056,Paterna del Campo,Andalucía,Huelva,3382,http://www.paternadelcampo.es/,wikidata_P856,1,
INE06038,municipality,06038,Cordobilla de Lácara,Extremadura,Badajoz,815,http://www.cordobilladelacara.es/,wikidata_P856,1,
INE48012,municipality,48012,Bakio,País Vasco,Bizkaia,2857,http://www.bakio.org/,wikidata_P856,1,
INE48016,municipality,48016,Berango,País Vasco,Bizkaia,8242,http://www.berango.net/,wikidata_P856,1,
INE48025,municipality,48025,Zeberio,País Vasco,Bizkaia,1087,https://www.zeberio.eus/,wikidata_P856,1,
INE48078,municipality,48078,Portugalete,País Vasco,Bizkaia,44843,http://www.portugalete.org/,wikidata_P856,1,
INE41013,municipality,41013,Aznalcóllar,Andalucía,Sevilla,6096,http://www.aznalcollar.es/,wikidata_P856,1,
INE17172,municipality,17172,Sant Martí de Llémena,Cataluña,Girona,726,http://www.smartillemena.cat/,wikidata_P856,1,
INE06058,municipality,06058,"Garrovilla, La",Extremadura,Badajoz,2310,http://www.lagarrovilla.es/,wikidata_P856,1,
INE33008,municipality,33008,Cabrales,"Asturias, Principado de",Asturias,1884,http://www.cabrales.es/,wikidata_P856,1,
INE48042,municipality,48042,Gordexola,País Vasco,Bizkaia,1720,http://www.gordexola.net/,wikidata_P856,1,
INE08038,municipality,08038,Callús,Cataluña,Barcelona,2180,https://www.callus.cat/,wikidata_P856,1,
INE08150,municipality,08150,Orís,Cataluña,Barcelona,355,http://www.oris.cat/,wikidata_P856,1,
INE08199,municipality,08199,Sant Bartomeu del Grau,Cataluña,Barcelona,933,http://www.sbg.cat/,wikidata_P856,1,
INE01031,municipality,01031,Laguardia,País Vasco,Araba/Álava,1459,https://www.laguardia.eus/,wikidata_P856,1,
INE06011,municipality,06011,Almendralejo,Extremadura,Badajoz,34587,https://www.almendralejo.es/,wikidata_P856,1,
INE10903,municipality,10903,Alagón del Río,Extremadura,Cáceres,919,http://www.alagondelrio.es/,wikidata_P856,1,
INE41016,municipality,41016,Bollullos de la Mitación,Andalucía,Sevilla,11431,http://www.bollullosdelamitacion.es/,wikidata_P856,1,
INE29040,municipality,29040,Casarabonela,Andalucía,Málaga,2800,http://www.casarabonela.es/,wikidata_P856,1,
INE08256,municipality,08256,Santa Maria de Martorelles,Cataluña,Barcelona,868,http://www.santamariademartorelles.cat/,wikidata_P856,1,
INE08110,municipality,08110,Malgrat de Mar,Cataluña,Barcelona,19714,https://www.ajmalgrat.cat/,wikidata_P856,1,
INE25209,municipality,25209,Sort,Cataluña,Lleida,2236,http://sort.cat/,wikidata_P856,1,
INE21013,municipality,21013,Bollullos Par del Condado,Andalucía,Huelva,14314,http://www.bollullospardelcondado.es/,wikidata_P856,1,
INE04070,municipality,04070,Oria,Andalucía,Almería,2219,http://www.oria.es/,wikidata_P856,1,
INE25223,municipality,25223,Torà,Cataluña,Lleida,1190,https://www.tora.cat/,wikidata_P856,1,
INE39089,municipality,39089,Tudanca,Cantabria,Cantabria,154,http://www.aytotudanca.es/,wikidata_P856,1,
INE29098,municipality,29098,Villanueva de Tapia,Andalucía,Málaga,1391,http://www.villanuevadetapia.org/,wikidata_P856,1,
INE16081,municipality,16081,Chumillas,Castilla-La Mancha,Cuenca,49,,,0,
INE02006,municipality,02006,Alcadozo,Castilla-La Mancha,Albacete,635,http://www.alcadozo.es/,clm_directorio_entidades_locales,0,
INE23046,municipality,23046,Ibros,Andalucía,Jaén,2773,http://ibros.es/,wikidata_P856,1,
INE35020,municipality,35020,"Aldea de San Nicolás, La",Canarias,"Palmas, Las",7401,http://laaldeasanicolas.es/,wikidata_P856,1,
INE31261,municipality,31261,Yesa,"Navarra, Comunidad Foral de",Navarra,297,,,0,
INE31089,municipality,31089,Enériz/Eneritz,"Navarra, Comunidad Foral de",Navarra,328,,,0,
INE21046,municipality,21046,Lucena del Puerto,Andalucía,Huelva,3390,http://www.lucenadelpuerto.es/,wikidata_P856,1,
INE25104,municipality,25104,Granyena de Segarra,Cataluña,Lleida,149,http://granyenasegarra.ddl.net/,wikidata_P856,1,
INE25132,municipality,25132,Massoteres,Cataluña,Lleida,227,http://massoteres.ddl.net/,wikidata_P856,1,
INE25192,municipality,25192,Sant Guim de Freixenet,Cataluña,Lleida,1235,http://www.santguim.cat/,wikidata_P856,1,
INE25154,municipality,25154,"Omells de na Gaia, Els",Cataluña,Lleida,126,http://www.omellsdenagaia.cat/,wikidata_P856,1,
INE31183,municipality,31183,Obanos,"Navarra, Comunidad Foral de",Navarra,924,,,0,
INE25165,municipality,25165,Peramola,Cataluña,Lleida,339,http://peramola.cat/,wikidata_P856,1,
INE26106,municipality,26106,Nestares,"Rioja, La","Rioja, La",85,http://www.nestaresdecameros.org/,wikidata_P856,1,
INE25047,municipality,25047,Bellcaire d'Urgell,Cataluña,Lleida,1275,http://www.bellcairedurgell.cat/,wikidata_P856,1,
INE25048,municipality,25048,Bell-lloc d'Urgell,Cataluña,Lleida,2364,http://www.bell-lloc.cat/,wikidata_P856,1,
INE25052,municipality,25052,Bellvís,Cataluña,Lleida,2249,http://bellvis.cat/,wikidata_P856,1,
INE25060,municipality,25060,Cabanabona,Cataluña,Lleida,70,http://cabanabona.ddl.net/,wikidata_P856,1,
INE25072,municipality,25072,Cervera,Cataluña,Lleida,9603,https://www.cervera.cat/,wikidata_P856,1,
INE43090,municipality,43090,"Montmell, El",Cataluña,Tarragona,1958,https://www.elmontmell.cat/,wikidata_P856,1,
INE08162,municipality,08162,"Hostalets de Pierola, Els",Cataluña,Barcelona,3258,http://www.elshostaletsdepierola.cat/,wikidata_P856,1,
INE33003,municipality,33003,Amieva,"Asturias, Principado de",Asturias,591,http://www.amieva.com/,wikidata_P856,1,
INE07026,municipality,07026,Eivissa,"Balears, Illes",Illes Balears,55337,https://www.eivissa.es/,wikidata_P856,1,
INE31161,municipality,31161,Mañeru,"Navarra, Comunidad Foral de",Navarra,452,http://www.maneru.es/,wikidata_P856,1,
INE38010,municipality,38010,Buenavista del Norte,Canarias,Santa Cruz de Tenerife,4695,http://www.buenavistadelnorte.es/,wikidata_P856,1,
INE38014,municipality,38014,Fuencaliente de la Palma,Canarias,Santa Cruz de Tenerife,1965,https://www.fuencalientedelapalma.es/,wikidata_P856,1,
INE38015,municipality,38015,Garachico,Canarias,Santa Cruz de Tenerife,4940,http://www.garachico.es/,wikidata_P856,1,
INE38018,municipality,38018,"Guancha, La",Canarias,Santa Cruz de Tenerife,5667,http://www.laguancha.es/,wikidata_P856,1,
INE38029,municipality,38029,Puntagorda,Canarias,Santa Cruz de Tenerife,2345,http://www.puntagorda.es/,wikidata_P856,1,
INE38039,municipality,38039,Santa Úrsula,Canarias,Santa Cruz de Tenerife,15429,http://www.santaursula.es/,wikidata_P856,1,
INE38046,municipality,38046,Tegueste,Canarias,Santa Cruz de Tenerife,11490,https://www.tegueste.es/,wikidata_P856,1,
INE38047,municipality,38047,Tijarafe,Canarias,Santa Cruz de Tenerife,2733,http://tijarafe.net/,wikidata_P856,1,
INE38901,municipality,38901,"Pinar de El Hierro, El",Canarias,Santa Cruz de Tenerife,2042,http://www.aytoelpinar.org/,wikidata_P856,1,
INE16197,municipality,16197,Santa María del Val,Castilla-La Mancha,Cuenca,55,,,0,
INE46015,municipality,46015,Alcàsser,Comunitat Valenciana,València/Valencia,10772,http://www.alcasser.es/va,wikidata_P856,1,
INE50101,municipality,50101,Escatrón,Aragón,Zaragoza,1189,http://www.escatron.es/,wikidata_P856,1,
INE35008,municipality,35008,Firgas,Canarias,"Palmas, Las",7728,http://www.firgas.es/,wikidata_P856,1,
INE19066,municipality,19066,Cañizar,Castilla-La Mancha,Guadalajara,78,,,0,
INE08288,municipality,08288,Torrelles de Foix,Cataluña,Barcelona,2746,http://www.torrellesdefoix.cat/,wikidata_P856,1,
INE14010,municipality,14010,Benamejí,Andalucía,Córdoba,4895,http://www.benameji.es/,wikidata_P856,1,
INE25024,municipality,25024,Alt Àneu,Cataluña,Lleida,453,http://altaneu.ddl.net/,wikidata_P856,1,
INE25006,municipality,25006,"Albagés, L'",Cataluña,Lleida,339,http://albages.ddl.net/,wikidata_P856,1,
INE25009,municipality,25009,"Albi, L'",Cataluña,Lleida,764,http://www.albi.cat/,wikidata_P856,1,
INE25067,municipality,25067,Castelldans,Cataluña,Lleida,952,http://www.castelldans.cat/,wikidata_P856,1,
INE25913,municipality,25913,Riu de Cerdanya,Cataluña,Lleida,96,http://www.riucerdanya.cat/,wikidata_P856,1,
INE25197,municipality,25197,Sant Guim de la Plana,Cataluña,Lleida,190,http://santguimplana.ddl.net/,wikidata_P856,1,
INE25129,municipality,25129,Llobera,Cataluña,Lleida,201,https://www.llobera.cat/,wikidata_P856,1,
INE39004,municipality,39004,Arenas de Iguña,Cantabria,Cantabria,1735,https://aytoarenasdeiguna.org/,wikidata_P856,1,
INE39016,municipality,39016,Camargo,Cantabria,Cantabria,30577,https://www.aytocamargo.es/,wikidata_P856,1,
INE35006,municipality,35006,Arucas,Canarias,"Palmas, Las",39232,http://www.arucas.org/,wikidata_P856,1,
INE16173,municipality,16173,"Valle de Altomira, El",Castilla-La Mancha,Cuenca,191,,,0,
INE35015,municipality,35015,Pájara,Canarias,"Palmas, Las",21570,http://www.pajara.es/,wikidata_P856,1,
INE38005,municipality,38005,Arico,Canarias,Santa Cruz de Tenerife,9505,http://www.ayuntamientodearico.com/,wikidata_P856,1,
INE43012,municipality,43012,Altafulla,Cataluña,Tarragona,5870,https://www.altafulla.cat/,wikidata_P856,1,
INE43043,municipality,43043,"Catllar, El",Cataluña,Tarragona,5375,http://www.elcatllar.cat/,wikidata_P856,1,
INE44009,municipality,44009,Albarracín,Aragón,Teruel,998,http://www.albarracin.es/,wikidata_P856,1,
INE31167,municipality,31167,Mendigorria,"Navarra, Comunidad Foral de",Navarra,1261,http://www.mendigorria.es/,wikidata_P856,1,
INE08172,municipality,08172,Premià de Mar,Cataluña,Barcelona,29431,http://www.premiademar.cat/,wikidata_P856,1,
INE31015,municipality,31015,Andosilla,"Navarra, Comunidad Foral de",Navarra,2925,http://www.andosilla.net/,wikidata_P856,1,
INE30037,municipality,30037,Torre-Pacheco,"Murcia, Región de",Murcia,41479,http://www.torrepacheco.es/,wikidata_P856,1,
INE39074,municipality,39074,Santa María de Cayón,Cantabria,Cantabria,9538,http://www.santamariadecayon.com/,wikidata_P856,1,
INE28176,municipality,28176,Villanueva de la Cañada,"Madrid, Comunidad de",Madrid,24028,http://www.ayto-villacanada.es/,wikidata_P856,1,
INE29033,municipality,29033,Canillas de Aceituno,Andalucía,Málaga,1801,http://www.canillasdeaceituno.es/,wikidata_P856,1,
INE01033,municipality,01033,Lapuebla de Labarca,País Vasco,Araba/Álava,895,,,0,
INE24164,municipality,24164,Sena de Luna,Castilla y León,León,373,http://www.aytosenadeluna.es/,wikidata_P856,1,
INE32009,municipality,32009,"Barco de Valdeorras, O",Galicia,Ourense,13368,https://www.concellodobarco.gal/,wikidata_P856,1,
INE36040,municipality,36040,Portas,Galicia,Pontevedra,2748,https://portas.gal/,wikidata_P856,1,
INE40206,municipality,40206,Torre Val de San Pedro,Castilla y León,Segovia,165,http://www.torrevaldesanpedro.es/,wikidata_P856,1,
INE16031,municipality,16031,Beamud,Castilla-La Mancha,Cuenca,45,,,0,
INE13005,municipality,13005,Alcázar de San Juan,Castilla-La Mancha,Ciudad Real,31914,http://www.alcazardesanjuan.es/,clm_directorio_entidades_locales,0,
INE16084,municipality,16084,Fresneda de la Sierra,Castilla-La Mancha,Cuenca,42,,,0,
INE16123,municipality,16123,Masegosa,Castilla-La Mancha,Cuenca,58,,,0,
INE16903,municipality,16903,"Valeras, Las",Castilla-La Mancha,Cuenca,1528,,,0,
INE31144,municipality,31144,Larraun,"Navarra, Comunidad Foral de",Navarra,918,http://www.larraun.com/,wikidata_P856,1,
INE08123,municipality,08123,Molins de Rei,Cataluña,Barcelona,27300,http://www.molinsderei.cat/,wikidata_P856,1,
INE08211,municipality,08211,Sant Feliu de Llobregat,Cataluña,Barcelona,46781,http://www.santfeliu.cat/,wikidata_P856,1,
INE39098,municipality,39098,Villacarriedo,Cantabria,Cantabria,1670,http://www.aytovillacarriedo.org/,wikidata_P856,1,
INE31088,municipality,31088,Valle de Elorz/Elortzibar,"Navarra, Comunidad Foral de",Navarra,8486,http://www.noain.es/,wikidata_P856,1,
INE31037,municipality,31037,Arruazu,"Navarra, Comunidad Foral de",Navarra,121,,,0,
INE30006,municipality,30006,Aledo,"Murcia, Región de",Murcia,1123,https://www.aledo.es/,wikidata_P856,1,
INE08281,municipality,08281,Teià,Cataluña,Barcelona,6898,http://www.teia.cat/,wikidata_P856,1,
INE28042,municipality,28042,Colmenar del Arroyo,"Madrid, Comunidad de",Madrid,2044,https://www.colmenardelarroyo.es/,wikidata_P856,1,
INE11015,municipality,11015,Chiclana de la Frontera,Andalucía,Cádiz,90864,http://www.chiclana.es/,wikidata_P856,1,
INE11028,municipality,11028,Puerto Real,Andalucía,Cádiz,42527,http://www.puertoreal.es/,wikidata_P856,1,
INE18076,municipality,18076,Fonelas,Andalucía,Granada,965,https://fonelas.es/,wikidata_P856,1,
INE31072,municipality,31072,Cintruénigo,"Navarra, Comunidad Foral de",Navarra,8565,http://www.cintruenigo.com/,wikidata_P856,1,
INE43161,municipality,43161,Valls,Cataluña,Tarragona,25518,http://www.valls.cat/,wikidata_P856,1,
INE08115,municipality,08115,Martorelles,Cataluña,Barcelona,4992,http://www.martorelles.cat/,wikidata_P856,1,
INE39066,municipality,39066,Ruente,Cantabria,Cantabria,1083,http://www.ruente.es/,wikidata_P856,1,
INE39090,municipality,39090,Udías,Cantabria,Cantabria,960,https://www.ayuntamientoudias.com/,wikidata_P856,1,
INE50008,municipality,50008,Alagón,Aragón,Zaragoza,7532,https://www.alagon.es/,wikidata_P856,1,
INE10030,municipality,10030,Bohonal de Ibor,Extremadura,Cáceres,488,http://www.bohonaldeibor.es/,wikidata_P856,1,
INE30011,municipality,30011,Blanca,"Murcia, Región de",Murcia,6882,http://www.blanca.es/,wikidata_P856,1,
INE30014,municipality,30014,Campos del Río,"Murcia, Región de",Murcia,2159,http://www.camposdelrio.es/,wikidata_P856,1,
INE14007,municipality,14007,Baena,Andalucía,Córdoba,18386,http://www.ayto-baena.es/,wikidata_P856,1,
INE25001,municipality,25001,Abella de la Conca,Cataluña,Lleida,156,http://abellaconca.ddl.net/,wikidata_P856,1,
INE39093,municipality,39093,Valdeprado del Río,Cantabria,Cantabria,306,https://aytovaldepradodelrio.com/,wikidata_P856,1,
INE30023,municipality,30023,Librilla,"Murcia, Región de",Murcia,5854,http://www.librilla.es/,wikidata_P856,1,
INE17118,municipality,17118,Palamós i Sant Joan,Cataluña,Girona,18933,http://www.palamos.cat/,wikidata_P856,1,
INE17133,municipality,17133,"Planes d'Hostoles, Les",Cataluña,Girona,1746,http://www.lesplanes.cat/,wikidata_P856,1,
INE17134,municipality,17134,Planoles,Cataluña,Girona,313,http://webspobles2.ddgi.cat/planoles,wikidata_P856,1,
INE17177,municipality,17177,Sant Pau de Segúries,Cataluña,Girona,719,https://santpauseguries.cat/,wikidata_P856,1,
INE31049,municipality,31049,Basaburua,"Navarra, Comunidad Foral de",Navarra,819,,,0,
INE30042,municipality,30042,Villanueva del Río Segura,"Murcia, Región de",Murcia,4111,http://www.aytovillanueva.es/,wikidata_P856,1,
INE12009,municipality,12009,Almassora,Comunitat Valenciana,Castelló/Castellón,29159,http://www.almassora.es/,wikidata_P856,1,
INE12028,municipality,12028,Benicàssim/Benicasim,Comunitat Valenciana,Castelló/Castellón,20539,http://www.benicassim.org/,wikidata_P856,1,
INE43122,municipality,43122,Renau,Cataluña,Tarragona,165,http://www.renau.altanet.org/,wikidata_P856,1,
INE43098,municipality,43098,Nulles,Cataluña,Tarragona,551,http://www.nulles.altanet.org/,wikidata_P856,1,
INE28047,municipality,28047,Collado Villalba,"Madrid, Comunidad de",Madrid,67274,http://www.ayto-colladovillalba.org/,wikidata_P856,1,
INE43076,municipality,43076,Marçà,Cataluña,Tarragona,623,http://www.marca.altanet.org/,wikidata_P856,1,
INE43173,municipality,43173,"Vilella Alta, La",Cataluña,Tarragona,127,http://www.vilellaalta.altanet.org/,wikidata_P856,1,
INE17099,municipality,17099,Meranges,Cataluña,Girona,111,http://www.meranges.cat/,wikidata_P856,1,
INE43152,municipality,43152,"Torre de l'Espanyol, La",Cataluña,Tarragona,641,http://www.torredelespanyol.cat/,wikidata_P856,1,
INE17903,municipality,17903,Sant Julià del Llor i Bonmatí,Cataluña,Girona,1457,http://www.stjuliabonmati.com/,wikidata_P856,1,
INE49022,municipality,49022,Benegiles,Castilla y León,Zamora,266,http://aytobenegiles.com/,wikidata_P856,1,
INE49119,municipality,49119,Molacillos,Castilla y León,Zamora,223,,,0,
INE49219,municipality,49219,Toro,Castilla y León,Zamora,8336,http://www.toroayto.es/,wikidata_P856,1,
INE26180,municipality,26180,Zarratón,"Rioja, La","Rioja, La",254,,,0,
INE39094,municipality,39094,Valderredible,Cantabria,Cantabria,922,http://www.valderredible.es/,wikidata_P856,1,
INE21079,municipality,21079,Zufre,Andalucía,Huelva,736,https://www.zufre.es/,wikidata_P856,1,
INE14016,municipality,14016,Cardeña,Andalucía,Córdoba,1387,http://www.cardena.es/,wikidata_P856,1,
INE17056,municipality,17056,Cornellà del Terri,Cataluña,Girona,2414,http://www.cornelladelterri.cat/,wikidata_P856,1,
INE17058,municipality,17058,Crespià,Cataluña,Girona,254,https://www.crespia.cat/,wikidata_P856,1,
INE08020,municipality,08020,Begues,Cataluña,Barcelona,7561,http://www.begues.cat/,wikidata_P856,1,
INE08193,municipality,08193,Sant Iscle de Vallalta,Cataluña,Barcelona,1477,http://www.santiscle.cat/,wikidata_P856,1,
INE25233,municipality,25233,Torre-serona,Cataluña,Lleida,405,http://torreserona.cat/,wikidata_P856,1,
INE08097,municipality,08097,Gualba,Cataluña,Barcelona,1766,http://www.gualba.cat/,wikidata_P856,1,
INE08013,municipality,08013,Avinyonet del Penedès,Cataluña,Barcelona,1782,http://www.avinyonet.org/,wikidata_P856,1,
INE08145,municipality,08145,Olèrdola,Cataluña,Barcelona,3945,http://www.olerdola.cat/,wikidata_P856,1,
INE43016,municipality,43016,"Arboç, L'",Cataluña,Tarragona,5721,http://www.arbocenc.org/,wikidata_P856,1,
INE25189,municipality,25189,Rosselló,Cataluña,Lleida,3416,http://www.rossello.cat/,wikidata_P856,1,
INE25133,municipality,25133,Maials,Cataluña,Lleida,951,http://maials.ddl.net/,wikidata_P856,1,
INE25131,municipality,25131,Massalcoreig,Cataluña,Lleida,592,http://www.massalcoreig.cat/,wikidata_P856,1,
INE25036,municipality,25036,Aspa,Cataluña,Lleida,233,http://aspa.ddl.net/,wikidata_P856,1,
INE43103,municipality,43103,Perafort,Cataluña,Tarragona,1342,http://www.perafort.com/,wikidata_P856,1,
INE43083,municipality,43083,"Milà, El",Cataluña,Tarragona,194,http://www.mila.altanet.org/,wikidata_P856,1,
INE08075,municipality,08075,Dosrius,Cataluña,Barcelona,6287,http://www.dosrius.cat/,wikidata_P856,1,
INE28054,municipality,28054,"Escorial, El","Madrid, Comunidad de",Madrid,17171,http://www.elescorial.es/,wikidata_P856,1,
INE43080,municipality,43080,"Masó, La",Cataluña,Tarragona,307,http://www.maso.altanet.org/,wikidata_P856,1,
INE08255,municipality,08255,Santa Maria de Merlès,Cataluña,Barcelona,179,http://santamariademerles.cat/,wikidata_P856,1,
INE43075,municipality,43075,Margalef,Cataluña,Tarragona,106,http://www.margalef.altanet.org/,wikidata_P856,1,
INE12137,municipality,12137,Villores,Comunitat Valenciana,Castelló/Castellón,51,http://www.villores.es/,wikidata_P856,1,
INE30009,municipality,30009,Archena,"Murcia, Región de",Murcia,20908,https://archena.es/,wikidata_P856,1,
INE23005,municipality,23005,Andújar,Andalucía,Jaén,35610,http://www.andujar.es/,wikidata_P856,1,
INE02024,municipality,02024,Casas-Ibáñez,Castilla-La Mancha,Albacete,4616,http://www.casasibañez.es/,clm_directorio_entidades_locales,0,
INE02037,municipality,02037,Hellín,Castilla-La Mancha,Albacete,30836,http://www.hellin.es/,clm_directorio_entidades_locales,0,
INE03902,municipality,03902,Pilar de la Horadada,Comunitat Valenciana,Alacant/Alicante,24316,http://www.pilardelahoradada.org/,wikidata_P856,1,
INE39009,municipality,39009,Bárcena de Cicero,Cantabria,Cantabria,4907,http://www.barcenadecicero.org/,wikidata_P856,1,
INE27048,municipality,27048,"Pontenova, A",Galicia,Lugo,2106,http://concellodapontenova.org/,wikidata_P856,1,
INE17048,municipality,17048,"Castell d'Aro, Platja d'Aro i s'Agaró",Cataluña,Girona,12982,http://www.platjadaro.cat/,wikidata_P856,1,
INE29084,municipality,29084,Ronda,Andalucía,Málaga,33671,http://www.ronda.es/,wikidata_P856,1,
INE29055,municipality,29055,Fuente de Piedra,Andalucía,Málaga,3045,http://www.fuentedepiedra.es/,wikidata_P856,1,
INE50152,municipality,50152,Maella,Aragón,Zaragoza,2158,http://www.maella.es/,wikidata_P856,1,
INE16113,municipality,16113,Iniesta,Castilla-La Mancha,Cuenca,4567,http://www.iniesta.es/,clm_directorio_entidades_locales,0,
INE14054,municipality,14054,Pozoblanco,Andalucía,Córdoba,16931,http://www.pozoblanco.es/,wikidata_P856,1,
INE12085,municipality,12085,Orpesa/Oropesa del Mar,Comunitat Valenciana,Castelló/Castellón,12640,http://www.oropesadelmar.es/,wikidata_P856,1,
INE31005,municipality,31005,Aberin,"Navarra, Comunidad Foral de",Navarra,410,,,0,
INE41086,municipality,41086,San Juan de Aznalfarache,Andalucía,Sevilla,23408,http://www.ayto-sanjuan.es/,wikidata_P856,1,
INE46018,municipality,46018,Alcublas,Comunitat Valenciana,València/Valencia,710,http://alcublas.es/,wikidata_P856,1,
INE46038,municipality,46038,Andilla,Comunitat Valenciana,València/Valencia,338,http://www.andilla.es/,wikidata_P856,1,
INE24053,municipality,24053,Cebrones del Río,Castilla y León,León,439,http://www.aytocebronesdelrio.es/,wikidata_P856,1,
INE22157,municipality,22157,Montanuy,Aragón,Huesca,230,https://www.montanuy.es/,wikidata_P856,1,
INE49265,municipality,49265,Villardiegua de la Ribera,Castilla y León,Zamora,106,,,0,
INE31013,municipality,31013,Améscoa Baja,"Navarra, Comunidad Foral de",Navarra,729,,,0,
INE12100,municipality,12100,Sant Mateu,Comunitat Valenciana,Castelló/Castellón,2021,http://santmateu.com/,wikidata_P856,1,
INE31214,municipality,31214,Salinas de Oro/Jaitz,"Navarra, Comunidad Foral de",Navarra,110,,,0,
INE31077,municipality,31077,Corella,"Navarra, Comunidad Foral de",Navarra,8756,https://www.corella.es/,wikidata_P856,1,
INE33032,municipality,33032,Laviana,"Asturias, Principado de",Asturias,12352,http://www.ayto-laviana.org/,wikidata_P856,1,
INE08203,municipality,08203,Sant Cebrià de Vallalta,Cataluña,Barcelona,3872,http://stcebria.cat/,wikidata_P856,1,
INE25088,municipality,25088,Estamariu,Cataluña,Lleida,135,http://estamariu.ddl.net/,wikidata_P856,1,
INE17232,municipality,17232,Vilopriu,Cataluña,Girona,209,http://www.vilopriu.cat/,wikidata_P856,1,
INE17132,municipality,17132,Peralada,Cataluña,Girona,2077,,,1,tourism_only
INE17085,municipality,17085,Jafre,Cataluña,Girona,386,http://www.jafre.cat/,wikidata_P856,1,
INE25202,municipality,25202,Senterada,Cataluña,Lleida,160,http://www.senterada.cat/,wikidata_P856,1,
INE10214,municipality,10214,Villar de Plasencia,Extremadura,Cáceres,224,,,0,
INE17041,municipality,17041,Cantallops,Cataluña,Girona,366,http://www.cantallops.cat/,wikidata_P856,1,
INE17030,municipality,17030,Cabanes,Cataluña,Girona,995,,,0,
INE31256,municipality,31256,Hiriberri/Villanueva de Aezkoa,"Navarra, Comunidad Foral de",Navarra,96,http://www.hiriberri-villanuevadeaezkoa.es/,wikidata_P856,1,
INE39080,municipality,39080,San Vicente de la Barquera,Cantabria,Cantabria,3995,http://www.sanvicentedelabarquera.es/,wikidata_P856,1,
INE05075,municipality,05075,Fresnedilla,Castilla y León,Ávila,92,http://www.fresnedilla.es/,wikidata_P856,1,
INE33010,municipality,33010,Candamo,"Asturias, Principado de",Asturias,1902,http://www.ayto-candamo.es/,wikidata_P856,1,
INE37294,municipality,37294,Santa Marta de Tormes,Castilla y León,Salamanca,14976,http://www.santamartadetormes.es/,wikidata_P856,1,
INE46237,municipality,46237,Tavernes Blanques,Comunitat Valenciana,València/Valencia,9824,http://www.tavernesblanques.es/,wikidata_P856,1,
INE46032,municipality,46032,Almàssera,Comunitat Valenciana,València/Valencia,7887,http://www.almassera.es/va,wikidata_P856,1,
INE17116,municipality,17116,Osor,Cataluña,Girona,430,http://www.osor.cat/,wikidata_P856,1,
INE37023,municipality,37023,Aldeatejada,Castilla y León,Salamanca,2662,http://www.aldeatejada.es/,wikidata_P856,1,
INE17178,municipality,17178,Sant Pere Pescador,Cataluña,Girona,2290,https://www.santpere.cat/,wikidata_P856,1,
INE46013,municipality,46013,Alboraia/Alboraya,Comunitat Valenciana,València/Valencia,26273,http://www.alboraia.es/,wikidata_P856,1,
INE25151,municipality,25151,Olius,Cataluña,Lleida,990,http://www.olius.cat/,wikidata_P856,1,
INE25075,municipality,25075,Clariana de Cardener,Cataluña,Lleida,160,http://clarianacardener.ddl.net/,wikidata_P856,1,
INE20013,municipality,20013,Aretxabaleta,País Vasco,Gipuzkoa,7178,https://www.aretxabaleta.eus/,wikidata_P856,1,
INE14056,municipality,14056,Puente Genil,Andalucía,Córdoba,29963,https://puentegenil.es/,wikidata_P856,1,
INE31240,municipality,31240,Urdiain,"Navarra, Comunidad Foral de",Navarra,647,,,0,
INE09011,municipality,09011,Alfoz de Bricia,Castilla y León,Burgos,68,http://www.alfozdebricia.es/,wikidata_P856,1,
INE50018,municipality,50018,Alfamén,Aragón,Zaragoza,1470,http://www.alfamen.es/,wikidata_P856,1,
INE48087,municipality,48087,Trucios-Turtzioz,País Vasco,Bizkaia,515,https://www.turtzioz.org/,wikidata_P856,1,
INE31132,municipality,31132,Izagaondoa,"Navarra, Comunidad Foral de",Navarra,153,,,0,
INE08137,municipality,08137,Montseny,Cataluña,Barcelona,388,http://www.montseny.cat/,wikidata_P856,1,
INE19259,municipality,19259,Somolinos,Castilla-La Mancha,Guadalajara,26,http://www.somolinos.es/,clm_directorio_entidades_locales,0,
INE27044,municipality,27044,Pastoriza,Galicia,Lugo,2794,http://www.concellodapastoriza.es/,wikidata_P856,1,
INE03040,municipality,03040,Benimeli,Comunitat Valenciana,Alacant/Alicante,474,http://www.benimeli.es/,wikidata_P856,1,
INE45132,municipality,45132,Pepino,Castilla-La Mancha,Toledo,3421,http://www.ayto-pepino.com/,clm_directorio_entidades_locales,0,
INE45104,municipality,45104,Montearagón,Castilla-La Mancha,Toledo,598,http://www.ayuntamiento-de-montearagon.es/,clm_directorio_entidades_locales,0,
INE45072,municipality,45072,"Herencias, Las",Castilla-La Mancha,Toledo,821,https://lasherencias.sedelectronica.es/,clm_directorio_entidades_locales,0,
INE45045,municipality,45045,Cazalegas,Castilla-La Mancha,Toledo,2195,http://www.cazalegas.es/,clm_directorio_entidades_locales,0,
INE25016,municipality,25016,Alguaire,Cataluña,Lleida,3060,https://www.alguaire.cat/,wikidata_P856,1,
INE31238,municipality,31238,Unzué/Untzue,"Navarra, Comunidad Foral de",Navarra,164,,,0,
INE46261,municipality,46261,Yátova,Comunitat Valenciana,València/Valencia,2325,http://www.yatova.es/,wikidata_P856,1,
INE46128,municipality,46128,"Font de la Figuera, la",Comunitat Valenciana,València/Valencia,2022,http://www.lafontdelafiguera.net/,wikidata_P856,1,
INE46133,municipality,46133,Gestalgar,Comunitat Valenciana,València/Valencia,587,http://www.gestalgar.es/,wikidata_P856,1,
INE31243,municipality,31243,Urroz Villa / Urrotz,"Navarra, Comunidad Foral de",Navarra,403,,,0,
INE28110,municipality,28110,Perales de Tajuña,"Madrid, Comunidad de",Madrid,3260,http://www.ayto-peralestajuna.org/,wikidata_P856,1,
INE22225,municipality,22225,Tamarite de Litera,Aragón,Huesca,3464,http://www.tamaritedelitera.es/,wikidata_P856,1,
INE22119,municipality,22119,Gurrea de Gállego,Aragón,Huesca,1430,http://www.gurreadegallego.es/,wikidata_P856,1,
INE17094,municipality,17094,Llívia,Cataluña,Girona,1562,http://www.llivia.org/,wikidata_P856,1,
INE06001,municipality,06001,Acedera,Extremadura,Badajoz,815,http://www.acedera.es/,wikidata_P856,1,
INE27021,municipality,27021,Xermade,Galicia,Lugo,1665,https://www.xermade.org/,wikidata_P856,1,
INE17014,municipality,17014,"Vajol, La",Cataluña,Girona,112,http://ca.lavajol.cat/,wikidata_P856,1,
INE22150,municipality,22150,Loporzano,Aragón,Huesca,576,http://www.loporzano.es/,wikidata_P856,1,
INE26001,municipality,26001,Ábalos,"Rioja, La","Rioja, La",256,http://www.abalos.org/,wikidata_P856,1,
INE02045,municipality,02045,Madrigueras,Castilla-La Mancha,Albacete,4670,http://www.madrigueras.es/,clm_directorio_entidades_locales,0,
INE31134,municipality,31134,Jaurrieta,"Navarra, Comunidad Foral de",Navarra,179,,,0,
INE31198,municipality,31198,Oronz/Orontze,"Navarra, Comunidad Foral de",Navarra,51,,,0,
INE12037,municipality,12037,Castell de Cabres,Comunitat Valenciana,Castelló/Castellón,21,http://www.castelldecabres.es/,wikidata_P856,1,
INE25183,municipality,25183,Rialp,Cataluña,Lleida,654,http://rialp.cat/,wikidata_P856,1,
INE33065,municipality,33065,Sariego,"Asturias, Principado de",Asturias,1252,http://www.sariego.org/,wikidata_P856,1,
INE25010,municipality,25010,Alcanó,Cataluña,Lleida,244,http://alcano.cat/,wikidata_P856,1,
INE08181,municipality,08181,"Roca del Vallès, La",Cataluña,Barcelona,11014,http://www.laroca.cat/,wikidata_P856,1,
INE25126,municipality,25126,Llavorsí,Cataluña,Lleida,342,http://www.llavorsi.cat/,wikidata_P856,1,
INE25215,municipality,25215,Talarn,Cataluña,Lleida,555,http://www.talarn.cat/,wikidata_P856,1,
INE46248,municipality,46248,Turís,Comunitat Valenciana,València/Valencia,7717,http://www.turis.es/,wikidata_P856,1,
INE50043,municipality,50043,Bárboles,Aragón,Zaragoza,277,http://www.barboles.net/,wikidata_P856,1,
INE50160,municipality,50160,Mallén,Aragón,Zaragoza,2951,http://www.aytomallen.com/,wikidata_P856,1,
INE50201,municipality,50201,Paracuellos de Jiloca,Aragón,Zaragoza,610,https://www.paracuellosdejiloca.es/,wikidata_P856,1,
INE50242,municipality,50242,Sediles,Aragón,Zaragoza,109,http://www.sediles.es/,wikidata_P856,1,
INE08021,municipality,08021,Bellprat,Cataluña,Barcelona,69,https://www.bellprat.cat/,wikidata_P856,1,
INE33035,municipality,33035,Llanera,"Asturias, Principado de",Asturias,14020,http://www.ayto-llanera.es/,wikidata_P856,1,
INE46150,municipality,46150,Llutxent,Comunitat Valenciana,València/Valencia,2314,http://www.llutxent.es/,wikidata_P856,1,
INE06903,municipality,06903,Guadiana,Extremadura,Badajoz,2444,http://www.ayuntamientoguadiana.es/,wikidata_P856,1,
INE13023,municipality,13023,Bolaños de Calatrava,Castilla-La Mancha,Ciudad Real,12153,http://www.bolanosdecalatrava.es/,clm_directorio_entidades_locales,0,
INE43138,municipality,43138,Santa Bàrbara,Cataluña,Tarragona,3871,http://santabarbara.cat/,wikidata_P856,1,
INE17016,municipality,17016,Bàscara,Cataluña,Girona,1049,https://www.bascara.cat/,wikidata_P856,1,
INE10196,municipality,10196,Valdastillas,Extremadura,Cáceres,332,http://www.valdastillas.net/,wikidata_P856,1,
INE46044,municipality,46044,Ayora,Comunitat Valenciana,València/Valencia,5282,http://www.ayora.es/,wikidata_P856,1,
INE31188,municipality,31188,Olaibar,"Navarra, Comunidad Foral de",Navarra,399,,,0,
INE25254,municipality,25254,Vilanova de la Barca,Cataluña,Lleida,1163,http://www.vilanovadelabarca.cat/,wikidata_P856,1,
INE03081,municipality,03081,Xaló,Comunitat Valenciana,Alacant/Alicante,3104,http://www.xalo.es/,wikidata_P856,1,
INE18184,municipality,18184,Vélez de Benaudalla,Andalucía,Granada,3108,http://www.velezdebenaudalla.es/,wikidata_P856,1,
INE45200,municipality,45200,"Yébenes, Los",Castilla-La Mancha,Toledo,5787,http://www.losyebenes.es/,clm_directorio_entidades_locales,0,
INE05037,municipality,05037,Bohoyo,Castilla y León,Ávila,205,https://www.bohoyo.es/,wikidata_P856,1,
INE05082,municipality,05082,Gavilanes,Castilla y León,Ávila,523,http://www.gavilanes.com/,wikidata_P856,1,
INE45177,municipality,45177,Urda,Castilla-La Mancha,Toledo,2454,http://www.urda.es/,clm_directorio_entidades_locales,0,
INE01003,municipality,01003,Aramaio,País Vasco,Araba/Álava,1354,http://www.aramaio.org/,wikidata_P856,1,
INE46142,municipality,46142,Jalance,Comunitat Valenciana,València/Valencia,808,http://www.jalance.es/,wikidata_P856,1,
INE50082,municipality,50082,Cimballa,Aragón,Zaragoza,70,,,0,
INE31118,municipality,31118,Val de Goñi / Goñerri,"Navarra, Comunidad Foral de",Navarra,166,,,0,
INE50163,municipality,50163,María de Huerva,Aragón,Zaragoza,6558,http://www.mariadehuerva.es/,wikidata_P856,1,
INE17003,municipality,17003,Albanyà,Cataluña,Girona,157,http://www.albanya.cat/,wikidata_P856,1,
INE23058,municipality,23058,Mancha Real,Andalucía,Jaén,11481,http://www.manchareal.es/,wikidata_P856,1,
INE31196,municipality,31196,Orbara,"Navarra, Comunidad Foral de",Navarra,28,,,0,
INE02040,municipality,02040,Hoya-Gonzalo,Castilla-La Mancha,Albacete,582,http://www.hoyagonzalo.es/,clm_directorio_entidades_locales,0,
INE33054,municipality,33054,"Regueras, Las","Asturias, Principado de",Asturias,1892,https://www.lasregueras.es/,wikidata_P856,1,
INE46155,municipality,46155,Llaurí,Comunitat Valenciana,València/Valencia,1226,http://www.llauri.es/,wikidata_P856,1,
INE45188,municipality,45188,Villaluenga de la Sagra,Castilla-La Mancha,Toledo,4308,http://www.villaluengadelasagra.es/,clm_directorio_entidades_locales,0,
INE45019,municipality,45019,Bargas,Castilla-La Mancha,Toledo,11274,http://www.bargas.es/,clm_directorio_entidades_locales,0,
INE45102,municipality,45102,Mocejón,Castilla-La Mancha,Toledo,5188,http://www.mocejon.es/,clm_directorio_entidades_locales,0,
INE45052,municipality,45052,Cobisa,Castilla-La Mancha,Toledo,4550,http://www.cobisa.es/,clm_directorio_entidades_locales,0,
INE08029,municipality,08029,Cabrera de Mar,Cataluña,Barcelona,5045,https://www.cabrerademar.cat/,wikidata_P856,1,
INE08227,municipality,08227,Sant Martí Sarroca,Cataluña,Barcelona,3485,https://www.santmartisarroca.cat/,wikidata_P856,1,
INE25226,municipality,25226,Torrebesses,Cataluña,Lleida,278,https://www.torrebesses.cat/,wikidata_P856,1,
INE17055,municipality,17055,Colomers,Cataluña,Girona,208,http://www.colomers.cat/,wikidata_P856,1,
INE10027,municipality,10027,Benquerencia,Extremadura,Cáceres,74,http://www.benquerencia.es/,wikidata_P856,1,
INE31249,municipality,31249,Valtierra,"Navarra, Comunidad Foral de",Navarra,2505,http://www.valtierra.es/,wikidata_P856,1,
INE16244,municipality,16244,Villagarcía del Llano,Castilla-La Mancha,Cuenca,763,,,0,
INE02032,municipality,02032,Fuensanta,Castilla-La Mancha,Albacete,282,http://www.fuensanta.info/,clm_directorio_entidades_locales,0,
INE16171,municipality,16171,"Provencio, El",Castilla-La Mancha,Cuenca,2327,http://www.elprovencio.com/,clm_directorio_entidades_locales,0,
INE23054,municipality,23054,Larva,Andalucía,Jaén,435,http://www.larva.es/,wikidata_P856,1,
INE16003,municipality,16003,Alarcón,Castilla-La Mancha,Cuenca,173,http://www.ayuntamientoalarcon.es/,clm_directorio_entidades_locales,0,
INE18069,municipality,18069,Dólar,Andalucía,Granada,600,https://ayuntamientodolar.es/,wikidata_P856,1,
INE28049,municipality,28049,Coslada,"Madrid, Comunidad de",Madrid,80512,https://coslada.es/,wikidata_P856,2,
INE46069,municipality,46069,Benissuera,Comunitat Valenciana,València/Valencia,196,http://www.benisuera.es/,wikidata_P856,1,
INE31197,municipality,31197,Orísoain,"Navarra, Comunidad Foral de",Navarra,72,,,0,
INE12130,municipality,12130,Villahermosa del Río,Comunitat Valenciana,Castelló/Castellón,473,http://www.villahermosadelrio.es/,wikidata_P856,1,
INE12129,municipality,12129,Vilafranca/Villafranca del Cid,Comunitat Valenciana,Castelló/Castellón,2115,https://www.ajuntamentdevilafranca.es/,wikidata_P856,1,
INE08300,municipality,08300,Viladecavalls,Cataluña,Barcelona,7817,http://www.viladecavalls.cat/,wikidata_P856,1,
INE12068,municipality,12068,Herbers,Comunitat Valenciana,Castelló/Castellón,68,https://www.ajuntamentdherbers.es/,wikidata_P856,1,
INE08155,municipality,08155,Palafolls,Cataluña,Barcelona,10038,http://www.palafolls.cat/,wikidata_P856,1,
INE21040,municipality,21040,Hinojos,Andalucía,Huelva,4097,http://www.hinojos.es/,wikidata_P856,1,
INE02081,municipality,02081,Villarrobledo,Castilla-La Mancha,Albacete,25400,http://www.villarrobledo.com/,clm_directorio_entidades_locales,0,
INE04077,municipality,04077,Rágol,Andalucía,Almería,297,http://www.ragol.es/,wikidata_P856,1,
INE08144,municipality,08144,Olvan,Cataluña,Barcelona,924,http://www.olvan.cat/,wikidata_P856,1,
INE31157,municipality,31157,Lodosa,"Navarra, Comunidad Foral de",Navarra,4964,http://www.lodosa.es/,wikidata_P856,1,
INE03066,municipality,03066,Elda,Comunitat Valenciana,Alacant/Alicante,55222,http://www.elda.es/,wikidata_P856,1,
INE21073,municipality,21073,Villablanca,Andalucía,Huelva,2939,http://www.villablanca.es/,wikidata_P856,1,
INE06075,municipality,06075,Magacela,Extremadura,Badajoz,502,http://www.magacela.es/,wikidata_P856,1,
INE21044,municipality,21044,Lepe,Andalucía,Huelva,29677,http://www.lepe.es/,wikidata_P856,1,
INE31014,municipality,31014,Ancín/Antzin,"Navarra, Comunidad Foral de",Navarra,363,http://www.ancin-antzin.com/,wikidata_P856,1,
INE31262,municipality,31262,Zabalza/Zabaltza,"Navarra, Comunidad Foral de",Navarra,285,http://www.zabalza.es/,wikidata_P856,1,
INE03100,municipality,03100,Parcent,Comunitat Valenciana,Alacant/Alicante,1037,http://www.parcent.es/,wikidata_P856,1,
INE03102,municipality,03102,Pego,Comunitat Valenciana,Alacant/Alicante,10791,http://www.pego.es/,wikidata_P856,1,
INE19007,municipality,19007,Albares,Castilla-La Mancha,Guadalajara,610,http://www.albares.es/,clm_directorio_entidades_locales,0,
INE29068,municipality,29068,Manilva,Andalucía,Málaga,18165,http://www.ayto-manilva.es/,wikidata_P856,1,
INE17180,municipality,17180,Santa Coloma de Farners,Cataluña,Girona,13993,https://www.scf.cat/,wikidata_P856,1,
INE08041,municipality,08041,Canovelles,Cataluña,Barcelona,17473,http://www.canovelles.cat/,wikidata_P856,1,
INE19305,municipality,19305,Valdepeñas de la Sierra,Castilla-La Mancha,Guadalajara,151,http://www.valdepenasdelasierra.com/,clm_directorio_entidades_locales,0,
INE19304,municipality,19304,Valdenuño Fernández,Castilla-La Mancha,Guadalajara,359,http://www.valdenunofernandez.com/,clm_directorio_entidades_locales,0,
INE31222,municipality,31222,Sarriés/Sartze,"Navarra, Comunidad Foral de",Navarra,57,,,0,
INE25032,municipality,25032,Arsèguel,Cataluña,Lleida,87,http://arseguel.ddl.net/,wikidata_P856,1,
INE22249,municipality,22249,Villanova,Aragón,Huesca,171,https://www.villanova.es/,wikidata_P856,1,
INE19177,municipality,19177,Medranda,Castilla-La Mancha,Guadalajara,83,,,0,
INE29081,municipality,29081,Pujerra,Andalucía,Málaga,285,http://www.pujerra.es/,wikidata_P856,1,
INE47005,municipality,47005,Alcazarén,Castilla y León,Valladolid,623,http://www.ayuntamientodealcazaren.es/,wikidata_P856,1,
INE26171,municipality,26171,Villar de Torre,"Rioja, La","Rioja, La",143,,,0,
INE49190,municipality,49190,San Martín de Valderaduey,Castilla y León,Zamora,47,,,0,
INE42153,municipality,42153,Rello,Castilla y León,Soria,21,,,0,
INE24062,municipality,24062,Cubillas de los Oteros,Castilla y León,León,140,http://www.aytocubillasdelosoteros.es/,wikidata_P856,1,
INE32008,municipality,32008,Barbadás,Galicia,Ourense,11201,https://www.barbadas.es/,wikidata_P856,1,
INE36901,municipality,36901,"Illa de Arousa, A",Galicia,Pontevedra,4809,http://www.ailladearousa.es/,wikidata_P856,1,
INE06073,municipality,06073,Llera,Extremadura,Badajoz,781,http://www.llera.es/,wikidata_P856,1,
INE22228,municipality,22228,Tierz,Aragón,Huesca,821,https://www.tierz.es/,wikidata_P856,1,
INE44144,municipality,44144,Martín del Río,Aragón,Teruel,367,http://www.martindelrio.es/,wikidata_P856,1,
INE25099,municipality,25099,Golmés,Cataluña,Lleida,1909,https://www.golmes.cat/,wikidata_P856,1,
INE13011,municipality,13011,Almadén,Castilla-La Mancha,Ciudad Real,4855,http://www.almaden.es/,clm_directorio_entidades_locales,0,
INE37018,municipality,37018,Aldeanueva de la Sierra,Castilla y León,Salamanca,88,,,0,
INE43147,municipality,43147,Solivella,Cataluña,Tarragona,633,http://www.solivella.cat/,wikidata_P856,1,
INE45152,municipality,45152,San Martín de Pusa,Castilla-La Mancha,Toledo,623,,,0,
INE05245,municipality,05245,Tornadizos de Ávila,Castilla y León,Ávila,458,http://www.ayuntamientodetornadizosdeavila.com/,wikidata_P856,1,
INE19209,municipality,19209,Pardos,Castilla-La Mancha,Guadalajara,33,,,0,
INE18072,municipality,18072,Escúzar,Andalucía,Granada,826,http://www.escuzar.es/,wikidata_P856,1,
INE02048,municipality,02048,Minaya,Castilla-La Mancha,Albacete,1381,http://www.minaya.sedipualba.es/,clm_directorio_entidades_locales,0,
INE14061,municipality,14061,Santa Eufemia,Andalucía,Córdoba,685,http://www.santaeufemia.es/,wikidata_P856,1,
INE10154,municipality,10154,Rebollar,Extremadura,Cáceres,203,,,0,
INE16001,municipality,16001,Abia de la Obispalía,Castilla-La Mancha,Cuenca,68,http://abiadelaobispalia.com/,wikidata_P856,1,
INE50257,municipality,50257,Torralba de Ribota,Aragón,Zaragoza,157,,,0,
INE50250,municipality,50250,Talamantes,Aragón,Zaragoza,68,http://www.talamantes.es/,wikidata_P856,1,
INE49040,municipality,49040,Castrillo de la Guareña,Castilla y León,Zamora,133,,,0,
INE37074,municipality,37074,Campillo de Azaba,Castilla y León,Salamanca,146,http://www.aytocampillodeazaba.es/,wikidata_P856,1,
INE19005,municipality,19005,Alarilla,Castilla-La Mancha,Guadalajara,144,,,0,
INE49084,municipality,49084,Fuentespreadas,Castilla y León,Zamora,267,,,0,
INE19213,municipality,19213,"Pedregal, El",Castilla-La Mancha,Guadalajara,60,,,0,
INE41046,municipality,41046,Gilena,Andalucía,Sevilla,3647,http://www.gilena.es/,wikidata_P856,1,
INE03052,municipality,03052,Cañada,Comunitat Valenciana,Alacant/Alicante,1213,http://www.canyada.es/,wikidata_P856,1,
INE16216,municipality,16216,Tresjuncos,Castilla-La Mancha,Cuenca,258,https://tresjuncos.sedelectronica.es/,clm_directorio_entidades_locales,0,
INE37144,municipality,37144,Galisancho,Castilla y León,Salamanca,320,,,0,
INE34151,municipality,34151,Respenda de la Peña,Castilla y León,Palencia,140,http://respenda.galeon.com/,wikidata_P856,1,
INE40149,municipality,40149,Olombrada,Castilla y León,Segovia,490,http://www.olombrada.es/,wikidata_P856,1,
INE45062,municipality,45062,Escalonilla,Castilla-La Mancha,Toledo,1545,http://www.aytoescalonilla.com/,wikidata_P856,1,
INE06005,municipality,06005,"Albuera, La",Extremadura,Badajoz,1995,http://www.ayuntamientoalbuera.com/,wikidata_P856,1,
INE10168,municipality,10168,Santa Marta de Magasca,Extremadura,Cáceres,291,,,0,
INE40200,municipality,40200,Tabanera la Luenga,Castilla y León,Segovia,51,http://www.tabaneralaluenga.es/,wikidata_P856,1,
INE47230,municipality,47230,Wamba,Castilla y León,Valladolid,289,,,0,
INE23032,municipality,23032,Espeluy,Andalucía,Jaén,596,http://www.espeluy.es/,wikidata_P856,1,
INE09259,municipality,09259,Pedrosa de Río Úrbel,Castilla y León,Burgos,262,http://www.pedrosaderiourbel.es/,wikidata_P856,1,
INE15053,municipality,15053,Muros,Galicia,"Coruña, A",8173,http://www.muros.es/,wikidata_P856,1,
INE22181,municipality,22181,Piracés,Aragón,Huesca,92,http://www.piraces.es/,wikidata_P856,1,
INE36037,municipality,36037,Pazos de Borbén,Galicia,Pontevedra,3046,https://pazosdeborben.gal/,wikidata_P856,1,
INE12041,municipality,12041,Castillo de Villamalefa,Comunitat Valenciana,Castelló/Castellón,110,http://www.castillodevillamalefa.es/,wikidata_P856,1,
INE37325,municipality,37325,"Tornadizo, El",Castilla y León,Salamanca,88,,,0,
INE31148,municipality,31148,Legaria,"Navarra, Comunidad Foral de",Navarra,111,,,0,
INE47112,municipality,47112,Pedrajas de San Esteban,Castilla y León,Valladolid,3434,http://www.pedrajas.es/,wikidata_P856,1,
INE19245,municipality,19245,Sacedón,Castilla-La Mancha,Guadalajara,1623,http://www.sacedon.es/,clm_directorio_entidades_locales,0,
INE37230,municipality,37230,Parada de Arriba,Castilla y León,Salamanca,264,http://paradadearriba.es//,wikidata_P856,1,
INE09169,municipality,09169,Hortigüela,Castilla y León,Burgos,103,http://www.hortiguela.es/,wikidata_P856,1,
INE50206,municipality,50206,Perdiguera,Aragón,Zaragoza,559,http://www.perdiguera.es/,wikidata_P856,1,
INE09903,municipality,09903,Villarcayo de Merindad de Castilla la Vieja,Castilla y León,Burgos,4103,http://www.villarcayo.org/,wikidata_P856,1,
INE08291,municipality,08291,Vacarisses,Cataluña,Barcelona,7729,http://www.vacarisses.cat/,wikidata_P856,1,
INE16193,municipality,16193,San Pedro Palmiches,Castilla-La Mancha,Cuenca,54,http://www.sanpedropalmiches.com/,wikidata_P856,1,
INE04041,municipality,04041,Enix,Andalucía,Almería,612,http://www.enix.es/,wikidata_P856,1,
INE49027,municipality,49027,Brime de Sog,Castilla y León,Zamora,114,http://www.aytobrimedesog.es/es/index.html,wikidata_P856,1,
INE44158,municipality,44158,Mora de Rubielos,Aragón,Teruel,1752,http://www.moraderubielos.com/,wikidata_P856,1,
INE22077,municipality,22077,Candasnos,Aragón,Huesca,478,http://www.candasnos.es/,wikidata_P856,1,
INE46084,municipality,46084,Càrcer,Comunitat Valenciana,València/Valencia,1795,http://www.carcer.es/,wikidata_P856,1,
INE03008,municipality,03008,Alcoleja,Comunitat Valenciana,Alacant/Alicante,184,http://www.alcoleja.es/,wikidata_P856,1,
INE37339,municipality,37339,Valero,Castilla y León,Salamanca,269,http://aytovalero.es/,wikidata_P856,1,
INE50232,municipality,50232,Salvatierra de Esca,Aragón,Zaragoza,187,,,0,
INE44124,municipality,44124,"Hoz de la Vieja, La",Aragón,Teruel,85,http://www.lahozdelavieja.com/,wikidata_P856,1,
INE01037,municipality,01037,Arraia-Maeztu,País Vasco,Araba/Álava,812,http://www.arraia-maeztu.org/,wikidata_P856,1,
INE49008,municipality,49008,Almeida de Sayago,Castilla y León,Zamora,411,,,0,
INE42089,municipality,42089,Fuentelsaz de Soria,Castilla y León,Soria,65,http://www.fuentelsazdesoria.es/,wikidata_P856,1,
INE16022,municipality,16022,Arcos de la Sierra,Castilla-La Mancha,Cuenca,77,http://www.campisierra.org/,clm_directorio_entidades_locales,0,
INE37277,municipality,37277,Salvatierra de Tormes,Castilla y León,Salamanca,66,http://www.salvatierradetormes.es/,wikidata_P856,1,
INE19217,municipality,19217,Peralveche,Castilla-La Mancha,Guadalajara,52,http://www.infoperalveche.es/,wikidata_P856,1,
INE32014,municipality,32014,"Bola, A",Galicia,Ourense,1139,,,0,
INE13063,municipality,13063,Piedrabuena,Castilla-La Mancha,Ciudad Real,4305,http://www.piedrabuena.es/,clm_directorio_entidades_locales,0,
INE49012,municipality,49012,Argañín,Castilla y León,Zamora,79,,,0,
INE11009,municipality,11009,Benaocaz,Andalucía,Cádiz,742,http://www.benaocaz.es/,wikidata_P856,1,
INE34088,municipality,34088,Husillos,Castilla y León,Palencia,413,http://husillos.es/,wikidata_P856,1,
INE47056,municipality,47056,Corrales de Duero,Castilla y León,Valladolid,104,,,0,
INE18061,municipality,18061,Chimeneas,Andalucía,Granada,1265,http://www.chimeneas.es/,wikidata_P856,1,
INE19020,municipality,19020,Almadrones,Castilla-La Mancha,Guadalajara,67,https://almadrones.sedelectronica.es/,clm_directorio_entidades_locales,0,
INE37091,municipality,37091,Casillas de Flores,Castilla y León,Salamanca,171,,,0,
INE21039,municipality,21039,Hinojales,Andalucía,Huelva,314,http://www.hinojales.org/,wikidata_P856,1,
INE37361,municipality,37361,Villar de Samaniego,Castilla y León,Salamanca,79,,,0,
INE40186,municipality,40186,Santa Marta del Cerro,Castilla y León,Segovia,45,http://www.santamartadelcerro.es/,wikidata_P856,1,
INE23901,municipality,23901,Cárcheles,Andalucía,Jaén,1291,http://www.carcheles.es/,wikidata_P856,1,
INE22220,municipality,22220,Sesa,Aragón,Huesca,167,http://www.villadesesa.es/,wikidata_P856,1,
INE26157,municipality,26157,Tricio,"Rioja, La","Rioja, La",376,,,0,
INE40902,municipality,40902,Cozuelos de Fuentidueña,Castilla y León,Segovia,102,http://www.cozuelosdefuentiduena.es/,wikidata_P856,1,
INE21071,municipality,21071,Valdelarco,Andalucía,Huelva,239,https://www.valdelarco.es/,wikidata_P856,1,
INE12082,municipality,12082,Nules,Comunitat Valenciana,Castelló/Castellón,14315,http://www.nules.es/,wikidata_P856,1,
INE07053,municipality,07053,Santa Eugènia,"Balears, Illes",Illes Balears,1902,http://ajsantaeugenia.net/,wikidata_P856,1,
INE19190,municipality,19190,Molina de Aragón,Castilla-La Mancha,Guadalajara,3281,https://www.molinadearagon.es/,clm_directorio_entidades_locales,0,
INE20027,municipality,20027,Zestoa,País Vasco,Gipuzkoa,3933,https://www.zestoa.eus/,wikidata_P856,1,
INE19090,municipality,19090,Cobeta,Castilla-La Mancha,Guadalajara,100,http://cobeta.localtic.net/,wikidata_P856,1,
INE42060,municipality,42060,Cerbón,Castilla y León,Soria,27,http://www.cerbon.es/,wikidata_P856,1,
INE49023,municipality,49023,Bermillo de Sayago,Castilla y León,Zamora,1028,https://aytobermillodesayago.es/,wikidata_P856,1,
INE46157,municipality,46157,"Llosa de Ranes, la",Comunitat Valenciana,València/Valencia,3765,http://www.lallosaderanes.es/,wikidata_P856,1,
INE24121,municipality,24121,Puebla de Lillo,Castilla y León,León,641,http://www.aytopuebladelillo.es/,wikidata_P856,1,
INE09034,municipality,09034,"Balbases, Los",Castilla y León,Burgos,298,http://www.losbalbases.es/,wikidata_P856,1,
INE26055,municipality,26055,Corporales,"Rioja, La","Rioja, La",40,,,0,
INE05213,municipality,05213,San Juan del Olmo,Castilla y León,Ávila,73,http://www.sanjuandelolmo.es/,wikidata_P856,1,
INE10049,municipality,10049,Casar de Cáceres,Extremadura,Cáceres,4511,http://www.casardecaceres.com/,wikidata_P856,1,
INE07024,municipality,07024,Formentera,"Balears, Illes",Illes Balears,11661,http://consellformentera.com/,wikidata_P856,1,
INE44251,municipality,44251,Villafranca del Campo,Aragón,Teruel,290,http://www.villafrancadelcampo.es/,wikidata_P856,1,
INE47103,municipality,47103,Olivares de Duero,Castilla y León,Valladolid,328,,,0,
INE44197,municipality,44197,Ródenas,Aragón,Teruel,57,http://www.rodenas.es/InternetRural/rodenas/home.nsf/documento/ayuntamientocella,wikidata_P856,1,
INE40062,municipality,40062,Cubillo,Castilla y León,Segovia,74,http://www.cubillo.es/,wikidata_P856,1,
INE24027,municipality,24027,Cabañas Raras,Castilla y León,León,1286,http://www.cabanasraras.org/,wikidata_P856,1,
INE03121,municipality,03121,Santa Pola,Comunitat Valenciana,Alacant/Alicante,39709,http://www.insidesantapola.com/,wikidata_P856,2,
INE31179,municipality,31179,Murillo el Fruto,"Navarra, Comunidad Foral de",Navarra,665,http://www.murilloelfruto.com/,wikidata_P856,1,
INE28155,municipality,28155,Valdaracete,"Madrid, Comunidad de",Madrid,658,https://www.valdaracete.org/,wikidata_P856,1,
INE04080,municipality,04080,Santa Cruz de Marchena,Andalucía,Almería,236,http://www.santacruzdemarchena.es/,wikidata_P856,1,
INE17073,municipality,17073,Fornells de la Selva,Cataluña,Girona,2818,http://www.fornellsdelaselva.cat/,wikidata_P856,1,
INE15020,municipality,15020,Carnota,Galicia,"Coruña, A",3780,http://www.concellocarnota.com/,wikidata_P856,1,
INE37304,municipality,37304,Sepulcro-Hilario,Castilla y León,Salamanca,153,https://sepulcrohilario.es/,wikidata_P856,1,
INE50146,municipality,50146,Lucena de Jalón,Aragón,Zaragoza,223,http://www.lucenadejalon.es/,wikidata_P856,1,
INE37330,municipality,37330,Valdecarros,Castilla y León,Salamanca,296,,,0,
INE09455,municipality,09455,Villaquirán de la Puebla,Castilla y León,Burgos,45,http://www.villaquirandelapuebla.es/,wikidata_P856,1,
INE26053,municipality,26053,Corera,"Rioja, La","Rioja, La",281,http://www.corera.org/,wikidata_P856,1,
INE37191,municipality,37191,"Milano, El",Castilla y León,Salamanca,88,,,0,
INE16129,municipality,16129,Montalbanejo,Castilla-La Mancha,Cuenca,82,,,0,
INE45015,municipality,45015,Arcicóllar,Castilla-La Mancha,Toledo,1089,https://www.aytoarcicollar.es/,clm_directorio_entidades_locales,0,
INE37215,municipality,37215,Nava de Sotrobal,Castilla y León,Salamanca,147,,,0,
INE44121,municipality,44121,Gúdar,Aragón,Teruel,73,http://www.gudar.es/,wikidata_P856,1,
INE26035,municipality,26035,Cabezón de Cameros,"Rioja, La","Rioja, La",23,,,0,
INE22202,municipality,22202,Salas Bajas,Aragón,Huesca,184,http://www.salasbajas.es/,wikidata_P856,1,
INE42195,municipality,42195,Valdenebro,Castilla y León,Soria,85,,,0,
INE18048,municipality,18048,Cijuela,Andalucía,Granada,3827,http://www.ayuntamientocijuela.es/,wikidata_P856,1,
INE26100,municipality,26100,Muro de Aguas,"Rioja, La","Rioja, La",57,http://www.murodeaguas.org/,wikidata_P856,1,
INE19052,municipality,19052,"Bodera, La",Castilla-La Mancha,Guadalajara,19,,,0,
INE32003,municipality,32003,"Arnoia, A",Galicia,Ourense,949,https://www.arnoia.es/,wikidata_P856,1,
INE50110,municipality,50110,"Frasno, El",Aragón,Zaragoza,370,http://www.elfrasno.es/,wikidata_P856,1,
INE04065,municipality,04065,Nacimiento,Andalucía,Almería,485,http://www.nacimiento.es/,wikidata_P856,1,
INE37042,municipality,37042,Barceo,Castilla y León,Salamanca,45,,,0,
INE40181,municipality,40181,Real Sitio de San Ildefonso,Castilla y León,Segovia,5217,https://www.lagranja-valsain.com/,wikidata_P856,1,
INE09046,municipality,09046,Bascuñana,Castilla y León,Burgos,20,http://www.bascuñana.es/,wikidata_P856,1,
INE45158,municipality,45158,Santa Olalla,Castilla-La Mancha,Toledo,3571,http://www.santaolalla.es/,clm_directorio_entidades_locales,0,
INE24030,municipality,24030,Cacabelos,Castilla y León,León,4734,https://www.cacabelos.org/,wikidata_P856,1,
INE24225,municipality,24225,Villasabariego,Castilla y León,León,1155,http://www.villasabariegoayto.com/,wikidata_P856,1,
INE06144,municipality,06144,Valverde de Llerena,Extremadura,Badajoz,560,http://valverdedellerena.es/,wikidata_P856,1,
INE16238,municipality,16238,Vara de Rey,Castilla-La Mancha,Cuenca,466,http://www.varaderey.es/,clm_directorio_entidades_locales,0,
INE44006,municipality,44006,Alacón,Aragón,Teruel,204,http://www.alacon.es/,wikidata_P856,1,
INE50168,municipality,50168,Mianos,Aragón,Zaragoza,25,https://mianoszaragoza.com/,wikidata_P856,1,
INE05207,municipality,05207,San Esteban del Valle,Castilla y León,Ávila,735,http://www.sanestebandelvalle.es/,wikidata_P856,1,
INE14030,municipality,14030,Fuente Palmera,Andalucía,Córdoba,9883,https://www.fuentepalmera.es/,wikidata_P856,1,
INE32021,municipality,32021,Castrelo do Val,Galicia,Ourense,947,http://castrelodoval.gal/,wikidata_P856,1,
INE32011,municipality,32011,Beariz,Galicia,Ourense,901,,,0,
INE05220,municipality,05220,San Pedro del Arroyo,Castilla y León,Ávila,516,http://www.sanpedrodelarroyo.es/,wikidata_P856,1,
INE19053,municipality,19053,Brihuega,Castilla-La Mancha,Guadalajara,2826,https://brihuega.es/,clm_directorio_entidades_locales,0,
INE09159,municipality,09159,Hontanas,Castilla y León,Burgos,69,http://www.hontanas.es/,wikidata_P856,1,
INE37138,municipality,37138,Fuenterroble de Salvatierra,Castilla y León,Salamanca,260,http://www.aytofuenterroble.com/about,wikidata_P856,1,
INE08225,municipality,08225,Sant Martí d'Albars,Cataluña,Barcelona,135,http://www.santmartidalbars.cat/,wikidata_P856,1,
INE44211,municipality,44211,Segura de los Baños,Aragón,Teruel,55,http://www.seguradebaños.com/,wikidata_P856,1,
INE24134,municipality,24134,"Robla, La",Castilla y León,León,3574,http://www.larobla.com/,wikidata_P856,1,
INE16025,municipality,16025,Arrancacepas,Castilla-La Mancha,Cuenca,14,http://arrancacepas.sedelectronica.es/,clm_directorio_entidades_locales,0,
INE49088,municipality,49088,Gamones,Castilla y León,Zamora,89,,,0,
INE49114,municipality,49114,Matilla la Seca,Castilla y León,Zamora,33,https://matillalaseca.sedelectronica.es/,wikidata_P856,1,
INE05026,municipality,05026,Bercial de Zapardiel,Castilla y León,Ávila,166,http://www.bercialdezapardiel.es/,wikidata_P856,1,
INE46122,municipality,46122,Faura,Comunitat Valenciana,València/Valencia,3753,http://www.faura.es/,wikidata_P856,1,
INE11042,municipality,11042,Zahara,Andalucía,Cádiz,1344,http://www.zaharadelasierra.es/,wikidata_P856,1,
INE41072,municipality,41072,Pedrera,Andalucía,Sevilla,5057,https://pedrera.es/,wikidata_P856,1,
INE45151,municipality,45151,San Martín de Montalbán,Castilla-La Mancha,Toledo,778,http://www.sanmartindemontalban.com/,clm_directorio_entidades_locales,0,
INE03089,municipality,03089,Monòver/Monóvar,Comunitat Valenciana,Alacant/Alicante,13116,https://www.monovar.es/,wikidata_P856,1,
INE50271,municipality,50271,Used,Aragón,Zaragoza,250,http://www.used.es/,wikidata_P856,1,
INE47232,municipality,47232,"Zarza, La",Castilla y León,Valladolid,109,,,0,
INE17078,municipality,17078,Ger,Cataluña,Girona,501,http://www.ajger.cat/,wikidata_P856,1,
INE31140,municipality,31140,Lantz,"Navarra, Comunidad Foral de",Navarra,150,,,0,
INE12048,municipality,12048,Cortes de Arenoso,Comunitat Valenciana,Castelló/Castellón,308,http://www.cortesdearenoso.es/ca,wikidata_P856,1,
INE37292,municipality,37292,San Pelayo de Guareña,Castilla y León,Salamanca,86,,,0,
INE22142,municipality,22142,Lascuarre,Aragón,Huesca,139,http://www.lascuarre.es/,wikidata_P856,1,
INE50077,municipality,50077,Castejón de Valdejasa,Aragón,Zaragoza,188,,,0,
INE19215,municipality,19215,Peñalver,Castilla-La Mancha,Guadalajara,172,http://www.peñalver.es/,wikidata_P856,1,
INE22067,municipality,22067,Bonansa,Aragón,Huesca,85,http://www.bonansa.es/,wikidata_P856,1,
INE37162,municipality,37162,Horcajo Medianero,Castilla y León,Salamanca,199,https://horcajomedianero.es/,wikidata_P856,1,
INE10087,municipality,10087,Guadalupe,Extremadura,Cáceres,1722,http://www.puebladeguadalupe.net/,wikidata_P856,1,
INE09377,municipality,09377,Tardajos,Castilla y León,Burgos,862,http://www.tardajos.es/,wikidata_P856,1,
INE05160,municipality,05160,Navalosa,Castilla y León,Ávila,314,http://www.navalosa.es/,wikidata_P856,1,
INE44215,municipality,44215,Terriente,Aragón,Teruel,198,http://www.terriente.es/,wikidata_P856,1,
INE34192,municipality,34192,Valde-Ucieza,Castilla y León,Palencia,77,,,0,
INE28091,municipality,28091,Morata de Tajuña,"Madrid, Comunidad de",Madrid,8397,http://www.ayuntamientodemorata.es/,wikidata_P856,1,
INE47086,municipality,47086,Medina de Rioseco,Castilla y León,Valladolid,4617,http://www.medinaderioseco.org/,wikidata_P856,1,
INE02066,municipality,02066,"Recueja, La",Castilla-La Mancha,Albacete,215,http://www.larecueja.es/,clm_directorio_entidades_locales,0,
INE37046,municipality,37046,Béjar,Castilla y León,Salamanca,11993,http://www.aytobejar.com/,wikidata_P856,1,
INE45195,municipality,45195,Villarrubia de Santiago,Castilla-La Mancha,Toledo,2583,http://www.villarrubiadesantiago.es/,clm_directorio_entidades_locales,0,
INE37057,municipality,37057,Bóveda del Río Almar,Castilla y León,Salamanca,186,http://bovedadelrioalmar.es//,wikidata_P856,1,
INE08138,municipality,08138,Moià,Cataluña,Barcelona,6828,http://www.moia.cat/,wikidata_P856,1,
INE24070,municipality,24070,Fabero,Castilla y León,León,3998,https://fabero.org/,wikidata_P856,1,
INE04096,municipality,04096,Urrácal,Andalucía,Almería,340,http://www.urracal.es/,wikidata_P856,1,
INE50016,municipality,50016,Aldehuela de Liestos,Aragón,Zaragoza,48,,,0,
INE21034,municipality,21034,Galaroza,Andalucía,Huelva,1366,http://www.galaroza.es/,wikidata_P856,1,
INE42160,municipality,42160,"Royo, El",Castilla y León,Soria,248,http://www.casadelatierra.com/pueblos/Royo.htm,wikidata_P856,1,
INE44209,municipality,44209,Santa Eulalia,Aragón,Teruel,1004,http://www.santaeulaliadelcampo.com/,wikidata_P856,1,
INE34006,municipality,34006,Alba de Cerrato,Castilla y León,Palencia,80,http://albadecerrato.es/,wikidata_P856,1,
INE19301,municipality,19301,Valdeconcha,Castilla-La Mancha,Guadalajara,42,,,0,
INE18170,municipality,18170,Rubite,Andalucía,Granada,419,http://www.rubite.es/,wikidata_P856,1,
INE42130,municipality,42130,Nepas,Castilla y León,Soria,49,,,0,
INE23067,municipality,23067,Pegalajar,Andalucía,Jaén,2830,http://www.ayto-pegalajar.org/,wikidata_P856,1,
INE18161,municipality,18161,Polícar,Andalucía,Granada,252,http://www.policar.es/,wikidata_P856,1,
INE28137,municipality,28137,"Santos de la Humosa, Los","Madrid, Comunidad de",Madrid,2867,https://lossantosdelahumosa.eu/,wikidata_P856,1,
INE16195,municipality,16195,Santa María del Campo Rus,Castilla-La Mancha,Cuenca,527,,,0,
INE47104,municipality,47104,Olmedo,Castilla y León,Valladolid,3592,https://olmedo.ayuntamientosdevalladolid.es/,wikidata_P856,1,
INE15050,municipality,15050,Monfero,Galicia,"Coruña, A",1816,,,0,
INE19324,municipality,19324,Villel de Mesa,Castilla-La Mancha,Guadalajara,163,,,0,
INE42094,municipality,42094,Garray,Castilla y León,Soria,794,http://www.garray.es/,wikidata_P856,1,
INE40079,municipality,40079,Fresno de Cantespino,Castilla y León,Segovia,290,http://www.fresnodecantespino.es/,wikidata_P856,1,
INE19278,municipality,19278,Torrecuadradilla,Castilla-La Mancha,Guadalajara,26,,,0,
INE24077,municipality,24077,Gordaliza del Pino,Castilla y León,León,238,http://www.aytogordalizadelpino.es/,wikidata_P856,1,
INE49168,municipality,49168,Quintanilla del Monte,Castilla y León,Zamora,93,,,0,
INE26067,municipality,26067,Gallinero de Cameros,"Rioja, La","Rioja, La",16,http://www.gallinerodecameros.org/,wikidata_P856,1,
INE03078,municipality,03078,Hondón de los Frailes,Comunitat Valenciana,Alacant/Alicante,1334,http://www.hondondelosfrailes.es/,wikidata_P856,1,
INE32026,municipality,32026,Coles,Galicia,Ourense,3228,http://www.concellodecoles.org/,wikidata_P856,1,
INE41078,municipality,41078,"Puebla de los Infantes, La",Andalucía,Sevilla,2949,http://www.lapuebladelosinfantes.es/,wikidata_P856,1,
INE37376,municipality,37376,Vitigudino,Castilla y León,Salamanca,2344,http://www.vitigudino.org/,wikidata_P856,1,
INE40218,municipality,40218,Valle de Tabladillo,Castilla y León,Segovia,78,http://www.valledetabladillo.es/,wikidata_P856,1,
INE16259,municipality,16259,Villar del Infantado,Castilla-La Mancha,Cuenca,34,https://villardelinfantado.sedelectronica.es/,clm_directorio_entidades_locales,0,
INE19283,municipality,19283,Torremocha del Pinar,Castilla-La Mancha,Guadalajara,32,,,0,
INE50237,municipality,50237,Santa Cruz de Moncayo,Aragón,Zaragoza,123,,,0,
INE37377,municipality,37377,Yecla de Yeltes,Castilla y León,Salamanca,223,,,0,
INE15087,municipality,15087,Valdoviño,Galicia,"Coruña, A",6818,https://www.concellodevaldovino.com/,wikidata_P856,1,
INE22206,municipality,22206,Sangarrén,Aragón,Huesca,233,http://www.sangarren.es/,wikidata_P856,1,
INE37158,municipality,37158,Herguijuela de la Sierra,Castilla y León,Salamanca,222,,,0,
INE09112,municipality,09112,Coruña del Conde,Castilla y León,Burgos,95,http://www.xn--coruadelconde-lkb.es/,wikidata_P856,1,
INE50153,municipality,50153,Magallón,Aragón,Zaragoza,1108,http://www.magallon.es/,wikidata_P856,1,
INE20066,municipality,20066,Errezil,País Vasco,Gipuzkoa,588,http://www.errezil.net/,wikidata_P856,2,
INE42204,municipality,42204,Viana de Duero,Castilla y León,Soria,47,,,0,
INE26003,municipality,26003,Aguilar del Río Alhama,"Rioja, La","Rioja, La",421,http://www.aguilar-inestrillas.org/,wikidata_P856,1,
INE34125,municipality,34125,Pedraza de Campos,Castilla y León,Palencia,73,http://www.pedrazadecampos.es/,wikidata_P856,1,
INE24155,municipality,24155,Santa María de la Isla,Castilla y León,León,429,http://www.santamariadelaisla.com/,wikidata_P856,1,
INE10205,municipality,10205,Valverde del Fresno,Extremadura,Cáceres,2143,http://www.valverdedelfresno.es/,wikidata_P856,1,
INE09269,municipality,09269,Pinilla de los Moros,Castilla y León,Burgos,30,http://www.pinilladelosmoros.es/,wikidata_P856,1,
INE06138,municipality,06138,Valdetorres,Extremadura,Badajoz,1105,http://www.valdetorres.es/,wikidata_P856,1,
INE17901,municipality,17901,"Cruïlles, Monells i Sant Sadurní de l'Heura",Cataluña,Girona,1350,http://www.cmss.cat/,wikidata_P856,1,
INE21001,municipality,21001,Alájar,Andalucía,Huelva,793,http://www.alajar.es/,wikidata_P856,1,
INE18037,municipality,18037,Calicasas,Andalucía,Granada,687,http://www.calicasas.es/,wikidata_P856,1,
INE37007,municipality,37007,Alaraz,Castilla y León,Salamanca,444,,,0,
INE47062,municipality,47062,Fombellida,Castilla y León,Valladolid,169,,,0,
INE16064,municipality,16064,Casas de Haro,Castilla-La Mancha,Cuenca,812,http://www.ayuntamientocasasdeharo.com/,clm_directorio_entidades_locales,0,
INE49269,municipality,49269,Villaseco del Pan,Castilla y León,Zamora,201,http://www.villaseco.info/,wikidata_P856,1,
INE06122,municipality,06122,"Santos de Maimona, Los",Extremadura,Badajoz,8088,http://www.lossantosdemaimona.org/,wikidata_P856,1,
INE31142,municipality,31142,Larraga,"Navarra, Comunidad Foral de",Navarra,2158,,,0,
INE22236,municipality,22236,Torres de Barbués,Aragón,Huesca,271,http://www.torresdebarbues.es/,wikidata_P856,1,
INE02036,municipality,02036,Golosalvo,Castilla-La Mancha,Albacete,79,http://www.golosalvo.es/,clm_directorio_entidades_locales,0,
INE47021,municipality,47021,Bocigas,Castilla y León,Valladolid,75,,,0,
INE16074,municipality,16074,"Cierva, La",Castilla-La Mancha,Cuenca,39,http://www.lacierva.com/,wikidata_P856,1,
INE45103,municipality,45103,Mohedas de la Jara,Castilla-La Mancha,Toledo,384,http://www.mohedasdelajara.com/,wikidata_P856,1,
INE09009,municipality,09009,Albillos,Castilla y León,Burgos,220,http://albillos.burgos.es/,wikidata_P856,1,
INE19004,municipality,19004,Alaminos,Castilla-La Mancha,Guadalajara,54,,,0,
INE05120,municipality,05120,Marlín,Castilla y León,Ávila,29,http://www.marlin.es/,wikidata_P856,1,
INE17063,municipality,17063,Espinelves,Cataluña,Girona,261,http://www.espinelves.cat/,wikidata_P856,1,
INE17206,municipality,17206,Urús,Cataluña,Girona,201,https://urus.cat/,wikidata_P856,1,
INE49044,municipality,49044,Cazurra,Castilla y León,Zamora,72,,,0,
INE09335,municipality,09335,San Adrián de Juarros,Castilla y León,Burgos,84,http://www.sanadriandejuarros.es/,wikidata_P856,1,
INE03060,municipality,03060,Quatretondeta,Comunitat Valenciana,Alacant/Alicante,130,http://www.quatretondeta.es/,wikidata_P856,1,
INE24228,municipality,24228,Villazala,Castilla y León,León,560,http://www.aytovillazala.es/,wikidata_P856,1,
INE47140,municipality,47140,Saelices de Mayorga,Castilla y León,Valladolid,116,,,0,
INE01061,municipality,01061,Zalduondo,País Vasco,Araba/Álava,195,,,0,
INE24156,municipality,24156,Santa María del Monte de Cea,Castilla y León,León,207,http://www.aytosantamariadelmontecea.es/,wikidata_P856,1,
INE37291,municipality,37291,San Pedro de Rozados,Castilla y León,Salamanca,273,http://sanpedroderozados.es/,wikidata_P856,1,
INE09175,municipality,09175,Humada,Castilla y León,Burgos,114,http://www.humada.es/,wikidata_P856,1,
INE37297,municipality,37297,Santibáñez de Béjar,Castilla y León,Salamanca,448,https://santibanezdebejar.es/,wikidata_P856,1,
INE10050,municipality,10050,Casar de Palomero,Extremadura,Cáceres,991,,,0,
INE24039,municipality,24039,Carrizo,Castilla y León,León,2242,http://www.aytocarrizodelaribera.es/,wikidata_P856,1,
INE49180,municipality,49180,Roelos de Sayago,Castilla y León,Zamora,133,https://www.ayuntamientoderoelos.es/,wikidata_P856,1,
INE47022,municipality,47022,Bocos de Duero,Castilla y León,Valladolid,79,http://www.valledelcuco.es/,wikidata_P856,1,
INE05140,municipality,05140,Muñomer del Peco,Castilla y León,Ávila,113,http://www.munomerdelpeco.es/,wikidata_P856,1,
INE40170,municipality,40170,Riaza,Castilla y León,Segovia,2128,http://www.riaza.es/,wikidata_P856,1,
INE26126,municipality,26126,Robres del Castillo,"Rioja, La","Rioja, La",21,http://www.robresdelcastillo.org/,wikidata_P856,1,
INE28057,municipality,28057,Fresno de Torote,"Madrid, Comunidad de",Madrid,2561,https://fresnodetorote.es/,wikidata_P856,1,
INE45012,municipality,45012,Almonacid de Toledo,Castilla-La Mancha,Toledo,991,http://www.almonaciddetoledo.es/,clm_directorio_entidades_locales,0,
INE13032,municipality,13032,Carrizosa,Castilla-La Mancha,Ciudad Real,1097,http://carrizosa.es/,clm_directorio_entidades_locales,0,
INE04043,municipality,04043,Felix,Andalucía,Almería,771,http://www.felix.es/,wikidata_P856,1,
INE13068,municipality,13068,Puebla de Don Rodrigo,Castilla-La Mancha,Ciudad Real,1148,http://puebladedonrodrigo.es/,clm_directorio_entidades_locales,0,
INE22254,municipality,22254,Zaidín,Aragón,Huesca,1807,http://www.zaidin.es/,wikidata_P856,1,
INE27023,municipality,27023,Guntín,Galicia,Lugo,2501,https://www.guntin.es/,wikidata_P856,1,
INE06018,municipality,06018,Benquerencia de la Serena,Extremadura,Badajoz,771,http://www.benquerenciadelaserena.es/,wikidata_P856,1,
INE15088,municipality,15088,Val do Dubra,Galicia,"Coruña, A",3680,http://valdodubra.gal/,wikidata_P856,1,
INE21029,municipality,21029,Cumbres Mayores,Andalucía,Huelva,1708,http://www.cumbresmayores.es/,wikidata_P856,1,
INE37134,municipality,37134,Fresno Alhándiga,Castilla y León,Salamanca,194,,,0,
INE28021,municipality,28021,"Berrueco, El","Madrid, Comunidad de",Madrid,795,http://www.elberrueco.org/,wikidata_P856,1,
INE41054,municipality,41054,Lora de Estepa,Andalucía,Sevilla,890,http://www.loradeestepa.es/,wikidata_P856,1,
INE47190,municipality,47190,Velilla,Castilla y León,Valladolid,109,,,0,
INE36036,municipality,36036,Oia,Galicia,Pontevedra,3062,http://www.concellodeoia.es/,wikidata_P856,1,
INE28170,municipality,28170,Villaconejos,"Madrid, Comunidad de",Madrid,3569,https://www.ayto-villaconejos.com/,wikidata_P856,1,
INE47144,municipality,47144,San Martín de Valvení,Castilla y León,Valladolid,78,,,0,
INE09362,municipality,09362,Sarracín,Castilla y León,Burgos,261,http://www.sarracin.es/,wikidata_P856,1,
INE27060,municipality,27060,Taboada,Galicia,Lugo,2617,http://www.concellotaboada.es/,wikidata_P856,1,
INE45065,municipality,45065,"Estrella, La",Castilla-La Mancha,Toledo,251,,,0,
INE13022,municipality,13022,Ballesteros de Calatrava,Castilla-La Mancha,Ciudad Real,363,http://www.ballesterosdecalatrava.es/,clm_directorio_entidades_locales,0,
INE34012,municipality,34012,Antigüedad,Castilla y León,Palencia,329,,,0,
INE37211,municipality,37211,Narros de Matalayegua,Castilla y León,Salamanca,187,,,0,
INE05041,municipality,05041,Burgohondo,Castilla y León,Ávila,1269,http://www.burgohondo.es/,wikidata_P856,1,
INE04015,municipality,04015,Alsodux,Andalucía,Almería,126,http://www.alsodux.es/,wikidata_P856,1,
INE29028,municipality,29028,Benaoján,Andalucía,Málaga,1427,http://www.banajoan.net/,wikidata_P856,2,
INE16029,municipality,16029,Barchín del Hoyo,Castilla-La Mancha,Cuenca,104,,,0,
INE34100,municipality,34100,Mantinos,Castilla y León,Palencia,142,http://mantinos.es/,wikidata_P856,1,
INE11002,municipality,11002,Alcalá del Valle,Andalucía,Cádiz,4864,http://www.alcaladelvalle.es/,wikidata_P856,1,
INE09010,municipality,09010,Alcocero de Mola,Castilla y León,Burgos,40,http://www.alcocerodemola.es/,wikidata_P856,1,
INE02084,municipality,02084,Villaverde de Guadalimar,Castilla-La Mancha,Albacete,325,http://www.villaverdedeguadalimar.es/,clm_directorio_entidades_locales,0,
INE37353,municipality,37353,Villalba de los Llanos,Castilla y León,Salamanca,107,,,0,
INE09218,municipality,09218,Milagros,Castilla y León,Burgos,409,http://www.milagros.es/,wikidata_P856,1,
INE22163,municipality,22163,Nueno,Aragón,Huesca,568,http://www.nueno.es/,wikidata_P856,1,
INE40105,municipality,40105,Juarros de Riomoros,Castilla y León,Segovia,53,http://www.juarrosderiomoros.es/,wikidata_P856,1,
INE37309,municipality,37309,"Sierpe, La",Castilla y León,Salamanca,41,http://www.lasierpe.es/,wikidata_P856,1,
INE05080,municipality,05080,Gallegos de Sobrinos,Castilla y León,Ávila,42,http://www.gallegosdesobrinos.es/,wikidata_P856,1,
INE31190,municipality,31190,Olejua,"Navarra, Comunidad Foral de",Navarra,49,,,0,
INE02021,municipality,02021,Casas de Juan Núñez,Castilla-La Mancha,Albacete,1409,http://www.casasdejuannuñez.es/,clm_directorio_entidades_locales,0,
INE46046,municipality,46046,Barx,Comunitat Valenciana,València/Valencia,1501,http://www.barx.es/,wikidata_P856,1,
INE37228,municipality,37228,Palaciosrubios,Castilla y León,Salamanca,283,http://aytopalaciosrubios.es/,wikidata_P856,1,
INE49130,municipality,49130,Morales de Valverde,Castilla y León,Zamora,156,,,0,
INE50197,municipality,50197,Orés,Aragón,Zaragoza,72,,,0,
INE05118,municipality,05118,Mancera de Arriba,Castilla y León,Ávila,66,http://www.manceradearriba.es/,wikidata_P856,1,
INE12039,municipality,12039,Castellnovo,Comunitat Valenciana,Castelló/Castellón,912,http://www.castellnovo.es/ca,wikidata_P856,1,
INE19332,municipality,19332,"Yunta, La",Castilla-La Mancha,Guadalajara,86,http://www.layunta.es/,clm_directorio_entidades_locales,0,
INE45169,municipality,45169,Torralba de Oropesa,Castilla-La Mancha,Toledo,186,http://www.torralbadeoropesa.org/,clm_directorio_entidades_locales,0,
INE22129,municipality,22129,Isábena,Aragón,Huesca,234,http://www.isabena.es/,wikidata_P856,1,
INE46098,municipality,46098,Corbera,Comunitat Valenciana,València/Valencia,3266,http://www.corbera.es/,wikidata_P856,1,
INE46148,municipality,46148,Loriguilla,Comunitat Valenciana,València/Valencia,2188,http://www.loriguilla.es/,wikidata_P856,1,
INE05180,municipality,05180,"Parral, El",Castilla y León,Ávila,64,http://www.elparral.es/,wikidata_P856,1,
INE13017,municipality,13017,Anchuras,Castilla-La Mancha,Ciudad Real,267,http://anchuras.dipucr.es/,clm_directorio_entidades_locales,0,
INE16255,municipality,16255,Villar de la Encina,Castilla-La Mancha,Cuenca,146,,,0,
INE22190,municipality,22190,"Pueyo de Araguás, El",Aragón,Huesca,180,http://www.elpueyodearaguas.es/,wikidata_P856,1,
INE19265,municipality,19265,Tartanedo,Castilla-La Mancha,Guadalajara,143,,,0,
INE15010,municipality,15010,Boimorto,Galicia,"Coruña, A",1803,http://www.concellodeboimorto.es/,wikidata_P856,1,
INE04011,municipality,04011,Alhama de Almería,Andalucía,Almería,3975,http://www.alhamadealmeria.es/,wikidata_P856,1,
INE08261,municipality,08261,Santa Susanna,Cataluña,Barcelona,4099,https://www.stasusanna.cat/,wikidata_P856,1,
INE09360,municipality,09360,San Vicente del Valle,Castilla y León,Burgos,26,http://www.sanvicentedelvalle.burgos.es/,wikidata_P856,1,
INE24160,municipality,24160,Santas Martas,Castilla y León,León,763,http://www.aytosantasmartas.es/,wikidata_P856,1,
INE50020,municipality,50020,Alhama de Aragón,Aragón,Zaragoza,917,http://www.alhamadearagon.es/,wikidata_P856,1,
INE46167,municipality,46167,Millares,Comunitat Valenciana,València/Valencia,321,http://www.ayuntamientomillares.es/,wikidata_P856,1,
INE24176,municipality,24176,Valdefuentes del Páramo,Castilla y León,León,304,http://www.valdefuentesdelparamo.com/,wikidata_P856,1,
INE09170,municipality,09170,Hoyales de Roa,Castilla y León,Burgos,208,http://www.hoyalesderoa.es/,wikidata_P856,1,
INE05142,municipality,05142,Muñosancho,Castilla y León,Ávila,87,http://www.munosancho.es/,wikidata_P856,1,
INE36029,municipality,36029,Moaña,Galicia,Pontevedra,19320,http://www.concellodemoana.org/,wikidata_P856,1,
INE47187,municipality,47187,Vega de Ruiponce,Castilla y León,Valladolid,81,,,0,
INE40162,municipality,40162,Prádena,Castilla y León,Segovia,473,http://www.pradena.es/,wikidata_P856,1,
INE39078,municipality,39078,Santiurde de Toranzo,Cantabria,Cantabria,1726,http://www.ayto-santiurde.com/,wikidata_P856,1,
INE28097,municipality,28097,Navarredonda y San Mamés,"Madrid, Comunidad de",Madrid,163,https://navarredondaysanmames.org/,wikidata_P856,1,
INE13030,municipality,13030,Caracuel de Calatrava,Castilla-La Mancha,Ciudad Real,140,http://www.caracueldecalatrava.com/,wikidata_P856,1,
INE16236,municipality,16236,Valverde de Júcar,Castilla-La Mancha,Cuenca,1118,http://www.valverdedejucar.net/,clm_directorio_entidades_locales,0,
INE16169,municipality,16169,"Pozuelo, El",Castilla-La Mancha,Cuenca,47,,,0,
INE44076,municipality,44076,Cella,Aragón,Teruel,2702,http://www.cella.es/,wikidata_P856,1,
INE10156,municipality,10156,Robledillo de Gata,Extremadura,Cáceres,91,,,0,
INE37150,municipality,37150,Gejuelo del Barro,Castilla y León,Salamanca,31,,,0,
INE23028,municipality,23028,Cazorla,Andalucía,Jaén,6930,http://www.cazorla.es/,wikidata_P856,1,
INE06078,municipality,06078,Malpartida de la Serena,Extremadura,Badajoz,508,http://www.malpartidadelaserena.es/,wikidata_P856,1,
INE49148,municipality,49148,Peleas de Abajo,Castilla y León,Zamora,248,http://www.actiweb.one/peleasdeabajo/,wikidata_P856,1,
INE19222,municipality,19222,"Pobo de Dueñas, El",Castilla-La Mancha,Guadalajara,102,http://elpobodeduenas.es/,wikidata_P856,1,
INE42196,municipality,42196,Valdeprado,Castilla y León,Soria,8,http://www.valdeprado.es/,wikidata_P856,1,
INE09372,municipality,09372,Sotragero,Castilla y León,Burgos,300,,,0,
INE10209,municipality,10209,Villamesías,Extremadura,Cáceres,271,http://www.villamesias.es/,wikidata_P856,1,
INE12069,municipality,12069,Higueras,Comunitat Valenciana,Castelló/Castellón,54,http://www.higueras.es/,wikidata_P856,1,
INE44047,municipality,44047,Burbáguena,Aragón,Teruel,396,http://www.burbaguena.es/,wikidata_P856,1,
INE18133,municipality,18133,Molvízar,Andalucía,Granada,2689,https://www.molvizar.es/,wikidata_P856,1,
INE24002,municipality,24002,Algadefe,Castilla y León,León,312,http://www.aytoalgadefe.es/,wikidata_P856,1,
INE37301,municipality,37301,Sardón de los Frailes,Castilla y León,Salamanca,98,http://www.sardondelosfrailes.es/,wikidata_P856,1,
INE18137,municipality,18137,Montillana,Andalucía,Granada,1054,http://www.montillana.es/,wikidata_P856,1,
INE47037,municipality,47037,Castrejón de Trabancos,Castilla y León,Valladolid,171,,,0,
INE44229,municipality,44229,Torres de Albarracín,Aragón,Teruel,187,http://www.torresdealbarracin.es/,wikidata_P856,1,
INE46016,municipality,46016,Alcàntera de Xúquer,Comunitat Valenciana,València/Valencia,1468,http://www.alcanteradexuquer.es/,wikidata_P856,1,
INE34116,municipality,34116,Osornillo,Castilla y León,Palencia,57,http://osornillo.dip-palencia.es/,wikidata_P856,1,
INE32085,municipality,32085,Verín,Galicia,Ourense,13956,https://www.verin.gal/,wikidata_P856,1,
INE44239,municipality,44239,Valacloche,Aragón,Teruel,33,,,0,
INE26010,municipality,26010,Alesón,"Rioja, La","Rioja, La",92,http://www.aleson.es/,wikidata_P856,1,
INE15052,municipality,15052,Muxía,Galicia,"Coruña, A",4326,http://www.concellomuxia.com/,wikidata_P856,1,
INE34196,municipality,34196,Valle de Cerrato,Castilla y León,Palencia,77,,,0,
INE49043,municipality,49043,Castroverde de Campos,Castilla y León,Zamora,240,,,0,
INE49267,municipality,49267,Villardondiego,Castilla y León,Zamora,110,,,0,
INE47143,municipality,47143,San Llorente,Castilla y León,Valladolid,93,,,0,
INE09243,municipality,09243,Padilla de Arriba,Castilla y León,Burgos,86,http://www.padilladearriba.es/,wikidata_P856,1,
INE15043,municipality,15043,Malpica de Bergantiños,Galicia,"Coruña, A",5232,http://www.concellomalpica.com/,wikidata_P856,1,
INE21068,municipality,21068,Santa Bárbara de Casa,Andalucía,Huelva,1144,http://www.santabarbaradecasa.es/,wikidata_P856,1,
INE50277,municipality,50277,Valtorres,Aragón,Zaragoza,65,https://www.aytovaltorres.es/,wikidata_P856,1,
INE37186,municipality,37186,"Mata de Ledesma, La",Castilla y León,Salamanca,98,,,0,
INE45182,municipality,45182,"Ventas con Peña Aguilera, Las",Castilla-La Mancha,Toledo,1090,https://ventaspa.com/,wikidata_P856,1,
INE34045,municipality,34045,Capillas,Castilla y León,Palencia,68,http://capillas.es/,wikidata_P856,1,
INE20078,municipality,20078,Zaldibia,País Vasco,Gipuzkoa,1761,https://zaldibia.eus/,wikidata_P856,1,
INE19086,municipality,19086,Cifuentes,Castilla-La Mancha,Guadalajara,1731,http://www.acifuentes.com/,clm_directorio_entidades_locales,0,
INE05259,municipality,05259,Villanueva del Aceral,Castilla y León,Ávila,86,http://www.villanuevadelaceral.es/,wikidata_P856,1,
INE03059,municipality,03059,Crevillent,Comunitat Valenciana,Alacant/Alicante,30921,http://www.crevillent.es/,wikidata_P856,1,
INE06145,municipality,06145,Valverde de Mérida,Extremadura,Badajoz,1002,http://www.valverdedemerida.es/,wikidata_P856,1,
INE22186,municipality,22186,Pozán de Vero,Aragón,Huesca,228,http://www.pozandevero.com/,wikidata_P856,1,
INE19288,municipality,19288,Tortuero,Castilla-La Mancha,Guadalajara,19,,,0,
INE40138,municipality,40138,Nava de la Asunción,Castilla y León,Segovia,2806,http://www.navadelaasuncion.org/,wikidata_P856,1,
INE47214,municipality,47214,Villalón de Campos,Castilla y León,Valladolid,1473,http://www.villalondigital.com/,wikidata_P856,1,
INE09454,municipality,09454,Villanueva de Teba,Castilla y León,Burgos,43,http://www.villanuevadeteba.es/,wikidata_P856,1,
INE05078,municipality,05078,Fuentes de Año,Castilla y León,Ávila,90,http://www.fuentesdeano.es/,wikidata_P856,1,
INE25139,municipality,25139,Montellà i Martinet,Cataluña,Lleida,598,http://montellamartinet.ddl.net/,wikidata_P856,1,
INE16142,municipality,16142,Olmedilla de Alarcón,Castilla-La Mancha,Cuenca,128,http://olmedilladealarcon.com/,clm_directorio_entidades_locales,0,
INE19258,municipality,19258,Solanillos del Extremo,Castilla-La Mancha,Guadalajara,72,http://www.aytosolanillos.es/,clm_directorio_entidades_locales,0,
INE43907,municipality,43907,"Canonja, La",Cataluña,Tarragona,6001,http://www.lacanonja.cat/,wikidata_P856,1,
INE06037,municipality,06037,"Codosera, La",Extremadura,Badajoz,1983,http://www.lacodosera.es/,wikidata_P856,1,
INE26136,municipality,26136,Santa Eulalia Bajera,"Rioja, La","Rioja, La",112,http://www.santaeulaliabajera.org/,wikidata_P856,1,
INE05226,municipality,05226,Santa María de los Caballeros,Castilla y León,Ávila,53,http://www.santamariadeloscaballeros.com/,wikidata_P856,1,
INE28166,municipality,28166,Valverde de Alcalá,"Madrid, Comunidad de",Madrid,565,http://www.valverdedealcala.es/,wikidata_P856,1,
INE19167,municipality,19167,Malaguilla,Castilla-La Mancha,Guadalajara,218,,,0,
INE44097,municipality,44097,Escorihuela,Aragón,Teruel,130,http://escorihuela.ar.vg/,wikidata_P856,1,
INE50075,municipality,50075,Castejón de Alarba,Aragón,Zaragoza,75,,,0,
INE10071,municipality,10071,Descargamaría,Extremadura,Cáceres,105,http://www.descargamaria.es/,wikidata_P856,1,
INE49234,municipality,49234,Venialbo,Castilla y León,Zamora,439,http://www.venialbo.es/,wikidata_P856,1,
INE26109,municipality,26109,Ochánduri,"Rioja, La","Rioja, La",78,,,0,
INE09056,municipality,09056,Briviesca,Castilla y León,Burgos,6728,https://www.briviesca.es/,wikidata_P856,1,
INE34217,municipality,34217,Villalobón,Castilla y León,Palencia,1955,http://villalobon.dip-palencia.es/,wikidata_P856,1,
INE44008,municipality,44008,Albalate del Arzobispo,Aragón,Teruel,1936,http://www.albalatedelarzobispo.com/,wikidata_P856,1,
INE19173,municipality,19173,Matarrubia,Castilla-La Mancha,Guadalajara,99,,,0,
INE40223,municipality,40223,Vegas de Matute,Castilla y León,Segovia,370,http://www.vegasdematute.es/,wikidata_P856,1,
INE47119,municipality,47119,Piñel de Arriba,Castilla y León,Valladolid,81,,,0,
INE49183,municipality,49183,Salce,Castilla y León,Zamora,83,,,0,
INE10177,municipality,10177,Sierra de Fuentes,Extremadura,Cáceres,2081,,,0,
INE49224,municipality,49224,Trefacio,Castilla y León,Zamora,163,,,0,
INE05178,municipality,05178,Palacios de Goda,Castilla y León,Ávila,396,http://www.palaciosdegoda.es/,wikidata_P856,1,
INE03111,municipality,03111,Redován,Comunitat Valenciana,Alacant/Alicante,8283,http://www.redovan.es/,wikidata_P856,1,
INE42167,municipality,42167,Santa María de Huerta,Castilla y León,Soria,239,,,0,
INE45148,municipality,45148,Robledo del Mazo,Castilla-La Mancha,Toledo,249,http://valledelgevalo.es/,clm_directorio_entidades_locales,0,
INE12076,municipality,12076,Matet,Comunitat Valenciana,Castelló/Castellón,94,http://www.matet.es/,wikidata_P856,1,
INE23903,municipality,23903,Villatorres,Andalucía,Jaén,4259,https://www.villatorres.es/,wikidata_P856,1,
INE19210,municipality,19210,Paredes de Sigüenza,Castilla-La Mancha,Guadalajara,21,,,0,
INE46041,municipality,46041,Aras de los Olmos,Comunitat Valenciana,València/Valencia,401,http://www.arasdelosolmos.es/,wikidata_P856,1,
INE45010,municipality,45010,Aldeanueva de San Bartolomé,Castilla-La Mancha,Toledo,404,http://www.aldeanovita.es/,clm_directorio_entidades_locales,0,
INE15083,municipality,15083,Toques,Galicia,"Coruña, A",1056,https://toques.gal/,wikidata_P856,1,
INE34011,municipality,34011,Amusco,Castilla y León,Palencia,417,http://www.amusco.es/,wikidata_P856,1,
INE18127,municipality,18127,Maracena,Andalucía,Granada,22294,http://www.maracena.es/,wikidata_P856,1,
INE40233,municipality,40233,Zarzuela del Monte,Castilla y León,Segovia,507,https://www.zarzueladelmonte.es/,wikidata_P856,1,
INE06024,municipality,06024,Cabeza la Vaca,Extremadura,Badajoz,1257,http://www.cabezalavaca.es/,wikidata_P856,1,
INE09356,municipality,09356,Santibáñez del Val,Castilla y León,Burgos,64,http://www.santibañezdelval.es/,wikidata_P856,1,
INE27902,municipality,27902,Burela,Galicia,Lugo,9630,http://www.burela.org/,wikidata_P856,1,
INE06119,municipality,06119,San Pedro de Mérida,Extremadura,Badajoz,859,http://www.sanpedrodemerida.es/,wikidata_P856,1,
INE02020,municipality,02020,Carcelén,Castilla-La Mancha,Albacete,483,http://www.carcelen.es/,clm_directorio_entidades_locales,0,
INE16264,municipality,16264,Villarejo de Fuentes,Castilla-La Mancha,Cuenca,387,https://villarejodefuentes.sedelectronica.es/,clm_directorio_entidades_locales,0,
INE50148,municipality,50148,Luesia,Aragón,Zaragoza,332,http://www.luesia.es/,wikidata_P856,1,
INE46195,municipality,46195,Piles,Comunitat Valenciana,València/Valencia,3151,http://www.piles.es/,wikidata_P856,1,
INE05172,municipality,05172,Niharra,Castilla y León,Ávila,167,http://niharra.iespana.es/,wikidata_P856,1,
INE15092,municipality,15092,Vimianzo,Galicia,"Coruña, A",6768,https://www.vimianzo.gal/,wikidata_P856,1,
INE05230,municipality,05230,Santo Tomé de Zabarcos,Castilla y León,Ávila,70,http://www.santotomedezabarcos.es/,wikidata_P856,1,
INE03139,municipality,03139,"Vila Joiosa, la/Villajoyosa",Comunitat Valenciana,Alacant/Alicante,37449,http://www.villajoyosa.com/,wikidata_P856,1,
INE09411,municipality,09411,Valle de Oca,Castilla y León,Burgos,160,,,0,
INE37312,municipality,37312,Sorihuela,Castilla y León,Salamanca,255,,,0,
INE19181,municipality,19181,Miedes de Atienza,Castilla-La Mancha,Guadalajara,60,,,0,
INE45016,municipality,45016,Argés,Castilla-La Mancha,Toledo,7178,https://arges.sedelectronica.es/,clm_directorio_entidades_locales,0,
INE47161,municipality,47161,Simancas,Castilla y León,Valladolid,5533,http://www.aytosimancas.es/,wikidata_P856,1,
INE06012,municipality,06012,Arroyo de San Serván,Extremadura,Badajoz,4001,http://www.arroyodesanservan.es/,wikidata_P856,1,
INE40044,municipality,40044,Carrascal del Río,Castilla y León,Segovia,143,http://www.carrascaldelrio.es/,wikidata_P856,1,
INE24227,municipality,24227,Villaturiel,Castilla y León,León,1818,http://www.villaturiel.com/,wikidata_P856,1,
INE20012,municipality,20012,Arama,País Vasco,Gipuzkoa,173,http://www.arama.eus/,wikidata_P856,1,
INE12067,municipality,12067,Geldo,Comunitat Valenciana,Castelló/Castellón,665,http://www.geldo.es/,wikidata_P856,1,
INE50138,municipality,50138,Lechón,Aragón,Zaragoza,39,,,0,
INE22187,municipality,22187,"Puebla de Castro, La",Aragón,Huesca,430,http://www.lapuebladecastro.com/,wikidata_P856,1,
INE09280,municipality,09280,Quintanabureba,Castilla y León,Burgos,29,https://www.quintanabureba.es/,wikidata_P856,1,
INE24114,municipality,24114,"Pola de Gordón, La",Castilla y León,León,2833,http://www.ayto-lapoladegordon.es/,wikidata_P856,1,
INE34067,municipality,34067,Dehesa de Montejo,Castilla y León,Palencia,130,http://dehesademontejo.dip-palencia.es/,wikidata_P856,1,
INE41066,municipality,41066,"Navas de la Concepción, Las",Andalucía,Sevilla,1501,http://www.lasnavasdelaconcepcion.es/,wikidata_P856,1,
INE28099,municipality,28099,Navas del Rey,"Madrid, Comunidad de",Madrid,3420,https://navasdelrey.es/,wikidata_P856,1,
INE24158,municipality,24158,Santa María de Ordás,Castilla y León,León,327,http://www.aytosantamariadeordas.es/,wikidata_P856,1,
INE29093,municipality,29093,Valle de Abdalajís,Andalucía,Málaga,2439,https://www.valledeabdalajis.es/,wikidata_P856,1,
INE37166,municipality,37166,Ituero de Azaba,Castilla y León,Salamanca,189,,,0,
INE06154,municipality,06154,Villanueva del Fresno,Extremadura,Badajoz,3247,http://www.villanuevadelfresno.es/,wikidata_P856,1,
INE44268,municipality,44268,"Zoma, La",Aragón,Teruel,28,,,0,
INE26138,municipality,26138,Santo Domingo de la Calzada,"Rioja, La","Rioja, La",6441,http://www.santodomingodelacalzada.org/,wikidata_P856,1,
INE18178,municipality,18178,Torre-Cardela,Andalucía,Granada,700,http://www.torre-cardela.es/,wikidata_P856,1,
INE42010,municipality,42010,Aldealices,Castilla y León,Soria,22,http://www.aldealices.es/,wikidata_P856,1,
INE06045,municipality,06045,Entrín Bajo,Extremadura,Badajoz,548,http://www.entrinbajo.es/,wikidata_P856,1,
INE09478,municipality,09478,Vizcaínos,Castilla y León,Burgos,41,,,0,
INE50227,municipality,50227,Romanos,Aragón,Zaragoza,140,,,0,
INE15015,municipality,15015,Cabanas,Galicia,"Coruña, A",3287,http://cabanas.gal/,wikidata_P856,1,
INE42051,municipality,42051,Carabantes,Castilla y León,Soria,21,http://www.carabantes.es/,wikidata_P856,1,
INE26081,municipality,26081,Jalón de Cameros,"Rioja, La","Rioja, La",23,http://www.jalondecameros.org/,wikidata_P856,1,
INE09074,municipality,09074,Cardeñajimeno,Castilla y León,Burgos,1185,http://www.cardeñajimeno.es/,wikidata_P856,1,
INE32049,municipality,32049,Montederramo,Galicia,Ourense,660,,,0,
INE15024,municipality,15024,Cerceda,Galicia,"Coruña, A",5116,http://www.cerceda.es/,wikidata_P856,1,
INE09067,municipality,09067,Canicosa de la Sierra,Castilla y León,Burgos,410,http://www.canicosa.es/,wikidata_P856,1,
INE34114,municipality,34114,Olmos de Ojeda,Castilla y León,Palencia,166,http://olmosdeojeda.dip-palencia.es/,wikidata_P856,1,
INE37090,municipality,37090,"Casas del Conde, Las",Castilla y León,Salamanca,63,,,0,
INE37061,municipality,37061,"Cabaco, El",Castilla y León,Salamanca,227,https://www.el-cabaco.com/,wikidata_P856,1,
INE47039,municipality,47039,Castrillo-Tejeriego,Castilla y León,Valladolid,157,,,0,
INE32081,municipality,32081,Toén,Galicia,Ourense,2327,http://toen.gal/,wikidata_P856,1,
INE37195,municipality,37195,Molinillo,Castilla y León,Salamanca,43,,,0,
INE09351,municipality,09351,Santa María del Invierno,Castilla y León,Burgos,70,http://www.santamariadelinvierno.es/,wikidata_P856,1,
INE44051,municipality,44051,Calanda,Aragón,Teruel,3745,http://www.calanda.es/,wikidata_P856,1,
INE10015,municipality,10015,Aldeanueva del Camino,Extremadura,Cáceres,696,http://www.aldeanuevadelcamino.es/,wikidata_P856,1,
INE15042,municipality,15042,Lousame,Galicia,"Coruña, A",3056,http://www.concellodelousame.com/,wikidata_P856,1,
INE04024,municipality,04024,Benahadux,Andalucía,Almería,4901,http://www.benahadux.es/,wikidata_P856,1,
INE22001,municipality,22001,Abiego,Aragón,Huesca,259,http://www.abiego.es/,wikidata_P856,1,
INE46207,municipality,46207,Rafelbunyol,Comunitat Valenciana,València/Valencia,9974,http://www.rafelbunyol.es/,wikidata_P856,1,
INE44043,municipality,44043,Blesa,Aragón,Teruel,74,,,0,
INE15032,municipality,15032,Curtis,Galicia,"Coruña, A",4242,http://www.curtis.gal/,wikidata_P856,1,
INE45069,municipality,45069,Gerindote,Castilla-La Mancha,Toledo,2828,https://www.ayuntamientodegerindote.com/,clm_directorio_entidades_locales,0,
INE43901,municipality,43901,Deltebre,Cataluña,Tarragona,12041,https://deltebre.cat/,wikidata_P856,1,
INE44018,municipality,44018,Almohaja,Aragón,Teruel,10,,,0,
INE29053,municipality,29053,Frigiliana,Andalucía,Málaga,3383,http://www.frigiliana.es/,wikidata_P856,1,
INE40041,municipality,40041,Cantimpalos,Castilla y León,Segovia,1533,http://www.cantimpalos.es/,wikidata_P856,1,
INE44041,municipality,44041,Bezas,Aragón,Teruel,73,http://www.bezas.es/,wikidata_P856,1,
INE22076,municipality,22076,Canal de Berdún,Aragón,Huesca,322,http://www.canaldeberdun.es/,wikidata_P856,1,
INE09108,municipality,09108,Cogollos,Castilla y León,Burgos,687,http://www.cogollos.es/,wikidata_P856,1,
INE05072,municipality,05072,Espinosa de los Caballeros,Castilla y León,Ávila,104,http://www.espinosadeloscaballeros.es/,wikidata_P856,1,
INE37217,municipality,37217,Navalmoral de Béjar,Castilla y León,Salamanca,57,,,0,
INE32064,municipality,32064,Pontedeva,Galicia,Ourense,458,,,0,
INE07034,municipality,07034,Mancor de la Vall,"Balears, Illes",Illes Balears,1692,http://www.ajmancordelavall.net/,wikidata_P856,1,
INE16085,municipality,16085,"Frontera, La",Castilla-La Mancha,Cuenca,155,http://lafrontera.sedelectronica.es/,clm_directorio_entidades_locales,0,
INE22189,municipality,22189,Puértolas,Aragón,Huesca,217,http://www.vallepuertolas.es/,wikidata_P856,1,
INE46030,municipality,46030,Algímia d'Alfara,Comunitat Valenciana,València/Valencia,1115,http://www.algimiadealfara.es/,wikidata_P856,1,
INE05105,municipality,05105,Hoyos del Espino,Castilla y León,Ávila,350,https://ayuntamientohoyosdelespino.es/,wikidata_P856,1,
INE25113,municipality,25113,Ivars d'Urgell,Cataluña,Lleida,1578,http://ivarsurgell.ddl.net/,wikidata_P856,1,
INE47154,municipality,47154,Santibáñez de Valcorba,Castilla y León,Valladolid,195,,,0,
INE23039,municipality,23039,Guarromán,Andalucía,Jaén,2703,http://www.guarroman.es/,wikidata_P856,1,
INE41020,municipality,41020,"Cabezas de San Juan, Las",Andalucía,Sevilla,16388,http://www.lascabezasdesanjuan.es/,wikidata_P856,1,
INE34182,municipality,34182,Torquemada,Castilla y León,Palencia,964,,,0,
INE09321,municipality,09321,Roa,Castilla y León,Burgos,2276,http://www.ayuntamientoderoa.com/,wikidata_P856,1,
INE26015,municipality,26015,Arenzana de Abajo,"Rioja, La","Rioja, La",257,,,0,
INE06104,municipality,06104,Puebla de la Reina,Extremadura,Badajoz,689,http://www.puebladelareina.es/,wikidata_P856,1,
INE24163,municipality,24163,Sariegos,Castilla y León,León,5456,http://www.sariegos.es/,wikidata_P856,1,
INE16140,municipality,16140,Olmeda de la Cuesta,Castilla-La Mancha,Cuenca,16,http://www.olmedadelacuesta.com/,wikidata_P856,1,
INE09133,municipality,09133,Fresno de Rodilla,Castilla y León,Burgos,49,http://www.fresnoderodilla.es/,wikidata_P856,1,
INE08231,municipality,08231,Sant Pere de Ribes,Cataluña,Barcelona,32705,https://www.santperederibes.cat/,wikidata_P856,1,
INE23029,municipality,23029,Chiclana de Segura,Andalucía,Jaén,859,https://chiclanadesegura.es/,wikidata_P856,1,
INE09179,municipality,09179,Iglesiarrubia,Castilla y León,Burgos,45,http://www.iglesiarrubia.es/,wikidata_P856,1,
INE09038,municipality,09038,Barbadillo del Mercado,Castilla y León,Burgos,134,http://www.barbadillodelmercado.es/,wikidata_P856,1,
INE46140,municipality,46140,Guardamar de la Safor,Comunitat Valenciana,València/Valencia,622,https://www.guardamardelasafor.org/,wikidata_P856,1,
INE40055,municipality,40055,Cilleruelo de San Mamés,Castilla y León,Segovia,41,https://www.cilleruelodesanmames.es/,wikidata_P856,1,
INE32045,municipality,32045,Maside,Galicia,Ourense,2768,http://www.concellodemaside.gal/,wikidata_P856,1,
INE09428,municipality,09428,Villaescusa de Roa,Castilla y León,Burgos,95,http://www.villaescusaderoa.es/,wikidata_P856,1,
INE29022,municipality,29022,Benadalid,Andalucía,Málaga,226,http://www.benadalid.es/,wikidata_P856,1,
INE50048,municipality,50048,Berrueco,Aragón,Zaragoza,32,,,0,
INE24118,municipality,24118,Prado de la Guzpeña,Castilla y León,León,108,http://www.aytopradodelaguzpena.es/,wikidata_P856,1,
INE27901,municipality,27901,Baralla,Galicia,Lugo,2396,http://www.concellobaralla.es/,wikidata_P856,1,
INE47009,municipality,47009,Amusquillo,Castilla y León,Valladolid,95,,,0,
INE46019,municipality,46019,"Alcúdia, l'",Comunitat Valenciana,València/Valencia,12587,http://www.lalcudia.com/,wikidata_P856,1,
INE26101,municipality,26101,Muro en Cameros,"Rioja, La","Rioja, La",40,http://www.muroencameros.org/,wikidata_P856,1,
INE40213,municipality,40213,Valdevacas y Guijar,Castilla y León,Segovia,83,http://www.valdevacasyguijar.es/,wikidata_P856,1,
INE42092,municipality,42092,Fuentes de Magaña,Castilla y León,Soria,47,http://www.fuentesdemagana.com/,wikidata_P856,1,
INE22253,municipality,22253,Yésero,Aragón,Huesca,60,,,0,
INE24115,municipality,24115,Ponferrada,Castilla y León,León,63186,http://www.ponferrada.org/,wikidata_P856,1,
INE25177,municipality,25177,Preixens,Cataluña,Lleida,399,http://www.preixens.cat/,wikidata_P856,1,
INE44125,municipality,44125,Huesa del Común,Aragón,Teruel,55,http://www.huesa.com/,wikidata_P856,1,
INE03005,municipality,03005,Albatera,Comunitat Valenciana,Alacant/Alicante,13566,http://www.albatera.org/,wikidata_P856,1,
INE29072,municipality,29072,Mollina,Andalucía,Málaga,5528,https://www.mollina.es/,wikidata_P856,1,
INE37128,municipality,37128,Espino de la Orbada,Castilla y León,Salamanca,238,http://www.ayuntamientoespinodelaorbada.es/,wikidata_P856,1,
INE44177,municipality,44177,Pancrudo,Aragón,Teruel,118,https://www.pancrudo.com/,wikidata_P856,1,
INE26022,municipality,26022,Azofra,"Rioja, La","Rioja, La",188,http://www.azofra.org/,wikidata_P856,1,
INE46246,municipality,46246,Tous,Comunitat Valenciana,València/Valencia,1354,http://www.ayuntamientotous.es/,wikidata_P856,1,
INE40141,municipality,40141,Navalmanzano,Castilla y León,Segovia,1041,http://www.navalmanzano.es/,wikidata_P856,1,
INE18066,municipality,18066,Deifontes,Andalucía,Granada,2612,http://www.ayuntamientodeifontes.es/,wikidata_P856,1,
INE09132,municipality,09132,Fresno de Río Tirón,Castilla y León,Burgos,156,http://www.fresnoderiotiron.es/,wikidata_P856,1,
INE10110,municipality,10110,Losar de la Vera,Extremadura,Cáceres,2799,https://www.losardelavera.com/,wikidata_P856,1,
INE16071,municipality,16071,Castillo-Albaráñez,Castilla-La Mancha,Cuenca,17,http://castilloalbaranez.sedelectronica.es/,clm_directorio_entidades_locales,0,
INE46031,municipality,46031,Alginet,Comunitat Valenciana,València/Valencia,14844,http://www.alginet.es/,wikidata_P856,1,
INE22242,municipality,22242,Valfarta,Aragón,Huesca,54,http://www.valfarta.es/,wikidata_P856,1,
INE19016,municipality,19016,Algar de Mesa,Castilla-La Mancha,Guadalajara,44,,,0,
INE44016,municipality,44016,Alfambra,Aragón,Teruel,485,http://geo.ya.com/alfambrared/,wikidata_P856,1,
INE24188,municipality,24188,Valencia de Don Juan,Castilla y León,León,5103,https://www.valenciadedonjuan.es/,wikidata_P856,1,
INE19224,municipality,19224,Pozo de Almoguera,Castilla-La Mancha,Guadalajara,110,http://www.pozodealmoguera.com/,wikidata_P856,1,
INE13003,municipality,13003,Alamillo,Castilla-La Mancha,Ciudad Real,450,http://ayuntamientodealamillo.es/,clm_directorio_entidades_locales,0,
INE45049,municipality,45049,Cervera de los Montes,Castilla-La Mancha,Toledo,513,,,0,
INE42177,municipality,42177,Tajueco,Castilla y León,Soria,61,,,0,
INE06036,municipality,06036,Castuera,Extremadura,Badajoz,5457,http://www.castuera.es/,wikidata_P856,1,
INE36014,municipality,36014,Crecente,Galicia,Pontevedra,1921,http://www.crecente.gal/,wikidata_P856,1,
INE05902,municipality,05902,Santa María del Cubillo,Castilla y León,Ávila,308,http://www.santamariadelcubillo.es/,wikidata_P856,1,
INE50034,municipality,50034,Ariza,Aragón,Zaragoza,1096,http://www.ariza.es/,wikidata_P856,1,
INE40129,municipality,40129,Montejo de Arévalo,Castilla y León,Segovia,158,http://www.montejodearevalo.es/,wikidata_P856,1,
INE06109,municipality,06109,Quintana de la Serena,Extremadura,Badajoz,4429,http://www.quintanadelaserena.es/,wikidata_P856,1,
INE24107,municipality,24107,Pajares de los Oteros,Castilla y León,León,245,,,0,
INE19323,municipality,19323,Villaseca de Uceda,Castilla-La Mancha,Guadalajara,59,https://villasecadeuceda.sedelectronica.es/,clm_directorio_entidades_locales,0,
INE10065,municipality,10065,Collado de la Vera,Extremadura,Cáceres,274,,,0,
INE03016,municipality,03016,Almudaina,Comunitat Valenciana,Alacant/Alicante,128,http://www.almudaina.es/,wikidata_P856,1,
INE50276,municipality,50276,Valpalmas,Aragón,Zaragoza,122,,,0,
INE37189,municipality,37189,Membribe de la Sierra,Castilla y León,Salamanca,101,,,0,
INE22162,municipality,22162,Novales,Aragón,Huesca,154,http://www.novales.es/,wikidata_P856,1,
INE23024,municipality,23024,"Carolina, La",Andalucía,Jaén,14677,http://www.lacarolina.es/,wikidata_P856,1,
INE05244,municipality,05244,Tormellas,Castilla y León,Ávila,35,http://www.tormellas.es/,wikidata_P856,1,
INE13090,municipality,13090,Villamanrique,Castilla-La Mancha,Ciudad Real,1050,http://www.villamanrique.net/,wikidata_P856,1,
INE50012,municipality,50012,Alborge,Aragón,Zaragoza,104,http://www.alborge.es/,wikidata_P856,1,
INE47113,municipality,47113,Pedrosa del Rey,Castilla y León,Valladolid,147,,,0,
INE44178,municipality,44178,"Parras de Castellote, Las",Aragón,Teruel,61,,,0,
INE26076,municipality,26076,Hormilleja,"Rioja, La","Rioja, La",153,http://www.hormilleja.org/,wikidata_P856,1,
INE37132,municipality,37132,"Fregeneda, La",Castilla y León,Salamanca,296,http://www.fregeneda.com/,wikidata_P856,1,
INE44207,municipality,44207,San Martín del Río,Aragón,Teruel,135,https://www.sanmartindelrio.es/,wikidata_P856,1,
INE50901,municipality,50901,Biel,Aragón,Zaragoza,166,http://www.biel.es/,wikidata_P856,1,
INE47025,municipality,47025,Brahojos de Medina,Castilla y León,Valladolid,96,,,0,
INE39042,municipality,39042,Medio Cudeyo,Cantabria,Cantabria,7775,http://mediocudeyo.es/,wikidata_P856,1,
INE46050,municipality,46050,Benagéber,Comunitat Valenciana,València/Valencia,176,http://www.benageber.es/,wikidata_P856,1,
INE09391,municipality,09391,Tórtoles de Esgueva,Castilla y León,Burgos,362,,,0,
INE18141,municipality,18141,Murtas,Andalucía,Granada,431,http://www.murtas.es/,wikidata_P856,1,
INE26033,municipality,26033,Briñas,"Rioja, La","Rioja, La",191,http://www.brinas.org/,wikidata_P856,1,
INE24182,municipality,24182,Valderrey,Castilla y León,León,424,http://www.aytovalderrey.es/,wikidata_P856,1,
INE36045,municipality,36045,Redondela,Galicia,Pontevedra,28874,http://www.redondela.gal/,wikidata_P856,1,
INE44042,municipality,44042,Blancas,Aragón,Teruel,132,,,0,
INE42206,municipality,42206,Villanueva de Gormaz,Castilla y León,Soria,6,,,0,
INE04023,municipality,04023,Beires,Andalucía,Almería,140,http://www.beires.es/,wikidata_P856,1,
INE10125,municipality,10125,Monroy,Extremadura,Cáceres,909,,,0,
INE13021,municipality,13021,Arroba de los Montes,Castilla-La Mancha,Ciudad Real,388,http://www.arrobadelosmontes.es/,clm_directorio_entidades_locales,0,
INE05170,municipality,05170,Navatejares,Castilla y León,Ávila,48,http://www.navatejares.es/,wikidata_P856,1,
INE16012,municipality,16012,Alconchel de la Estrella,Castilla-La Mancha,Cuenca,75,http://www.ayto-alconcheldelaestrella.es/,wikidata_P856,1,
INE24100,municipality,24100,Molinaseca,Castilla y León,León,870,http://molinaseca.es/,wikidata_P856,1,
INE42208,municipality,42208,Villar del Campo,Castilla y León,Soria,29,,,0,
INE09242,municipality,09242,Padilla de Abajo,Castilla y León,Burgos,71,http://www.padilladeabajo.es/,wikidata_P856,1,
INE07038,municipality,07038,Montuïri,"Balears, Illes",Illes Balears,3289,http://www.ajmontuiri.net/,wikidata_P856,1,
INE34223,municipality,34223,Villamoronta,Castilla y León,Palencia,236,,,0,
INE47130,municipality,47130,Quintanilla de Trigueros,Castilla y León,Valladolid,100,,,0,
INE29020,municipality,29020,Arriate,Andalucía,Málaga,4049,https://www.arriate.es/,wikidata_P856,1,
INE10212,municipality,10212,Villanueva de la Vera,Extremadura,Cáceres,2108,,,0,
INE26135,municipality,26135,Santa Engracia del Jubera,"Rioja, La","Rioja, La",188,,,0,
INE05260,municipality,05260,Villanueva del Campillo,Castilla y León,Ávila,107,http://www.villanuevadelcampillo.es/,wikidata_P856,1,
INE46189,municipality,46189,"Palomar, el",Comunitat Valenciana,València/Valencia,593,http://www.elpalomar.es/,wikidata_P856,1,
INE40224,municipality,40224,Ventosilla y Tejadilla,Castilla y León,Segovia,17,https://www.ventosillaytejadilla.es/,wikidata_P856,1,
INE18018,municipality,18018,Alquife,Andalucía,Granada,543,http://www.alquife.es/,wikidata_P856,1,
INE37350,municipality,37350,Vilvestre,Castilla y León,Salamanca,374,http://www.vilvestre.es/,wikidata_P856,1,
INE04081,municipality,04081,Santa Fe de Mondújar,Andalucía,Almería,503,http://www.santafedemondujar.es/,wikidata_P856,1,
INE09036,municipality,09036,Bañuelos de Bureba,Castilla y León,Burgos,32,http://www.bañuelosdebureba.es/,wikidata_P856,1,
INE22246,municipality,22246,Beranuy,Aragón,Huesca,68,https://www.beranuy.es/,wikidata_P856,1,
INE37156,municipality,37156,Guijuelo,Castilla y León,Salamanca,5427,http://www.guijuelo.es/,wikidata_P856,1,
INE44150,municipality,44150,Miravete de la Sierra,Aragón,Teruel,31,http://www.elpuebloenelquenuncapasanada.com/,wikidata_P856,1,
INE19284,municipality,19284,Torremochuela,Castilla-La Mancha,Guadalajara,6,,,0,
INE07013,municipality,07013,Campos,"Balears, Illes",Illes Balears,12485,http://www.ajcampos.net/,wikidata_P856,1,
INE10095,municipality,10095,Herreruela,Extremadura,Cáceres,322,http://www.herreruela.es/,wikidata_P856,1,
INE20070,municipality,20070,Segura,País Vasco,Gipuzkoa,1496,https://www.segura.eus/,wikidata_P856,1,
INE19112,municipality,19112,Escopete,Castilla-La Mancha,Guadalajara,80,https://www.escopete.es/,wikidata_P856,1,
INE26104,municipality,26104,Navajún,"Rioja, La","Rioja, La",8,http://www.navajun.org/,wikidata_P856,1,
INE26139,municipality,26139,San Torcuato,"Rioja, La","Rioja, La",62,,,0,
INE34901,municipality,34901,Osorno la Mayor,Castilla y León,Palencia,1180,http://osorno.dip-palencia.es/,wikidata_P856,1,
INE37205,municipality,37205,Morille,Castilla y León,Salamanca,221,https://www.morille.es/,wikidata_P856,1,
INE06160,municipality,06160,Zalamea de la Serena,Extremadura,Badajoz,3371,http://www.zalameadelaserena.es/,wikidata_P856,1,
INE37250,municipality,37250,Pereña de la Ribera,Castilla y León,Salamanca,300,http://perenadelaribera.es/,wikidata_P856,1,
INE46132,municipality,46132,"Genovés,el",Comunitat Valenciana,València/Valencia,2822,http://www.genoves.es/,wikidata_P856,1,
INE42018,municipality,42018,Almaluez,Castilla y León,Soria,113,,,0,
INE05073,municipality,05073,Flores de Ávila,Castilla y León,Ávila,262,http://www.floresdeavila.es/,wikidata_P856,1,
INE19076,municipality,19076,Castellar de la Muela,Castilla-La Mancha,Guadalajara,22,,,0,
INE44004,municipality,44004,Aguaviva,Aragón,Teruel,562,http://www.aiguaivaviva.com/,wikidata_P856,1,
INE41902,municipality,41902,Isla Mayor,Andalucía,Sevilla,5748,http://www.islamayor.es/,wikidata_P856,1,
INE13057,municipality,13057,Montiel,Castilla-La Mancha,Ciudad Real,1167,http://www.ayuntamientodemontiel.es/,clm_directorio_entidades_locales,0,
INE39036,municipality,39036,Liendo,Cantabria,Cantabria,1218,http://www.aytoliendo.com/,wikidata_P856,1,
INE13084,municipality,13084,Torre de Juan Abad,Castilla-La Mancha,Ciudad Real,928,http://www.torredejuanabad.es/,clm_directorio_entidades_locales,0,
INE35004,municipality,35004,Arrecife,Canarias,"Palmas, Las",70811,http://www.arrecife.es/,wikidata_P856,1,
INE46022,municipality,46022,Alfafar,Comunitat Valenciana,València/Valencia,22270,https://www.alfafar.es/val/,wikidata_P856,1,
INE48083,municipality,48083,Ortuella,País Vasco,Bizkaia,8735,http://www.ortuella.biz/,wikidata_P856,1,
INE34902,municipality,34902,Valle del Retortillo,Castilla y León,Palencia,155,,,0,
INE40190,municipality,40190,Santo Domingo de Pirón,Castilla y León,Segovia,51,http://www.santodomingodepiron.es/,wikidata_P856,1,
INE42145,municipality,42145,Quintanas de Gormaz,Castilla y León,Soria,119,,,0,
INE16083,municipality,16083,Fresneda de Altarejos,Castilla-La Mancha,Cuenca,35,,,0,
INE41031,municipality,41031,"Castillo de las Guardas, El",Andalucía,Sevilla,1501,http://www.elcastillodelasguardas.es/,wikidata_P856,1,
INE22182,municipality,22182,Plan,Aragón,Huesca,272,http://www.plan.es/,wikidata_P856,1,
INE22197,municipality,22197,Robres,Aragón,Huesca,524,http://www.robres.es/,wikidata_P856,1,
INE39085,municipality,39085,Suances,Cantabria,Cantabria,9034,http://www.ayuntamientodesuances.com/,wikidata_P856,1,
INE09075,municipality,09075,Cardeñuela Riopico,Castilla y León,Burgos,106,http://www.cardeñuelariopico.es/,wikidata_P856,1,
INE09229,municipality,09229,Nava de Roa,Castilla y León,Burgos,202,http://www.navaderoa.es/,wikidata_P856,1,
INE08017,municipality,08017,Balenyà,Cataluña,Barcelona,4021,http://www.balenya.cat/,wikidata_P856,1,
INE08060,municipality,08060,Castellfollit de Riubregós,Cataluña,Barcelona,153,https://www.riubregos.cat/,wikidata_P856,1,
INE08009,municipality,08009,Argentona,Cataluña,Barcelona,12891,http://www.argentona.cat/,wikidata_P856,1,
INE08099,municipality,08099,Guardiola de Berguedà,Cataluña,Barcelona,964,http://www.guardioladebergueda.cat/,wikidata_P856,1,
INE08163,municipality,08163,Pineda de Mar,Cataluña,Barcelona,30108,https://www.pinedademar.cat/,wikidata_P856,1,
INE43155,municipality,43155,Tortosa,Cataluña,Tarragona,35997,http://www.tortosa.cat/,wikidata_P856,1,
INE20035,municipality,20035,Ezkio-Itsaso,País Vasco,Gipuzkoa,604,http://www.ezkio.eus/,wikidata_P856,3,
INE46037,municipality,46037,"Alqueria de la Comtessa, l'",Comunitat Valenciana,València/Valencia,1547,http://www.lalqueriadelacomtessa.es/,wikidata_P856,1,
INE29096,municipality,29096,Villanueva del Rosario,Andalucía,Málaga,3470,http://www.villanuevadelrosario.com/,wikidata_P856,1,
INE18096,municipality,18096,Huélago,Andalucía,Granada,343,http://www.huelago.es/,wikidata_P856,1,
INE38017,municipality,38017,Granadilla de Abona,Canarias,Santa Cruz de Tenerife,58752,http://www.granadilladeabona.org/,wikidata_P856,1,
INE08010,municipality,08010,Artés,Cataluña,Barcelona,6225,http://www.artes.cat/,wikidata_P856,1,
INE47217,municipality,47217,Villanubla,Castilla y León,Valladolid,2903,http://www.villanubla.es/,wikidata_P856,1,
INE31084,municipality,31084,Etxarri Aranatz,"Navarra, Comunidad Foral de",Navarra,2551,http://www.etxarriaranatz.eus/,wikidata_P856,1,
INE31171,municipality,31171,Miranda de Arga,"Navarra, Comunidad Foral de",Navarra,903,,,0,
INE31201,municipality,31201,Pamplona/Iruña,"Navarra, Comunidad Foral de",Navarra,209094,http://www.pamplona.es/,wikidata_P856,1,
INE41091,municipality,41091,Sevilla,Andalucía,Sevilla,689423,https://www.sevilla.org/,wikidata_P856,1,
INE45168,municipality,45168,Toledo,Castilla-La Mancha,Toledo,87216,http://www.toledo.es/,clm_directorio_entidades_locales,0,
INE28092,municipality,28092,Móstoles,"Madrid, Comunidad de",Madrid,214817,http://www.mostoles.es/,wikidata_P856,1,
INE10023,municipality,10023,Arroyomolinos,Extremadura,Cáceres,816,https://arroyomolinos.es/,wikidata_P856,1,
INE25136,municipality,25136,"Molsosa, La",Cataluña,Lleida,100,http://molsosa.ddl.net/,wikidata_P856,1,
INE35011,municipality,35011,Ingenio,Canarias,"Palmas, Las",32905,http://ingenio.es/,wikidata_P856,1,
INE08179,municipality,08179,Rellinars,Cataluña,Barcelona,926,http://www.rellinars.cat/,wikidata_P856,1,
INE17217,municipality,17217,Viladamat,Cataluña,Girona,500,http://www.viladamat.cat/,wikidata_P856,1,
INE17228,municipality,17228,Vilanant,Cataluña,Girona,406,http://ca.vilanant.cat/,wikidata_P856,1,
INE25234,municipality,25234,Tremp,Cataluña,Lleida,6123,http://www.ajuntamentdetremp.cat/,wikidata_P856,1,
INE46139,municipality,46139,Guadassuar,Comunitat Valenciana,València/Valencia,6039,http://www.guadassuar.es/,wikidata_P856,1,
INE46193,municipality,46193,Picanya,Comunitat Valenciana,València/Valencia,11901,https://www.picanya.org/,wikidata_P856,1,
INE06074,municipality,06074,Llerena,Extremadura,Badajoz,5642,http://www.llerena.org/,wikidata_P856,2,
INE06153,municipality,06153,Villanueva de la Serena,Extremadura,Badajoz,25773,http://www.villanuevadelaserena.es/,wikidata_P856,1,
INE48067,municipality,48067,Muxika,País Vasco,Bizkaia,1546,http://www.muxikakoudala.com/,wikidata_P856,1,
INE26176,municipality,26176,Villaverde de Rioja,"Rioja, La","Rioja, La",65,http://www.villaverdederioja.org/,wikidata_P856,1,
INE03137,municipality,03137,"Vall de Laguar, la",Comunitat Valenciana,Alacant/Alicante,905,http://www.lavalldelaguar.es/,wikidata_P856,1,
INE06064,municipality,06064,Higuera de la Serena,Extremadura,Badajoz,881,http://www.higueradelaserena.es/,wikidata_P856,1,
INE10047,municipality,10047,Carcaboso,Extremadura,Cáceres,1076,http://www.carcaboso.es/,wikidata_P856,1,
INE20010,municipality,20010,Anoeta,País Vasco,Gipuzkoa,2112,https://www.anoeta.eus/,wikidata_P856,1,
INE21004,municipality,21004,Almonaster la Real,Andalucía,Huelva,1759,http://www.almonasterlareal.es/,wikidata_P856,1,
INE44175,municipality,44175,Orrios,Aragón,Teruel,112,,,0,
INE44265,municipality,44265,Vinaceite,Aragón,Teruel,176,http://www.vinaceite.es/,wikidata_P856,1,
INE47131,municipality,47131,Rábano,Castilla y León,Valladolid,169,http://www.rabano.org/,wikidata_P856,1,
INE28090,municipality,28090,Moralzarzal,"Madrid, Comunidad de",Madrid,14772,http://www.moralzarzal.es/,wikidata_P856,1,
INE19225,municipality,19225,Pozo de Guadalajara,Castilla-La Mancha,Guadalajara,1739,http://www.pozodeguadalajara.com/,clm_directorio_entidades_locales,0,
INE20064,municipality,20064,Pasaia,País Vasco,Gipuzkoa,15820,https://www.pasaia.eus/,wikidata_P856,1,
INE17044,municipality,17044,Cassà de la Selva,Cataluña,Girona,11131,http://www.cassa.cat/,wikidata_P856,1,
INE04036,municipality,04036,Chercos,Andalucía,Almería,301,http://www.chercos.es/,wikidata_P856,1,
INE04058,municipality,04058,Líjar,Andalucía,Almería,378,http://www.lijar.es/,wikidata_P856,1,
INE41038,municipality,41038,Dos Hermanas,Andalucía,Sevilla,142519,http://www.doshermanas.es/,wikidata_P856,1,
INE19220,municipality,19220,Pioz,Castilla-La Mancha,Guadalajara,5261,http://www.aytopioz.com/,clm_directorio_entidades_locales,0,
INE34025,municipality,34025,Bárcena de Campos,Castilla y León,Palencia,53,http://www.barcenadecampos.es/,wikidata_P856,1,
INE07011,municipality,07011,Calvià,"Balears, Illes",Illes Balears,53793,http://www.calvia.com/,wikidata_P856,1,
INE19297,municipality,19297,Valdarachas,Castilla-La Mancha,Guadalajara,67,https://valdarachas.sedelectronica.es/,clm_directorio_entidades_locales,0,
INE50142,municipality,50142,Lobera de Onsella,Aragón,Zaragoza,28,http://www.loberadeonsella.es/,wikidata_P856,1,
INE19120,municipality,19120,Fuentelahiguera de Albatages,Castilla-La Mancha,Guadalajara,121,https://fuentelahigueradealbatages.sedelectronica.es/,clm_directorio_entidades_locales,0,
INE43051,municipality,43051,Cunit,Cataluña,Tarragona,16385,https://cunit.cat/,wikidata_P856,1,
INE39095,municipality,39095,Val de San Vicente,Cantabria,Cantabria,2775,https://www.aytovaldesanvicente.es/,wikidata_P856,1,
INE48007,municipality,48007,Munitibar-Arbatzegi Gerrikaitz,País Vasco,Bizkaia,467,,,0,
INE48019,municipality,48019,Berriz,País Vasco,Bizkaia,4533,http://www.berriz.org/ca_index.htm,wikidata_P856,1,
INE48029,municipality,48029,Etxebarri,País Vasco,Bizkaia,12038,http://www.etxebarri.net/,wikidata_P856,1,
INE48034,municipality,48034,Ermua,País Vasco,Bizkaia,15516,http://www.ermua.es/,wikidata_P856,1,
INE48038,municipality,48038,Gamiz-Fika,País Vasco,Bizkaia,1414,,,0,
INE48057,municipality,48057,Lekeitio,País Vasco,Bizkaia,7211,http://www.lekeitio.com/,wikidata_P856,1,
INE48071,municipality,48071,Muskiz,País Vasco,Bizkaia,7465,http://www.muskiz.org/,wikidata_P856,1,
INE48076,municipality,48076,Sukarrieta,País Vasco,Bizkaia,362,http://www.sukarrieta-pedernales.com/,wikidata_P856,1,
INE41087,municipality,41087,Sanlúcar la Mayor,Andalucía,Sevilla,14648,http://www.sanlucarlamayor.es/,wikidata_P856,1,
INE17163,municipality,17163,Sant Gregori,Cataluña,Girona,4191,https://www.santgregori.cat/,wikidata_P856,1,
INE05019,municipality,05019,Ávila,Castilla y León,Ávila,59107,https://www.avila.es/,wikidata_P856,1,
INE05076,municipality,05076,"Fresno, El",Castilla y León,Ávila,579,http://www.elfresno.es/,wikidata_P856,1,
INE06127,municipality,06127,Talarrubias,Extremadura,Badajoz,3251,https://www.talarrubias.info/,wikidata_P856,1,
INE31017,municipality,31017,Anue,"Navarra, Comunidad Foral de",Navarra,501,,,0,
INE41045,municipality,41045,Gerena,Andalucía,Sevilla,7971,http://www.gerena.es/,wikidata_P856,1,
INE08161,municipality,08161,Piera,Cataluña,Barcelona,17880,http://www.viladepiera.cat/,wikidata_P856,1,
INE08276,municipality,08276,Tagamanent,Cataluña,Barcelona,328,https://www.tagamanent.cat/,wikidata_P856,1,
INE08293,municipality,08293,Vallcebre,Cataluña,Barcelona,260,http://www.vallcebre.cat/,wikidata_P856,1,
INE08308,municipality,08308,Viver i Serrateix,Cataluña,Barcelona,178,http://www.viveriserrateix.cat/,wikidata_P856,1,
INE29018,municipality,29018,Ardales,Andalucía,Málaga,2524,http://www.ardales.es/,wikidata_P856,1,
INE11032,municipality,11032,Sanlúcar de Barrameda,Andalucía,Cádiz,70012,http://www.aytosanlucar.org/,wikidata_P856,1,
INE41015,municipality,41015,Benacazón,Andalucía,Sevilla,7363,http://www.benacazon.es/,wikidata_P856,1,
INE04004,municipality,04004,Albanchez,Andalucía,Almería,688,http://www.albanchez.es/,wikidata_P856,1,
INE43148,municipality,43148,Tarragona,Cataluña,Tarragona,143649,https://tarragona.cat/,wikidata_P856,1,
INE21070,municipality,21070,Trigueros,Andalucía,Huelva,8159,http://www.trigueros.es/,wikidata_P856,1,
INE11021,municipality,11021,Jimena de la Frontera,Andalucía,Cádiz,6719,http://www.jimenadelafrontera.es/,wikidata_P856,1,
INE08213,municipality,08213,Sant Fruitós de Bages,Cataluña,Barcelona,9333,https://www.santfruitos.cat/,wikidata_P856,1,
INE25232,municipality,25232,Torres de Segre,Cataluña,Lleida,2317,http://www.torressegre.cat/,wikidata_P856,1,
INE18056,municipality,18056,Cúllar,Andalucía,Granada,3978,http://www.cullar.es/,wikidata_P856,1,
INE15002,municipality,15002,Ames,Galicia,"Coruña, A",33276,https://www.concellodeames.gal/,wikidata_P856,1,
INE18193,municipality,18193,"Zubia, La",Andalucía,Granada,20389,http://www.ayuntamientolazubia.com/,wikidata_P856,1,
INE21011,municipality,21011,Beas,Andalucía,Huelva,4414,http://www.aytobeas.es/,wikidata_P856,1,
INE31227,municipality,31227,Tafalla,"Navarra, Comunidad Foral de",Navarra,10854,http://www.tafalla.es/,wikidata_P856,1,
INE25015,municipality,25015,Algerri,Cataluña,Lleida,424,http://www.ccnoguera.cat/algerri/,wikidata_P856,1,
INE25096,municipality,25096,"Fuliola, La",Cataluña,Lleida,1262,https://fuliola.cat/,wikidata_P856,1,
INE25191,municipality,25191,Sanaüja,Cataluña,Lleida,385,http://sanauja.ddl.net/,wikidata_P856,1,
INE31226,municipality,31226,Sunbilla,"Navarra, Comunidad Foral de",Navarra,672,,,0,
INE33031,municipality,33031,Langreo,"Asturias, Principado de",Asturias,38612,http://www.ayto-langreo.es/,wikidata_P856,1,
INE21006,municipality,21006,Alosno,Andalucía,Huelva,3986,http://www.alosno.es/,wikidata_P856,1,
INE31127,municipality,31127,Irañeta,"Navarra, Comunidad Foral de",Navarra,172,,,0,
INE26091,municipality,26091,Lumbreras de Cameros,"Rioja, La","Rioja, La",144,http://www.aytolumbreras.org/,wikidata_P856,1,
INE17169,municipality,17169,Sant Julià de Ramis,Cataluña,Girona,3715,http://santjuliaderamis.cat/,wikidata_P856,1,
INE25242,municipality,25242,Verdú,Cataluña,Lleida,876,http://www.verdu.cat/,wikidata_P856,1,
INE25902,municipality,25902,Sant Martí de Riucorb,Cataluña,Lleida,668,https://www.santmartiriucorb.cat/,wikidata_P856,1,
INE33013,municipality,33013,Caravia,"Asturias, Principado de",Asturias,486,http://www.caravia.org/,wikidata_P856,1,
INE33050,municipality,33050,Ponga,"Asturias, Principado de",Asturias,576,https://www.ponga.es/,wikidata_P856,1,
INE31062,municipality,31062,Cabanillas,"Navarra, Comunidad Foral de",Navarra,1373,,,0,
INE33001,municipality,33001,Allande,"Asturias, Principado de",Asturias,1506,http://www.allande.org/,wikidata_P856,1,
INE18128,municipality,18128,Marchal,Andalucía,Granada,437,http://www.marchal.es/,wikidata_P856,1,
INE11013,municipality,11013,Castellar de la Frontera,Andalucía,Cádiz,2984,http://www.castellardelafrontera.es/,wikidata_P856,1,
INE38008,municipality,38008,Breña Alta,Canarias,Santa Cruz de Tenerife,7487,http://brenaalta.es/,wikidata_P856,1,
INE38009,municipality,38009,Breña Baja,Canarias,Santa Cruz de Tenerife,6159,https://www.bbaja.es/,wikidata_P856,1,
INE38012,municipality,38012,Fasnia,Canarias,Santa Cruz de Tenerife,3145,http://www.fasnia.com/,wikidata_P856,1,
INE38016,municipality,38016,Garafía,Canarias,Santa Cruz de Tenerife,2015,http://www.garafia.es/,wikidata_P856,1,
INE38044,municipality,38044,"Tanque, El",Canarias,Santa Cruz de Tenerife,2787,http://www.eltanque.es/,wikidata_P856,1,
INE38052,municipality,38052,Vilaflor de Chasna,Canarias,Santa Cruz de Tenerife,1930,http://www.vilaflordechasna.es/,wikidata_P856,1,
INE46065,municipality,46065,Beniparrell,Comunitat Valenciana,València/Valencia,2108,http://www.beniparrell.es/,wikidata_P856,1,
INE46230,municipality,46230,Silla,Comunitat Valenciana,València/Valencia,20482,http://www.silla.es/,wikidata_P856,1,
INE25056,municipality,25056,Bovera,Cataluña,Lleida,244,http://bovera.ddl.net/,wikidata_P856,1,
INE25081,municipality,25081,"Espluga Calba, L'",Cataluña,Lleida,324,https://esplugacalba.ddl.net/,wikidata_P856,1,
INE43159,municipality,43159,Vallfogona de Riucorb,Cataluña,Tarragona,95,http://www.vallfogonaderiucorb.cat/,wikidata_P856,1,
INE07052,municipality,07052,Sant Lluís,"Balears, Illes",Illes Balears,7312,http://www.ajsantlluis.org/,wikidata_P856,1,
INE19326,municipality,19326,Yebes,Castilla-La Mancha,Guadalajara,5637,http://www.aytoyebes.es/,clm_directorio_entidades_locales,0,
INE31172,municipality,31172,Monreal/Elo,"Navarra, Comunidad Foral de",Navarra,511,https://monrealnavarra.es/,wikidata_P856,1,
INE24083,municipality,24083,Igüeña,Castilla y León,León,1012,,,0,
INE35002,municipality,35002,Agüimes,Canarias,"Palmas, Las",33800,https://www.aguimes.es/,wikidata_P856,1,
INE28089,municipality,28089,Moraleja de Enmedio,"Madrid, Comunidad de",Madrid,5580,http://www.ayto-moraleja.es/,wikidata_P856,1,
INE35023,municipality,35023,Santa María de Guía de Gran Canaria,Canarias,"Palmas, Las",14311,,,1,tourism_only
INE41033,municipality,41033,Constantina,Andalucía,Sevilla,5745,http://www.constantina.org/,wikidata_P856,1,
INE43123,municipality,43123,Reus,Cataluña,Tarragona,111601,https://www.reus.cat/,wikidata_P856,1,
INE52001,municipality,52001,Melilla,Ciudad de Melilla,Melilla,85491,https://www.melilla.es/,wikidata_P856,1,
INE31257,municipality,31257,Villatuerta,"Navarra, Comunidad Foral de",Navarra,1256,http://www.villatuerta.org/,wikidata_P856,1,
INE18162,municipality,18162,Polopos,Andalucía,Granada,1682,http://www.polopos.es/,wikidata_P856,1,
INE30027,municipality,30027,Molina de Segura,"Murcia, Región de",Murcia,78458,http://www.molinadesegura.es/,wikidata_P856,1,
INE08296,municipality,08296,Vallromanes,Cataluña,Barcelona,2778,http://www.vallromanes.cat/,wikidata_P856,1,
INE01047,municipality,01047,Ribera Baja/Erriberabeitia,País Vasco,Araba/Álava,1477,http://www.riberabaja.eus/,wikidata_P856,1,
INE20045,municipality,20045,Irun,País Vasco,Gipuzkoa,63835,http://www.irun.org/,wikidata_P856,1,
INE23064,municipality,23064,Noalejo,Andalucía,Jaén,1721,http://www.noalejo.es/,wikidata_P856,1,
INE32005,municipality,32005,Baltar,Galicia,Ourense,849,,,0,
INE36032,municipality,36032,Moraña,Galicia,Pontevedra,4131,http://www.morana.org/concello/inicioconcello.htm,wikidata_P856,1,
INE28050,municipality,28050,Cubas de la Sagra,"Madrid, Comunidad de",Madrid,7238,https://aytocubasdelasagra.es/,wikidata_P856,1,
INE31136,municipality,31136,Juslapeña/Txulapain,"Navarra, Comunidad Foral de",Navarra,562,,,0,
INE04022,municipality,04022,Bédar,Andalucía,Almería,953,http://www.bedar.es/,wikidata_P856,1,
INE31078,municipality,31078,Cortes,"Navarra, Comunidad Foral de",Navarra,3165,http://www.ayuntamientodecortes.com/,wikidata_P856,1,
INE28177,municipality,28177,Villanueva del Pardillo,"Madrid, Comunidad de",Madrid,18466,http://www.vvapardillo.org/,wikidata_P856,1,
INE48051,municipality,48051,Lanestosa,País Vasco,Bizkaia,244,http://www.lanestosa.net/,wikidata_P856,1,
INE11006,municipality,11006,Arcos de la Frontera,Andalucía,Cádiz,31267,http://www.arcosdelafrontera.es/,wikidata_P856,1,
INE11014,municipality,11014,Conil de la Frontera,Andalucía,Cádiz,24102,http://www.enconildelafrontera.es/,wikidata_P856,1,
INE14072,municipality,14072,Villaralto,Andalucía,Córdoba,1059,http://villaralto.es/,wikidata_P856,1,
INE41060,municipality,41060,Marchena,Andalucía,Sevilla,19405,http://www.marchena.es/,wikidata_P856,1,
INE08031,municipality,08031,Calaf,Cataluña,Barcelona,3644,http://www.calaf.cat/,wikidata_P856,1,
INE08113,municipality,08113,Manresa,Cataluña,Barcelona,80974,https://manresa.cat/,wikidata_P856,1,
INE31228,municipality,31228,Tiebas-Muruarte de Reta,"Navarra, Comunidad Foral de",Navarra,693,http://www.tiebas-muruarte.es/,wikidata_P856,1,
INE39049,municipality,39049,Peñarrubia,Cantabria,Cantabria,301,http://www.ayto-penarrubia.org/,wikidata_P856,1,
INE39065,municipality,39065,"Rozas de Valdearroyo, Las",Cantabria,Cantabria,258,http://www.aytolasrozasdevaldearroyo.es/,wikidata_P856,1,
INE39091,municipality,39091,Valdáliga,Cantabria,Cantabria,2135,,,0,
INE12128,municipality,12128,Vilafamés,Comunitat Valenciana,Castelló/Castellón,1962,https://vilafames.org/,wikidata_P856,1,
INE10122,municipality,10122,Millanes,Extremadura,Cáceres,239,,,0,
INE30032,municipality,30032,Pliego,"Murcia, Región de",Murcia,4003,http://www.pliego.org/,wikidata_P856,1,
INE03055,municipality,03055,Catral,Comunitat Valenciana,Alacant/Alicante,9600,http://www.catral.es/,wikidata_P856,1,
INE25190,municipality,25190,Salàs de Pallars,Cataluña,Lleida,365,https://salas.cat/,wikidata_P856,1,
INE27045,municipality,27045,Pedrafita do Cebreiro,Galicia,Lugo,868,http://www.concellopedrafita.es/,wikidata_P856,1,
INE31254,municipality,31254,Villafranca,"Navarra, Comunidad Foral de",Navarra,3163,http://www.villafranca.es/,wikidata_P856,1,
INE39053,municipality,39053,Polaciones,Cantabria,Cantabria,209,,,0,
INE39092,municipality,39092,Valdeolea,Cantabria,Cantabria,869,,,0,
INE43095,municipality,43095,"Morell, El",Cataluña,Tarragona,3811,http://elmorell.cat/,wikidata_P856,1,
INE33016,municipality,33016,Castrillón,"Asturias, Principado de",Asturias,21998,http://www.ayto-castrillon.es/,wikidata_P856,1,
INE28044,municipality,28044,Colmenarejo,"Madrid, Comunidad de",Madrid,9640,http://www.ayto-colmenarejo.org/,wikidata_P856,1,
INE31059,municipality,31059,Burgui/Burgi,"Navarra, Comunidad Foral de",Navarra,187,,,0,
INE17109,municipality,17109,Montagut i Oix,Cataluña,Girona,1011,https://www.montagut-oix.cat/,wikidata_P856,1,
INE17112,municipality,17112,Ogassa,Cataluña,Girona,222,http://webspobles2.ddgi.cat/ogassa,wikidata_P856,1,
INE17145,municipality,17145,Ribes de Freser,Cataluña,Girona,1841,http://www.ajribesdefreser.cat/,wikidata_P856,1,
INE17168,municipality,17168,Sant Joan de Mollet,Cataluña,Girona,536,http://www.santjoandemollet.cat/,wikidata_P856,1,
INE41098,municipality,41098,Villanueva del Ariscal,Andalucía,Sevilla,6965,http://www.villanuevadelariscal.es/,wikidata_P856,1,
INE11022,municipality,11022,"Línea de la Concepción, La",Andalucía,Cádiz,64499,http://www.lalinea.es/,wikidata_P856,1,
INE12902,municipality,12902,Sant Joan de Moró,Comunitat Valenciana,Castelló/Castellón,3695,http://www.santjoandemoro.es/,wikidata_P856,1,
INE29041,municipality,29041,Casares,Andalucía,Málaga,9009,http://www.casares.es/,wikidata_P856,1,
INE43081,municipality,43081,Maspujols,Cataluña,Tarragona,915,http://www.maspujols.altanet.org/,wikidata_P856,1,
INE43133,municipality,43133,Roquetes,Cataluña,Tarragona,8607,http://www.roquetes.cat/,wikidata_P856,1,
INE43149,municipality,43149,Tivenys,Cataluña,Tarragona,948,http://www.tivenys.altanet.org/,wikidata_P856,1,
INE25063,municipality,25063,Canejan,Cataluña,Lleida,95,http://www.canejan.org/,wikidata_P856,1,
INE43065,municipality,43065,Garcia,Cataluña,Tarragona,551,http://www.garcia.cat/,wikidata_P856,1,
INE18054,municipality,18054,Cortes y Graena,Andalucía,Granada,949,http://www.cortesygraena.es/,wikidata_P856,1,
INE18098,municipality,18098,Huéscar,Andalucía,Granada,7241,https://www.aytohuescar.es/,wikidata_P856,1,
INE41035,municipality,41035,Coripe,Andalucía,Sevilla,1218,https://coripe.es/,wikidata_P856,1,
INE49053,municipality,49053,Coreses,Castilla y León,Zamora,1054,http://www.coreses.com/,wikidata_P856,1,
INE17015,municipality,17015,Banyoles,Cataluña,Girona,20865,http://www.banyoles.cat/,wikidata_P856,1,
INE17031,municipality,17031,Cabanelles,Cataluña,Girona,286,http://www.cabanelles.cat/,wikidata_P856,1,
INE17035,municipality,17035,Camós,Cataluña,Girona,701,http://www.camos.cat/,wikidata_P856,1,
INE17037,municipality,17037,Campelles,Cataluña,Girona,163,http://webspobles2.ddgi.cat/campelles,wikidata_P856,1,
INE17038,municipality,17038,Campllong,Cataluña,Girona,534,http://www.campllong.cat/,wikidata_P856,1,
INE17040,municipality,17040,Canet d'Adri,Cataluña,Girona,744,http://www.canet-adri.cat/,wikidata_P856,1,
INE17046,municipality,17046,Castellfollit de la Roca,Cataluña,Girona,966,https://www.castellfollitdelaroca.cat/,wikidata_P856,1,
INE17080,municipality,17080,Gombrèn,Cataluña,Girona,206,http://www.gombren.cat/,wikidata_P856,1,
INE17091,municipality,17091,Llanars,Cataluña,Girona,516,http://www.llanars.cat/,wikidata_P856,1,
INE17095,municipality,17095,Lloret de Mar,Cataluña,Girona,43000,https://www.lloret.cat/,wikidata_P856,1,
INE08056,municipality,08056,Castelldefels,Cataluña,Barcelona,70057,http://www.castelldefels.cat/,wikidata_P856,1,
INE08209,municipality,08209,Sant Fost de Campsentelles,Cataluña,Barcelona,9419,http://www.santfost.cat/,wikidata_P856,1,
INE31146,municipality,31146,Leache/Leatxe,"Navarra, Comunidad Foral de",Navarra,38,,,0,
INE43045,municipality,43045,Colldejou,Cataluña,Tarragona,155,http://www.colldejou.altanet.org/,wikidata_P856,1,
INE43023,municipality,43023,Bellmunt del Priorat,Cataluña,Tarragona,290,http://www.bellmunt.altanet.org/,wikidata_P856,1,
INE25155,municipality,25155,Organyà,Cataluña,Lleida,853,http://www.organya.cat/,wikidata_P856,1,
INE08105,municipality,08105,"Llagosta, La",Cataluña,Barcelona,13280,https://llagosta.cat/,wikidata_P856,1,
INE25140,municipality,25140,Montferrer i Castellbò,Cataluña,Lleida,1161,http://www.montferrercastellbo.cat/,wikidata_P856,1,
INE43156,municipality,43156,Ulldecona,Cataluña,Tarragona,6714,http://www.ulldecona.cat/,wikidata_P856,1,
INE43097,municipality,43097,"Nou de Gaià, La",Cataluña,Tarragona,603,http://www.noudegaia.altanet.org/,wikidata_P856,1,
INE43040,municipality,43040,Capçanes,Cataluña,Tarragona,444,http://www.capcanes.org/,wikidata_P856,1,
INE43038,municipality,43038,Cambrils,Cataluña,Tarragona,37042,https://www.cambrils.cat/,wikidata_P856,1,
INE43058,municipality,43058,"Figuera, La",Cataluña,Tarragona,115,http://www.figuera.altanet.org/,wikidata_P856,1,
INE43118,municipality,43118,Pratdip,Cataluña,Tarragona,781,http://www.pratdip.altanet.org/,wikidata_P856,1,
INE43066,municipality,43066,"Garidells, Els",Cataluña,Tarragona,211,http://www.elsgaridells.cat/,wikidata_P856,1,
INE25045,municipality,25045,Bausen,Cataluña,Lleida,62,http://bausen.ddl.net/,wikidata_P856,1,
INE30013,municipality,30013,Calasparra,"Murcia, Región de",Murcia,10391,http://www.calasparra.org/,wikidata_P856,1,
INE02051,municipality,02051,Montealegre del Castillo,Castilla-La Mancha,Albacete,2051,http://www.montealegredelcastillo.es/,clm_directorio_entidades_locales,0,
INE02055,municipality,02055,Nerpio,Castilla-La Mancha,Albacete,1136,http://ayuntamientonerpio.es/,clm_directorio_entidades_locales,0,
INE02072,municipality,02072,Socovos,Castilla-La Mancha,Albacete,1643,http://www.socovos.es/,clm_directorio_entidades_locales,0,
INE27051,municipality,27051,Ribadeo,Galicia,Lugo,10022,http://ribadeo.gal/,wikidata_P856,1,
INE29005,municipality,29005,Algarrobo,Andalucía,Málaga,7103,http://www.algarrobo.es/,wikidata_P856,1,
INE23008,municipality,23008,Arquillos,Andalucía,Jaén,1682,https://arquillos.es/,wikidata_P856,1,
INE08284,municipality,08284,Tordera,Cataluña,Barcelona,19039,https://tordera.cat/,wikidata_P856,1,
INE33074,municipality,33074,Vegadeo,"Asturias, Principado de",Asturias,3928,https://www.vegadeo.es/,wikidata_P856,1,
INE33057,municipality,33057,Ribera de Arriba,"Asturias, Principado de",Asturias,1852,https://www.ayto-riberadearriba.es/,wikidata_P856,1,
INE29902,municipality,29902,Villanueva de la Concepción,Andalucía,Málaga,3296,http://www.villanuevaconcepcion.es/,wikidata_P856,1,
INE29090,municipality,29090,Tolox,Andalucía,Málaga,2468,http://www.tolox.es/,wikidata_P856,1,
INE21069,municipality,21069,Santa Olalla del Cala,Andalucía,Huelva,2039,http://www.santaolalladelcala.es/,wikidata_P856,1,
INE12096,municipality,12096,Rossell,Comunitat Valenciana,Castelló/Castellón,910,http://www.rossell.es/,wikidata_P856,1,
INE04102,municipality,04102,Vícar,Andalucía,Almería,29342,http://www.vicar.es/,wikidata_P856,1,
INE43110,municipality,43110,"Pobla de Massaluca, La",Cataluña,Tarragona,344,http://www.poblamassaluca.altanet.org/,wikidata_P856,1,
INE20074,municipality,20074,Bergara,País Vasco,Gipuzkoa,14404,https://www.bergara.eus/,wikidata_P856,1,
INE12104,municipality,12104,Segorbe,Comunitat Valenciana,Castelló/Castellón,9805,http://www.segorbe.es/,wikidata_P856,1,
INE25156,municipality,25156,Os de Balaguer,Cataluña,Lleida,1088,http://www.osbalaguer.cat/,wikidata_P856,1,
INE22089,municipality,22089,Castillonroy,Aragón,Huesca,334,http://www.castillonroy.es/,wikidata_P856,1,
INE49221,municipality,49221,Torregamones,Castilla y León,Zamora,225,,,0,
INE17093,municipality,17093,Llers,Cataluña,Girona,1269,http://www.llers.cat/,wikidata_P856,1,
INE03101,municipality,03101,Pedreguer,Comunitat Valenciana,Alacant/Alicante,8849,http://www.pedreguer.es/,wikidata_P856,1,
INE46228,municipality,46228,Serra,Comunitat Valenciana,València/Valencia,3767,https://www.serra.es/,wikidata_P856,1,
INE31117,municipality,31117,Goizueta,"Navarra, Comunidad Foral de",Navarra,681,http://www.goizueta.eus/,wikidata_P856,1,
INE07055,municipality,07055,Santa Margalida,"Balears, Illes",Illes Balears,14056,http://www.ajsantamargalida.net/,wikidata_P856,1,
INE17211,municipality,17211,Verges,Cataluña,Girona,1167,https://www.verges.cat/,wikidata_P856,1,
INE17052,municipality,17052,Siurana,Cataluña,Girona,188,https://siuranaemporda.cat/,wikidata_P856,1,
INE45124,municipality,45124,Orgaz,Castilla-La Mancha,Toledo,2639,http://www.ayto-orgaz.es/,clm_directorio_entidades_locales,0,
INE43084,municipality,43084,Miravet,Cataluña,Tarragona,703,http://www.miravet.cat/,wikidata_P856,1,
INE17042,municipality,17042,Capmany,Cataluña,Girona,680,http://www.capmany.cat/,wikidata_P856,1,
INE17004,municipality,17004,Albons,Cataluña,Girona,845,http://www.albons.cat/,wikidata_P856,1,
INE31209,municipality,31209,Romanzado/Erromantzatua,"Navarra, Comunidad Foral de",Navarra,180,,,0,
INE24109,municipality,24109,Palacios del Sil,Castilla y León,León,862,https://www.palaciosdelsil.es/,wikidata_P856,1,
INE33077,municipality,33077,Villayón,"Asturias, Principado de",Asturias,1054,http://www.villayon.es/,wikidata_P856,1,
INE33025,municipality,33025,Gozón,"Asturias, Principado de",Asturias,10407,http://www.ayto-gozon.com/,wikidata_P856,1,
INE33022,municipality,33022,Degaña,"Asturias, Principado de",Asturias,768,http://www.degania.org/,wikidata_P856,1,
INE43067,municipality,43067,Ginestar,Cataluña,Tarragona,800,http://www.ginestar.cat/,wikidata_P856,1,
INE28046,municipality,28046,Collado Mediano,"Madrid, Comunidad de",Madrid,7722,http://www.aytocolladomediano.es/,wikidata_P856,1,
INE50223,municipality,50223,Remolinos,Aragón,Zaragoza,1018,https://www.remolinos.net/,wikidata_P856,1,
INE50251,municipality,50251,Tarazona,Aragón,Zaragoza,10873,http://www.tarazona.es/,wikidata_P856,2,
INE46092,municipality,46092,Castielfabib,Comunitat Valenciana,València/Valencia,284,http://www.castielfabib.es/,wikidata_P856,1,
INE32048,municipality,32048,"Mezquita, A",Galicia,Ourense,996,https://amezquita.gal/,wikidata_P856,1,
INE27027,municipality,27027,Lourenzá,Galicia,Lugo,2083,http://www.lourenza.es/,wikidata_P856,1,
INE43079,municipality,43079,Masllorenç,Cataluña,Tarragona,573,http://www.masllorenc.cat/,wikidata_P856,1,
INE34120,municipality,34120,Palencia,Castilla y León,Palencia,77466,http://www.aytopalencia.es/,wikidata_P856,1,
INE45064,municipality,45064,Esquivias,Castilla-La Mancha,Toledo,5833,http://www.esquivias.es/,clm_directorio_entidades_locales,0,
INE42004,municipality,42004,Ágreda,Castilla y León,Soria,3133,http://www.agreda.es/,wikidata_P856,1,
INE41064,municipality,41064,Montellano,Andalucía,Sevilla,7032,http://www.montellano.es/,wikidata_P856,1,
INE31121,municipality,31121,Guirguillano,"Navarra, Comunidad Foral de",Navarra,75,,,0,
INE28093,municipality,28093,Navacerrada,"Madrid, Comunidad de",Madrid,3311,,,0,
INE08194,municipality,08194,Sant Adrià de Besòs,Cataluña,Barcelona,39323,http://www.sant-adria.net/,wikidata_P856,1,
INE02013,municipality,02013,Balsa de Ves,Castilla-La Mancha,Albacete,121,http://balsadeves.es/,clm_directorio_entidades_locales,0,
INE49162,municipality,49162,Porto,Castilla y León,Zamora,147,http://porto.es/,wikidata_P856,1,
INE25230,municipality,25230,Torregrossa,Cataluña,Lleida,2248,http://www.torregrossa.cat/,wikidata_P856,1,
INE25071,municipality,25071,Cava,Cataluña,Lleida,38,http://cava.ddl.net/,wikidata_P856,1,
INE48008,municipality,48008,Artzentales,País Vasco,Bizkaia,754,http://www.artzentales.org/,wikidata_P856,1,
INE03046,municipality,03046,Busot,Comunitat Valenciana,Alacant/Alicante,3782,https://busot.es/,wikidata_P856,1,
INE03082,municipality,03082,Xàbia/Jávea,Comunitat Valenciana,Alacant/Alicante,30642,http://va.ajxabia.com/,wikidata_P856,1,
INE45137,municipality,45137,"Pueblanueva, La",Castilla-La Mancha,Toledo,2139,http://www.aytopueblanueva.com/,clm_directorio_entidades_locales,0,
INE17191,municipality,17191,Serra de Daró,Cataluña,Girona,240,http://www.serradedaro.cat/,wikidata_P856,1,
INE43030,municipality,43030,Bonastre,Cataluña,Tarragona,777,http://www.bonastre.altanet.org/,wikidata_P856,1,
INE46118,municipality,46118,Enguera,Comunitat Valenciana,València/Valencia,4807,http://www.enguera.es/,wikidata_P856,1,
INE17135,municipality,17135,Pont de Molins,Cataluña,Girona,585,http://ca.pontdemolins.cat/,wikidata_P856,1,
INE01006,municipality,01006,Armiñón,País Vasco,Araba/Álava,236,http://www.cuadrilladeanana.es/arminon/,wikidata_P856,1,
INE01044,municipality,01044,Peñacerrada-Urizaharra,País Vasco,Araba/Álava,332,,,0,
INE46229,municipality,46229,Siete Aguas,Comunitat Valenciana,València/Valencia,1289,http://www.sieteaguas.es/,wikidata_P856,1,
INE31206,municipality,31206,Puente la Reina/Gares,"Navarra, Comunidad Foral de",Navarra,2972,http://www.puentelareina-gares.es/,wikidata_P856,1,
INE45123,municipality,45123,Ontígola,Castilla-La Mancha,Toledo,5101,http://www.ontigola.es/,clm_directorio_entidades_locales,0,
INE08126,municipality,08126,Montgat,Cataluña,Barcelona,12879,https://www.montgat.cat/,wikidata_P856,1,
INE10112,municipality,10112,Madrigalejo,Extremadura,Cáceres,1710,,,0,
INE26034,municipality,26034,Briones,"Rioja, La","Rioja, La",752,http://www.ayuntamientobriones.org/,wikidata_P856,1,
INE06015,municipality,06015,Badajoz,Extremadura,Badajoz,150209,https://www.aytobadajoz.es/,wikidata_P856,1,
INE17119,municipality,17119,Palau de Santa Eulàlia,Cataluña,Girona,124,http://www.palaudesantaeulalia.cat/,wikidata_P856,1,
INE17032,municipality,17032,Cadaqués,Cataluña,Girona,2918,https://cadaques.cat/,wikidata_P856,1,
INE03061,municipality,03061,Daya Nueva,Comunitat Valenciana,Alacant/Alicante,1885,http://www.dayanueva.es/,wikidata_P856,1,
INE03085,municipality,03085,Llíber,Comunitat Valenciana,Alacant/Alicante,882,http://www.lliber.org/,wikidata_P856,1,
INE01060,municipality,01060,Yécora/Iekora,País Vasco,Araba/Álava,278,http://www.yecora.org/,wikidata_P856,1,
INE43050,municipality,43050,Creixell,Cataluña,Tarragona,4261,https://www.creixell.cat/,wikidata_P856,1,
INE50064,municipality,50064,Cabañas de Ebro,Aragón,Zaragoza,473,https://www.cabanasdeebro.com/,wikidata_P856,1,
INE50118,municipality,50118,Gallur,Aragón,Zaragoza,2642,http://www.gallur.net/,wikidata_P856,1,
INE50193,municipality,50193,Nuez de Ebro,Aragón,Zaragoza,886,http://www.nuezdeebro.es/,wikidata_P856,1,
INE06080,municipality,06080,Medellín,Extremadura,Badajoz,2241,http://www.medellin.es/,wikidata_P856,1,
INE06162,municipality,06162,"Zarza, La",Extremadura,Badajoz,3339,http://www.lazarza.es/,wikidata_P856,1,
INE33037,municipality,33037,Mieres,"Asturias, Principado de",Asturias,36373,http://www.mieres.es/,wikidata_P856,1,
INE45053,municipality,45053,Consuegra,Castilla-La Mancha,Toledo,9767,http://www.consuegra.es/,clm_directorio_entidades_locales,0,
INE46071,municipality,46071,Bicorp,Comunitat Valenciana,València/Valencia,546,http://www.bicorp.es/,wikidata_P856,1,
INE31115,municipality,31115,Garralda,"Navarra, Comunidad Foral de",Navarra,183,,,0,
INE31033,municipality,31033,Aria,"Navarra, Comunidad Foral de",Navarra,51,,,0,
INE31129,municipality,31129,Ituren,"Navarra, Comunidad Foral de",Navarra,543,http://www.ituren.eus/,wikidata_P856,1,
INE31031,municipality,31031,Areso,"Navarra, Comunidad Foral de",Navarra,260,,,0,
INE08085,municipality,08085,Font-rubí,Cataluña,Barcelona,1441,https://www.font-rubi.cat/,wikidata_P856,1,
INE28167,municipality,28167,Velilla de San Antonio,"Madrid, Comunidad de",Madrid,14468,https://www.ayto-velilla.es/,wikidata_P856,1,
INE07009,municipality,07009,Búger,"Balears, Illes",Illes Balears,1215,https://ajbuger.net/ca,wikidata_P856,1,
INE33034,municipality,33034,Valdés,"Asturias, Principado de",Asturias,10776,http://www.ayto-valdes.es/,wikidata_P856,1,
INE01063,municipality,01063,Zuia,País Vasco,Araba/Álava,2350,http://www.zuia.com/,wikidata_P856,1,
INE17064,municipality,17064,Espolla,Cataluña,Girona,398,http://www.espolla.cat/,wikidata_P856,1,
INE50066,municipality,50066,Cadrete,Aragón,Zaragoza,4688,https://cadrete.es/,wikidata_P856,1,
INE50070,municipality,50070,Calmarza,Aragón,Zaragoza,57,http://www.calmarza.es/,wikidata_P856,1,
INE50071,municipality,50071,Campillo de Aragón,Aragón,Zaragoza,111,http://www.campillodearagon.com/,wikidata_P856,1,
INE04030,municipality,04030,Canjáyar,Andalucía,Almería,1139,http://www.canjayar.es/,wikidata_P856,1,
INE08008,municipality,08008,Argençola,Cataluña,Barcelona,245,https://www.argencola.cat/,wikidata_P856,1,
INE25912,municipality,25912,Gimenells i el Pla de la Font,Cataluña,Lleida,1069,https://gimenells.cat/,wikidata_P856,1,
INE29087,municipality,29087,Sedella,Andalucía,Málaga,607,http://www.sedella.es/,wikidata_P856,1,
INE31220,municipality,31220,Santacara,"Navarra, Comunidad Foral de",Navarra,874,,,0,
INE27055,municipality,27055,Samos,Galicia,Lugo,1158,http://www.concellosamos.es/,wikidata_P856,1,
INE13064,municipality,13064,Poblete,Castilla-La Mancha,Ciudad Real,2998,http://www.poblete.es/,clm_directorio_entidades_locales,0,
INE42134,municipality,42134,Ólvega,Castilla y León,Soria,3782,http://www.olvega.es/,wikidata_P856,1,
INE43120,municipality,43120,Querol,Cataluña,Tarragona,611,https://querol.cat/,wikidata_P856,1,
INE02039,municipality,02039,Higueruela,Castilla-La Mancha,Albacete,1133,http://www.higueruela.es/,clm_directorio_entidades_locales,0,
INE46017,municipality,46017,Alzira,Comunitat Valenciana,València/Valencia,48236,http://www.alzira.es/,wikidata_P856,1,
INE23052,municipality,23052,Jimena,Andalucía,Jaén,1219,http://www.jimena.es/,wikidata_P856,1,
INE07048,municipality,07048,Sant Josep de sa Talaia,"Balears, Illes",Illes Balears,29761,http://www.santjosep.org/,wikidata_P856,1,
INE45025,municipality,45025,Cabañas de la Sagra,Castilla-La Mancha,Toledo,2177,https://www.cabanasdelasagra.com/,clm_directorio_entidades_locales,0,
INE43094,municipality,43094,Móra la Nova,Cataluña,Tarragona,3350,http://www.moralanova.cat/,wikidata_P856,1,
INE03064,municipality,03064,Dolores,Comunitat Valenciana,Alacant/Alicante,8326,https://www.dolores.es/,wikidata_P856,1,
INE16175,municipality,16175,Quintanar del Rey,Castilla-La Mancha,Cuenca,7508,http://www.quintanardelrey.es/,clm_directorio_entidades_locales,0,
INE45106,municipality,45106,Mora,Castilla-La Mancha,Toledo,10064,http://www.mora.es/,clm_directorio_entidades_locales,0,
INE08277,municipality,08277,Talamanca,Cataluña,Barcelona,209,https://www.talamanca.cat/,wikidata_P856,1,
INE25098,municipality,25098,Gavet de la Conca,Cataluña,Lleida,252,http://www.gavet.cat/,wikidata_P856,1,
INE17214,municipality,17214,Vilabertran,Cataluña,Girona,961,https://www.vilabertran.cat/,wikidata_P856,1,
INE45135,municipality,45135,"Puebla de Almoradiel, La",Castilla-La Mancha,Toledo,4950,https://lapuebladealmoradiel.es/,clm_directorio_entidades_locales,0,
INE09272,municipality,09272,Poza de la Sal,Castilla y León,Burgos,278,http://www.pozadelasal.es/,wikidata_P856,1,
INE17138,municipality,17138,Portbou,Cataluña,Girona,1131,http://www.portbou.cat/,wikidata_P856,1,
INE44160,municipality,44160,Mosqueruela,Aragón,Teruel,563,,,0,
INE44010,municipality,44010,Albentosa,Aragón,Teruel,290,http://www.albentosa.es/,wikidata_P856,1,
INE46185,municipality,46185,Otos,Comunitat Valenciana,València/Valencia,442,http://www.otos.es/,wikidata_P856,1,
INE13040,municipality,13040,Fernán Caballero,Castilla-La Mancha,Ciudad Real,965,http://www.ayuntamientofernan-caballero.es/,clm_directorio_entidades_locales,0,
INE31194,municipality,31194,Valle de Ollo/Ollaran,"Navarra, Comunidad Foral de",Navarra,453,,,0,
INE08142,municipality,08142,"Nou de Berguedà, La",Cataluña,Barcelona,163,http://www.lanoudebergueda.cat/,wikidata_P856,1,
INE41041,municipality,41041,Estepa,Andalucía,Sevilla,12430,http://www.estepa.es/,wikidata_P856,1,
INE46109,municipality,46109,Cheste,Comunitat Valenciana,València/Valencia,8951,http://www.cheste.es/,wikidata_P856,1,
INE03103,municipality,03103,Penàguila,Comunitat Valenciana,Alacant/Alicante,305,http://www.penaguila.es/,wikidata_P856,1,
INE03124,municipality,03124,Sella,Comunitat Valenciana,Alacant/Alicante,621,http://www.sella.es/va/,wikidata_P856,1,
INE31186,municipality,31186,Odieta,"Navarra, Comunidad Foral de",Navarra,367,,,0,
INE03104,municipality,03104,Petrer,Comunitat Valenciana,Alacant/Alicante,34022,http://petrer.es/,wikidata_P856,1,
INE11903,municipality,11903,San Martín del Tesorillo,Andalucía,Cádiz,2735,https://www.sanmartindeltesorillo.es/,wikidata_P856,1,
INE26036,municipality,26036,Calahorra,"Rioja, La","Rioja, La",25367,http://www.ayto-calahorra.es/,wikidata_P856,1,
INE14004,municipality,14004,Almedinilla,Andalucía,Córdoba,2302,http://www.almedinilla.es/,wikidata_P856,1,
INE31191,municipality,31191,Olite/Erriberri,"Navarra, Comunidad Foral de",Navarra,4069,http://www.olite.es/,wikidata_P856,1,
INE31199,municipality,31199,Oroz-Betelu/Orotz-Betelu,"Navarra, Comunidad Foral de",Navarra,143,,,0,
INE17166,municipality,17166,Sant Jordi Desvalls,Cataluña,Girona,880,http://www.santjordidesvalls.cat/,wikidata_P856,1,
INE28061,municipality,28061,Galapagar,"Madrid, Comunidad de",Madrid,36758,http://galapagar.es/,wikidata_P856,1,
INE45199,municipality,45199,"Viso de San Juan, El",Castilla-La Mancha,Toledo,6380,https://elvisodesanjuan.org/,clm_directorio_entidades_locales,0,
INE19021,municipality,19021,Almoguera,Castilla-La Mancha,Guadalajara,1379,,,0,
INE26008,municipality,26008,Aldeanueva de Ebro,"Rioja, La","Rioja, La",2753,http://www.aldeanuevadeebro.org/,wikidata_P856,1,
INE08183,municipality,08183,Roda de Ter,Cataluña,Barcelona,6937,http://www.rodadeter.cat/,wikidata_P856,1,
INE45041,municipality,45041,Casarrubios del Monte,Castilla-La Mancha,Toledo,7424,https://casarrubiosdelmonte.es/,clm_directorio_entidades_locales,0,
INE18023,municipality,18023,Baza,Andalucía,Granada,20587,https://www.ayuntamientodebaza.es/,wikidata_P856,1,
INE08049,municipality,08049,Casserres,Cataluña,Barcelona,1660,https://www.casserres.cat/,wikidata_P856,1,
INE46054,municipality,46054,Benetússer,Comunitat Valenciana,València/Valencia,16734,http://www.benetusser.es/va,wikidata_P856,1,
INE19123,municipality,19123,Fuentelviejo,Castilla-La Mancha,Guadalajara,61,https://fuentelviejo.sedelectronica.es/,clm_directorio_entidades_locales,0,
INE42041,municipality,42041,Buberos,Castilla y León,Soria,27,http://www.buberos.es/,wikidata_P856,1,
INE04047,municipality,04047,Gádor,Andalucía,Almería,3130,http://www.gador.es/,wikidata_P856,1,
INE28156,municipality,28156,Valdeavero,"Madrid, Comunidad de",Madrid,1896,https://ayuntamientovaldeavero.es/,wikidata_P856,1,
INE05133,municipality,05133,Monsalupe,Castilla y León,Ávila,64,http://www.monsalupe.es/,wikidata_P856,1,
INE24124,municipality,24124,Quintana del Marco,Castilla y León,León,299,http://www.aytoquintanadelmarco.es/,wikidata_P856,1,
INE40058,municipality,40058,Codorniz,Castilla y León,Segovia,294,http://www.codorniz.es/,wikidata_P856,1,
INE06140,municipality,06140,Valencia del Mombuey,Extremadura,Badajoz,703,http://www.valenciadelmombuey.es/,wikidata_P856,1,
INE09256,municipality,09256,Pedrosa de Duero,Castilla y León,Burgos,458,http://www.pedrosadeduero.es/,wikidata_P856,1,
INE06142,municipality,06142,Valverde de Burguillos,Extremadura,Badajoz,260,http://www.valverdedeburguillos.es/,wikidata_P856,1,
INE44221,municipality,44221,Torrecilla de Alcañiz,Aragón,Teruel,436,http://www.torrecilladealcañiz.es/,wikidata_P856,1,
INE47116,municipality,47116,Pesquera de Duero,Castilla y León,Valladolid,403,,,0,
INE22141,municipality,22141,Lascellas-Ponzano,Aragón,Huesca,138,http://www.lascellas-ponzano.es/,wikidata_P856,1,
INE09902,municipality,09902,Valle de Santibáñez,Castilla y León,Burgos,482,http://www.xn--valledesantibaez-kub.es/,wikidata_P856,1,
INE44142,municipality,44142,Maicas,Aragón,Teruel,35,,,0,
INE50098,municipality,50098,Encinacorba,Aragón,Zaragoza,176,,,0,
INE08266,municipality,08266,Cerdanyola del Vallès,Cataluña,Barcelona,58528,http://www.cerdanyola.cat/,wikidata_P856,1,
INE19291,municipality,19291,Trillo,Castilla-La Mancha,Guadalajara,1406,https://www.trillo.es/,clm_directorio_entidades_locales,0,
INE45099,municipality,45099,Méntrida,Castilla-La Mancha,Toledo,6495,http://www.mentrida.es/,clm_directorio_entidades_locales,0,
INE45136,municipality,45136,"Puebla de Montalbán, La",Castilla-La Mancha,Toledo,8144,http://www.pueblademontalban.com/,clm_directorio_entidades_locales,0,
INE05167,municipality,05167,Navarrevisca,Castilla y León,Ávila,281,http://www.navarrevisca.es/,wikidata_P856,1,
INE46179,municipality,46179,Navarrés,Comunitat Valenciana,València/Valencia,3027,http://www.navarres.es/,wikidata_P856,1,
INE49235,municipality,49235,Vezdemarbán,Castilla y León,Zamora,423,https://vezdemarban.sedelectronica.es/,wikidata_P856,2,
INE47145,municipality,47145,San Miguel del Arroyo,Castilla y León,Valladolid,641,,,0,
INE34228,municipality,34228,Villanuño de Valdavia,Castilla y León,Palencia,91,http://villanunodevaldavia.dip-palencia.es/,wikidata_P856,1,
INE06077,municipality,06077,Malcocinado,Extremadura,Badajoz,343,http://www.malcocinado.es/,wikidata_P856,1,
INE50209,municipality,50209,Pinseque,Aragón,Zaragoza,4601,http://www.pinseque.es/,wikidata_P856,1,
INE05199,municipality,05199,San Bartolomé de Béjar,Castilla y León,Ávila,44,http://www.sanbartolomedebejar.es/,wikidata_P856,1,
INE44187,municipality,44187,"Portellada, La",Aragón,Teruel,249,http://www.laportellada.es/,wikidata_P856,1,
INE03004,municipality,03004,Aigües,Comunitat Valenciana,Alacant/Alicante,1199,http://www.aigues.es/,wikidata_P856,1,
INE45057,municipality,45057,Chueca,Castilla-La Mancha,Toledo,252,https://chueca.es/,clm_directorio_entidades_locales,0,
INE37373,municipality,37373,Villavieja de Yeltes,Castilla y León,Salamanca,676,http://www.villaviejadeyeltes.es/,wikidata_P856,1,
INE50126,municipality,50126,Illueca,Aragón,Zaragoza,2782,http://www.illueca.net/,wikidata_P856,1,
INE12015,municipality,12015,Argelita,Comunitat Valenciana,Castelló/Castellón,139,http://www.argelita.es/,wikidata_P856,1,
INE22084,municipality,22084,Castejón de Sos,Aragón,Huesca,840,http://www.castejondesos.es/,wikidata_P856,1,
INE24057,municipality,24057,Congosto,Castilla y León,León,1418,http://www.congosto.ccbierzo.net/portalBierzo/p_1_principal1.jsp,wikidata_P856,1,
INE12046,municipality,12046,Cirat,Comunitat Valenciana,Castelló/Castellón,220,http://www.cirat.es/ca,wikidata_P856,1,
INE10172,municipality,10172,Santibáñez el Bajo,Extremadura,Cáceres,711,,,0,
INE15005,municipality,15005,Arteixo,Galicia,"Coruña, A",34403,http://www.arteixo.org/,wikidata_P856,1,
INE40171,municipality,40171,Ribota,Castilla y León,Segovia,40,http://www.ribota.es/,wikidata_P856,1,
INE26177,municipality,26177,Villoslada de Cameros,"Rioja, La","Rioja, La",351,http://www.villosladadecameros.org/,wikidata_P856,1,
INE19241,municipality,19241,Romanillos de Atienza,Castilla-La Mancha,Guadalajara,37,,,0,
INE46260,municipality,46260,Vinalesa,Comunitat Valenciana,València/Valencia,3572,http://www.vinalesa.es/,wikidata_P856,1,
INE37005,municipality,37005,"Alameda de Gardón, La",Castilla y León,Salamanca,67,,,0,
INE28055,municipality,28055,Estremera,"Madrid, Comunidad de",Madrid,1473,http://www.estremera.es/,wikidata_P856,1,
INE46104,municipality,46104,Quatretonda,Comunitat Valenciana,València/Valencia,2174,http://www.quatretonda.es/,wikidata_P856,1,
INE08286,municipality,08286,"Torre de Claramunt, La",Cataluña,Barcelona,4158,https://www.latorredeclaramunt.cat/,wikidata_P856,1,
INE32056,municipality,32056,Padrenda,Galicia,Ourense,1555,http://www.concellodepadrenda.com/,wikidata_P856,1,
INE29065,municipality,29065,Júzcar,Andalucía,Málaga,208,http://www.juzcar.es/,wikidata_P856,1,
INE18176,municipality,18176,Soportújar,Andalucía,Granada,260,http://www.soportujar.es/,wikidata_P856,1,
INE47142,municipality,47142,San Cebrián de Mazote,Castilla y León,Valladolid,99,,,0,
INE25186,municipality,25186,Riner,Cataluña,Lleida,269,http://riner.ddl.net/,wikidata_P856,1,
INE09310,municipality,09310,Reinoso,Castilla y León,Burgos,21,http://www.reinoso.es/,wikidata_P856,1,
INE42024,municipality,42024,Arancón,Castilla y León,Soria,73,http://www.arancon.es/,wikidata_P856,1,
INE50230,municipality,50230,Sádaba,Aragón,Zaragoza,1278,http://www.sadaba.es/,wikidata_P856,1,
INE10107,municipality,10107,Jerte,Extremadura,Cáceres,1189,http://www.jerte.es/,wikidata_P856,1,
INE37137,municipality,37137,Fuenteliante,Castilla y León,Salamanca,80,,,0,
INE21075,municipality,21075,Villanueva de las Cruces,Andalucía,Huelva,379,http://www.villanuevadelascruces.es/,wikidata_P856,1,
INE49167,municipality,49167,Pueblica de Valverde,Castilla y León,Zamora,172,http://www.aytopueblicadevalverde.es/,wikidata_P856,1,
INE24166,municipality,24166,Soto de la Vega,Castilla y León,León,1481,http://www.aytosotodelavega.org/,wikidata_P856,1,
INE03002,municipality,03002,Agost,Comunitat Valenciana,Alacant/Alicante,5225,http://www.agost.es/,wikidata_P856,1,
INE37068,municipality,37068,Cabrillas,Castilla y León,Salamanca,316,http://www.ayuntamientodecabrillas.com/,wikidata_P856,1,
INE50228,municipality,50228,Rueda de Jalón,Aragón,Zaragoza,325,https://ruedadejalon.es/,wikidata_P856,1,
INE12080,municipality,12080,Morella,Comunitat Valenciana,Castelló/Castellón,2501,http://www.morella.net/,wikidata_P856,1,
INE37086,municipality,37086,Carpio de Azaba,Castilla y León,Salamanca,110,http://www.aytocarpiodeazaba.es/,wikidata_P856,1,
INE13038,municipality,13038,Chillón,Castilla-La Mancha,Ciudad Real,1752,http://www.chillon.es/,clm_directorio_entidades_locales,0,
INE37164,municipality,37164,Huerta,Castilla y León,Salamanca,282,https://ayuntamientohuerta.es/,wikidata_P856,1,
INE24206,municipality,24206,Toral de los Vados,Castilla y León,León,1751,http://www.toraldelosvados.es/,wikidata_P856,1,
INE02080,municipality,02080,Villapalacios,Castilla-La Mancha,Albacete,539,http://www.villapalacios.es/,clm_directorio_entidades_locales,0,
INE46129,municipality,46129,Fuenterrobles,Comunitat Valenciana,València/Valencia,678,http://www.fuenterrobles.es/,wikidata_P856,1,
INE05231,municipality,05231,San Vicente de Arévalo,Castilla y León,Ávila,171,http://www.sanvicentedearevalo.es/,wikidata_P856,1,
INE46107,municipality,46107,Chella,Comunitat Valenciana,València/Valencia,2452,http://www.chella.es/,wikidata_P856,1,
INE46158,municipality,46158,Macastre,Comunitat Valenciana,València/Valencia,1461,http://www.macastre.es/,wikidata_P856,1,
INE47084,municipality,47084,Mayorga,Castilla y León,Valladolid,1354,http://aytomayorga.org/,wikidata_P856,1,
INE24088,municipality,24088,Laguna de Negrillos,Castilla y León,León,1056,http://www.aytolagunadenegrillos.es/,wikidata_P856,1,
INE40014,municipality,40014,Aldehorno,Castilla y León,Segovia,64,http://www.aldehorno.es/,wikidata_P856,1,
INE47048,municipality,47048,Ceinos de Campos,Castilla y León,Valladolid,172,,,0,
INE44234,municipality,44234,Tramacastiel,Aragón,Teruel,62,,,0,
INE27016,municipality,27016,Chantada,Galicia,Lugo,8171,http://www.concellodechantada.org/,wikidata_P856,1,
INE16170,municipality,16170,Priego,Castilla-La Mancha,Cuenca,912,http://www.priego.es/,clm_directorio_entidades_locales,0,
INE46249,municipality,46249,Utiel,Comunitat Valenciana,València/Valencia,11663,http://www.utiel.es/,wikidata_P856,1,
INE10160,municipality,10160,Romangordo,Extremadura,Cáceres,240,,,0,
INE09115,municipality,09115,Cubo de Bureba,Castilla y León,Burgos,102,http://www.cubodebureba.es/,wikidata_P856,1,
INE42063,municipality,42063,Cihuela,Castilla y León,Soria,35,http://www.cihuela.es/,wikidata_P856,1,
INE14020,municipality,14020,Conquista,Andalucía,Córdoba,367,https://conquista.es/,wikidata_P856,1,
INE34140,municipality,34140,"Puebla de Valdavia, La",Castilla y León,Palencia,79,http://puebladevaldavia.dip-palencia.es/,wikidata_P856,1,
INE40203,municipality,40203,Torrecaballeros,Castilla y León,Segovia,1505,http://www.torrecaballeros.net/,wikidata_P856,1,
INE08106,municipality,08106,Llinars del Vallès,Cataluña,Barcelona,10956,http://www.llinarsdelvalles.cat/,wikidata_P856,2,
INE05201,municipality,05201,San Bartolomé de Pinares,Castilla y León,Ávila,479,http://www.sanbartolomedepinares.es/,wikidata_P856,1,
INE08077,municipality,08077,Esplugues de Llobregat,Cataluña,Barcelona,48221,http://www.esplugues.cat/,wikidata_P856,1,
INE16067,municipality,16067,Castejón,Castilla-La Mancha,Cuenca,120,,,0,
INE16274,municipality,16274,Víllora,Castilla-La Mancha,Cuenca,120,https://villora.org/,clm_directorio_entidades_locales,0,
INE34082,municipality,34082,Hérmedes de Cerrato,Castilla y León,Palencia,72,http://hermedesdecerrato.dip-palencia.es/index.php,wikidata_P856,1,
INE37273,municipality,37273,"Sagrada, La",Castilla y León,Salamanca,78,http://ayuntamientodelasagrada.com/,wikidata_P856,1,
INE27006,municipality,27006,Becerreá,Galicia,Lugo,2836,http://www.concellobecerrea.es/,wikidata_P856,1,
INE06021,municipality,06021,Bodonal de la Sierra,Extremadura,Badajoz,982,http://www.bodonaldelasierra.es/,wikidata_P856,1,
INE36051,municipality,36051,Sanxenxo,Galicia,Pontevedra,18016,http://www.sanxenxo.es/,wikidata_P856,1,
INE42219,municipality,42219,Yelo,Castilla y León,Soria,40,,,0,
INE44025,municipality,44025,Andorra,Aragón,Teruel,7223,http://www.ayuntamientoandorra.es/,wikidata_P856,1,
INE09198,municipality,09198,Mahamud,Castilla y León,Burgos,107,http://www.mahamud.com/,wikidata_P856,1,
INE22172,municipality,22172,Peñalba,Aragón,Huesca,657,http://www.penalba.es/,wikidata_P856,1,
INE42154,municipality,42154,Renieblas,Castilla y León,Soria,107,,,0,
INE08295,municipality,08295,Vallirana,Cataluña,Barcelona,16245,http://www.vallirana.cat/,wikidata_P856,1,
INE37329,municipality,37329,Tremedal de Tormes,Castilla y León,Salamanca,34,,,0,
INE45141,municipality,45141,Quero,Castilla-La Mancha,Toledo,1006,https://www.quero.es/,clm_directorio_entidades_locales,0,
INE47055,municipality,47055,Corcos,Castilla y León,Valladolid,203,,,0,
INE10046,municipality,10046,Carbajo,Extremadura,Cáceres,183,http://www.carbajo.es/,wikidata_P856,1,
INE22184,municipality,22184,Poleñino,Aragón,Huesca,184,http://www.polenino.es/,wikidata_P856,1,
INE40110,municipality,40110,Lastras de Cuéllar,Castilla y León,Segovia,295,https://www.lastrasdecuellar.es/,wikidata_P856,1,
INE49054,municipality,49054,Corrales del Vino,Castilla y León,Zamora,930,http://www.aytocorrales.es/,wikidata_P856,1,
INE19134,municipality,19134,Herrería,Castilla-La Mancha,Guadalajara,13,,,0,
INE20018,municipality,20018,Azpeitia,País Vasco,Gipuzkoa,15301,https://www.azpeitia.eus/,wikidata_P856,1,
INE49127,municipality,49127,Morales del Vino,Castilla y León,Zamora,3040,http://www.moralesdelvino.es/,wikidata_P856,1,
INE40174,municipality,40174,Sacramenia,Castilla y León,Segovia,324,http://www.sacramenia.es/,wikidata_P856,1,
INE24113,municipality,24113,Pobladura de Pelayo García,Castilla y León,León,364,http://aytopobladuradepelayogarcia.es/,wikidata_P856,1,
INE14009,municipality,14009,Belmez,Andalucía,Córdoba,2833,http://belmez.es/,wikidata_P856,1,
INE34027,municipality,34027,Barruelo de Santullán,Castilla y León,Palencia,1164,https://www.barruelo.com/,wikidata_P856,1,
INE29060,municipality,29060,Igualeja,Andalucía,Málaga,733,https://igualeja.es/,wikidata_P856,1,
INE47189,municipality,47189,Velascálvaro,Castilla y León,Valladolid,156,,,0,
INE10022,municipality,10022,Arroyomolinos de la Vera,Extremadura,Cáceres,424,http://www.arroyomolinosdelavera.es/,wikidata_P856,1,
INE15044,municipality,15044,Mañón,Galicia,"Coruña, A",1218,http://www.concellomanon.org/Manon/IdiomaServlet,wikidata_P856,1,
INE09352,municipality,09352,Santa María del Mercadillo,Castilla y León,Burgos,119,http://www.santamariadelmercadillo.es/,wikidata_P856,1,
INE06034,municipality,06034,Casas de Reina,Extremadura,Badajoz,200,http://www.casasdereina.es/,wikidata_P856,1,
INE03036,municipality,03036,Benillup,Comunitat Valenciana,Alacant/Alicante,110,http://www.benillup.es/,wikidata_P856,1,
INE16013,municipality,16013,Algarra,Castilla-La Mancha,Cuenca,25,http://www.algarra.org/,wikidata_P856,1,
INE14062,municipality,14062,Torrecampo,Andalucía,Córdoba,992,http://www.torrecampo.es/,wikidata_P856,1,
INE50121,municipality,50121,Gotor,Aragón,Zaragoza,309,https://www.aytogotor.es/,wikidata_P856,1,
INE19248,municipality,19248,San Andrés del Congosto,Castilla-La Mancha,Guadalajara,63,,,0,
INE37282,municipality,37282,Sanchotello,Castilla y León,Salamanca,206,,,0,
INE44190,municipality,44190,Pozuel del Campo,Aragón,Teruel,76,https://pozueldelcampo.com/,wikidata_P856,1,
INE06069,municipality,06069,Hornachos,Extremadura,Badajoz,3375,http://www.hornachos.es/,wikidata_P856,1,
INE26119,municipality,26119,Préjano,"Rioja, La","Rioja, La",206,,,0,
INE14902,municipality,14902,"Guijarrosa, La",Andalucía,Córdoba,1358,https://laguijarrosa.es/,wikidata_P856,1,
INE49052,municipality,49052,Coomonte,Castilla y León,Zamora,180,,,0,
INE18005,municipality,18005,Albuñán,Andalucía,Granada,422,https://www.albunan.es/,wikidata_P856,1,
INE23055,municipality,23055,Linares,Andalucía,Jaén,55633,http://www.ciudaddelinares.es/,wikidata_P856,1,
INE03122,municipality,03122,Sant Vicent del Raspeig/San Vicente del Raspeig,Comunitat Valenciana,Alacant/Alicante,60247,http://www.raspeig.es/,wikidata_P856,1,
INE40192,municipality,40192,Sauquillo de Cabezas,Castilla y León,Segovia,135,https://www.sauquillodecabezas.es/,wikidata_P856,1,
INE22214,municipality,22214,Secastilla,Aragón,Huesca,142,http://www.secastilla.es/,wikidata_P856,1,
INE34059,municipality,34059,Cisneros,Castilla y León,Palencia,426,http://cisneros.dip-palencia.es/,wikidata_P856,1,
INE42008,municipality,42008,Alcubilla de las Peñas,Castilla y León,Soria,61,,,0,
INE09418,municipality,09418,Valles de Palenzuela,Castilla y León,Burgos,74,http://www.vallesdepalenzuela.es/,wikidata_P856,1,
INE16908,municipality,16908,Pozorrubielos de la Mancha,Castilla-La Mancha,Cuenca,166,,,0,
INE03007,municipality,03007,Alcosser,Comunitat Valenciana,Alacant/Alicante,263,http://www.alcocerdeplanes.es/,wikidata_P856,1,
INE47224,municipality,47224,Villarmentero de Esgueva,Castilla y León,Valladolid,99,,,0,
INE22112,municipality,22112,Fraga,Aragón,Huesca,15576,http://www.fraga.org/,wikidata_P856,1,
INE22023,municipality,22023,Almuniente,Aragón,Huesca,448,http://www.almuniente.es/,wikidata_P856,1,
INE15060,municipality,15060,Oroso,Galicia,"Coruña, A",7776,http://www.concellooroso.com/,wikidata_P856,1,
INE31008,municipality,31008,Aguilar de Codés,"Navarra, Comunidad Foral de",Navarra,74,,,0,
INE50060,municipality,50060,Bulbuente,Aragón,Zaragoza,250,http://aytobulbuente.es/,wikidata_P856,1,
INE27003,municipality,27003,Antas de Ulla,Galicia,Lugo,1822,http://www.concellodeantas.org/,wikidata_P856,1,
INE15091,municipality,15091,Vilarmaior,Galicia,"Coruña, A",1242,http://concellodevilarmaior.es/,wikidata_P856,1,
INE15014,municipality,15014,Cabana de Bergantiños,Galicia,"Coruña, A",4067,http://www.concello-cabana.com/,wikidata_P856,1,
INE42069,municipality,42069,Covaleda,Castilla y León,Soria,1560,http://www.covaleda.org/,wikidata_P856,1,
INE06002,municipality,06002,Aceuchal,Extremadura,Badajoz,5307,http://www.aceuchal.es/,wikidata_P856,1,
INE44040,municipality,44040,Berge,Aragón,Teruel,218,http://www.berge.es/,wikidata_P856,1,
INE42127,municipality,42127,Nafría de Ucero,Castilla y León,Soria,35,,,0,
INE03092,municipality,03092,Muro de Alcoy,Comunitat Valenciana,Alacant/Alicante,9372,http://www.vilademuro.net/,wikidata_P856,1,
INE12002,municipality,12002,Aín,Comunitat Valenciana,Castelló/Castellón,133,http://www.ajuntamentdain.es/,wikidata_P856,1,
INE10116,municipality,10116,Malpartida de Plasencia,Extremadura,Cáceres,4666,http://www.malpartidadeplasencia.es/,wikidata_P856,1,
INE18124,municipality,18124,Lújar,Andalucía,Granada,491,http://www.lujar.es/,wikidata_P856,1,
INE18189,municipality,18189,Víznar,Andalucía,Granada,1006,https://ayuntamientodeviznar.es/,wikidata_P856,1,
INE12119,municipality,12119,"Torre d'en Besora, la",Comunitat Valenciana,Castelló/Castellón,164,http://www.latorredenbesora.es/,wikidata_P856,1,
INE18904,municipality,18904,Alpujarra de la Sierra,Andalucía,Granada,933,http://www.alpujarrasierra.com/,wikidata_P856,1,
INE19074,municipality,19074,Caspueñas,Castilla-La Mancha,Guadalajara,120,,,0,
INE42197,municipality,42197,Valderrodilla,Castilla y León,Soria,59,,,0,
INE49138,municipality,49138,Olmillos de Castro,Castilla y León,Zamora,182,,,0,
INE49152,municipality,49152,Pereruela,Castilla y León,Zamora,499,http://www.aytopereruela.org/,wikidata_P856,1,
INE34024,municipality,34024,Baquerín de Campos,Castilla y León,Palencia,20,http://baquerindecampos.es/,wikidata_P856,1,
INE09392,municipality,09392,Tosantos,Castilla y León,Burgos,48,http://www.tosantos.es/,wikidata_P856,1,
INE37052,municipality,37052,Boada,Castilla y León,Salamanca,259,,,0,
INE09018,municipality,09018,Aranda de Duero,Castilla y León,Burgos,33956,http://www.arandadeduero.es/,wikidata_P856,1,
INE16058,municipality,16058,Carrascosa de Haro,Castilla-La Mancha,Cuenca,87,,,0,
INE24203,municipality,24203,Villabraz,Castilla y León,León,82,http://www.aytovillabraz.es/,wikidata_P856,1,
INE37038,municipality,37038,Babilafuente,Castilla y León,Salamanca,924,,,0,
INE09214,municipality,09214,Merindad de Montija,Castilla y León,Burgos,723,https://www.merindaddemontija.es/,wikidata_P856,1,
INE49075,municipality,49075,Fresno de la Polvorosa,Castilla y León,Zamora,117,,,0,
INE50161,municipality,50161,Manchones,Aragón,Zaragoza,91,,,0,
INE15008,municipality,15008,Bergondo,Galicia,"Coruña, A",7135,http://www.concellodebergondo.com/,wikidata_P856,1,
INE46026,municipality,46026,Alfarb,Comunitat Valenciana,València/Valencia,1763,http://www.alfarp.es/,wikidata_P856,1,
INE09227,municipality,09227,Montorio,Castilla y León,Burgos,138,http://www.montorio.es/,wikidata_P856,1,
INE01013,municipality,01013,Barrundia,País Vasco,Araba/Álava,882,http://www.barrundia.net/,wikidata_P856,1,
INE45033,municipality,45033,"Campillo de la Jara, El",Castilla-La Mancha,Toledo,326,,,0,
INE25124,municipality,25124,Lladurs,Cataluña,Lleida,186,http://www.lladurs.cat/,wikidata_P856,1,
INE44235,municipality,44235,Tramacastilla,Aragón,Teruel,133,https://www.tramacastilla.com/,wikidata_P856,1,
INE44159,municipality,44159,Moscardón,Aragón,Teruel,62,https://www.moscardon.es/,wikidata_P856,1,
INE49226,municipality,49226,Vadillo de la Guareña,Castilla y León,Zamora,240,,,0,
INE22205,municipality,22205,San Esteban de Litera,Aragón,Huesca,672,http://www.sanestebandelitera.es/,wikidata_P856,1,
INE31046,municipality,31046,Barbarin,"Navarra, Comunidad Foral de",Navarra,46,,,0,
INE29024,municipality,29024,Benalauría,Andalucía,Málaga,460,http://www.benalauria.es/,wikidata_P856,1,
INE40082,municipality,40082,Fuente de Santa Cruz,Castilla y León,Segovia,105,http://www.fuentedesantacruz.com/,wikidata_P856,1,
INE37199,municipality,37199,Monsagro,Castilla y León,Salamanca,129,,,0,
INE21062,municipality,21062,Rosal de la Frontera,Andalucía,Huelva,1676,http://www.rosaldelafrontera.es/,wikidata_P856,1,
INE42043,municipality,42043,Burgo de Osma-Ciudad de Osma,Castilla y León,Soria,5283,https://www.burgodeosma.com/,wikidata_P856,1,
INE16110,municipality,16110,Huerta de la Obispalía,Castilla-La Mancha,Cuenca,126,http://www.huertadelaobispalia.com/,wikidata_P856,1,
INE22126,municipality,22126,Ibieca,Aragón,Huesca,110,http://www.ibieca.es/,wikidata_P856,1,
INE09445,municipality,09445,Villambistia,Castilla y León,Burgos,44,http://www.villambistia.es/,wikidata_P856,1,
INE26029,municipality,26029,Bergasillas Bajera,"Rioja, La","Rioja, La",31,https://www.bergasillasbajera.com/,wikidata_P856,1,
INE49108,municipality,49108,Manganeses de la Lampreana,Castilla y León,Zamora,438,https://www.manganesesdelalampreana.es/,wikidata_P856,1,
INE37184,municipality,37184,Masueco,Castilla y León,Salamanca,240,http://www.masueco.es/,wikidata_P856,1,
INE37081,municipality,37081,Cantalapiedra,Castilla y León,Salamanca,884,,,0,
INE05044,municipality,05044,Cabezas del Villar,Castilla y León,Ávila,217,http://www.cabezasdelvillar.es/,wikidata_P856,1,
INE40229,municipality,40229,Villaverde de Montejo,Castilla y León,Segovia,22,http://www.villaverdedemontejo.es/,wikidata_P856,1,
INE10211,municipality,10211,Villanueva de la Sierra,Extremadura,Cáceres,478,,,0,
INE26163,municipality,26163,Ventosa,"Rioja, La","Rioja, La",196,http://www.aytoventosa.org/,wikidata_P856,1,
INE47042,municipality,47042,Castromembibre,Castilla y León,Valladolid,49,,,0,
INE02022,municipality,02022,Casas de Lázaro,Castilla-La Mancha,Albacete,298,http://www.casasdelazaro.es/,clm_directorio_entidades_locales,0,
INE49158,municipality,49158,"Piñero, El",Castilla y León,Zamora,210,https://ayuntamientoelpinero.es/,wikidata_P856,1,
INE47001,municipality,47001,Adalia,Castilla y León,Valladolid,50,,,0,
INE44035,municipality,44035,Barrachina,Aragón,Teruel,113,,,0,
INE42129,municipality,42129,Navaleno,Castilla y León,Soria,698,http://www.navaleno.es/,wikidata_P856,1,
INE02027,municipality,02027,Corral-Rubio,Castilla-La Mancha,Albacete,303,http://www.corralrubio.es/,clm_directorio_entidades_locales,0,
INE42113,municipality,42113,Medinaceli,Castilla y León,Soria,686,http://www.medinaceli.info/,wikidata_P856,1,
INE20051,municipality,20051,Legazpi,País Vasco,Gipuzkoa,8384,https://www.legazpi.eus/,wikidata_P856,1,
INE20024,municipality,20024,Bidania-Goiatz,País Vasco,Gipuzkoa,530,http://www.bidania-goiatz.eus/,wikidata_P856,1,
INE09024,municipality,09024,Arenillas de Riopisuerga,Castilla y León,Burgos,156,http://www.arenillasderiopisuerga.es/,wikidata_P856,1,
INE06067,municipality,06067,Higuera la Real,Extremadura,Badajoz,2186,http://www.higueralareal.es/,wikidata_P856,1,
INE23096,municipality,23096,Villanueva de la Reina,Andalucía,Jaén,2941,http://www.vreina.com/,wikidata_P856,1,
INE09398,municipality,09398,Úrbel del Castillo,Castilla y León,Burgos,53,http://www.urbeldelcastillo.es/,wikidata_P856,1,
INE32066,municipality,32066,Quintela de Leirado,Galicia,Ourense,587,,,0,
INE24224,municipality,24224,Villares de Órbigo,Castilla y León,León,557,http://www.aytovillaresdeorbigo.es/,wikidata_P856,1,
INE08087,municipality,08087,Gallifa,Cataluña,Barcelona,171,https://www.gallifa.cat/,wikidata_P856,1,
INE49146,municipality,49146,"Pego, El",Castilla y León,Zamora,268,http://www.aytoelpego.com/,wikidata_P856,1,
INE47019,municipality,47019,Berrueces,Castilla y León,Valladolid,85,,,0,
INE19212,municipality,19212,Pastrana,Castilla-La Mancha,Guadalajara,971,https://ayuntamiento.pastrana.org/,clm_directorio_entidades_locales,0,
INE37198,municipality,37198,Monleras,Castilla y León,Salamanca,241,http://monleras.es/,wikidata_P856,1,
INE22049,municipality,22049,Barbués,Aragón,Huesca,97,http://www.barbues.es/,wikidata_P856,1,
INE05151,municipality,05151,Navacepedilla de Corneja,Castilla y León,Ávila,99,http://www.navacepedilladecorneja.es/,wikidata_P856,1,
INE31217,municipality,31217,San Martín de Unx,"Navarra, Comunidad Foral de",Navarra,352,,,0,
INE16062,municipality,16062,Casas de Garcimolina,Castilla-La Mancha,Cuenca,30,http://www.garcimolina.net/,wikidata_P856,1,
INE42198,municipality,42198,Valtajeros,Castilla y León,Soria,16,,,0,
INE42157,municipality,42157,"Riba de Escalote, La",Castilla y León,Soria,9,,,0,
INE24065,municipality,24065,Chozas de Abajo,Castilla y León,León,2699,https://www.chozasdeabajo.com/,wikidata_P856,1,
INE44094,municipality,44094,Cuevas Labradas,Aragón,Teruel,126,http://www.cuevaslabradas.es/,wikidata_P856,1,
INE40230,municipality,40230,Villeguillo,Castilla y León,Segovia,129,http://www.villeguillo.es/,wikidata_P856,1,
INE37347,municipality,37347,"Vellés, La",Castilla y León,Salamanca,566,http://lavelles.es//,wikidata_P856,1,
INE19234,municipality,19234,Retiendas,Castilla-La Mancha,Guadalajara,52,,,0,
INE49015,municipality,49015,Arrabalde,Castilla y León,Zamora,186,,,0,
INE15075,municipality,15075,Sada,Galicia,"Coruña, A",17421,https://www.concellodesada.com/,wikidata_P856,1,
INE02075,municipality,02075,Valdeganga,Castilla-La Mancha,Albacete,1970,http://www.valdeganga.es/,clm_directorio_entidades_locales,0,
INE47081,municipality,47081,Marzales,Castilla y León,Valladolid,45,,,0,
INE19172,municipality,19172,Masegoso de Tajuña,Castilla-La Mancha,Guadalajara,84,,,0,
INE37187,municipality,37187,Matilla de los Caños del Río,Castilla y León,Salamanca,607,https://matilladeloscanosdelrio.com/,wikidata_P856,1,
INE32046,municipality,32046,Melón,Galicia,Ourense,1079,https://melon.gal/,wikidata_P856,1,
INE15037,municipality,15037,Fisterra,Galicia,"Coruña, A",4666,http://www.concellofisterra.com/,wikidata_P856,1,
INE16137,municipality,16137,Narboneta,Castilla-La Mancha,Cuenca,42,,,0,
INE28039,municipality,28039,Cervera de Buitrago,"Madrid, Comunidad de",Madrid,165,https://www.cerveradebuitrago.org/,wikidata_P856,1,
INE05025,municipality,05025,Becedillas,Castilla y León,Ávila,70,https://www.becedillas.es/,wikidata_P856,1,
INE40010,municipality,40010,Aldeanueva del Codonal,Castilla y León,Segovia,105,http://www.aldeanuevadelcodonal.es/,wikidata_P856,1,
INE02064,municipality,02064,Pozo-Lorente,Castilla-La Mancha,Albacete,398,http://www.pozo-lorente.es/,clm_directorio_entidades_locales,0,
INE06054,municipality,06054,Fuente del Maestre,Extremadura,Badajoz,6499,http://www.fuentedelmaestre.es/,wikidata_P856,1,
INE46126,municipality,46126,Foios,Comunitat Valenciana,València/Valencia,7995,http://www.foios.es/,wikidata_P856,1,
INE16276,municipality,16276,Yémeda,Castilla-La Mancha,Cuenca,18,,,0,
INE32080,municipality,32080,"Teixeira, A",Galicia,Ourense,328,http://www.ateixeira.es/,wikidata_P856,1,
INE44023,municipality,44023,Allueva,Aragón,Teruel,31,,,0,
INE37345,municipality,37345,Vega de Tirados,Castilla y León,Salamanca,139,https://www.ayuntamientovegadetirados.com/,wikidata_P856,1,
INE49081,municipality,49081,Fuentesaúco,Castilla y León,Zamora,1593,http://www.fuentesauco.es/,wikidata_P856,1,
INE05214,municipality,05214,San Lorenzo de Tormes,Castilla y León,Ávila,32,https://www.sanlorenzodetormes.es/,wikidata_P856,1,
INE22175,municipality,22175,Peralta de Calasanz,Aragón,Huesca,206,http://www.peraltadelasal.com/,wikidata_P856,1,
INE46089,municipality,46089,Casinos,Comunitat Valenciana,València/Valencia,3153,https://www.casinos.es/,wikidata_P856,1,
INE12072,municipality,12072,Llucena/Lucena del Cid,Comunitat Valenciana,Castelló/Castellón,1421,http://www.lucenadelcid.es/,wikidata_P856,1,
INE23061,municipality,23061,Mengíbar,Andalucía,Jaén,10250,http://aytomengibar.com/,wikidata_P856,1,
INE05086,municipality,05086,Gimialcón,Castilla y León,Ávila,73,https://www.gimialcon.es/,wikidata_P856,1,
INE44151,municipality,44151,Molinos,Aragón,Teruel,232,https://www.molinos.es/,wikidata_P856,1,
INE10099,municipality,10099,Holguera,Extremadura,Cáceres,588,https://www.holguera.es/,wikidata_P856,1,
INE49248,municipality,49248,Villalobos,Castilla y León,Zamora,200,,,0,
INE18097,municipality,18097,Huéneja,Andalucía,Granada,1180,https://hueneja.es/,wikidata_P856,1,
INE50088,municipality,50088,Cosuenda,Aragón,Zaragoza,344,http://www.ayto-cosuenda.com/,wikidata_P856,1,
INE22226,municipality,22226,Tardienta,Aragón,Huesca,952,http://www.tardienta.es/,wikidata_P856,1,
INE50114,municipality,50114,Fuendetodos,Aragón,Zaragoza,130,http://www.fuendetodos.org/,wikidata_P856,1,
INE23034,municipality,23034,Fuensanta de Martos,Andalucía,Jaén,3030,http://www.fuensantademartos.es/,wikidata_P856,1,
INE37055,municipality,37055,Bogajo,Castilla y León,Salamanca,124,http://www.bogajo.es/,wikidata_P856,1,
INE41904,municipality,41904,"Palmar de Troya, El",Andalucía,Sevilla,2301,http://www.elpalmardetroya.es/,wikidata_P856,1,
INE05116,municipality,05116,Malpartida de Corneja,Castilla y León,Ávila,89,http://www.malpartidadecorneja.es/,wikidata_P856,1,
INE39038,municipality,39038,Limpias,Cantabria,Cantabria,1983,http://www.limpias.es/,wikidata_P856,1,
INE42174,municipality,42174,Sotillo del Rincón,Castilla y León,Soria,171,http://www.sotillodelrincon.es/,wikidata_P856,1,
INE06035,municipality,06035,Castilblanco,Extremadura,Badajoz,820,http://www.castilblanco.es/,wikidata_P856,1,
INE25193,municipality,25193,Sant Llorenç de Morunys,Cataluña,Lleida,983,http://santllorens.ddl.net/,wikidata_P856,1,
INE05067,municipality,05067,Chamartín,Castilla y León,Ávila,61,http://www.chamartin.es/,wikidata_P856,1,
INE16906,municipality,16906,"Valdecolmenas, Los",Castilla-La Mancha,Cuenca,69,,,0,
INE32006,municipality,32006,Bande,Galicia,Ourense,1460,,,0,
INE24044,municipality,24044,Castrillo de la Valduerna,Castilla y León,León,136,http://www.aytocastrillodelavalduerna.es/,wikidata_P856,1,
INE47085,municipality,47085,Medina del Campo,Castilla y León,Valladolid,20215,http://www.ayto-medinadelcampo.es/phtml/index.phtml,wikidata_P856,1,
INE34143,municipality,34143,Quintanilla de Onsoña,Castilla y León,Palencia,167,http://quintanilladeonsona.dip-palencia.es/,wikidata_P856,1,
INE31073,municipality,31073,Ziordia,"Navarra, Comunidad Foral de",Navarra,359,,,0,
INE10021,municipality,10021,Arroyo de la Luz,Extremadura,Cáceres,5495,http://www.arroyodelaluz.es/,wikidata_P856,1,
INE22903,municipality,22903,San Miguel del Cinca,Aragón,Huesca,775,http://www.sanmigueldecinca.es/,wikidata_P856,1,
INE42108,municipality,42108,Maján,Castilla y León,Soria,10,,,0,
INE49149,municipality,49149,Peñausende,Castilla y León,Zamora,386,,,0,
INE34028,municipality,34028,Báscones de Ojeda,Castilla y León,Palencia,136,http://basconesdeojeda.dip-palencia.es/,wikidata_P856,1,
INE19262,municipality,19262,Tamajón,Castilla-La Mancha,Guadalajara,153,http://www.tamajon.es/,clm_directorio_entidades_locales,0,
INE04054,municipality,04054,Íllar,Andalucía,Almería,492,http://www.illar.es/,wikidata_P856,1,
INE44087,municipality,44087,Crivillén,Aragón,Teruel,92,,,0,
INE10215,municipality,10215,Villasbuenas de Gata,Extremadura,Cáceres,481,,,0,
INE05183,municipality,05183,Pedro-Rodríguez,Castilla y León,Ávila,131,http://www.pedrorodriguez.es/,wikidata_P856,1,
INE22096,municipality,22096,Chimillas,Aragón,Huesca,407,http://www.chimillas.es/,wikidata_P856,1,
INE34050,municipality,34050,Castrillo de Don Juan,Castilla y León,Palencia,177,http://castrillodedonjuan.es/,wikidata_P856,1,
INE37115,municipality,37115,Dios le Guarde,Castilla y León,Salamanca,116,,,0,
INE32023,municipality,32023,"Castro de Caldelas, O",Galicia,Ourense,1244,,,1,tourism_only
INE42207,municipality,42207,Villar del Ala,Castilla y León,Soria,50,http://www.villardelala.es/,wikidata_P856,1,
INE46114,municipality,46114,Domeño,Comunitat Valenciana,València/Valencia,723,http://www.domeno.es/,wikidata_P856,1,
INE09345,municipality,09345,Santa Cruz de la Salceda,Castilla y León,Burgos,148,http://santacruzdelasalceda.burgos.es/,wikidata_P856,1,
INE37183,municipality,37183,Martín de Yeltes,Castilla y León,Salamanca,383,http://martindeyeltes.es//,wikidata_P856,1,
INE03010,municipality,03010,Alfafara,Comunitat Valenciana,Alacant/Alicante,419,http://www.alfafara.es/,wikidata_P856,1,
INE28109,municipality,28109,Pelayos de la Presa,"Madrid, Comunidad de",Madrid,3195,http://pelayosdelapresa.es/,wikidata_P856,1,
INE08011,municipality,08011,Avià,Cataluña,Barcelona,2267,https://www.avia.cat/,wikidata_P856,1,
INE04005,municipality,04005,Alboloduy,Andalucía,Almería,579,http://www.alboloduy.es/,wikidata_P856,1,
INE19080,municipality,19080,Cendejas de Enmedio,Castilla-La Mancha,Guadalajara,68,,,0,
INE36016,municipality,36016,Dozón,Galicia,Pontevedra,961,,,0,
INE08901,municipality,08901,Rupit i Pruit,Cataluña,Barcelona,280,http://www.rupitpruit.cat/,wikidata_P856,1,
INE22046,municipality,22046,Ballobar,Aragón,Huesca,862,https://www.ballobar.es/,wikidata_P856,1,
INE40065,municipality,40065,Chañe,Castilla y León,Segovia,739,http://www.chane.es/,wikidata_P856,1,
INE34176,municipality,34176,Sotobañado y Priorato,Castilla y León,Palencia,154,https://sotobanadoypriorato.es/,wikidata_P856,1,
INE17197,municipality,17197,Torrent,Cataluña,Girona,182,http://www.torrent.cat/,wikidata_P856,1,
INE37266,municipality,37266,"Redonda, La",Castilla y León,Salamanca,61,,,0,
INE45006,municipality,45006,Alcaudete de la Jara,Castilla-La Mancha,Toledo,1720,http://www.alcaudetedelajara.es/,clm_directorio_entidades_locales,0,
INE09200,municipality,09200,Mambrillas de Lara,Castilla y León,Burgos,54,http://www.mambrillasdelara.es/,wikidata_P856,1,
INE50224,municipality,50224,Retascón,Aragón,Zaragoza,77,,,0,
INE34022,municipality,34022,Baltanás,Castilla y León,Palencia,1226,http://www.baltanas.es/,wikidata_P856,1,
INE42044,municipality,42044,Cabrejas del Campo,Castilla y León,Soria,48,http://www.cabrejasdelcampo.es/,wikidata_P856,1,
INE47193,municipality,47193,Viana de Cega,Castilla y León,Valladolid,2282,,,0,
INE37016,municipality,37016,Aldealengua,Castilla y León,Salamanca,730,http://aldealengua.es/,wikidata_P856,1,
INE32073,municipality,32073,Rubiá,Galicia,Ourense,1391,https://rubia.es/,wikidata_P856,1,
INE03115,municipality,03115,Sagra,Comunitat Valenciana,Alacant/Alicante,441,http://www.sagra.es/,wikidata_P856,1,
INE46151,municipality,46151,Llocnou d'En Fenollet,Comunitat Valenciana,València/Valencia,944,http://www.llocnoudenfenollet.es/,wikidata_P856,1,
INE46211,municipality,46211,"Real de Gandia, el",Comunitat Valenciana,València/Valencia,2722,http://www.realdegandia.es/,wikidata_P856,1,
INE08212,municipality,08212,Sant Feliu Sasserra,Cataluña,Barcelona,633,https://www.santfeliusasserra.cat/,wikidata_P856,1,
INE32050,municipality,32050,Monterrei,Galicia,Ourense,2403,https://www.monterrei.es/,wikidata_P856,1,
INE50164,municipality,50164,Mediana de Aragón,Aragón,Zaragoza,469,,,0,
INE46125,municipality,46125,Fortaleny,Comunitat Valenciana,València/Valencia,1024,http://www.fortaleny.es/,wikidata_P856,1,
INE05141,municipality,05141,Muñopepe,Castilla y León,Ávila,95,http://www.munopepe.es/,wikidata_P856,1,
INE42123,municipality,42123,Morón de Almazán,Castilla y León,Soria,196,,,0,
INE10164,municipality,10164,San Martín de Trevejo,Extremadura,Cáceres,693,http://sanmartindetrevejo.es/,wikidata_P856,1,
INE05189,municipality,05189,Poyales del Hoyo,Castilla y León,Ávila,498,http://www.poyalesdelhoyo.es/,wikidata_P856,1,
INE49208,municipality,49208,San Vicente de la Cabeza,Castilla y León,Zamora,309,http://aytosanvicentecabeza.es/,wikidata_P856,1,
INE49128,municipality,49128,Morales de Rey,Castilla y León,Zamora,529,http://www.moralesdelrey.com/,wikidata_P856,1,
INE05194,municipality,05194,Riocabado,Castilla y León,Ávila,129,https://www.riocabado.es/,wikidata_P856,1,
INE19147,municipality,19147,Huérmeces del Cerro,Castilla-La Mancha,Guadalajara,43,,,0,
INE26183,municipality,26183,Zorraquín,"Rioja, La","Rioja, La",88,http://www.zorraquin.org/,wikidata_P856,1,
INE39002,municipality,39002,Ampuero,Cantabria,Cantabria,4518,http://www.ayuntamientodeampuero.es/,wikidata_P856,1,
INE16056,municipality,16056,Cardenete,Castilla-La Mancha,Cuenca,479,http://www.cardenete.org/,clm_directorio_entidades_locales,0,
INE09064,municipality,09064,Caleruega,Castilla y León,Burgos,385,http://www.caleruega.es/,wikidata_P856,1,
INE46225,municipality,46225,Sellent,Comunitat Valenciana,València/Valencia,383,http://www.sellent.es/,wikidata_P856,1,
INE41019,municipality,41019,Burguillos,Andalucía,Sevilla,7448,http://www.burguillos.es/,wikidata_P856,1,
INE25175,municipality,25175,Prats i Sansor,Cataluña,Lleida,252,http://pratssansor.ddl.net/,wikidata_P856,1,
INE32087,municipality,32087,Vilamarín,Galicia,Ourense,1836,http://www.vilamarin.es/,wikidata_P856,1,
INE42190,municipality,42190,Vadillo,Castilla y León,Soria,81,http://www.vadillo.es/,wikidata_P856,1,
INE44109,municipality,44109,Frías de Albarracín,Aragón,Teruel,109,https://www.friasdealbarracin.es/,wikidata_P856,1,
INE06121,municipality,06121,Santa Marta,Extremadura,Badajoz,4201,http://www.santamartadelosbarros.com/,wikidata_P856,1,
INE47004,municipality,47004,Alaejos,Castilla y León,Valladolid,1427,http://usuarios.lycos.es/turalaejos//,wikidata_P856,1,
INE22130,municipality,22130,Jaca,Aragón,Huesca,14024,http://www.jaca.es/,wikidata_P856,1,
INE37124,municipality,37124,Endrinal,Castilla y León,Salamanca,201,,,0,
INE37219,municipality,37219,Navarredonda de la Rinconada,Castilla y León,Salamanca,153,https://www.navarredondadelarinconada.es/,wikidata_P856,1,
INE22044,municipality,22044,Bailo,Aragón,Huesca,265,http://www.bailo.es/,wikidata_P856,1,
INE26037,municipality,26037,Camprovín,"Rioja, La","Rioja, La",158,http://camprovin.com/,wikidata_P856,1,
INE50903,municipality,50903,Villamayor de Gállego,Aragón,Zaragoza,2841,http://www.aytovillamayorzgz.es/,wikidata_P856,1,
INE37254,municipality,37254,Pitiegua,Castilla y León,Salamanca,173,,,0,
INE39100,municipality,39100,Villafufre,Cantabria,Cantabria,1022,http://www.villafufre.com/,wikidata_P856,1,
INE10208,municipality,10208,Villa del Rey,Extremadura,Cáceres,118,,,0,
INE18012,municipality,18012,Algarinejo,Andalucía,Granada,2335,https://www.algarinejo.es/,wikidata_P856,1,
INE44147,municipality,44147,Mazaleón,Aragón,Teruel,474,https://www.mazaleon.es/,wikidata_P856,1,
INE41061,municipality,41061,Marinaleda,Andalucía,Sevilla,2562,http://www.marinaleda.es/,wikidata_P856,1,
INE44106,municipality,44106,Fortanete,Aragón,Teruel,195,http://www.fortanete.net/,wikidata_P856,1,
INE31004,municipality,31004,Abaurrepea/Abaurrea Baja,"Navarra, Comunidad Foral de",Navarra,30,,,0,
INE05058,municipality,05058,Cepeda la Mora,Castilla y León,Ávila,63,http://www.cepedalamora.es/,wikidata_P856,1,
INE05122,municipality,05122,Martínez,Castilla y León,Ávila,109,http://www.martinez.es/,wikidata_P856,1,
INE36049,municipality,36049,Salceda de Caselas,Galicia,Pontevedra,9409,http://www.salcedadecaselas.es/,wikidata_P856,1,
INE03056,municipality,03056,Cocentaina,Comunitat Valenciana,Alacant/Alicante,11498,http://www.cocentaina.es/,wikidata_P856,1,
INE24142,municipality,24142,San Andrés del Rabanedo,Castilla y León,León,29944,http://www.aytosanandres.org/,wikidata_P856,1,
INE46134,municipality,46134,Gilet,Comunitat Valenciana,València/Valencia,4011,http://www.gilet.es/,wikidata_P856,1,
INE11011,municipality,11011,"Bosque, El",Andalucía,Cádiz,2242,https://www.ayto-elbosque.es/,wikidata_P856,1,
INE20026,municipality,20026,Zerain,País Vasco,Gipuzkoa,284,https://www.zerain.eus/,wikidata_P856,1,
INE40194,municipality,40194,Segovia,Castilla y León,Segovia,52375,http://www.segovia.es/,wikidata_P856,1,
INE37192,municipality,37192,Miranda de Azán,Castilla y León,Salamanca,451,https://www.mirandadeazan.com/,wikidata_P856,1,
INE40049,municipality,40049,Castroserna de Abajo,Castilla y León,Segovia,31,http://www.castrosernadeabajo.es/,wikidata_P856,1,
INE10005,municipality,10005,Aceituna,Extremadura,Cáceres,569,https://www.aceituna.es/,wikidata_P856,1,
INE27052,municipality,27052,Ribas de Sil,Galicia,Lugo,894,http://www.concelloribasdesil.es/,wikidata_P856,1,
INE05103,municipality,05103,Hoyorredondo,Castilla y León,Ávila,57,http://www.hoyorredondo.es/,wikidata_P856,1,
INE47053,municipality,47053,Cogeces de Íscar,Castilla y León,Valladolid,143,http://www.pueblos-espana.org/castilla+y+leon/valladolid/cogeces+de+iscar/,wikidata_P856,1,
INE09427,municipality,09427,Villadiego,Castilla y León,Burgos,1453,https://www.villadiego.es/,wikidata_P856,1,
INE15084,municipality,15084,Tordoia,Galicia,"Coruña, A",3152,http://www.tordoia.gal/,wikidata_P856,1,
INE36003,municipality,36003,Baiona,Galicia,Pontevedra,12361,http://www.baiona.gal/,wikidata_P856,1,
INE08082,municipality,08082,Fogars de la Selva,Cataluña,Barcelona,1704,http://www.fogarsdelaselva.cat/,wikidata_P856,1,
INE44118,municipality,44118,"Ginebrosa, La",Aragón,Teruel,188,http://www.la-ginebrosa.es/,wikidata_P856,1,
INE36054,municipality,36054,Tomiño,Galicia,Pontevedra,13738,https://tomino.gal/,wikidata_P856,1,
INE09440,municipality,09440,Villalbilla de Gumiel,Castilla y León,Burgos,73,http://www.villalbilladegumiel.es/,wikidata_P856,1,
INE41026,municipality,41026,Casariche,Andalucía,Sevilla,5291,http://www.casariche.es/,wikidata_P856,1,
INE24038,municipality,24038,Carracedelo,Castilla y León,León,3423,http://www.carracedelo.org/,wikidata_P856,1,
INE44261,municipality,44261,Villarquemado,Aragón,Teruel,901,http://www.villarquemado.es/,wikidata_P856,1,
INE10153,municipality,10153,Puerto de Santa Cruz,Extremadura,Cáceres,268,http://www.puertodesantacruz.es/,wikidata_P856,1,
INE26059,municipality,26059,Entrena,"Rioja, La","Rioja, La",1660,http://www.entrena.org/,wikidata_P856,1,
INE20007,municipality,20007,Altzo,País Vasco,Gipuzkoa,447,http://www.altzo.net/,wikidata_P856,1,
INE45079,municipality,45079,"Iglesuela del Tiétar, La",Castilla-La Mancha,Toledo,448,http://www.laiglesuela.es/,clm_directorio_entidades_locales,0,
INE06139,municipality,06139,Valencia de las Torres,Extremadura,Badajoz,486,http://www.valenciadelastorres.com/,wikidata_P856,1,
INE34213,municipality,34213,Villalaco,Castilla y León,Palencia,67,,,0,
INE16104,municipality,16104,Hontecillas,Castilla-La Mancha,Cuenca,54,,,0,
INE08063,municipality,08063,Castellolí,Cataluña,Barcelona,669,https://www.castelloli.cat/,wikidata_P856,1,
INE48916,municipality,48916,Usansolo,País Vasco,Bizkaia,4565,https://www.usansolo.eu/,wikidata_P856,1,
INE39011,municipality,39011,Bareyo,Cantabria,Cantabria,2124,http://www.aytobareyo.org/,wikidata_P856,1,
INE28133,municipality,28133,San Martín de Valdeiglesias,"Madrid, Comunidad de",Madrid,9324,http://www.sanmartindevaldeiglesias.es/,wikidata_P856,1,
INE28056,municipality,28056,Fresnedillas de la Oliva,"Madrid, Comunidad de",Madrid,1883,https://www.fresnedillasdelaoliva.es/,wikidata_P856,1,
INE01056,municipality,01056,Harana/Valle de Arana,País Vasco,Araba/Álava,212,http://www.valledearana.net/,wikidata_P856,1,
INE05104,municipality,05104,Hoyos del Collado,Castilla y León,Ávila,28,http://www.hoyosdelcollado.es/,wikidata_P856,1,
INE50292,municipality,50292,Villarreal de Huerva,Aragón,Zaragoza,270,http://aytovillarrealdehuerva.es/,wikidata_P856,1,
INE49166,municipality,49166,Puebla de Sanabria,Castilla y León,Zamora,1378,http://www.pueblasanabria.org/,wikidata_P856,1,
INE40043,municipality,40043,Carbonero el Mayor,Castilla y León,Segovia,2463,http://www.carboneroelmayor.es/,wikidata_P856,1,
INE45179,municipality,45179,Valdeverdeja,Castilla-La Mancha,Toledo,598,http://www.valdeverdeja.es/,clm_directorio_entidades_locales,0,
INE15029,municipality,15029,Coristanco,Galicia,"Coruña, A",5710,https://www.coristanco.gal/,wikidata_P856,1,
INE46062,municipality,46062,Benigànim,Comunitat Valenciana,València/Valencia,5759,http://www.beniganim.es/,wikidata_P856,1,
INE32077,municipality,32077,Sandiás,Galicia,Ourense,1086,http://www.sandias.es/,wikidata_P856,1,
INE46023,municipality,46023,Alfauir,Comunitat Valenciana,València/Valencia,515,http://www.alfauir.es/,wikidata_P856,1,
INE09307,municipality,09307,Redecilla del Camino,Castilla y León,Burgos,98,http://www.redecilladelcamino.es/,wikidata_P856,1,
INE15046,municipality,15046,Melide,Galicia,"Coruña, A",7817,http://www.concellodemelide.gal/,wikidata_P856,1,
INE22251,municipality,22251,Villanueva de Sigena,Aragón,Huesca,340,http://www.villanuevadesigena.com/,wikidata_P856,1,
INE18181,municipality,18181,Turón,Andalucía,Granada,203,http://www.turon.es/,wikidata_P856,1,
INE09279,municipality,09279,Quemada,Castilla y León,Burgos,242,http://www.quemada.es/,wikidata_P856,1,
INE15027,municipality,15027,Coirós,Galicia,"Coruña, A",1945,http://www.coiros.es/,wikidata_P856,1,
INE50053,municipality,50053,Boquiñeni,Aragón,Zaragoza,743,https://boquineni.com/,wikidata_P856,1,
INE37149,municipality,37149,Garcirrey,Castilla y León,Salamanca,52,,,0,
INE09262,municipality,09262,Peral de Arlanza,Castilla y León,Burgos,169,http://www.peraldearlanza.es/,wikidata_P856,1,
INE37025,municipality,37025,Aldehuela de la Bóveda,Castilla y León,Salamanca,260,,,0,
INE49111,municipality,49111,Manzanal del Barco,Castilla y León,Zamora,118,https://manzanaldelbarco.net/,wikidata_P856,1,
INE31035,municipality,31035,Armañanzas,"Navarra, Comunidad Foral de",Navarra,47,http://www.armananzas.es/,wikidata_P856,1,
INE47047,municipality,47047,Castroverde de Cerrato,Castilla y León,Valladolid,192,,,0,
INE24040,municipality,24040,Carrocera,Castilla y León,León,437,http://www.aytocarrocera.es/,wikidata_P856,1,
INE16159,municipality,16159,Pinarejo,Castilla-La Mancha,Cuenca,172,,,0,
INE37246,municipality,37246,Peñaranda de Bracamonte,Castilla y León,Salamanca,6162,https://www.bracamonte.es/,wikidata_P856,1,
INE13026,municipality,13026,Cabezarrubias del Puerto,Castilla-La Mancha,Ciudad Real,483,,,0,
INE26166,municipality,26166,Villalba de Rioja,"Rioja, La","Rioja, La",155,,,0,
INE49067,municipality,49067,Ferreras de Arriba,Castilla y León,Zamora,350,,,0,
INE32088,municipality,32088,Vilamartín de Valdeorras,Galicia,Ourense,1817,http://www.vilamartindevaldeorras.es/,wikidata_P856,1,
INE12007,municipality,12007,Alfondeguilla,Comunitat Valenciana,Castelló/Castellón,881,http://www.alfondeguilla.es/,wikidata_P856,1,
INE34086,municipality,34086,Hontoria de Cerrato,Castilla y León,Palencia,108,http://hontoriadecerrato.es/,wikidata_P856,1,
INE22013,municipality,22013,Alberuela de Tubo,Aragón,Huesca,270,http://www.alberueladetubo.es/,wikidata_P856,1,
INE22114,municipality,22114,Gistaín,Aragón,Huesca,114,http://www.gistain.es/,wikidata_P856,1,
INE50046,municipality,50046,Belmonte de Gracián,Aragón,Zaragoza,183,http://www.belmontedegracian.es/,wikidata_P856,1,
INE34017,municipality,34017,Astudillo,Castilla y León,Palencia,1041,http://www.astudillo.es/,wikidata_P856,1,
INE44077,municipality,44077,"Cerollera, La",Aragón,Teruel,77,http://www.lacerollera.es/,wikidata_P856,1,
INE05126,municipality,05126,Mesegar de Corneja,Castilla y León,Ávila,62,http://www.mesegardecorneja.es/,wikidata_P856,1,
INE16242,municipality,16242,Villaconejos de Trabaque,Castilla-La Mancha,Cuenca,325,https://villaconejosdetrabaque.sedelectronica.es/,clm_directorio_entidades_locales,0,
INE40228,municipality,40228,Villaverde de Íscar,Castilla y León,Segovia,579,https://www.villaverdedeiscar.es/,wikidata_P856,1,
INE44065,municipality,44065,Castejón de Tornos,Aragón,Teruel,64,,,0,
INE06085,municipality,06085,Monesterio,Extremadura,Badajoz,4245,http://www.monesterio.es/,wikidata_P856,1,
INE10137,municipality,10137,Palomero,Extremadura,Cáceres,450,http://www.palomero.es/,wikidata_P856,1,
INE50108,municipality,50108,Fombuena,Aragón,Zaragoza,59,,,0,
INE47114,municipality,47114,Peñafiel,Castilla y León,Valladolid,5143,http://www.penafiel.es/,wikidata_P856,1,
INE10173,municipality,10173,Saucedilla,Extremadura,Cáceres,1002,http://www.saucedilla.es/,wikidata_P856,1,
INE05013,municipality,05013,"Arenal, El",Castilla y León,Ávila,961,http://www.elarenal.es/,wikidata_P856,1,
INE34037,municipality,34037,Buenavista de Valdavia,Castilla y León,Palencia,290,https://buenavistadevaldavia.es/,wikidata_P856,1,
INE12083,municipality,12083,Olocau del Rey,Comunitat Valenciana,Castelló/Castellón,135,http://www.olocaudelrey.es/,wikidata_P856,1,
INE40080,municipality,40080,Fresno de la Fuente,Castilla y León,Segovia,75,https://www.fresnodelafuente.es/,wikidata_P856,1,
INE45008,municipality,45008,Aldea en Cabo,Castilla-La Mancha,Toledo,184,,,0,
INE22040,municipality,22040,Azanuy-Alins,Aragón,Huesca,184,http://www.azanuy.com/,wikidata_P856,1,
INE49252,municipality,49252,Villamayor de Campos,Castilla y León,Zamora,330,,,0,
INE18015,municipality,18015,Alicún de Ortega,Andalucía,Granada,461,https://www.alicundeortega.es/,wikidata_P856,1,
INE10149,municipality,10149,Plasenzuela,Extremadura,Cáceres,536,http://plasenzuela.es/index.php,wikidata_P856,1,
INE34035,municipality,34035,Boadilla de Rioseco,Castilla y León,Palencia,95,http://abiadelastorres.es/,wikidata_P856,1,
INE42182,municipality,42182,Taroda,Castilla y León,Soria,45,http://www.taroda.es/,wikidata_P856,1,
INE42065,municipality,42065,Cirujales del Río,Castilla y León,Soria,21,http://www.cirujalesdelrio.es/,wikidata_P856,1,
INE04073,municipality,04073,Paterna del Río,Andalucía,Almería,399,http://www.paternadelrio.es/,wikidata_P856,1,
INE26167,municipality,26167,Villalobar de Rioja,"Rioja, La","Rioja, La",84,http://www.villalobarderioja.org/,wikidata_P856,1,
INE27020,municipality,27020,Friol,Galicia,Lugo,3608,http://www.concellodefriol.es/,wikidata_P856,1,
INE47013,municipality,47013,Barcial de la Loma,Castilla y León,Valladolid,98,,,0,
INE09202,municipality,09202,Manciles,Castilla y León,Burgos,21,http://www.manciles.es/,wikidata_P856,1,
INE31189,municipality,31189,Olazti/Olazagutía,"Navarra, Comunidad Foral de",Navarra,1444,,,0,
INE22248,municipality,22248,Vicién,Aragón,Huesca,149,http://www.vicien.es/,wikidata_P856,1,
INE34242,municipality,34242,Villodrigo,Castilla y León,Palencia,96,,,0,
INE47083,municipality,47083,Matilla de los Caños,Castilla y León,Valladolid,116,,,0,
INE34020,municipality,34020,Ayuela,Castilla y León,Palencia,48,https://ayuela.es/,wikidata_P856,1,
INE46113,municipality,46113,Daimús,Comunitat Valenciana,València/Valencia,3524,http://www.daimus.es/,wikidata_P856,1,
INE34063,municipality,34063,Cordovilla la Real,Castilla y León,Palencia,130,http://cordovillalareal.es/,wikidata_P856,1,
INE05168,municipality,05168,"Navas del Marqués, Las",Castilla y León,Ávila,5670,https://lasnavasdelmarques.es/,wikidata_P856,1,
INE22221,municipality,22221,Sesué,Aragón,Huesca,120,http://www.sesue.com/,wikidata_P856,1,
INE44266,municipality,44266,Visiedo,Aragón,Teruel,132,http://www.visiedo.es/,wikidata_P856,1,
INE15038,municipality,15038,Frades,Galicia,"Coruña, A",2117,https://frades.gal/,wikidata_P856,1,
INE16147,municipality,16147,Pajaroncillo,Castilla-La Mancha,Cuenca,59,,,0,
INE19252,municipality,19252,Sayatón,Castilla-La Mancha,Guadalajara,64,https://sayaton.sedelectronica.es/,clm_directorio_entidades_locales,0,
INE49095,municipality,49095,"Hiniesta, La",Castilla y León,Zamora,293,https://ayuntamientolahiniesta.es/,wikidata_P856,1,
INE10001,municipality,10001,Abadía,Extremadura,Cáceres,337,http://www.abadia.es/,wikidata_P856,1,
INE09251,municipality,09251,Pancorbo,Castilla y León,Burgos,431,http://www.pancorbo.es/,wikidata_P856,1,
INE50167,municipality,50167,Mezalocha,Aragón,Zaragoza,197,,,0,
INE20004,municipality,20004,Albiztur,País Vasco,Gipuzkoa,328,http://www.albiztur.eus/,wikidata_P856,1,
INE28124,municipality,28124,Robledillo de la Jara,"Madrid, Comunidad de",Madrid,118,https://www.robledillodelajara.es/,wikidata_P856,1,
INE47158,municipality,47158,"Seca, La",Castilla y León,Valladolid,1015,http://www.ayuntamientolaseca.com/,wikidata_P856,1,
INE09258,municipality,09258,Pedrosa del Príncipe,Castilla y León,Burgos,155,http://www.pedrosadelprincipe.com/,wikidata_P856,1,
INE04903,municipality,04903,"Mojonera, La",Andalucía,Almería,8793,http://www.lamojonera.es/,wikidata_P856,1,
INE23033,municipality,23033,Frailes,Andalucía,Jaén,1565,http://www.frailes.es/,wikidata_P856,1,
INE19089,municipality,19089,Ciruelos del Pinar,Castilla-La Mancha,Guadalajara,23,,,0,
INE28064,municipality,28064,Gascones,"Madrid, Comunidad de",Madrid,252,http://www.gascones.com/,wikidata_P856,1,
INE27040,municipality,27040,Palas de Rei,Galicia,Lugo,3227,http://www.concellopalasderei.es/,wikidata_P856,1,
INE49185,municipality,49185,San Agustín del Pozo,Castilla y León,Zamora,163,,,0,
INE50037,municipality,50037,Atea,Aragón,Zaragoza,142,,,0,
INE07031,municipality,07031,Llucmajor,"Balears, Illes",Illes Balears,40502,http://llucmajor.org/,wikidata_P856,1,
INE01021,municipality,01021,Elburgo/Burgelu,País Vasco,Araba/Álava,642,http://www.elburgo-burgelu.com/,wikidata_P856,1,
INE10094,municipality,10094,Herrera de Alcántara,Extremadura,Cáceres,225,,,0,
INE40211,municipality,40211,Valdeprados,Castilla y León,Segovia,63,http://www.valdeprados.es/,wikidata_P856,1,
INE34174,municipality,34174,Santoyo,Castilla y León,Palencia,187,,,0,
INE37267,municipality,37267,Retortillo,Castilla y León,Salamanca,172,,,0,
INE09019,municipality,09019,Arandilla,Castilla y León,Burgos,157,http://www.arandilla.es/,wikidata_P856,1,
INE09906,municipality,09906,Merindad de Río Ubierna,Castilla y León,Burgos,1400,http://www.merindadderioubierna.com/,wikidata_P856,1,
INE10150,municipality,10150,Portaje,Extremadura,Cáceres,379,http://www.portaje.com/,wikidata_P856,1,
INE37190,municipality,37190,Mieza,Castilla y León,Salamanca,170,http://www.dtinformatica.com/mieza/index1.htm,wikidata_P856,1,
INE05233,municipality,05233,Serranillos,Castilla y León,Ávila,247,http://www.serranillos.es/,wikidata_P856,1,
INE09197,municipality,09197,Madrigalejo del Monte,Castilla y León,Burgos,160,http://www.madrigalejodelmonte.es/,wikidata_P856,1,
INE09209,municipality,09209,Medina de Pomar,Castilla y León,Burgos,6190,http://www.medinadepomar.net/,wikidata_P856,1,
INE09250,municipality,09250,Pampliega,Castilla y León,Burgos,281,http://www.pampliega.es/,wikidata_P856,1,
INE49205,municipality,49205,Santibáñez de Tera,Castilla y León,Zamora,351,http://www.santibañezdetera.org/,wikidata_P856,1,
INE49105,municipality,49105,Maire de Castroponce,Castilla y León,Zamora,138,http://www.meteomaire.com/,wikidata_P856,1,
INE49007,municipality,49007,Almaraz de Duero,Castilla y León,Zamora,386,http://www.almarazdeduero.es/,wikidata_P856,1,
INE45118,municipality,45118,Novés,Castilla-La Mancha,Toledo,3564,http://www.noves.es/,clm_directorio_entidades_locales,0,
INE49092,municipality,49092,Granucillo,Castilla y León,Zamora,105,http://www.aytogranucillo.es/,wikidata_P856,1,
INE37059,municipality,37059,Buenamadre,Castilla y León,Salamanca,108,,,0,
INE50130,municipality,50130,Jarque de Moncayo,Aragón,Zaragoza,373,,,0,
INE34246,municipality,34246,Villovieco,Castilla y León,Palencia,62,http://villovieco.es/,wikidata_P856,1,
INE24211,municipality,24211,Villamandos,Castilla y León,León,272,http://www.villamandos.org/,wikidata_P856,1,
INE10128,municipality,10128,Moraleja,Extremadura,Cáceres,6562,https://www.moraleja.es/,wikidata_P856,1,
INE42164,municipality,42164,San Leonardo de Yagüe,Castilla y León,Soria,1954,http://www.sanleonardodeyague.es/,wikidata_P856,1,
INE47018,municipality,47018,Berceruelo,Castilla y León,Valladolid,36,,,0,
INE37172,municipality,37172,Linares de Riofrío,Castilla y León,Salamanca,924,http://www.linaresderiofrio.org/,wikidata_P856,1,
INE37201,municipality,37201,Montemayor del Río,Castilla y León,Salamanca,245,https://www.aytomontemayordelrio.com/,wikidata_P856,1,
INE07019,municipality,07019,Escorca,"Balears, Illes",Illes Balears,199,https://ajescorca.net/,wikidata_P856,1,
INE09483,municipality,09483,Zazuar,Castilla y León,Burgos,198,http://zazuarburgos.iespana.es/,wikidata_P856,1,
INE50199,municipality,50199,Osera de Ebro,Aragón,Zaragoza,442,http://www.oseradeebro.org/,wikidata_P856,1,
INE42162,municipality,42162,San Esteban de Gormaz,Castilla y León,Soria,2962,,,0,
INE10202,municipality,10202,Valdeobispo,Extremadura,Cáceres,617,http://www.valdeobispo.es/,wikidata_P856,1,
INE50021,municipality,50021,Almochuel,Aragón,Zaragoza,22,,,0,
INE47150,municipality,47150,San Román de Hornija,Castilla y León,Valladolid,295,http://www.sanromandehornija.com/,wikidata_P856,1,
INE47059,municipality,47059,Curiel de Duero,Castilla y León,Valladolid,111,,,0,
INE27018,municipality,27018,"Fonsagrada, A",Galicia,Lugo,3073,http://www.afonsagrada.org/,wikidata_P856,1,
INE42084,municipality,42084,Fresno de Caracena,Castilla y León,Soria,16,http://www.fresnodecaracena.es/,wikidata_P856,1,
INE37248,municipality,37248,Peralejos de Abajo,Castilla y León,Salamanca,162,http://www.aytoperalejosdeabajo.es/,wikidata_P856,1,
INE44133,municipality,44133,Lanzuela,Aragón,Teruel,24,,,0,
INE09128,municipality,09128,Frandovínez,Castilla y León,Burgos,95,http://www.frandovinez.es/,wikidata_P856,1,
INE05190,municipality,05190,Pozanco,Castilla y León,Ávila,57,http://www.pozanco.es/,wikidata_P856,1,
INE22008,municipality,22008,Albalatillo,Aragón,Huesca,220,https://www.albalatillo.es/,wikidata_P856,1,
INE19099,municipality,19099,Corduente,Castilla-La Mancha,Guadalajara,297,http://www.turismocorduente.com/,clm_directorio_entidades_locales,0,
INE16161,municipality,16161,Piqueras del Castillo,Castilla-La Mancha,Cuenca,36,https://piquerasdelcastillo.sedelectronica.es/,clm_directorio_entidades_locales,0,
INE06148,municipality,06148,Valle de Santa Ana,Extremadura,Badajoz,1090,http://www.valledesantaana.es/,wikidata_P856,1,
INE46066,municipality,46066,Benirredrà,Comunitat Valenciana,València/Valencia,1576,http://www.benirredra.es/,wikidata_P856,1,
INE04046,municipality,04046,Fondón,Andalucía,Almería,1152,http://www.fondon.es/,wikidata_P856,1,
INE36043,municipality,36043,Ponte Caldelas,Galicia,Pontevedra,5609,http://www.pontecaldelas.org/,wikidata_P856,1,
INE18119,municipality,18119,Lecrín,Andalucía,Granada,2244,http://www.lecrin.es/,wikidata_P856,1,
INE49103,municipality,49103,Madridanos,Castilla y León,Zamora,461,,,0,
INE24230,municipality,24230,Zotes del Páramo,Castilla y León,León,384,http://www.aytozotesdelparamo.es/,wikidata_P856,1,
INE05136,municipality,05136,Muñico,Castilla y León,Ávila,77,http://www.munico.es/,wikidata_P856,1,
INE46072,municipality,46072,Bocairent,Comunitat Valenciana,València/Valencia,4130,http://www.bocairent.es/,wikidata_P856,1,
INE06016,municipality,06016,Barcarrota,Extremadura,Badajoz,3456,http://www.barcarrota.es/,wikidata_P856,1,
INE26178,municipality,26178,Viniegra de Abajo,"Rioja, La","Rioja, La",81,http://www.lasviniegras.es/,wikidata_P856,1,
INE24152,municipality,24152,Santa Colomba de Somoza,Castilla y León,León,472,http://santacolombadesomoza.com/,wikidata_P856,1,
INE21031,municipality,21031,Encinasola,Andalucía,Huelva,1232,http://www.encinasola.es/,wikidata_P856,1,
INE37335,municipality,37335,Valdelosa,Castilla y León,Salamanca,386,http://www.valdelosa.com/,wikidata_P856,1,
INE24105,municipality,24105,Onzonilla,Castilla y León,León,1974,http://www.aytoonzonilla.es/,wikidata_P856,1,
INE42188,municipality,42188,Trévago,Castilla y León,Soria,47,http://www.trevago.es/,wikidata_P856,1,
INE47060,municipality,47060,Encinas de Esgueva,Castilla y León,Valladolid,214,http://www.encinas.info/,wikidata_P856,1,
INE12036,municipality,12036,Canet lo Roig,Comunitat Valenciana,Castelló/Castellón,715,http://www.canetloroig.es/,wikidata_P856,1,
INE39043,municipality,39043,Meruelo,Cantabria,Cantabria,2321,,,0,
INE16087,municipality,16087,Fuentelespino de Haro,Castilla-La Mancha,Cuenca,230,http://www.fuentelespinodeharo.net/,wikidata_P856,1,
INE13092,municipality,13092,Villanueva de la Fuente,Castilla-La Mancha,Ciudad Real,1831,http://www.villanuevadelafuente.es/,clm_directorio_entidades_locales,0,
INE15059,municipality,15059,Ordes,Galicia,"Coruña, A",12990,http://www.ordes.gal/,wikidata_P856,1,
INE42205,municipality,42205,Villaciervos,Castilla y León,Soria,86,,,0,
INE10159,municipality,10159,Robledollano,Extremadura,Cáceres,325,,,0,
INE37082,municipality,37082,Cantalpino,Castilla y León,Salamanca,802,http://www.cantalpino.org/,wikidata_P856,1,
INE50133,municipality,50133,Lagata,Aragón,Zaragoza,113,http://www.lagata.org/,wikidata_P856,1,
INE37338,municipality,37338,Valdunciel,Castilla y León,Salamanca,125,,,0,
INE45134,municipality,45134,Portillo de Toledo,Castilla-La Mancha,Toledo,2384,http://www.portillodetoledo.es/,clm_directorio_entidades_locales,0,
INE50005,municipality,50005,Aguilón,Aragón,Zaragoza,265,,,0,
INE06095,municipality,06095,Olivenza,Extremadura,Badajoz,11789,http://www.ayuntamientodeolivenza.com/,wikidata_P856,1,
INE24199,municipality,24199,Vegaquemada,Castilla y León,León,418,http://www.aytovegaquemada.es/,wikidata_P856,1,
INE12087,municipality,12087,Palanques,Comunitat Valenciana,Castelló/Castellón,34,http://www.palanques.es/,wikidata_P856,1,
INE23051,municipality,23051,Jamilena,Andalucía,Jaén,3319,http://www.jamilena.es/,wikidata_P856,1,
INE40904,municipality,40904,Navas de Riofrío,Castilla y León,Segovia,430,http://www.ayto-navasderiofrio.es/,wikidata_P856,1,
INE09211,municipality,09211,Melgar de Fernamental,Castilla y León,Burgos,1496,http://melgardefernamental.es/,wikidata_P856,1,
INE06100,municipality,06100,Peñalsordo,Extremadura,Badajoz,805,http://www.penalsordo.es/,wikidata_P856,1,
INE47127,municipality,47127,Quintanilla de Arriba,Castilla y León,Valladolid,161,http://www.quintanilladearriba.net/,wikidata_P856,1,
INE08189,municipality,08189,Sant Pere Sallavinera,Cataluña,Barcelona,177,http://www.sallavinera.cat/,wikidata_P856,1,
INE24130,municipality,24130,Riaño,Castilla y León,León,476,http://www.riano.org/,wikidata_P856,1,
INE13016,municipality,13016,Almuradiel,Castilla-La Mancha,Ciudad Real,744,http://www.almuradiel.es/,clm_directorio_entidades_locales,0,
INE05139,municipality,05139,Muñogrande,Castilla y León,Ávila,76,http://www.munogrande.es/,wikidata_P856,1,
INE22074,municipality,22074,Campo,Aragón,Huesca,491,http://www.ayuntamientocampo.com/,wikidata_P856,1,
INE05234,municipality,05234,Sigeres,Castilla y León,Ávila,41,http://www.sigeres.es/,wikidata_P856,1,
INE34009,municipality,34009,Amayuelas de Arriba,Castilla y León,Palencia,36,http://amayuelasdearriba.dip-palencia.es/,wikidata_P856,1,
INE40013,municipality,40013,Aldeasoña,Castilla y León,Segovia,61,http://www.aldeasona.es/,wikidata_P856,1,
INE09235,municipality,09235,Olmedillo de Roa,Castilla y León,Burgos,188,http://www.olmedilloderoa.es/,wikidata_P856,1,
INE16204,municipality,16204,Tébar,Castilla-La Mancha,Cuenca,300,http://www.tebar.es/,clm_directorio_entidades_locales,0,
INE37239,municipality,37239,"Pedroso de la Armuña, El",Castilla y León,Salamanca,202,http://aytoelpedrosodelaarmuña.es/,wikidata_P856,1,
INE37069,municipality,37069,Calvarrasa de Abajo,Castilla y León,Salamanca,1240,http://calvarrasadeabajo.es/,wikidata_P856,1,
INE44149,municipality,44149,Mirambel,Aragón,Teruel,110,http://www.mirambel.es/,wikidata_P856,1,
INE47034,municipality,47034,Canillas de Esgueva,Castilla y León,Valladolid,71,,,0,
INE47061,municipality,47061,Esguevillas de Esgueva,Castilla y León,Valladolid,257,http://www.esguevillas.com/,wikidata_P856,1,
INE44213,municipality,44213,Singra,Aragón,Teruel,76,http://www.singra.es/,wikidata_P856,1,
INE46252,municipality,46252,Vallanca,Comunitat Valenciana,València/Valencia,128,http://www.vallanca.es/,wikidata_P856,1,
INE10082,municipality,10082,Garrovillas de Alconétar,Extremadura,Cáceres,1941,,,0,
INE34232,municipality,34232,Villarramiel,Castilla y León,Palencia,782,http://www.villarramiel.es/,wikidata_P856,1,
INE19098,municipality,19098,Copernal,Castilla-La Mancha,Guadalajara,44,,,0,
INE23031,municipality,23031,Escañuela,Andalucía,Jaén,902,http://www.escanuela.es/,wikidata_P856,1,
INE36006,municipality,36006,Cambados,Galicia,Pontevedra,13787,http://www.cambados.es/,wikidata_P856,2,
INE37213,municipality,37213,Nava de Béjar,Castilla y León,Salamanca,74,,,0,
INE19322,municipality,19322,Villaseca de Henares,Castilla-La Mancha,Guadalajara,22,,,0,
INE37316,municipality,37316,Tamames,Castilla y León,Salamanca,781,http://www.tamames.net/,wikidata_P856,1,
INE20046,municipality,20046,Irura,País Vasco,Gipuzkoa,1885,https://www.irura.eus/,wikidata_P856,1,
INE40225,municipality,40225,Villacastín,Castilla y León,Segovia,1567,http://www.villacastin.es/,wikidata_P856,1,
INE49243,municipality,49243,Villaferrueña,Castilla y León,Zamora,105,http://www.aytovillaferruena.es/es/index.html,wikidata_P856,1,
INE19254,municipality,19254,Selas,Castilla-La Mancha,Guadalajara,33,,,0,
INE47110,municipality,47110,"Parrilla, La",Castilla y León,Valladolid,471,,,0,
INE44240,municipality,44240,Valbona,Aragón,Teruel,187,,,0,
INE05029,municipality,05029,Bernuy-Zapardiel,Castilla y León,Ávila,79,http://www.bernuyzapardiel.e/,wikidata_P856,1,
INE12032,municipality,12032,Borriana/Burriana,Comunitat Valenciana,Castelló/Castellón,37915,https://www.burriana.es/,wikidata_P856,1,
INE37058,municipality,37058,Brincones,Castilla y León,Salamanca,56,,,0,
INE44184,municipality,44184,Plou,Aragón,Teruel,42,http://www.plouteruel.com/,wikidata_P856,1,
INE37019,municipality,37019,Aldearrodrigo,Castilla y León,Salamanca,143,,,0,
INE22080,municipality,22080,Capella,Aragón,Huesca,361,http://www.capella.es/,wikidata_P856,1,
INE05049,municipality,05049,Cardeñosa,Castilla y León,Ávila,430,http://www.cardenosa.es/,wikidata_P856,1,
INE36044,municipality,36044,Pontecesures,Galicia,Pontevedra,3076,http://www.pontecesures.org/,wikidata_P856,1,
INE08222,municipality,08222,Sant Llorenç d'Hortons,Cataluña,Barcelona,2627,https://www.ajhortons.cat/,wikidata_P856,1,
INE42085,municipality,42085,Fuentearmegil,Castilla y León,Soria,148,http://www.fuentearmegil.es/,wikidata_P856,1,
INE46212,municipality,46212,Real,Comunitat Valenciana,València/Valencia,2497,https://ajuntamentdereal.es/,wikidata_P856,1,
INE37298,municipality,37298,Santibáñez de la Sierra,Castilla y León,Salamanca,142,http://www.santibañezdelasierra.es/,wikidata_P856,2,
INE09079,municipality,09079,Castellanos de Castro,Castilla y León,Burgos,48,http://www.castellanosdecastro.es/,wikidata_P856,1,
INE45155,municipality,45155,Santa Ana de Pusa,Castilla-La Mancha,Toledo,345,https://www.ayuntamientosantaanadepusa.org/,wikidata_P856,1,
INE37371,municipality,37371,Villasrubias,Castilla y León,Salamanca,231,,,0,
INE20043,municipality,20043,Idiazabal,País Vasco,Gipuzkoa,2217,http://www.idiazabal.eus/,wikidata_P856,1,
INE46056,municipality,46056,Beniatjar,Comunitat Valenciana,València/Valencia,209,http://www.beniatjar.es/,wikidata_P856,1,
INE41100,municipality,41100,Villanueva de San Juan,Andalucía,Sevilla,986,http://www.villanuevadesanjuan.es/,wikidata_P856,1,
INE06003,municipality,06003,Ahillones,Extremadura,Badajoz,793,http://www.ahillones.es/,wikidata_P856,1,
INE50234,municipality,50234,San Martín de la Virgen de Moncayo,Aragón,Zaragoza,266,https://sanmartindelmoncayo.es/,wikidata_P856,1,
INE46083,municipality,46083,Carcaixent,Comunitat Valenciana,València/Valencia,21934,http://www.carcaixent.es/,wikidata_P856,1,
INE49227,municipality,49227,Valcabado,Castilla y León,Zamora,414,,,0,
INE49039,municipality,49039,Casaseca de las Chanas,Castilla y León,Zamora,373,,,0,
INE16011,municipality,16011,Alcohujate,Castilla-La Mancha,Cuenca,25,,,0,
INE49201,municipality,49201,Santa Croya de Tera,Castilla y León,Zamora,253,http://www.santacroyadetera.org/,wikidata_P856,1,
INE05200,municipality,05200,San Bartolomé de Corneja,Castilla y León,Ávila,32,http://www.sanbartolomedecorneja.es/,wikidata_P856,1,
INE05107,municipality,05107,Hurtumpascual,Castilla y León,Ávila,41,http://www.hurtumpascual.es/,wikidata_P856,1,
INE34127,municipality,34127,Perales,Castilla y León,Palencia,112,http://perales.dip-palencia.es/,wikidata_P856,1,
INE09155,municipality,09155,Haza,Castilla y León,Burgos,33,,,0,
INE40161,municipality,40161,Carabias,Castilla y León,Segovia,55,https://www.ayuntamientodecarabias.es/,wikidata_P856,1,
INE42086,municipality,42086,Fuentecambrón,Castilla y León,Soria,29,http://www.fuentecambron.es/,wikidata_P856,1,
INE50099,municipality,50099,Épila,Aragón,Zaragoza,4704,,,0,
INE10077,municipality,10077,Garciaz,Extremadura,Cáceres,666,https://www.garciaz.es/,wikidata_P856,1,
INE28101,municipality,28101,Olmeda de las Fuentes,"Madrid, Comunidad de",Madrid,429,https://www.olmedadelasfuentes.es/,wikidata_P856,1,
INE19227,municipality,19227,Prados Redondos,Castilla-La Mancha,Guadalajara,45,,,0,
INE47041,municipality,47041,Castrodeza,Castilla y León,Valladolid,148,,,0,
INE43010,municipality,43010,Alió,Cataluña,Tarragona,496,http://www.alio.cat/,wikidata_P856,1,
INE32010,municipality,32010,Beade,Galicia,Ourense,363,,,0,
INE19211,municipality,19211,Pareja,Castilla-La Mancha,Guadalajara,493,https://pareja.selectronica.es/,clm_directorio_entidades_locales,0,
INE10142,municipality,10142,Perales del Puerto,Extremadura,Cáceres,874,http://www.peralesdelpuerto.es/,wikidata_P856,1,
INE26145,municipality,26145,Sotés,"Rioja, La","Rioja, La",261,http://aytos.larioja.org/sotes/,wikidata_P856,1,
INE24068,municipality,24068,"Ercina, La",Castilla y León,León,412,http://www.aytolaercina.es/,wikidata_P856,1,
INE10190,municipality,10190,Torrejón el Rubio,Extremadura,Cáceres,537,http://www.torrejonelrubio.com/,wikidata_P856,1,
INE22223,municipality,22223,Sopeira,Aragón,Huesca,84,http://www.sopeira.com/,wikidata_P856,1,
INE46101,municipality,46101,Quart de les Valls,Comunitat Valenciana,València/Valencia,1029,http://www.quartdelesvalls.es/,wikidata_P856,1,
INE09325,municipality,09325,Royuela de Río Franco,Castilla y León,Burgos,169,http://www.royuelariofranco.es/,wikidata_P856,1,
INE28181,municipality,28181,Villaviciosa de Odón,"Madrid, Comunidad de",Madrid,30127,https://www.aytovillaviciosadeodon.es/,wikidata_P856,1,
INE07039,municipality,07039,Muro,"Balears, Illes",Illes Balears,8398,http://www.ajmuro.net/,wikidata_P856,1,
INE37123,municipality,37123,Encinasola de los Comendadores,Castilla y León,Salamanca,146,,,0,
INE34903,municipality,34903,Loma de Ucieza,Castilla y León,Palencia,186,,,0,
INE02012,municipality,02012,Balazote,Castilla-La Mancha,Albacete,2356,http://www.balazote.es/,clm_directorio_entidades_locales,0,
INE34084,municipality,34084,Herrera de Valdecañas,Castilla y León,Palencia,148,http://herreradevaldecanas.dip-palencia.es/,wikidata_P856,1,
INE42110,municipality,42110,Matalebreras,Castilla y León,Soria,81,,,0,
INE06008,municipality,06008,Alconera,Extremadura,Badajoz,748,http://www.alconera.es/,wikidata_P856,1,
INE24183,municipality,24183,Valderrueda,Castilla y León,León,817,http://www.valderruedaleon.es/,wikidata_P856,1,
INE37318,municipality,37318,Tardáguila,Castilla y León,Salamanca,193,,,0,
INE17083,municipality,17083,Hostalric,Cataluña,Girona,4493,https://hostalric.cat/,wikidata_P856,1,
INE13079,municipality,13079,"Solana, La",Castilla-La Mancha,Ciudad Real,15242,http://www.lasolana.es/,clm_directorio_entidades_locales,0,
INE48085,municipality,48085,Sopela,País Vasco,Bizkaia,15048,http://www.sopela.eus/,wikidata_P856,1,
INE48089,municipality,48089,Urduliz,País Vasco,Bizkaia,6128,http://www.urduliz.net/,wikidata_P856,1,
INE48096,municipality,48096,Zalla,País Vasco,Bizkaia,8334,http://www.zalla.org/,wikidata_P856,1,
INE48901,municipality,48901,Derio,País Vasco,Bizkaia,7294,https://www.derio.eus/,wikidata_P856,1,
INE20902,municipality,20902,Lasarte-Oria,País Vasco,Gipuzkoa,19435,http://www.lasarte-oria.eus/,wikidata_P856,1,
INE28160,municipality,28160,Valdemorillo,"Madrid, Comunidad de",Madrid,14420,https://aytovaldemorillo.com/,wikidata_P856,1,
INE24049,municipality,24049,Castropodame,Castilla y León,León,1570,https://aytocastropodame.com/,wikidata_P856,1,
INE17193,municipality,17193,Sils,Cataluña,Girona,6920,http://www.sils.cat/,wikidata_P856,1,
INE34036,municipality,34036,Brañosera,Castilla y León,Palencia,253,http://www.branosera.com/,wikidata_P856,1,
INE37071,municipality,37071,"Calzada de Béjar, La",Castilla y León,Salamanca,80,,,0,
INE13019,municipality,13019,Argamasilla de Alba,Castilla-La Mancha,Ciudad Real,6777,http://www.argamasilladealba.es/,clm_directorio_entidades_locales,0,
INE16034,municipality,16034,Belmontejo,Castilla-La Mancha,Cuenca,122,,,0,
INE19250,municipality,19250,Santiuste,Castilla-La Mancha,Guadalajara,15,,,0,
INE45011,municipality,45011,Almendral de la Cañada,Castilla-La Mancha,Toledo,341,http://www.almendraldelacanada.es/,clm_directorio_entidades_locales,0,
INE41079,municipality,41079,"Puebla del Río, La",Andalucía,Sevilla,11903,http://www.lapuebladelrio.es/,wikidata_P856,1,
INE22069,municipality,22069,Broto,Aragón,Huesca,615,https://www.broto.es/,wikidata_P856,1,
INE39027,municipality,39027,Campoo de Enmedio,Cantabria,Cantabria,3729,,,0,
INE09063,municipality,09063,Cavia,Castilla y León,Burgos,246,http://www.aytocavia.es/,wikidata_P856,1,
INE45043,municipality,45043,Castillo de Bayuela,Castilla-La Mancha,Toledo,889,,,0,
INE08102,municipality,08102,Igualada,Cataluña,Barcelona,42085,https://igualada.cat/,wikidata_P856,1,
INE08116,municipality,08116,"Masies de Roda, Les",Cataluña,Barcelona,758,http://lesmasiesderoda.cat/,wikidata_P856,1,
INE02015,municipality,02015,Barrax,Castilla-La Mancha,Albacete,1838,http://www.barrax.sedipualba.es/,clm_directorio_entidades_locales,0,
INE29017,municipality,29017,Archidona,Andalucía,Málaga,8105,http://www.archidona.es/,wikidata_P856,1,
INE33076,municipality,33076,Villaviciosa,"Asturias, Principado de",Asturias,15379,http://www.villaviciosa.es/,wikidata_P856,1,
INE39029,municipality,39029,Escalante,Cantabria,Cantabria,716,http://www.aytoescalante.org/,wikidata_P856,1,
INE27035,municipality,27035,Negueira de Muñiz,Galicia,Lugo,236,http://concellodenegueira.es/,wikidata_P856,1,
INE33060,municipality,33060,San Martín del Rey Aurelio,"Asturias, Principado de",Asturias,15531,http://www.smra.org/,wikidata_P856,1,
INE08117,municipality,08117,"Masies de Voltregà, Les",Cataluña,Barcelona,3345,http://www.lesmasiesdevoltrega.cat/,wikidata_P856,1,
INE20081,municipality,20081,Zumaia,País Vasco,Gipuzkoa,10160,https://zumaia.eus/,wikidata_P856,1,
INE06055,municipality,06055,Fuentes de León,Extremadura,Badajoz,2118,http://www.fuentesdeleon.es/,wikidata_P856,1,
INE48020,municipality,48020,Bilbao,País Vasco,Bizkaia,351124,https://www.bilbao.eus/,override,0,
INE30030,municipality,30030,Murcia,"Murcia, Región de",Murcia,479405,https://www.murcia.es/,wikidata_P856,1,
INE33024,municipality,33024,Gijón,"Asturias, Principado de",Asturias,269894,http://www.gijon.es/,wikidata_P856,1,
INE36038,municipality,36038,Pontevedra,Galicia,Pontevedra,83316,https://pontevedra.gal/,wikidata_P856,1,
INE45165,municipality,45165,Talavera de la Reina,Castilla-La Mancha,Toledo,83803,https://talavera.es/,clm_directorio_entidades_locales,0,
INE13034,municipality,13034,Ciudad Real,Castilla-La Mancha,Ciudad Real,76217,http://www.ciudadreal.es/,clm_directorio_entidades_locales,0,
INE28007,municipality,28007,Alcorcón,"Madrid, Comunidad de",Madrid,175719,http://www.ayto-alcorcon.es/,wikidata_P856,1,
INE25167,municipality,25167,Pinós,Cataluña,Lleida,274,http://pinos.ddl.net/,wikidata_P856,1,
INE04018,municipality,04018,Armuña de Almanzora,Andalucía,Almería,371,http://www.armunadealmanzora.es/,wikidata_P856,1,
INE30039,municipality,30039,Totana,"Murcia, Región de",Murcia,33358,http://www.totana.es/,wikidata_P856,1,
INE28154,municipality,28154,Torres de la Alameda,"Madrid, Comunidad de",Madrid,7824,https://www.torresdelaalameda.org/,wikidata_P856,1,
INE08278,municipality,08278,Taradell,Cataluña,Barcelona,6854,https://www.taradell.cat/,wikidata_P856,1,
INE08289,municipality,08289,Torrelles de Llobregat,Cataluña,Barcelona,6170,https://www.torrelles.cat/,wikidata_P856,1,
INE46171,municipality,46171,Montcada/Moncada,Comunitat Valenciana,València/Valencia,22213,http://www.moncada.es/,wikidata_P856,1,
INE06133,municipality,06133,Torremejía,Extremadura,Badajoz,2238,http://www.torremejia.es/,wikidata_P856,1,
INE10052,municipality,10052,Casas de Don Antonio,Extremadura,Cáceres,167,,,0,
INE32071,municipality,32071,"Riós, O",Galicia,Ourense,1379,https://concelloderios.info/es/,wikidata_P856,1,
INE03904,municipality,03904,San Isidro,Comunitat Valenciana,Alacant/Alicante,2337,http://www.sanisidro.es/,wikidata_P856,1,
INE06136,municipality,06136,Usagre,Extremadura,Badajoz,1698,http://www.usagre.es/,wikidata_P856,1,
INE09410,municipality,09410,Valle de Mena,Castilla y León,Burgos,4155,https://valledemena.es/,wikidata_P856,1,
INE25207,municipality,25207,Solsona,Cataluña,Lleida,9717,https://www.ajsolsona.cat/,wikidata_P856,1,
INE31265,municipality,31265,Zúñiga,"Navarra, Comunidad Foral de",Navarra,78,,,0,
INE43086,municipality,43086,Montblanc,Cataluña,Tarragona,7542,http://www.montblanc.cat/,wikidata_P856,1,
INE44115,municipality,44115,Galve,Aragón,Teruel,149,https://www.galve.org/,wikidata_P856,1,
INE46194,municipality,46194,Picassent,Comunitat Valenciana,València/Valencia,23202,http://www.picassent.es/,wikidata_P856,1,
INE19117,municipality,19117,Fontanar,Castilla-La Mancha,Guadalajara,2630,http://www.fontanar.es/,clm_directorio_entidades_locales,0,
INE41024,municipality,41024,Carmona,Andalucía,Sevilla,30240,http://www.carmona.org/,wikidata_P856,1,
INE08074,municipality,08074,Cubelles,Cataluña,Barcelona,17673,http://www.cubelles.cat/,wikidata_P856,1,
INE30005,municipality,30005,Alcantarilla,"Murcia, Región de",Murcia,43876,http://www.alcantarilla.es/,wikidata_P856,1,
INE30003,municipality,30003,Águilas,"Murcia, Región de",Murcia,37811,https://www.ayuntamientodeaguilas.org/,wikidata_P856,1,
INE41004,municipality,41004,Alcalá de Guadaíra,Andalucía,Sevilla,77474,http://www.alcaladeguadaira.es/,wikidata_P856,1,
INE37336,municipality,37336,Valdemierque,Castilla y León,Salamanca,58,,,0,
INE50149,municipality,50149,Luesma,Aragón,Zaragoza,42,,,0,
INE48903,municipality,48903,Loiu,País Vasco,Bizkaia,2364,http://www.loiu.org/,wikidata_P856,1,
INE41010,municipality,41010,Almensilla,Andalucía,Sevilla,6646,http://www.almensilla.es/,wikidata_P856,1,
INE41101,municipality,41101,Villaverde del Río,Andalucía,Sevilla,7885,http://www.villaverdedelrio.es/,wikidata_P856,1,
INE41069,municipality,41069,"Palacios y Villafranca, Los",Andalucía,Sevilla,38761,http://www.lospalacios.org/,wikidata_P856,1,
INE10037,municipality,10037,Cáceres,Extremadura,Cáceres,96651,https://www.ayto-caceres.es/,wikidata_P856,1,
INE39017,municipality,39017,Campoo de Yuso,Cantabria,Cantabria,680,http://www.campoodeyuso.com/,wikidata_P856,1,
INE39018,municipality,39018,Cartes,Cantabria,Cantabria,5874,http://www.aytocartes.org/,wikidata_P856,1,
INE39033,municipality,39033,Herrerías,Cantabria,Cantabria,570,http://www.aytoherrerias.es/,wikidata_P856,1,
INE48005,municipality,48005,Arakaldo,País Vasco,Bizkaia,156,https://www.arakaldo.eus/,wikidata_P856,1,
INE48024,municipality,48024,Zeanuri,País Vasco,Bizkaia,1234,http://www.zeanuri-udala.org/,wikidata_P856,1,
INE48027,municipality,48027,Durango,País Vasco,Bizkaia,30192,https://www.durango.eus/es/home,wikidata_P856,1,
INE48028,municipality,48028,Ea,País Vasco,Bizkaia,824,http://www.eakoudala.net/,wikidata_P856,1,
INE48036,municipality,48036,Galdakao,País Vasco,Bizkaia,24776,http://www.galdakao.net/,wikidata_P856,1,
INE48040,municipality,48040,Gatika,País Vasco,Bizkaia,1633,http://www.gatika.net/,wikidata_P856,1,
INE48044,municipality,48044,Getxo,País Vasco,Bizkaia,75752,http://www.getxo.net/,wikidata_P856,1,
INE48047,municipality,48047,Gizaburuaga,País Vasco,Bizkaia,196,,,0,
INE48055,municipality,48055,Lemoa,País Vasco,Bizkaia,3614,http://www.lemoa.net/,wikidata_P856,1,
INE06046,municipality,06046,Esparragalejo,Extremadura,Badajoz,1506,http://www.esparragalejo.es/,wikidata_P856,1,
INE08036,municipality,08036,Calonge de Segarra,Cataluña,Barcelona,179,https://www.calongesegarra.cat/,wikidata_P856,1,
INE08131,municipality,08131,Montesquiu,Cataluña,Barcelona,1131,https://www.montesquiu.cat/,wikidata_P856,1,
INE08224,municipality,08224,Sant Martí de Centelles,Cataluña,Barcelona,1263,https://www.santmarticentelles.cat/,wikidata_P856,1,
INE08237,municipality,08237,Sant Quirze de Besora,Cataluña,Barcelona,2164,http://www.ajsantquirze.cat/,wikidata_P856,1,
INE41012,municipality,41012,Aznalcázar,Andalucía,Sevilla,4875,http://www.aznalcazar.es/,wikidata_P856,1,
INE21072,municipality,21072,Valverde del Camino,Andalucía,Huelva,12631,http://www.valverdedelcamino.es/,wikidata_P856,1,
INE33075,municipality,33075,Villanueva de Oscos,"Asturias, Principado de",Asturias,244,,,0,
INE04059,municipality,04059,Lubrín,Andalucía,Almería,1434,http://www.lubrin.es/,wikidata_P856,1,
INE08003,municipality,08003,Alella,Cataluña,Barcelona,10262,https://alella.cat/,wikidata_P856,1,
INE14024,municipality,14024,Encinas Reales,Andalucía,Córdoba,2208,http://www.encinasreales.es/,wikidata_P856,1,
INE14060,municipality,14060,Santaella,Andalucía,Córdoba,4641,http://santaella.es/,wikidata_P856,1,
INE14017,municipality,14017,"Carlota, La",Andalucía,Córdoba,14503,https://lacarlota.es/,wikidata_P856,1,
INE17023,municipality,17023,Blanes,Cataluña,Girona,42699,http://www.blanes.cat/,wikidata_P856,1,
INE14001,municipality,14001,Adamuz,Andalucía,Córdoba,4100,https://adamuz.es/,wikidata_P856,1,
INE23074,municipality,23074,Rus,Andalucía,Jaén,3386,http://www.rus.es/,wikidata_P856,1,
INE04034,municipality,04034,Cóbdar,Andalucía,Almería,169,http://www.cobdar.es/,wikidata_P856,1,
INE17067,municipality,17067,Flaçà,Cataluña,Girona,1175,http://www.flaca.cat/,wikidata_P856,1,
INE04049,municipality,04049,Garrucha,Andalucía,Almería,10845,http://www.garrucha.es/,wikidata_P856,1,
INE18014,municipality,18014,Alhendín,Andalucía,Granada,10475,https://alhendin.es/,wikidata_P856,1,
INE18107,municipality,18107,Jayena,Andalucía,Granada,979,http://www.jayena.es/,wikidata_P856,1,
INE15078,municipality,15078,Santiago de Compostela,Galicia,"Coruña, A",100965,https://santiagodecompostela.gal/,wikidata_P856,1,
INE18149,municipality,18149,Villa de Otura,Andalucía,Granada,7696,https://ayuntamientodeotura.es/,wikidata_P856,1,
INE29049,municipality,29049,Cuevas de San Marcos,Andalucía,Málaga,3647,http://www.cuevasdesanmarcos.es/,wikidata_P856,1,
INE31050,municipality,31050,Baztan,"Navarra, Comunidad Foral de",Navarra,7851,http://www.baztan.es/,wikidata_P856,1,
INE08238,municipality,08238,Sant Quirze del Vallès,Cataluña,Barcelona,20209,http://www.santquirzevalles.cat/,wikidata_P856,1,
INE04053,municipality,04053,Huércal-Overa,Andalucía,Almería,20860,http://www.huercal-overa.es/,wikidata_P856,1,
INE04075,municipality,04075,Pulpí,Andalucía,Almería,12214,http://www.pulpi.es/,wikidata_P856,1,
INE04089,municipality,04089,Taberno,Andalucía,Almería,955,http://www.taberno.es/,wikidata_P856,1,
INE41099,municipality,41099,Villanueva del Río y Minas,Andalucía,Sevilla,5073,https://www.villanuevadelrioyminas.es/,wikidata_P856,1,
INE30025,municipality,30025,Lorquí,"Murcia, Región de",Murcia,7946,https://ayuntamientodelorqui.es/,wikidata_P856,1,
INE41002,municipality,41002,Alanís,Andalucía,Sevilla,1638,http://www.alanis.es/,wikidata_P856,1,
INE18167,municipality,18167,Purullena,Andalucía,Granada,2409,http://www.purullena.es/,wikidata_P856,1,
INE01016,municipality,01016,Bernedo,País Vasco,Araba/Álava,541,http://www.bernedo.org/,wikidata_P856,1,
INE28107,municipality,28107,Patones,"Madrid, Comunidad de",Madrid,617,https://www.patones.net/,wikidata_P856,1,
INE31054,municipality,31054,Bertizarana,"Navarra, Comunidad Foral de",Navarra,668,,,0,
INE31246,municipality,31246,Uterga,"Navarra, Comunidad Foral de",Navarra,177,,,0,
INE24116,municipality,24116,Posada de Valdeón,Castilla y León,León,392,http://www.aytoposadadevaldeon.es/,wikidata_P856,1,
INE25122,municipality,25122,Linyola,Cataluña,Lleida,2762,http://www.ajuntamentdelinyola.cat/,wikidata_P856,1,
INE25109,municipality,25109,Guimerà,Cataluña,Lleida,250,https://guimera.cat/,wikidata_P856,1,
INE25138,municipality,25138,Montgai,Cataluña,Lleida,640,https://www.montgai.cat/,wikidata_P856,1,
INE35009,municipality,35009,Gáldar,Canarias,"Palmas, Las",25108,http://www.galdar.es/,wikidata_P856,1,
INE45074,municipality,45074,Hinojosa de San Vicente,Castilla-La Mancha,Toledo,363,http://www.hinojosadesanvicente.com/index.php,wikidata_P856,1,
INE25037,municipality,25037,"Avellanes i Santa Linya, Les",Cataluña,Lleida,434,http://avellanes.ddl.net/,wikidata_P856,1,
INE17152,municipality,17152,Roses,Cataluña,Girona,20365,http://www.roses.cat/,wikidata_P856,1,
INE25240,municipality,25240,Vallfogona de Balaguer,Cataluña,Lleida,2009,http://www.vallfogona.net/,wikidata_P856,1,
INE25252,municipality,25252,Vila-sana,Cataluña,Lleida,753,http://vilasana.ddl.net/,wikidata_P856,1,
INE33036,municipality,33036,Llanes,"Asturias, Principado de",Asturias,13486,http://www.ayuntamientodellanes.com/,wikidata_P856,1,
INE08156,municipality,08156,Palau-solità i Plegamans,Cataluña,Barcelona,15614,http://www.palauplegamans.cat/,wikidata_P856,1,
INE38020,municipality,38020,Güímar,Canarias,Santa Cruz de Tenerife,22009,http://www.guimar.es/,wikidata_P856,1,
INE38028,municipality,38028,Puerto de la Cruz,Canarias,Santa Cruz de Tenerife,31137,https://www.puertodelacruz.es/,wikidata_P856,1,
INE38030,municipality,38030,Puntallana,Canarias,Santa Cruz de Tenerife,2790,https://puntallana.es/,wikidata_P856,1,
INE38040,municipality,38040,Santiago del Teide,Canarias,Santa Cruz de Tenerife,12582,https://www.santiagodelteide.es/,wikidata_P856,1,
INE38048,municipality,38048,Valverde,Canarias,Santa Cruz de Tenerife,5338,http://aytovalverde.org/,wikidata_P856,1,
INE38051,municipality,38051,"Victoria de Acentejo, La",Canarias,Santa Cruz de Tenerife,9448,http://www.lavictoriadeacentejo.es/,wikidata_P856,1,
INE38053,municipality,38053,Villa de Mazo,Canarias,Santa Cruz de Tenerife,5131,http://www.villademazo.es/,wikidata_P856,1,
INE35034,municipality,35034,Yaiza,Canarias,"Palmas, Las",18842,http://yaiza.es/,wikidata_P856,1,
INE46007,municipality,46007,Albal,Comunitat Valenciana,València/Valencia,17365,http://www.albal.es/,wikidata_P856,1,
INE46169,municipality,46169,Mislata,Comunitat Valenciana,València/Valencia,47079,http://www.mislata.es/,wikidata_P856,1,
INE28113,municipality,28113,Pinto,"Madrid, Comunidad de",Madrid,56651,http://www.ayto-pinto.es/,wikidata_P856,1,
INE35025,municipality,35025,Tejeda,Canarias,"Palmas, Las",1806,http://tejeda.eu/,wikidata_P856,1,
INE08168,municipality,08168,Pontons,Cataluña,Barcelona,516,http://www.pontons.org/,wikidata_P856,1,
INE14055,municipality,14055,Priego de Córdoba,Andalucía,Córdoba,21764,http://www.priegodecordoba.es/,wikidata_P856,1,
INE25073,municipality,25073,Cervià de les Garrigues,Cataluña,Lleida,641,https://www.cerviadelesgarrigues.cat/,wikidata_P856,1,
INE25097,municipality,25097,Fulleda,Cataluña,Lleida,87,https://www.fulleda.cat/,wikidata_P856,1,
INE25100,municipality,25100,Gósol,Cataluña,Lleida,205,http://www.gosol.cat/,wikidata_P856,1,
INE25153,municipality,25153,"Omellons, Els",Cataluña,Lleida,187,http://www.omellons.cat/,wikidata_P856,1,
INE25168,municipality,25168,"Poal, El",Cataluña,Lleida,649,http://poal.ddl.net/,wikidata_P856,1,
INE25180,municipality,25180,Puiggròs,Cataluña,Lleida,269,http://puiggros.ddl.net/,wikidata_P856,1,
INE33056,municipality,33056,Ribadesella,"Asturias, Principado de",Asturias,5591,http://www.ayto-ribadesella.es/,wikidata_P856,1,
INE43029,municipality,43029,Blancafort,Cataluña,Tarragona,392,http://www.blancafort.altanet.org/,wikidata_P856,1,
INE09294,municipality,09294,Quintanilla de la Mata,Castilla y León,Burgos,109,http://www.quintanilladelamata.es/,wikidata_P856,1,
INE19189,municipality,19189,Mohernando,Castilla-La Mancha,Guadalajara,190,http://www.mohernando.es/,clm_directorio_entidades_locales,0,
INE19331,municipality,19331,Yunquera de Henares,Castilla-La Mancha,Guadalajara,4706,http://www.yunqueradehenares.com/,clm_directorio_entidades_locales,0,
INE31237,municipality,31237,Unciti,"Navarra, Comunidad Foral de",Navarra,257,,,0,
INE35018,municipality,35018,San Bartolomé,Canarias,"Palmas, Las",19551,http://www.sanbartolome.es/,wikidata_P856,1,
INE15073,municipality,15073,Ribeira,Galicia,"Coruña, A",27102,http://www.ribeira.gal/,wikidata_P856,1,
INE07061,municipality,07061,Sóller,"Balears, Illes",Illes Balears,13882,https://ajsoller.net/,wikidata_P856,1,
INE22028,municipality,22028,Ansó,Aragón,Huesca,409,http://www.anso.es/,wikidata_P856,1,
INE28082,municipality,28082,Manzanares el Real,"Madrid, Comunidad de",Madrid,9648,https://manzanareselreal.es/,wikidata_P856,1,
INE18179,municipality,18179,Torvizcón,Andalucía,Granada,608,http://www.torvizcon.es/,wikidata_P856,1,
INE23020,municipality,23020,Canena,Andalucía,Jaén,1717,http://canena.es/,wikidata_P856,1,
INE24103,municipality,24103,Oencia,Castilla y León,León,267,,,0,
INE24145,municipality,24145,San Emiliano,Castilla y León,León,585,http://www.aytosanemiliano.es/,wikidata_P856,1,
INE25077,municipality,25077,Coll de Nargó,Cataluña,Lleida,585,http://collnargo.ddl.net/,wikidata_P856,1,
INE40059,municipality,40059,Collado Hermoso,Castilla y León,Segovia,116,http://www.colladohermoso.es/,wikidata_P856,1,
INE16239,municipality,16239,Vega del Codorno,Castilla-La Mancha,Cuenca,141,,,0,
INE39097,municipality,39097,Vega de Pas,Cantabria,Cantabria,776,https://vegadepas.com/,wikidata_P856,1,
INE19103,municipality,19103,Checa,Castilla-La Mancha,Guadalajara,268,http://www.checa.es/,clm_directorio_entidades_locales,0,
INE28027,municipality,28027,Buitrago del Lozoya,"Madrid, Comunidad de",Madrid,2034,https://buitrago.org/,wikidata_P856,1,
INE13027,municipality,13027,Calzada de Calatrava,Castilla-La Mancha,Ciudad Real,3668,http://www.calzadadecalatrava.es/,clm_directorio_entidades_locales,0,
INE13055,municipality,13055,Mestanza,Castilla-La Mancha,Ciudad Real,634,http://www.mestanza.es/,clm_directorio_entidades_locales,0,
INE06101,municipality,06101,Peraleda del Zaucejo,Extremadura,Badajoz,465,http://www.peraledadelzaucejo.es/,wikidata_P856,1,
INE31055,municipality,31055,Betelu,"Navarra, Comunidad Foral de",Navarra,375,,,0,
INE31011,municipality,31011,Allín/Allin,"Navarra, Comunidad Foral de",Navarra,881,,,0,
INE11033,municipality,11033,San Roque,Andalucía,Cádiz,34310,http://sanroque.es/,wikidata_P856,1,
INE18020,municipality,18020,Arenas del Rey,Andalucía,Granada,608,http://www.arenasdelrey.es/,wikidata_P856,1,
INE29061,municipality,29061,Istán,Andalucía,Málaga,1707,http://www.istan.es/,wikidata_P856,1,
INE33070,municipality,33070,Tapia de Casariego,"Asturias, Principado de",Asturias,3538,http://www.tapiadecasariego.com/,wikidata_P856,1,
INE20040,municipality,20040,Hernani,País Vasco,Gipuzkoa,20375,http://www.hernani.eus/,wikidata_P856,1,
INE09025,municipality,09025,Arija,Castilla y León,Burgos,115,https://www.ayuntamientodearija.org/,wikidata_P856,1,
INE31107,municipality,31107,Funes,"Navarra, Comunidad Foral de",Navarra,2537,http://www.villadefunes.com/,wikidata_P856,1,
INE50123,municipality,50123,Grisén,Aragón,Zaragoza,630,http://www.grisen.es/,wikidata_P856,1,
INE10026,municipality,10026,Belvís de Monroy,Extremadura,Cáceres,774,http://www.belvisdemonroy.es/,wikidata_P856,1,
INE10120,municipality,10120,Mesas de Ibor,Extremadura,Cáceres,146,,,0,
INE10140,municipality,10140,Peraleda de la Mata,Extremadura,Cáceres,1444,http://www.peraledadelamata.es/,wikidata_P856,1,
INE27017,municipality,27017,Folgoso do Courel,Galicia,Lugo,921,http://folgosodocourel.com/,wikidata_P856,1,
INE14036,municipality,14036,Hornachuelos,Andalucía,Córdoba,4383,http://www.hornachuelos.es/,wikidata_P856,1,
INE31215,municipality,31215,San Adrián,"Navarra, Comunidad Foral de",Navarra,6504,https://www.sanadrian.es/,wikidata_P856,1,
INE36039,municipality,36039,"Porriño, O",Galicia,Pontevedra,20965,https://oporrino.org/,wikidata_P856,1,
INE39054,municipality,39054,Polanco,Cantabria,Cantabria,6304,http://www.aytopolanco.org/,wikidata_P856,1,
INE45113,municipality,45113,"Navalucillos, Los",Castilla-La Mancha,Toledo,1889,http://www.losnavalucillos.com/,clm_directorio_entidades_locales,0,
INE31263,municipality,31263,Zubieta,"Navarra, Comunidad Foral de",Navarra,292,http://www.zubieta.eus/,wikidata_P856,1,
INE17162,municipality,17162,Sant Ferriol,Cataluña,Girona,245,https://www.santferriol.cat/,wikidata_P856,1,
INE13059,municipality,13059,Navalpino,Castilla-La Mancha,Ciudad Real,193,,,0,
INE14032,municipality,14032,"Granjuela, La",Andalucía,Córdoba,412,http://lagranjuela.es/,wikidata_P856,1,
INE03012,municipality,03012,Algorfa,Comunitat Valenciana,Alacant/Alicante,3788,http://www.algorfa.es/,wikidata_P856,2,
INE03015,municipality,03015,Almoradí,Comunitat Valenciana,Alacant/Alicante,22965,http://www.almoradi.es/,wikidata_P856,1,
INE03054,municipality,03054,Castell de Castells,Comunitat Valenciana,Alacant/Alicante,443,http://www.castelldecastells.es/,wikidata_P856,1,
INE05227,municipality,05227,Santa María del Tiétar,Castilla y León,Ávila,582,http://www.santamariadeltietar.es/,wikidata_P856,1,
INE12049,municipality,12049,Costur,Comunitat Valenciana,Castelló/Castellón,511,http://www.costur.es/ca,wikidata_P856,1,
INE12095,municipality,12095,Ribesalbes,Comunitat Valenciana,Castelló/Castellón,1191,http://www.ribesalbes.es/,wikidata_P856,1,
INE43091,municipality,43091,Mont-ral,Cataluña,Tarragona,174,http://www.mont-ral.altanet.org/,wikidata_P856,1,
INE43111,municipality,43111,"Pobla de Montornès, La",Cataluña,Tarragona,3440,https://www.lapoblademontornes.cat/,wikidata_P856,1,
INE43169,municipality,43169,Vilaplana,Cataluña,Tarragona,549,http://www.vilaplana.cat/,wikidata_P856,1,
INE17192,municipality,17192,Setcases,Cataluña,Girona,195,http://webspobles2.ddgi.cat/setcases,wikidata_P856,1,
INE17218,municipality,17218,Vilademuls,Cataluña,Girona,898,http://www.vilademuls.cat/,wikidata_P856,1,
INE43055,municipality,43055,Falset,Cataluña,Tarragona,2890,http://www.falset.org/,wikidata_P856,1,
INE43052,municipality,43052,Xerta,Cataluña,Tarragona,1180,http://www.xerta.altanet.org/,wikidata_P856,1,
INE18029,municipality,18029,Benamaurel,Andalucía,Granada,2235,http://www.benamaurel.es/,wikidata_P856,1,
INE18082,municipality,18082,Galera,Andalucía,Granada,1139,http://www.ayuntamientogalera.es/,wikidata_P856,1,
INE26043,municipality,26043,Castañares de Rioja,"Rioja, La","Rioja, La",440,http://www.castanaresderioja.org/,wikidata_P856,1,
INE26056,municipality,26056,Cuzcurrita de Río Tirón,"Rioja, La","Rioja, La",565,,,0,
INE49261,municipality,49261,Villaralbo,Castilla y León,Zamora,1782,http://www.envillaralbo.es/,wikidata_P856,1,
INE17097,municipality,17097,Madremanya,Cataluña,Girona,280,http://www.madremanya.cat/,wikidata_P856,1,
INE17019,municipality,17019,Besalú,Cataluña,Girona,2592,http://www.besalu.cat/,wikidata_P856,1,
INE43025,municipality,43025,Benifallet,Cataluña,Tarragona,706,http://www.benifallet.altanet.org/,wikidata_P856,1,
INE43020,municipality,43020,Banyeres del Penedès,Cataluña,Tarragona,3395,http://www.banyeresdelpenedes.cat/,wikidata_P856,1,
INE25078,municipality,25078,Corbins,Cataluña,Lleida,1502,http://www.corbins.cat/,wikidata_P856,1,
INE25043,municipality,25043,"Vall de Boí, La",Cataluña,Lleida,1122,http://vallboi.cat/,wikidata_P856,1,
INE25007,municipality,25007,Albatàrrec,Cataluña,Lleida,2331,https://albatarrec.cat/,wikidata_P856,1,
INE25211,municipality,25211,Sudanell,Cataluña,Lleida,915,http://www.sudanell.cat/,wikidata_P856,1,
INE25012,municipality,25012,Alcoletge,Cataluña,Lleida,3640,http://www.alcoletge.cat/,wikidata_P856,1,
INE25082,municipality,25082,Espot,Cataluña,Lleida,377,http://espot.ddl.net/,wikidata_P856,1,
INE43109,municipality,43109,"Pobla de Mafumet, La",Cataluña,Tarragona,4175,https://www.poblamafumet.cat/,wikidata_P856,1,
INE08207,municipality,08207,Sant Esteve de Palautordera,Cataluña,Barcelona,3099,http://www.santestevedepalautordera.cat/,wikidata_P856,1,
INE43005,municipality,43005,Alcover,Cataluña,Tarragona,5362,https://www.alcover.cat/,wikidata_P856,1,
INE25212,municipality,25212,Sunyer,Cataluña,Lleida,310,http://sunyer.ddl.net/,wikidata_P856,1,
INE17205,municipality,17205,Ullastret,Cataluña,Girona,249,http://www.ullastret.cat/,wikidata_P856,1,
INE25203,municipality,25203,"Seu d'Urgell, La",Cataluña,Lleida,13009,http://www.laseu.cat/,wikidata_P856,1,
INE25200,municipality,25200,Sarroca de Lleida,Cataluña,Lleida,383,http://sarrocalleida.ddl.net/,wikidata_P856,1,
INE08188,municipality,08188,Sagàs,Cataluña,Barcelona,154,http://www.sagas.cat/,wikidata_P856,1,
INE43117,municipality,43117,Prat de Comte,Cataluña,Tarragona,174,http://www.pratdecomte.altanet.org/,wikidata_P856,1,
INE43129,municipality,43129,Riudoms,Cataluña,Tarragona,6891,http://www.riudoms.cat/,wikidata_P856,1,
INE43127,municipality,43127,Riudecanyes,Cataluña,Tarragona,1362,http://www.riudecanyes.cat/,wikidata_P856,1,
INE43162,municipality,43162,Vandellòs i l'Hospitalet de l'Infant,Cataluña,Tarragona,7143,http://www.vandellos-hospitalet.cat/,wikidata_P856,1,
INE30021,municipality,30021,Fuente Álamo de Murcia,"Murcia, Región de",Murcia,19171,http://www.fuentealamo.es/,wikidata_P856,1,
INE19067,municipality,19067,"Cardoso de la Sierra, El",Castilla-La Mancha,Guadalajara,49,,,0,
INE23002,municipality,23002,Alcalá la Real,Andalucía,Jaén,21496,http://www.alcalalareal.es/,wikidata_P856,1,
INE23063,municipality,23063,Navas de San Juan,Andalucía,Jaén,4345,http://www.navasdesanjuan.es/,wikidata_P856,1,
INE02004,municipality,02004,Albatana,Castilla-La Mancha,Albacete,644,http://www.albatana.es/,clm_directorio_entidades_locales,0,
INE29003,municipality,29003,Alfarnate,Andalucía,Málaga,1034,https://www.alfarnate.es/,wikidata_P856,1,
INE29010,municipality,29010,Almargen,Andalucía,Málaga,1876,https://almargen.es/,wikidata_P856,1,
INE29082,municipality,29082,Rincón de la Victoria,Andalucía,Málaga,52454,https://www.rincondelavictoria.es/,wikidata_P856,1,
INE29071,municipality,29071,Moclinejo,Andalucía,Málaga,1222,http://www.moclinejo.es/,wikidata_P856,1,
INE12093,municipality,12093,"Pobla de Benifassà, la",Comunitat Valenciana,Castelló/Castellón,229,http://www.lapobladebenifassa.es/ca,wikidata_P856,1,
INE50189,municipality,50189,Nonaspe,Aragón,Zaragoza,997,http://www.nonaspe.es/,wikidata_P856,1,
INE18136,municipality,18136,Montejícar,Andalucía,Granada,1989,https://www.montejicar.es/,wikidata_P856,1,
INE17203,municipality,17203,Ultramort,Cataluña,Girona,218,https://www.ultramort.cat/,wikidata_P856,1,
INE07065,municipality,07065,Vilafranca de Bonany,"Balears, Illes",Illes Balears,3929,http://www.ajvilafrancadebonany.net/,wikidata_P856,1,
INE07047,municipality,07047,Sencelles,"Balears, Illes",Illes Balears,3973,http://www.ajsencelles.net/,wikidata_P856,1,
INE06159,municipality,06159,Zahínos,Extremadura,Badajoz,2766,http://www.zahinos.es/,wikidata_P856,1,
INE31174,municipality,31174,Morentin,"Navarra, Comunidad Foral de",Navarra,110,,,0,
INE40172,municipality,40172,Riofrío de Riaza,Castilla y León,Segovia,29,http://www.riofrioderiaza.es/,wikidata_P856,1,
INE25013,municipality,25013,Alfarràs,Cataluña,Lleida,2805,http://ajuntamentalfarras.cat/,wikidata_P856,1,
INE46213,municipality,46213,Requena,Comunitat Valenciana,València/Valencia,20982,http://www.requena.es/,wikidata_P856,1,
INE22105,municipality,22105,Estopiñán del Castillo,Aragón,Huesca,147,http://www.estopinandelcastillo.es/,wikidata_P856,1,
INE17029,municipality,17029,Boadella i les Escaules,Cataluña,Girona,262,http://webspobles.ddgi.cat/sites/boadella_i_les_escaules,wikidata_P856,1,
INE17223,municipality,17223,Vilajuïga,Cataluña,Girona,1177,https://www.vilajuiga.cat/,wikidata_P856,1,
INE17106,municipality,17106,Mollet de Peralada,Cataluña,Girona,202,http://www.molletperalada.cat/,wikidata_P856,1,
INE17158,municipality,17158,Sant Climent Sescebes,Cataluña,Girona,690,http://www.santcliment.cat/,wikidata_P856,1,
INE17226,municipality,17226,Vilamalla,Cataluña,Girona,1205,http://www.vilamalla.cat/,wikidata_P856,1,
INE43074,municipality,43074,Llorenç del Penedès,Cataluña,Tarragona,2425,http://www.llorenc.cat/,wikidata_P856,1,
INE08240,municipality,08240,Sant Sadurní d'Anoia,Cataluña,Barcelona,12911,http://www.santsadurni.cat/,wikidata_P856,1,
INE37240,municipality,37240,Pelabravo,Castilla y León,Salamanca,1427,http://pelabravo.es/,wikidata_P856,1,
INE17159,municipality,17159,Sant Feliu de Buixalleu,Cataluña,Girona,882,http://www.santfeliudebuixalleu.cat/,wikidata_P856,1,
INE17066,municipality,17066,Figueres,Cataluña,Girona,49689,http://ca.figueres.cat/,wikidata_P856,1,
INE31032,municipality,31032,Arguedas,"Navarra, Comunidad Foral de",Navarra,2309,https://www.infoarguedas.com/,wikidata_P856,2,
INE09277,municipality,09277,Puentedura,Castilla y León,Burgos,117,http://www.puentedura.es/,wikidata_P856,1,
INE31039,municipality,31039,Artazu,"Navarra, Comunidad Foral de",Navarra,125,,,0,
INE17234,municipality,17234,Biure,Cataluña,Girona,226,https://www.biure.cat/,wikidata_P856,1,
INE02023,municipality,02023,Casas de Ves,Castilla-La Mancha,Albacete,519,http://www.casasdeves.es/,clm_directorio_entidades_locales,0,
INE49154,municipality,49154,Pías,Castilla y León,Zamora,91,,,0,
INE25030,municipality,25030,"Pont de Bar, El",Cataluña,Lleida,162,http://pontbar.ddl.net/,wikidata_P856,1,
INE01002,municipality,01002,Amurrio,País Vasco,Araba/Álava,10364,http://www.amurrio.org/,wikidata_P856,1,
INE31137,municipality,31137,Beintza-Labaien,"Navarra, Comunidad Foral de",Navarra,228,,,0,
INE45086,municipality,45086,Lucillos,Castilla-La Mancha,Toledo,666,,,0,
INE23075,municipality,23075,Sabiote,Andalucía,Jaén,3742,https://sabiote.com/,wikidata_P856,1,
INE23079,municipality,23079,Santisteban del Puerto,Andalucía,Jaén,4451,https://santistebandelpuerto.es/,wikidata_P856,1,
INE31085,municipality,31085,Etxauri,"Navarra, Comunidad Foral de",Navarra,671,,,0,
INE31109,municipality,31109,Galar,"Navarra, Comunidad Foral de",Navarra,2427,http://www.cendeadegalar.es/,wikidata_P856,1,
INE31244,municipality,31244,Urroz,"Navarra, Comunidad Foral de",Navarra,175,,,0,
INE01028,municipality,01028,Labastida/Bastida,País Vasco,Araba/Álava,1558,http://www.labastida-bastida.org/,wikidata_P856,1,
INE01014,municipality,01014,Berantevilla,País Vasco,Araba/Álava,461,http://www.cuadrilladeanana.es/berantevilla/,wikidata_P856,1,
INE22052,municipality,22052,Belver de Cinca,Aragón,Huesca,1298,https://www.belverdecinca.es/,wikidata_P856,1,
INE10198,municipality,10198,Valdefuentes,Extremadura,Cáceres,1074,,,0,
INE45078,municipality,45078,Huerta de Valdecarábanos,Castilla-La Mancha,Toledo,1836,https://www.aytohuertadevaldecarabanos.org/,clm_directorio_entidades_locales,0,
INE45050,municipality,45050,Ciruelos,Castilla-La Mancha,Toledo,723,https://www.ciruelos.es/,clm_directorio_entidades_locales,0,
INE45198,municipality,45198,Villatobas,Castilla-La Mancha,Toledo,2964,https://www.villatobas.es/,clm_directorio_entidades_locales,0,
INE27001,municipality,27001,Abadín,Galicia,Lugo,2239,http://www.abadin.es/,wikidata_P856,1,
INE01019,municipality,01019,Kripan,País Vasco,Araba/Álava,174,,,0,
INE31034,municipality,31034,Aribe,"Navarra, Comunidad Foral de",Navarra,34,,,0,
INE17227,municipality,17227,Vilamaniscle,Cataluña,Girona,185,http://www.vilamaniscle.cat/,wikidata_P856,1,
INE33073,municipality,33073,Tineo,"Asturias, Principado de",Asturias,8679,http://www.tineo.es/,wikidata_P856,1,
INE25205,municipality,25205,Sidamon,Cataluña,Lleida,760,http://www.sidamon.cat/,wikidata_P856,1,
INE17182,municipality,17182,Santa Llogaia d'Àlguema,Cataluña,Girona,396,http://www.santallogaia.cat/,wikidata_P856,1,
INE50253,municipality,50253,Terrer,Aragón,Zaragoza,580,http://www.ayuntamientodeterrer.com/,wikidata_P856,1,
INE50286,municipality,50286,Villalba de Perejil,Aragón,Zaragoza,86,,,0,
INE46005,municipality,46005,Alaquàs,Comunitat Valenciana,València/Valencia,30166,http://www.alaquas.es/,wikidata_P856,2,
INE46002,municipality,46002,Ador,Comunitat Valenciana,València/Valencia,1755,http://www.ador.es/,wikidata_P856,1,
INE17061,municipality,17061,Das,Cataluña,Girona,261,http://www.das.cat/,wikidata_P856,1,
INE46165,municipality,46165,Massanassa,Comunitat Valenciana,València/Valencia,10607,http://www.massanassa.es/,wikidata_P856,1,
INE33020,municipality,33020,Corvera de Asturias,"Asturias, Principado de",Asturias,15785,http://www.corvera.es/,wikidata_P856,1,
INE08236,municipality,08236,Sant Quintí de Mediona,Cataluña,Barcelona,2580,http://www.santquintimediona.cat/,wikidata_P856,1,
INE17129,municipality,17129,Pedret i Marzà,Cataluña,Girona,208,http://www.pedret-marza.cat/,wikidata_P856,1,
INE13096,municipality,13096,Villarrubia de los Ojos,Castilla-La Mancha,Ciudad Real,9512,http://www.villarrubiadelosojos.es/,clm_directorio_entidades_locales,0,
INE13018,municipality,13018,Arenas de San Juan,Castilla-La Mancha,Ciudad Real,1013,http://www.arenasdesanjuan.org/,wikidata_P856,1,
INE31053,municipality,31053,Berbinzana,"Navarra, Comunidad Foral de",Navarra,670,http://www.berbinzana.info/,wikidata_P856,1,
INE08112,municipality,08112,Manlleu,Cataluña,Barcelona,21425,http://www.manlleu.cat/,wikidata_P856,1,
INE17051,municipality,17051,Cistella,Cataluña,Girona,283,http://www.cistella.cat/,wikidata_P856,1,
INE08174,municipality,08174,Puigdàlber,Cataluña,Barcelona,621,https://www.puigdalber.cat/,wikidata_P856,1,
INE43042,municipality,43042,Castellvell del Camp,Cataluña,Tarragona,3002,http://castellvelldelcamp.cat/,wikidata_P856,1,
INE17213,municipality,17213,Vidreres,Cataluña,Girona,8862,http://www.vidreres.cat/,wikidata_P856,1,
INE45014,municipality,45014,Añover de Tajo,Castilla-La Mancha,Toledo,5454,http://www.anoverdetajo.es/,clm_directorio_entidades_locales,0,
INE08120,municipality,08120,Matadepera,Cataluña,Barcelona,9776,http://www.matadepera.cat/,wikidata_P856,1,
INE08190,municipality,08190,Saldes,Cataluña,Barcelona,302,https://saldes.cat/,wikidata_P856,1,
INE29034,municipality,29034,Canillas de Albaida,Andalucía,Málaga,807,http://www.canillasdealbaida.es/,wikidata_P856,1,
INE25057,municipality,25057,"Bòrdes, Es",Cataluña,Lleida,281,http://www.esbordes.org/,wikidata_P856,1,
INE46096,municipality,46096,Cerdà,Comunitat Valenciana,València/Valencia,370,http://www.cerda.es/,wikidata_P856,1,
INE10108,municipality,10108,Ladrillar,Extremadura,Cáceres,177,http://www.ladrillar.es/,wikidata_P856,1,
INE45088,municipality,45088,Magán,Castilla-La Mancha,Toledo,4384,http://www.magan.es/,clm_directorio_entidades_locales,0,
INE16176,municipality,16176,Rada de Haro,Castilla-La Mancha,Cuenca,49,,,0,
INE08046,municipality,08046,Cardedeu,Cataluña,Barcelona,19046,http://www.cardedeu.cat/,wikidata_P856,1,
INE43108,municipality,43108,"Pla de Santa Maria, El",Cataluña,Tarragona,2408,http://www.elpladesantamaria.cat/,wikidata_P856,1,
INE23014,municipality,23014,Begíjar,Andalucía,Jaén,2908,http://begijar.es/,wikidata_P856,1,
INE18064,municipality,18064,Dehesas de Guadix,Andalucía,Granada,382,http://www.dehesasdeguadix.es/,wikidata_P856,1,
INE16042,municipality,16042,Campillo de Altobuey,Castilla-La Mancha,Cuenca,1312,http://www.campillodealtobuey.com/,clm_directorio_entidades_locales,0,
INE45167,municipality,45167,"Toboso, El",Castilla-La Mancha,Toledo,1702,http://www.eltoboso.es/,clm_directorio_entidades_locales,0,
INE16092,municipality,16092,Gabaldón,Castilla-La Mancha,Cuenca,146,,,0,
INE25901,municipality,25901,Vall de Cardós,Cataluña,Lleida,388,http://vallcardos.ddl.net/,wikidata_P856,1,
INE25210,municipality,25210,Soses,Cataluña,Lleida,1892,https://soses.cat/,wikidata_P856,1,
INE09124,municipality,09124,Espinosa de los Monteros,Castilla y León,Burgos,1627,https://espinosadelosmonteros.es/,wikidata_P856,1,
INE46027,municipality,46027,Alfarrasí,Comunitat Valenciana,València/Valencia,1173,http://www.alfarrasi.es/,wikidata_P856,1,
INE31170,municipality,31170,Mirafuentes,"Navarra, Comunidad Foral de",Navarra,56,http://www.mirafuentes.es/,wikidata_P856,1,
INE44154,municipality,44154,Monroyo,Aragón,Teruel,324,http://www.monroyo.es/,wikidata_P856,1,
INE31016,municipality,31016,Ansoáin/Antsoain,"Navarra, Comunidad Foral de",Navarra,10663,http://www.ansoain.es/,wikidata_P856,1,
INE20015,municipality,20015,Ataun,País Vasco,Gipuzkoa,1714,http://www.ataun.eus/,wikidata_P856,1,
INE12090,municipality,12090,Pina de Montalgrao,Comunitat Valenciana,Castelló/Castellón,121,http://www.pinademontalgrao.es/ca,wikidata_P856,1,
INE14074,municipality,14074,"Viso, El",Andalucía,Córdoba,2499,http://www.ayto-elviso.com/,wikidata_P856,1,
INE31224,municipality,31224,Sesma,"Navarra, Comunidad Foral de",Navarra,1248,,,0,
INE33007,municipality,33007,Boal,"Asturias, Principado de",Asturias,1372,http://www.concejodeboal.net/,wikidata_P856,1,
INE08092,municipality,08092,Gironella,Cataluña,Barcelona,5083,https://www.gironella.cat/,wikidata_P856,1,
INE31152,municipality,31152,Lerín,"Navarra, Comunidad Foral de",Navarra,1821,http://www.lerin.es/,wikidata_P856,1,
INE05002,municipality,05002,"Adrada, La",Castilla y León,Ávila,2853,http://www.laadrada.es/,wikidata_P856,1,
INE21042,municipality,21042,Isla Cristina,Andalucía,Huelva,21525,http://islacristinaweb.org/,wikidata_P856,1,
INE46143,municipality,46143,Xeraco,Comunitat Valenciana,València/Valencia,6149,http://www.xeraco.es/,wikidata_P856,1,
INE29100,municipality,29100,Yunquera,Andalucía,Málaga,2828,http://www.yunquera.es/,wikidata_P856,1,
INE19041,municipality,19041,Armuña de Tajuña,Castilla-La Mancha,Guadalajara,280,,,0,
INE03110,municipality,03110,"Ràfol d'Almúnia, el",Comunitat Valenciana,Alacant/Alicante,734,http://www.elrafoldalmunia.es/va,wikidata_P856,1,
INE08239,municipality,08239,Sant Quirze Safaja,Cataluña,Barcelona,663,https://www.santquirzesafaja.es/,wikidata_P856,1,
INE08210,municipality,08210,Sant Feliu de Codines,Cataluña,Barcelona,6827,https://santfeliudecodines.cat/,wikidata_P856,1,
INE18030,municipality,18030,Bérchules,Andalucía,Granada,688,http://www.berchules.es/,wikidata_P856,1,
INE46063,municipality,46063,Benimodo,Comunitat Valenciana,València/Valencia,2332,http://www.benimodo.es/,wikidata_P856,1,
INE19107,municipality,19107,Driebes,Castilla-La Mancha,Guadalajara,331,http://www.driebes.es/,clm_directorio_entidades_locales,0,
INE31028,municipality,31028,Arce/Artzi,"Navarra, Comunidad Foral de",Navarra,290,,,0,
INE31096,municipality,31096,Espronceda,"Navarra, Comunidad Foral de",Navarra,102,http://www.espronceda.org/,wikidata_P856,1,
INE22050,municipality,22050,Barbuñales,Aragón,Huesca,93,http://www.barbunales.es/,wikidata_P856,1,
INE37372,municipality,37372,Villaverde de Guareña,Castilla y León,Salamanca,128,,,0,
INE44100,municipality,44100,Estercuel,Aragón,Teruel,198,http://www.estercuel.org/,wikidata_P856,1,
INE05042,municipality,05042,Cabezas de Alambre,Castilla y León,Ávila,152,https://www.cabezasdealambre.es/,wikidata_P856,1,
INE26005,municipality,26005,Albelda de Iregua,"Rioja, La","Rioja, La",3930,http://www.albelda.org/,wikidata_P856,1,
INE24033,municipality,24033,Campo de Villavidel,Castilla y León,León,209,http://www.aytocampodevillavidel.es/,wikidata_P856,1,
INE24009,municipality,24009,Balboa,Castilla y León,León,269,http://www.ayuntamientodebalboa.org/,wikidata_P856,1,
INE06029,municipality,06029,Campillo de Llerena,Extremadura,Badajoz,1321,http://www.campillodellerena.es/,wikidata_P856,1,
INE29083,municipality,29083,Riogordo,Andalucía,Málaga,2839,https://riogordo.es/,wikidata_P856,1,
INE37181,municipality,37181,Martiago,Castilla y León,Salamanca,252,https://martiago.es/,wikidata_P856,1,
INE02049,municipality,02049,Molinicos,Castilla-La Mancha,Albacete,754,http://www.molinicos.es/,clm_directorio_entidades_locales,0,
INE28034,municipality,28034,Canencia,"Madrid, Comunidad de",Madrid,475,https://www.canencia.es/,wikidata_P856,1,
INE25040,municipality,25040,Balaguer,Cataluña,Lleida,17729,http://www.balaguer.cat/,wikidata_P856,1,
INE09071,municipality,09071,Carcedo de Bureba,Castilla y León,Burgos,36,http://www.carcedodebureba.es/,wikidata_P856,1,
INE18116,municipality,18116,Lanjarón,Andalucía,Granada,3708,http://www.lanjaron.es/,wikidata_P856,1,
INE34094,municipality,34094,Ledigos,Castilla y León,Palencia,59,http://ledigos.dip-palencia.es/,wikidata_P856,1,
INE36028,municipality,36028,Meis,Galicia,Pontevedra,4668,http://www.meis.gal/,wikidata_P856,1,
INE19329,municipality,19329,Yélamos de Abajo,Castilla-La Mancha,Guadalajara,57,,,0,
INE20058,municipality,20058,Olaberria,País Vasco,Gipuzkoa,938,https://www.olaberria.eus/,wikidata_P856,1,
INE46059,municipality,46059,Benifairó de la Valldigna,Comunitat Valenciana,València/Valencia,1588,http://benifairo.org/,wikidata_P856,1,
INE05001,municipality,05001,Adanero,Castilla y León,Ávila,207,http://www.adanero.es/,wikidata_P856,1,
INE46257,municipality,46257,Castelló,Comunitat Valenciana,València/Valencia,6972,https://www.castellosom.es/landing,wikidata_P856,1,
INE19188,municipality,19188,Mochales,Castilla-La Mancha,Guadalajara,36,https://www.ayuntamientodemochales.es/,wikidata_P856,1,
INE50116,municipality,50116,Fuentes de Jiloca,Aragón,Zaragoza,209,,,0,
INE16050,municipality,16050,Cañaveras,Castilla-La Mancha,Cuenca,230,http://www.ayuntamientocanaveras.com/,wikidata_P856,1,
INE02063,municipality,02063,Pozohondo,Castilla-La Mancha,Albacete,1544,http://www.pozohondo.es/,clm_directorio_entidades_locales,0,
INE49151,municipality,49151,"Perdigón, El",Castilla y León,Zamora,673,,,0,
INE37080,municipality,37080,Cantagallo,Castilla y León,Salamanca,281,http://cantagallo.es/,wikidata_P856,1,
INE19306,municipality,19306,Valderrebollo,Castilla-La Mancha,Guadalajara,25,,,0,
INE34224,municipality,34224,Villamuera de la Cueza,Castilla y León,Palencia,36,http://villamueradelacueza.dip-palencia.es/,wikidata_P856,1,
INE05266,municipality,05266,Zapardiel de la Cañada,Castilla y León,Ávila,83,http://www.zapardieldelacanada.es/,wikidata_P856,1,
INE22907,municipality,22907,Aínsa-Sobrarbe,Aragón,Huesca,2335,http://www.ainsasobrarbe.com/,wikidata_P856,1,
INE26092,municipality,26092,Manjarrés,"Rioja, La","Rioja, La",97,,,0,
INE05092,municipality,05092,Hernansancho,Castilla y León,Ávila,140,http://www.hernansancho.es/,wikidata_P856,1,
INE26058,municipality,26058,Enciso,"Rioja, La","Rioja, La",167,,,0,
INE49206,municipality,49206,Santibáñez de Vidriales,Castilla y León,Zamora,846,http://www.santibañezdevidriales.gob.es/es/index.html,wikidata_P856,1,
INE16141,municipality,16141,Olmeda del Rey,Castilla-La Mancha,Cuenca,129,http://www.olmedadelrey.com/,wikidata_P856,1,
INE37173,municipality,37173,Lumbrales,Castilla y León,Salamanca,1507,http://lumbrales.eu/,wikidata_P856,1,
INE50212,municipality,50212,Pleitas,Aragón,Zaragoza,29,https://www.pleitas.net/,wikidata_P856,1,
INE44245,municipality,44245,Valdeltormo,Aragón,Teruel,304,http://www.valdeltormo.com/,wikidata_P856,1,
INE46231,municipality,46231,Simat de la Valldigna,Comunitat Valenciana,València/Valencia,3311,http://www.simat.org/,wikidata_P856,1,
INE24129,municipality,24129,Reyero,Castilla y León,León,120,http://www.aytoreyero.es/,wikidata_P856,1,
INE44260,municipality,44260,Villarluengo,Aragón,Teruel,159,http://www.villarluengo.com/,wikidata_P856,1,
INE19022,municipality,19022,Almonacid de Zorita,Castilla-La Mancha,Guadalajara,667,http://www.almonaciddezorita.org/,clm_directorio_entidades_locales,0,
INE29076,municipality,29076,Ojén,Andalucía,Málaga,4755,http://www.ojen.es/,wikidata_P856,1,
INE09058,municipality,09058,Buniel,Castilla y León,Burgos,632,http://www.buniel.es/,wikidata_P856,1,
INE10025,municipality,10025,Barrado,Extremadura,Cáceres,383,http://www.barrado.es/,wikidata_P856,1,
INE42038,municipality,42038,Borjabad,Castilla y León,Soria,29,,,0,
INE26074,municipality,26074,Hervías,"Rioja, La","Rioja, La",138,https://ayuntamientodehervias.com/,wikidata_P856,1,
INE50056,municipality,50056,Botorrita,Aragón,Zaragoza,587,http://www.botorrita.es/,wikidata_P856,1,
INE22062,municipality,22062,Bisaurri,Aragón,Huesca,177,http://www.bisaurri.es/,wikidata_P856,1,
INE18036,municipality,18036,Cájar,Andalucía,Granada,5511,http://www.cajar.es/,wikidata_P856,1,
INE45101,municipality,45101,Miguel Esteban,Castilla-La Mancha,Toledo,4751,http://www.miguelesteban.es/,clm_directorio_entidades_locales,0,
INE22229,municipality,22229,Tolva,Aragón,Huesca,130,https://www.tolva.es/,wikidata_P856,1,
INE45156,municipality,45156,Santa Cruz de la Zarza,Castilla-La Mancha,Toledo,4180,http://www.santacruzdelazarza.es/,clm_directorio_entidades_locales,0,
INE34241,municipality,34241,Villodre,Castilla y León,Palencia,22,,,0,
INE37381,municipality,37381,"Zarza de Pumareda, La",Castilla y León,Salamanca,131,,,0,
INE46075,municipality,46075,Bufali,Comunitat Valenciana,València/Valencia,162,http://www.bufali.es/,wikidata_P856,1,
INE09033,municipality,09033,Bahabón de Esgueva,Castilla y León,Burgos,80,,,0,
INE34214,municipality,34214,Villalba de Guardo,Castilla y León,Palencia,194,,,0,
INE09472,municipality,09472,Villazopeque,Castilla y León,Burgos,51,,,0,
INE37002,municipality,37002,Agallas,Castilla y León,Salamanca,122,http://aytoagallas.es/,wikidata_P856,1,
INE13901,municipality,13901,"Robledo, El",Castilla-La Mancha,Ciudad Real,1078,http://www.elrobledo.es/,clm_directorio_entidades_locales,0,
INE43101,municipality,43101,Passanant i Belltall,Cataluña,Tarragona,149,http://www.passanantibelltall.cat/,wikidata_P856,1,
INE16272,municipality,16272,Villas de la Ventosa,Castilla-La Mancha,Cuenca,225,https://villasdelaventosa.sedelectronica.es/,clm_directorio_entidades_locales,0,
INE50255,municipality,50255,Tobed,Aragón,Zaragoza,196,http://www.tobed.es/,wikidata_P856,1,
INE37368,municipality,37368,Villasdardo,Castilla y León,Salamanca,22,,,0,
INE42171,municipality,42171,Serón de Nágima,Castilla y León,Soria,125,,,0,
INE06007,municipality,06007,Alconchel,Extremadura,Badajoz,1592,http://www.alconchel.es/,wikidata_P856,1,
INE37358,municipality,37358,Villar de Gallimazo,Castilla y León,Salamanca,192,http://www.villardegallimazo.com/,wikidata_P856,1,
INE31230,municipality,31230,Torralba del Río,"Navarra, Comunidad Foral de",Navarra,96,http://www.torralbadelrio.org/,wikidata_P856,1,
INE37337,municipality,37337,Valderrodrigo,Castilla y León,Salamanca,129,,,0,
INE42119,municipality,42119,Monteagudo de las Vicarías,Castilla y León,Soria,169,,,0,
INE50154,municipality,50154,Mainar,Aragón,Zaragoza,162,,,0,
INE12131,municipality,12131,Villamalur,Comunitat Valenciana,Castelló/Castellón,99,http://www.villamalur.es/,wikidata_P856,1,
INE47045,municipality,47045,Castronuño,Castilla y León,Valladolid,737,http://www.castronuno.com/,wikidata_P856,1,
INE32024,municipality,32024,Celanova,Galicia,Ourense,5723,http://www.celanova.gal/,wikidata_P856,1,
INE37231,municipality,37231,Parada de Rubiales,Castilla y León,Salamanca,237,http://paradaderubiales.es//,wikidata_P856,1,
INE50244,municipality,50244,Sierra de Luna,Aragón,Zaragoza,269,,,0,
INE03057,municipality,03057,Confrides,Comunitat Valenciana,Alacant/Alicante,293,http://www.confrides.es/,wikidata_P856,1,
INE47226,municipality,47226,Villavaquerín,Castilla y León,Valladolid,155,,,0,
INE50035,municipality,50035,Artieda,Aragón,Zaragoza,90,http://www.artieda.es/,wikidata_P856,1,
INE23006,municipality,23006,Arjona,Andalucía,Jaén,5330,http://www.arjona.es/,wikidata_P856,1,
INE10132,municipality,10132,Navalvillar de Ibor,Extremadura,Cáceres,374,http://www.navalvillardeibor.com/,wikidata_P856,1,
INE49029,municipality,49029,Burganes de Valverde,Castilla y León,Zamora,593,http://www.aytoburganes.es/,wikidata_P856,1,
INE49247,municipality,49247,Villalcampo,Castilla y León,Zamora,380,https://www.aytovillalcampo.es/,wikidata_P856,1,
INE09366,municipality,09366,Solarana,Castilla y León,Burgos,73,http://www.solarana.es/,wikidata_P856,1,
INE47165,municipality,47165,Tordesillas,Castilla y León,Valladolid,8773,https://tordesillas.ayuntamientosdevalladolid.es/,wikidata_P856,1,
INE22164,municipality,22164,Olvena,Aragón,Huesca,63,http://www.olvena.es/,wikidata_P856,1,
INE12117,municipality,12117,Torreblanca,Comunitat Valenciana,Castelló/Castellón,5744,http://www.torreblanca.es/,wikidata_P856,1,
INE22004,municipality,22004,Agüero,Aragón,Huesca,142,http://www.aytoaguero.es/,wikidata_P856,1,
INE19334,municipality,19334,Zarzuela de Jadraque,Castilla-La Mancha,Guadalajara,49,,,0,
INE46236,municipality,46236,Sumacàrcer,Comunitat Valenciana,València/Valencia,1013,http://www.sumacarcer.es/,wikidata_P856,1,
INE40083,municipality,40083,Fuente el Olmo de Fuentidueña,Castilla y León,Segovia,396,http://www.fuenteelolmodefuentiduena.es/,wikidata_P856,1,
INE37174,municipality,37174,Macotera,Castilla y León,Salamanca,1006,http://www.villademacotera.com/,wikidata_P856,1,
INE19282,municipality,19282,Torremocha del Campo,Castilla-La Mancha,Guadalajara,193,,,0,
INE44157,municipality,44157,Monterde de Albarracín,Aragón,Teruel,62,,,0,
INE40075,municipality,40075,Escobar de Polendos,Castilla y León,Segovia,172,http://www.escobardepolendos.es/,wikidata_P856,1,
INE12120,municipality,12120,"Torre d'en Doménec, la",Comunitat Valenciana,Castelló/Castellón,177,http://www.latorredendomenec.es/,wikidata_P856,1,
INE40030,municipality,40030,Bernardos,Castilla y León,Segovia,462,http://www.bernardos.es/,wikidata_P856,1,
INE21063,municipality,21063,San Bartolomé de la Torre,Andalucía,Huelva,4072,http://www.sanbartolomedelatorre.es/,wikidata_P856,1,
INE27064,municipality,27064,"Vicedo, O",Galicia,Lugo,1553,http://www.concellodovicedo.org/,wikidata_P856,1,
INE16065,municipality,16065,Casas de los Pinos,Castilla-La Mancha,Cuenca,374,http://www.ayuntamientocasasdelospinos.es/,clm_directorio_entidades_locales,0,
INE42080,municipality,42080,Espeja de San Marcelino,Castilla y León,Soria,160,http://www.espejadesanmarcelino.es/,wikidata_P856,1,
INE10135,municipality,10135,Nuñomoral,Extremadura,Cáceres,1196,http://www.nunomoral.es/,wikidata_P856,1,
INE15011,municipality,15011,Boiro,Galicia,"Coruña, A",18967,http://www.boiro.org/,wikidata_P856,1,
INE47094,municipality,47094,Moral de la Reina,Castilla y León,Valladolid,129,,,0,
INE28066,municipality,28066,Griñón,"Madrid, Comunidad de",Madrid,10799,http://www.grinon.es/,wikidata_P856,1,
INE01001,municipality,01001,Alegría-Dulantzi,País Vasco,Araba/Álava,2955,http://www.alegria-dulantzi.net/,wikidata_P856,1,
INE24191,municipality,24191,Vallecillo,Castilla y León,León,99,http://www.aytovallecillo.es/,wikidata_P856,1,
INE40164,municipality,40164,Rapariegos,Castilla y León,Segovia,187,http://www.rapariegos.es/,wikidata_P856,1,
INE24174,municipality,24174,Urdiales del Páramo,Castilla y León,León,445,http://www.aytourdialesdelparamo.es/,wikidata_P856,1,
INE16099,municipality,16099,"Hinojosa, La",Castilla-La Mancha,Cuenca,184,,,0,
INE18085,municipality,18085,Gor,Andalucía,Granada,766,http://aytogor.es/,wikidata_P856,1,
INE44128,municipality,44128,Jarque de la Val,Aragón,Teruel,66,http://www.jarquedelaval.es/,wikidata_P856,1,
INE09094,municipality,09094,Cebrecos,Castilla y León,Burgos,60,http://www.cebrecos.es/,wikidata_P856,1,
INE50214,municipality,50214,Pomer,Aragón,Zaragoza,23,,,0,
INE42117,municipality,42117,Molinos de Duero,Castilla y León,Soria,162,http://www.molinosdeduero.es/,wikidata_P856,1,
INE06130,municipality,06130,Tamurejo,Extremadura,Badajoz,190,http://www.tamurejo.es/,wikidata_P856,1,
INE37001,municipality,37001,Abusejo,Castilla y León,Salamanca,148,,,0,
INE37011,municipality,37011,"Alberguería de Argañán, La",Castilla y León,Salamanca,94,http://aytoalbergueria.es/,wikidata_P856,1,
INE16057,municipality,16057,Carrascosa,Castilla-La Mancha,Cuenca,69,http://carrascosa.sedelectronica.es/,clm_directorio_entidades_locales,0,
INE10146,municipality,10146,Pinofranqueado,Extremadura,Cáceres,1783,http://www.lashurdes.org/,wikidata_P856,1,
INE47222,municipality,47222,Villanueva de San Mancio,Castilla y León,Valladolid,96,,,0,
INE09151,municipality,09151,Gumiel de Izán,Castilla y León,Burgos,587,,,0,
INE02010,municipality,02010,Alpera,Castilla-La Mancha,Albacete,2278,http://www.alpera.es/,clm_directorio_entidades_locales,0,
INE08052,municipality,08052,Castellar de n'Hug,Cataluña,Barcelona,166,http://ajcastellardenhug.cat/,wikidata_P856,1,
INE07002,municipality,07002,Alaior,"Balears, Illes",Illes Balears,10217,http://www.alaior.org/,wikidata_P856,1,
INE05211,municipality,05211,San Juan de la Nava,Castilla y León,Ávila,422,http://www.sanjuandelanava.es/,wikidata_P856,1,
INE25181,municipality,25181,Puigverd d'Agramunt,Cataluña,Lleida,231,https://puigverdagramunt.cat/,wikidata_P856,1,
INE15021,municipality,15021,Carral,Galicia,"Coruña, A",6840,https://www.carral.es/,wikidata_P856,1,
INE05113,municipality,05113,"Llanos de Tormes, Los",Castilla y León,Ávila,57,http://www.losllanosdetormes.es/,wikidata_P856,1,
INE24024,municipality,24024,"Burgo Ranero, El",Castilla y León,León,697,http://www.aytoelburgoranero.es/,wikidata_P856,1,
INE45073,municipality,45073,Herreruela de Oropesa,Castilla-La Mancha,Toledo,323,http://www.herrerueladeoropesa.org/,clm_directorio_entidades_locales,0,
INE44045,municipality,44045,Bronchales,Aragón,Teruel,465,http://www.bronchales.es/,wikidata_P856,1,
INE07037,municipality,07037,"Mercadal, Es","Balears, Illes",Illes Balears,6459,http://www.aj-esmercadal.org/,wikidata_P856,1,
INE13012,municipality,13012,Almadenejos,Castilla-La Mancha,Ciudad Real,384,http://www.ayuntamientodealmadenejos.es/,clm_directorio_entidades_locales,0,
INE47087,municipality,47087,Megeces,Castilla y León,Valladolid,419,,,0,
INE19032,municipality,19032,Anguita,Castilla-La Mancha,Guadalajara,150,https://www.anguita.es/,clm_directorio_entidades_locales,0,
INE15009,municipality,15009,Betanzos,Galicia,"Coruña, A",13533,http://www.betanzos.es/,wikidata_P856,1,
INE09196,municipality,09196,Madrigal del Monte,Castilla y León,Burgos,141,http://www.madrigaldelmonte.es/,wikidata_P856,1,
INE19152,municipality,19152,Illana,Castilla-La Mancha,Guadalajara,938,https://illana.es/,clm_directorio_entidades_locales,0,
INE09289,municipality,09289,Quintanar de la Sierra,Castilla y León,Burgos,1474,http://www.quintanardelasierra.es/,wikidata_P856,1,
INE34230,municipality,34230,Villarmentero de Campos,Castilla y León,Palencia,26,http://villarmenterodecampos.dip-palencia.es/,wikidata_P856,1,
INE49133,municipality,49133,Moreruela de Tábara,Castilla y León,Zamora,290,,,0,
INE16172,municipality,16172,Puebla de Almenara,Castilla-La Mancha,Cuenca,294,,,0,
INE12108,municipality,12108,Suera/Sueras,Comunitat Valenciana,Castelló/Castellón,593,http://www.suera.es/,wikidata_P856,1,
INE45110,municipality,45110,Navalcán,Castilla-La Mancha,Toledo,1859,http://www.navalcan.com/,clm_directorio_entidades_locales,0,
INE45005,municipality,45005,Alcañizo,Castilla-La Mancha,Toledo,259,http://www.alcanizo.org/,clm_directorio_entidades_locales,0,
INE46192,municipality,46192,Petrés,Comunitat Valenciana,València/Valencia,1124,http://www.petres.es/,wikidata_P856,1,
INE49143,municipality,49143,Palacios de Sanabria,Castilla y León,Zamora,233,,,0,
INE05229,municipality,05229,Santo Domingo de las Posadas,Castilla y León,Ávila,71,http://www.santodomingodelasposadas.es/,wikidata_P856,1,
INE37180,municipality,37180,"Manzano, El",Castilla y León,Salamanca,54,http://www.ayto-elmanzano.es/,wikidata_P856,1,
INE40127,municipality,40127,Membibre de la Hoz,Castilla y León,Segovia,42,http://www.membibredelahoz.es/,wikidata_P856,1,
INE47050,municipality,47050,Cigales,Castilla y León,Valladolid,5454,http://www.cigales.es/,wikidata_P856,1,
INE05164,municipality,05164,Navaquesera,Castilla y León,Ávila,38,https://www.navaquesera.es/,wikidata_P856,1,
INE31095,municipality,31095,Esparza de Salazar/Espartza Zaraitzu,"Navarra, Comunidad Foral de",Navarra,75,,,0,
INE45020,municipality,45020,Belvís de la Jara,Castilla-La Mancha,Toledo,1475,http://www.belvisdelajara.org/,clm_directorio_entidades_locales,0,
INE20906,municipality,20906,Altzaga,País Vasco,Gipuzkoa,165,http://www.altzaga.eus/,wikidata_P856,1,
INE08054,municipality,08054,Castellbisbal,Cataluña,Barcelona,13061,https://www.castellbisbal.cat/,wikidata_P856,1,
INE47218,municipality,47218,Villanueva de Duero,Castilla y León,Valladolid,1263,,,0,
INE22111,municipality,22111,Foradada del Toscar,Aragón,Huesca,163,http://www.foradada.com/,wikidata_P856,1,
INE16192,municipality,16192,San Martín de Boniches,Castilla-La Mancha,Cuenca,43,https://sanmartindeboniches.sedelectronica.es/,clm_directorio_entidades_locales,0,
INE42140,municipality,42140,Portillo de Soria,Castilla y León,Soria,11,,,0,
INE23021,municipality,23021,Carboneros,Andalucía,Jaén,624,http://carboneros.es/,wikidata_P856,1,
INE16112,municipality,16112,Huete,Castilla-La Mancha,Cuenca,1814,http://www.huete.org/,clm_directorio_entidades_locales,0,
INE05254,municipality,05254,Velayos,Castilla y León,Ávila,203,http://www.velayos.es/,wikidata_P856,1,
INE11019,municipality,11019,Grazalema,Andalucía,Cádiz,1977,http://www.grazalema.es/,wikidata_P856,1,
INE46105,municipality,46105,Cullera,Comunitat Valenciana,València/Valencia,24702,http://www.cullera.es/,wikidata_P856,1,
INE16119,municipality,16119,Leganiel,Castilla-La Mancha,Cuenca,223,,,0,
INE24112,municipality,24112,Peranzanes,Castilla y León,León,276,,,0,
INE50183,municipality,50183,Munébrega,Aragón,Zaragoza,351,http://www.munebrega.es/,wikidata_P856,1,
INE19106,municipality,19106,Chillarón del Rey,Castilla-La Mancha,Guadalajara,76,,,0,
INE17082,municipality,17082,Guils de Cerdanya,Cataluña,Girona,557,http://www.guils.cat/,wikidata_P856,1,
INE10136,municipality,10136,Oliva de Plasencia,Extremadura,Cáceres,290,http://www.tierrasdegranadilla.org/oliva/OLIVA.htm,wikidata_P856,1,
INE36015,municipality,36015,Cuntis,Galicia,Pontevedra,4469,https://concellodecuntis.org/,wikidata_P856,1,
INE42025,municipality,42025,Arcos de Jalón,Castilla y León,Soria,1531,http://www.arcosdejalon.es/,wikidata_P856,1,
INE06071,municipality,06071,"Lapa, La",Extremadura,Badajoz,298,http://www.lalapa.es/,wikidata_P856,1,
INE25249,municipality,25249,Vilanova de l'Aguda,Cataluña,Lleida,192,http://vilanovaaguda.ddl.net/,wikidata_P856,1,
INE16205,municipality,16205,Tejadillos,Castilla-La Mancha,Cuenca,102,,,0,
INE24185,municipality,24185,Val de San Lorenzo,Castilla y León,León,480,http://www.aytovaldesanlorenzo.es/,wikidata_P856,1,
INE37355,municipality,37355,Villanueva del Conde,Castilla y León,Salamanca,172,https://www.villanuevadelconde.com/,wikidata_P856,1,
INE26006,municipality,26006,Alberite,"Rioja, La","Rioja, La",2743,http://www.ayuntamientodealberite.org/,wikidata_P856,1,
INE19048,municipality,19048,Baños de Tajo,Castilla-La Mancha,Guadalajara,13,,,0,
INE34041,municipality,34041,Calahorra de Boedo,Castilla y León,Palencia,82,http://calahorradeboedo.dip-palencia.es/,wikidata_P856,1,
INE39028,municipality,39028,Entrambasaguas,Cantabria,Cantabria,5693,http://www.entrambasaguas.org/,wikidata_P856,1,
INE45040,municipality,45040,"Casar de Escalona, El",Castilla-La Mancha,Toledo,2280,https://elcasardeescalona.sedelectronica.es/,clm_directorio_entidades_locales,0,
INE40108,municipality,40108,Laguna de Contreras,Castilla y León,Segovia,111,http://www.lagunadecontreras.es/,wikidata_P856,1,
INE31102,municipality,31102,Ezkurra,"Navarra, Comunidad Foral de",Navarra,125,,,0,
INE09238,municipality,09238,Oña,Castilla y León,Burgos,938,https://www.ayuntamientoona.com/,wikidata_P856,1,
INE46100,municipality,46100,Cotes,Comunitat Valenciana,València/Valencia,314,http://www.cotes.es/,wikidata_P856,1,
INE13073,municipality,13073,Saceruela,Castilla-La Mancha,Ciudad Real,520,http://www.saceruela.es/,clm_directorio_entidades_locales,0,
INE26080,municipality,26080,Igea,"Rioja, La","Rioja, La",638,http://www.aytoigea.org/,wikidata_P856,1,
INE42106,municipality,42106,"Losilla, La",Castilla y León,Soria,12,,,0,
INE22095,municipality,22095,Chía,Aragón,Huesca,90,http://www.chia.es/,wikidata_P856,1,
INE25110,municipality,25110,Guissona,Cataluña,Lleida,7774,http://www.guissona.cat/,wikidata_P856,1,
INE40077,municipality,40077,Espirdo,Castilla y León,Segovia,1613,http://www.espirdo.es/,wikidata_P856,1,
INE45081,municipality,45081,Illescas,Castilla-La Mancha,Toledo,33301,http://www.illescas.es/,clm_directorio_entidades_locales,0,
INE08250,municipality,08250,Santa Margarida de Montbui,Cataluña,Barcelona,10631,http://www.montbui.cat/,wikidata_P856,1,
INE37206,municipality,37206,Moríñigo,Castilla y León,Salamanca,93,,,0,
INE19271,municipality,19271,Tordellego,Castilla-La Mancha,Guadalajara,38,,,0,
INE02062,municipality,02062,Povedilla,Castilla-La Mancha,Albacete,374,http://www.povedilla.es/,clm_directorio_entidades_locales,0,
INE09386,municipality,09386,Torrecilla del Monte,Castilla y León,Burgos,79,http://www.torrecilladelmonte.es/,wikidata_P856,1,
INE21058,municipality,21058,Puebla de Guzmán,Andalucía,Huelva,3071,http://www.puebladeguzman.es/,wikidata_P856,1,
INE22127,municipality,22127,Igriés,Aragón,Huesca,727,http://www.igries.es/,wikidata_P856,1,
INE47216,municipality,47216,Villán de Tordesillas,Castilla y León,Valladolid,122,,,0,
INE15039,municipality,15039,Irixoa,Galicia,"Coruña, A",1343,http://www.irixoa.es/,wikidata_P856,1,
INE10134,municipality,10134,Navezuelas,Extremadura,Cáceres,668,http://www.navezuelas.es/,wikidata_P856,1,
INE36030,municipality,36030,Mondariz,Galicia,Pontevedra,4456,https://www.mondariz.gal/,wikidata_P856,1,
INE47069,municipality,47069,Gallegos de Hornija,Castilla y León,Valladolid,104,,,0,
INE09023,municipality,09023,Arcos,Castilla y León,Burgos,1823,http://www.aytoarcosdelallana.es/,wikidata_P856,1,
INE45901,municipality,45901,Santo Domingo-Caudilla,Castilla-La Mancha,Toledo,1299,http://www.santodomingo-caudilla.es/,clm_directorio_entidades_locales,0,
INE24219,municipality,24219,Villaobispo de Otero,Castilla y León,León,514,http://www.aytovillaobispo.com/,wikidata_P856,1,
INE31058,municipality,31058,Auritz/Burguete,"Navarra, Comunidad Foral de",Navarra,235,http://www.burguete.es/es/,wikidata_P856,1,
INE44138,municipality,44138,Loscos,Aragón,Teruel,121,http://www.loscos.info/,wikidata_P856,1,
INE49270,municipality,49270,Villavendimio,Castilla y León,Zamora,150,,,0,
INE01009,municipality,01009,Asparrena,País Vasco,Araba/Álava,1609,,,0,
INE47159,municipality,47159,Serrada,Castilla y León,Valladolid,1117,http://serrada.es/,wikidata_P856,1,
INE13008,municipality,13008,Alcubillas,Castilla-La Mancha,Ciudad Real,417,http://www.alcubillas.es/,clm_directorio_entidades_locales,0,
INE06010,municipality,06010,Almendral,Extremadura,Badajoz,1202,http://www.almendral.es/,wikidata_P856,1,
INE29063,municipality,29063,Jimera de Líbar,Andalucía,Málaga,399,http://www.jimeradelibar.es/,wikidata_P856,1,
INE08023,municipality,08023,Bigues i Riells del Fai,Cataluña,Barcelona,10139,https://www.biguesiriells.cat/,wikidata_P856,1,
INE42053,municipality,42053,Carrascosa de Abajo,Castilla y León,Soria,18,http://www.carrascosadeabajo.es/,wikidata_P856,1,
INE04067,municipality,04067,Ohanes,Andalucía,Almería,553,https://www.ohanes.es/,wikidata_P856,1,
INE24172,municipality,24172,Truchas,Castilla y León,León,371,http://www.fontun.com/aytotruchas/index.htm/,wikidata_P856,1,
INE37370,municipality,37370,Villaseco de los Reyes,Castilla y León,Salamanca,296,https://villasecodelosreyes.com/,wikidata_P856,1,
INE50280,municipality,50280,Vera de Moncayo,Aragón,Zaragoza,317,,,0,
INE06112,municipality,06112,Retamal de Llerena,Extremadura,Badajoz,428,http://www.retamaldellerena.es/,wikidata_P856,1,
INE09338,municipality,09338,San Mamés de Burgos,Castilla y León,Burgos,323,http://www.sanmamesdeburgos.es/,wikidata_P856,1,
INE24017,municipality,24017,Bercianos del Páramo,Castilla y León,León,513,http://www.aytobercianosdelparamo.es/,wikidata_P856,1,
INE46136,municipality,46136,Godelleta,Comunitat Valenciana,València/Valencia,4266,http://www.godelleta.es/,wikidata_P856,1,
INE26012,municipality,26012,Almarza de Cameros,"Rioja, La","Rioja, La",41,http://www.almarzadecameros.org/,wikidata_P856,1,
INE09119,municipality,09119,Cuevas de San Clemente,Castilla y León,Burgos,52,http://www.cuevasdesanclemente.es/,wikidata_P856,1,
INE08151,municipality,08151,Oristà,Cataluña,Barcelona,555,https://www.orista.cat/,wikidata_P856,1,
INE49272,municipality,49272,Villaveza de Valverde,Castilla y León,Zamora,72,http://villavezavalverde.iespana.es/,wikidata_P856,1,
INE45153,municipality,45153,San Pablo de los Montes,Castilla-La Mancha,Toledo,1627,http://www.aytosanpablodelosmontes.es/,clm_directorio_entidades_locales,0,
INE37120,municipality,37120,Encina de San Silvestre,Castilla y León,Salamanca,111,http://www.encinadesansilvestre.es/,wikidata_P856,1,
INE14005,municipality,14005,Almodóvar del Río,Andalucía,Córdoba,8040,http://www.almodovardelrio.es/,wikidata_P856,1,
INE19042,municipality,19042,Arroyo de las Fraguas,Castilla-La Mancha,Guadalajara,32,,,0,
INE49275,municipality,49275,Zamora,Castilla y León,Zamora,59815,https://zamora.es/,wikidata_P856,1,
INE40015,municipality,40015,Aldehuela del Codonal,Castilla y León,Segovia,24,https://www.aldehueladelcodonal.es/,wikidata_P856,1,
INE09065,municipality,09065,Campillo de Aranda,Castilla y León,Burgos,175,http://www.campillodearanda.es/,wikidata_P856,1,
INE13069,municipality,13069,Puebla del Príncipe,Castilla-La Mancha,Ciudad Real,648,http://puebladelprincipe.es/,clm_directorio_entidades_locales,0,
INE47221,municipality,47221,Villanueva de los Infantes,Castilla y León,Valladolid,116,,,0,
INE12109,municipality,12109,Tales,Comunitat Valenciana,Castelló/Castellón,827,http://www.tales.es/,wikidata_P856,1,
INE37234,municipality,37234,"Payo, El",Castilla y León,Salamanca,302,,,0,
INE46263,municipality,46263,Zarra,Comunitat Valenciana,València/Valencia,374,http://www.zarra.es/,wikidata_P856,1,
INE09374,municipality,09374,Susinos del Páramo,Castilla y León,Burgos,115,http://www.susinosdelparamo.es/,wikidata_P856,1,
INE47203,municipality,47203,Villafrades de Campos,Castilla y León,Valladolid,59,,,0,
INE40144,municipality,40144,Navares de las Cuevas,Castilla y León,Segovia,22,http://www.navaresdelascuevas.es/,wikidata_P856,1,
INE12001,municipality,12001,Atzeneta del Maestrat,Comunitat Valenciana,Castelló/Castellón,1284,https://www.atzenetadelmaestrat.es/,wikidata_P856,1,
INE12141,municipality,12141,Zorita del Maestrazgo,Comunitat Valenciana,Castelló/Castellón,118,http://www.zoritadelmaestrazgo.es/,wikidata_P856,1,
INE50229,municipality,50229,Ruesca,Aragón,Zaragoza,69,,,0,
INE45133,municipality,45133,Polán,Castilla-La Mancha,Toledo,3941,http://www.aytopolan.es/,clm_directorio_entidades_locales,0,
INE46210,municipality,46210,"Ràfol de Salem, el",Comunitat Valenciana,València/Valencia,463,http://www.rafoldesalem.es/,wikidata_P856,1,
INE49018,municipality,49018,Ayoó de Vidriales,Castilla y León,Zamora,264,http://www.ayoodevidriales.com/,wikidata_P856,1,
INE46187,municipality,46187,Palma de Gandía,Comunitat Valenciana,València/Valencia,1897,http://www.palmadegandia.es/,wikidata_P856,1,
INE22078,municipality,22078,Canfranc,Aragón,Huesca,633,http://www.canfranc.com/,wikidata_P856,1,
INE47105,municipality,47105,Olmos de Esgueva,Castilla y León,Valladolid,187,,,0,
INE28020,municipality,28020,Berzosa del Lozoya,"Madrid, Comunidad de",Madrid,242,https://www.berzosadelozoya.com/,wikidata_P856,1,
INE12107,municipality,12107,Sot de Ferrer,Comunitat Valenciana,Castelló/Castellón,492,http://www.sotdeferrer.es/,wikidata_P856,1,
INE16098,municipality,16098,"Herrumblar, El",Castilla-La Mancha,Cuenca,800,,,0,
INE50080,municipality,50080,Cerveruela,Aragón,Zaragoza,38,,,0,
INE40018,municipality,40018,Añe,Castilla y León,Segovia,67,http://www.ane.es/,wikidata_P856,1,
INE26123,municipality,26123,"Redal, El","Rioja, La","Rioja, La",138,http://www.elredal.es/,wikidata_P856,1,
INE26102,municipality,26102,Nájera,"Rioja, La","Rioja, La",8336,http://www.najera.es/,wikidata_P856,1,
INE29064,municipality,29064,Jubrique,Andalucía,Málaga,585,http://www.jubrique.org/,wikidata_P856,1,
INE19196,municipality,19196,Muduex,Castilla-La Mancha,Guadalajara,104,https://muduex.sedelectronica.es/,clm_directorio_entidades_locales,0,
INE49159,municipality,49159,Pobladura del Valle,Castilla y León,Zamora,269,http://www.pobladuradelvalle.com/,wikidata_P856,1,
INE08178,municipality,08178,Rajadell,Cataluña,Barcelona,597,http://www.rajadell.cat/,wikidata_P856,1,
INE40155,municipality,40155,Palazuelos de Eresma,Castilla y León,Segovia,6107,https://www.palazuelosdeeresma.es/,wikidata_P856,1,
INE47036,municipality,47036,Casasola de Arión,Castilla y León,Valladolid,205,,,0,
INE50258,municipality,50258,Torralbilla,Aragón,Zaragoza,38,,,0,
INE34218,municipality,34218,Villaluenga de la Vega,Castilla y León,Palencia,519,,,0,
INE44238,municipality,44238,Utrillas,Aragón,Teruel,3069,http://www.utrillas.org/,wikidata_P856,1,
INE50151,municipality,50151,Luna,Aragón,Zaragoza,674,http://www.luna.es/,wikidata_P856,1,
INE23016,municipality,23016,Benatae,Andalucía,Jaén,423,http://www.benatae.com/,wikidata_P856,1,
INE44227,municipality,44227,Torre los Negros,Aragón,Teruel,77,http://www.torrelosnegros.org/,wikidata_P856,1,
INE50293,municipality,50293,Villarroya de la Sierra,Aragón,Zaragoza,397,http://www.villarroyadelasierra.com/,wikidata_P856,1,
INE02030,municipality,02030,Elche de la Sierra,Castilla-La Mancha,Albacete,3603,http://www.elchedelasierra.es/,clm_directorio_entidades_locales,0,
INE24093,municipality,24093,Magaz de Cepeda,Castilla y León,León,345,https://www.aytomagazdecepeda.es/,wikidata_P856,1,
INE50182,municipality,50182,"Muela, La",Aragón,Zaragoza,6737,http://www.lamuela.es/,wikidata_P856,1,
INE03022,municipality,03022,Benasau,Comunitat Valenciana,Alacant/Alicante,174,https://www.benasau.es/,wikidata_P856,1,
INE18025,municipality,18025,Beas de Guadix,Andalucía,Granada,318,https://www.beasdeguadix.es/,wikidata_P856,1,
INE16005,municipality,16005,Albalate de las Nogueras,Castilla-La Mancha,Cuenca,261,,,0,
INE32013,municipality,32013,Boborás,Galicia,Ourense,2167,,,0,
INE23025,municipality,23025,Castellar,Andalucía,Jaén,3147,https://www.castellariegos.com/,wikidata_P856,1,
INE12003,municipality,12003,Albocàsser,Comunitat Valenciana,Castelló/Castellón,1370,http://www.albocasser.es/ca,wikidata_P856,1,
INE24221,municipality,24221,Villaquejida,Castilla y León,León,763,http://www.aytovillaquejida.es/,wikidata_P856,1,
INE28153,municipality,28153,Torremocha de Jarama,"Madrid, Comunidad de",Madrid,1157,https://torremochadejarama.es/,wikidata_P856,1,
INE28128,municipality,28128,Rozas de Puerto Real,"Madrid, Comunidad de",Madrid,579,https://www.rozasdepuertoreal.es/,wikidata_P856,1,
INE34055,municipality,34055,Cervatos de la Cueza,Castilla y León,Palencia,241,http://cervatosdelacueza.dip-palencia.es/,wikidata_P856,1,
INE26027,municipality,26027,Berceo,"Rioja, La","Rioja, La",143,http://www.ayuntamientodeberceo.org/,wikidata_P856,1,
INE22057,municipality,22057,Bielsa,Aragón,Huesca,479,http://www.bielsa.es/,wikidata_P856,1,
INE49100,municipality,49100,Lubián,Castilla y León,Zamora,296,http://www.ayuntamientolubian.es/,wikidata_P856,1,
INE49093,municipality,49093,Guarrate,Castilla y León,Zamora,313,,,0,
INE42088,municipality,42088,Fuentelmonge,Castilla y León,Soria,58,http://www.fuentelmonge.com/,wikidata_P856,1,
INE24022,municipality,24022,Borrenes,Castilla y León,León,297,https://www.borrenes.org/,wikidata_P856,1,
INE09265,municipality,09265,Piérnigas,Castilla y León,Burgos,43,http://www.piernigas.blogspot.com/,wikidata_P856,1,
INE32004,municipality,32004,Avión,Galicia,Ourense,1719,http://www.concelloavion.org/,wikidata_P856,1,
INE45127,municipality,45127,Palomeque,Castilla-La Mancha,Toledo,1213,https://www.ayuntamientodepalomeque.es/,wikidata_P856,1,
INE24047,municipality,24047,Castrocontrigo,Castilla y León,León,623,,,0,
INE33009,municipality,33009,Cabranes,"Asturias, Principado de",Asturias,1094,http://www.cabranes.es/,wikidata_P856,1,
INE40109,municipality,40109,Languilla,Castilla y León,Segovia,79,http://www.languilla.es/,wikidata_P856,1,
INE19153,municipality,19153,Iniéstola,Castilla-La Mancha,Guadalajara,19,,,0,
INE05237,municipality,05237,Solana de Rioalmar,Castilla y León,Ávila,141,http://www.solanaderioalmar.es/,wikidata_P856,1,
INE22082,municipality,22082,Castejón del Puente,Aragón,Huesca,359,http://www.castejondelpuente.com/,wikidata_P856,1,
INE10079,municipality,10079,Garganta la Olla,Extremadura,Cáceres,874,http://www.gargantalaolla.es/,wikidata_P856,1,
INE49136,municipality,49136,Muga de Sayago,Castilla y León,Zamora,313,http://www.mugadesayago.com/,wikidata_P856,1,
INE10080,municipality,10080,Gargantilla,Extremadura,Cáceres,346,,,0,
INE49179,municipality,49179,Robleda-Cervantes,Castilla y León,Zamora,375,,,0,
INE10103,municipality,10103,Jaraicejo,Extremadura,Cáceres,418,http://www.jaraicejo.es/,wikidata_P856,1,
INE45129,municipality,45129,Paredes de Escalona,Castilla-La Mancha,Toledo,133,https://paredesdeescalona.es/,clm_directorio_entidades_locales,0,
INE42201,municipality,42201,Velilla de la Sierra,Castilla y León,Soria,26,,,0,
INE09451,municipality,09451,Villanueva de Gumiel,Castilla y León,Burgos,281,http://www.villanuevadegumiel.es/,wikidata_P856,1,
INE37365,municipality,37365,Villarmayor,Castilla y León,Salamanca,139,,,0,
INE05251,municipality,05251,Vadillo de la Sierra,Castilla y León,Ávila,50,http://www.vadillodelasierra.es/,wikidata_P856,1,
INE42076,municipality,42076,Deza,Castilla y León,Soria,162,http://www.deza.es/,wikidata_P856,1,
INE37177,municipality,37177,"Maíllo, El",Castilla y León,Salamanca,282,,,0,
INE09047,municipality,09047,Belbimbre,Castilla y León,Burgos,53,http://www.belbimbre.es/,wikidata_P856,1,
INE24058,municipality,24058,Corbillos de los Oteros,Castilla y León,León,174,http://www.aytocorbillosdelosoteros.es/,wikidata_P856,1,
INE24086,municipality,24086,Joarilla de las Matas,Castilla y León,León,241,http://www.aytojoarilladelasmatas.es/,wikidata_P856,1,
INE44007,municipality,44007,Alba,Aragón,Teruel,186,,,0,
INE32012,municipality,32012,"Blancos, Os",Galicia,Ourense,696,,,0,
INE31003,municipality,31003,Abaurregaina/Abaurrea Alta,"Navarra, Comunidad Foral de",Navarra,121,http://www.animsa.es/abaurreaalta,wikidata_P856,1,
INE40006,municipality,40006,Aldealcorvo,Castilla y León,Segovia,15,http://www.aldealcorvo.es/,wikidata_P856,1,
INE45098,municipality,45098,Menasalbas,Castilla-La Mancha,Toledo,2465,http://www.menasalbas.es/,clm_directorio_entidades_locales,0,
INE50079,municipality,50079,Cervera de la Cañada,Aragón,Zaragoza,263,,,0,
INE12079,municipality,12079,Montanejos,Comunitat Valenciana,Castelló/Castellón,649,http://www.montanejos.es/,wikidata_P856,1,
INE10158,municipality,10158,Robledillo de Trujillo,Extremadura,Cáceres,394,,,0,
INE03067,municipality,03067,Fageca,Comunitat Valenciana,Alacant/Alicante,100,http://www.fageca.es/,wikidata_P856,1,
INE10048,municipality,10048,Carrascalejo,Extremadura,Cáceres,223,,,0,
INE26028,municipality,26028,Bergasa,"Rioja, La","Rioja, La",172,http://www.aytobergasa.org/,wikidata_P856,1,
INE22053,municipality,22053,Benabarre,Aragón,Huesca,1142,http://www.benabarre.es/,wikidata_P856,1,
INE40189,municipality,40189,Santiuste de San Juan Bautista,Castilla y León,Segovia,534,http://www.santiustedesanjuanbautista.es/,wikidata_P856,1,
INE28035,municipality,28035,Carabaña,"Madrid, Comunidad de",Madrid,2451,https://www.ayuntamientocarabaña.es/,wikidata_P856,1,
INE27046,municipality,27046,Pol,Galicia,Lugo,1550,http://www.concellodepol.es/,wikidata_P856,1,
INE37131,municipality,37131,Frades de la Sierra,Castilla y León,Salamanca,163,http://www.fradesdelasierra.es/,wikidata_P856,1,
INE37121,municipality,37121,Encinas de Abajo,Castilla y León,Salamanca,615,http://encinasdeabajo.es/,wikidata_P856,1,
INE18046,municipality,18046,Castril,Andalucía,Granada,1927,https://castril.es/,wikidata_P856,1,
INE37315,municipality,37315,"Tala, La",Castilla y León,Salamanca,77,http://www.latala.es/,wikidata_P856,1,
INE36059,municipality,36059,Vila de Cruces,Galicia,Pontevedra,4967,http://www.viladecruces.org/,wikidata_P856,1,
INE10102,municipality,10102,Ibahernando,Extremadura,Cáceres,538,http://www.ibahernando.com/,wikidata_P856,1,
INE42176,municipality,42176,Tajahuerce,Castilla y León,Soria,22,,,0,
INE36020,municipality,36020,Agolada,Galicia,Pontevedra,2225,http://www.agolada.es/,wikidata_P856,1,
INE44241,municipality,44241,Valdealgorfa,Aragón,Teruel,581,http://www.valdealgorfa.com/,wikidata_P856,1,
INE32074,municipality,32074,San Amaro,Galicia,Ourense,1030,https://sanamaro.sedelectronica.gal/info.2,wikidata_P856,1,
INE50290,municipality,50290,Villanueva de Huerva,Aragón,Zaragoza,360,,,0,
INE44223,municipality,44223,Torre de Arcas,Aragón,Teruel,76,,,0,
INE37078,municipality,37078,Candelario,Castilla y León,Salamanca,832,http://www.candelario.es/,wikidata_P856,1,
INE49038,municipality,49038,Casaseca de Campeán,Castilla y León,Zamora,88,,,0,
INE47024,municipality,47024,Bolaños de Campos,Castilla y León,Valladolid,244,http://www.bolanosdecampos.ayuntamientosdevalladolid.es/,wikidata_P856,1,
INE34051,municipality,34051,Castrillo de Onielo,Castilla y León,Palencia,91,http://www.castrillodeonielo.es/,wikidata_P856,1,
INE39003,municipality,39003,Anievas,Cantabria,Cantabria,274,https://www.aytoanievas.org/,wikidata_P856,1,
INE37179,municipality,37179,Mancera de Abajo,Castilla y León,Salamanca,192,http://www.manceradeabajo.es/index.asp,wikidata_P856,1,
INE50294,municipality,50294,Villarroya del Campo,Aragón,Zaragoza,70,http://www.villarroyadelcampo.es/,wikidata_P856,1,
INE19195,municipality,19195,Morenilla,Castilla-La Mancha,Guadalajara,53,,,0,
INE12097,municipality,12097,Sacañet,Comunitat Valenciana,Castelló/Castellón,67,http://www.sacanet.es/,wikidata_P856,1,
INE42048,municipality,42048,Caltojar,Castilla y León,Soria,53,,,0,
INE26108,municipality,26108,Ocón,"Rioja, La","Rioja, La",312,http://www.elvalledeocon.org/,wikidata_P856,1,
INE50270,municipality,50270,Urriés,Aragón,Zaragoza,50,,,0,
INE16130,municipality,16130,Montalbo,Castilla-La Mancha,Cuenca,703,http://www.ayuntamontalbo.es/,clm_directorio_entidades_locales,0,
INE32019,municipality,32019,"Carballiño, O",Galicia,Ourense,14249,http://www.carballino.gal/,wikidata_P856,1,
INE19118,municipality,19118,Fuembellida,Castilla-La Mancha,Guadalajara,13,,,0,
INE03034,municipality,03034,Benijófar,Comunitat Valenciana,Alacant/Alicante,3679,http://www.benijofar.es/,wikidata_P856,1,
INE44137,municipality,44137,Linares de Mora,Aragón,Teruel,242,http://www.linaresdemora.es/,wikidata_P856,1,
INE09045,municipality,09045,Basconcillos del Tozo,Castilla y León,Burgos,276,http://www.basconcillosdeltozo.es/,wikidata_P856,1,
INE47090,municipality,47090,Mojados,Castilla y León,Valladolid,3415,http://www.ayto-mojados.es/,wikidata_P856,1,
INE44267,municipality,44267,Vivel del Río Martín,Aragón,Teruel,63,http://www.viveldelriomartin.es/,wikidata_P856,1,
INE19272,municipality,19272,Tordesilos,Castilla-La Mancha,Guadalajara,78,,,0,
INE50238,municipality,50238,Santa Eulalia de Gállego,Aragón,Zaragoza,101,https://www.santolaria.eu/,wikidata_P856,1,
INE37099,municipality,37099,Cereceda de la Sierra,Castilla y León,Salamanca,55,,,0,
INE39101,municipality,39101,Valle de Villaverde,Cantabria,Cantabria,249,,,0,
INE40131,municipality,40131,Monterrubio,Castilla y León,Segovia,51,http://www.monterrubio.es/,wikidata_P856,1,
INE26120,municipality,26120,Quel,"Rioja, La","Rioja, La",2128,http://www.quel.org/,wikidata_P856,1,
INE37272,municipality,37272,Saelices el Chico,Castilla y León,Salamanca,175,http://saeliceselchico.es//,wikidata_P856,1,
INE05085,municipality,05085,Gil García,Castilla y León,Ávila,45,https://www.gilgarcia.es/,wikidata_P856,1,
INE28028,municipality,28028,Bustarviejo,"Madrid, Comunidad de",Madrid,2870,https://www.ayuntamientodebustarviejo.org/,wikidata_P856,1,
INE08248,municipality,08248,Santa Eulàlia de Ronçana,Cataluña,Barcelona,7953,http://www.ser.cat/,wikidata_P856,1,
INE20076,municipality,20076,Ordizia,País Vasco,Gipuzkoa,10815,https://www.ordizia.eus/,wikidata_P856,1,
INE05057,municipality,05057,Cebreros,Castilla y León,Ávila,3345,http://www.villadecebreros.org/,wikidata_P856,1,
INE09206,municipality,09206,Mazuela,Castilla y León,Burgos,55,http://www.mazuela.org/,wikidata_P856,1,
INE26088,municipality,26088,Leza de Río Leza,"Rioja, La","Rioja, La",40,,,0,
INE18040,municipality,18040,Cáñar,Andalucía,Granada,424,http://ayuntamientodecañar.es/,wikidata_P856,1,
INE50216,municipality,50216,Pozuelo de Aragón,Aragón,Zaragoza,247,,,0,
INE39056,municipality,39056,Puente Viesgo,Cantabria,Cantabria,2893,https://www.puenteviesgo.es/,wikidata_P856,1,
INE42158,municipality,42158,Rioseco de Soria,Castilla y León,Soria,123,,,0,
INE49034,municipality,49034,Cañizal,Castilla y León,Zamora,410,http://www.canizal.es/,wikidata_P856,1,
INE43176,municipality,43176,Vimbodí i Poblet,Cataluña,Tarragona,887,http://www.vimbodipoblet.cat/,wikidata_P856,1,
INE34146,municipality,34146,Reinoso de Cerrato,Castilla y León,Palencia,58,,,0,
INE34165,municipality,34165,San Román de la Cuba,Castilla y León,Palencia,53,http://www.sanromandelacuba.es/,wikidata_P856,1,
INE44155,municipality,44155,Montalbán,Aragón,Teruel,1162,http://www.montalban.es/,wikidata_P856,1,
INE22232,municipality,22232,Torralba de Aragón,Aragón,Huesca,105,http://aytotorralbadearagon.es/,wikidata_P856,1,
INE10069,municipality,10069,"Cumbre, La",Extremadura,Cáceres,815,http://www.lacumbre-caceres.es/,wikidata_P856,1,
INE47029,municipality,47029,Cabreros del Monte,Castilla y León,Valladolid,64,,,0,
INE19310,municipality,19310,Valtablado del Río,Castilla-La Mancha,Guadalajara,7,,,0,
INE09052,municipality,09052,Berzosa de Bureba,Castilla y León,Burgos,26,http://www.berzosadebureba.es/,wikidata_P856,1,
INE22085,municipality,22085,Castelflorite,Aragón,Huesca,102,http://www.castelflorite.es/,wikidata_P856,1,
INE47023,municipality,47023,Boecillo,Castilla y León,Valladolid,4446,,,0,
INE03069,municipality,03069,Finestrat,Comunitat Valenciana,Alacant/Alicante,9919,http://www.finestrat.es/,wikidata_P856,1,
INE24213,municipality,24213,Villamartín de Don Sancho,Castilla y León,León,130,http://www.aytovillamartindedonsancho.es/,wikidata_P856,1,
INE50169,municipality,50169,Miedes de Aragón,Aragón,Zaragoza,408,http://www.miedesdearagon.es/,wikidata_P856,1,
INE07012,municipality,07012,Campanet,"Balears, Illes",Illes Balears,2859,http://www.ajcampanet.net/,wikidata_P856,1,
INE06026,municipality,06026,Calera de León,Extremadura,Badajoz,912,http://www.caleradeleon.com/,wikidata_P856,1,
INE18088,municipality,18088,Guadahortuna,Andalucía,Granada,1829,http://www.guadahortuna.es/,wikidata_P856,1,
INE18024,municipality,18024,Beas de Granada,Andalucía,Granada,1007,https://www.beasdegranada.es/,wikidata_P856,1,
INE44222,municipality,44222,Torrecilla del Rebollar,Aragón,Teruel,114,http://www.torrecilladelrebollar.com/,wikidata_P856,1,
INE24170,municipality,24170,Torre del Bierzo,Castilla y León,León,1929,http://torredelbierzo.es/,wikidata_P856,1,
INE24043,municipality,24043,Castrillo de Cabrera,Castilla y León,León,100,http://www.aytocastrillodecabrera.es/,wikidata_P856,1,
INE39039,municipality,39039,Luena,Cantabria,Cantabria,600,,,0,
INE16046,municipality,16046,Cañada del Hoyo,Castilla-La Mancha,Cuenca,221,https://www.aycanadadelhoyo.es/,clm_directorio_entidades_locales,0,
INE42021,municipality,42021,Almazul,Castilla y León,Soria,61,http://www.almazul.org/,wikidata_P856,1,
INE13088,municipality,13088,Valenzuela de Calatrava,Castilla-La Mancha,Ciudad Real,638,http://valenzueladecalatrava.es/,clm_directorio_entidades_locales,0,
INE50004,municipality,50004,Aguarón,Aragón,Zaragoza,602,,,0,
INE28088,municipality,28088,Montejo de la Sierra,"Madrid, Comunidad de",Madrid,404,https://www.montejodelasierra.net/,wikidata_P856,1,
INE39008,municipality,39008,"Astillero, El",Cantabria,Cantabria,18448,http://www.astillero.com/,wikidata_P856,1,
INE05210,municipality,05210,San Juan de la Encinilla,Castilla y León,Ávila,70,http://www.san-juan-de-la-encinilla.com/,wikidata_P856,1,
INE19194,municipality,19194,Moratilla de los Meleros,Castilla-La Mancha,Guadalajara,106,http://www.moratilladelosmeleros.com/,wikidata_P856,1,
INE14052,municipality,14052,Peñarroya-Pueblonuevo,Andalucía,Córdoba,10244,http://penarroyapueblonuevo.es/,wikidata_P856,1,
INE42121,municipality,42121,Montenegro de Cameros,Castilla y León,Soria,43,,,0,
INE37089,municipality,37089,Casafranca,Castilla y León,Salamanca,69,,,0,
INE46196,municipality,46196,Pinet,Comunitat Valenciana,València/Valencia,156,http://www.pinet.es/,wikidata_P856,1,
INE21036,municipality,21036,"Granada de Río-Tinto, La",Andalucía,Huelva,235,http://www.lagranadaderiotinto.es/,wikidata_P856,1,
INE18114,municipality,18114,"Calahorra, La",Andalucía,Granada,680,http://www.lacalahorra.es/,wikidata_P856,1,
INE03077,municipality,03077,"Fondó de les Neus, el/Hondón de las Nieves",Comunitat Valenciana,Alacant/Alicante,2738,http://www.fondoneus.es/,wikidata_P856,1,
INE22006,municipality,22006,Aisa,Aragón,Huesca,326,http://www.aytoaisa.com/,wikidata_P856,1,
INE08045,municipality,08045,Capolat,Cataluña,Barcelona,93,https://www.capolat.cat/,wikidata_P856,1,
INE49141,municipality,49141,Pajares de la Lampreana,Castilla y León,Zamora,282,,,0,
INE09201,municipality,09201,Mamolar,Castilla y León,Burgos,27,http://www.mamolar.es/,wikidata_P856,1,
INE46240,municipality,46240,Terrateig,Comunitat Valenciana,València/Valencia,290,http://www.terrateig.es/,wikidata_P856,1,
INE09007,municipality,09007,Aguilar de Bureba,Castilla y León,Burgos,46,http://www.aguilardebureba.es/,wikidata_P856,1,
INE42079,municipality,42079,Escobosa de Almazán,Castilla y León,Soria,19,,,0,
INE06041,municipality,06041,Cristina,Extremadura,Badajoz,549,http://www.cristina.es/,wikidata_P856,1,
INE22022,municipality,22022,Almunia de San Juan,Aragón,Huesca,733,http://www.geocities.com/ayuntamientoalmunia/,wikidata_P856,1,
INE44056,municipality,44056,Caminreal,Aragón,Teruel,606,http://usuarios.lycos.es/caminrealteruel/,wikidata_P856,1,
INE44020,municipality,44020,Alpeñés,Aragón,Teruel,27,https://www.alpenes.es/,wikidata_P856,1,
INE44224,municipality,44224,Torre de las Arcas,Aragón,Teruel,19,http://www.torredelasarcas.com/,wikidata_P856,1,
INE26174,municipality,26174,Villarta-Quintana,"Rioja, La","Rioja, La",129,,,0,
INE37065,municipality,37065,Cabeza del Caballo,Castilla y León,Salamanca,224,,,0,
INE49011,municipality,49011,Arcos de la Polvorosa,Castilla y León,Zamora,211,http://www.arcosdelapolvorosa.net/,wikidata_P856,1,
INE15035,municipality,15035,Fene,Galicia,"Coruña, A",12467,https://fene.gal/portal-cidadan/index/gl,wikidata_P856,1,
INE42068,municipality,42068,Coscurita,Castilla y León,Soria,69,,,0,
INE34158,municipality,34158,Salinas de Pisuerga,Castilla y León,Palencia,348,,,0,
INE23043,municipality,23043,Hornos,Andalucía,Jaén,561,http://www.hornos.es/,wikidata_P856,1,
INE06110,municipality,06110,Reina,Extremadura,Badajoz,144,http://www.reinaturdula.es/,wikidata_P856,1,
INE44153,municipality,44153,Monreal del Campo,Aragón,Teruel,2578,https://www.monrealdelcampo.com/,wikidata_P856,1,
INE23015,municipality,23015,Bélmez de la Moraleda,Andalucía,Jaén,1504,http://www.belmezdelamoraleda.es/,wikidata_P856,1,
INE13066,municipality,13066,Pozuelo de Calatrava,Castilla-La Mancha,Ciudad Real,4055,http://www.pozuelodecalatrava.es/,clm_directorio_entidades_locales,0,
INE05186,municipality,05186,Piedrahíta,Castilla y León,Ávila,1637,http://www.aytopiedrahita.com/,wikidata_P856,1,
INE15048,municipality,15048,Miño,Galicia,"Coruña, A",7108,https://www.concellodemino.gal/,wikidata_P856,1,
INE22039,municipality,22039,Ayerbe,Aragón,Huesca,1050,https://www.ayerbe.es/,wikidata_P856,1,
INE24041,municipality,24041,Carucedo,Castilla y León,León,479,https://carucedo.es/,wikidata_P856,1,
INE45035,municipality,45035,Cardiel de los Montes,Castilla-La Mancha,Toledo,406,http://www.cardieldelosmontes.es/,clm_directorio_entidades_locales,0,
INE50050,municipality,50050,Bijuesca,Aragón,Zaragoza,93,,,0,
INE23088,municipality,23088,Torreperogil,Andalucía,Jaén,7107,http://www.torreperogil.es/,wikidata_P856,1,
INE02083,municipality,02083,Villavaliente,Castilla-La Mancha,Albacete,190,http://www.villavaliente.es/,clm_directorio_entidades_locales,0,
INE06087,municipality,06087,Monterrubio de la Serena,Extremadura,Badajoz,2157,http://www.monterrubiodelaserena.es/,wikidata_P856,1,
INE13001,municipality,13001,Abenójar,Castilla-La Mancha,Ciudad Real,1309,http://www.abenojar.es/,clm_directorio_entidades_locales,0,
INE29029,municipality,29029,Benarrabá,Andalucía,Málaga,457,http://www.benarraba.es/,wikidata_P856,1,
INE26069,municipality,26069,Grañón,"Rioja, La","Rioja, La",209,http://www.granon.org/,wikidata_P856,1,
INE34170,municipality,34170,Santibáñez de Ecla,Castilla y León,Palencia,42,http://santibanezdeecla.dip-palencia.es/,wikidata_P856,1,
INE46146,municipality,46146,Xeresa,Comunitat Valenciana,València/Valencia,2418,http://www.xeresa.es/,wikidata_P856,1,
INE09329,municipality,09329,Salas de Bureba,Castilla y León,Burgos,129,http://www.salasdebureba.es/,wikidata_P856,1,
INE50187,municipality,50187,Nigüella,Aragón,Zaragoza,58,,,0,
INE24021,municipality,24021,Boñar,Castilla y León,León,1732,https://ayuntamientobonar.org/,wikidata_P856,1,
INE18006,municipality,18006,Albuñol,Andalucía,Granada,7388,http://www.albunol.es/,wikidata_P856,1,
INE21024,municipality,21024,Corteconcepción,Andalucía,Huelva,581,http://www.corteconcepcion.es/,wikidata_P856,1,
INE03017,municipality,03017,"Alqueria d'Asnar, l'",Comunitat Valenciana,Alacant/Alicante,519,http://www.lalqueriadasnar.es/,wikidata_P856,1,
INE47079,municipality,47079,Llano de Olmedo,Castilla y León,Valladolid,49,http://www.llanodeolmedo.com/,wikidata_P856,1,
INE47225,municipality,47225,Villasexmir,Castilla y León,Valladolid,67,,,0,
INE05115,municipality,05115,Maello,Castilla y León,Ávila,713,http://www.maello.es/,wikidata_P856,1,
INE22041,municipality,22041,Azara,Aragón,Huesca,167,http://www.azara.es/,wikidata_P856,1,
INE12013,municipality,12013,Arañuel,Comunitat Valenciana,Castelló/Castellón,148,http://www.aranuel.es/,wikidata_P856,1,
INE47172,municipality,47172,Torrescárcela,Castilla y León,Valladolid,162,http://www.torrescarcela.com/,wikidata_P856,1,
INE25042,municipality,25042,"Baronia de Rialb, La",Cataluña,Lleida,216,http://www.baroniarialb.cat/,wikidata_P856,1,
INE12123,municipality,12123,Vallat,Comunitat Valenciana,Castelló/Castellón,66,http://www.vallat.es/,wikidata_P856,1,
INE05090,municipality,05090,Gutierre-Muñoz,Castilla y León,Ávila,63,http://www.gutierremunoz.es/,wikidata_P856,1,
INE49139,municipality,49139,Otero de Bodas,Castilla y León,Zamora,164,,,0,
INE32018,municipality,32018,Carballeda de Avia,Galicia,Ourense,1172,,,0,
INE47074,municipality,47074,Hornillos de Eresma,Castilla y León,Valladolid,182,,,0,
INE09176,municipality,09176,Hurones,Castilla y León,Burgos,59,http://www.hurones.es/,wikidata_P856,1,
INE09149,municipality,09149,Grisaleña,Castilla y León,Burgos,58,http://www.grisalena.es/,wikidata_P856,1,
INE46103,municipality,46103,Quartell,Comunitat Valenciana,València/Valencia,1810,http://www.quartell.es/,wikidata_P856,1,
INE19024,municipality,19024,Alovera,Castilla-La Mancha,Guadalajara,14526,http://www.alovera.es/,clm_directorio_entidades_locales,0,
INE40148,municipality,40148,Nieva,Castilla y León,Segovia,256,http://www.nieva.es/,wikidata_P856,1,
INE09327,municipality,09327,Rublacedo de Abajo,Castilla y León,Burgos,37,http://www.rublacedodeabajo.es/,wikidata_P856,1,
INE28001,municipality,28001,"Acebeda, La","Madrid, Comunidad de",Madrid,70,https://laacebeda.org/,wikidata_P856,1,
INE46033,municipality,46033,Almiserà,Comunitat Valenciana,València/Valencia,278,http://www.almisera.es/,wikidata_P856,1,
INE09348,municipality,09348,Santa Inés,Castilla y León,Burgos,153,http://www.santaines.es/,wikidata_P856,1,
INE37096,municipality,37096,Castillejo de Martín Viejo,Castilla y León,Salamanca,193,http://aytocastillejodemartinviejo.es/,wikidata_P856,1,
INE40166,municipality,40166,Remondo,Castilla y León,Segovia,329,http://www.remondo.es/,wikidata_P856,1,
INE42028,municipality,42028,Ausejo de la Sierra,Castilla y León,Soria,113,http://www.ausejodelasierra.es/,wikidata_P856,1,
INE09077,municipality,09077,Cascajares de Bureba,Castilla y León,Burgos,25,http://www.cascajaresdebureba.es/,wikidata_P856,1,
INE46208,municipality,46208,Rafelcofer,Comunitat Valenciana,València/Valencia,1409,http://www.rafelcofer.es/,wikidata_P856,1,
INE32084,municipality,32084,Verea,Galicia,Ourense,974,https://www.concellodeverea.gal/,wikidata_P856,1,
INE25157,municipality,25157,Ossó de Sió,Cataluña,Lleida,198,http://ossosio.ddl.net/,wikidata_P856,1,
INE45172,municipality,45172,Torrico,Castilla-La Mancha,Toledo,688,http://www.eltorrico.es/,clm_directorio_entidades_locales,0,
INE28071,municipality,28071,Horcajuelo de la Sierra,"Madrid, Comunidad de",Madrid,104,https://horcajuelodelasierra.es/,wikidata_P856,1,
INE47182,municipality,47182,Valdestillas,Castilla y León,Valladolid,1634,https://valdestillas.ayuntamientosdevalladolid.es/es,wikidata_P856,1,
INE12006,municipality,12006,Alcudia de Veo,Comunitat Valenciana,Castelló/Castellón,200,http://www.alcudiadeveo.es/,wikidata_P856,1,
INE19011,municipality,19011,Alcolea del Pinar,Castilla-La Mancha,Guadalajara,357,http://www.aytoalcoleadelpinar.org/,clm_directorio_entidades_locales,0,
INE19054,municipality,19054,Budia,Castilla-La Mancha,Guadalajara,226,http://www.budia.es/,clm_directorio_entidades_locales,0,
INE37256,municipality,37256,Poveda de las Cintas,Castilla y León,Salamanca,197,https://povedadelascintas.es/,wikidata_P856,1,
INE45056,municipality,45056,Chozas de Canales,Castilla-La Mancha,Toledo,5044,https://aytochozasdecanales.es/,clm_directorio_entidades_locales,0,
INE26115,municipality,26115,Pinillos,"Rioja, La","Rioja, La",18,,,0,
INE34121,municipality,34121,Palenzuela,Castilla y León,Palencia,212,,,0,
INE16249,municipality,16249,Villamayor de Santiago,Castilla-La Mancha,Cuenca,2336,http://www.villamayordesantiago.es/,clm_directorio_entidades_locales,0,
INE26086,municipality,26086,Ledesma de la Cogolla,"Rioja, La","Rioja, La",16,http://www.ledesmadelacogolla.org/,wikidata_P856,1,
INE47109,municipality,47109,Palazuelo de Vedija,Castilla y León,Valladolid,164,,,0,
INE08152,municipality,08152,Orpí,Cataluña,Barcelona,175,http://www.orpi.cat/,wikidata_P856,1,
INE16266,municipality,16266,Villarejo-Periesteban,Castilla-La Mancha,Cuenca,375,,,0,
INE36025,municipality,36025,"Lama, A",Galicia,Pontevedra,2437,http://concellodalama.weebly.com/,wikidata_P856,1,
INE18071,municipality,18071,Dúrcal,Andalucía,Granada,7234,http://www.adurcal.com/,wikidata_P856,1,
INE50159,municipality,50159,Maluenda,Aragón,Zaragoza,895,http://www.maluenda.es/,wikidata_P856,1,
INE16910,municipality,16910,Villar y Velasco,Castilla-La Mancha,Cuenca,91,,,0,
INE40165,municipality,40165,Rebollo,Castilla y León,Segovia,70,http://www.rebollo.es/,wikidata_P856,1,
INE01039,municipality,01039,Moreda de Álava/Moreda Araba,País Vasco,Araba/Álava,218,,,0,
INE16082,municipality,16082,Enguídanos,Castilla-La Mancha,Cuenca,274,http://www.enguidanos.es/,clm_directorio_entidades_locales,0,
INE16010,municipality,16010,Alcázar del Rey,Castilla-La Mancha,Cuenca,171,,,0,
INE11034,municipality,11034,Setenil de las Bodegas,Andalucía,Cádiz,2634,http://www.setenil.com/,wikidata_P856,1,
INE31184,municipality,31184,Oco,"Navarra, Comunidad Foral de",Navarra,65,,,0,
INE50259,municipality,50259,Torrehermosa,Aragón,Zaragoza,69,http://www.torrehermosa.net/,wikidata_P856,1,
INE36019,municipality,36019,Fornelos de Montes,Galicia,Pontevedra,1614,http://fornelos.gal/,wikidata_P856,1,
INE50072,municipality,50072,Carenas,Aragón,Zaragoza,169,http://carenas.eu/,wikidata_P856,1,
INE28165,municipality,28165,Valdilecha,"Madrid, Comunidad de",Madrid,3289,http://www.valdilecha.org/,wikidata_P856,1,
INE16041,municipality,16041,Buendía,Castilla-La Mancha,Cuenca,422,http://www.ayuntamientodebuendia.org/,clm_directorio_entidades_locales,0,
INE04078,municipality,04078,Rioja,Andalucía,Almería,1609,https://www.rioja.es/,wikidata_P856,1,
INE16006,municipality,16006,Albendea,Castilla-La Mancha,Cuenca,132,http://www.albendea.es/,wikidata_P856,1,
INE47126,municipality,47126,Puras,Castilla y León,Valladolid,44,,,0,
INE44088,municipality,44088,"Cuba, La",Aragón,Teruel,53,http://lacuba.deteruel.es/,wikidata_P856,1,
INE34178,municipality,34178,Tabanera de Cerrato,Castilla y León,Palencia,133,,,0,
INE50245,municipality,50245,Sigüés,Aragón,Zaragoza,72,https://ayuntamientodesigues.com/,wikidata_P856,1,
INE19318,municipality,19318,Villanueva de Argecilla,Castilla-La Mancha,Guadalajara,30,,,0,
INE40198,municipality,40198,Sotillo,Castilla y León,Segovia,31,http://www.sotillo.es/,wikidata_P856,1,
INE50284,municipality,50284,Villafeliche,Aragón,Zaragoza,163,,,0,
INE07049,municipality,07049,Sant Joan,"Balears, Illes",Illes Balears,2336,https://ajsantjoan.net/,wikidata_P856,1,
INE03086,municipality,03086,Millena,Comunitat Valenciana,Alacant/Alicante,265,http://www.millena.es/,wikidata_P856,1,
INE40088,municipality,40088,Fuenterrebollo,Castilla y León,Segovia,313,http://www.fuenterrebollo.es/,wikidata_P856,1,
INE49025,municipality,49025,Bretó,Castilla y León,Zamora,163,http://www.breto.es.tl/,wikidata_P856,1,
INE34137,municipality,34137,Pozo de Urama,Castilla y León,Palencia,21,http://www.pozodeurama.es/,wikidata_P856,1,
INE32001,municipality,32001,Allariz,Galicia,Ourense,6497,https://www.allariz.gal/,wikidata_P856,1,
INE15061,municipality,15061,Ortigueira,Galicia,"Coruña, A",5384,http://concellodeortigueira.gal/,wikidata_P856,1,
INE28183,municipality,28183,Zarzalejo,"Madrid, Comunidad de",Madrid,1946,https://www.zarzalejo.es/,wikidata_P856,1,
INE47063,municipality,47063,Fompedraza,Castilla y León,Valladolid,113,,,0,
INE46004,municipality,46004,Agullent,Comunitat Valenciana,València/Valencia,2438,http://www.agullent.es/,wikidata_P856,1,
INE16163,municipality,16163,Portilla,Castilla-La Mancha,Cuenca,58,http://www.portilla.info/,wikidata_P856,1,
INE45090,municipality,45090,Manzaneque,Castilla-La Mancha,Toledo,407,,,0,
INE37079,municipality,37079,Canillas de Abajo,Castilla y León,Salamanca,64,http://canillasdeabajo.es/,wikidata_P856,1,
INE50279,municipality,50279,Velilla de Jiloca,Aragón,Zaragoza,90,,,0,
INE18112,municipality,18112,Juviles,Andalucía,Granada,140,http://www.juviles.net/,wikidata_P856,1,
INE50273,municipality,50273,Valdehorna,Aragón,Zaragoza,29,,,0,
INE28158,municipality,28158,Valdemanco,"Madrid, Comunidad de",Madrid,1097,http://www.valdemanco.org/,wikidata_P856,1,
INE10148,municipality,10148,Plasencia,Extremadura,Cáceres,40132,https://www.plasencia.es/web/,wikidata_P856,1,
INE49004,municipality,49004,Alcubilla de Nogales,Castilla y León,Zamora,108,,,0,
INE09104,municipality,09104,Cilleruelo de Arriba,Castilla y León,Burgos,52,http://www.cilleruelodearriba.com/,wikidata_P856,1,
INE32082,municipality,32082,Trasmiras,Galicia,Ourense,1216,https://trasmiras.opennemas.com/,wikidata_P856,1,
INE49116,municipality,49116,Melgar de Tera,Castilla y León,Zamora,331,http://melgardeteraza.webcindario.com/,wikidata_P856,1,
INE42033,municipality,42033,Bayubas de Arriba,Castilla y León,Soria,56,,,0,
INE09332,municipality,09332,Saldaña de Burgos,Castilla y León,Burgos,203,https://saldañadeburgos.es/,wikidata_P856,1,
INE50117,municipality,50117,Gallocanta,Aragón,Zaragoza,128,http://www.gallocanta.org/,wikidata_P856,1,
INE26111,municipality,26111,Ollauri,"Rioja, La","Rioja, La",319,http://www.ollauri.com/,wikidata_P856,1,
INE47132,municipality,47132,Ramiro,Castilla y León,Valladolid,44,,,0,
INE09476,municipality,09476,Villoruebo,Castilla y León,Burgos,62,http://www.villoruebo.es/,wikidata_P856,1,
INE08084,municipality,08084,Fonollosa,Cataluña,Barcelona,1570,https://www.fonollosa.cat/,wikidata_P856,1,
INE24209,municipality,24209,Villafranca del Bierzo,Castilla y León,León,2591,http://www.villafrancadelbierzo.org/,wikidata_P856,1,
INE47124,municipality,47124,Pozaldez,Castilla y León,Valladolid,503,http://usuarios.lycos.es/pozaldez/,wikidata_P856,1,
INE18067,municipality,18067,Diezma,Andalucía,Granada,829,http://www.diezma.es/,wikidata_P856,1,
INE24161,municipality,24161,Santiago Millas,Castilla y León,León,350,http://www.aytosantiagomillas.es/,wikidata_P856,1,
INE44084,municipality,44084,Cortes de Aragón,Aragón,Teruel,62,,,0,
INE37255,municipality,37255,Pizarral,Castilla y León,Salamanca,70,http://www.pizarral.es/,wikidata_P856,1,
INE03068,municipality,03068,Famorca,Comunitat Valenciana,Alacant/Alicante,44,http://www.famorca.es/,wikidata_P856,1,
INE37357,municipality,37357,Villar de Ciervo,Castilla y León,Salamanca,253,,,0,
INE10083,municipality,10083,Garvín,Extremadura,Cáceres,101,,,0,
INE40047,municipality,40047,Castro de Fuentidueña,Castilla y León,Segovia,41,http://www.castrodefuentiduena.es/,wikidata_P856,1,
INE32033,municipality,32033,Gomesende,Galicia,Ourense,646,http://www.gomesende.es/index.php/gl/,wikidata_P856,1,
INE16277,municipality,16277,Zafra de Záncara,Castilla-La Mancha,Cuenca,92,https://zafradezancara.sedelectronica.es/,clm_directorio_entidades_locales,0,
INE50086,municipality,50086,Codos,Aragón,Zaragoza,237,,,0,
INE40070,municipality,40070,Duruelo,Castilla y León,Segovia,172,http://www.duruelodesegovia.com/,wikidata_P856,1,
INE49241,municipality,49241,Villaescusa,Castilla y León,Zamora,237,,,0,
INE46012,municipality,46012,Alborache,Comunitat Valenciana,València/Valencia,1568,http://www.alborache.es/,wikidata_P856,1,
INE49122,municipality,49122,Monfarracinos,Castilla y León,Zamora,998,http://monfarracinos.es/,wikidata_P856,1,
INE34039,municipality,34039,Bustillo del Páramo de Carrión,Castilla y León,Palencia,58,http://bustillodelparamo.es/,wikidata_P856,1,
INE37056,municipality,37056,"Bouza, La",Castilla y León,Salamanca,48,,,0,
INE09400,municipality,09400,Vadocondes,Castilla y León,Burgos,368,http://vadocondes.es/,wikidata_P856,1,
INE09417,municipality,09417,Vallejera,Castilla y León,Burgos,38,http://www.vallejera.es/,wikidata_P856,1,
INE45139,municipality,45139,Puerto de San Vicente,Castilla-La Mancha,Toledo,141,https://www.ayuntamiento.es/puerto-de-san-vicente/,wikidata_P856,1,
INE03043,municipality,03043,Biar,Comunitat Valenciana,Alacant/Alicante,3677,http://www.biar.es/,wikidata_P856,1,
INE27039,municipality,27039,Outeiro de Rei,Galicia,Lugo,5420,http://www.outeiroderei.gal/,wikidata_P856,1,
INE06090,municipality,06090,"Nava de Santiago, La",Extremadura,Badajoz,914,http://www.lanavadesantiago.es/,wikidata_P856,1,
INE49200,municipality,49200,Santa Cristina de la Polvorosa,Castilla y León,Zamora,1034,https://www.aytosantacristinadelapolvorosa.es/,wikidata_P856,1,
INE50063,municipality,50063,"Buste, El",Aragón,Zaragoza,60,,,0,
INE28138,municipality,28138,"Serna del Monte, La","Madrid, Comunidad de",Madrid,110,http://www.lasernadelmonte.org/,wikidata_P856,1,
INE46119,municipality,46119,"Énova, l'",Comunitat Valenciana,València/Valencia,952,http://www.lenova.es/,wikidata_P856,1,
INE44218,municipality,44218,Tormón,Aragón,Teruel,29,,,0,
INE49193,municipality,49193,San Pedro de Ceque,Castilla y León,Zamora,417,http://www.sanpedrodeceque.com/es/index.html,wikidata_P856,1,
INE23042,municipality,23042,Hinojares,Andalucía,Jaén,335,http://www.hinojares.es/,wikidata_P856,1,
INE27057,municipality,27057,Sarria,Galicia,Lugo,13726,https://www.sarria.es/,wikidata_P856,1,
INE04060,municipality,04060,Lucainena de las Torres,Andalucía,Almería,722,http://www.lucainenadelastorres.es/,wikidata_P856,1,
INE15068,municipality,15068,Ponteceso,Galicia,"Coruña, A",5268,http://www.ponteceso.net/,wikidata_P856,1,
INE50239,municipality,50239,Santed,Aragón,Zaragoza,72,http://www.santed.es/,wikidata_P856,1,
INE37261,municipality,37261,Puente del Congosto,Castilla y León,Salamanca,236,,,0,
INE12018,municipality,12018,Azuébar,Comunitat Valenciana,Castelló/Castellón,359,http://www.azuebar.es/,wikidata_P856,1,
INE09213,municipality,09213,Merindad de Cuesta-Urria,Castilla y León,Burgos,263,http://merindaddecuestaurria.burgos.es/,wikidata_P856,1,
INE34190,municipality,34190,Valderrábano,Castilla y León,Palencia,47,http://valderrabano.dip-palencia.es/,wikidata_P856,1,
INE10131,municipality,10131,Navalmoral de la Mata,Extremadura,Cáceres,17352,http://www.aytonavalmoral.es/,wikidata_P856,1,
INE50003,municipality,50003,Agón,Aragón,Zaragoza,135,,,0,
INE24215,municipality,24215,Villamol,Castilla y León,León,134,http://www.aytovillamol.es/,wikidata_P856,1,
INE45046,municipality,45046,Cebolla,Castilla-La Mancha,Toledo,3270,http://www.ayuntamientodecebolla.com/,clm_directorio_entidades_locales,0,
INE03106,municipality,03106,Planes,Comunitat Valenciana,Alacant/Alicante,697,https://www.planes.es/,wikidata_P856,1,
INE37110,municipality,37110,Cordovilla,Castilla y León,Salamanca,105,http://cordovilla.es/,wikidata_P856,1,
INE22109,municipality,22109,Fiscal,Aragón,Huesca,358,http://www.aytofiscal.es/,wikidata_P856,1,
INE49024,municipality,49024,"Bóveda de Toro, La",Castilla y León,Zamora,682,,,0,
INE40040,municipality,40040,Cantalejo,Castilla y León,Segovia,3619,http://www.cantalejo.es/,wikidata_P856,1,
INE05015,municipality,05015,Arevalillo,Castilla y León,Ávila,58,http://www.arevalillo.es/,wikidata_P856,1,
INE34132,municipality,34132,Población de Campos,Castilla y León,Palencia,119,http://www.poblaciondecampos.es/,wikidata_P856,1,
INE44011,municipality,44011,Alcaine,Aragón,Teruel,38,,,0,
INE32060,municipality,32060,Petín,Galicia,Ourense,856,,,0,
INE10061,municipality,10061,Ceclavín,Extremadura,Cáceres,1769,https://www.ceclavin.es/,wikidata_P856,1,
INE39102,municipality,39102,Voto,Cantabria,Cantabria,2971,,,0,
INE50261,municipality,50261,Torrellas,Aragón,Zaragoza,249,https://www.torrellas.es/,wikidata_P856,1,
INE40177,municipality,40177,San Cristóbal de Cuéllar,Castilla y León,Segovia,161,https://www.sancristobaldecuellar.es/,wikidata_P856,1,
INE30902,municipality,30902,"Alcázares, Los","Murcia, Región de",Murcia,20408,http://www.losalcazares.es/,wikidata_P856,1,
INE28079,municipality,28079,Madrid,"Madrid, Comunidad de",Madrid,3506730,https://www.madrid.es/,wikidata_P856,1,
INE39058,municipality,39058,Rasines,Cantabria,Cantabria,980,http://www.aytorasines.org/,wikidata_P856,1,
INE17022,municipality,17022,"Bisbal d'Empordà, La",Cataluña,Girona,11757,http://www.labisbal.cat/,wikidata_P856,1,
INE11012,municipality,11012,Cádiz,Andalucía,Cádiz,109950,https://institucional.cadiz.es/,wikidata_P856,1,
INE33027,municipality,33027,Grandas de Salime,"Asturias, Principado de",Asturias,767,http://www.grandasdesalime.es/,wikidata_P856,1,
INE39023,municipality,39023,Colindres,Cantabria,Cantabria,8570,https://www.colindres.es/,wikidata_P856,1,
INE21027,municipality,21027,Cumbres de Enmedio,Andalucía,Huelva,54,http://www.cumbresdeenmedio.es/,wikidata_P856,1,
INE35024,municipality,35024,Teguise,Canarias,"Palmas, Las",24027,http://www.teguise.es/,wikidata_P856,1,
INE39010,municipality,39010,Bárcena de Pie de Concha,Cantabria,Cantabria,675,https://www.aytobarcenapc.com/,wikidata_P856,1,
INE28115,municipality,28115,Pozuelo de Alarcón,"Madrid, Comunidad de",Madrid,89770,http://www.pozuelodealarcon.org/,wikidata_P856,1,
INE39020,municipality,39020,Castro-Urdiales,Cantabria,Cantabria,33450,http://www.castro-urdiales.net/,wikidata_P856,1,
INE13904,municipality,13904,Llanos del Caudillo,Castilla-La Mancha,Ciudad Real,651,http://www.ayuntamientodellanosdelcaudillo.es/,clm_directorio_entidades_locales,0,
INE04902,municipality,04902,"Ejido, El",Andalucía,Almería,91440,http://www.elejido.es/,wikidata_P856,1,
INE35001,municipality,35001,Agaete,Canarias,"Palmas, Las",5683,http://www.aytoagaete.es/,wikidata_P856,1,
INE34062,municipality,34062,Congosto de Valdavia,Castilla y León,Palencia,132,http://www.congosto-de-valdavia.es/,wikidata_P856,1,
INE34135,municipality,34135,Pomar de Valdivia,Castilla y León,Palencia,488,http://pomardevaldivia.dip-palencia.es/,wikidata_P856,1,
INE37244,municipality,37244,Peñacaballera,Castilla y León,Salamanca,149,,,0,
INE40024,municipality,40024,Ayllón,Castilla y León,Segovia,1110,http://www.ayllon.es/,wikidata_P856,1,
INE16060,municipality,16060,Casas de Benítez,Castilla-La Mancha,Cuenca,872,http://casasdebenitez.es/,clm_directorio_entidades_locales,0,
INE16243,municipality,16243,Villaescusa de Haro,Castilla-La Mancha,Cuenca,480,,,0,
INE19065,municipality,19065,Cantalojas,Castilla-La Mancha,Guadalajara,121,http://www.cantalojas.es/,clm_directorio_entidades_locales,0,
INE19289,municipality,19289,Traíd,Castilla-La Mancha,Guadalajara,18,,,0,
INE45007,municipality,45007,Alcolea de Tajo,Castilla-La Mancha,Toledo,839,http://www.alcoleadetajo.es/,clm_directorio_entidades_locales,0,
INE29095,municipality,29095,Villanueva de Algaidas,Andalucía,Málaga,4084,http://www.villanuevadealgaidas.es/,wikidata_P856,1,
INE05047,municipality,05047,Candeleda,Castilla y León,Ávila,5003,http://www.ayuntamientocandeleda.es/,wikidata_P856,1,
INE05127,municipality,05127,Mijares,Castilla y León,Ávila,718,http://www.mijares.es/,wikidata_P856,1,
INE09100,municipality,09100,Cerratón de Juarros,Castilla y León,Burgos,42,http://www.cerratondejuarros.es/,wikidata_P856,1,
INE07062,municipality,07062,Son Servera,"Balears, Illes",Illes Balears,12417,http://www.sonservera.es/,wikidata_P856,1,
INE07008,municipality,07008,Binissalem,"Balears, Illes",Illes Balears,9350,http://www.ajbinissalem.net/,wikidata_P856,1,
INE26018,municipality,26018,Arnedo,"Rioja, La","Rioja, La",15140,https://arnedo.com/,wikidata_P856,1,
INE43136,municipality,43136,"Ràpita, La",Cataluña,Tarragona,16119,https://larapita.cat/,wikidata_P856,1,
INE28130,municipality,28130,San Fernando de Henares,"Madrid, Comunidad de",Madrid,39059,http://www.ayto-sanfernando.com/,wikidata_P856,1,
INE43060,municipality,43060,Flix,Cataluña,Tarragona,3340,https://www.flix.cat/,wikidata_P856,1,
INE18175,municipality,18175,Santa Fe,Andalucía,Granada,15494,http://www.santafe.es/,wikidata_P856,1,
INE08223,municipality,08223,Sant Llorenç Savall,Cataluña,Barcelona,2587,https://www.savall.cat/,wikidata_P856,1,
INE28078,municipality,28078,Madarcos,"Madrid, Comunidad de",Madrid,69,https://www.madarcos.madrid/,wikidata_P856,1,
INE38027,municipality,38027,"Paso, El",Canarias,Santa Cruz de Tenerife,8290,https://www.elpaso.es/,wikidata_P856,1,
INE30028,municipality,30028,Moratalla,"Murcia, Región de",Murcia,7518,http://www.ayuntamientomoratalla.net/,wikidata_P856,1,
INE30034,municipality,30034,Ricote,"Murcia, Región de",Murcia,1197,https://www.ricote.es/,wikidata_P856,1,
INE03014,municipality,03014,Alacant/Alicante,Comunitat Valenciana,Alacant/Alicante,366221,https://www.alicante.es/,wikidata_P856,1,
INE29067,municipality,29067,Málaga,Andalucía,Málaga,599063,http://www.malaga.eu/,wikidata_P856,1,
INE32054,municipality,32054,Ourense,Galicia,Ourense,105769,http://www.ourense.gal/gl/,wikidata_P856,1,
INE38038,municipality,38038,Santa Cruz de Tenerife,Canarias,Santa Cruz de Tenerife,211957,https://www.santacruzdetenerife.es/,wikidata_P856,1,
INE18087,municipality,18087,Granada,Andalucía,Granada,233975,https://www.granada.org/,wikidata_P856,1,
INE10010,municipality,10010,Alcuéscar,Extremadura,Cáceres,2447,,,0,
INE33028,municipality,33028,Ibias,"Asturias, Principado de",Asturias,1084,http://www.ibias.es/,wikidata_P856,1,
INE46258,municipality,46258,Villar del Arzobispo,Comunitat Valenciana,València/Valencia,3862,http://www.villardelarzobispo.es/,wikidata_P856,1,
INE04076,municipality,04076,Purchena,Andalucía,Almería,1563,http://www.purchena.es/,wikidata_P856,1,
INE08118,municipality,08118,"Masnou, El",Cataluña,Barcelona,24761,https://www.elmasnou.cat/,wikidata_P856,1,
INE46190,municipality,46190,Paterna,Comunitat Valenciana,València/Valencia,76019,http://www.paterna.es/ca/,wikidata_P856,1,
INE17081,municipality,17081,Gualta,Cataluña,Girona,438,http://www.gualta.cat/,wikidata_P856,1,
INE25225,municipality,25225,Tornabous,Cataluña,Lleida,832,http://tornabous.cat/,wikidata_P856,1,
INE03062,municipality,03062,Daya Vieja,Comunitat Valenciana,Alacant/Alicante,698,http://www.dayavieja.es/,wikidata_P856,1,
INE12034,municipality,12034,Càlig,Comunitat Valenciana,Castelló/Castellón,2042,http://www.calig.es/,wikidata_P856,1,
INE31153,municipality,31153,Lesaka,"Navarra, Comunidad Foral de",Navarra,2721,http://www.lesaka.eus/,wikidata_P856,1,
INE31178,municipality,31178,Murillo el Cuende,"Navarra, Comunidad Foral de",Navarra,701,http://www.murilloelcuende.com/,wikidata_P856,1,
INE20029,municipality,20029,Deba,País Vasco,Gipuzkoa,5362,https://www.deba.eus/,wikidata_P856,1,
INE05905,municipality,05905,Villanueva de Ávila,Castilla y León,Ávila,202,http://www.villanuevadeavila.es/,wikidata_P856,1,
INE08228,municipality,08228,Sant Martí Sesgueioles,Cataluña,Barcelona,353,http://www.sesgueioles.cat/,wikidata_P856,1,
INE13072,municipality,13072,Retuerta del Bullaque,Castilla-La Mancha,Ciudad Real,854,http://www.retuertadelbullaque.com/,clm_directorio_entidades_locales,0,
INE31101,municipality,31101,Ezcabarte,"Navarra, Comunidad Foral de",Navarra,1901,,,0,
INE40905,municipality,40905,Cuevas de Provanco,Castilla y León,Segovia,131,http://www.cuevasdeprovanco.es/,wikidata_P856,1,
INE44105,municipality,44105,Fórnoles,Aragón,Teruel,71,http://www.fornoles.com/,wikidata_P856,1,
INE39099,municipality,39099,Villaescusa,Cantabria,Cantabria,3970,,,0,
INE30012,municipality,30012,Bullas,"Murcia, Región de",Murcia,12027,http://www.bullas.es/,wikidata_P856,1,
INE41070,municipality,41070,Palomares del Río,Andalucía,Sevilla,9421,http://www.palomaresdelrio.es/,wikidata_P856,1,
INE21053,municipality,21053,Niebla,Andalucía,Huelva,4268,https://www.niebla.es/,wikidata_P856,1,
INE31907,municipality,31907,Zizur Mayor/Zizur Nagusia,"Navarra, Comunidad Foral de",Navarra,16510,http://www.zizurmayor.es/,wikidata_P856,1,
INE30007,municipality,30007,Alguazas,"Murcia, Región de",Murcia,10431,http://www.alguazas.es/,wikidata_P856,1,
INE28122,municipality,28122,Ribatejada,"Madrid, Comunidad de",Madrid,905,https://www.ribatejada.es/,wikidata_P856,1,
INE38041,municipality,38041,"Sauzal, El",Canarias,Santa Cruz de Tenerife,9345,http://www.elsauzal.es/,wikidata_P856,1,
INE28085,municipality,28085,Miraflores de la Sierra,"Madrid, Comunidad de",Madrid,7350,http://www.mirafloresdelasierra.net/,wikidata_P856,1,
INE22247,municipality,22247,Viacamp y Litera,Aragón,Huesca,40,http://www.viacampylitera.es/,wikidata_P856,1,
INE31905,municipality,31905,Beriáin,"Navarra, Comunidad Foral de",Navarra,4195,http://www.beriain.es/,wikidata_P856,1,
INE28084,municipality,28084,Mejorada del Campo,"Madrid, Comunidad de",Madrid,25049,http://www.mejoradadelcampo.es/,wikidata_P856,1,
INE14019,municipality,14019,Castro del Río,Andalucía,Córdoba,7597,https://castrodelrio.es/,wikidata_P856,1,
INE41037,municipality,41037,"Corrales, Los",Andalucía,Sevilla,4021,http://www.loscorrales.es/,wikidata_P856,1,
INE30018,municipality,30018,Ceutí,"Murcia, Región de",Murcia,13089,http://www.ceuti.es/,wikidata_P856,1,
INE08167,municipality,08167,Polinyà,Cataluña,Barcelona,8581,https://www.polinya.cat/,wikidata_P856,1,
INE30002,municipality,30002,Abarán,"Murcia, Región de",Murcia,13228,http://www.abaran.es/,wikidata_P856,1,
INE21047,municipality,21047,Manzanilla,Andalucía,Huelva,2214,http://www.ayuntamientodemanzanilla.es/,wikidata_P856,1,
INE41023,municipality,41023,Cantillana,Andalucía,Sevilla,10780,https://cantillana.es/,wikidata_P856,1,
INE48003,municipality,48003,Amorebieta-Etxano,País Vasco,Bizkaia,19660,http://www.amorebieta-etxano.eus/,wikidata_P856,1,
INE48023,municipality,48023,Artea,País Vasco,Bizkaia,743,http://www.artea-udala.org/,wikidata_P856,1,
INE48045,municipality,48045,Güeñes,País Vasco,Bizkaia,6817,http://www.guenes.net/,wikidata_P856,1,
INE48068,municipality,48068,Mundaka,País Vasco,Bizkaia,1816,http://www.mundaka.org/,wikidata_P856,1,
INE48069,municipality,48069,Mungia,País Vasco,Bizkaia,18129,http://www.mungia.org/,wikidata_P856,1,
INE48072,municipality,48072,Otxandio,País Vasco,Bizkaia,1322,http://www.otxandio.eus/,wikidata_P856,1,
INE48075,municipality,48075,Orozko,País Vasco,Bizkaia,2666,http://www.orozkoudala.com/,wikidata_P856,1,
INE08072,municipality,08072,Corbera de Llobregat,Cataluña,Barcelona,16010,http://www.corberadellobregat.cat/,wikidata_P856,1,
INE05232,municipality,05232,"Serrada, La",Castilla y León,Ávila,132,http://www.laserrada.es/,wikidata_P856,1,
INE29032,municipality,29032,Campillos,Andalucía,Málaga,8561,http://www.campillos.es/,wikidata_P856,1,
INE36017,municipality,36017,"Estrada, A",Galicia,Pontevedra,20112,http://www.aestrada.com/,wikidata_P856,1,
INE08047,municipality,08047,Cardona,Cataluña,Barcelona,4553,http://www.cardona.cat/,wikidata_P856,1,
INE08048,municipality,08048,Carme,Cataluña,Barcelona,847,http://www.carme.cat/,wikidata_P856,1,
INE08067,municipality,08067,Centelles,Cataluña,Barcelona,7864,https://www.centelles.cat/,wikidata_P856,1,
INE08079,municipality,08079,"Estany, L'",Cataluña,Barcelona,390,http://www.estany.cat/,wikidata_P856,1,
INE08098,municipality,08098,Sant Salvador de Guardiola,Cataluña,Barcelona,3612,https://www.santsalvadordeguardiola.cat/,wikidata_P856,1,
INE08103,municipality,08103,Jorba,Cataluña,Barcelona,850,https://www.jorba.cat/,wikidata_P856,1,
INE08274,municipality,08274,Súria,Cataluña,Barcelona,6200,http://www.suria.cat/,wikidata_P856,1,
INE08280,municipality,08280,Tavertet,Cataluña,Barcelona,128,http://www.tavertet.cat/,wikidata_P856,1,
INE08285,municipality,08285,Torelló,Cataluña,Barcelona,15334,https://www.ajtorello.cat/,wikidata_P856,1,
INE17209,municipality,17209,Vall-llobrega,Cataluña,Girona,891,http://www.vall-llobrega.cat/,wikidata_P856,1,
INE10076,municipality,10076,Galisteo,Extremadura,Cáceres,849,http://www.galisteo.es/,wikidata_P856,1,
INE41092,municipality,41092,Tocina,Andalucía,Sevilla,9431,http://www.tocina.es/,wikidata_P856,1,
INE04062,municipality,04062,Macael,Andalucía,Almería,5436,http://www.macael.es/,wikidata_P856,1,
INE19299,municipality,19299,Valdeavellano,Castilla-La Mancha,Guadalajara,101,https://valdeavellano.sedelectronica.es/,clm_directorio_entidades_locales,0,
INE31104,municipality,31104,Falces,"Navarra, Comunidad Foral de",Navarra,2389,,,0,
INE21054,municipality,21054,"Palma del Condado, La",Andalucía,Huelva,10841,http://www.lapalmadelcondado.org/,wikidata_P856,1,
INE41003,municipality,41003,Albaida del Aljarafe,Andalucía,Sevilla,3220,http://www.albaidadelaljarafe.es/,wikidata_P856,1,
INE17068,municipality,17068,Foixà,Cataluña,Girona,298,https://www.foixa.cat/,wikidata_P856,1,
INE14045,municipality,14045,Moriles,Andalucía,Córdoba,3667,http://www.moriles.es/,wikidata_P856,1,
INE41030,municipality,41030,Castilleja del Campo,Andalucía,Sevilla,611,http://www.castillejadelcampo.es/,wikidata_P856,1,
INE14021,municipality,14021,Córdoba,Andalucía,Córdoba,323262,https://www.cordoba.es/,wikidata_P856,1,
INE14040,municipality,14040,Montalbán de Córdoba,Andalucía,Córdoba,4401,http://www.montalbandecordoba.es/,wikidata_P856,1,
INE20021,municipality,20021,Belauntza,País Vasco,Gipuzkoa,291,http://www.belauntza.eus/,wikidata_P856,1,
INE08202,municipality,08202,Sant Celoni,Cataluña,Barcelona,18977,http://www.santceloni.cat/,wikidata_P856,1,
INE28011,municipality,28011,Ambite,"Madrid, Comunidad de",Madrid,732,https://www.ambite.es/,wikidata_P856,1,
INE08200,municipality,08200,Sant Boi de Llobregat,Cataluña,Barcelona,85610,https://www.santboi.cat/,wikidata_P856,1,
INE04031,municipality,04031,Cantoria,Andalucía,Almería,3592,http://www.cantoria.es/,wikidata_P856,1,
INE14039,municipality,14039,Luque,Andalucía,Córdoba,2796,http://www.luque.es/,wikidata_P856,1,
INE41034,municipality,41034,Coria del Río,Andalucía,Sevilla,31278,http://www.ayto-coriadelrio.es/,wikidata_P856,1,
INE18021,municipality,18021,Armilla,Andalucía,Granada,25300,https://armilla.es/,wikidata_P856,2,
INE31906,municipality,31906,Orkoien,"Navarra, Comunidad Foral de",Navarra,4098,http://www.orkoien.com/,wikidata_P856,1,
INE35027,municipality,35027,Teror,Canarias,"Palmas, Las",13211,http://www.teror.es/,wikidata_P856,1,
INE43028,municipality,43028,"Bisbal del Penedès, La",Cataluña,Tarragona,4278,http://www.bisbalpenedes.com/,wikidata_P856,1,
INE04035,municipality,04035,Cuevas del Almanzora,Andalucía,Almería,15526,http://www.cuevasdelalmanzora.es/,wikidata_P856,1,
INE07902,municipality,07902,"Migjorn Gran, Es","Balears, Illes",Illes Balears,1765,http://www.ajmigjorngran.org/,wikidata_P856,1,
INE04099,municipality,04099,Vélez-Rubio,Andalucía,Almería,6685,http://www.velezrubio.es/,wikidata_P856,1,
INE25022,municipality,25022,Alòs de Balaguer,Cataluña,Lleida,118,http://www.alosbalaguer.cat/,wikidata_P856,1,
INE25027,municipality,25027,Anglesola,Cataluña,Lleida,1389,http://www.anglesola.cat/,wikidata_P856,1,
INE25094,municipality,25094,Foradada,Cataluña,Lleida,193,http://www.foradada.cat/,wikidata_P856,1,
INE25101,municipality,25101,"Granadella, La",Cataluña,Lleida,748,http://www.lagranadella.cat/,wikidata_P856,1,
INE25111,municipality,25111,Guixers,Cataluña,Lleida,125,http://www.guixers.cat/,wikidata_P856,1,
INE25143,municipality,25143,Montornès de Segarra,Cataluña,Lleida,87,http://montornes.ddl.net/,wikidata_P856,1,
INE25148,municipality,25148,Odèn,Cataluña,Lleida,231,http://www.oden.cat/,wikidata_P856,1,
INE31229,municipality,31229,Tirapu,"Navarra, Comunidad Foral de",Navarra,49,,,0,
INE31123,municipality,31123,Uharte Arakil,"Navarra, Comunidad Foral de",Navarra,770,,,0,
INE31019,municipality,31019,Aoiz/Agoitz,"Navarra, Comunidad Foral de",Navarra,3083,http://www.aoiz.es/,wikidata_P856,1,
INE43001,municipality,43001,Aiguamúrcia,Cataluña,Tarragona,987,http://www.aiguamurcia.cat/,wikidata_P856,1,
INE25219,municipality,25219,Tarroja de Segarra,Cataluña,Lleida,164,http://tarroja.ddl.net/,wikidata_P856,1,
INE25220,municipality,25220,Térmens,Cataluña,Lleida,1350,http://www.termens.cat/,wikidata_P856,1,
INE33012,municipality,33012,Cangas de Onís,"Asturias, Principado de",Asturias,6344,https://www.cangasdeonis.es/,wikidata_P856,1,
INE26089,municipality,26089,Logroño,"Rioja, La","Rioja, La",152150,http://www.logro-o.org/,wikidata_P856,1,
INE38021,municipality,38021,Hermigua,Canarias,Santa Cruz de Tenerife,1961,https://www.villadehermigua.com/,wikidata_P856,1,
INE38032,municipality,38032,"Rosario, El",Canarias,Santa Cruz de Tenerife,17958,http://www.ayuntamientoelrosario.org/,wikidata_P856,1,
INE38035,municipality,38035,San Miguel de Abona,Canarias,Santa Cruz de Tenerife,23960,http://www.sanmigueldeabona.es/,wikidata_P856,1,
INE38037,municipality,38037,Santa Cruz de la Palma,Canarias,Santa Cruz de Tenerife,15690,http://www.santacruzdelapalma.es/,wikidata_P856,1,
INE35029,municipality,35029,Tinajo,Canarias,"Palmas, Las",6939,http://www.tinajo.es/,wikidata_P856,1,
INE35032,municipality,35032,Valleseco,Canarias,"Palmas, Las",3775,http://www.valleseco.es/,wikidata_P856,1,
INE46102,municipality,46102,Quart de Poblet,Comunitat Valenciana,València/Valencia,26967,http://www.quartdepoblet.es/,wikidata_P856,1,
INE39088,municipality,39088,Tresviso,Cantabria,Cantabria,52,http://www.tresviso.net/,wikidata_P856,1,
INE23009,municipality,23009,Baeza,Andalucía,Jaén,15575,http://www.baeza.net/,wikidata_P856,1,
INE25105,municipality,25105,Granyena de les Garrigues,Cataluña,Lleida,174,http://granyenagarrigues.ddl.net/,wikidata_P856,1,
INE25119,municipality,25119,Juneda,Cataluña,Lleida,3453,http://www.juneda.cat/,wikidata_P856,1,
INE25218,municipality,25218,Tarrés,Cataluña,Lleida,126,http://www.tarres.cat/,wikidata_P856,1,
INE29056,municipality,29056,Gaucín,Andalucía,Málaga,1620,https://gaucin.es/,wikidata_P856,1,
INE30038,municipality,30038,"Torres de Cotillas, Las","Murcia, Región de",Murcia,22676,http://www.lastorresdecotillas.es/,wikidata_P856,1,
INE43044,municipality,43044,"Sénia, La",Cataluña,Tarragona,5516,https://lasenia.cat/web/,wikidata_P856,1,
INE43168,municipality,43168,Vilanova de Prades,Cataluña,Tarragona,111,http://vilanovadeprades.cat/,wikidata_P856,1,
INE03076,municipality,03076,Guardamar del Segura,Comunitat Valenciana,Alacant/Alicante,18564,http://www.guardamardelsegura.es/,wikidata_P856,1,
INE03118,municipality,03118,San Fulgencio,Comunitat Valenciana,Alacant/Alicante,9769,http://www.sanfulgencio.es/,wikidata_P856,1,
INE19015,municipality,19015,Aldeanueva de Guadalajara,Castilla-La Mancha,Guadalajara,107,http://www.aldeanuevadeguadalajara.es/,clm_directorio_entidades_locales,0,
INE19036,municipality,19036,Aranzueque,Castilla-La Mancha,Guadalajara,411,http://www.aranzueque.es/,clm_directorio_entidades_locales,0,
INE19171,municipality,19171,Marchamalo,Castilla-La Mancha,Guadalajara,8714,http://www.marchamalo.com/,clm_directorio_entidades_locales,0,
INE39032,municipality,39032,Hermandad de Campoo de Suso,Cantabria,Cantabria,1619,,,0,
INE39060,municipality,39060,Reocín,Cantabria,Cantabria,8389,http://www.aytoreocin.org/,wikidata_P856,1,
INE39086,municipality,39086,"Tojos, Los",Cantabria,Cantabria,369,,,0,
INE35010,municipality,35010,Haría,Canarias,"Palmas, Las",5623,http://www.ayuntamientodeharia.com/,wikidata_P856,1,
INE35019,municipality,35019,San Bartolomé de Tirajana,Canarias,"Palmas, Las",54291,https://www.maspalomas.com/,wikidata_P856,1,
INE35022,municipality,35022,Santa Lucía de Tirajana,Canarias,"Palmas, Las",78584,http://www.santaluciagc.com/,wikidata_P856,1,
INE17090,municipality,17090,Llambilles,Cataluña,Girona,737,http://www.llambilles.cat/,wikidata_P856,1,
INE41048,municipality,41048,Guadalcanal,Andalucía,Sevilla,2544,https://guadalcanal.es/,wikidata_P856,1,
INE41084,municipality,41084,"Rubio, El",Andalucía,Sevilla,3287,http://www.elrubio.es/,wikidata_P856,1,
INE22106,municipality,22106,Fago,Aragón,Huesca,24,http://www.fago.es/,wikidata_P856,1,
INE04048,municipality,04048,"Gallardos, Los",Andalucía,Almería,3110,http://www.losgallardos.es/,wikidata_P856,1,
INE23018,municipality,23018,Cambil,Andalucía,Jaén,2654,https://cambil-arbuniel.es/,wikidata_P856,1,
INE23093,municipality,23093,Valdepeñas de Jaén,Andalucía,Jaén,3469,http://www.valdepenasdejaen.es/,wikidata_P856,1,
INE24037,municipality,24037,Cármenes,Castilla y León,León,356,http://www.aytocarmenes.es/,wikidata_P856,1,
INE32028,municipality,32028,Cualedro,Galicia,Ourense,1538,,,0,
INE32053,municipality,32053,Oímbra,Galicia,Ourense,1689,,,0,
INE40139,municipality,40139,Navafría,Castilla y León,Segovia,282,http://www.navafria.es/,wikidata_P856,1,
INE40156,municipality,40156,Pedraza,Castilla y León,Segovia,335,http://www.pedraza.es/,wikidata_P856,1,
INE40157,municipality,40157,Pelayos del Arroyo,Castilla y León,Segovia,45,https://www.pelayosdelarroyo.es/,wikidata_P856,1,
INE16107,municipality,16107,Huélamo,Castilla-La Mancha,Cuenca,68,http://www.huelamo.com/,wikidata_P856,1,
INE21041,municipality,21041,Huelva,Andalucía,Huelva,143215,http://www.huelva.es/,wikidata_P856,1,
INE04027,municipality,04027,Benizalón,Andalucía,Almería,242,http://www.benizalon.es/,wikidata_P856,1,
INE31042,municipality,31042,Azagra,"Navarra, Comunidad Foral de",Navarra,3746,http://www.azagra.es/,wikidata_P856,1,
INE11027,municipality,11027,"Puerto de Santa María, El",Andalucía,Cádiz,89983,http://www.elpuertodesantamaria.es/,wikidata_P856,1,
INE11005,municipality,11005,Algodonales,Andalucía,Cádiz,5425,http://www.algodonales.es/,wikidata_P856,1,
INE11024,municipality,11024,Olvera,Andalucía,Cádiz,7842,http://www.olvera.es/,wikidata_P856,1,
INE31259,municipality,31259,Igantzi,"Navarra, Comunidad Foral de",Navarra,578,,,0,
INE08192,municipality,08192,Santpedor,Cataluña,Barcelona,7744,http://www.santpedor.cat/,wikidata_P856,1,
INE31122,municipality,31122,Huarte/Uharte,"Navarra, Comunidad Foral de",Navarra,7900,http://www.huarte.es/,wikidata_P856,1,
INE18063,municipality,18063,Darro,Andalucía,Granada,1700,,,0,
INE18122,municipality,18122,Loja,Andalucía,Granada,20951,http://www.aytoloja.org/,wikidata_P856,1,
INE39045,municipality,39045,Miera,Cantabria,Cantabria,397,,,0,
INE31166,municipality,31166,Mendaza,"Navarra, Comunidad Foral de",Navarra,284,http://www.mendaza.es/,wikidata_P856,1,
INE39024,municipality,39024,Comillas,Cantabria,Cantabria,2075,https://www.aytocomillas.es/,wikidata_P856,1,
INE16124,municipality,16124,"Mesas, Las",Castilla-La Mancha,Cuenca,2234,http://lasmesas.sedelectronica.es/,clm_directorio_entidades_locales,0,
INE22103,municipality,22103,Estadilla,Aragón,Huesca,810,https://estadilla.com/,wikidata_P856,1,
INE14046,municipality,14046,Nueva Carteya,Andalucía,Córdoba,5235,http://www.aytonuevacarteya.es/,wikidata_P856,1,
INE39096,municipality,39096,Vega de Liébana,Cantabria,Cantabria,676,http://www.ayto-vegadeliebana.com/,wikidata_P856,1,
INE46079,municipality,46079,Calles,Comunitat Valenciana,València/Valencia,465,http://www.calles.es/,wikidata_P856,1,
INE17147,municipality,17147,Ripoll,Cataluña,Girona,10665,http://www.ripoll.cat/,wikidata_P856,1,
INE17167,municipality,17167,Sant Joan de les Abadesses,Cataluña,Girona,3404,http://www.santjoandelesabadesses.cat/,wikidata_P856,1,
INE17170,municipality,17170,Vallfogona de Ripollès,Cataluña,Girona,225,https://vallfogona.cat/,wikidata_P856,1,
INE17173,municipality,17173,Sant Martí Vell,Cataluña,Girona,271,http://www.santmartivell.cat/,wikidata_P856,1,
INE20073,municipality,20073,Usurbil,País Vasco,Gipuzkoa,6488,http://www.usurbil.eus/,wikidata_P856,1,
INE18062,municipality,18062,Churriana de la Vega,Andalucía,Granada,16878,http://www.churrianadelavega.org/,wikidata_P856,1,
INE03037,municipality,03037,Benimantell,Comunitat Valenciana,Alacant/Alicante,548,http://www.benimantell.es/,wikidata_P856,1,
INE03075,municipality,03075,"Castell de Guadalest, el",Comunitat Valenciana,Alacant/Alicante,284,http://www.guadalest.es/,wikidata_P856,1,
INE11016,municipality,11016,Chipiona,Andalucía,Cádiz,20076,http://www.aytochipiona.es/,wikidata_P856,1,
INE43009,municipality,43009,Alforja,Cataluña,Tarragona,2024,,,0,
INE43003,municipality,43003,"Albiol, L'",Cataluña,Tarragona,557,https://www.albiol.cat/,wikidata_P856,1,
INE25121,municipality,25121,Les,Cataluña,Lleida,1036,http://www.les.es/,wikidata_P856,1,
INE25025,municipality,25025,Naut Aran,Cataluña,Lleida,1902,http://www.nautaran.org/,wikidata_P856,1,
INE43121,municipality,43121,Rasquera,Cataluña,Tarragona,786,http://www.rasquera.cat/,wikidata_P856,1,
INE43150,municipality,43150,Tivissa,Cataluña,Tarragona,1658,http://www.tivissa.cat/,wikidata_P856,1,
INE43082,municipality,43082,"Masroig, El",Cataluña,Tarragona,473,http://www.masroig.altanet.org/,wikidata_P856,1,
INE17200,municipality,17200,Tortellà,Cataluña,Girona,849,http://www.tortella.cat/,wikidata_P856,1,
INE17207,municipality,17207,"Vall d'en Bas, La",Cataluña,Girona,3269,http://www.vallbas.cat/,wikidata_P856,1,
INE17902,municipality,17902,Forallac,Cataluña,Girona,1790,http://www.forallac.cat/,wikidata_P856,1,
INE43163,municipality,43163,"Vendrell, El",Cataluña,Tarragona,41133,https://www.elvendrell.net/,wikidata_P856,1,
INE43070,municipality,43070,"Guiamets, Els",Cataluña,Tarragona,254,,,1,tourism_only
INE18102,municipality,18102,Íllora,Andalucía,Granada,9923,http://www.illora.com/,wikidata_P856,1,
INE18187,municipality,18187,Villanueva de las Torres,Andalucía,Granada,491,http://www.villanuevadelastorres.es/,wikidata_P856,1,
INE49006,municipality,49006,Algodre,Castilla y León,Zamora,131,,,0,
INE49245,municipality,49245,Villalazán,Castilla y León,Zamora,241,,,0,
INE17010,municipality,17010,Argelaguer,Cataluña,Girona,468,http://www.argelaguer.cat/,wikidata_P856,1,
INE17013,municipality,17013,Begur,Cataluña,Girona,4291,http://www.begur.cat/,wikidata_P856,1,
INE17065,municipality,17065,Esponellà,Cataluña,Girona,446,https://esponella.cat/,wikidata_P856,1,
INE17087,municipality,17087,Juià,Cataluña,Girona,319,http://www.juia.cat/,wikidata_P856,1,
INE17098,municipality,17098,Maià de Montcal,Cataluña,Girona,498,http://www.maia.cat/,wikidata_P856,1,
INE31006,municipality,31006,Ablitas,"Navarra, Comunidad Foral de",Navarra,2657,http://www.ablitas.com/,wikidata_P856,1,
INE08230,municipality,08230,Premià de Dalt,Cataluña,Barcelona,10632,http://www.premiadedalt.cat/,wikidata_P856,1,
INE43177,municipality,43177,Vinebre,Cataluña,Tarragona,427,http://www.vinebre.cat/,wikidata_P856,1,
INE46178,municipality,46178,Nàquera/Náquera,Comunitat Valenciana,València/Valencia,8556,https://www.naquera.es/,wikidata_P856,1,
INE08043,municipality,08043,Canyelles,Cataluña,Barcelona,5505,http://www.canyelles.cat/,wikidata_P856,1,
INE08058,municipality,08058,Castellet i la Gornal,Cataluña,Barcelona,2776,https://www.castelletilagornal.cat/,wikidata_P856,1,
INE08065,municipality,08065,Castellví de la Marca,Cataluña,Barcelona,1721,https://www.castellvidelamarca.cat/,wikidata_P856,1,
INE25053,municipality,25053,Benavent de Segrià,Cataluña,Lleida,1571,http://www.benaventdesegria.cat/,wikidata_P856,1,
INE08125,municipality,08125,Montcada i Reixac,Cataluña,Barcelona,37460,https://montcada.cat/,wikidata_P856,1,
INE08290,municipality,08290,Ullastrell,Cataluña,Barcelona,2171,https://www.ullastrell.cat/,wikidata_P856,1,
INE43007,municipality,43007,"Aleixar, L'",Cataluña,Tarragona,1009,http://www.aleixar.altanet.org/,wikidata_P856,1,
INE17102,municipality,17102,Maçanet de Cabrenys,Cataluña,Girona,761,https://xn--maanetdecabrenys-dpb.cat/,wikidata_P856,1,
INE31020,municipality,31020,Araitz,"Navarra, Comunidad Foral de",Navarra,506,,,0,
INE30026,municipality,30026,Mazarrón,"Murcia, Región de",Murcia,35449,http://www.mazarron.es/,wikidata_P856,1,
INE30019,municipality,30019,Cieza,"Murcia, Región de",Murcia,35577,http://www.cieza.es/,wikidata_P856,1,
INE29901,municipality,29901,Torremolinos,Andalucía,Málaga,71329,http://www.torremolinos.es/,wikidata_P856,1,
INE29099,municipality,29099,Viñuela,Andalucía,Málaga,2044,http://www.lavinuela.es/,wikidata_P856,1,
INE24029,municipality,24029,Cabrillanes,Castilla y León,León,687,http://www.cabrillanes.com/,wikidata_P856,1,
INE26044,municipality,26044,Castroviejo,"Rioja, La","Rioja, La",57,,,0,
INE02025,municipality,02025,Caudete,Castilla-La Mancha,Albacete,10439,http://www.caudete.org/,clm_directorio_entidades_locales,0,
INE02079,municipality,02079,Villamalea,Castilla-La Mancha,Albacete,4083,http://www.villamalea.es/,clm_directorio_entidades_locales,0,
INE03025,municipality,03025,Benferri,Comunitat Valenciana,Alacant/Alicante,2099,http://www.benferri.es/,wikidata_P856,1,
INE03140,municipality,03140,Villena,Comunitat Valenciana,Alacant/Alicante,34712,http://www.villena.es/,wikidata_P856,1,
INE29012,municipality,29012,Álora,Andalucía,Málaga,13650,http://www.alora.es/,wikidata_P856,1,
INE33017,municipality,33017,Castropol,"Asturias, Principado de",Asturias,3202,https://www.castropol.es/,wikidata_P856,1,
INE22035,municipality,22035,Arén,Aragón,Huesca,309,http://www.aren.es/,wikidata_P856,1,
INE22009,municipality,22009,Albelda,Aragón,Huesca,728,http://albelda.es/,wikidata_P856,1,
INE13071,municipality,13071,Puertollano,Castilla-La Mancha,Ciudad Real,45565,http://www.puertollano.es/,clm_directorio_entidades_locales,0,
INE13015,municipality,13015,Almodóvar del Campo,Castilla-La Mancha,Ciudad Real,5637,http://www.almodovardelcampo.es/,clm_directorio_entidades_locales,0,
INE08218,municipality,08218,Sant Joan de Vilatorrada,Cataluña,Barcelona,11133,http://www.santjoanvilatorrada.cat/,wikidata_P856,1,
INE12071,municipality,12071,Jérica,Comunitat Valenciana,Castelló/Castellón,1764,http://www.jerica.es/,wikidata_P856,1,
INE10042,municipality,10042,Campillo de Deleitosa,Extremadura,Cáceres,82,https://www.campillodedeleitosa.es/,wikidata_P856,1,
INE10019,municipality,10019,Almaraz,Extremadura,Cáceres,1594,http://www.ayto-almaraz.com/,wikidata_P856,1,
INE06070,municipality,06070,Jerez de los Caballeros,Extremadura,Badajoz,9095,https://jerezcaballeros.es/,wikidata_P856,1,
INE06066,municipality,06066,Higuera de Vargas,Extremadura,Badajoz,1830,http://www.higueradevargas.es/,wikidata_P856,1,
INE31030,municipality,31030,Arellano,"Navarra, Comunidad Foral de",Navarra,165,,,0,
INE41071,municipality,41071,Paradas,Andalucía,Sevilla,6762,http://www.paradas.es/,wikidata_P856,1,
INE46141,municipality,46141,Higueruelas,Comunitat Valenciana,València/Valencia,567,http://www.higueruelas.es/,wikidata_P856,1,
INE46205,municipality,46205,Puçol,Comunitat Valenciana,València/Valencia,21659,http://www.puçol.es/,wikidata_P856,1,
INE46254,municipality,46254,Venta del Moro,Comunitat Valenciana,València/Valencia,1143,http://www.ventadelmoro.es/,wikidata_P856,1,
INE43002,municipality,43002,Albinyana,Cataluña,Tarragona,2718,http://www.albinyana.cat/,wikidata_P856,1,
INE46003,municipality,46003,Atzeneta d'Albaida,Comunitat Valenciana,València/Valencia,1193,http://www.atzenetadalbaida.com/,wikidata_P856,1,
INE12052,municipality,12052,Xert,Comunitat Valenciana,Castelló/Castellón,702,http://www.xert.es/,wikidata_P856,1,
INE03026,municipality,03026,Beniarbeig,Comunitat Valenciana,Alacant/Alicante,2499,http://www.beniarbeig.es/,wikidata_P856,1,
INE46202,municipality,46202,"Pobla de Vallbona, la",Comunitat Valenciana,València/Valencia,27471,http://www.lapobladevallbona.es/,wikidata_P856,1,
INE31087,municipality,31087,Elgorriaga,"Navarra, Comunidad Foral de",Navarra,210,http://www.elgorriaga.biaizpe.net/,wikidata_P856,1,
INE31242,municipality,31242,Urraul Bajo,"Navarra, Comunidad Foral de",Navarra,330,,,0,
INE31024,municipality,31024,Arano,"Navarra, Comunidad Foral de",Navarra,108,,,0,
INE17140,municipality,17140,"Port de la Selva, El",Cataluña,Girona,1053,http://www.elportdelaselva.cat/,wikidata_P856,1,
INE17077,municipality,17077,Garriguella,Cataluña,Girona,989,http://www.garriguella.cat/,wikidata_P856,1,
INE17136,municipality,17136,Pontós,Cataluña,Girona,296,http://www.pontos.cat/,wikidata_P856,1,
INE34199,municipality,34199,Velilla del Río Carrión,Castilla y León,Palencia,1104,http://www.velilladelriocarrion.es/,wikidata_P856,1,
INE31081,municipality,31081,Donamaria,"Navarra, Comunidad Foral de",Navarra,446,http://www.donamaria.org/,wikidata_P856,1,
INE33069,municipality,33069,Soto del Barco,"Asturias, Principado de",Asturias,3801,http://www.sotodelbarco.com/,wikidata_P856,1,
INE33039,municipality,33039,Muros de Nalón,"Asturias, Principado de",Asturias,1955,http://www.murosdenalon.com/,wikidata_P856,1,
INE33040,municipality,33040,Nava,"Asturias, Principado de",Asturias,5244,http://www.ayto-nava.es/,wikidata_P856,1,
INE10216,municipality,10216,Zarza de Granadilla,Extremadura,Cáceres,1815,http://www.zarzadegranadilla.es/,wikidata_P856,1,
INE17026,municipality,17026,Borrassà,Cataluña,Girona,804,http://www.borrassa.cat/,wikidata_P856,1,
INE17062,municipality,17062,"Escala, L'",Cataluña,Girona,10374,http://www.lescala.cat/,wikidata_P856,1,
INE17001,municipality,17001,Agullana,Cataluña,Girona,880,http://www.agullana.cat/,wikidata_P856,1,
INE31070,municipality,31070,Castejón,"Navarra, Comunidad Foral de",Navarra,4725,http://www.castejon.com/,wikidata_P856,1,
INE33068,municipality,33068,Somiedo,"Asturias, Principado de",Asturias,1031,http://www.somiedo.es/,wikidata_P856,1,
INE08149,municipality,08149,Olost,Cataluña,Barcelona,1209,https://www.olost.cat/,wikidata_P856,1,
INE37274,municipality,37274,Salamanca,Castilla y León,Salamanca,146110,https://www.aytosalamanca.es/,wikidata_P856,1,
INE37085,municipality,37085,Carbajosa de la Sagrada,Castilla y León,Salamanca,7791,http://www.carbajosadelasagrada.es/,wikidata_P856,1,
INE37067,municipality,37067,Cabrerizos,Castilla y León,Salamanca,4218,,,0,
INE50221,municipality,50221,Purujosa,Aragón,Zaragoza,29,http://www.purujosa.es/,wikidata_P856,1,
INE27005,municipality,27005,Barreiros,Galicia,Lugo,3036,https://www.concellodebarreiros.gal/,wikidata_P856,1,
INE25005,municipality,25005,Alàs i Cerc,Cataluña,Lleida,320,http://alascerc.ddl.net/,wikidata_P856,1,
INE23904,municipality,23904,Santiago-Pontones,Andalucía,Jaén,2629,http://www.santiagopontones.es/,wikidata_P856,1,
INE46001,municipality,46001,Ademuz,Comunitat Valenciana,València/Valencia,1015,http://www.ademuz.es/,wikidata_P856,1,
INE42073,municipality,42073,Cueva de Ágreda,Castilla y León,Soria,67,http://www.cuevadeagreda.es/,wikidata_P856,1,
INE28172,municipality,28172,Villalbilla,"Madrid, Comunidad de",Madrid,18687,https://www.villalbilla.es/,wikidata_P856,1,
INE43026,municipality,43026,Benissanet,Cataluña,Tarragona,1186,http://www.benissanet.cat/,wikidata_P856,1,
INE39057,municipality,39057,Ramales de la Victoria,Cantabria,Cantabria,3099,http://www.aytoramales.org/,wikidata_P856,1,
INE31128,municipality,31128,Isaba/Izaba,"Navarra, Comunidad Foral de",Navarra,384,,,0,
INE09113,municipality,09113,Covarrubias,Castilla y León,Burgos,501,https://covarrubias.es/inicio,wikidata_P856,2,
INE49273,municipality,49273,Viñas,Castilla y León,Zamora,148,,,0,
INE08282,municipality,08282,Tiana,Cataluña,Barcelona,9331,https://tiana.cat/,wikidata_P856,1,
INE17115,municipality,17115,Ordis,Cataluña,Girona,409,https://ordis.cat/,wikidata_P856,1,
INE07046,municipality,07046,Sant Antoni de Portmany,"Balears, Illes",Illes Balears,29132,http://www.santantoni.net/,wikidata_P856,1,
INE27010,municipality,27010,Castro de Rei,Galicia,Lugo,5001,http://www.castroderei.gal/,wikidata_P856,1,
INE03042,municipality,03042,"Poble Nou de Benitatxell, el/Benitachell",Comunitat Valenciana,Alacant/Alicante,4911,https://www.elpoblenoudebenitatxell.com/,wikidata_P856,1,
INE45160,municipality,45160,Segurilla,Castilla-La Mancha,Toledo,1412,http://www.segurilla.org/,wikidata_P856,1,
INE45097,municipality,45097,Mejorada,Castilla-La Mancha,Toledo,1387,,,0,
INE08197,municipality,08197,Sant Andreu de Llavaneres,Cataluña,Barcelona,11938,https://www.ajllavaneres.cat/,wikidata_P856,1,
INE17070,municipality,17070,Fontanilles,Cataluña,Girona,171,http://www.ajfontanilles.cat/,wikidata_P856,1,
INE31200,municipality,31200,Oteiza,"Navarra, Comunidad Foral de",Navarra,972,,,0,
INE46124,municipality,46124,Fontanars dels Alforins,Comunitat Valenciana,València/Valencia,936,http://www.fontanarsdelsalforins.es/,wikidata_P856,1,
INE50024,municipality,50024,Almonacid de la Sierra,Aragón,Zaragoza,756,http://www.almonaciddelasierra.net/,wikidata_P856,1,
INE41009,municipality,41009,Almadén de la Plata,Andalucía,Sevilla,1328,http://www.almadendelaplata.es/,wikidata_P856,1,
INE22099,municipality,22099,Esplús,Aragón,Huesca,676,http://www.esplus.es/,wikidata_P856,1,
INE22905,municipality,22905,Lupiñén-Ortilla,Aragón,Huesca,359,http://www.lupinen-ortilla.es/,wikidata_P856,1,
INE50175,municipality,50175,Morata de Jalón,Aragón,Zaragoza,1100,http://www.moratadejalon.org/,wikidata_P856,1,
INE45026,municipality,45026,Cabañas de Yepes,Castilla-La Mancha,Toledo,316,https://www.aytocabanasyepes.es/,clm_directorio_entidades_locales,0,
INE45059,municipality,45059,Dosbarrios,Castilla-La Mancha,Toledo,2228,http://www.dosbarrios.com/,clm_directorio_entidades_locales,0,
INE45115,municipality,45115,Noblejas,Castilla-La Mancha,Toledo,3998,http://www.noblejas.es/,clm_directorio_entidades_locales,0,
INE33030,municipality,33030,Illas,"Asturias, Principado de",Asturias,1048,http://www.ayto-illas.es/,wikidata_P856,1,
INE26129,municipality,26129,San Asensio,"Rioja, La","Rioja, La",1088,http://www.sanasensio.es.tl/,wikidata_P856,1,
INE31236,municipality,31236,Ultzama,"Navarra, Comunidad Foral de",Navarra,1599,,,0,
INE46043,municipality,46043,Aielo de Rugat,Comunitat Valenciana,València/Valencia,160,http://www.aieloderugat.es/,wikidata_P856,1,
INE46219,municipality,46219,Rugat,Comunitat Valenciana,València/Valencia,165,http://www.rugat.es/,wikidata_P856,1,
INE46176,municipality,46176,Montroi/Montroy,Comunitat Valenciana,València/Valencia,3792,http://www.montroi.es/,wikidata_P856,1,
INE39079,municipality,39079,Santoña,Cantabria,Cantabria,10835,http://www.aytosantona.org/ca_index.asp,wikidata_P856,1,
INE50038,municipality,50038,Ateca,Aragón,Zaragoza,1785,https://www.aytoateca.es/,wikidata_P856,1,
INE50062,municipality,50062,"Burgo de Ebro, El",Aragón,Zaragoza,2750,https://elburgodeebro.es/,wikidata_P856,1,
INE50262,municipality,50262,Torres de Berrellén,Aragón,Zaragoza,1515,http://www.torresdeberrellen.es/,wikidata_P856,1,
INE46057,municipality,46057,Benicolet,Comunitat Valenciana,València/Valencia,610,http://www.benicolet.es/,wikidata_P856,1,
INE10121,municipality,10121,Miajadas,Extremadura,Cáceres,9396,https://miajadas.org/,wikidata_P856,1,
INE31185,municipality,31185,Ochagavía/Otsagabia,"Navarra, Comunidad Foral de",Navarra,492,http://www.ochagavia.com/,wikidata_P856,1,
INE10184,municipality,10184,"Torno, El",Extremadura,Cáceres,805,http://www.aytoeltorno.es/,wikidata_P856,1,
INE10162,municipality,10162,Salorino,Extremadura,Cáceres,522,http://www.salorino.es/,wikidata_P856,1,
INE06123,municipality,06123,San Vicente de Alcántara,Extremadura,Badajoz,5227,http://www.sanvicentedealcantara.es/,wikidata_P856,1,
INE05132,municipality,05132,Mombeltrán,Castilla y León,Ávila,922,http://www.mombeltran.es/,wikidata_P856,1,
INE33038,municipality,33038,Morcín,"Asturias, Principado de",Asturias,2460,http://www.morcin.com/,wikidata_P856,1,
INE08267,municipality,08267,Sentmenat,Cataluña,Barcelona,9548,http://www.sentmenat.cat/,wikidata_P856,1,
INE19287,municipality,19287,Tortuera,Castilla-La Mancha,Guadalajara,157,,,0,
INE01036,municipality,01036,Laudio/Llodio,País Vasco,Araba/Álava,18077,http://laudio.eus/,wikidata_P856,1,
INE50011,municipality,50011,Albeta,Aragón,Zaragoza,138,,,0,
INE50055,municipality,50055,Borja,Aragón,Zaragoza,5202,http://www.borja.es/,wikidata_P856,1,
INE10188,municipality,10188,Torre de Santa María,Extremadura,Cáceres,508,https://www.torredesantamaria.es/,wikidata_P856,1,
INE25089,municipality,25089,Farrera,Cataluña,Lleida,118,https://www.ajuntamentfarrera.cat/,wikidata_P856,1,
INE13007,municipality,13007,Alcolea de Calatrava,Castilla-La Mancha,Ciudad Real,1360,http://www.alcoleacva.com/,clm_directorio_entidades_locales,0,
INE46137,municipality,46137,"Granja de la Costera, la",Comunitat Valenciana,València/Valencia,306,http://www.lagranjadelacostera.es/ca/,wikidata_P856,1,
INE46008,municipality,46008,Albalat de la Ribera,Comunitat Valenciana,València/Valencia,3523,http://www.albalatdelaribera.es/,wikidata_P856,1,
INE46197,municipality,46197,Polinyà de Xúquer,Comunitat Valenciana,València/Valencia,2577,http://www.polinyadexuquer.es/,wikidata_P856,1,
INE10041,municipality,10041,Caminomorisco,Extremadura,Cáceres,1097,http://www.caminomorisco.es/,wikidata_P856,1,
INE46904,municipality,46904,Benicull de Xúquer,Comunitat Valenciana,València/Valencia,1179,http://www.benicull.org/,wikidata_P856,1,
INE45196,municipality,45196,Villaseca de la Sagra,Castilla-La Mancha,Toledo,1910,http://www.villasecadelasagra.es/,clm_directorio_entidades_locales,0,
INE31203,municipality,31203,Petilla de Aragón,"Navarra, Comunidad Foral de",Navarra,29,https://www.petilladearagon.org/,wikidata_P856,1,
INE16203,municipality,16203,Tarancón,Castilla-La Mancha,Cuenca,16748,http://www.nuevaweb.tarancon.es/,clm_directorio_entidades_locales,0,
INE16108,municipality,16108,Huelves,Castilla-La Mancha,Cuenca,105,https://huelves.sedelectronica.es/,clm_directorio_entidades_locales,0,
INE43019,municipality,43019,Ascó,Cataluña,Tarragona,1589,https://www.asco.cat/,wikidata_P856,1,
INE39083,municipality,39083,Soba,Cantabria,Cantabria,1057,https://www.soba.es/,wikidata_P856,1,
INE23017,municipality,23017,Cabra del Santo Cristo,Andalucía,Jaén,1639,http://aytocabradelsantocristo.com/,wikidata_P856,1,
INE18047,municipality,18047,Cenes de la Vega,Andalucía,Granada,8254,http://www.cenesdelavega.es/,wikidata_P856,1,
INE45107,municipality,45107,Nambroca,Castilla-La Mancha,Toledo,5263,http://www.nambroca.com/,clm_directorio_entidades_locales,0,
INE33006,municipality,33006,Bimenes,"Asturias, Principado de",Asturias,1639,http://www.bimenes.es/,wikidata_P856,1,
INE18002,municipality,18002,Alamedilla,Andalucía,Granada,518,http://www.alamedilla.es/,wikidata_P856,1,
INE28030,municipality,28030,"Cabrera, La","Madrid, Comunidad de",Madrid,2889,http://www.lacabrera.es/,wikidata_P856,1,
INE02073,municipality,02073,Tarazona de la Mancha,Castilla-La Mancha,Albacete,6100,http://www.tarazonadelamancha.es/,clm_directorio_entidades_locales,0,
INE16134,municipality,16134,Motilla del Palancar,Castilla-La Mancha,Cuenca,6432,http://www.motilla.com/,clm_directorio_entidades_locales,0,
INE08148,municipality,08148,Olivella,Cataluña,Barcelona,4435,https://olivella.cat/,wikidata_P856,1,
INE44059,municipality,44059,Cantavieja,Aragón,Teruel,729,http://www.cantavieja.es/,wikidata_P856,1,
INE28131,municipality,28131,San Lorenzo de El Escorial,"Madrid, Comunidad de",Madrid,18872,http://www.sanlorenzodeelescorial.org/,wikidata_P856,1,
INE46173,municipality,46173,Montaverner,Comunitat Valenciana,València/Valencia,1624,http://www.montaverner.es/,wikidata_P856,1,
INE31045,municipality,31045,Barásoain,"Navarra, Comunidad Foral de",Navarra,601,http://www.barasoain.ne/,wikidata_P856,1,
INE08057,municipality,08057,Castell de l'Areny,Cataluña,Barcelona,68,http://www.castelldelareny.cat/,wikidata_P856,1,
INE46235,municipality,46235,Sueca,Comunitat Valenciana,València/Valencia,29194,https://sueca.es/,wikidata_P856,1,
INE12092,municipality,12092,Puebla de Arenoso,Comunitat Valenciana,Castelló/Castellón,169,http://www.puebladearenoso.es/ca,wikidata_P856,1,
INE28009,municipality,28009,Algete,"Madrid, Comunidad de",Madrid,21144,http://www.algete.org/,wikidata_P856,1,
INE46076,municipality,46076,Bugarra,Comunitat Valenciana,València/Valencia,774,http://www.bugarra.es/,wikidata_P856,1,
INE33018,municipality,33018,Coaña,"Asturias, Principado de",Asturias,3321,http://www.ayuntamientodecoana.com/,wikidata_P856,1,
INE08217,municipality,08217,Sant Joan Despí,Cataluña,Barcelona,35926,http://www.sjdespi.cat/,wikidata_P856,1,
INE16218,municipality,16218,Uclés,Castilla-La Mancha,Cuenca,230,https://ucles.es/,clm_directorio_entidades_locales,0,
INE16270,municipality,16270,Villarrubio,Castilla-La Mancha,Cuenca,211,https://villarubio.sedelectronica.es/,clm_directorio_entidades_locales,0,
INE03114,municipality,03114,"Romana, la",Comunitat Valenciana,Alacant/Alicante,2729,https://www.aytolaromana.es/,wikidata_P856,1,
INE16151,municipality,16151,Paredes,Castilla-La Mancha,Cuenca,61,http://www.paredesdemelo.es/,wikidata_P856,1,
INE26007,municipality,26007,Alcanadre,"Rioja, La","Rioja, La",685,http://www.alcanadre.es/,wikidata_P856,1,
INE26117,municipality,26117,Pradejón,"Rioja, La","Rioja, La",3742,http://www.pradejon.es/,wikidata_P856,1,
INE03084,municipality,03084,"Orxa, l'/Lorcha",Comunitat Valenciana,Alacant/Alicante,589,http://www.lorcha.es/,wikidata_P856,1,
INE19233,municipality,19233,Renera,Castilla-La Mancha,Guadalajara,100,,,0,
INE29011,municipality,29011,Almogía,Andalucía,Málaga,4269,http://www.almogia.es/,wikidata_P856,1,
INE19293,municipality,19293,Uceda,Castilla-La Mancha,Guadalajara,3400,http://www.uceda.es/,clm_directorio_entidades_locales,0,
INE29045,municipality,29045,Cómpeta,Andalucía,Málaga,3824,http://www.competa.es/,wikidata_P856,1,
INE19266,municipality,19266,Tendilla,Castilla-La Mancha,Guadalajara,353,,,0,
INE26125,municipality,26125,Rincón de Soto,"Rioja, La","Rioja, La",4041,http://www.rincondesoto.org/,wikidata_P856,1,
INE42155,municipality,42155,Retortillo de Soria,Castilla y León,Soria,126,,,0,
INE37039,municipality,37039,Bañobárez,Castilla y León,Salamanca,277,http://aytobañobarez.es/,wikidata_P856,1,
INE37031,municipality,37031,Arabayona de Mógica,Castilla y León,Salamanca,318,http://aytoarabayona.es/,wikidata_P856,1,
INE49080,municipality,49080,Fuentelapeña,Castilla y León,Zamora,589,,,0,
INE47043,municipality,47043,Castromonte,Castilla y León,Valladolid,319,,,0,
INE05162,municipality,05162,Navalperal de Tormes,Castilla y León,Ávila,73,http://www.navalperaldetormes.com/,wikidata_P856,1,
INE50106,municipality,50106,"Fayos, Los",Aragón,Zaragoza,135,,,0,
INE26181,municipality,26181,Zarzosa,"Rioja, La","Rioja, La",14,,,0,
INE42211,municipality,42211,"Villares de Soria, Los",Castilla y León,Soria,72,,,0,
INE21028,municipality,21028,Cumbres de San Bartolomé,Andalucía,Huelva,354,http://www.cumbresdesanbartolome.es/,wikidata_P856,1,
INE46080,municipality,46080,Camporrobles,Comunitat Valenciana,València/Valencia,1183,http://www.camporrobles.es/,wikidata_P856,1,
INE07056,municipality,07056,Santa María del Camí,"Balears, Illes",Illes Balears,7744,http://www.ajsantamariadelcami.org/,wikidata_P856,1,
INE22143,municipality,22143,Laspaúles,Aragón,Huesca,255,http://www.laspaules.es/,wikidata_P856,1,
INE20006,municipality,20006,Alkiza,País Vasco,Gipuzkoa,352,http://www.alkiza.eus/,wikidata_P856,1,
INE37024,municipality,37024,Aldeavieja de Tormes,Castilla y León,Salamanca,100,http://www.aldeaviejadetormes.com/,wikidata_P856,1,
INE47030,municipality,47030,Campaspero,Castilla y León,Valladolid,1001,http://www.campaspero.es/,wikidata_P856,1,
INE21048,municipality,21048,"Marines, Los",Andalucía,Huelva,436,http://www.losmarines.es/,wikidata_P856,1,
INE24007,municipality,24007,Arganza,Castilla y León,León,800,,,0,
INE42078,municipality,42078,Duruelo de la Sierra,Castilla y León,Soria,1035,http://www.duruelodelasierra.es/,wikidata_P856,1,
INE26107,municipality,26107,Nieva de Cameros,"Rioja, La","Rioja, La",87,https://nievadecameros.com/,wikidata_P856,1,
INE49258,municipality,49258,Villanueva de Campeán,Castilla y León,Zamora,115,http://www.villanuevadecampean.com/,wikidata_P856,1,
INE10024,municipality,10024,Baños de Montemayor,Extremadura,Cáceres,738,http://www.banosdemontemayor.es/,wikidata_P856,1,
INE08262,municipality,08262,Sant Vicenç de Castellet,Cataluña,Barcelona,10164,https://www.svc.cat/,wikidata_P856,1,
INE20022,municipality,20022,Berastegi,País Vasco,Gipuzkoa,1114,http://www.berastegi.eus/,wikidata_P856,1,
INE39082,municipality,39082,Selaya,Cantabria,Cantabria,1868,http://www.ayto-selaya.com/,wikidata_P856,1,
INE09082,municipality,09082,Castildelgado,Castilla y León,Burgos,34,http://www.castildelgado.es/,wikidata_P856,1,
INE49189,municipality,49189,San Justo,Castilla y León,Zamora,207,,,0,
INE31207,municipality,31207,Pueyo/Puiu,"Navarra, Comunidad Foral de",Navarra,384,,,0,
INE04901,municipality,04901,"Tres Villas, Las",Andalucía,Almería,547,http://www.lastresvillas.es/,wikidata_P856,1,
INE22081,municipality,22081,Casbas de Huesca,Aragón,Huesca,287,http://www.casbasdehuesca.es/,wikidata_P856,1,
INE46052,municipality,46052,Benavites,Comunitat Valenciana,València/Valencia,652,http://www.benavites.es/,wikidata_P856,1,
INE10189,municipality,10189,Torrejoncillo,Extremadura,Cáceres,2743,http://www.torrejoncillo.es/,wikidata_P856,1,
INE42135,municipality,42135,Oncala,Castilla y León,Soria,61,http://www.oncala-trashumancia.com/,wikidata_P856,1,
INE22133,municipality,22133,Labuerda,Aragón,Huesca,179,http://www.labuerda.es/,wikidata_P856,1,
INE45080,municipality,45080,Illán de Vacas,Castilla-La Mancha,Toledo,8,,,0,
INE10063,municipality,10063,Cerezo,Extremadura,Cáceres,147,,,0,
INE05045,municipality,05045,Cabizuela,Castilla y León,Ávila,89,http://www.cabizuela.es/,wikidata_P856,1,
INE19162,municipality,19162,Luzaga,Castilla-La Mancha,Guadalajara,65,http://luzaga.com/,wikidata_P856,1,
INE26140,municipality,26140,Santurde de Rioja,"Rioja, La","Rioja, La",260,http://www.santurdederioja.org/,wikidata_P856,1,
INE12042,municipality,12042,Catí,Comunitat Valenciana,Castelló/Castellón,719,http://www.cati.es/,wikidata_P856,1,
INE42125,municipality,42125,Muriel Viejo,Castilla y León,Soria,73,http://www.murielviejo.es/,wikidata_P856,1,
INE16039,municipality,16039,Buenache de Alarcón,Castilla-La Mancha,Cuenca,447,http://www.buenachedealarcon.com/,clm_directorio_entidades_locales,0,
INE27013,municipality,27013,Cervo,Galicia,Lugo,4137,http://www.concellodecervo.com/,wikidata_P856,1,
INE09006,municipality,09006,Aguas Cándidas,Castilla y León,Burgos,61,http://www.aguascandidas.es/,wikidata_P856,1,
INE44123,municipality,44123,Hinojosa de Jarque,Aragón,Teruel,104,,,0,
INE14014,municipality,14014,Cañete de las Torres,Andalucía,Córdoba,2766,http://www.aytocanetedelastorres.es/,wikidata_P856,1,
INE26118,municipality,26118,Pradillo,"Rioja, La","Rioja, La",64,http://www.aytopradillo.org/,wikidata_P856,1,
INE24146,municipality,24146,San Esteban de Nogales,Castilla y León,León,239,http://www.aytosanestebandenogales.es/,wikidata_P856,1,
INE03072,municipality,03072,Gaianes,Comunitat Valenciana,Alacant/Alicante,577,http://www.gaianes.es/,wikidata_P856,1,
INE24055,municipality,24055,Cimanes del Tejar,Castilla y León,León,710,http://www.aytocimanesdeltejar.es/,wikidata_P856,1,
INE05153,municipality,05153,Nava del Barco,Castilla y León,Ávila,81,http://www.navadelbarco.com/,wikidata_P856,1,
INE19184,municipality,19184,Millana,Castilla-La Mancha,Guadalajara,126,,,0,
INE05124,municipality,05124,Medinilla,Castilla y León,Ávila,79,,,0,
INE37092,municipality,37092,Castellanos de Moriscos,Castilla y León,Salamanca,3149,http://castellanosdemoriscos.es/,wikidata_P856,1,
INE40025,municipality,40025,Barbolla,Castilla y León,Segovia,142,http://www.barbolla.es/,wikidata_P856,1,
INE50073,municipality,50073,Cariñena,Aragón,Zaragoza,3530,http://www.carinena.net/,wikidata_P856,1,
INE19243,municipality,19243,Rueda de la Sierra,Castilla-La Mancha,Guadalajara,38,http://www.ruedadelasierra.com/,wikidata_P856,1,
INE34210,municipality,34210,Villahán,Castilla y León,Palencia,96,,,0,
INE50268,municipality,50268,Undués de Lerda,Aragón,Zaragoza,60,,,0,
INE49238,municipality,49238,Villabrázaro,Castilla y León,Zamora,255,http://www.ayuntamientodevillabrazaro.es/,wikidata_P856,1,
INE45030,municipality,45030,Calzada de Oropesa,Castilla-La Mancha,Toledo,514,http://www.lacalzadadeoropesa.es/,clm_directorio_entidades_locales,0,
INE50113,municipality,50113,Fuendejalón,Aragón,Zaragoza,774,,,0,
INE43130,municipality,43130,Rocafort de Queralt,Cataluña,Tarragona,247,http://www.rocafort.altanet.org/,wikidata_P856,1,
INE40060,municipality,40060,Condado de Castilnovo,Castilla y León,Segovia,74,http://www.condadodecastilnovo.es/,wikidata_P856,1,
INE25135,municipality,25135,Miralcamp,Cataluña,Lleida,1369,https://www.miralcamp.cat/,wikidata_P856,1,
INE05046,municipality,05046,Canales,Castilla y León,Ávila,42,http://www.canales.es/,wikidata_P856,1,
INE37242,municipality,37242,Pelayos,Castilla y León,Salamanca,72,,,0,
INE22037,municipality,22037,Arguis,Aragón,Huesca,167,http://www.arguis.es/,wikidata_P856,1,
INE18901,municipality,18901,"Taha, La",Andalucía,Granada,777,http://www.lataha.es/,wikidata_P856,1,
INE16146,municipality,16146,Pajarón,Castilla-La Mancha,Cuenca,71,,,0,
INE47095,municipality,47095,Moraleja de las Panaderas,Castilla y León,Valladolid,42,,,0,
INE15080,municipality,15080,Sobrado,Galicia,"Coruña, A",1830,http://www.sobrado.es/,wikidata_P856,1,
INE44171,municipality,44171,Olba,Aragón,Teruel,286,http://www.olba.es/,wikidata_P856,1,
INE47102,municipality,47102,Nueva Villa de las Torres,Castilla y León,Valladolid,265,,,0,
INE05130,municipality,05130,Mironcillo,Castilla y León,Ávila,110,,,0,
INE24153,municipality,24153,Santa Cristina de Valmadrigal,Castilla y León,León,278,http://www.aytosantacristinadevalmadrigal.es/,wikidata_P856,1,
INE50211,municipality,50211,Plasencia de Jalón,Aragón,Zaragoza,378,,,0,
INE37104,municipality,37104,Cilleros de la Bastida,Castilla y León,Salamanca,21,,,0,
INE13080,municipality,13080,Solana del Pino,Castilla-La Mancha,Ciudad Real,333,http://www.ciudad-real.es/provincia/solanadelpino.php,wikidata_P856,1,
INE37130,municipality,37130,Forfoleda,Castilla y León,Salamanca,207,http://aytoforfoleda.es/,wikidata_P856,1,
INE19228,municipality,19228,Puebla de Beleña,Castilla-La Mancha,Guadalajara,57,,,0,
INE10008,municipality,10008,Alcántara,Extremadura,Cáceres,1329,http://www.alcantara.es/,wikidata_P856,1,
INE22170,municipality,22170,Panticosa,Aragón,Huesca,910,http://www.panticosa.es/,wikidata_P856,1,
INE07021,municipality,07021,Estellencs,"Balears, Illes",Illes Balears,369,https://ajestellencs.net/,wikidata_P856,1,
INE09443,municipality,09443,Villamayor de los Montes,Castilla y León,Burgos,157,http://www.villamayordelosmontes.es/,wikidata_P856,1,
INE42042,municipality,42042,Buitrago,Castilla y León,Soria,68,http://www.buitrago.es/,wikidata_P856,1,
INE42139,municipality,42139,Pinilla del Campo,Castilla y León,Soria,17,,,0,
INE46127,municipality,46127,"Font d'en Carròs, la",Comunitat Valenciana,València/Valencia,4020,http://www.lafontdencarros.es/,wikidata_P856,1,
INE05084,municipality,05084,Gilbuena,Castilla y León,Ávila,45,http://www.gilbuena.es/,wikidata_P856,1,
INE01041,municipality,01041,Navaridas,País Vasco,Araba/Álava,192,,,0,
INE42083,municipality,42083,Frechilla de Almazán,Castilla y León,Soria,20,,,0,
INE09154,municipality,09154,Hacinas,Castilla y León,Burgos,145,http://www.hacinas.es/,wikidata_P856,1,
INE44080,municipality,44080,"Codoñera, La",Aragón,Teruel,312,http://www.lacodonnera.es/,wikidata_P856,1,
INE12075,municipality,12075,"Mata de Morella, la",Comunitat Valenciana,Castelló/Castellón,196,http://www.ajuntamentdelamata.es/,wikidata_P856,1,
INE44071,municipality,44071,Castellote,Aragón,Teruel,665,http://www.castelloteweb.com/,wikidata_P856,1,
INE22027,municipality,22027,Angüés,Aragón,Huesca,350,http://www.angues.es/,wikidata_P856,1,
INE08143,municipality,08143,Òdena,Cataluña,Barcelona,3760,https://odena.cat/,wikidata_P856,1,
INE25150,municipality,25150,Oliola,Cataluña,Lleida,192,http://www.oliola.cat/,wikidata_P856,1,
INE24082,municipality,24082,Hospital de Órbigo,Castilla y León,León,948,http://www.hospitaldeorbigo.com/,wikidata_P856,1,
INE06088,municipality,06088,Montijo,Extremadura,Badajoz,15198,http://www.montijo.es/,wikidata_P856,1,
INE10186,municipality,10186,Torrecillas de la Tiesa,Extremadura,Cáceres,1038,http://www.torrecillasdelatiesa.es/,wikidata_P856,1,
INE14028,municipality,14028,Fuente la Lancha,Andalucía,Córdoba,330,http://fuentelalancha.es/,wikidata_P856,1,
INE09380,municipality,09380,Terradillos de Esgueva,Castilla y León,Burgos,58,http://www.terradillosdeesgueva.es/,wikidata_P856,1,
INE28053,municipality,28053,Daganzo de Arriba,"Madrid, Comunidad de",Madrid,10764,http://www.ayto-daganzo.org/,wikidata_P856,1,
INE09429,municipality,09429,Villaescusa la Sombría,Castilla y León,Burgos,61,http://www.villaescusalasombria.es/,wikidata_P856,1,
INE40056,municipality,40056,Cobos de Fuentidueña,Castilla y León,Segovia,25,http://www.cobosdefuentiduena.es/,wikidata_P856,1,
INE37163,municipality,37163,"Hoya, La",Castilla y León,Salamanca,32,,,0,
INE40128,municipality,40128,Migueláñez,Castilla y León,Segovia,136,http://www.ayuntamientodemiguelanez.es/,wikidata_P856,1,
INE49077,municipality,49077,Fresno de Sayago,Castilla y León,Zamora,137,http://www.fresnodesayago.com/,wikidata_P856,1,
INE37289,municipality,37289,San Muñoz,Castilla y León,Salamanca,192,,,0,
INE24198,municipality,24198,Vega de Valcarce,Castilla y León,León,555,http://www.vegadevalcarce.net/index.php,wikidata_P856,1,
INE16111,municipality,16111,Huerta del Marquesado,Castilla-La Mancha,Cuenca,155,http://www.huertadelmarquesado.org/,clm_directorio_entidades_locales,0,
INE22158,municipality,22158,Monzón,Aragón,Huesca,18525,http://www.monzon.es/,wikidata_P856,1,
INE47167,municipality,47167,Torrecilla de la Orden,Castilla y León,Valladolid,226,,,0,
INE40093,municipality,40093,Gallegos,Castilla y León,Segovia,96,http://www.gallegos.es/,wikidata_P856,1,
INE34169,municipality,34169,Santervás de la Vega,Castilla y León,Palencia,392,,,0,
INE29021,municipality,29021,Atajate,Andalucía,Málaga,168,http://www.atajate.net/,wikidata_P856,1,
INE47184,municipality,47184,Valoria la Buena,Castilla y León,Valladolid,740,http://www.valorialabuena.com/,wikidata_P856,1,
INE34181,municipality,34181,Tariego de Cerrato,Castilla y León,Palencia,504,http://tariego.dip-palencia.es/,wikidata_P856,1,
INE06125,municipality,06125,Siruela,Extremadura,Badajoz,1766,http://www.siruela.es/,wikidata_P856,1,
INE24143,municipality,24143,Sancedo,Castilla y León,León,532,http://sancedo.es/,wikidata_P856,1,
INE16198,municipality,16198,Sisante,Castilla-La Mancha,Cuenca,1640,http://www.sisante.net/,wikidata_P856,1,
INE42118,municipality,42118,Momblona,Castilla y León,Soria,19,,,0,
INE37063,municipality,37063,"Cabeza de Béjar, La",Castilla y León,Salamanca,55,,,0,
INE40176,municipality,40176,Samboal,Castilla y León,Segovia,459,http://www.samboal.es/,wikidata_P856,1,
INE24026,municipality,24026,Bustillo del Páramo,Castilla y León,León,1057,http://www.aytobustillodelparamo.es/,wikidata_P856,1,
INE03038,municipality,03038,Benimarfull,Comunitat Valenciana,Alacant/Alicante,465,http://www.benimarfull.es/,wikidata_P856,1,
INE37126,municipality,37126,Espadaña,Castilla y León,Salamanca,32,,,0,
INE10904,municipality,10904,Tiétar,Extremadura,Cáceres,835,,,0,
INE40092,municipality,40092,Fuentidueña,Castilla y León,Segovia,125,http://www.fuentiduena.es/,wikidata_P856,1,
INE50039,municipality,50039,Azuara,Aragón,Zaragoza,548,,,0,
INE09105,municipality,09105,Ciruelos de Cervera,Castilla y León,Burgos,90,http://www.ciruelosdecervera.es/,wikidata_P856,1,
INE16280,municipality,16280,Zarzuela,Castilla-La Mancha,Cuenca,174,https://zarzuela.sedelectronica.es/,clm_directorio_entidades_locales,0,
INE31025,municipality,31025,Arakil,"Navarra, Comunidad Foral de",Navarra,990,http://www.arakil.eus/,wikidata_P856,1,
INE40184,municipality,40184,San Pedro de Gaíllos,Castilla y León,Segovia,315,http://www.sanpedrodegaillos.com/,wikidata_P856,1,
INE49237,municipality,49237,Videmala,Castilla y León,Zamora,131,,,0,
INE50078,municipality,50078,Castiliscar,Aragón,Zaragoza,219,,,0,
INE34023,municipality,34023,Venta de Baños,Castilla y León,Palencia,6372,http://www.ventadebanos.es/,wikidata_P856,1,
INE15062,municipality,15062,Outes,Galicia,"Coruña, A",5998,https://www.outes.gal/,wikidata_P856,1,
INE04012,municipality,04012,Alicún,Andalucía,Almería,206,http://www.alicun.es/,wikidata_P856,1,
INE10141,municipality,10141,Peraleda de San Román,Extremadura,Cáceres,268,http://www.peraledadesanroman.es/,wikidata_P856,1,
INE45058,municipality,45058,Domingo Pérez,Castilla-La Mancha,Toledo,418,http://www.domingoperez.org/,wikidata_P856,1,
INE03039,municipality,03039,Benimassot,Comunitat Valenciana,Alacant/Alicante,85,http://www.benimassot.es/,wikidata_P856,1,
INE44101,municipality,44101,Ferreruela de Huerva,Aragón,Teruel,81,,,0,
INE09394,municipality,09394,Trespaderne,Castilla y León,Burgos,721,http://www.trespaderne.com/,wikidata_P856,1,
INE42189,municipality,42189,Ucero,Castilla y León,Soria,80,,,0,
INE09088,municipality,09088,Castrillo de Riopisuerga,Castilla y León,Burgos,56,http://www.castrilloderiopisuerga.es/,wikidata_P856,1,
INE44064,municipality,44064,Cascante del Río,Aragón,Teruel,73,http://www.cascante.es.mn/,wikidata_P856,1,
INE46174,municipality,46174,Montesa,Comunitat Valenciana,València/Valencia,1128,http://www.montesa.es/,wikidata_P856,1,
INE10067,municipality,10067,Coria,Extremadura,Cáceres,12001,https://www.coria.org/,wikidata_P856,1,
INE08090,municipality,08090,Gaià,Cataluña,Barcelona,172,https://www.gaia.cat/,wikidata_P856,1,
INE37047,municipality,37047,Beleña,Castilla y León,Salamanca,258,http://aytobeleña.es/,wikidata_P856,1,
INE19314,municipality,19314,Viana de Jadraque,Castilla-La Mancha,Guadalajara,41,http://www.vianadejadraque.es/,clm_directorio_entidades_locales,0,
INE40158,municipality,40158,Perosillo,Castilla y León,Segovia,21,http://www.perosillo.es/,wikidata_P856,1,
INE03023,municipality,03023,Beneixama,Comunitat Valenciana,Alacant/Alicante,1696,http://www.beneixama.es/,wikidata_P856,1,
INE14069,municipality,14069,Villanueva de Córdoba,Andalucía,Córdoba,8328,http://www.villanuevadecordoba.com/,wikidata_P856,1,
INE34240,municipality,34240,Villerías de Campos,Castilla y León,Palencia,71,http://villeriasdecampos.dip-palencia.es/,wikidata_P856,1,
INE10070,municipality,10070,Deleitosa,Extremadura,Cáceres,681,http://www.deleitosa.es/,wikidata_P856,1,
INE50272,municipality,50272,Utebo,Aragón,Zaragoza,19116,http://www.ayto-utebo.es/,wikidata_P856,1,
INE47191,municipality,47191,Velliza,Castilla y León,Valladolid,121,,,0,
INE26095,municipality,26095,Matute,"Rioja, La","Rioja, La",88,https://aytomatute.larioja.org/,wikidata_P856,2,
INE06152,municipality,06152,Villalba de los Barros,Extremadura,Badajoz,1429,http://www.villalbadelosbarros.es/,wikidata_P856,1,
INE42031,municipality,42031,Barcones,Castilla y León,Soria,25,https://web.archive.org/web/http://www.barcones.es/,wikidata_P856,1,
INE49078,municipality,49078,Friera de Valverde,Castilla y León,Zamora,121,http://www.ayuntamientodefrieradevalverde.es/,wikidata_P856,1,
INE28114,municipality,28114,Piñuécar-Gandullas,"Madrid, Comunidad de",Madrid,183,http://ayuntamientopiuecargandullas.es/,wikidata_P856,1,
INE05264,municipality,05264,Viñegra de Moraña,Castilla y León,Ávila,49,http://www.vinegrademorana.es/,wikidata_P856,1,
INE05208,municipality,05208,San Esteban de Zapardiel,Castilla y León,Ávila,40,https://www.sanestebandezapardiel.es/,wikidata_P856,1,
INE05188,municipality,05188,Poveda,Castilla y León,Ávila,30,http://www.poveda.es/,wikidata_P856,1,
INE37290,municipality,37290,San Pedro del Valle,Castilla y León,Salamanca,143,,,0,
INE24001,municipality,24001,Acebedo,Castilla y León,León,181,http://www.aytoacebedo.es/,wikidata_P856,1,
INE49184,municipality,49184,Samir de los Caños,Castilla y León,Zamora,158,,,0,
INE37310,municipality,37310,Sieteiglesias de Tormes,Castilla y León,Salamanca,193,,,0,
INE31090,municipality,31090,Eratsun,"Navarra, Comunidad Foral de",Navarra,155,,,0,
INE02070,municipality,02070,Salobre,Castilla-La Mancha,Albacete,442,http://www.salobre.es/,clm_directorio_entidades_locales,0,
INE10045,municipality,10045,Cañaveral,Extremadura,Cáceres,995,,,0,
INE50134,municipality,50134,Langa del Castillo,Aragón,Zaragoza,110,,,0,
INE09448,municipality,09448,Villangómez,Castilla y León,Burgos,229,http://www.villangomez.es/,wikidata_P856,1,
INE45070,municipality,45070,Guadamur,Castilla-La Mancha,Toledo,1796,http://www.guadamur.es/,clm_directorio_entidades_locales,0,
INE47179,municipality,47179,Valbuena de Duero,Castilla y León,Valladolid,385,,,0,
INE03135,municipality,03135,"Vall d'Ebo, la",Comunitat Valenciana,Alacant/Alicante,231,http://www.lavalldebo.org/,wikidata_P856,1,
INE37247,municipality,37247,Peñarandilla,Castilla y León,Salamanca,171,,,0,
INE22007,municipality,22007,Albalate de Cinca,Aragón,Huesca,1080,http://www.albalatedecinca.es/,wikidata_P856,1,
INE50007,municipality,50007,Aladrén,Aragón,Zaragoza,62,,,0,
INE50233,municipality,50233,Samper del Salz,Aragón,Zaragoza,79,http://www.samperdelsalz.com/,wikidata_P856,1,
INE40168,municipality,40168,Riaguas de San Bartolomé,Castilla y León,Segovia,28,http://www.riaguasdesanbartolome.es/,wikidata_P856,1,
INE09014,municipality,09014,"Altos, Los",Castilla y León,Burgos,177,http://www.losaltos.es/,wikidata_P856,1,
INE40008,municipality,40008,Aldealengua de Santa María,Castilla y León,Segovia,50,http://www.aldealenguadesantamaria.es/,wikidata_P856,1,
INE42156,municipality,42156,Reznos,Castilla y León,Soria,21,,,0,
INE32031,municipality,32031,Esgos,Galicia,Ourense,1103,http://www.concelloesgos.com/,wikidata_P856,1,
INE22014,municipality,22014,Alcalá de Gurrea,Aragón,Huesca,265,http://www.alcaladegurrea.es/,wikidata_P856,1,
INE49220,municipality,49220,"Torre del Valle, La",Castilla y León,Zamora,122,https://www.ayuntamientodelatorredelvalle.es/,wikidata_P856,1,
INE12140,municipality,12140,Viver,Comunitat Valenciana,Castelló/Castellón,1729,http://www.viver.es/,wikidata_P856,1,
INE49042,municipality,49042,Castronuevo,Castilla y León,Zamora,216,,,0,
INE49142,municipality,49142,Palacios del Pan,Castilla y León,Zamora,249,https://ayuntamientopalaciosdelpan.es/,wikidata_P856,1,
INE50150,municipality,50150,Lumpiaque,Aragón,Zaragoza,889,https://www.lumpiaque.es/,wikidata_P856,1,
INE37340,municipality,37340,Valsalabroso,Castilla y León,Salamanca,120,,,0,
INE22165,municipality,22165,Ontiñena,Aragón,Huesca,502,http://www.ontinena.es/,wikidata_P856,1,
INE06028,municipality,06028,Campanario,Extremadura,Badajoz,4702,http://www.campanario.es/,wikidata_P856,1,
INE40136,municipality,40136,Muñoveros,Castilla y León,Segovia,138,http://www.munoveros.es/,wikidata_P856,1,
INE26047,municipality,26047,Cervera del Río Alhama,"Rioja, La","Rioja, La",2237,http://www.cerveradelrioalhama.org/,wikidata_P856,1,
INE45009,municipality,45009,Aldeanueva de Barbarroya,Castilla-La Mancha,Toledo,456,http://www.aldeanuevadebarbarroya.org/,clm_directorio_entidades_locales,0,
INE21008,municipality,21008,Aroche,Andalucía,Huelva,2991,https://www.aytoaroche.es/,wikidata_P856,1,
INE09059,municipality,09059,Burgos,Castilla y León,Burgos,177402,https://www.aytoburgos.es/,wikidata_P856,1,
INE16185,municipality,16185,Saceda-Trasierra,Castilla-La Mancha,Cuenca,33,,,0,
INE44168,municipality,44168,Odón,Aragón,Teruel,191,http://www.odon.es/,wikidata_P856,1,
INE09172,municipality,09172,Huérmeces,Castilla y León,Burgos,159,http://www.huermeces.es/,wikidata_P856,1,
INE13025,municipality,13025,Cabezarados,Castilla-La Mancha,Ciudad Real,279,http://www.cabezarados.es/,clm_directorio_entidades_locales,0,
INE34080,municipality,34080,Guardo,Castilla y León,Palencia,5502,http://www.guardo.org/,wikidata_P856,1,
INE40120,municipality,40120,Martín Muñoz de la Dehesa,Castilla y León,Segovia,309,http://www.martinmunozdeladehesa.es/,wikidata_P856,1,
INE49032,municipality,49032,Calzadilla de Tera,Castilla y León,Zamora,278,http://www.calzadilladetera.com/,wikidata_P856,1,
INE16101,municipality,16101,"Hito, El",Castilla-La Mancha,Cuenca,118,,,0,
INE20023,municipality,20023,Berrobi,País Vasco,Gipuzkoa,551,http://www.berrobi.eus/,wikidata_P856,1,
INE24004,municipality,24004,Almanza,Castilla y León,León,570,http://www.aytoalmanza.es/,wikidata_P856,1,
INE19218,municipality,19218,Pinilla de Jadraque,Castilla-La Mancha,Guadalajara,47,,,0,
INE18028,municipality,18028,Benalúa de las Villas,Andalucía,Granada,1028,http://www.benaluadelasvillas.es/,wikidata_P856,1,
INE22094,municipality,22094,Chalamera,Aragón,Huesca,120,http://www.chalamera.es/,wikidata_P856,1,
INE22003,municipality,22003,Adahuesca,Aragón,Huesca,196,http://www.adahuesca.es/,wikidata_P856,1,
INE42019,municipality,42019,Almarza,Castilla y León,Soria,601,http://www.almarza.es/,wikidata_P856,1,
INE25004,municipality,25004,"Alamús, Els",Cataluña,Lleida,835,http://alamus.ddl.net/,wikidata_P856,1,
INE50162,municipality,50162,Mara,Aragón,Zaragoza,161,https://www.aytomara.es/,wikidata_P856,1,
INE06079,municipality,06079,Manchita,Extremadura,Badajoz,741,http://www.manchita.es/,wikidata_P856,1,
INE31901,municipality,31901,Barañáin/Barañain,"Navarra, Comunidad Foral de",Navarra,19642,http://www.baranain.com/,wikidata_P856,1,
INE24079,municipality,24079,Gradefes,Castilla y León,León,882,http://www.aytogradefes.com/,wikidata_P856,1,
INE44089,municipality,44089,Cubla,Aragón,Teruel,56,,,0,
INE32067,municipality,32067,Rairiz de Veiga,Galicia,Ourense,1154,https://rairizdeveiga.es/,wikidata_P856,1,
INE40094,municipality,40094,Garcillán,Castilla y León,Segovia,513,http://www.garcillan.com/,wikidata_P856,1,
INE49109,municipality,49109,Manganeses de la Polvorosa,Castilla y León,Zamora,637,http://www.manganesesdelapolvorosa.com/,wikidata_P856,1,
INE05181,municipality,05181,Pascualcobo,Castilla y León,Ávila,38,http://www.pascualcobo.es/,wikidata_P856,1,
INE06027,municipality,06027,Calzadilla de los Barros,Extremadura,Badajoz,679,http://www.calzadilladelosbarros.es/,wikidata_P856,1,
INE47147,municipality,47147,San Pablo de la Moraleja,Castilla y León,Valladolid,113,,,0,
INE37366,municipality,37366,Villarmuerto,Castilla y León,Salamanca,38,,,0,
INE29006,municipality,29006,Algatocín,Andalucía,Málaga,816,http://www.algatocin.es/,wikidata_P856,1,
INE16150,municipality,16150,Paracuellos,Castilla-La Mancha,Cuenca,105,,,0,
INE47101,municipality,47101,Nava del Rey,Castilla y León,Valladolid,1924,http://www.ayto-navadelrey.com/,wikidata_P856,1,
INE44090,municipality,44090,Cucalón,Aragón,Teruel,77,,,0,
INE09422,municipality,09422,"Vid de Bureba, La",Castilla y León,Burgos,26,http://www.laviddebureba.es/,wikidata_P856,1,
INE05010,municipality,05010,"Aldehuela, La",Castilla y León,Ávila,141,http://www.aytolaaldehuela.com/,wikidata_P856,1,
INE34231,municipality,34231,Villarrabé,Castilla y León,Palencia,170,,,0,
INE49098,municipality,49098,Losacino,Castilla y León,Zamora,189,https://www.aytolosacino.com/,wikidata_P856,1,
INE25163,municipality,25163,"Coma i la Pedra, La",Cataluña,Lleida,277,http://www.comapedra.cat/,wikidata_P856,1,
INE10033,municipality,10033,Cabañas del Castillo,Extremadura,Cáceres,406,http://cabanasdelcastillo.es/,wikidata_P856,1,
INE18017,municipality,18017,Almuñécar,Andalucía,Granada,27544,http://www.almunecar.es/,wikidata_P856,1,
INE05175,municipality,05175,"Oso, El",Castilla y León,Ávila,125,http://www.elosoavila.org/,wikidata_P856,1,
INE13051,municipality,13051,Luciana,Castilla-La Mancha,Ciudad Real,350,http://luciana.es/,clm_directorio_entidades_locales,0,
INE37165,municipality,37165,Iruelos,Castilla y León,Salamanca,29,,,0,
INE23066,municipality,23066,Peal de Becerro,Andalucía,Jaén,5290,http://www.pealdebecerro.es/,wikidata_P856,1,
INE44017,municipality,44017,Aliaga,Aragón,Teruel,344,http://www.aliaga.es/,wikidata_P856,1,
INE40084,municipality,40084,Fuente el Olmo de Íscar,Castilla y León,Segovia,51,http://www.fuenteelolmodeiscar.es/,wikidata_P856,1,
INE21052,municipality,21052,Nerva,Andalucía,Huelva,5087,http://www.nerva.es/,wikidata_P856,1,
INE40234,municipality,40234,Zarzuela del Pinar,Castilla y León,Segovia,408,http://www.zarzueladelpinar.es/,wikidata_P856,1,
INE24168,municipality,24168,Toral de los Guzmanes,Castilla y León,León,486,http://www.toraldelosguzmanes.com/,wikidata_P856,1,
INE24151,municipality,24151,Santa Colomba de Curueño,Castilla y León,León,502,http://www.aytosantacolombadecurueno.es/,wikidata_P856,1,
INE18126,municipality,18126,"Malahá, La",Andalucía,Granada,1928,http://www.lamalaha.com/,wikidata_P856,1,
INE02085,municipality,02085,Viveros,Castilla-La Mancha,Albacete,293,http://www.viveros.es/,clm_directorio_entidades_locales,0,
INE37101,municipality,37101,Cerralbo,Castilla y León,Salamanca,105,,,0,
INE49209,municipality,49209,San Vitero,Castilla y León,Zamora,419,,,0,
INE26026,municipality,26026,Baños de Río Tobía,"Rioja, La","Rioja, La",1589,http://www.ayunbrt.es/,wikidata_P856,1,
INE49145,municipality,49145,Pedralba de la Pradería,Castilla y León,Zamora,198,,,0,
INE37178,municipality,37178,Malpartida,Castilla y León,Salamanca,74,http://www.aytomalpartida.es/,wikidata_P856,1,
INE04003,municipality,04003,Adra,Andalucía,Almería,25501,http://www.adra.es/,wikidata_P856,1,
INE08014,municipality,08014,Aiguafreda,Cataluña,Barcelona,2569,https://www.aiguafreda.cat/,wikidata_P856,1,
INE09273,municipality,09273,Prádanos de Bureba,Castilla y León,Burgos,54,http://www.pradanosdebureba.es/,wikidata_P856,1,
INE20052,municipality,20052,Legorreta,País Vasco,Gipuzkoa,1457,https://www.legorreta.eus/,wikidata_P856,1,
INE47133,municipality,47133,Renedo de Esgueva,Castilla y León,Valladolid,3993,,,0,
INE15086,municipality,15086,Trazo,Galicia,"Coruña, A",2986,http://www.concellodetrazo.es/,wikidata_P856,1,
INE13036,municipality,13036,"Cortijos, Los",Castilla-La Mancha,Ciudad Real,848,http://www.loscortijos.com/,clm_directorio_entidades_locales,0,
INE31168,municipality,31168,Metauten,"Navarra, Comunidad Foral de",Navarra,263,http://www.metauten.es/,wikidata_P856,1,
INE10002,municipality,10002,Abertura,Extremadura,Cáceres,362,,,0,
INE37112,municipality,37112,Cristóbal,Castilla y León,Salamanca,158,http://www.aytocristobal.com/,wikidata_P856,1,
INE16121,municipality,16121,"Majadas, Las",Castilla-La Mancha,Cuenca,214,http://www.lasmajadas.org/,wikidata_P856,1,
INE08016,municipality,08016,Bagà,Cataluña,Barcelona,2161,http://www.viladebaga.org/,wikidata_P856,1,
INE29052,municipality,29052,Faraján,Andalucía,Málaga,285,http://www.farajan.com/,wikidata_P856,1,
INE44114,municipality,44114,Fuentespalda,Aragón,Teruel,305,http://www.fuentespalda.com/,wikidata_P856,1,
INE40135,municipality,40135,Muñopedro,Castilla y León,Segovia,298,http://www.munopedro.es/,wikidata_P856,1,
INE12118,municipality,12118,Torrechiva,Comunitat Valenciana,Castelló/Castellón,106,http://www.torrechiva.es/,wikidata_P856,1,
INE06098,municipality,06098,Palomas,Extremadura,Badajoz,651,http://www.palomas.es/,wikidata_P856,1,
INE16251,municipality,16251,Villanueva de la Jara,Castilla-La Mancha,Cuenca,2396,http://www.villanuevadelajara.es/,clm_directorio_entidades_locales,0,
INE44174,municipality,44174,Orihuela del Tremedal,Aragón,Teruel,450,http://www.orihueladeltremedal.es/,wikidata_P856,1,
INE24023,municipality,24023,Brazuelo,Castilla y León,León,304,http://www.ayuntamientodebrazuelo.com/,wikidata_P856,1,
INE22128,municipality,22128,Ilche,Aragón,Huesca,183,http://www.ilche.es/,wikidata_P856,1,
INE13037,municipality,13037,Cózar,Castilla-La Mancha,Ciudad Real,903,http://www.cozar.es/,clm_directorio_entidades_locales,0,
INE24167,municipality,24167,Soto y Amío,Castilla y León,León,706,http://www.aytosotoyamio.es/,wikidata_P856,1,
INE44225,municipality,44225,Torre del Compte,Aragón,Teruel,120,http://www.torredelcompte.es/,wikidata_P856,1,
INE40035,municipality,40035,Cabañas de Polendos,Castilla y León,Segovia,202,http://www.cabanasdepolendos.es/,wikidata_P856,1,
INE05239,municipality,05239,Sotalbo,Castilla y León,Ávila,234,http://www.sotalbo.es/,wikidata_P856,1,
INE22018,municipality,22018,Alcubierre,Aragón,Huesca,401,https://www.alcubierre.es/,wikidata_P856,1,
INE25231,municipality,25231,Torrelameu,Cataluña,Lleida,788,https://torrelameu.cat/,wikidata_P856,1,
INE28069,municipality,28069,"Hiruela, La","Madrid, Comunidad de",Madrid,88,https://ayuntamientolahiruela.es/,wikidata_P856,1,
INE42055,municipality,42055,Casarejos,Castilla y León,Soria,145,,,0,
INE22059,municipality,22059,Biescas,Aragón,Huesca,1640,http://www.biescas.es/,wikidata_P856,1,
INE49260,municipality,49260,Villanueva del Campo,Castilla y León,Zamora,736,http://villanuevadelcampo.org/,wikidata_P856,1,
INE40020,municipality,40020,Arcones,Castilla y León,Segovia,179,http://www.arcones.es/,wikidata_P856,1,
INE26087,municipality,26087,Leiva,"Rioja, La","Rioja, La",235,https://aytoleiva.larioja.org/,wikidata_P856,1,
INE46095,municipality,46095,Caudete de las Fuentes,Comunitat Valenciana,València/Valencia,725,http://www.caudetedelasfuentes.es/,wikidata_P856,1,
INE27043,municipality,27043,"Páramo, O",Galicia,Lugo,1265,http://www.concellodeparamo.es/,wikidata_P856,1,
INE05904,municipality,05904,Santiago del Tormes,Castilla y León,Ávila,104,http://www.santiagodeltormes.es/,wikidata_P856,1,
INE04020,municipality,04020,Bayárcal,Andalucía,Almería,294,http://www.bayarcal.es/,wikidata_P856,1,
INE26153,municipality,26153,Torre en Cameros,"Rioja, La","Rioja, La",8,,,0,
INE09449,municipality,09449,Villanueva de Argaño,Castilla y León,Burgos,117,http://www.xn--villanuevadeargao-uxb.es/,wikidata_P856,1,
INE34076,municipality,34076,Fuentes de Nava,Castilla y León,Palencia,581,http://www.fuentesdenava.es/,wikidata_P856,1,
INE19201,municipality,19201,Olmeda de Cobeta,Castilla-La Mancha,Guadalajara,56,,,0,
INE47117,municipality,47117,Piña de Esgueva,Castilla y León,Valladolid,313,http://www.pinaesgueva.com/,wikidata_P856,1,
INE06086,municipality,06086,Montemolín,Extremadura,Badajoz,1231,http://www.montemolin.es/,wikidata_P856,1,
INE05246,municipality,05246,Tórtoles,Castilla y León,Ávila,37,,,0,
INE05263,municipality,05263,Villatoro,Castilla y León,Ávila,150,http://www.villatoro.es/,wikidata_P856,1,
INE16008,municipality,16008,Alcalá de la Vega,Castilla-La Mancha,Cuenca,80,,,0,
INE28120,municipality,28120,Rascafría,"Madrid, Comunidad de",Madrid,1704,http://www.rascafria.org/,wikidata_P856,1,
INE42023,municipality,42023,Alpanseque,Castilla y León,Soria,52,http://www.alpanseque.es/,wikidata_P856,1,
INE19296,municipality,19296,Utande,Castilla-La Mancha,Guadalajara,31,,,0,
INE19204,municipality,19204,Orea,Castilla-La Mancha,Guadalajara,191,http://www.orea.es/,clm_directorio_entidades_locales,0,
INE46088,municipality,46088,Casas Bajas,Comunitat Valenciana,València/Valencia,158,http://www.casasbajas.es/,wikidata_P856,1,
INE46108,municipality,46108,Chera,Comunitat Valenciana,València/Valencia,508,http://www.chera.es/,wikidata_P856,1,
INE24193,municipality,24193,"Vecilla, La",Castilla y León,León,383,http://www.aytolavecilla.es/,wikidata_P856,1,
INE26113,municipality,26113,Pazuengos,"Rioja, La","Rioja, La",24,,,0,
INE09408,municipality,09408,Vallarta de Bureba,Castilla y León,Burgos,41,http://www.vallartadebureba.es/,wikidata_P856,1,
INE22902,municipality,22902,Puente la Reina de Jaca,Aragón,Huesca,248,http://www.puentelareinadejaca.es/,wikidata_P856,1,
INE49014,municipality,49014,Arquillinos,Castilla y León,Zamora,105,,,0,
INE09167,municipality,09167,Hornillos del Camino,Castilla y León,Burgos,44,http://www.hornillosdelcamino.es/,wikidata_P856,1,
INE49056,municipality,49056,Cubillos,Castilla y León,Zamora,294,,,0,
INE05083,municipality,05083,Gemuño,Castilla y León,Ávila,147,http://gemuno.orgfree.com/,wikidata_P856,1,
INE09317,municipality,09317,Rezmondo,Castilla y León,Burgos,18,http://www.rezmondo.es/,wikidata_P856,2,
INE20019,municipality,20019,Beasain,País Vasco,Gipuzkoa,14048,https://www.beasain.eus/,wikidata_P856,1,
INE37264,municipality,37264,Puerto Seguro,Castilla y León,Salamanca,52,http://www.puertoseguro.org/,wikidata_P856,1,
INE27047,municipality,27047,"Pobra do Brollón, A",Galicia,Lugo,1610,http://concelloapobradobrollon.es/,wikidata_P856,1,
INE05022,municipality,05022,"Barraco, El",Castilla y León,Ávila,2086,http://www.elbarraco.org/,wikidata_P856,1,
INE09044,municipality,09044,Barrios de Colina,Castilla y León,Burgos,55,http://www.barriosdecolina.com/,wikidata_P856,1,
INE05169,municipality,05169,Navatalgordo,Castilla y León,Ávila,230,http://www.navatalgordo.com/,wikidata_P856,1,
INE40097,municipality,40097,Grajera,Castilla y León,Segovia,252,http://ayuntamientograjera.com/,wikidata_P856,1,
INE22086,municipality,22086,Castiello de Jaca,Aragón,Huesca,280,http://www.castiellodejaca.es/,wikidata_P856,1,
INE46034,municipality,46034,Almoines,Comunitat Valenciana,València/Valencia,2664,http://www.almoines.es/,wikidata_P856,1,
INE17124,municipality,17124,Pals,Cataluña,Girona,2534,http://www.pals.cat/,wikidata_P856,1,
INE37302,municipality,37302,Saucelle,Castilla y León,Salamanca,242,http://www.saucelle.es/,wikidata_P856,1,
INE37235,municipality,37235,Pedraza de Alba,Castilla y León,Salamanca,214,,,0,
INE50254,municipality,50254,Tierga,Aragón,Zaragoza,170,,,0,
INE23082,municipality,23082,Siles,Andalucía,Jaén,2067,http://www.siles.es/,wikidata_P856,1,
INE22117,municipality,22117,Graus,Aragón,Huesca,3400,http://www.graus.es/,wikidata_P856,1,
INE21059,municipality,21059,Puerto Moral,Andalucía,Huelva,276,http://www.puertomoral.es/,wikidata_P856,1,
INE15051,municipality,15051,Mugardos,Galicia,"Coruña, A",5203,https://mugardos.gal/,wikidata_P856,1,
INE34167,municipality,34167,Santa Cecilia del Alcor,Castilla y León,Palencia,91,,,0,
INE49115,municipality,49115,Mayalde,Castilla y León,Zamora,140,,,0,
INE15065,municipality,15065,Padrón,Galicia,"Coruña, A",8334,http://www.padron.gal/,wikidata_P856,1,
INE26170,municipality,26170,"Villar de Arnedo, El","Rioja, La","Rioja, La",645,http://www.elvillardearnedo.org/,wikidata_P856,1,
INE20017,municipality,20017,Azkoitia,País Vasco,Gipuzkoa,11774,http://www.azkoitia.eus/,wikidata_P856,1,
INE34156,municipality,34156,Riberos de la Cueza,Castilla y León,Palencia,52,,,0,
INE50275,municipality,50275,Valmadrid,Aragón,Zaragoza,112,,,0,
INE42052,municipality,42052,Caracena,Castilla y León,Soria,13,http://www.caracena.es/,wikidata_P856,1,
INE44180,municipality,44180,Peracense,Aragón,Teruel,68,http://www.peracense.es/,wikidata_P856,1,
INE16253,municipality,16253,Villar de Cañas,Castilla-La Mancha,Cuenca,389,http://www.villardecanas.es/,clm_directorio_entidades_locales,0,
INE19091,municipality,19091,Cogollor,Castilla-La Mancha,Guadalajara,19,,,0,
INE50119,municipality,50119,Gelsa,Aragón,Zaragoza,996,http://gelsa.es/,wikidata_P856,1,
INE09297,municipality,09297,"Quintanillas, Las",Castilla y León,Burgos,386,http://www.lasquintanillas.es/,wikidata_P856,1,
INE19008,municipality,19008,Albendiego,Castilla-La Mancha,Guadalajara,50,http://www.ayuntamiento.es/albendiego,clm_directorio_entidades_locales,0,
INE10185,municipality,10185,Torrecilla de los Ángeles,Extremadura,Cáceres,642,,,0,
INE44070,municipality,44070,"Castellar, El",Aragón,Teruel,54,,,0,
INE13060,municipality,13060,Navas de Estena,Castilla-La Mancha,Ciudad Real,269,http://www.navasdeestena.org/,clm_directorio_entidades_locales,0,
INE49030,municipality,49030,Bustillo del Oro,Castilla y León,Zamora,75,https://bustillodeloro.sedelectronica.es/,wikidata_P856,1,
INE05198,municipality,05198,Salvadiós,Castilla y León,Ávila,67,http://www.salvadios.es/,wikidata_P856,1,
INE08114,municipality,08114,Martorell,Cataluña,Barcelona,29175,http://www.martorell.cat/,wikidata_P856,1,
INE47111,municipality,47111,"Pedraja de Portillo, La",Castilla y León,Valladolid,1186,https://lapedrajadeportillo.ayuntamientosdevalladolid.es/,wikidata_P856,1,
INE16202,municipality,16202,Talayuelas,Castilla-La Mancha,Cuenca,873,,,0,
INE34147,municipality,34147,Renedo de la Vega,Castilla y León,Palencia,193,,,0,
INE06013,municipality,06013,Atalaya,Extremadura,Badajoz,258,http://www.atalaya.es/,wikidata_P856,1,
INE09466,municipality,09466,Villaverde del Monte,Castilla y León,Burgos,112,,,0,
INE46024,municipality,46024,Alfara de la Baronia,Comunitat Valenciana,València/Valencia,624,http://www.alfaradelabaronia.es/,wikidata_P856,1,
INE05176,municipality,05176,Padiernos,Castilla y León,Ávila,277,http://www.padiernos.net/,wikidata_P856,1,
INE10057,municipality,10057,Casas de Miravete,Extremadura,Cáceres,106,http://www.casasdemiravete.es/,wikidata_P856,1,
INE28146,municipality,28146,Tielmes,"Madrid, Comunidad de",Madrid,2964,https://www.tielmes.es/,wikidata_P856,1,
INE44165,municipality,44165,Nogueruelas,Aragón,Teruel,188,http://www.nogueruelas.es/,wikidata_P856,1,
INE16165,municipality,16165,Poyatos,Castilla-La Mancha,Cuenca,70,,,0,
INE37346,municipality,37346,"Veguillas, Las",Castilla y León,Salamanca,275,http://lasveguillas.es/,wikidata_P856,1,
INE44061,municipality,44061,"Cañada de Verich, La",Aragón,Teruel,72,http://www.la-canada-de-verich.es/,wikidata_P856,1,
INE18074,municipality,18074,Ferreira,Andalucía,Granada,297,https://ferreira.es/,wikidata_P856,1,
INE15077,municipality,15077,Santa Comba,Galicia,"Coruña, A",9442,http://www.santacomba.es/,wikidata_P856,1,
INE16263,municipality,16263,Villar de Olalla,Castilla-La Mancha,Cuenca,1575,http://www.villardeolalla.com/,clm_directorio_entidades_locales,0,
INE19095,municipality,19095,Condemios de Abajo,Castilla-La Mancha,Guadalajara,14,,,0,
INE47151,municipality,47151,San Salvador,Castilla y León,Valladolid,20,,,0,
INE08229,municipality,08229,Sant Mateu de Bages,Cataluña,Barcelona,641,https://www.santmateudebages.cat/,wikidata_P856,1,
INE22024,municipality,22024,Alquézar,Aragón,Huesca,328,http://www.alquezar.org/,wikidata_P856,1,
INE40152,municipality,40152,Otero de Herreros,Castilla y León,Segovia,987,http://www.oterodeherreros.es/,wikidata_P856,1,
INE26173,municipality,26173,Villarroya,"Rioja, La","Rioja, La",9,,,0,
INE42128,municipality,42128,Narros,Castilla y León,Soria,68,,,0,
INE19186,municipality,19186,Mirabueno,Castilla-La Mancha,Guadalajara,86,,,0,
INE31116,municipality,31116,Genevilla,"Navarra, Comunidad Foral de",Navarra,69,,,0,
INE19239,municipality,19239,Robledillo de Mohernando,Castilla-La Mancha,Guadalajara,200,https://www.robledillodemohernando.com/,wikidata_P856,1,
INE06094,municipality,06094,Oliva de Mérida,Extremadura,Badajoz,1660,http://www.olivademerida.es/,wikidata_P856,1,
INE09447,municipality,09447,Villamiel de la Sierra,Castilla y León,Burgos,43,,,0,
INE50092,municipality,50092,Chiprana,Aragón,Zaragoza,496,http://www.chiprana.es/index.php,wikidata_P856,1,
INE32035,municipality,32035,"Irixo, O",Galicia,Ourense,1340,,,0,
INE09090,municipality,09090,Castrillo Mota de Judíos,Castilla y León,Burgos,48,http://www.castrillomotadejudios.eu/,wikidata_P856,1,
INE31063,municipality,31063,Cabredo,"Navarra, Comunidad Foral de",Navarra,73,http://www.cabredo.es/,wikidata_P856,1,
INE09288,municipality,09288,Quintanapalla,Castilla y León,Burgos,123,http://www.quintanapalla.es/,wikidata_P856,1,
INE10054,municipality,10054,Casas del Castañar,Extremadura,Cáceres,583,,,0,
INE46203,municipality,46203,"Pobla Llarga, la",Comunitat Valenciana,València/Valencia,4665,http://www.lapoblallarga.es/,wikidata_P856,1,
INE29014,municipality,29014,Alpandeire,Andalucía,Málaga,242,http://www.alpandeire.com/,wikidata_P856,1,
INE05097,municipality,05097,"Horcajada, La",Castilla y León,Ávila,434,http://www.lahorcajada.org/,wikidata_P856,1,
INE34236,municipality,34236,Villaturde,Castilla y León,Palencia,148,,,0,
INE37237,municipality,37237,Pedrosillo de los Aires,Castilla y León,Salamanca,312,,,0,
INE05161,municipality,05161,Navalperal de Pinares,Castilla y León,Ávila,840,http://www.navalperal.com/,wikidata_P856,1,
INE19061,municipality,19061,Campisábalos,Castilla-La Mancha,Guadalajara,72,https://ayuntamiento.es/campisabalos/,clm_directorio_entidades_locales,0,
INE04066,municipality,04066,Níjar,Andalucía,Almería,33319,http://www.nijar.es/,wikidata_P856,1,
INE14050,municipality,14050,Pedro Abad,Andalucía,Córdoba,2794,https://www.ayunpedroabad.es/,wikidata_P856,1,
INE39048,municipality,39048,Penagos,Cantabria,Cantabria,2253,https://www.aytopenagos.com/,wikidata_P856,1,
INE22064,municipality,22064,Blecua y Torres,Aragón,Huesca,175,http://www.blecuaytorres.es/,wikidata_P856,1,
INE25070,municipality,25070,Castellserà,Cataluña,Lleida,993,http://www.castellsera.cat/,wikidata_P856,1,
INE50178,municipality,50178,Moros,Aragón,Zaragoza,274,,,0,
INE25158,municipality,25158,"Palau d'Anglesola, El",Cataluña,Lleida,2232,http://www.elpalaudanglesola.com/,wikidata_P856,1,
INE37193,municipality,37193,Miranda del Castañar,Castilla y León,Salamanca,361,,,0,
INE12055,municipality,12055,Xodos/Chodos,Comunitat Valenciana,Castelló/Castellón,107,http://www.xodos.es/ca,wikidata_P856,1,
INE16162,municipality,16162,Portalrubio de Guadamejud,Castilla-La Mancha,Cuenca,35,https://portalrubiodeguademejud.sedelectronica.es/,clm_directorio_entidades_locales,0,
INE09199,municipality,09199,Mambrilla de Castrejón,Castilla y León,Burgos,105,http://www.mambrilladecastrejon.es/,wikidata_P856,1,
INE37208,municipality,37208,Moronta,Castilla y León,Salamanca,73,,,0,
INE07007,municipality,07007,Banyalbufar,"Balears, Illes",Illes Balears,573,http://www.ajbanyalbufar.net/,wikidata_P856,1,
INE37034,municipality,37034,"Arco, El",Castilla y León,Salamanca,85,,,0,
INE44131,municipality,44131,Josa,Aragón,Teruel,34,,,0,
INE12126,municipality,12126,"Vall d'Uixó, la",Comunitat Valenciana,Castelló/Castellón,32242,http://www.lavallduixo.es/,wikidata_P856,1,
INE24010,municipality,24010,"Bañeza, La",Castilla y León,León,10195,http://www.aytobaneza.es/,wikidata_P856,1,
INE49203,municipality,49203,Santa María de la Vega,Castilla y León,Zamora,259,http://aytosantamariadelavega.es/es/index.html,wikidata_P856,1,
INE09016,municipality,09016,Ameyugo,Castilla y León,Burgos,107,http://www.ameyugo.es/,wikidata_P856,1,
INE27066,municipality,27066,Viveiro,Galicia,Lugo,15120,http://www.viveiro.es/,wikidata_P856,1,
INE50028,municipality,50028,Anento,Aragón,Zaragoza,117,http://www.anento.es/,wikidata_P856,1,
INE05033,municipality,05033,Blascomillán,Castilla y León,Ávila,169,http://www.blascomillan.es/,wikidata_P856,1,
INE44148,municipality,44148,Mezquita de Jarque,Aragón,Teruel,83,http://www.mezquitadejarque.com/,wikidata_P856,1,
INE03071,municipality,03071,Gata de Gorgos,Comunitat Valenciana,Alacant/Alicante,6773,http://www.gatadegorgos.org/,wikidata_P856,1,
INE09381,municipality,09381,Tinieblas de la Sierra,Castilla y León,Burgos,20,http://www.tinieblasdelasierra.es/,wikidata_P856,1,
INE37188,municipality,37188,"Maya, La",Castilla y León,Salamanca,163,http://aytolamaya.com/,wikidata_P856,1,
INE12124,municipality,12124,Vall d'Alba,Comunitat Valenciana,Castelló/Castellón,3218,http://www.valldalba.es/,wikidata_P856,1,
INE50269,municipality,50269,Urrea de Jalón,Aragón,Zaragoza,434,http://urreadejalon.blogspot.com/,wikidata_P856,1,
INE37313,municipality,37313,Sotoserrano,Castilla y León,Salamanca,498,http://www.sotoserrano.es/,wikidata_P856,1,
INE44263,municipality,44263,Villastar,Aragón,Teruel,566,,,0,
INE19901,municipality,19901,Semillas,Castilla-La Mancha,Guadalajara,25,,,0,
INE31162,municipality,31162,Marañón,"Navarra, Comunidad Foral de",Navarra,50,,,0,
INE24207,municipality,24207,Villademor de la Vega,Castilla y León,León,289,http://www.aytovillademordelavega.es/,wikidata_P856,1,
INE42057,municipality,42057,Castilruiz,Castilla y León,Soria,170,http://www.castilruiz.es/,wikidata_P856,1,
INE12089,municipality,12089,Peníscola/Peñíscola,Comunitat Valenciana,Castelló/Castellón,8774,http://www.peniscola.org/,wikidata_P856,2,
INE28075,municipality,28075,Loeches,"Madrid, Comunidad de",Madrid,9261,https://loeches.es/,wikidata_P856,1,
INE12102,municipality,12102,Santa Magdalena de Pulpis,Comunitat Valenciana,Castelló/Castellón,771,http://www.santamagdalena.es/,wikidata_P856,1,
INE19247,municipality,19247,Salmerón,Castilla-La Mancha,Guadalajara,147,,,0,
INE16102,municipality,16102,Honrubia,Castilla-La Mancha,Cuenca,1529,http://www.honrubia.es/,clm_directorio_entidades_locales,0,
INE02059,municipality,02059,Peñascosa,Castilla-La Mancha,Albacete,329,http://www.peñascosa.es/,clm_directorio_entidades_locales,0,
INE19277,municipality,19277,Torrecuadrada de Molina,Castilla-La Mancha,Guadalajara,20,,,0,
INE09302,municipality,09302,Rabanera del Pinar,Castilla y León,Burgos,94,http://www.rabaneradelpinar.com/,wikidata_P856,1,
INE37212,municipality,37212,Navacarros,Castilla y León,Salamanca,141,,,0,
INE10014,municipality,10014,Aldeanueva de la Vera,Extremadura,Cáceres,1966,http://www.aldeanuevadelavera.es/,wikidata_P856,1,
INE28025,municipality,28025,Brea de Tajo,"Madrid, Comunidad de",Madrid,577,https://breadetajo.es/,wikidata_P856,1,
INE21025,municipality,21025,Cortegana,Andalucía,Huelva,4617,http://www.cortegana.es/,wikidata_P856,1,
INE15019,municipality,15019,Carballo,Galicia,"Coruña, A",32120,http://www.carballo.gal/,wikidata_P856,1,
INE06097,municipality,06097,Orellana la Vieja,Extremadura,Badajoz,2580,http://www.orellanalavieja.es/,wikidata_P856,1,
INE49036,municipality,49036,Carbajales de Alba,Castilla y León,Zamora,463,http://www.carbajales.com/,wikidata_P856,1,
INE26094,municipality,26094,Manzanares de Rioja,"Rioja, La","Rioja, La",68,,,0,
INE46209,municipality,46209,Rafelguaraf,Comunitat Valenciana,València/Valencia,2395,http://www.rafelguaraf.es/,wikidata_P856,1,
INE16072,municipality,16072,Castillo de Garcimuñoz,Castilla-La Mancha,Cuenca,129,http://castillogarcimunoz.es/,clm_directorio_entidades_locales,0,
INE02053,municipality,02053,Munera,Castilla-La Mancha,Albacete,3351,http://www.munera.es/,clm_directorio_entidades_locales,0,
INE24137,municipality,24137,Sabero,Castilla y León,León,1020,http://www.aytosabero.es/,wikidata_P856,1,
INE44236,municipality,44236,Tronchón,Aragón,Teruel,56,http://www.tronchon.es/,wikidata_P856,1,
INE13048,municipality,13048,Hinojosas de Calatrava,Castilla-La Mancha,Ciudad Real,506,http://www.dipucr.es/hinojosasdecva/hinojosasdecva.htm,wikidata_P856,1,
INE42192,municipality,42192,Valdegeña,Castilla y León,Soria,36,http://www.valdegena.es/,wikidata_P856,1,
INE31080,municipality,31080,Dicastillo,"Navarra, Comunidad Foral de",Navarra,562,,,0,
INE10003,municipality,10003,Acebo,Extremadura,Cáceres,567,http://www.acebo.es/,wikidata_P856,1,
INE37017,municipality,37017,Aldeanueva de Figueroa,Castilla y León,Salamanca,238,,,0,
INE47183,municipality,47183,Valdunquillo,Castilla y León,Valladolid,111,http://www.valdunquillo.es.vg/,wikidata_P856,1,
INE12060,municipality,12060,Figueroles,Comunitat Valenciana,Castelló/Castellón,525,http://www.figueroles.es/,wikidata_P856,1,
INE31061,municipality,31061,"Busto, El","Navarra, Comunidad Foral de",Navarra,55,,,0,
INE19057,municipality,19057,Bustares,Castilla-La Mancha,Guadalajara,62,,,0,
INE37020,municipality,37020,Aldearrubia,Castilla y León,Salamanca,518,http://www.aldearrubia.es/,wikidata_P856,1,
INE47076,municipality,47076,Laguna de Duero,Castilla y León,Valladolid,22965,http://www.lagunadeduero.org/,wikidata_P856,1,
INE26017,municipality,26017,Arnedillo,"Rioja, La","Rioja, La",433,http://www.arnedillo.org/,wikidata_P856,1,
INE25224,municipality,25224,"Torms, Els",Cataluña,Lleida,135,https://www.elstorms.cat/,wikidata_P856,1,
INE40036,municipality,40036,Cabezuela,Castilla y León,Segovia,655,https://www.cabezuela.es/,wikidata_P856,1,
INE42166,municipality,42166,Santa Cruz de Yanguas,Castilla y León,Soria,56,,,0,
INE10089,municipality,10089,Guijo de Galisteo,Extremadura,Cáceres,1460,http://www.guijodegalisteo.es/,wikidata_P856,1,
INE24006,municipality,24006,Ardón,Castilla y León,León,533,http://www.aytoardon.es/,wikidata_P856,1,
INE32091,municipality,32091,Vilardevós,Galicia,Ourense,1616,https://www.vilardevos.gal/,wikidata_P856,1,
INE06043,municipality,06043,Don Álvaro,Extremadura,Badajoz,841,http://www.donalvaro.es/,wikidata_P856,1,
INE43056,municipality,43056,"Fatarella, La",Cataluña,Tarragona,840,https://www.lafatarella.cat/,wikidata_P856,1,
INE42058,municipality,42058,Castillejo de Robledo,Castilla y León,Soria,100,http://www.castillejoderobledo.es/,wikidata_P856,1,
INE19240,municipality,19240,Robledo de Corpes,Castilla-La Mancha,Guadalajara,39,,,0,
INE44117,municipality,44117,Gea de Albarracín,Aragón,Teruel,459,https://www.geadealbarracin.org/,wikidata_P856,1,
INE10109,municipality,10109,Logrosán,Extremadura,Cáceres,1852,http://www.logrosan.org/,wikidata_P856,1,
INE19045,municipality,19045,Auñón,Castilla-La Mancha,Guadalajara,156,https://aunon.sedelectronica.es/,clm_directorio_entidades_locales,0,
INE46060,municipality,46060,Benifaió,Comunitat Valenciana,València/Valencia,12262,http://www.benifaio.es/,wikidata_P856,1,
INE18022,municipality,18022,Atarfe,Andalucía,Granada,20914,http://www.atarfe.es/,wikidata_P856,1,
INE19009,municipality,19009,Alcocer,Castilla-La Mancha,Guadalajara,319,http://www.alcocer.es/,wikidata_P856,1,
INE27024,municipality,27024,"Incio, O",Galicia,Lugo,1513,http://www.concellooincio.es/,wikidata_P856,1,
INE25064,municipality,25064,Castellar de la Ribera,Cataluña,Lleida,131,http://castellarribera.ddl.net/,wikidata_P856,1,
INE12022,municipality,12022,Bejís,Comunitat Valenciana,Castelló/Castellón,400,http://www.bejis.es/,wikidata_P856,1,
INE36048,municipality,36048,"Rosal, O",Galicia,Pontevedra,6548,https://orosal.gal/,wikidata_P856,1,
INE47035,municipality,47035,Carpio,Castilla y León,Valladolid,923,http://www.carpio.ayuntamientosdevalladolid.es/,wikidata_P856,1,
INE50241,municipality,50241,Sabiñán,Aragón,Zaragoza,697,http://www.sabinius.org/,wikidata_P856,1,
INE27037,municipality,27037,"Nogais, As",Galicia,Lugo,914,http://www.concelloasnogais.es/,wikidata_P856,1,
INE40221,municipality,40221,Valleruela de Sepúlveda,Castilla y León,Segovia,48,http://www.vallerueladesepulveda.es/,wikidata_P856,1,
INE45061,municipality,45061,Escalona,Castilla-La Mancha,Toledo,3987,https://ayto-escalona.com/,clm_directorio_entidades_locales,0,
INE47157,municipality,47157,Sardón de Duero,Castilla y León,Valladolid,600,http://www.sardondeduero.es/,wikidata_P856,1,
INE40034,municipality,40034,Caballar,Castilla y León,Segovia,78,https://www.caballar.es/,wikidata_P856,1,
INE28048,municipality,28048,Corpa,"Madrid, Comunidad de",Madrid,832,https://www.ayuntamientocorpa.es/,wikidata_P856,1,
INE19269,municipality,19269,"Toba, La",Castilla-La Mancha,Guadalajara,70,http://www.latoba-guadalajara.es/,clm_directorio_entidades_locales,0,
INE49125,municipality,49125,Moraleja del Vino,Castilla y León,Zamora,1796,http://www.aytomoraleja.es/,wikidata_P856,1,
INE49256,municipality,49256,Villanázar,Castilla y León,Zamora,256,http://www.aytovillanazar.es/es/index.html,wikidata_P856,1,
INE17008,municipality,17008,Anglès,Cataluña,Girona,5944,http://www.angles.cat/,wikidata_P856,1,
INE29074,municipality,29074,Montejaque,Andalucía,Málaga,945,http://www.montejaque.es/,wikidata_P856,1,
INE42098,municipality,42098,Herrera de Soria,Castilla y León,Soria,12,http://www.herreradesoria.es/,wikidata_P856,1,
INE10139,municipality,10139,Pedroso de Acim,Extremadura,Cáceres,90,,,0,
INE06081,municipality,06081,Medina de las Torres,Extremadura,Badajoz,1160,http://www.medinadelastorres.es/,wikidata_P856,1,
INE37050,municipality,37050,Berrocal de Huebra,Castilla y León,Salamanca,75,,,0,
INE10166,municipality,10166,Santa Cruz de la Sierra,Extremadura,Cáceres,317,,,0,
INE26062,municipality,26062,Foncea,"Rioja, La","Rioja, La",86,,,0,
INE31026,municipality,31026,Aras,"Navarra, Comunidad Foral de",Navarra,150,,,0,
INE36005,municipality,36005,Caldas de Reis,Galicia,Pontevedra,9615,http://www.caldasdereis.com/,wikidata_P856,1,
INE37369,municipality,37369,Villaseco de los Gamitos,Castilla y León,Salamanca,138,https://www.villasecodelosgamitos.com/,wikidata_P856,1,
INE24201,municipality,24201,Vegas del Condado,Castilla y León,León,1165,http://www.aytovegasdelcondado.es/,wikidata_P856,2,
INE47125,municipality,47125,Pozuelo de la Orden,Castilla y León,Valladolid,56,,,0,
INE07060,municipality,07060,Sineu,"Balears, Illes",Illes Balears,4537,http://www.ajsineu.net/,wikidata_P856,1,
INE32061,municipality,32061,Piñor,Galicia,Ourense,1103,http://www.pinor.es/index.php/gl/,wikidata_P856,1,
INE28135,municipality,28135,Santa María de la Alameda,"Madrid, Comunidad de",Madrid,1584,https://santamariadelaalameda.com/,wikidata_P856,1,
INE42020,municipality,42020,Almazán,Castilla y León,Soria,5544,http://www.almazan.es/,wikidata_P856,1,
INE15012,municipality,15012,Boqueixón,Galicia,"Coruña, A",4219,http://www.boqueixon.com/,wikidata_P856,1,
INE06131,municipality,06131,Torre de Miguel Sesmero,Extremadura,Badajoz,1234,http://www.ayuntamientodetorredemiguelsesmero.es/,wikidata_P856,1,
INE47199,municipality,47199,Villacid de Campos,Castilla y León,Valladolid,83,,,0,
INE40145,municipality,40145,Navas de Oro,Castilla y León,Segovia,1305,http://www.navasdeoro.es/,wikidata_P856,1,
INE26082,municipality,26082,Laguna de Cameros,"Rioja, La","Rioja, La",109,,,0,
INE28173,municipality,28173,Villamanrique de Tajo,"Madrid, Comunidad de",Madrid,859,http://www.villamanriquedetajo.es/,wikidata_P856,1,
INE37380,municipality,37380,Zarapicos,Castilla y León,Salamanca,50,,,0,
INE37009,municipality,37009,Alba de Yeltes,Castilla y León,Salamanca,205,https://albadeyeltes.com/,wikidata_P856,1,
INE31151,municipality,31151,Lerga,"Navarra, Comunidad Foral de",Navarra,44,,,0,
INE28141,municipality,28141,Sevilla la Nueva,"Madrid, Comunidad de",Madrid,9802,https://www.sevillalanueva.es/,wikidata_P856,1,
INE34091,municipality,34091,Lagartos,Castilla y León,Palencia,117,http://lagartos.es/,wikidata_P856,1,
INE22113,municipality,22113,"Fueva, La",Aragón,Huesca,597,http://www.lafueva.com/,wikidata_P856,1,
INE37200,municipality,37200,Montejo,Castilla y León,Salamanca,186,,,0,
INE09017,municipality,09017,Anguix,Castilla y León,Burgos,166,http://www.anguix.es/,wikidata_P856,1,
INE18011,municipality,18011,Alfacar,Andalucía,Granada,5834,http://ayuntamientodealfacar.es/,wikidata_P856,1,
INE46025,municipality,46025,Alfara del Patriarca,Comunitat Valenciana,València/Valencia,3740,http://www.alfaradelpatriarca.es/,wikidata_P856,1,
INE21022,municipality,21022,Castaño del Robledo,Andalucía,Huelva,217,http://www.castanodelrobledo.es/,wikidata_P856,1,
INE05152,municipality,05152,Nava de Arévalo,Castilla y León,Ávila,647,http://www.navadearevalo.es/,wikidata_P856,1,
INE42100,municipality,42100,Hinojosa del Campo,Castilla y León,Soria,24,http://www.hinojosadelcampo.es/,wikidata_P856,1,
INE16149,municipality,16149,Palomera,Castilla-La Mancha,Cuenca,187,,,0,
INE45105,municipality,45105,Montesclaros,Castilla-La Mancha,Toledo,377,,,0,
INE46253,municipality,46253,Vallés,Comunitat Valenciana,València/Valencia,161,http://www.valles.es/,wikidata_P856,1,
INE19150,municipality,19150,Hueva,Castilla-La Mancha,Guadalajara,113,https://hueva.sedelectronica.es/,clm_directorio_entidades_locales,0,
INE44119,municipality,44119,Griegos,Aragón,Teruel,154,http://come.to/griegos,wikidata_P856,1,
INE09095,municipality,09095,Celada del Camino,Castilla y León,Burgos,91,http://www.celadadelcamino.es/,wikidata_P856,1,
INE09192,municipality,09192,Jurisdicción de San Zadornil,Castilla y León,Burgos,62,http://www.jurisdicciondesanzadornil.es/,wikidata_P856,1,
INE19113,municipality,19113,Espinosa de Henares,Castilla-La Mancha,Guadalajara,715,https://espinosadehenares.es/,wikidata_P856,1,
INE42003,municipality,42003,Adradas,Castilla y León,Soria,65,,,0,
INE25137,municipality,25137,Mollerussa,Cataluña,Lleida,15763,http://www.mollerussa.cat/,wikidata_P856,1,
INE28182,municipality,28182,Villavieja del Lozoya,"Madrid, Comunidad de",Madrid,332,https://villaviejadellozoya.es/,wikidata_P856,1,
INE19255,municipality,19255,Setiles,Castilla-La Mancha,Guadalajara,78,,,0,
INE08268,municipality,08268,Cercs,Cataluña,Barcelona,1236,http://www.cercs.cat/,wikidata_P856,1,
INE44173,municipality,44173,"Olmos, Los",Aragón,Teruel,111,http://www.losolmos.es/,wikidata_P856,1,
INE08064,municipality,08064,Castellterçol,Cataluña,Barcelona,2754,http://www.castelltersol.cat/,wikidata_P856,1,
INE21049,municipality,21049,Minas de Riotinto,Andalucía,Huelva,3698,http://www.aytoriotinto.es/,wikidata_P856,1,
INE26130,municipality,26130,San Millán de la Cogolla,"Rioja, La","Rioja, La",214,,,0,
INE49264,municipality,49264,Villar del Buey,Castilla y León,Zamora,483,http://www.villardelbuey.es/,wikidata_P856,1,
INE47209,municipality,47209,Villalán de Campos,Castilla y León,Valladolid,36,,,0,
INE40002,municipality,40002,Adrada de Pirón,Castilla y León,Segovia,39,http://www.adradadepiron.es/,wikidata_P856,1,
INE08235,municipality,08235,Sant Pol de Mar,Cataluña,Barcelona,5793,http://www.santpol.cat/,wikidata_P856,1,
INE11026,municipality,11026,Prado del Rey,Andalucía,Cádiz,5692,http://www.pradodelrey.es/,wikidata_P856,1,
INE45116,municipality,45116,Noez,Castilla-La Mancha,Toledo,1058,,,0,
INE05123,municipality,05123,Mediana de Voltoya,Castilla y León,Ávila,117,http://www.medianadevoltoya.es/,wikidata_P856,1,
INE02901,municipality,02901,Pozo Cañada,Castilla-La Mancha,Albacete,2704,http://www.pozocañada.es/,clm_directorio_entidades_locales,0,
INE40106,municipality,40106,Juarros de Voltoya,Castilla y León,Segovia,185,http://www.juarrosdevoltoya.es/,wikidata_P856,1,
INE22083,municipality,22083,Castejón de Monegros,Aragón,Huesca,459,http://www.castejondemonegros.es/,wikidata_P856,1,
INE49271,municipality,49271,Villaveza del Agua,Castilla y León,Zamora,162,,,0,
INE06124,municipality,06124,Segura de León,Extremadura,Badajoz,1758,http://www.seguradeleon.es/,wikidata_P856,1,
INE47169,municipality,47169,Torre de Esgueva,Castilla y León,Valladolid,60,,,0,
INE06050,municipality,06050,Fregenal de la Sierra,Extremadura,Badajoz,4715,http://www.fregenaldelasierra.es/,wikidata_P856,1,
INE49090,municipality,49090,Gema,Castilla y León,Zamora,201,,,0,
INE28008,municipality,28008,Aldea del Fresno,"Madrid, Comunidad de",Madrid,3503,http://www.aldeadelfresno.com/,wikidata_P856,1,
INE47093,municipality,47093,Montemayor de Pililla,Castilla y León,Valladolid,837,http://www.montemayordepililla.es/,wikidata_P856,1,
INE50177,municipality,50177,Morés,Aragón,Zaragoza,303,,,0,
INE47118,municipality,47118,Piñel de Abajo,Castilla y León,Valladolid,165,,,0,
INE09396,municipality,09396,Tubilla del Lago,Castilla y León,Burgos,164,http://www.tubilladellago.com/,wikidata_P856,1,
INE26041,municipality,26041,Cárdenas,"Rioja, La","Rioja, La",132,,,0,
INE09292,municipality,09292,Quintanavides,Castilla y León,Burgos,65,http://www.quintanavides.es/,wikidata_P856,1,
INE10039,municipality,10039,Cadalso,Extremadura,Cáceres,394,http://www.galeon.com/cadalso/,wikidata_P856,1,
INE42215,municipality,42215,Vinuesa,Castilla y León,Soria,826,http://www.vinuesa.es/,wikidata_P856,1,
INE46218,municipality,46218,Ròtova,Comunitat Valenciana,València/Valencia,1283,http://www.rotova.es/,wikidata_P856,1,
INE16115,municipality,16115,Laguna del Marquesado,Castilla-La Mancha,Cuenca,54,,,0,
INE09311,municipality,09311,Retuerta,Castilla y León,Burgos,56,http://www.retuerta.es/,wikidata_P856,1,
INE49009,municipality,49009,Andavías,Castilla y León,Zamora,404,http://www.andavias.com/,wikidata_P856,1,
INE20038,municipality,20038,Gabiria,País Vasco,Gipuzkoa,519,http://www.gabiria.eus/,wikidata_P856,1,
INE50213,municipality,50213,Plenas,Aragón,Zaragoza,110,,,0,
INE44033,municipality,44033,Báguena,Aragón,Teruel,278,http://www.baguena.info/,wikidata_P856,1,
INE50085,municipality,50085,Codo,Aragón,Zaragoza,204,http://www.aytocodo.es/,wikidata_P856,1,
INE40123,municipality,40123,Matabuena,Castilla y León,Segovia,204,http://www.matabuena.es/,wikidata_P856,1,
INE16095,municipality,16095,Graja de Campalbo,Castilla-La Mancha,Cuenca,85,,,0,
INE37216,municipality,37216,Navales,Castilla y León,Salamanca,312,,,0,
INE50040,municipality,50040,Badules,Aragón,Zaragoza,83,,,0,
INE46068,municipality,46068,Benissoda,Comunitat Valenciana,València/Valencia,494,http://www.benissoda.es/,wikidata_P856,1,
INE10009,municipality,10009,Alcollarín,Extremadura,Cáceres,259,,,0,
INE28150,municipality,28150,Torrejón de Velasco,"Madrid, Comunidad de",Madrid,4900,https://www.ayto-torrejondevelasco.es/,wikidata_P856,1,
INE42172,municipality,42172,Soliedra,Castilla y León,Soria,37,,,0,
INE09101,municipality,09101,Ciadoncha,Castilla y León,Burgos,77,http://www.ciadoncha.es/,wikidata_P856,1,
INE19226,municipality,19226,Prádena de Atienza,Castilla-La Mancha,Guadalajara,45,https://pradenadeatienza.sedelectronica.es/,clm_directorio_entidades_locales,0,
INE10051,municipality,10051,Casares de las Hurdes,Extremadura,Cáceres,362,,,0,
INE08258,municipality,08258,Santa Maria d'Oló,Cataluña,Barcelona,1099,https://www.olo.cat/,wikidata_P856,1,
INE08271,municipality,08271,Sobremunt,Cataluña,Barcelona,90,http://www.sobremunt.cat/,wikidata_P856,1,
INE09382,municipality,09382,Tobar,Castilla y León,Burgos,27,http://www.tobar.es/,wikidata_P856,1,
INE12051,municipality,12051,Culla,Comunitat Valenciana,Castelló/Castellón,503,http://www.culla.es/,wikidata_P856,1,
INE46039,municipality,46039,Anna,Comunitat Valenciana,València/Valencia,2600,http://www.ajuntamentanna.es/,wikidata_P856,1,
INE06056,municipality,06056,Garbayuela,Extremadura,Badajoz,450,http://www.garbayuela.es/,wikidata_P856,1,
INE37202,municipality,37202,Monterrubio de Armuña,Castilla y León,Salamanca,1321,http://monterrubiodearmuna.es/,wikidata_P856,1,
INE19023,municipality,19023,Alocén,Castilla-La Mancha,Guadalajara,151,http://www.alocen.es/,wikidata_P856,1,
INE50260,municipality,50260,Torrelapaja,Aragón,Zaragoza,30,,,0,
INE23098,municipality,23098,Villardompardo,Andalucía,Jaén,893,http://www.villardompardo.es/,wikidata_P856,1,
INE16247,municipality,16247,Villalgordo del Marquesado,Castilla-La Mancha,Cuenca,59,,,0,
INE13091,municipality,13091,Villamayor de Calatrava,Castilla-La Mancha,Ciudad Real,611,http://www.villamayordecalatrava.es/,clm_directorio_entidades_locales,0,
INE31231,municipality,31231,Torres del Río,"Navarra, Comunidad Foral de",Navarra,116,,,0,
INE24119,municipality,24119,Priaranza del Bierzo,Castilla y León,León,672,,,0,
INE37351,municipality,37351,Villaflores,Castilla y León,Salamanca,255,,,0,
INE14051,municipality,14051,Pedroche,Andalucía,Córdoba,1441,http://www.pedroche.es/,wikidata_P856,1,
INE12110,municipality,12110,Teresa,Comunitat Valenciana,Castelló/Castellón,254,http://www.teresa.es/,wikidata_P856,1,
INE40069,municipality,40069,Donhierro,Castilla y León,Segovia,73,http://www.donhierro.es/,wikidata_P856,1,
INE49216,municipality,49216,Tapioles,Castilla y León,Zamora,128,,,0,
INE15070,municipality,15070,"Pontes de García Rodríguez, As",Galicia,"Coruña, A",9796,http://www.aspontes.com/,wikidata_P856,1,
INE40180,municipality,40180,Sangarcía,Castilla y León,Segovia,281,http://www.sangarcia.es/,wikidata_P856,1,
INE13002,municipality,13002,Agudo,Castilla-La Mancha,Ciudad Real,1605,http://www.agudo.es/,clm_directorio_entidades_locales,0,
INE19027,municipality,19027,Alustante,Castilla-La Mancha,Guadalajara,152,http://www.alustante.com/,wikidata_P856,1,
INE18111,municipality,18111,Jun,Andalucía,Granada,4103,http://ayuntamientojun.org/,wikidata_P856,1,
INE16213,municipality,16213,Torrubia del Castillo,Castilla-La Mancha,Cuenca,42,,,0,
INE18051,municipality,18051,Colomera,Andalucía,Granada,1278,http://www.colomera.es/,wikidata_P856,1,
INE37288,municipality,37288,San Morales,Castilla y León,Salamanca,346,http://www.sanmorales.es/,wikidata_P856,1,
INE45054,municipality,45054,Corral de Almaguer,Castilla-La Mancha,Toledo,5280,http://www.corraldealmaguer.es/,clm_directorio_entidades_locales,0,
INE26073,municipality,26073,Herramélluri,"Rioja, La","Rioja, La",111,,,0,
INE05192,municipality,05192,Puerto Castilla,Castilla y León,Ávila,99,http://www.puertocastilla.com/,wikidata_P856,1,
INE16132,municipality,16132,Mota de Altarejos,Castilla-La Mancha,Cuenca,25,,,0,
INE19281,municipality,19281,Torremocha de Jadraque,Castilla-La Mancha,Guadalajara,23,,,0,
INE05163,municipality,05163,Navaluenga,Castilla y León,Ávila,2135,http://www.navaluenga.es/,wikidata_P856,1,
INE07015,municipality,07015,Ciutadella de Menorca,"Balears, Illes",Illes Balears,32431,http://www.ajciutadella.org/,wikidata_P856,1,
INE05173,municipality,05173,Ojos-Albos,Castilla y León,Ávila,89,http://www.aytoojosalbos.es/,wikidata_P856,1,
INE44244,municipality,44244,Valdelinares,Aragón,Teruel,82,http://www.valdelinares.es/,wikidata_P856,1,
INE10040,municipality,10040,Calzadilla,Extremadura,Cáceres,450,http://www.calzadilla.es/,wikidata_P856,1,
INE39035,municipality,39035,Laredo,Cantabria,Cantabria,10698,http://www.laredo.es/,wikidata_P856,1,
INE13039,municipality,13039,Daimiel,Castilla-La Mancha,Ciudad Real,17722,http://www.daimiel.es/,clm_directorio_entidades_locales,0,
INE13054,municipality,13054,Membrilla,Castilla-La Mancha,Ciudad Real,5793,http://www.aytomembrilla.org/,clm_directorio_entidades_locales,0,
INE18159,municipality,18159,Píñar,Andalucía,Granada,1040,https://www.pinar.es/,wikidata_P856,1,
INE26148,municipality,26148,Tirgo,"Rioja, La","Rioja, La",167,,,0,
INE13077,municipality,13077,Santa Cruz de Mudela,Castilla-La Mancha,Ciudad Real,3881,http://www.stacruzmudela.org/,clm_directorio_entidades_locales,0,
INE13085,municipality,13085,Torrenueva,Castilla-La Mancha,Ciudad Real,2645,http://www.ayuntamientotorrenueva.es/,clm_directorio_entidades_locales,0,
INE08024,municipality,08024,Borredà,Cataluña,Barcelona,433,http://www.borreda.net/,wikidata_P856,1,
INE46250,municipality,46250,València,Comunitat Valenciana,València/Valencia,840792,https://www.valencia.es/,wikidata_P856,1,
INE09134,municipality,09134,Frías,Castilla y León,Burgos,258,http://www.ciudaddefrias.com/,wikidata_P856,1,
INE09255,municipality,09255,Partido de la Sierra en Tobalina,Castilla y León,Burgos,75,http://www.partidodelasierra.es/,wikidata_P856,1,
INE24046,municipality,24046,Castrocalbón,Castilla y León,León,898,http://www.aytocastrocalbon.es//,wikidata_P856,1,
INE48086,municipality,48086,Sopuerta,País Vasco,Bizkaia,2820,http://www.sopuerta.biz/,wikidata_P856,1,
INE48095,municipality,48095,Zaldibar,País Vasco,Bizkaia,3066,http://www.zaldibar.org/,wikidata_P856,1,
INE13903,municipality,13903,Arenales de San Gregorio,Castilla-La Mancha,Ciudad Real,626,http://www.arenalesdesangregorio.es/,clm_directorio_entidades_locales,0,
INE04029,municipality,04029,Berja,Andalucía,Almería,13120,http://www.berja.es/,wikidata_P856,1,
INE04038,municipality,04038,Dalías,Andalucía,Almería,4196,http://www.dalias.es/,wikidata_P856,1,
INE47186,municipality,47186,Valladolid,Castilla y León,Valladolid,302614,https://www.valladolid.es/,wikidata_P856,1,
INE34053,municipality,34053,Castromocho,Castilla y León,Palencia,193,http://www.castromocho.es/,wikidata_P856,1,
INE37253,municipality,37253,"Pino de Tormes, El",Castilla y León,Salamanca,147,,,0,
INE05240,municipality,05240,Sotillo de la Adrada,Castilla y León,Ávila,5081,http://www.sotillo.net/,wikidata_P856,1,
INE08091,municipality,08091,Gelida,Cataluña,Barcelona,8198,https://www.gelida.cat/,wikidata_P856,1,
INE18152,municipality,18152,Pedro Martínez,Andalucía,Granada,1166,http://www.pedromartinez.es/,wikidata_P856,1,
INE17199,municipality,17199,Torroella de Montgrí,Cataluña,Girona,12570,https://www.torroella-estartit.cat/,wikidata_P856,1,
INE41018,municipality,41018,Brenes,Andalucía,Sevilla,12975,http://www.brenes.es/,wikidata_P856,1,
INE43100,municipality,43100,"Pallaresos, Els",Cataluña,Tarragona,5028,http://www.ajuntamentdelspallaresos.cat/,wikidata_P856,1,
INE31021,municipality,31021,Aranarache/Aranaratxe,"Navarra, Comunidad Foral de",Navarra,70,,,0,
INE33072,municipality,33072,Teverga,"Asturias, Principado de",Asturias,1495,http://www.aytoteverga.org/,wikidata_P856,1,
INE29015,municipality,29015,Antequera,Andalucía,Málaga,41849,http://www.antequera.es/,wikidata_P856,2,
INE33044,municipality,33044,Oviedo,"Asturias, Principado de",Asturias,223968,https://www.oviedo.es/,wikidata_P856,1,
INE28074,municipality,28074,Leganés,"Madrid, Comunidad de",Madrid,195734,http://www.leganes.org/,wikidata_P856,1,
INE10126,municipality,10126,Montánchez,Extremadura,Cáceres,1597,http://www.montanchez.es/,wikidata_P856,1,
INE15030,municipality,15030,"Coruña, A",Galicia,"Coruña, A",251543,https://www.coruna.gal/,wikidata_P856,1,
INE46233,municipality,46233,Sollana,Comunitat Valenciana,València/Valencia,5089,http://www.sollana.es/,wikidata_P856,1,
INE15022,municipality,15022,Cedeira,Galicia,"Coruña, A",6547,http://www.cedeira.es/,wikidata_P856,1,
INE28121,municipality,28121,Redueña,"Madrid, Comunidad de",Madrid,288,https://www.reduena.com/,wikidata_P856,1,
INE22168,municipality,22168,Palo,Aragón,Huesca,31,http://www.palo.es/,wikidata_P856,1,
INE40037,municipality,40037,Calabazas de Fuentidueña,Castilla y León,Segovia,23,http://www.calabazasdefuentiduena.es/,wikidata_P856,1,
INE48013,municipality,48013,Barakaldo,País Vasco,Bizkaia,102986,http://www.barakaldo.org/portal/web/barakaldo,wikidata_P856,1,
INE26071,municipality,26071,Haro,"Rioja, La","Rioja, La",12167,https://www.haro.org/,wikidata_P856,1,
INE41040,municipality,41040,Espartinas,Andalucía,Sevilla,16479,http://www.espartinas.es/,wikidata_P856,1,
INE14013,municipality,14013,Cabra,Andalucía,Córdoba,19995,https://cabra.eu/,wikidata_P856,1,
INE41044,municipality,41044,Gelves,Andalucía,Sevilla,10548,http://www.gelves.es/,wikidata_P856,1,
INE18089,municipality,18089,Guadix,Andalucía,Granada,18881,http://www.guadix.es/,wikidata_P856,1,
INE19104,municipality,19104,Chequilla,Castilla-La Mancha,Guadalajara,13,http://www.chequilla.com/,wikidata_P856,1,
INE31071,municipality,31071,Castillonuevo / Gazteluberri,"Navarra, Comunidad Foral de",Navarra,14,https://castillonuevo.com/,wikidata_P856,1,
INE41062,municipality,41062,Martín de la Jara,Andalucía,Sevilla,2627,http://www.martindelajara.es/,wikidata_P856,1,
INE19082,municipality,19082,Centenera,Castilla-La Mancha,Guadalajara,158,http://www.centenera.org/,clm_directorio_entidades_locales,0,
INE08121,municipality,08121,Mataró,Cataluña,Barcelona,131683,http://www.mataro.cat/,wikidata_P856,1,
INE50186,municipality,50186,Navardún,Aragón,Zaragoza,35,,,0,
INE48902,municipality,48902,Erandio,País Vasco,Bizkaia,24659,https://www.erandio.eus/,wikidata_P856,1,
INE48909,municipality,48909,Nabarniz,País Vasco,Bizkaia,264,http://nabarniz.eus/,wikidata_P856,1,
INE19105,municipality,19105,Chiloeches,Castilla-La Mancha,Guadalajara,4117,https://www.chiloeches.es/,clm_directorio_entidades_locales,0,
INE39025,municipality,39025,"Corrales de Buelna, Los",Cantabria,Cantabria,10958,http://www.aytocorralesdebuelna.org/,wikidata_P856,1,
INE48033,municipality,48033,Ereño,País Vasco,Bizkaia,275,http://www.ereno.org/,wikidata_P856,1,
INE48050,municipality,48050,Izurtza,País Vasco,Bizkaia,224,http://www.izurtza.net/eu-ES/Orrialdeak/default.aspx,wikidata_P856,1,
INE48053,municipality,48053,Laukiz,País Vasco,Bizkaia,1239,,,0,
INE48058,municipality,48058,Mallabia,País Vasco,Bizkaia,1106,http://www.mallabia.org/,wikidata_P856,1,
INE48064,municipality,48064,Meñaka,País Vasco,Bizkaia,789,http://www.menaka.net/,wikidata_P856,1,
INE48079,municipality,48079,Errigoiti,País Vasco,Bizkaia,499,,,0,
INE06102,municipality,06102,Puebla de Alcocer,Extremadura,Badajoz,1091,http://www.puebladealcocer.es/,wikidata_P856,1,
INE08070,municipality,08070,Collsuspina,Cataluña,Barcelona,391,http://www.collsuspina.cat/,wikidata_P856,1,
INE08076,municipality,08076,Esparreguera,Cataluña,Barcelona,22665,http://www.esparreguera.cat/,wikidata_P856,1,
INE08265,municipality,08265,Sant Vicenç de Torelló,Cataluña,Barcelona,2117,http://www.santvicencdetorello.cat/,wikidata_P856,1,
INE08272,municipality,08272,Sora,Cataluña,Barcelona,225,http://www.sora.cat/,wikidata_P856,1,
INE08302,municipality,08302,Vilanova del Camí,Cataluña,Barcelona,12936,http://www.vilanovadelcami.cat/,wikidata_P856,1,
INE08905,municipality,08905,"Palma de Cervelló, La",Cataluña,Barcelona,3056,http://www.lapalmadecervello.cat/,wikidata_P856,1,
INE10155,municipality,10155,Riolobos,Extremadura,Cáceres,1173,http://www.riolobos.es/,wikidata_P856,1,
INE11037,municipality,11037,Trebujena,Andalucía,Cádiz,6999,http://www.trebujena.com/,wikidata_P856,1,
INE41094,municipality,41094,Umbrete,Andalucía,Sevilla,9455,https://umbrete.es/,wikidata_P856,1,
INE19161,municipality,19161,Lupiana,Castilla-La Mancha,Guadalajara,344,http://www.lupiana.net/,wikidata_P856,1,
INE19286,municipality,19286,Tórtola de Henares,Castilla-La Mancha,Guadalajara,1439,http://www.tortoladehenares.es/,clm_directorio_entidades_locales,0,
INE14038,municipality,14038,Lucena,Andalucía,Córdoba,43408,http://www.aytolucena.es/,wikidata_P856,1,
INE21077,municipality,21077,Villarrasa,Andalucía,Huelva,2103,http://www.villarrasa.es/,wikidata_P856,1,
INE14067,municipality,14067,Villafranca de Córdoba,Andalucía,Córdoba,4895,http://www.ayto-villafranca.org/,wikidata_P856,1,
INE04061,municipality,04061,Lúcar,Andalucía,Almería,829,http://www.lucar.es/,wikidata_P856,1,
INE21064,municipality,21064,San Juan del Puerto,Andalucía,Huelva,9969,http://www.sanjuandelpuerto.es/,wikidata_P856,1,
INE04072,municipality,04072,Partaloa,Andalucía,Almería,836,https://www.partaloa.es/,wikidata_P856,1,
INE28016,municipality,28016,"Atazar, El","Madrid, Comunidad de",Madrid,110,https://elatazar.org/,wikidata_P856,1,
INE26147,municipality,26147,Terroba,"Rioja, La","Rioja, La",31,,,0,
INE04100,municipality,04100,Vera,Andalucía,Almería,20282,http://www.vera.es/,wikidata_P856,1,
INE14065,municipality,14065,"Victoria, La",Andalucía,Córdoba,2320,http://www.lavictoria.es/,wikidata_P856,1,
INE43037,municipality,43037,Calafell,Cataluña,Tarragona,32624,http://www.calafell.cat/,wikidata_P856,1,
INE25251,municipality,25251,Vilanova de Segrià,Cataluña,Lleida,1094,http://www.vilanovasegria.cat/,wikidata_P856,1,
INE08096,municipality,08096,Granollers,Cataluña,Barcelona,65341,http://www.granollers.cat/,wikidata_P856,1,
INE11039,municipality,11039,Vejer de la Frontera,Andalucía,Cádiz,13131,http://www.vejerdelafrontera.es/,wikidata_P856,3,
INE15082,municipality,15082,Teo,Galicia,"Coruña, A",18968,https://www.teo.gal/,wikidata_P856,1,
INE18084,municipality,18084,Gójar,Andalucía,Granada,6371,http://www.gojar.es/,wikidata_P856,1,
INE16131,municipality,16131,Monteagudo de las Salinas,Castilla-La Mancha,Cuenca,126,http://ayuntamientomonteagudodelassalinas.es/,clm_directorio_entidades_locales,0,
INE15013,municipality,15013,Brión,Galicia,"Coruña, A",8192,http://www.infobrion.com/,wikidata_P856,1,
INE11001,municipality,11001,Alcalá de los Gazules,Andalucía,Cádiz,5230,http://www.alcaladelosgazules.es/,wikidata_P856,1,
INE43905,municipality,43905,Salou,Cataluña,Tarragona,31491,http://www.salou.cat/,wikidata_P856,1,
INE41047,municipality,41047,Gines,Andalucía,Sevilla,13634,http://ayuntamientodegines.es/,wikidata_P856,1,
INE41059,municipality,41059,Mairena del Aljarafe,Andalucía,Sevilla,48017,https://mairenadelaljarafe.es/,wikidata_P856,1,
INE23094,municipality,23094,Vilches,Andalucía,Jaén,4191,http://www.vilches.com/,wikidata_P856,1,
INE33059,municipality,33059,Salas,"Asturias, Principado de",Asturias,4771,http://www.ayto-salas.es/,wikidata_P856,1,
INE21078,municipality,21078,Zalamea la Real,Andalucía,Huelva,2968,http://www.zalamealareal.es/,wikidata_P856,1,
INE25085,municipality,25085,Estaràs,Cataluña,Lleida,161,http://estaras.ddl.net/,wikidata_P856,1,
INE31018,municipality,31018,Añorbe,"Navarra, Comunidad Foral de",Navarra,622,http://www.anorbe.es/es/,wikidata_P856,1,
INE51001,municipality,51001,Ceuta,Ciudad de Ceuta,Ceuta,83595,https://www.ceuta.es/,wikidata_P856,1,
INE25069,municipality,25069,Castelló de Farfanya,Cataluña,Lleida,548,http://castellofarfanya.ddl.net/,wikidata_P856,1,
INE41025,municipality,41025,Carrión de los Céspedes,Andalucía,Sevilla,2647,http://www.carriondeloscespedes.es/,wikidata_P856,1,
INE25217,municipality,25217,Tàrrega,Cataluña,Lleida,19057,http://www.tarrega.cat/,wikidata_P856,1,
INE25222,municipality,25222,Tiurana,Cataluña,Lleida,69,http://www.tiurana.cat/,wikidata_P856,1,
INE08007,municipality,08007,Arenys de Munt,Cataluña,Barcelona,9558,http://www.arenysdemunt.cat/,wikidata_P856,1,
INE08032,municipality,08032,Caldes d'Estrac,Cataluña,Barcelona,3356,http://www.caldetes.cat/,wikidata_P856,1,
INE38024,municipality,38024,"Llanos de Aridane, Los",Canarias,Santa Cruz de Tenerife,20582,http://www.aridane.org/,wikidata_P856,1,
INE38042,municipality,38042,"Silos, Los",Canarias,Santa Cruz de Tenerife,4773,http://www.lossilos.es/,wikidata_P856,1,
INE38043,municipality,38043,Tacoronte,Canarias,Santa Cruz de Tenerife,24619,http://www.tacoronte.es/,wikidata_P856,1,
INE35028,municipality,35028,Tías,Canarias,"Palmas, Las",21613,http://www.ayuntamientodetias.es/,wikidata_P856,1,
INE35031,municipality,35031,Valsequillo de Gran Canaria,Canarias,"Palmas, Las",9869,http://www.valsequillogc.es/,wikidata_P856,1,
INE35033,municipality,35033,Vega de San Mateo,Canarias,"Palmas, Las",7899,http://www.vegadesanmateo.es/,wikidata_P856,1,
INE25029,municipality,25029,Arbeca,Cataluña,Lleida,2163,http://www.arbeca.cat/,wikidata_P856,1,
INE25152,municipality,25152,"Oluges, Les",Cataluña,Lleida,167,http://oluges.ddl.net/,wikidata_P856,1,
INE25169,municipality,25169,"Pobla de Cérvoles, La",Cataluña,Lleida,208,http://www.poblacervoles.cat/,wikidata_P856,1,
INE29036,municipality,29036,Carratraca,Andalucía,Málaga,801,http://www.carratraca.es/,wikidata_P856,1,
INE43170,municipality,43170,Vila-rodona,Cataluña,Tarragona,1382,http://www.vila-rodona.cat/,wikidata_P856,1,
INE43158,municipality,43158,Vallclara,Cataluña,Tarragona,91,http://www.vallclara.cat/,wikidata_P856,1,
INE19058,municipality,19058,Cabanillas del Campo,Castilla-La Mancha,Guadalajara,11572,http://www.aytocabanillas.org/,clm_directorio_entidades_locales,0,
INE19130,municipality,19130,Guadalajara,Castilla-La Mancha,Guadalajara,92834,http://www.guadalajara.es/,clm_directorio_entidades_locales,0,
INE26151,municipality,26151,Torrecilla en Cameros,"Rioja, La","Rioja, La",474,https://torrecillaencameros.org/,wikidata_P856,1,
INE27034,municipality,27034,Navia de Suarna,Galicia,Lugo,971,https://concellonaviadesuarna.es/gl,wikidata_P856,1,
INE34056,municipality,34056,Cervera de Pisuerga,Castilla y León,Palencia,2272,http://www.cerveradepisuerga.es/,wikidata_P856,1,
INE34243,municipality,34243,Villoldo,Castilla y León,Palencia,333,http://pueblospalencia.es/index.php/villoldo,wikidata_P856,1,
INE35007,municipality,35007,Betancuria,Canarias,"Palmas, Las",801,http://www.aytobetancuria.org/,wikidata_P856,1,
INE08025,municipality,08025,"Bruc, El",Cataluña,Barcelona,2290,https://www.bruc.cat/,wikidata_P856,1,
INE38007,municipality,38007,Barlovento,Canarias,Santa Cruz de Tenerife,2108,https://barlovento.es/,wikidata_P856,1,
INE31066,municipality,31066,Cárcar,"Navarra, Comunidad Foral de",Navarra,1156,http://www.carcar.es/,wikidata_P856,1,
INE11007,municipality,11007,Barbate,Andalucía,Cádiz,22635,http://www.barbate.es/,wikidata_P856,1,
INE28127,municipality,28127,"Rozas de Madrid, Las","Madrid, Comunidad de",Madrid,99037,http://www.lasrozas.es/,wikidata_P856,1,
INE24194,municipality,24194,Vegacervera,Castilla y León,León,246,http://www.aytovegacervera.es/,wikidata_P856,1,
INE40208,municipality,40208,Turégano,Castilla y León,Segovia,1007,http://www.turegano.es/,wikidata_P856,1,
INE11018,municipality,11018,"Gastor, El",Andalucía,Cádiz,1675,http://www.elgastor.es/,wikidata_P856,1,
INE16905,municipality,16905,Arcas,Castilla-La Mancha,Cuenca,2332,http://www.arcasayuntamiento.es/,clm_directorio_entidades_locales,0,
INE08157,municipality,08157,Pallejà,Cataluña,Barcelona,12006,http://www.palleja.cat/,wikidata_P856,1,
INE08263,municipality,08263,Sant Vicenç dels Horts,Cataluña,Barcelona,28746,https://www.svh.cat/,wikidata_P856,1,
INE31065,municipality,31065,Caparroso,"Navarra, Comunidad Foral de",Navarra,2882,,,0,
INE29077,municipality,29077,Parauta,Andalucía,Málaga,271,https://www.parauta.es/,wikidata_P856,1,
INE28902,municipality,28902,Puentes Viejas,"Madrid, Comunidad de",Madrid,759,http://www.puentesviejas.org/,wikidata_P856,1,
INE06062,municipality,06062,Helechosa de los Montes,Extremadura,Badajoz,556,http://www.helechosadelosmontes.es/,wikidata_P856,1,
INE08088,municipality,08088,"Garriga, La",Cataluña,Barcelona,17426,http://www.lagarriga.cat/,wikidata_P856,1,
INE28041,municipality,28041,Cobeña,"Madrid, Comunidad de",Madrid,7670,http://www.ayto-cobena.org/,wikidata_P856,1,
INE31106,municipality,31106,Fontellas,"Navarra, Comunidad Foral de",Navarra,1050,,,0,
INE08283,municipality,08283,Tona,Cataluña,Barcelona,8527,http://www.tona.cat/,wikidata_P856,1,
INE29047,municipality,29047,Cuevas Bajas,Andalucía,Málaga,1341,http://www.cuevasbajas.es/,wikidata_P856,1,
INE11010,municipality,11010,Bornos,Andalucía,Cádiz,7510,https://www.bornos.es/,wikidata_P856,1,
INE14047,municipality,14047,Obejo,Andalucía,Córdoba,2101,http://obejo.es/,wikidata_P856,1,
INE31022,municipality,31022,Arantza,"Navarra, Comunidad Foral de",Navarra,628,http://www.arantza.eus/es/,wikidata_P856,1,
INE29070,municipality,29070,Mijas,Andalucía,Málaga,95104,http://www.mijas.es/,wikidata_P856,1,
INE28102,municipality,28102,Orusco de Tajuña,"Madrid, Comunidad de",Madrid,1531,https://www.orusco.org/,wikidata_P856,1,
INE07016,municipality,07016,Consell,"Balears, Illes",Illes Balears,4521,http://www.ajconsell.net/,wikidata_P856,1,
INE18147,municipality,18147,Órgiva,Andalucía,Granada,5728,https://www.ayuntamientodeorgiva.es/,wikidata_P856,1,
INE31202,municipality,31202,Peralta/Azkoien,"Navarra, Comunidad Foral de",Navarra,6071,http://www.aytoperalta.com/,wikidata_P856,1,
INE33047,municipality,33047,Peñamellera Baja,"Asturias, Principado de",Asturias,1194,https://www.aytopanespbaja.com/,wikidata_P856,1,
INE39012,municipality,39012,Cabezón de la Sal,Cantabria,Cantabria,8226,http://www.cabezondelasal.net/,wikidata_P856,1,
INE39034,municipality,39034,Lamasón,Cantabria,Cantabria,237,http://www.aytolamason.es/,wikidata_P856,1,
INE10075,municipality,10075,Fresnedoso de Ibor,Extremadura,Cáceres,236,http://www.fresnedosodeibor.es/,wikidata_P856,1,
INE30004,municipality,30004,Albudeite,"Murcia, Región de",Murcia,1395,http://www.albudeite.com/,wikidata_P856,1,
INE11004,municipality,11004,Algeciras,Andalucía,Cádiz,126589,http://www.algeciras.es/,wikidata_P856,1,
INE31113,municipality,31113,Garde,"Navarra, Comunidad Foral de",Navarra,132,,,0,
INE17114,municipality,17114,Olot,Cataluña,Girona,39519,http://www.olot.cat/,wikidata_P856,1,
INE17123,municipality,17123,Palol de Revardit,Cataluña,Girona,459,https://www.palol.cat/,wikidata_P856,1,
INE17137,municipality,17137,Porqueres,Cataluña,Girona,4811,http://www.porqueres.cat/,wikidata_P856,1,
INE17157,municipality,17157,Sant Andreu Salou,Cataluña,Girona,161,http://www.santandreusalou.cat/,wikidata_P856,1,
INE17161,municipality,17161,Sant Feliu de Pallerols,Cataluña,Girona,1700,http://www.santfeliudepallerols.cat/,wikidata_P856,1,
INE18057,municipality,18057,Cúllar Vega,Andalucía,Granada,7947,http://www.cullarvega.com/,wikidata_P856,1,
INE23077,municipality,23077,Santiago de Calatrava,Andalucía,Jaén,660,http://www.santiagodecalatrava.es/,wikidata_P856,1,
INE14063,municipality,14063,Valenzuela,Andalucía,Córdoba,1030,http://valenzuela.es/,wikidata_P856,1,
INE11041,municipality,11041,Villamartín,Andalucía,Cádiz,12184,http://www.villamartin.es/,wikidata_P856,1,
INE12031,municipality,12031,Borriol,Comunitat Valenciana,Castelló/Castellón,6018,http://www.borriol.es/,wikidata_P856,1,
INE12084,municipality,12084,Onda,Comunitat Valenciana,Castelló/Castellón,26190,http://www.onda.es/,wikidata_P856,1,
INE43031,municipality,43031,"Borges del Camp, Les",Cataluña,Tarragona,2319,https://www.lesborgesdelcamp.cat/,wikidata_P856,1,
INE43008,municipality,43008,Alfara de Carles,Cataluña,Tarragona,355,http://www.alfaracarles.cat/,wikidata_P856,1,
INE43164,municipality,43164,Vespella de Gaià,Cataluña,Tarragona,502,http://www.vespella.altanet.org/,wikidata_P856,1,
INE43119,municipality,43119,Puigpelat,Cataluña,Tarragona,1222,http://www.puigpelat.altanet.org/,wikidata_P856,1,
INE17185,municipality,17185,Sant Joan les Fonts,Cataluña,Girona,3167,http://www.santjoanlesfonts.cat/,wikidata_P856,1,
INE17186,municipality,17186,Sarrià de Ter,Cataluña,Girona,5406,http://www.sarriadeter.cat/,wikidata_P856,1,
INE17189,municipality,17189,"Cellera de Ter, La",Cataluña,Girona,2027,https://lacelleradeter.cat/,wikidata_P856,1,
INE17190,municipality,17190,Serinyà,Cataluña,Girona,1228,http://www.serinya.cat/,wikidata_P856,1,
INE17216,municipality,17216,Viladasens,Cataluña,Girona,206,https://www.viladasens.org/,wikidata_P856,1,
INE28180,municipality,28180,Villarejo de Salvanés,"Madrid, Comunidad de",Madrid,8042,http://www.villarejodesalvanes.es/,wikidata_P856,1,
INE28022,municipality,28022,Boadilla del Monte,"Madrid, Comunidad de",Madrid,66349,https://www.ayuntamientoboadilladelmonte.org/,wikidata_P856,2,
INE08154,municipality,08154,Pacs del Penedès,Cataluña,Barcelona,932,http://www.pacsdelpenedes.cat/,wikidata_P856,1,
INE08081,municipality,08081,Fogars de Montclús,Cataluña,Barcelona,494,https://www.fogarsdemontclus.cat/,wikidata_P856,1,
INE18138,municipality,18138,Moraleda de Zafayona,Andalucía,Granada,3214,http://www.moraledadezafayona.es/,wikidata_P856,1,
INE18188,municipality,18188,Villanueva Mesía,Andalucía,Granada,1965,http://www.villanuevamesia.es/,wikidata_P856,1,
INE49076,municipality,49076,Fresno de la Ribera,Castilla y León,Zamora,326,https://fresnodelaribera.sedelectronica.es/,wikidata_P856,1,
INE49251,municipality,49251,Villalube,Castilla y León,Zamora,143,,,0,
INE29002,municipality,29002,Alcaucín,Andalucía,Málaga,2671,http://www.alcaucin.es/,wikidata_P856,1,
INE01032,municipality,01032,Lanciego/Lantziego,País Vasco,Araba/Álava,700,https://lanciego.org/,wikidata_P856,1,
INE09012,municipality,09012,Alfoz de Santa Gadea,Castilla y León,Burgos,102,http://www.alfozdesantagadea.es/,wikidata_P856,1,
INE17021,municipality,17021,Beuda,Cataluña,Girona,203,http://www.beuda.cat/,wikidata_P856,1,
INE17105,municipality,17105,Mieres,Cataluña,Girona,369,https://www.mieres.cat/,wikidata_P856,1,
INE33055,municipality,33055,Ribadedeva,"Asturias, Principado de",Asturias,1693,https://www.ribadedeva.es/,wikidata_P856,1,
INE43174,municipality,43174,"Vilella Baixa, La",Cataluña,Tarragona,201,http://www.vilellabaixa.altanet.org/,wikidata_P856,1,
INE43102,municipality,43102,Paüls,Cataluña,Tarragona,558,http://www.pauls.cat/,wikidata_P856,1,
INE44001,municipality,44001,Ababuj,Aragón,Teruel,73,,,0,
INE08039,municipality,08039,Campins,Cataluña,Barcelona,586,https://campins.cat/,wikidata_P856,1,
INE25908,municipality,25908,Fígols i Alinyà,Cataluña,Lleida,234,http://figolsalinya.ddl.net/,wikidata_P856,1,
INE43047,municipality,43047,Constantí,Cataluña,Tarragona,7108,http://constanti.cat/,wikidata_P856,1,
INE25204,municipality,25204,Seròs,Cataluña,Lleida,1954,http://www.seros.cat/,wikidata_P856,1,
INE08305,municipality,08305,Vilafranca del Penedès,Cataluña,Barcelona,42607,https://www.vilafranca.cat/,wikidata_P856,1,
INE43145,municipality,43145,"Selva del Camp, La",Cataluña,Tarragona,5732,http://www.laselvadelcamp.cat/,wikidata_P856,1,
INE17120,municipality,17120,Palau-saverdera,Cataluña,Girona,1535,https://palau-saverdera.cat/,wikidata_P856,1,
INE17060,municipality,17060,Darnius,Cataluña,Girona,563,https://darnius.cat/,wikidata_P856,1,
INE08066,municipality,08066,Castellví de Rosanes,Cataluña,Barcelona,2171,https://www.castellviderosanes.cat/,wikidata_P856,1,
INE25239,municipality,25239,"Valls de Valira, Les",Cataluña,Lleida,845,http://vallsvalira.ddl.net/,wikidata_P856,1,
INE33014,municipality,33014,Carreño,"Asturias, Principado de",Asturias,10292,http://www.ayto-carreno.es/,wikidata_P856,1,
INE43160,municipality,43160,Vallmoll,Cataluña,Tarragona,1997,http://www.vallmoll.cat/,wikidata_P856,1,
INE43096,municipality,43096,"Morera de Montsant, La",Cataluña,Tarragona,150,http://lamorerademontsant.org/,wikidata_P856,1,
INE43032,municipality,43032,Bot,Cataluña,Tarragona,548,http://www.bot.altanet.org/,wikidata_P856,1,
INE43027,municipality,43027,"Bisbal de Montsant, La",Cataluña,Tarragona,214,http://www.labisbaldefalset.altanet.org/,wikidata_P856,1,
INE43049,municipality,43049,Cornudella de Montsant,Cataluña,Tarragona,999,https://cornudella.cat/,wikidata_P856,1,
INE43064,municipality,43064,Gandesa,Cataluña,Tarragona,3150,http://www.gandesa.cat/,wikidata_P856,1,
INE43112,municipality,43112,Poboleda,Cataluña,Tarragona,345,http://www.poboleda.cat/,wikidata_P856,1,
INE08033,municipality,08033,Caldes de Montbui,Cataluña,Barcelona,18567,http://www.caldesdemontbui.cat/,wikidata_P856,1,
INE25243,municipality,25243,Vielha e Mijaran,Cataluña,Lleida,5865,http://www.vielha-mijaran.org/,wikidata_P856,1,
INE28129,municipality,28129,San Agustín del Guadalix,"Madrid, Comunidad de",Madrid,13825,https://sanagustindelguadalix.net/,wikidata_P856,1,
INE23044,municipality,23044,Huelma,Andalucía,Jaén,5485,http://www.aytohuelma.es/,wikidata_P856,1,
INE23086,municipality,23086,Torredelcampo,Andalucía,Jaén,13888,http://www.torredelcampo.es/,wikidata_P856,1,
INE26134,municipality,26134,Santa Coloma,"Rioja, La","Rioja, La",104,http://www.santacoloma.org/,wikidata_P856,1,
INE02042,municipality,02042,Letur,Castilla-La Mancha,Albacete,911,http://www.letur.es/,clm_directorio_entidades_locales,0,
INE02056,municipality,02056,Ontur,Castilla-La Mancha,Albacete,1895,http://www.ontur.es/,clm_directorio_entidades_locales,0,
INE02082,municipality,02082,Villatoya,Castilla-La Mancha,Albacete,114,http://villatoya.es/,wikidata_P856,1,
INE03105,municipality,03105,"Pinós, el/Pinoso",Comunitat Valenciana,Alacant/Alicante,8523,http://www.pinoso.org/,wikidata_P856,1,
INE27061,municipality,27061,Trabada,Galicia,Lugo,1070,https://trabada.gal/,wikidata_P856,1,
INE29092,municipality,29092,Totalán,Andalucía,Málaga,797,http://www.totalan.es/,wikidata_P856,1,
INE29066,municipality,29066,Macharaviaya,Andalucía,Málaga,518,http://www.macharaviaya.es/,wikidata_P856,1,
INE29013,municipality,29013,Alozaina,Andalucía,Málaga,2127,http://www.alozaina.es/,wikidata_P856,1,
INE50105,municipality,50105,Fayón,Aragón,Zaragoza,448,https://www.fayon.es/,wikidata_P856,1,
INE44086,municipality,44086,Cretas,Aragón,Teruel,559,http://www.cretas.es/,wikidata_P856,1,
INE44027,municipality,44027,Arens de Lledó,Aragón,Teruel,181,https://arensdelledo.es/,wikidata_P856,1,
INE14026,municipality,14026,Espiel,Andalucía,Córdoba,2326,http://espiel.es/,wikidata_P856,1,
INE24020,municipality,24020,Boca de Huérgano,Castilla y León,León,412,http://www.aytobocadehuergano.es/,wikidata_P856,1,
INE17153,municipality,17153,Rupià,Cataluña,Girona,325,http://www.rupia.cat/,wikidata_P856,1,
INE13020,municipality,13020,Argamasilla de Calatrava,Castilla-La Mancha,Ciudad Real,5847,http://www.argamasilladecalatrava.es/,clm_directorio_entidades_locales,0,
INE31149,municipality,31149,Leitza,"Navarra, Comunidad Foral de",Navarra,3011,http://www.leitza.eus/,wikidata_P856,1,
INE10060,municipality,10060,Castañar de Ibor,Extremadura,Cáceres,1020,,,0,
INE06093,municipality,06093,Oliva de la Frontera,Extremadura,Badajoz,4907,http://www.olivadelafrontera.es/,wikidata_P856,1,
INE04098,municipality,04098,Vélez-Blanco,Andalucía,Almería,1928,http://www.velezblanco.es/,wikidata_P856,1,
INE43018,municipality,43018,Arnes,Cataluña,Tarragona,461,http://www.arnes.altanet.org/,wikidata_P856,1,
INE40054,municipality,40054,Cerezo de Arriba,Castilla y León,Segovia,119,http://www.cerezodearriba.es/,wikidata_P856,1,
INE25196,municipality,25196,Sant Esteve de la Sarga,Cataluña,Lleida,121,http://www.santesteve.cat/,wikidata_P856,1,
INE46147,municipality,46147,Llíria,Comunitat Valenciana,València/Valencia,25333,http://www.lliria.es/,wikidata_P856,1,
INE46902,municipality,46902,Gátova,Comunitat Valenciana,València/Valencia,452,http://www.gatova.es/,wikidata_P856,1,
INE22188,municipality,22188,Puente de Montañana,Aragón,Huesca,87,http://www.puentedemontanana.es/,wikidata_P856,1,
INE49173,municipality,49173,Rábano de Aliste,Castilla y León,Zamora,313,http://www.aytorabanodealiste.es/,wikidata_P856,1,
INE46191,municipality,46191,Pedralba,Comunitat Valenciana,València/Valencia,3225,http://www.pedralba.es/,wikidata_P856,1,
INE46903,municipality,46903,San Antonio de Benagéber,Comunitat Valenciana,València/Valencia,11192,https://www.sanantoniodebenageber.es/,wikidata_P856,1,
INE17018,municipality,17018,Bellcaire d'Empordà,Cataluña,Girona,723,http://www.bellcaire.cat/,wikidata_P856,1,
INE17086,municipality,17086,"Jonquera, La",Cataluña,Girona,3420,http://www.lajonquera.cat/,wikidata_P856,1,
INE25208,municipality,25208,Soriguera,Cataluña,Lleida,446,http://soriguera.ddl.net/,wikidata_P856,1,
INE33021,municipality,33021,Cudillero,"Asturias, Principado de",Asturias,4867,http://www.ayuntamientodecudillero.com/,wikidata_P856,1,
INE31173,municipality,31173,Monteagudo,"Navarra, Comunidad Foral de",Navarra,1073,http://www.monteagudo.org/,wikidata_P856,1,
INE37322,municipality,37322,Terradillos,Castilla y León,Salamanca,3314,http://www.ayto-terradillos.com/,wikidata_P856,1,
INE37070,municipality,37070,Calvarrasa de Arriba,Castilla y León,Salamanca,604,http://www.calvarrasadearriba.es/,wikidata_P856,1,
INE33064,municipality,33064,Santo Adriano,"Asturias, Principado de",Asturias,281,http://www.santoadriano.org/,wikidata_P856,1,
INE08160,municipality,08160,Perafita,Cataluña,Barcelona,433,http://www.perafita.cat/,wikidata_P856,1,
INE39076,municipality,39076,Santillana del Mar,Cantabria,Cantabria,4189,,,0,
INE37117,municipality,37117,Doñinos de Salamanca,Castilla y León,Salamanca,2273,http://www.ayto-doninos.com/,wikidata_P856,1,
INE37032,municipality,37032,Arapiles,Castilla y León,Salamanca,744,http://arapiles.es//,wikidata_P856,1,
INE33015,municipality,33015,Caso,"Asturias, Principado de",Asturias,1437,http://www.ayto-caso.es/,wikidata_P856,1,
INE31040,municipality,31040,Atetz,"Navarra, Comunidad Foral de",Navarra,227,,,0,
INE46242,municipality,46242,Torrebaja,Comunitat Valenciana,València/Valencia,398,http://www.torrebaja.es/,wikidata_P856,1,
INE46074,municipality,46074,Bonrepòs i Mirambell,Comunitat Valenciana,València/Valencia,4115,http://www.bonreposimirambell.es/,wikidata_P856,1,
INE32017,municipality,32017,Carballeda de Valdeorras,Galicia,Ourense,1311,,,0,
INE27050,municipality,27050,Quiroga,Galicia,Lugo,3040,http://concellodequiroga.com/,wikidata_P856,1,
INE17194,municipality,17194,Susqueda,Cataluña,Girona,103,http://www.susqueda.cat/,wikidata_P856,1,
INE34069,municipality,34069,Dueñas,Castilla y León,Palencia,2605,http://duenas.dip-palencia.es/,wikidata_P856,1,
INE23081,municipality,23081,Segura de la Sierra,Andalucía,Jaén,1711,http://www.ayuntamiento-seguradelasierra.com/,wikidata_P856,1,
INE21037,municipality,21037,"Granado, El",Andalucía,Huelva,480,http://www.elgranado.es/,wikidata_P856,1,
INE20059,municipality,20059,Oñati,País Vasco,Gipuzkoa,11480,https://www.oñati.eus/,wikidata_P856,1,
INE08264,municipality,08264,Sant Vicenç de Montalt,Cataluña,Barcelona,6802,https://www.svmontalt.cat/,wikidata_P856,1,
INE25093,municipality,25093,Fondarella,Cataluña,Lleida,823,http://fondarella.ddl.net/,wikidata_P856,1,
INE45203,municipality,45203,Yuncler,Castilla-La Mancha,Toledo,5275,http://www.aytoyuncler.com/,clm_directorio_entidades_locales,0,
INE17141,municipality,17141,Puigcerdà,Cataluña,Girona,10035,http://www.puigcerda.cat/,wikidata_P856,1,
INE25174,municipality,25174,"Portella, La",Cataluña,Lleida,731,http://www.laportella.cat/,wikidata_P856,1,
INE33026,municipality,33026,Grado,"Asturias, Principado de",Asturias,9681,http://www.ayto-grado.es/,wikidata_P856,1,
INE46116,municipality,46116,"Eliana, l'",Comunitat Valenciana,València/Valencia,19839,https://www.leliana.es/,wikidata_P856,1,
INE46177,municipality,46177,Museros,Comunitat Valenciana,València/Valencia,6871,https://museros.org/inici/,wikidata_P856,1,
INE01046,municipality,01046,Erriberagoitia/Ribera Alta,País Vasco,Araba/Álava,839,http://www.cuadrilladeanana.es/ralta/,wikidata_P856,1,
INE50068,municipality,50068,Calatorao,Aragón,Zaragoza,2970,https://www.calatorao.es/,wikidata_P856,1,
INE31012,municipality,31012,Allo,"Navarra, Comunidad Foral de",Navarra,1028,,,0,
INE31047,municipality,31047,Bargota,"Navarra, Comunidad Foral de",Navarra,237,http://www.bargota.org/,wikidata_P856,1,
INE50093,municipality,50093,Chodes,Aragón,Zaragoza,98,,,0,
INE50225,municipality,50225,Ricla,Aragón,Zaragoza,3019,http://www.ricla.es/,wikidata_P856,1,
INE10192,municipality,10192,Torremocha,Extremadura,Cáceres,742,http://www.torremocha.cc/,wikidata_P856,1,
INE27063,municipality,27063,"Valadouro, O",Galicia,Lugo,1845,http://www.valadouro.gal/,wikidata_P856,1,
INE22156,municipality,22156,Monflorite-Lascasas,Aragón,Huesca,475,http://www.monflorite-lascasas.es/,wikidata_P856,1,
INE02052,municipality,02052,Motilleja,Castilla-La Mancha,Albacete,673,http://www.motilleja.es/,clm_directorio_entidades_locales,0,
INE17198,municipality,17198,Torroella de Fluvià,Cataluña,Girona,778,http://www.torroelladefluvia.cat/,wikidata_P856,1,
INE28018,municipality,28018,Becerril de la Sierra,"Madrid, Comunidad de",Madrid,6737,https://becerrildelasierra.org/,wikidata_P856,1,
INE33051,municipality,33051,Pravia,"Asturias, Principado de",Asturias,7792,http://www.pravia.es/,wikidata_P856,1,
INE03070,municipality,03070,Formentera del Segura,Comunitat Valenciana,Alacant/Alicante,4868,http://www.formenteradelsegura.es/,wikidata_P856,1,
INE46172,municipality,46172,Montserrat,Comunitat Valenciana,València/Valencia,10062,http://www.montserrat.es/,wikidata_P856,1,
INE45183,municipality,45183,"Ventas de Retamosa, Las",Castilla-La Mancha,Toledo,4206,http://www.lasventasderetamosa.es/,wikidata_P856,1,
INE01030,municipality,01030,Lagrán,País Vasco,Araba/Álava,177,,,0,
INE28164,municipality,28164,Valdetorres de Jarama,"Madrid, Comunidad de",Madrid,5175,https://www.ayto-valdetorresdejarama.es/,wikidata_P856,1,
INE31110,municipality,31110,Gallipienzo/Galipentzu,"Navarra, Comunidad Foral de",Navarra,100,,,0,
INE07033,municipality,07033,Manacor,"Balears, Illes",Illes Balears,49153,http://manacor.org/es,wikidata_P856,1,
INE03006,municipality,03006,Alcalalí,Comunitat Valenciana,Alacant/Alicante,1428,http://www.alcalali.es/,wikidata_P856,2,
INE31044,municipality,31044,Bakaiku,"Navarra, Comunidad Foral de",Navarra,342,,,0,
INE31135,municipality,31135,Javier,"Navarra, Comunidad Foral de",Navarra,106,,,0,
INE21003,municipality,21003,"Almendro, El",Andalucía,Huelva,862,http://www.ayto-elalmendro.es/,wikidata_P856,1,
INE25909,municipality,25909,"Vansa i Fórnols, La",Cataluña,Lleida,187,http://www.lavansaifornols.cat/,wikidata_P856,1,
INE08219,municipality,08219,Vilassar de Mar,Cataluña,Barcelona,21227,http://www.vilassardemar.cat/,wikidata_P856,1,
INE50089,municipality,50089,Cuarte de Huerva,Aragón,Zaragoza,15408,https://www.cuartedehuerva.es/,wikidata_P856,1,
INE08006,municipality,08006,Arenys de Mar,Cataluña,Barcelona,17042,http://www.arenysdemar.cat/,wikidata_P856,1,
INE46009,municipality,46009,Albalat dels Sorells,Comunitat Valenciana,València/Valencia,4368,http://www.albalatdelssorells.es/,wikidata_P856,1,
INE46159,municipality,46159,Manises,Comunitat Valenciana,València/Valencia,32609,https://www.manises.es/,wikidata_P856,1,
INE46163,municipality,46163,Massalfassar,Comunitat Valenciana,València/Valencia,2716,http://www.massalfassar.es/ca,wikidata_P856,1,
INE43137,municipality,43137,Sant Jaume dels Domenys,Cataluña,Tarragona,2819,https://www.santjaumedelsdomenys.cat/,wikidata_P856,1,
INE31264,municipality,31264,Zugarramurdi,"Navarra, Comunidad Foral de",Navarra,213,http://www.zugarramurdi.es/,wikidata_P856,1,
INE11038,municipality,11038,Ubrique,Andalucía,Cádiz,16615,http://www.ubrique.es/,wikidata_P856,2,
INE10203,municipality,10203,Valencia de Alcántara,Extremadura,Cáceres,5150,http://www.valenciadealcantara.es/,wikidata_P856,1,
INE46064,municipality,46064,Benimuslem,Comunitat Valenciana,València/Valencia,674,http://www.benimuslem.es/,wikidata_P856,1,
INE45051,municipality,45051,Cobeja,Castilla-La Mancha,Toledo,2719,http://www.aytocobeja.es/,clm_directorio_entidades_locales,0,
INE16032,municipality,16032,Belinchón,Castilla-La Mancha,Cuenca,453,http://geo.ya.com/torralbaweb,wikidata_P856,1,
INE16033,municipality,16033,Belmonte,Castilla-La Mancha,Cuenca,1751,http://www.belmonte.es/,clm_directorio_entidades_locales,0,
INE16217,municipality,16217,Tribaldos,Castilla-La Mancha,Cuenca,101,http://www.jccm.es/tribaldos,wikidata_P856,1,
INE08243,municipality,08243,Santa Cecília de Voltregà,Cataluña,Barcelona,197,https://www.santacecilia.cat/,wikidata_P856,1,
INE31154,municipality,31154,Lezaun,"Navarra, Comunidad Foral de",Navarra,248,http://www.lezaun.es/,wikidata_P856,1,
INE10031,municipality,10031,Botija,Extremadura,Cáceres,184,http://www.botija.es/,wikidata_P856,1,
INE45083,municipality,45083,Layos,Castilla-La Mancha,Toledo,931,http://www.layos.org/,clm_directorio_entidades_locales,0,
INE16190,municipality,16190,San Clemente,Castilla-La Mancha,Cuenca,6797,http://www.sanclemente.es/,clm_directorio_entidades_locales,0,
INE16061,municipality,16061,Casas de Fernando Alonso,Castilla-La Mancha,Cuenca,1041,,,0,
INE07041,municipality,07041,Petra,"Balears, Illes",Illes Balears,3231,http://www.ajpetra.net/,wikidata_P856,1,
INE45142,municipality,45142,Quintanar de la Orden,Castilla-La Mancha,Toledo,11355,https://www.quintanardelaorden.es/,clm_directorio_entidades_locales,0,
INE16049,municipality,16049,"Cañavate, El",Castilla-La Mancha,Cuenca,125,,,0,
INE04045,municipality,04045,Fiñana,Andalucía,Almería,1956,http://www.finana.es/,wikidata_P856,1,
INE39072,municipality,39072,San Roque de Riomiera,Cantabria,Cantabria,333,http://www.sanroquederiomiera.es/,wikidata_P856,1,
INE44196,municipality,44196,Riodeva,Aragón,Teruel,113,https://www.riodeva.es/,wikidata_P856,1,
INE46152,municipality,46152,Llocnou de la Corona,Comunitat Valenciana,València/Valencia,132,http://www.llocnoudelacorona.es/,wikidata_P856,1,
INE31175,municipality,31175,Mues,"Navarra, Comunidad Foral de",Navarra,80,,,0,
INE31225,municipality,31225,Sorlada,"Navarra, Comunidad Foral de",Navarra,39,,,0,
INE12091,municipality,12091,Portell de Morella,Comunitat Valenciana,Castelló/Castellón,155,http://www.portelldemorella.es/,wikidata_P856,1,
INE12043,municipality,12043,Caudiel,Comunitat Valenciana,Castelló/Castellón,735,http://www.caudiel.es/,wikidata_P856,1,
INE08166,municipality,08166,"Pobla de Lillet, La",Cataluña,Barcelona,1105,https://poblalillet.cat/,wikidata_P856,1,
INE03079,municipality,03079,Ibi,Comunitat Valenciana,Alacant/Alicante,24500,http://www.ibi.es/,wikidata_P856,1,
INE03053,municipality,03053,Castalla,Comunitat Valenciana,Alacant/Alicante,11908,https://www.castalla.org/,wikidata_P856,1,
INE33041,municipality,33041,Navia,"Asturias, Principado de",Asturias,8031,http://www.ayto-navia.es/,wikidata_P856,1,
INE18154,municipality,18154,"Peza, La",Andalucía,Granada,1104,http://ayuntamientolapeza.com/,wikidata_P856,1,
INE31111,municipality,31111,Gallués/Galoze,"Navarra, Comunidad Foral de",Navarra,91,,,0,
INE19242,municipality,19242,Romanones,Castilla-La Mancha,Guadalajara,127,,,0,
INE19325,municipality,19325,Viñuelas,Castilla-La Mancha,Guadalajara,181,https://vinuelas.sedelectronica.es/,clm_directorio_entidades_locales,0,
INE29016,municipality,29016,Árchez,Andalucía,Málaga,441,https://archez.com/,wikidata_P856,1,
INE12099,municipality,12099,Sant Jordi/San Jorge,Comunitat Valenciana,Castelló/Castellón,1554,http://www.santjordi.es/,wikidata_P856,1,
INE19192,municipality,19192,Mondéjar,Castilla-La Mancha,Guadalajara,2918,https://mondejar.eu/,clm_directorio_entidades_locales,0,
INE31060,municipality,31060,Burlada/Burlata,"Navarra, Comunidad Foral de",Navarra,21280,https://www.burlada.es/,wikidata_P856,1,
INE31187,municipality,31187,Oiz,"Navarra, Comunidad Foral de",Navarra,129,,,0,
INE18180,municipality,18180,Trevélez,Andalucía,Granada,698,http://www.trevelez.es/,wikidata_P856,1,
INE19071,municipality,19071,"Casar, El",Castilla-La Mancha,Guadalajara,13962,http://www.elcasar.es/,clm_directorio_entidades_locales,0,
INE18108,municipality,18108,Jérez del Marquesado,Andalucía,Granada,955,http://www.jerezdelmarquesado.net/,wikidata_P856,1,
INE18010,municipality,18010,Aldeire,Andalucía,Granada,597,http://www.aldeire.es/,wikidata_P856,1,
INE19102,municipality,19102,"Cubillo de Uceda, El",Castilla-La Mancha,Guadalajara,120,http://www.elcubillodeuceda.com/,clm_directorio_entidades_locales,0,
INE19111,municipality,19111,Escariche,Castilla-La Mancha,Guadalajara,186,http://www.escariche.es/,clm_directorio_entidades_locales,0,
INE29086,municipality,29086,Sayalonga,Andalucía,Málaga,1672,http://www.sayalonga.es/,wikidata_P856,1,
INE26020,municipality,26020,Ausejo,"Rioja, La","Rioja, La",774,http://ayuntamientodeausejo.org/,wikidata_P856,1,
INE31119,municipality,31119,Güesa/Gorza,"Navarra, Comunidad Foral de",Navarra,36,,,0,
INE31133,municipality,31133,Izalzu/Itzaltzu,"Navarra, Comunidad Foral de",Navarra,36,,,0,
INE19138,municipality,19138,Hita,Castilla-La Mancha,Guadalajara,336,https://hita.es/,clm_directorio_entidades_locales,0,
INE18042,municipality,18042,Capileira,Andalucía,Granada,590,https://www.capileira.es/,wikidata_P856,1,
INE31247,municipality,31247,Uztárroz/Uztarroze,"Navarra, Comunidad Foral de",Navarra,136,,,0,
INE08195,municipality,08195,Sant Agustí de Lluçanès,Cataluña,Barcelona,106,https://santagustidellucanes.cat/,wikidata_P856,1,
INE43061,municipality,43061,Forès,Cataluña,Tarragona,38,http://www.fores.cat/,wikidata_P856,1,
INE04008,municipality,04008,Alcóntar,Andalucía,Almería,545,https://www.alcontar.es/,wikidata_P856,1,
INE06156,municipality,06156,Villar de Rena,Extremadura,Badajoz,1326,http://www.villarderena.es/,wikidata_P856,1,
INE12073,municipality,12073,Ludiente,Comunitat Valenciana,Castelló/Castellón,162,http://www.ludiente.es/,wikidata_P856,1,
INE09217,municipality,09217,Merindad de Valdivielso,Castilla y León,Burgos,384,http://www.merindaddevaldivielso.com/,wikidata_P856,1,
INE45126,municipality,45126,Otero,Castilla-La Mancha,Toledo,436,https://ayuntamientodeotero.es/,clm_directorio_entidades_locales,0,
INE37332,municipality,37332,Valdehijaderos,Castilla y León,Salamanca,84,,,0,
INE29091,municipality,29091,Torrox,Andalucía,Málaga,22015,http://www.torrox.es/,wikidata_P856,1,
INE37214,municipality,37214,Nava de Francia,Castilla y León,Salamanca,116,,,0,
INE16902,municipality,16902,Valdetórtola,Castilla-La Mancha,Cuenca,115,,,0,
INE13081,municipality,13081,Terrinches,Castilla-La Mancha,Ciudad Real,574,http://terrinches.com/,clm_directorio_entidades_locales,0,
INE44219,municipality,44219,Tornos,Aragón,Teruel,175,http://www.tornos.es/,wikidata_P856,1,
INE26162,municipality,26162,Valgañón,"Rioja, La","Rioja, La",133,,,0,
INE15028,municipality,15028,Corcubión,Galicia,"Coruña, A",1659,http://www.corcubion.info/,wikidata_P856,1,
INE22139,municipality,22139,Laperdiguera,Aragón,Huesca,87,http://www.laperdiguera.es/,wikidata_P856,1,
INE32057,municipality,32057,Parada de Sil,Galicia,Ourense,500,,,0,
INE37293,municipality,37293,Santa María de Sando,Castilla y León,Salamanca,91,http://santamariadesando.es//,wikidata_P856,1,
INE13067,municipality,13067,"Pozuelos de Calatrava, Los",Castilla-La Mancha,Ciudad Real,326,,,0,
INE10138,municipality,10138,Pasarón de la Vera,Extremadura,Cáceres,588,http://www.pasarondelavera.es/,wikidata_P856,1,
INE16160,municipality,16160,Pineda de Gigüela,Castilla-La Mancha,Cuenca,58,,,0,
INE05035,municipality,05035,Blascosancho,Castilla y León,Ávila,85,http://www.blascosancho.es/,wikidata_P856,1,
INE47223,municipality,47223,Villardefrades,Castilla y León,Valladolid,145,,,0,
INE42212,municipality,42212,Villasayas,Castilla y León,Soria,59,,,0,
INE43021,municipality,43021,Barberà de la Conca,Cataluña,Tarragona,476,http://www.barbera.altanet.org/,wikidata_P856,1,
INE05064,municipality,05064,Constanzana,Castilla y León,Ávila,104,http://www.constanzana.es/,wikidata_P856,1,
INE37196,municipality,37196,Monforte de la Sierra,Castilla y León,Salamanca,50,,,0,
INE37185,municipality,37185,Castellanos de Villiquera,Castilla y León,Salamanca,727,https://castellanosdevilliquera.es/,wikidata_P856,1,
INE20008,municipality,20008,Amezketa,País Vasco,Gipuzkoa,956,https://www.amezketa.eus/,wikidata_P856,1,
INE28116,municipality,28116,Pozuelo del Rey,"Madrid, Comunidad de",Madrid,1302,http://www.pozuelodelrey.es/,wikidata_P856,1,
INE03018,municipality,03018,Altea,Comunitat Valenciana,Alacant/Alicante,24592,https://www.altea.es/,wikidata_P856,1,
INE09281,municipality,09281,Quintana del Pidio,Castilla y León,Burgos,150,http://www.quintanadelpidio.com/,wikidata_P856,1,
INE09363,municipality,09363,Sasamón,Castilla y León,Burgos,898,http://www.sasamon.org/,wikidata_P856,1,
INE49121,municipality,49121,Mombuey,Castilla y León,Zamora,395,http://www.mombuey.com/,wikidata_P856,1,
INE49266,municipality,49266,Villárdiga,Castilla y León,Zamora,60,,,0,
INE45063,municipality,45063,Espinoso del Rey,Castilla-La Mancha,Toledo,420,http://www.esmipueblo.com/espinoso/default.htm,wikidata_P856,1,
INE50207,municipality,50207,Piedratajada,Aragón,Zaragoza,96,,,0,
INE16211,municipality,16211,Torrejoncillo del Rey,Castilla-La Mancha,Cuenca,341,,,0,
INE09022,municipality,09022,Arauzo de Torre,Castilla y León,Burgos,55,http://www.arauzodetorre.es/,wikidata_P856,1,
INE19174,municipality,19174,Matillas,Castilla-La Mancha,Guadalajara,111,,,0,
INE41074,municipality,41074,Peñaflor,Andalucía,Sevilla,3628,http://www.penaflor.es/,wikidata_P856,1,
INE18093,municipality,18093,Gualchos,Andalucía,Granada,5284,http://www.gualchos.es/,wikidata_P856,1,
INE50246,municipality,50246,Sisamón,Aragón,Zaragoza,50,,,0,
INE14901,municipality,14901,Fuente Carreteros,Andalucía,Córdoba,1073,https://www.fuentecarreteros.es/,wikidata_P856,1,
INE07004,municipality,07004,Algaida,"Balears, Illes",Illes Balears,6357,http://www.ajalgaida.net/,wikidata_P856,1,
INE50247,municipality,50247,Sobradiel,Aragón,Zaragoza,1110,https://sobradiel.es/,wikidata_P856,1,
INE05040,municipality,05040,Bularros,Castilla y León,Ávila,55,http://www.bularros.es/,wikidata_P856,1,
INE44096,municipality,44096,Ejulve,Aragón,Teruel,172,http://www.ejulve.com/,wikidata_P856,1,
INE34171,municipality,34171,Santibáñez de la Peña,Castilla y León,Palencia,892,http://santibanezdelapena.es/,wikidata_P856,1,
INE31177,municipality,31177,Murieta,"Navarra, Comunidad Foral de",Navarra,345,http://www.murieta.org/,wikidata_P856,1,
INE05094,municipality,05094,Herreros de Suso,Castilla y León,Ávila,141,http://www.herrerosdesuso.es/,wikidata_P856,1,
INE14053,municipality,14053,Posadas,Andalucía,Córdoba,7273,https://posadas.es/,wikidata_P856,1,
INE19268,municipality,19268,Tierzo,Castilla-La Mancha,Guadalajara,32,,,0,
INE16019,municipality,16019,Altarejos,Castilla-La Mancha,Cuenca,193,,,0,
INE37278,municipality,37278,San Cristóbal de la Cuesta,Castilla y León,Salamanca,1169,http://sancristobaldelacuesta.es/,wikidata_P856,1,
INE06132,municipality,06132,Torremayor,Extremadura,Badajoz,992,http://www.torremayor.es/,wikidata_P856,1,
INE29030,municipality,29030,"Borge, El",Andalucía,Málaga,958,http://www.elborge.es/,wikidata_P856,1,
INE37148,municipality,37148,Garcihernández,Castilla y León,Salamanca,412,http://garcihernandez.es/,wikidata_P856,1,
INE42116,municipality,42116,Miño de San Esteban,Castilla y León,Soria,43,,,0,
INE06006,municipality,06006,Alburquerque,Extremadura,Badajoz,4928,http://www.alburquerque.es/,wikidata_P856,1,
INE02017,municipality,02017,Bogarra,Castilla-La Mancha,Albacete,727,http://www.bogarra.es/,clm_directorio_entidades_locales,0,
INE19321,municipality,19321,Villares de Jadraque,Castilla-La Mancha,Guadalajara,39,,,0,
INE05060,municipality,05060,Cisla,Castilla y León,Ávila,107,http://www.cisla.es/,wikidata_P856,1,
INE15902,municipality,15902,Oza Cesuras,Galicia,"Coruña, A",5159,https://www.concellodeozacesuras.es/web/index.aspx,wikidata_P856,1,
INE37229,municipality,37229,Palencia de Negrilla,Castilla y León,Salamanca,140,https://www.palenciadenegrilla.com/,wikidata_P856,1,
INE03094,municipality,03094,"Nucia, la",Comunitat Valenciana,Alacant/Alicante,19121,http://www.lanucia.es/,wikidata_P856,1,
INE09274,municipality,09274,Pradoluengo,Castilla y León,Burgos,1090,http://pradoluengo.burgos.es/,wikidata_P856,1,
INE03090,municipality,03090,Mutxamel,Comunitat Valenciana,Alacant/Alicante,28621,http://www.mutxamel.org/,wikidata_P856,1,
INE16228,municipality,16228,Valdeolivas,Castilla-La Mancha,Cuenca,206,,,0,
INE22124,municipality,22124,Huerto,Aragón,Huesca,216,https://www.huerto.es/,wikidata_P856,1,
INE10093,municipality,10093,Hernán-Pérez,Extremadura,Cáceres,401,,,0,
INE05155,municipality,05155,Navaescurial,Castilla y León,Ávila,54,http://www.navaescurial.es/,wikidata_P856,1,
INE49110,municipality,49110,Manzanal de Arriba,Castilla y León,Zamora,332,http://www.aytomanzanalarriba.es/,wikidata_P856,1,
INE10055,municipality,10055,Casas del Monte,Extremadura,Cáceres,761,http://www.casasdelmonte.es/,wikidata_P856,1,
INE49129,municipality,49129,Morales de Toro,Castilla y León,Zamora,918,https://moralesdetoro.sedelectronica.es/,wikidata_P856,1,
INE50074,municipality,50074,Caspe,Aragón,Zaragoza,10365,http://www.caspe.es/,wikidata_P856,1,
INE26009,municipality,26009,Alesanco,"Rioja, La","Rioja, La",486,http://www.alesanco.org/,wikidata_P856,1,
INE40022,municipality,40022,Armuña,Castilla y León,Segovia,253,http://armuna.sedelectronica.es/,wikidata_P856,1,
INE37263,municipality,37263,Puerto de Béjar,Castilla y León,Salamanca,342,http://www.puertodebejar.org/,wikidata_P856,1,
INE24078,municipality,24078,Gordoncillo,Castilla y León,León,312,http://www.gordoncillo.com/,wikidata_P856,1,
INE09140,municipality,09140,Fuentenebro,Castilla y León,Burgos,137,http://www.fuentenebro.es/,wikidata_P856,1,
INE45171,municipality,45171,"Torre de Esteban Hambrán, La",Castilla-La Mancha,Toledo,1946,http://www.latorredeestebanhambran.es/,clm_directorio_entidades_locales,0,
INE40204,municipality,40204,Torrecilla del Pinar,Castilla y León,Segovia,188,http://www.torrecilladelpinar.es/,wikidata_P856,1,
INE25003,municipality,25003,Agramunt,Cataluña,Lleida,5653,http://www.agramunt.cat/,wikidata_P856,1,
INE50124,municipality,50124,Herrera de los Navarros,Aragón,Zaragoza,495,https://www.herreradelosnavarros.es/,wikidata_P856,1,
INE37029,municipality,37029,Anaya de Alba,Castilla y León,Salamanca,190,,,0,
INE40061,municipality,40061,Corral de Ayllón,Castilla y León,Segovia,76,http://www.corraldeayllon.es/,wikidata_P856,1,
INE12134,municipality,12134,Vilar de Canes,Comunitat Valenciana,Castelló/Castellón,156,http://www.vilardecanes.es/,wikidata_P856,1,
INE19191,municipality,19191,Monasterio,Castilla-La Mancha,Guadalajara,13,,,0,
INE50203,municipality,50203,Pastriz,Aragón,Zaragoza,1316,http://www.pastriz.es/,wikidata_P856,1,
INE09365,municipality,09365,"Sequera de Haza, La",Castilla y León,Burgos,28,http://www.lasequeradehaza.es/,wikidata_P856,1,
INE50157,municipality,50157,Malón,Aragón,Zaragoza,474,,,0,
INE04101,municipality,04101,Viator,Andalucía,Almería,6339,http://www.ayuntamientoviator.es/,wikidata_P856,1,
INE09076,municipality,09076,Carrias,Castilla y León,Burgos,26,http://www.carrias.es/,wikidata_P856,1,
INE45146,municipality,45146,Retamoso de la Jara,Castilla-La Mancha,Toledo,109,https://retamosodelajara.sedelectronica.es/,clm_directorio_entidades_locales,0,
INE50180,municipality,50180,Mozota,Aragón,Zaragoza,130,,,0,
INE08071,municipality,08071,Copons,Cataluña,Barcelona,352,https://copons.cat/,wikidata_P856,1,
INE26061,municipality,26061,Ezcaray,"Rioja, La","Rioja, La",2067,http://www.ezcaray.org/,wikidata_P856,1,
INE49033,municipality,49033,Camarzana de Tera,Castilla y León,Zamora,740,http://www.camarzanadetera.es/,wikidata_P856,1,
INE24084,municipality,24084,Izagre,Castilla y León,León,133,http://www.aytoizagre.es/,wikidata_P856,1,
INE24177,municipality,24177,Valdelugueros,Castilla y León,León,484,http://www.aytovaldelugueros.es/,wikidata_P856,1,
INE44226,municipality,44226,Torrelacárcel,Aragón,Teruel,131,http://www.torrelacarcel.es/InternetRural/torrelacarcel/home.nsf,wikidata_P856,1,
INE06076,municipality,06076,Maguilla,Extremadura,Badajoz,919,http://www.maguilla.es/,wikidata_P856,1,
INE02038,municipality,02038,"Herrera, La",Castilla-La Mancha,Albacete,308,http://www.laherrera.es/,clm_directorio_entidades_locales,0,
INE37107,municipality,37107,Ciudad Rodrigo,Castilla y León,Salamanca,11750,http://www.aytociudadrodrigo.es/,wikidata_P856,1,
INE20001,municipality,20001,Abaltzisketa,País Vasco,Gipuzkoa,321,http://www.abaltzisketa.net/,wikidata_P856,1,
INE39031,municipality,39031,Hazas de Cesto,Cantabria,Cantabria,1957,,,0,
INE18086,municipality,18086,Gorafe,Andalucía,Granada,368,http://www.gorafe.es/,wikidata_P856,1,
INE09343,municipality,09343,Santa Cecilia,Castilla y León,Burgos,107,http://santacecilia.burgos.es/,wikidata_P856,1,
INE05265,municipality,05265,Vita,Castilla y León,Ávila,81,http://www.vita.es/,wikidata_P856,1,
INE23091,municipality,23091,Torres de Albánchez,Andalucía,Jaén,735,http://www.torresdealbanchez.es/,wikidata_P856,1,
INE44110,municipality,44110,Fuenferrada,Aragón,Teruel,38,,,0,
INE14071,municipality,14071,Villanueva del Rey,Andalucía,Córdoba,1031,https://www.villanuevadelrey.es/,wikidata_P856,1,
INE47200,municipality,47200,Villaco,Castilla y León,Valladolid,72,,,0,
INE22068,municipality,22068,Borau,Aragón,Huesca,77,https://www.borau.es/,wikidata_P856,1,
INE10072,municipality,10072,Eljas,Extremadura,Cáceres,827,http://www.eljas.es/,wikidata_P856,1,
INE20901,municipality,20901,Mendaro,País Vasco,Gipuzkoa,2028,https://www.mendaro.eus/,wikidata_P856,1,
INE09078,municipality,09078,Cascajares de la Sierra,Castilla y León,Burgos,25,http://www.cascajaresdelasierra.es/,wikidata_P856,1,
INE37343,municipality,37343,Vallejera de Riofrío,Castilla y León,Salamanca,67,,,0,
INE02061,municipality,02061,Pétrola,Castilla-La Mancha,Albacete,660,http://www.petrola.es/,clm_directorio_entidades_locales,0,
INE47211,municipality,47211,Villalba de la Loma,Castilla y León,Valladolid,56,,,0,
INE47194,municipality,47194,Viloria,Castilla y León,Valladolid,338,http://www.diputaciondevalladolid.es/nuestros_pueblos/nuestros_pueblos.shtml,wikidata_P856,1,
INE42009,municipality,42009,Aldealafuente,Castilla y León,Soria,85,http://www.aldealafuente.eu/,wikidata_P856,1,
INE07017,municipality,07017,Costitx,"Balears, Illes",Illes Balears,1591,http://www.ajcostitx.net/,wikidata_P856,1,
INE50022,municipality,50022,"Almolda, La",Aragón,Zaragoza,521,http://www.laalmolda.com/index.htm,wikidata_P856,1,
INE37241,municipality,37241,Pelarrodríguez,Castilla y León,Salamanca,161,,,0,
INE09241,municipality,09241,Orbaneja Riopico,Castilla y León,Burgos,341,http://www.orbanejariopico.es/,wikidata_P856,1,
INE22151,municipality,22151,Loscorrales,Aragón,Huesca,98,http://www.aytoloscorrales.es/,wikidata_P856,1,
INE49117,municipality,49117,Micereces de Tera,Castilla y León,Zamora,404,http://www.aytomicereces.es/,wikidata_P856,1,
INE09230,municipality,09230,Navas de Bureba,Castilla y León,Burgos,24,http://www.navasdebureba.es/,wikidata_P856,1,
INE15093,municipality,15093,Zas,Galicia,"Coruña, A",4199,http://www.concellodezas.org/,wikidata_P856,1,
INE05217,municipality,05217,San Miguel de Corneja,Castilla y León,Ávila,65,https://www.sanmigueldecorneja.es/,wikidata_P856,1,
INE10169,municipality,10169,Santiago de Alcántara,Extremadura,Cáceres,454,,,0,
INE18077,municipality,18077,Fornes,Andalucía,Granada,526,http://sedefornes.dipgra.es/,wikidata_P856,1,
INE47146,municipality,47146,San Miguel del Pino,Castilla y León,Valladolid,365,,,0,
INE05024,municipality,05024,Becedas,Castilla y León,Ávila,146,http://www.becedas.es/,wikidata_P856,1,
INE22218,municipality,22218,Senés de Alcubierre,Aragón,Huesca,49,http://www.senesdealcubierre.es/,wikidata_P856,1,
INE49017,municipality,49017,Asturianos,Castilla y León,Zamora,252,http://aytoasturianos.es/,wikidata_P856,1,
INE36061,municipality,36061,Vilanova de Arousa,Galicia,Pontevedra,10159,http://www.vilanovadearousa.com/,wikidata_P856,1,
INE21067,municipality,21067,Santa Ana la Real,Andalucía,Huelva,466,http://www.santaanalareal.es/,wikidata_P856,1,
INE26164,municipality,26164,Ventrosa,"Rioja, La","Rioja, La",48,http://www.ventrosa.net/,wikidata_P856,1,
INE05238,municipality,05238,Solosancho,Castilla y León,Ávila,750,http://www.solosancho.com/,wikidata_P856,1,
INE50143,municipality,50143,Longares,Aragón,Zaragoza,802,http://www.longares.com/,wikidata_P856,1,
INE18004,municipality,18004,Albondón,Andalucía,Granada,703,https://www.albondon.es/,wikidata_P856,1,
INE34058,municipality,34058,Cevico Navero,Castilla y León,Palencia,175,http://ceviconavero.dip-palencia.es/index.php,wikidata_P856,1,
INE49046,municipality,49046,Cerecinos de Campos,Castilla y León,Zamora,231,,,0,
INE19156,municipality,19156,Jadraque,Castilla-La Mancha,Guadalajara,1522,http://www.jadraque.es/,clm_directorio_entidades_locales,0,
INE20904,municipality,20904,Baliarrain,País Vasco,Gipuzkoa,152,http://www.baliarrain.eus/,wikidata_P856,1,
INE39040,municipality,39040,Marina de Cudeyo,Cantabria,Cantabria,5221,http://www.marinadecudeyo.com/,wikidata_P856,1,
INE37379,municipality,37379,Zamayón,Castilla y León,Salamanca,192,https://zamayon.es/,wikidata_P856,1,
INE47176,municipality,47176,"Unión de Campos, La",Castilla y León,Valladolid,210,,,0,
INE36013,municipality,36013,Covelo,Galicia,Pontevedra,2472,http://www.concellodecovelo.es/,wikidata_P856,1,
INE37098,municipality,37098,Cepeda,Castilla y León,Salamanca,287,,,0,
INE40160,municipality,40160,Pinarnegrillo,Castilla y León,Segovia,98,http://www.pinarnegrillo.es/,wikidata_P856,1,
INE40033,municipality,40033,Brieva,Castilla y León,Segovia,93,http://www.brieva.es/,wikidata_P856,1,
INE47171,municipality,47171,Torrelobatón,Castilla y León,Valladolid,387,,,0,
INE45173,municipality,45173,Torrijos,Castilla-La Mancha,Toledo,14307,http://www.torrijos.es/,clm_directorio_entidades_locales,0,
INE37006,municipality,37006,"Alamedilla, La",Castilla y León,Salamanca,94,,,0,
INE05007,municipality,05007,Aldeanueva de Santa Cruz,Castilla y León,Ávila,100,http://www.aldeanuevadesantacruz.com/,wikidata_P856,1,
INE05125,municipality,05125,Mengamuñoz,Castilla y León,Ávila,60,http://www.mengamunoz.es/,wikidata_P856,1,
INE50249,municipality,50249,Tabuenca,Aragón,Zaragoza,305,http://www.tabuenca.es/,wikidata_P856,1,
INE34019,municipality,34019,Autillo de Campos,Castilla y León,Palencia,125,,,0,
INE44032,municipality,44032,Bádenas,Aragón,Teruel,28,,,0,
INE49124,municipality,49124,Moral de Sayago,Castilla y León,Zamora,265,http://www.moraldesayago.es/,wikidata_P856,1,
INE40140,municipality,40140,Navalilla,Castilla y León,Segovia,90,http://www.navalilla.es/,wikidata_P856,1,
INE40104,municipality,40104,Ituero y Lama,Castilla y León,Segovia,492,https://www.itueroylama.es/,wikidata_P856,1,
INE37037,municipality,37037,"Atalaya, La",Castilla y León,Salamanca,102,,,0,
INE34093,municipality,34093,"Vid de Ojeda, La",Castilla y León,Palencia,82,,,0,
INE09236,municipality,09236,Olmillos de Muñó,Castilla y León,Burgos,38,http://www.olmillosdemuño.es/,wikidata_P856,1,
INE40100,municipality,40100,Hontalbilla,Castilla y León,Segovia,277,http://www.hontalbilla.es/,wikidata_P856,1,
INE50096,municipality,50096,Embid de Ariza,Aragón,Zaragoza,28,,,0,
INE40182,municipality,40182,San Martín y Mudrián,Castilla y León,Segovia,263,http://www.sanmartinymudrian.es/,wikidata_P856,1,
INE05154,municipality,05154,Navadijos,Castilla y León,Ávila,29,https://www.navadijos.es/,wikidata_P856,1,
INE28063,municipality,28063,Gargantilla del Lozoya y Pinilla de Buitrago,"Madrid, Comunidad de",Madrid,396,https://www.gargantillaypinilla.madrid/,wikidata_P856,1,
INE06151,municipality,06151,Villagonzalo,Extremadura,Badajoz,1226,http://www.villagonzalo.es/,wikidata_P856,1,
INE37236,municipality,37236,Pedrosillo de Alba,Castilla y León,Salamanca,123,,,0,
INE37281,municipality,37281,Sanchón de la Sagrada,Castilla y León,Salamanca,43,,,0,
INE44256,municipality,44256,Villanueva del Rebollar de la Sierra,Aragón,Teruel,49,http://www.villanueva.com.es/,wikidata_P856,1,
INE05131,municipality,05131,Mirueña de los Infanzones,Castilla y León,Ávila,86,http://www.miruenadelosinfanzones.es/,wikidata_P856,1,
INE10078,municipality,10078,"Garganta, La",Extremadura,Cáceres,353,,,0,
INE34102,municipality,34102,Mazariegos,Castilla y León,Palencia,202,,,0,
INE05157,municipality,05157,Navalacruz,Castilla y León,Ávila,192,http://www.navalacruz.es/,wikidata_P856,1,
INE37062,municipality,37062,Cabezabellosa de la Calzada,Castilla y León,Salamanca,73,,,0,
INE45117,municipality,45117,Nombela,Castilla-La Mancha,Toledo,904,http://www.nombela.es/,clm_directorio_entidades_locales,0,
INE45055,municipality,45055,Cuerva,Castilla-La Mancha,Toledo,1226,http://www.cuerva.es/,clm_directorio_entidades_locales,0,
INE45112,municipality,45112,"Navalmorales, Los",Castilla-La Mancha,Toledo,2074,http://www.losnavalmorales.es/,clm_directorio_entidades_locales,0,
INE47099,municipality,47099,"Mudarra, La",Castilla y León,Valladolid,167,,,0,
INE44053,municipality,44053,Camañas,Aragón,Teruel,136,http://www.camanas.es/,wikidata_P856,1,
INE50291,municipality,50291,Villar de los Navarros,Aragón,Zaragoza,147,,,0,
INE19059,municipality,19059,Campillo de Dueñas,Castilla-La Mancha,Guadalajara,71,,,0,
INE47152,municipality,47152,Santa Eufemia del Arroyo,Castilla y León,Valladolid,78,,,0,
INE49204,municipality,49204,Santa María de Valverde,Castilla y León,Zamora,50,,,0,
INE44230,municipality,44230,Torrevelilla,Aragón,Teruel,161,http://www.torrevelilla.es/,wikidata_P856,1,
INE28119,municipality,28119,Quijorna,"Madrid, Comunidad de",Madrid,4044,http://www.aytoquijorna.org/,wikidata_P856,1,
INE08053,municipality,08053,Castellbell i el Vilar,Cataluña,Barcelona,4159,https://www.castellbellielvilar.cat/,wikidata_P856,1,
INE42165,municipality,42165,San Pedro Manrique,Castilla y León,Soria,626,http://www.sanpedromanrique.es/,wikidata_P856,1,
INE22200,municipality,22200,Sahún,Aragón,Huesca,320,http://www.sahun.es/,wikidata_P856,1,
INE24123,municipality,24123,Quintana del Castillo,Castilla y León,León,699,http://www.aytoquintanadelcastillo.es/,wikidata_P856,1,
INE47174,municipality,47174,Trigueros del Valle,Castilla y León,Valladolid,320,,,0,
INE36007,municipality,36007,"Campo Lameiro, O",Galicia,Pontevedra,1667,http://campolameiro.org/,wikidata_P856,1,
INE24175,municipality,24175,Valdefresno,Castilla y León,León,2362,http://www.valdefresno.org/,wikidata_P856,1,
INE06023,municipality,06023,Cabeza del Buey,Extremadura,Badajoz,4489,http://www.cabezadelbuey.es/,wikidata_P856,1,
INE03045,municipality,03045,Bolulla,Comunitat Valenciana,Alacant/Alicante,490,http://www.bolulla.es/,wikidata_P856,1,
INE16024,municipality,16024,Arguisuelas,Castilla-La Mancha,Cuenca,127,http://arguisuelas.sedelectronica.es/,clm_directorio_entidades_locales,0,
INE40212,municipality,40212,Valdevacas de Montejo,Castilla y León,Segovia,29,http://www.valdevacasdemontejo.es/,wikidata_P856,1,
INE26078,municipality,26078,Hornos de Moncalvillo,"Rioja, La","Rioja, La",92,,,0,
INE37364,municipality,37364,Villarino de los Aires,Castilla y León,Salamanca,727,https://www.villarinodelosaires.es/,wikidata_P856,1,
INE19330,municipality,19330,Yélamos de Arriba,Castilla-La Mancha,Guadalajara,97,,,0,
INE18902,municipality,18902,"Valle, El",Andalucía,Granada,941,http://www.elvalle.es/,wikidata_P856,1,
INE42032,municipality,42032,Bayubas de Abajo,Castilla y León,Soria,148,,,0,
INE49240,municipality,49240,Villadepera,Castilla y León,Zamora,165,,,0,
INE12070,municipality,12070,"Jana, la",Comunitat Valenciana,Castelló/Castellón,679,http://www.lajana.es/ca,wikidata_P856,1,
INE03130,municipality,03130,Tollos,Comunitat Valenciana,Alacant/Alicante,32,http://www.tollos.es/,wikidata_P856,1,
INE23090,municipality,23090,Torres,Andalucía,Jaén,1328,https://aytorres.es/,wikidata_P856,1,
INE10206,municipality,10206,Viandar de la Vera,Extremadura,Cáceres,216,http://www.viandardelavera.es/,wikidata_P856,1,
INE26030,municipality,26030,Bezares,"Rioja, La","Rioja, La",19,,,0,
INE27041,municipality,27041,Pantón,Galicia,Lugo,2350,https://concellodepanton.es/,wikidata_P856,1,
INE47135,municipality,47135,Robladillo,Castilla y León,Valladolid,86,,,0,
INE09409,municipality,09409,Valle de Manzanedo,Castilla y León,Burgos,115,http://www.valledemanzanedo.es/,wikidata_P856,1,
INE44185,municipality,44185,"Pobo, El",Aragón,Teruel,97,,,0,
INE47106,municipality,47106,Olmos de Peñafiel,Castilla y León,Valladolid,35,,,0,
INE04050,municipality,04050,Gérgal,Andalucía,Almería,1211,http://www.gergal.es/,wikidata_P856,1,
INE37221,municipality,37221,Navasfrías,Castilla y León,Salamanca,365,http://navasfrias.es/,wikidata_P856,1,
INE06030,municipality,06030,Capilla,Extremadura,Badajoz,142,http://www.capilla.es/,wikidata_P856,1,
INE44075,municipality,44075,Celadas,Aragón,Teruel,331,https://www.celadas.es/,wikidata_P856,1,
INE28014,municipality,28014,Arganda del Rey,"Madrid, Comunidad de",Madrid,60419,http://www.ayto-arganda.es/,wikidata_P856,1,
INE03050,municipality,03050,"Campello, el",Comunitat Valenciana,Alacant/Alicante,31419,https://www.elcampello.es/,wikidata_P856,1,
INE25907,municipality,25907,Torrefeta i Florejacs,Cataluña,Lleida,589,http://torrefeta.ddl.net/,wikidata_P856,1,
INE45164,municipality,45164,Sotillo de las Palomas,Castilla-La Mancha,Toledo,184,http://www.sotillodelaspalomas.es/,wikidata_P856,1,
INE42049,municipality,42049,Candilichera,Castilla y León,Soria,99,http://www.candilichera.es/,wikidata_P856,1,
INE40074,municipality,40074,Escarabajosa de Cabezas,Castilla y León,Segovia,269,https://www.escarabajosadecabezas.es/,wikidata_P856,1,
INE34106,municipality,34106,Meneses de Campos,Castilla y León,Palencia,109,,,0,
INE16148,municipality,16148,Palomares del Campo,Castilla-La Mancha,Cuenca,556,http://palomaresdelcampo.sedelectronica.es/,clm_directorio_entidades_locales,0,
INE10182,municipality,10182,Toril,Extremadura,Cáceres,157,,,0,
INE26149,municipality,26149,Tobía,"Rioja, La","Rioja, La",41,https://www.tobia.es/,wikidata_P856,1,
INE10056,municipality,10056,Casas de Millán,Extremadura,Cáceres,536,,,0,
INE26048,municipality,26048,Cidamón,"Rioja, La","Rioja, La",18,,,0,
INE22058,municipality,22058,Bierge,Aragón,Huesca,243,http://www.bierge.net/,wikidata_P856,1,
INE09389,municipality,09389,Torrepadre,Castilla y León,Burgos,68,http://www.torrepadre.es/,wikidata_P856,1,
INE50256,municipality,50256,Torralba de los Frailes,Aragón,Zaragoza,65,,,0,
INE24064,municipality,24064,Cubillos del Sil,Castilla y León,León,1746,http://www.aytocubillosdelsil.com/,wikidata_P856,1,
INE43142,municipality,43142,Sarral,Cataluña,Tarragona,1644,http://www.sarral.altanet.org/,wikidata_P856,1,
INE17144,municipality,17144,Regencós,Cataluña,Girona,275,http://www.regencos.cat/,wikidata_P856,1,
INE34103,municipality,34103,Mazuecos de Valdeginate,Castilla y León,Palencia,78,,,0,
INE06146,municipality,06146,Valle de la Serena,Extremadura,Badajoz,1075,http://www.valledelaserena.es/,wikidata_P856,1,
INE31260,municipality,31260,Valle de Yerri/Deierri,"Navarra, Comunidad Foral de",Navarra,1549,http://www.yerri.es/es/,wikidata_P856,1,
INE37259,municipality,37259,Puebla de San Medel,Castilla y León,Salamanca,32,,,0,
INE16047,municipality,16047,Cañada Juncosa,Castilla-La Mancha,Cuenca,213,http://www.canadajuncosa.es/,clm_directorio_entidades_locales,0,
INE10066,municipality,10066,Conquista de la Sierra,Extremadura,Cáceres,193,,,0,
INE44055,municipality,44055,Camarillas,Aragón,Teruel,100,,,0,
INE44161,municipality,44161,Muniesa,Aragón,Teruel,575,https://www.muniesa.org/,wikidata_P856,1,
INE02067,municipality,02067,Riópar,Castilla-La Mancha,Albacete,1344,http://www.riopar.es/,clm_directorio_entidades_locales,0,
INE13076,municipality,13076,Santa Cruz de los Cáñamos,Castilla-La Mancha,Ciudad Real,463,http://www.santacruzcanamos.es/,clm_directorio_entidades_locales,0,
INE24060,municipality,24060,Crémenes,Castilla y León,León,497,http://www.aytocremenes.es/,wikidata_P856,1,
INE14068,municipality,14068,Villaharta,Andalucía,Córdoba,630,http://www.villaharta.es/,wikidata_P856,1,
INE08130,municipality,08130,Montclar,Cataluña,Barcelona,132,http://www.montclar.cat/,wikidata_P856,1,
INE24120,municipality,24120,Prioro,Castilla y León,León,340,http://www.prioro.net/,wikidata_P856,1,
INE06143,municipality,06143,Valverde de Leganés,Extremadura,Badajoz,4230,http://www.valverdedeleganes.es/,wikidata_P856,1,
INE15047,municipality,15047,Mesía,Galicia,"Coruña, A",2367,http://www.concellodemesia.gal/,wikidata_P856,1,
INE45094,municipality,45094,Mascaraque,Castilla-La Mancha,Toledo,441,http://www.mascaraque.es/,wikidata_P856,1,
INE03048,municipality,03048,Callosa d'en Sarrià,Comunitat Valenciana,Alacant/Alicante,8182,http://www.callosa.es/,wikidata_P856,1,
INE17160,municipality,17160,Sant Feliu de Guíxols,Cataluña,Girona,23141,http://www.guixols.cat/,wikidata_P856,1,
INE19231,municipality,19231,Rebollosa de Jadraque,Castilla-La Mancha,Guadalajara,11,,,0,
INE47153,municipality,47153,Santervás de Campos,Castilla y León,Valladolid,100,http://www.celso.net/santervas/,wikidata_P856,1,
INE37012,municipality,37012,Alconada,Castilla y León,Salamanca,130,http://www.alconada.es/,wikidata_P856,1,
INE09048,municipality,09048,Belorado,Castilla y León,Burgos,1823,https://www.belorado.org/,wikidata_P856,1,
INE37306,municipality,37306,Serradilla del Arroyo,Castilla y León,Salamanca,239,http://aytoserradilla.es/,wikidata_P856,1,
INE20028,municipality,20028,Zizurkil,País Vasco,Gipuzkoa,2976,http://www.zizurkil.eus/,wikidata_P856,1,
INE34052,municipality,34052,Castrillo de Villavega,Castilla y León,Palencia,167,http://castrillodevillavega.es/,wikidata_P856,1,
INE34083,municipality,34083,Herrera de Pisuerga,Castilla y León,Palencia,1875,http://www.herreradepisuerga.es/,wikidata_P856,1,
INE34126,municipality,34126,Pedrosa de la Vega,Castilla y León,Palencia,277,,,0,
INE19202,municipality,19202,"Olmeda de Jadraque, La",Castilla-La Mancha,Guadalajara,18,,,0,
INE47141,municipality,47141,Salvador de Zapardiel,Castilla y León,Valladolid,99,,,0,
INE03020,municipality,03020,Balones,Comunitat Valenciana,Alacant/Alicante,132,http://www.balones.es/,wikidata_P856,1,
INE16128,municipality,16128,Monreal del Llano,Castilla-La Mancha,Cuenca,44,,,0,
INE16053,municipality,16053,Cañizares,Castilla-La Mancha,Cuenca,441,,,0,
INE16015,municipality,16015,"Almarcha, La",Castilla-La Mancha,Cuenca,469,,,0,
INE19298,municipality,19298,Valdearenas,Castilla-La Mancha,Guadalajara,88,http://www.valdearenas.es/,wikidata_P856,1,
INE28168,municipality,28168,"Vellón, El","Madrid, Comunidad de",Madrid,2281,http://elvellon.es/,wikidata_P856,1,
INE50208,municipality,50208,Pina de Ebro,Aragón,Zaragoza,2478,http://www.pinadeebro.es/,wikidata_P856,1,
INE49186,municipality,49186,San Cebrián de Castro,Castilla y León,Zamora,250,https://www.sancebrian.es/,wikidata_P856,1,
INE49020,municipality,49020,Belver de los Montes,Castilla y León,Zamora,252,https://aytobelverdelosmontes.es/,wikidata_P856,1,
INE19125,municipality,19125,Gajanejos,Castilla-La Mancha,Guadalajara,51,,,0,
INE31094,municipality,31094,Eslava,"Navarra, Comunidad Foral de",Navarra,97,,,0,
INE24184,municipality,24184,Valdesamario,Castilla y León,León,167,http://www.aytovaldesamario.es/,wikidata_P856,1,
INE16269,municipality,16269,Villares del Saz,Castilla-La Mancha,Cuenca,499,https://www.villaresdelsaz.org/home,wikidata_P856,1,
INE49131,municipality,49131,Moralina,Castilla y León,Zamora,211,http://www.moralina.com/,wikidata_P856,1,
INE19238,municipality,19238,Riofrío del Llano,Castilla-La Mancha,Guadalajara,49,,,0,
INE42059,municipality,42059,Centenera de Andaluz,Castilla y León,Soria,19,http://www.centeneradeandaluz.es/,wikidata_P856,1,
INE09003,municipality,09003,Adrada de Haza,Castilla y León,Burgos,200,https://www.adradadehaza.es/,wikidata_P856,1,
INE44082,municipality,44082,Corbalán,Aragón,Teruel,117,http://www.corbalan.es/,wikidata_P856,1,
INE37279,municipality,37279,Sancti-Spíritus,Castilla y León,Salamanca,713,http://www.ayto-sanctispiritus.com/,wikidata_P856,1,
INE49061,municipality,49061,Entrala,Castilla y León,Zamora,133,,,0,
INE06049,municipality,06049,Feria,Extremadura,Badajoz,1054,http://www.feria.es/,wikidata_P856,1,
INE10085,municipality,10085,"Gordo, El",Extremadura,Cáceres,363,,,0,
INE40016,municipality,40016,Aldeonte,Castilla y León,Segovia,55,http://www.aldeonte.es/,wikidata_P856,1,
INE10004,municipality,10004,Acehúche,Extremadura,Cáceres,808,http://www.acehuche.es/,wikidata_P856,1,
INE22012,municipality,22012,Albero Bajo,Aragón,Huesca,109,http://www.alberobajo.es/,wikidata_P856,1,
INE44022,municipality,44022,Alloza,Aragón,Teruel,556,https://www.alloza.es/,wikidata_P856,1,
INE29037,municipality,29037,Cartajima,Andalucía,Málaga,234,http://www.cartajima.es/,wikidata_P856,1,
INE49153,municipality,49153,Perilla de Castro,Castilla y León,Zamora,150,,,0,
INE47192,municipality,47192,Ventosa de la Cuesta,Castilla y León,Valladolid,110,,,0,
INE34068,municipality,34068,Dehesa de Romanos,Castilla y León,Palencia,39,http://dehesaderomanos.dip-palencia.es/,wikidata_P856,1,
INE47170,municipality,47170,Torre de Peñafiel,Castilla y León,Valladolid,57,,,0,
INE37349,municipality,37349,"Vídola, La",Castilla y León,Salamanca,95,,,0,
INE49164,municipality,49164,Pozuelo de Tábara,Castilla y León,Zamora,150,,,0,
INE09432,municipality,09432,Villafruela,Castilla y León,Burgos,140,http://www.villafruela.es/,wikidata_P856,1,
INE09072,municipality,09072,Carcedo de Burgos,Castilla y León,Burgos,513,http://carcedodeburgos.burgos.es/,wikidata_P856,1,
INE39005,municipality,39005,Argoños,Cantabria,Cantabria,1884,https://www.aytoargonos.es/,wikidata_P856,1,
INE50132,municipality,50132,"Joyosa, La",Aragón,Zaragoza,1156,https://www.lajoyosa.net/,wikidata_P856,1,
INE49102,municipality,49102,"Maderal, El",Castilla y León,Zamora,172,,,0,
INE50052,municipality,50052,Bisimbre,Aragón,Zaragoza,98,http://www.bisimbre.com/,wikidata_P856,1,
INE49177,municipality,49177,Rionegro del Puente,Castilla y León,Zamora,224,,,0,
INE24012,municipality,24012,"Barrios de Luna, Los",Castilla y León,León,300,http://www.aytolosbarriosdeluna.es/,wikidata_P856,1,
INE09129,municipality,09129,Fresneda de la Sierra Tirón,Castilla y León,Burgos,98,http://www.fresnedadelasierra.com/,wikidata_P856,1,
INE21015,municipality,21015,Cabezas Rubias,Andalucía,Huelva,694,http://www.cabezasrubias.es/,wikidata_P856,1,
INE26049,municipality,26049,Cihuri,"Rioja, La","Rioja, La",205,http://www.cihuri.org/,wikidata_P856,1,
INE46198,municipality,46198,Potries,Comunitat Valenciana,València/Valencia,1135,http://www.potries.org/,wikidata_P856,1,
INE15004,municipality,15004,Ares,Galicia,"Coruña, A",6275,http://www.concellodeares.gal/,wikidata_P856,1,
INE24059,municipality,24059,Corullón,Castilla y León,León,789,http://www.ayuntamientodecorullon.org/,wikidata_P856,1,
INE06025,municipality,06025,Calamonte,Extremadura,Badajoz,6104,http://www.calamonte.org/,wikidata_P856,1,
INE07045,municipality,07045,Puigpunyent,"Balears, Illes",Illes Balears,2049,https://ajpuigpunyent.net/ca,wikidata_P856,1,
INE47168,municipality,47168,Torrecilla de la Torre,Castilla y León,Valladolid,27,,,0,
INE50061,municipality,50061,Bureta,Aragón,Zaragoza,210,,,0,
INE29008,municipality,29008,Alhaurín el Grande,Andalucía,Málaga,27552,http://www.alhaurinelgrande.es/,wikidata_P856,2,
INE10127,municipality,10127,Montehermoso,Extremadura,Cáceres,5552,http://www.montehermoso.es/,wikidata_P856,1,
INE50065,municipality,50065,Cabolafuente,Aragón,Zaragoza,50,,,0,
INE47016,municipality,47016,Benafarces,Castilla y León,Valladolid,68,,,0,
INE24218,municipality,24218,Villanueva de las Manzanas,Castilla y León,León,484,http://www.aytovillanuevadelasmanzanas.es/,wikidata_P856,1,
INE49123,municipality,49123,Montamarta,Castilla y León,Zamora,549,,,0,
INE50283,municipality,50283,Villadoz,Aragón,Zaragoza,80,,,0,
INE37147,municipality,37147,Garcibuey,Castilla y León,Salamanca,186,,,0,
INE34005,municipality,34005,Alar del Rey,Castilla y León,Palencia,910,http://alardelrey.dip-palencia.es/,wikidata_P856,1,
INE15045,municipality,15045,Mazaricos,Galicia,"Coruña, A",3721,http://www.mazaricos.net/,wikidata_P856,1,
INE49082,municipality,49082,Fuentes de Ropel,Castilla y León,Zamora,369,http://www.aytofuentes.es/,wikidata_P856,1,
INE49010,municipality,49010,Arcenillas,Castilla y León,Zamora,450,,,0,
INE19114,municipality,19114,Esplegares,Castilla-La Mancha,Guadalajara,30,,,0,
INE11040,municipality,11040,Villaluenga del Rosario,Andalucía,Cádiz,463,http://www.villaluengadelrosario.es/,wikidata_P856,1,
INE31155,municipality,31155,Liédena,"Navarra, Comunidad Foral de",Navarra,354,,,0,
INE24210,municipality,24210,Villagatón,Castilla y León,León,611,http://www.villagatones.es/,wikidata_P856,1,
INE06059,municipality,06059,Granja de Torrehermosa,Extremadura,Badajoz,1913,http://www.granjadetorrehermosa.com/,wikidata_P856,1,
INE37285,municipality,37285,San Felices de los Gallegos,Castilla y León,Salamanca,355,http://sanfelicesdelosgallegos.es/,wikidata_P856,1,
INE43053,municipality,43053,Duesaigües,Cataluña,Tarragona,217,http://www.duesaigues.cat/,wikidata_P856,1,
INE09301,municipality,09301,Quintanilla Vivar,Castilla y León,Burgos,890,http://www.quintanillavivar.es/,wikidata_P856,1,
INE19221,municipality,19221,Piqueras,Castilla-La Mancha,Guadalajara,33,,,0,
INE47007,municipality,47007,Aldeamayor de San Martín,Castilla y León,Valladolid,6290,http://www.aldeamayordesanmartin.ayuntamientosdevalladolid.es/,wikidata_P856,1,
INE32043,municipality,32043,Maceda,Galicia,Ourense,2874,http://www.concellodemaceda.com/,wikidata_P856,1,
INE16004,municipality,16004,Albaladejo del Cuende,Castilla-La Mancha,Cuenca,196,,,0,
INE41008,municipality,41008,Algámitas,Andalucía,Sevilla,1258,http://www.algamitas.es/,wikidata_P856,1,
INE07022,municipality,07022,Felanitx,"Balears, Illes",Illes Balears,19146,http://www.ajfelanitx.net/,wikidata_P856,1,
INE34107,municipality,34107,Micieces de Ojeda,Castilla y León,Palencia,67,,,0,
INE01034,municipality,01034,Leza,País Vasco,Araba/Álava,205,,,0,
INE37122,municipality,37122,Encinas de Arriba,Castilla y León,Salamanca,223,,,0,
INE24016,municipality,24016,Benuza,Castilla y León,León,457,http://benuza.ccbierzo.net/portalBierzo/p_1_principal1.jsp,wikidata_P856,1,
INE42149,municipality,42149,"Rábanos, Los",Castilla y León,Soria,470,,,0,
INE10204,municipality,10204,Valverde de la Vera,Extremadura,Cáceres,428,http://www.valverdevera.com/,wikidata_P856,1,
INE17028,municipality,17028,Brunyola i Sant Martí Sapresa,Cataluña,Girona,401,https://www.brunyola.cat/,wikidata_P856,1,
INE19116,municipality,19116,Estriégana,Castilla-La Mancha,Guadalajara,13,,,0,
INE50287,municipality,50287,Villalengua,Aragón,Zaragoza,295,,,0,
INE26132,municipality,26132,San Román de Cameros,"Rioja, La","Rioja, La",127,http://www.sanromandecameros.org/,wikidata_P856,1,
INE45076,municipality,45076,Hormigos,Castilla-La Mancha,Toledo,1035,http://www.ayuntamientohormigos.es/,wikidata_P856,1,
INE07063,municipality,07063,Valldemossa,"Balears, Illes",Illes Balears,2038,https://ajvalldemossa.net/,wikidata_P856,1,
INE37328,municipality,37328,Trabanca,Castilla y León,Salamanca,159,http://www.trabanca.com/index.html,wikidata_P856,1,
INE10123,municipality,10123,Mirabel,Extremadura,Cáceres,620,http://www.mirabel.es/,wikidata_P856,1,
INE05038,municipality,05038,Bonilla de la Sierra,Castilla y León,Ávila,139,http://www.ayto-bonilla.com/,wikidata_P856,1,
INE46085,municipality,46085,Carlet,Comunitat Valenciana,València/Valencia,16857,http://www.carlet.es/,wikidata_P856,1,
INE09239,municipality,09239,Oquillas,Castilla y León,Burgos,52,http://www.oquillas.es/,wikidata_P856,1,
INE31036,municipality,31036,Arróniz,"Navarra, Comunidad Foral de",Navarra,1064,https://www.arroniz.org/,wikidata_P856,1,
INE50054,municipality,50054,Bordalba,Aragón,Zaragoza,47,,,0,
INE22045,municipality,22045,Baldellou,Aragón,Huesca,81,http://www.baldellou.es/,wikidata_P856,1,
INE03011,municipality,03011,"Alfàs del Pi, l'",Comunitat Valenciana,Alacant/Alicante,21080,http://www.lalfas.es/,wikidata_P856,1,
INE49169,municipality,49169,Quintanilla del Olmo,Castilla y León,Zamora,38,,,0,
INE26122,municipality,26122,"Rasillo de Cameros, El","Rioja, La","Rioja, La",149,http://www.elrasillodecameros.com/,wikidata_P856,1,
INE34070,municipality,34070,Espinosa de Cerrato,Castilla y León,Palencia,119,http://espinosadecerrato.dip-palencia.es/,wikidata_P856,1,
INE05096,municipality,05096,"Hija de Dios, La",Castilla y León,Ávila,79,http://www.lahijadedios.es/,wikidata_P856,1,
INE26063,municipality,26063,Fonzaleche,"Rioja, La","Rioja, La",138,,,0,
INE40154,municipality,40154,Pajarejos,Castilla y León,Segovia,22,http://www.pajarejos.es/,wikidata_P856,1,
INE22072,municipality,22072,Caldearenas,Aragón,Huesca,220,https://www.caldearenas.es/,wikidata_P856,1,
INE03021,municipality,03021,Banyeres de Mariola,Comunitat Valenciana,Alacant/Alicante,7347,http://www.portademariola.com/,wikidata_P856,1,
INE20011,municipality,20011,Antzuola,País Vasco,Gipuzkoa,2045,https://antzuola.eus/,wikidata_P856,1,
INE47212,municipality,47212,Villalba de los Alcores,Castilla y León,Valladolid,383,http://www.villalbadelosalcores.com/,wikidata_P856,1,
INE10144,municipality,10144,"Pesga, La",Extremadura,Cáceres,950,http://www.lapesga.com/,wikidata_P856,1,
INE19044,municipality,19044,Atienza,Castilla-La Mancha,Guadalajara,406,https://turismoatienza.es/,clm_directorio_entidades_locales,0,
INE16045,municipality,16045,Canalejas del Arroyo,Castilla-La Mancha,Cuenca,153,,,0,
INE47092,municipality,47092,Montealegre de Campos,Castilla y León,Valladolid,105,,,0,
INE22088,municipality,22088,Castillazuelo,Aragón,Huesca,164,http://www.castillazuelo.es/,wikidata_P856,1,
INE45189,municipality,45189,Villamiel de Toledo,Castilla-La Mancha,Toledo,1097,http://www.villamieldetoledo.com/,clm_directorio_entidades_locales,0,
INE09066,municipality,09066,Campolara,Castilla y León,Burgos,46,http://www.campolara.es/,wikidata_P856,1,
INE44021,municipality,44021,Allepuz,Aragón,Teruel,123,http://www.allepuz.es/,wikidata_P856,1,
INE19317,municipality,19317,Villanueva de Alcorón,Castilla-La Mancha,Guadalajara,140,https://aytovillanuevadealcoron.blogspot.com/,wikidata_P856,1,
INE37113,municipality,37113,"Cubo de Don Sancho, El",Castilla y León,Salamanca,373,http://www.cubodedonsancho.org/,wikidata_P856,1,
INE47044,municipality,47044,Castronuevo de Esgueva,Castilla y León,Valladolid,412,,,0,
INE06134,municipality,06134,Trasierra,Extremadura,Badajoz,590,http://www.trasierra.es/,wikidata_P856,1,
INE06022,municipality,06022,Burguillos del Cerro,Extremadura,Badajoz,2940,http://www.burguillosdelcerro.es/,wikidata_P856,1,
INE26098,municipality,26098,Munilla,"Rioja, La","Rioja, La",93,http://www.munilla.org/,wikidata_P856,1,
INE46222,municipality,46222,Sant Joanet,Comunitat Valenciana,València/Valencia,527,http://www.santjoanet.es/,wikidata_P856,1,
INE47195,municipality,47195,Villabáñez,Castilla y León,Valladolid,516,,,0,
INE19010,municipality,19010,Alcolea de las Peñas,Castilla-La Mancha,Guadalajara,7,,,0,
INE10017,municipality,10017,Alía,Extremadura,Cáceres,722,http://www.villadealia.com/,wikidata_P856,1,
INE24149,municipality,24149,San Millán de los Caballeros,Castilla y León,León,191,https://www.aytosanmillandeloscaballeros.es/,wikidata_P856,1,
INE16073,municipality,16073,Cervera del Llano,Castilla-La Mancha,Cuenca,220,,,0,
INE23087,municipality,23087,Torredonjimeno,Andalucía,Jaén,13213,http://www.tosiria.com/,wikidata_P856,1,
INE04088,municipality,04088,Tabernas,Andalucía,Almería,3991,http://www.tabernas.es/,wikidata_P856,1,
INE16209,municipality,16209,Torralba,Castilla-La Mancha,Cuenca,107,,,0,
INE49087,municipality,49087,Gallegos del Río,Castilla y León,Zamora,455,,,0,
INE08141,municipality,08141,Navàs,Cataluña,Barcelona,6238,https://www.navas.cat/,wikidata_P856,1,
INE04010,municipality,04010,Alhabia,Andalucía,Almería,743,http://www.alhabia.es/,wikidata_P856,1,
INE46227,municipality,46227,Senyera,Comunitat Valenciana,València/Valencia,1114,http://www.senyera.es/,wikidata_P856,1,
INE21902,municipality,21902,"Zarza-Perrunal, La",Andalucía,Huelva,1181,http://www.lazarza-perrunal.es/,wikidata_P856,1,
INE28157,municipality,28157,Valdelaguna,"Madrid, Comunidad de",Madrid,1122,https://valdelaguna.org/,wikidata_P856,1,
INE42163,municipality,42163,San Felices,Castilla y León,Soria,55,,,0,
INE50174,municipality,50174,Montón,Aragón,Zaragoza,89,http://www.montondejiloca.com/,wikidata_P856,1,
INE44002,municipality,44002,Abejuela,Aragón,Teruel,62,http://www.ayuntamientodeabejuela.com/inicio.php,wikidata_P856,1,
INE20067,municipality,20067,Errenteria,País Vasco,Gipuzkoa,39363,https://errenteria.eus/,wikidata_P856,1,
INE24071,municipality,24071,Folgoso de la Ribera,Castilla y León,León,973,http://www.aytofolgoso.es/,wikidata_P856,1,
INE08292,municipality,08292,Vallbona d'Anoia,Cataluña,Barcelona,1424,http://www.vallbonadanoia.cat/,wikidata_P856,1,
INE49059,municipality,49059,Cuelgamures,Castilla y León,Zamora,77,,,0,
INE45060,municipality,45060,Erustes,Castilla-La Mancha,Toledo,220,,,0,
INE05027,municipality,05027,"Berlanas, Las",Castilla y León,Ávila,323,http://www.lasberlanas.com/,wikidata_P856,1,
INE49230,municipality,49230,Vallesa de la Guareña,Castilla y León,Zamora,67,http://www.vallesadelaguarena.es/,wikidata_P856,1,
INE26141,municipality,26141,Santurdejo,"Rioja, La","Rioja, La",95,http://www.santurdejo.org/,wikidata_P856,1,
INE10210,municipality,10210,Villamiel,Extremadura,Cáceres,379,,,0,
INE08226,municipality,08226,Sant Martí de Tous,Cataluña,Barcelona,1269,http://www.tous.cat/,wikidata_P856,1,
INE16125,municipality,16125,Minglanilla,Castilla-La Mancha,Cuenca,2388,http://www.minglanilla.es/,clm_directorio_entidades_locales,0,
INE09055,municipality,09055,Brazacorta,Castilla y León,Burgos,43,http://www.brazacorta.es/,wikidata_P856,1,
INE42124,municipality,42124,Muriel de la Fuente,Castilla y León,Soria,53,,,0,
INE06014,municipality,06014,Azuaga,Extremadura,Badajoz,7587,http://www.azuaga.es/,wikidata_P856,1,
INE05069,municipality,05069,Donjimeno,Castilla y León,Ávila,69,http://www.donjimeno.es/,wikidata_P856,1,
INE45162,municipality,45162,Sevilleja de la Jara,Castilla-La Mancha,Toledo,635,https://sevillejadelajara.sedelectronica.es/,clm_directorio_entidades_locales,0,
INE16181,municipality,16181,Rozalén del Monte,Castilla-La Mancha,Cuenca,48,,,0,
INE09268,municipality,09268,Pinilla de los Barruecos,Castilla y León,Burgos,100,http://www.pinilladelosbarruecos.net/,wikidata_P856,1,
INE37317,municipality,37317,Tarazona de Guareña,Castilla y León,Salamanca,261,http://aytotarazonadeguareña.es/,wikidata_P856,1,
INE28174,municipality,28174,Villamanta,"Madrid, Comunidad de",Madrid,2899,https://www.villamanta.es/,wikidata_P856,1,
INE46042,municipality,46042,Aielo de Malferit,Comunitat Valenciana,València/Valencia,4624,https://www.aielodemalferit.es/,wikidata_P856,1,
INE26021,municipality,26021,Autol,"Rioja, La","Rioja, La",4958,http://www.autol.org/,wikidata_P856,1,
INE18910,municipality,18910,"Pinar, El",Andalucía,Granada,867,http://elpinar.es/,wikidata_P856,1,
INE42144,municipality,42144,Quintana Redonda,Castilla y León,Soria,499,http://www.quintanaredonda.es/,wikidata_P856,1,
INE26032,municipality,26032,Brieva de Cameros,"Rioja, La","Rioja, La",38,http://www.brieva.org/,wikidata_P856,1,
INE31145,municipality,31145,Lazagurría,"Navarra, Comunidad Foral de",Navarra,170,,,0,
INE28163,municipality,28163,Valdepiélagos,"Madrid, Comunidad de",Madrid,612,https://www.valdepielagos.es/,wikidata_P856,1,
INE31195,municipality,31195,Orbaizeta,"Navarra, Comunidad Foral de",Navarra,186,,,0,
INE05018,municipality,05018,Avellaneda,Castilla y León,Ávila,23,https://www.avellaneda.es/,wikidata_P856,1,
INE19203,municipality,19203,"Ordial, El",Castilla-La Mancha,Guadalajara,45,,,0,
INE03132,municipality,03132,"Torre de les Maçanes, la/Torremanzanas",Comunitat Valenciana,Alacant/Alicante,749,http://www.torremanzanas.es/,wikidata_P856,1,
INE23012,municipality,23012,Beas de Segura,Andalucía,Jaén,4983,http://www.beasdesegura.es/,wikidata_P856,1,
INE08059,municipality,08059,Castellfollit del Boix,Cataluña,Barcelona,467,https://www.castellfollitdelboix.cat/,wikidata_P856,1,
INE40163,municipality,40163,Puebla de Pedraza,Castilla y León,Segovia,56,http://www.puebladepedraza.es/,wikidata_P856,1,
INE05106,municipality,05106,Hoyos de Miguel Muñoz,Castilla y León,Ávila,24,https://www.hoyosdemiguelmunoz.es/,wikidata_P856,1,
INE37207,municipality,37207,Moriscos,Castilla y León,Salamanca,577,http://aytomoriscos.com/,wikidata_P856,1,
INE34238,municipality,34238,Villaviudas,Castilla y León,Palencia,356,http://www.villaviudas.es/,wikidata_P856,1,
INE02068,municipality,02068,Robledo,Castilla-La Mancha,Albacete,382,http://www.robledo.es/,clm_directorio_entidades_locales,0,
INE03032,municipality,03032,Benifallim,Comunitat Valenciana,Alacant/Alicante,130,http://www.benifallim.es/,wikidata_P856,1,
INE23060,municipality,23060,Martos,Andalucía,Jaén,24462,http://www.martos.es/,wikidata_P856,1,
INE23026,municipality,23026,Castillo de Locubín,Andalucía,Jaén,3805,http://www.castillodelocubin.es/,wikidata_P856,1,
INE28017,municipality,28017,Batres,"Madrid, Comunidad de",Madrid,1976,http://www.batres.es/,wikidata_P856,1,
INE22137,municipality,22137,Lanaja,Aragón,Huesca,1140,https://www.lanaja.es/,wikidata_P856,1,
INE16063,municipality,16063,Casas de Guijarro,Castilla-La Mancha,Cuenca,105,,,0,
INE08221,municipality,08221,Sant Just Desvern,Cataluña,Barcelona,21037,https://santjust.cat/,wikidata_P856,1,
INE34073,municipality,34073,Fresno del Río,Castilla y León,Palencia,169,http://fresnodelrio.es/,wikidata_P856,1,
INE46045,municipality,46045,Barxeta,Comunitat Valenciana,València/Valencia,1578,http://www.barxeta.es/,wikidata_P856,1,
INE50188,municipality,50188,Nombrevilla,Aragón,Zaragoza,40,,,0,
INE06017,municipality,06017,Baterno,Extremadura,Badajoz,231,http://www.baterno.es/,wikidata_P856,1,
INE49041,municipality,49041,Castrogonzalo,Castilla y León,Zamora,432,https://aytocastrogonzalo.es/,wikidata_P856,1,
INE49178,municipality,49178,Roales,Castilla y León,Zamora,1019,http://www.roalesdelpan.netne.net/,wikidata_P856,1,
INE47100,municipality,47100,Muriel,Castilla y León,Valladolid,106,http://muriel.ayuntamientosdevalladolid.es/,wikidata_P856,1,
INE40051,municipality,40051,Castroserracín,Castilla y León,Segovia,24,http://www.castroserracin.es/,wikidata_P856,1,
INE39007,municipality,39007,Arredondo,Cantabria,Cantabria,478,http://aytoarredondo.com/,wikidata_P856,1,
INE05235,municipality,05235,Sinlabajos,Castilla y León,Ávila,134,http://www.sinlabajos.es/,wikidata_P856,1,
INE26019,municipality,26019,Arrúbal,"Rioja, La","Rioja, La",566,https://www.arrubal.com/,wikidata_P856,1,
INE31255,municipality,31255,Villamayor de Monjardín,"Navarra, Comunidad Foral de",Navarra,115,http://www.villamayordemonjardin.com/,wikidata_P856,1,
INE24223,municipality,24223,Villarejo de Órbigo,Castilla y León,León,2856,http://www.aytovillarejodeorbigo.es/,wikidata_P856,1,
INE06902,municipality,06902,Pueblonuevo del Guadiana,Extremadura,Badajoz,1955,,,0,
INE21018,municipality,21018,"Campillo, El",Andalucía,Huelva,2003,http://www.elcampillo.es/,wikidata_P856,1,
INE15064,municipality,15064,Paderne,Galicia,"Coruña, A",2450,http://www.concellodepaderne.com/,wikidata_P856,1,
INE28145,municipality,28145,Talamanca de Jarama,"Madrid, Comunidad de",Madrid,4607,https://www.talamancadejarama.org/,wikidata_P856,1,
INE16106,municipality,16106,Horcajo de Santiago,Castilla-La Mancha,Cuenca,3894,http://www.horcajodesantiago.es/,clm_directorio_entidades_locales,0,
INE46036,municipality,46036,Alpuente,Comunitat Valenciana,València/Valencia,688,http://www.alpuente.es/,wikidata_P856,1,
INE07050,municipality,07050,Sant Joan de Labritja,"Balears, Illes",Illes Balears,7046,http://www.sant-joan.com/,wikidata_P856,1,
INE09223,municipality,09223,Monasterio de la Sierra,Castilla y León,Burgos,38,http://www.monasteriodelasierra.net/,wikidata_P856,1,
INE44210,municipality,44210,Sarrión,Aragón,Teruel,1261,http://www.sarrion.es/,wikidata_P856,1,
INE37284,municipality,37284,San Esteban de la Sierra,Castilla y León,Salamanca,343,https://aytosanesteban.es/,wikidata_P856,1,
INE20014,municipality,20014,Asteasu,País Vasco,Gipuzkoa,1566,http://www.asteasu.eus/,wikidata_P856,1,
INE26039,municipality,26039,Canillas de Río Tuerto,"Rioja, La","Rioja, La",43,http://www.canillasderiotuerto.org/,wikidata_P856,1,
INE15069,municipality,15069,Pontedeume,Galicia,"Coruña, A",7431,http://www.pontedeume.es/,wikidata_P856,1,
INE08104,municipality,08104,"Llacuna, La",Cataluña,Barcelona,959,http://www.lallacuna.cat/,wikidata_P856,1,
INE37342,municipality,37342,Valverdón,Castilla y León,Salamanca,266,,,0,
INE22178,municipality,22178,Pertusa,Aragón,Huesca,129,http://www.pertusa.es/,wikidata_P856,1,
INE09178,municipality,09178,Ibrillos,Castilla y León,Burgos,30,http://www.ibrillos.es/,wikidata_P856,1,
INE47208,municipality,47208,Villagómez la Nueva,Castilla y León,Valladolid,46,,,0,
INE24069,municipality,24069,Escobar de Campos,Castilla y León,León,32,,,0,
INE03027,municipality,03027,Beniardà,Comunitat Valenciana,Alacant/Alicante,226,http://www.beniarda.es/,wikidata_P856,1,
INE46099,municipality,46099,Cortes de Pallás,Comunitat Valenciana,València/Valencia,727,https://www.cortesdepallas.es/,wikidata_P856,1,
INE16016,municipality,16016,Almendros,Castilla-La Mancha,Cuenca,240,,,0,
INE44122,municipality,44122,Híjar,Aragón,Teruel,1766,http://www.hijar.com/,wikidata_P856,1,
INE31164,municipality,31164,Mélida,"Navarra, Comunidad Foral de",Navarra,739,http://www.melida.es/,wikidata_P856,1,
INE16265,municipality,16265,Villarejo de la Peñuela,Castilla-La Mancha,Cuenca,16,,,0,
INE49231,municipality,49231,Vega de Tera,Castilla y León,Zamora,265,http://www.aytovegatera.es/es/index.html,wikidata_P856,1,
INE02008,municipality,02008,Alcaraz,Castilla-La Mancha,Albacete,1283,http://www.alcaraz.es/,clm_directorio_entidades_locales,0,
INE50129,municipality,50129,Jaraba,Aragón,Zaragoza,294,http://www.jaraba.es/,wikidata_P856,1,
INE02069,municipality,02069,"Roda, La",Castilla-La Mancha,Albacete,15643,http://www.laroda.es/,clm_directorio_entidades_locales,0,
INE34046,municipality,34046,Cardeñosa de Volpejera,Castilla y León,Palencia,64,http://cardenosadevolpejera.es/,wikidata_P856,1,
INE10213,municipality,10213,Villar del Pedroso,Extremadura,Cáceres,547,http://www.villardelpedroso.com/,wikidata_P856,1,
INE12016,municipality,12016,Artana,Comunitat Valenciana,Castelló/Castellón,1993,http://www.artana.es/,wikidata_P856,1,
INE37154,municipality,37154,Guadramiro,Castilla y León,Salamanca,120,https://www.guadramiro.com/,wikidata_P856,1,
INE16043,municipality,16043,Campillos-Paravientos,Castilla-La Mancha,Cuenca,112,,,0,
INE47228,municipality,47228,Villaverde de Medina,Castilla y León,Valladolid,497,,,0,
INE32052,municipality,32052,Nogueira de Ramuín,Galicia,Ourense,2074,http://www.nogueiraderamuin.gal/,wikidata_P856,1,
INE27019,municipality,27019,Foz,Galicia,Lugo,10329,http://www.concellodefoz.es/,wikidata_P856,1,
INE22199,municipality,22199,Sabiñánigo,Aragón,Huesca,9695,http://www.sabinanigo.es/,wikidata_P856,2,
INE37088,municipality,37088,Carrascal del Obispo,Castilla y León,Salamanca,185,http://carrascaldelobispo.es/,wikidata_P856,1,
INE50902,municipality,50902,Marracos,Aragón,Zaragoza,82,,,0,
INE08171,municipality,08171,Prats de Lluçanès,Cataluña,Barcelona,2761,https://pratsdellucanes.cat/,wikidata_P856,1,
INE45077,municipality,45077,Huecas,Castilla-La Mancha,Toledo,890,http://www.huecas.es/,clm_directorio_entidades_locales,0,
INE42029,municipality,42029,Baraona,Castilla y León,Soria,117,http://www.baraona.es/,wikidata_P856,1,
INE03033,municipality,03033,Benifato,Comunitat Valenciana,Alacant/Alicante,162,http://www.benifato.es/,wikidata_P856,1,
INE49263,municipality,49263,Villar de Fallaves,Castilla y León,Zamora,50,,,0,
INE19267,municipality,19267,Terzaga,Castilla-La Mancha,Guadalajara,24,,,0,
INE50015,municipality,50015,Alconchel de Ariza,Aragón,Zaragoza,79,,,0,
INE15072,municipality,15072,Rianxo,Galicia,"Coruña, A",10758,https://rianxo.gal/,wikidata_P856,1,
INE05051,municipality,05051,"Carrera, La",Castilla y León,Ávila,155,http://www.lacarrera.es/,wikidata_P856,1,
INE16038,municipality,16038,Buciegas,Castilla-La Mancha,Cuenca,36,,,0,
INE22055,municipality,22055,Berbegal,Aragón,Huesca,321,http://www.berbegal.org/,wikidata_P856,1,
INE10092,municipality,10092,Herguijuela,Extremadura,Cáceres,264,,,0,
INE50033,municipality,50033,Ardisa,Aragón,Zaragoza,73,http://www.ardisa.es/,wikidata_P856,1,
INE08055,municipality,08055,Castellcir,Cataluña,Barcelona,804,http://www.castellcir.cat/,wikidata_P856,1,
INE46086,municipality,46086,Carrícola,Comunitat Valenciana,València/Valencia,97,http://www.carricola.es/,wikidata_P856,1,
INE32002,municipality,32002,Amoeiro,Galicia,Ourense,2443,,,0,
INE37305,municipality,37305,Sequeros,Castilla y León,Salamanca,216,http://www.sequeros.es/,wikidata_P856,1,
INE37027,municipality,37027,Almenara de Tormes,Castilla y León,Salamanca,302,http://www.almenaradetormes.es/,wikidata_P856,1,
INE10207,municipality,10207,Villa del Campo,Extremadura,Cáceres,435,,,0,
INE03129,municipality,03129,Tibi,Comunitat Valenciana,Alacant/Alicante,1757,http://www.tibi.es/,wikidata_P856,1,
INE10012,municipality,10012,Aldea del Cano,Extremadura,Cáceres,609,,,0,
INE26172,municipality,26172,Villarejo,"Rioja, La","Rioja, La",30,http://www.ayuntamientodevillarejo.org/,wikidata_P856,1,
INE20060,municipality,20060,Orexa,País Vasco,Gipuzkoa,103,http://www.orexa.eus/,wikidata_P856,1,
INE08018,municipality,08018,Balsareny,Cataluña,Barcelona,3380,http://www.balsareny.cat/,wikidata_P856,1,
INE06150,municipality,06150,Villagarcía de la Torre,Extremadura,Badajoz,909,http://www.villagarciadelatorre.es/,wikidata_P856,1,
INE50219,municipality,50219,"Puebla de Alfindén, La",Aragón,Zaragoza,6550,http://www.puebladealfinden.org/,wikidata_P856,1,
INE10113,municipality,10113,Madroñera,Extremadura,Cáceres,2349,https://www.madronera.es/,wikidata_P856,1,
INE49188,municipality,49188,San Esteban del Molar,Castilla y León,Zamora,117,,,0,
INE22042,municipality,22042,Azlor,Aragón,Huesca,155,http://www.azlor.es/,wikidata_P856,1,
INE09306,municipality,09306,Rebolledo de la Torre,Castilla y León,Burgos,100,http://www.rebolledodelatorre.es/,wikidata_P856,1,
INE24125,municipality,24125,Quintana y Congosto,Castilla y León,León,402,http://www.aytoquintanaycongosto.es/,wikidata_P856,1,
INE34029,municipality,34029,Becerril de Campos,Castilla y León,Palencia,737,http://www.becerrildecampos.es/,wikidata_P856,1,
INE13041,municipality,13041,Fontanarejo,Castilla-La Mancha,Ciudad Real,223,http://ayuntamientofontanarejo.es/,clm_directorio_entidades_locales,0,
INE06901,municipality,06901,Valdelacalzada,Extremadura,Badajoz,2743,http://www.valdelacalzada.es/,wikidata_P856,1,
INE24028,municipality,24028,Cabreros del Río,Castilla y León,León,406,http://www.aytocabrerosdelrio.es/,wikidata_P856,1,
INE42218,municipality,42218,Yanguas,Castilla y León,Soria,104,http://www.yanguas.es/,wikidata_P856,1,
INE50087,municipality,50087,Contamina,Aragón,Zaragoza,34,http://www.ayto-contamina.com/,wikidata_P856,1,
INE26165,municipality,26165,Viguera,"Rioja, La","Rioja, La",377,http://www.aytoviguera.org/,wikidata_P856,1,
INE20044,municipality,20044,Ikaztegieta,País Vasco,Gipuzkoa,498,http://www.ikaztegieta.com/,wikidata_P856,1,
INE34072,municipality,34072,Frechilla,Castilla y León,Palencia,138,http://www.frechilla.es/,wikidata_P856,1,
INE23010,municipality,23010,Bailén,Andalucía,Jaén,17119,http://www.ayto-bailen.com/,wikidata_P856,1,
INE13043,municipality,13043,Fuenllana,Castilla-La Mancha,Ciudad Real,189,http://www.fuenllana.com/,clm_directorio_entidades_locales,0,
INE22195,municipality,22195,Quicena,Aragón,Huesca,391,http://www.quicena.es/,wikidata_P856,1,
INE17057,municipality,17057,Corçà,Cataluña,Girona,1283,http://corca.cat/,wikidata_P856,1,
INE25164,municipality,25164,Penelles,Cataluña,Lleida,431,http://www.penelles.cat/,wikidata_P856,1,
INE19033,municipality,19033,Anquela del Ducado,Castilla-La Mancha,Guadalajara,46,http://www.anqueladelducado.es/,wikidata_P856,1,
INE40185,municipality,40185,Santa María la Real de Nieva,Castilla y León,Segovia,906,https://www.santamariadenieva.com/,wikidata_P856,1,
INE34033,municipality,34033,Boada de Campos,Castilla y León,Palencia,17,http://boadadecampos.es/,wikidata_P856,1,
INE26179,municipality,26179,Viniegra de Arriba,"Rioja, La","Rioja, La",40,http://www.viniegradearriba.org/,wikidata_P856,1,
INE09232,municipality,09232,Neila,Castilla y León,Burgos,113,http://www.villaneila.com/,wikidata_P856,1,
INE28100,municipality,28100,Nuevo Baztán,"Madrid, Comunidad de",Madrid,7429,https://ayto-nuevobaztan.es/,wikidata_P856,1,
INE36010,municipality,36010,Catoira,Galicia,Pontevedra,3274,http://www.catoira.gal/,wikidata_P856,1,
INE45108,municipality,45108,"Nava de Ricomalillo, La",Castilla-La Mancha,Toledo,514,https://www.lanavadericomalillo.info/,clm_directorio_entidades_locales,0,
INE05079,municipality,05079,Gallegos de Altamiros,Castilla y León,Ávila,61,https://www.gallegosdealtamiros.es/,wikidata_P856,1,
INE42178,municipality,42178,Talveila,Castilla y León,Soria,105,http://www.talveila.es/,wikidata_P856,1,
INE42027,municipality,42027,Arévalo de la Sierra,Castilla y León,Soria,71,http://www.arevalodelasierra.es/,wikidata_P856,1,
INE37106,municipality,37106,Cipérez,Castilla y León,Salamanca,233,,,0,
INE24076,municipality,24076,Garrafe de Torío,Castilla y León,León,1649,http://www.aytogarrafedetorio.es/,wikidata_P856,1,
INE19327,municipality,19327,Yebra,Castilla-La Mancha,Guadalajara,489,http://www.aytoyebra.es/,clm_directorio_entidades_locales,0,
INE09350,municipality,09350,Santa María del Campo,Castilla y León,Burgos,508,http://www.santamariadelcampo.es/,wikidata_P856,1,
INE37238,municipality,37238,Pedrosillo el Ralo,Castilla y León,Salamanca,147,http://www.pedrosilloelralo.es/,wikidata_P856,1,
INE47027,municipality,47027,Cabezón de Pisuerga,Castilla y León,Valladolid,3910,,,0,
INE15040,municipality,15040,Laxe,Galicia,"Coruña, A",2883,http://www.concellodelaxe.com/ca/web/index.php,wikidata_P856,1,
INE18103,municipality,18103,Ítrabo,Andalucía,Granada,1022,http://www.itrabo.es/,wikidata_P856,1,
INE19129,municipality,19129,Gascueña de Bornova,Castilla-La Mancha,Guadalajara,22,,,0,
INE22239,municipality,22239,Tramaced,Aragón,Huesca,108,http://www.tramaced.es/,wikidata_P856,1,
INE46224,municipality,46224,Segart,Comunitat Valenciana,València/Valencia,180,http://www.segart.es/,wikidata_P856,1,
INE22201,municipality,22201,Salas Altas,Aragón,Huesca,301,http://www.salasaltas.es/,wikidata_P856,1,
INE25166,municipality,25166,Pinell de Solsonès,Cataluña,Lleida,198,http://www.pinelldesolsones.cat/,wikidata_P856,1,
INE05243,municipality,05243,Tolbaños,Castilla y León,Ávila,87,http://www.tolbanos.es/,wikidata_P856,1,
INE28051,municipality,28051,Chapinería,"Madrid, Comunidad de",Madrid,2705,https://chapineria.madrid/,wikidata_P856,1,
INE24154,municipality,24154,Santa Elena de Jamuz,Castilla y León,León,1021,http://www.aytosantaelenadejamuz.es/,wikidata_P856,1,
INE49233,municipality,49233,Vegalatrave,Castilla y León,Zamora,79,,,0,
INE40068,municipality,40068,Domingo García,Castilla y León,Segovia,29,https://www.domingogarcia.es/,wikidata_P856,1,
INE37226,municipality,37226,Palacios del Arzobispo,Castilla y León,Salamanca,141,http://www.palaciosdelarzobispo.com/,wikidata_P856,1,
INE49079,municipality,49079,Fuente Encalada,Castilla y León,Zamora,92,http://www.aytofuenteencalada.es/,wikidata_P856,1,
INE06103,municipality,06103,Puebla de la Calzada,Extremadura,Badajoz,5815,http://www.puebladelacalzada.es/,wikidata_P856,1,
INE37243,municipality,37243,"Peña, La",Castilla y León,Salamanca,69,http://ayuntamientodelapena.com/,wikidata_P856,1,
INE40118,municipality,40118,Marazuela,Castilla y León,Segovia,58,http://www.marazuela.es/,wikidata_P856,1,
INE09384,municipality,09384,Tordómar,Castilla y León,Burgos,290,http://www.tordomar.es/,wikidata_P856,1,
INE02047,municipality,02047,Masegoso,Castilla-La Mancha,Albacete,117,http://www.masegoso.es/,clm_directorio_entidades_locales,0,
INE01023,municipality,01023,Elvillar/Bilar,País Vasco,Araba/Álava,315,,,0,
INE49002,municipality,49002,Abezames,Castilla y León,Zamora,58,https://abezames.sedelectronica.es/,wikidata_P856,1,
INE26146,municipality,26146,Soto en Cameros,"Rioja, La","Rioja, La",82,http://www.sotoencameros.org/,wikidata_P856,1,
INE12027,municipality,12027,Benicarló,Comunitat Valenciana,Castelló/Castellón,30296,http://www.ajuntamentdebenicarlo.org/,wikidata_P856,1,
INE37341,municipality,37341,Valverde de Valdelacasa,Castilla y León,Salamanca,57,,,0,
INE09182,municipality,09182,Itero del Castillo,Castilla y León,Burgos,74,http://www.iterodelcastillo.es/,wikidata_P856,1,
INE27038,municipality,27038,Ourol,Galicia,Lugo,965,http://concellodeourol.es/,wikidata_P856,1,
INE11036,municipality,11036,Torre Alháquime,Andalucía,Cádiz,781,http://www.torrealhaquime.es/,wikidata_P856,1,
INE06114,municipality,06114,Risco,Extremadura,Badajoz,126,http://risco.dip-badajoz.es/,wikidata_P856,1,
INE08165,municipality,08165,"Pobla de Claramunt, La",Cataluña,Barcelona,2350,http://www.lapobladeclaramunt.cat/,wikidata_P856,1,
INE09328,municipality,09328,Rucandio,Castilla y León,Burgos,72,http://www.rucandio.es/,wikidata_P856,1,
INE22204,municipality,22204,Sallent de Gállego,Aragón,Huesca,1505,https://www.sallentdegallego.es/,wikidata_P856,1,
INE15031,municipality,15031,Culleredo,Galicia,"Coruña, A",31254,http://www.culleredo.org/,wikidata_P856,1,
INE42142,municipality,42142,Pozalmuro,Castilla y León,Soria,49,,,0,
INE26155,municipality,26155,Treviana,"Rioja, La","Rioja, La",142,http://www.treviana.org/,wikidata_P856,1,
INE10096,municipality,10096,Hervás,Extremadura,Cáceres,3898,http://www.hervas.es/,wikidata_P856,1,
INE49120,municipality,49120,Molezuelas de la Carballeda,Castilla y León,Zamora,47,,,0,
INE46241,municipality,46241,Titaguas,Comunitat Valenciana,València/Valencia,517,http://www.titaguas.es/,wikidata_P856,1,
INE34216,municipality,34216,Villalcón,Castilla y León,Palencia,45,,,0,
INE37265,municipality,37265,Rágama,Castilla y León,Salamanca,196,https://ayuntamientoragama.es/,wikidata_P856,1,
INE50081,municipality,50081,Cetina,Aragón,Zaragoza,534,http://www.cetina.es/,wikidata_P856,1,
INE24108,municipality,24108,Palacios de la Valduerna,Castilla y León,León,341,,,0,
INE18153,municipality,18153,Peligros,Andalucía,Granada,11725,http://ayuntamientopeligros.es/,wikidata_P856,1,
INE20037,municipality,20037,Gaintza,País Vasco,Gipuzkoa,122,http://www.gaintza.eus/,wikidata_P856,1,
INE18053,municipality,18053,Cortes de Baza,Andalucía,Granada,1769,http://www.cortesdebaza.es/,wikidata_P856,1,
INE16246,municipality,16246,Villalba del Rey,Castilla-La Mancha,Cuenca,468,http://www.villalbadelrey.com/,wikidata_P856,1,
INE27009,municipality,27009,Carballedo,Galicia,Lugo,1987,http://www.concellocarballedo.es/,wikidata_P856,1,
INE28095,municipality,28095,Navalagamella,"Madrid, Comunidad de",Madrid,3169,https://www.aytonavalagamella.es/,wikidata_P856,1,
INE50298,municipality,50298,Zuera,Aragón,Zaragoza,8766,http://www.ayunzuera.com/,wikidata_P856,1,
INE24159,municipality,24159,Santa Marina del Rey,Castilla y León,León,1718,https://www.aytosantamarinadelrey.es/,wikidata_P856,1,
INE19070,municipality,19070,Casa de Uceda,Castilla-La Mancha,Guadalajara,128,https://www.casadeuceda.com/,wikidata_P856,1,
INE05016,municipality,05016,Arévalo,Castilla y León,Ávila,7851,http://www.ayuntamientoarevalo.es/,wikidata_P856,1,
INE34122,municipality,34122,Páramo de Boedo,Castilla y León,Palencia,103,http://www.paramodeboedo.es/,wikidata_P856,1,
INE44029,municipality,44029,Ariño,Aragón,Teruel,605,http://www.ariño.es/,wikidata_P856,1,
INE12088,municipality,12088,Pavías,Comunitat Valenciana,Castelló/Castellón,72,http://www.pavias.es/,wikidata_P856,1,
INE45067,municipality,45067,Gálvez,Castilla-La Mancha,Toledo,3044,http://www.ayto-galvez.es/,wikidata_P856,1,
INE09037,municipality,09037,Barbadillo de Herreros,Castilla y León,Burgos,103,http://www.barbadillodeherreros.es/,wikidata_P856,1,
INE50266,municipality,50266,Trasobares,Aragón,Zaragoza,124,http://www.trasobares.es/,wikidata_P856,1,
INE36004,municipality,36004,Bueu,Galicia,Pontevedra,11836,http://www.concellodebueu.gal/,wikidata_P856,1,
INE09035,municipality,09035,Baños de Valdearados,Castilla y León,Burgos,322,http://www.banosdevaldearados.es/,wikidata_P856,1,
INE12061,municipality,12061,Forcall,Comunitat Valenciana,Castelló/Castellón,475,http://www.forcall.es/,wikidata_P856,1,
INE22174,municipality,22174,Peralta de Alcofea,Aragón,Huesca,576,http://www.peraltadealcofea.es/,wikidata_P856,1,
INE19064,municipality,19064,Canredondo,Castilla-La Mancha,Guadalajara,81,,,0,
INE24205,municipality,24205,Villadangos del Páramo,Castilla y León,León,1268,http://www.aytovilladangosdelparamo.es/,wikidata_P856,1,
INE19127,municipality,19127,Galve de Sorbe,Castilla-La Mancha,Guadalajara,97,http://www.galvedesorbe.es/,clm_directorio_entidades_locales,0,
INE34131,municipality,34131,Población de Arroyo,Castilla y León,Palencia,44,,,0,
INE44258,municipality,44258,Villar del Salz,Aragón,Teruel,58,http://www.villardelsalz.es/,wikidata_P856,1,
INE19108,municipality,19108,Durón,Castilla-La Mancha,Guadalajara,108,http://www.duron.es/,wikidata_P856,1,
CCAA01,regional_government,,Junta de Andalucía,Andalucía,,,http://www.juntadeandalucia.es/,curated,0,
CCAA02,regional_government,,Gobierno de Aragón,Aragón,,,http://www.aragon.es/,curated,0,
CCAA03,regional_government,,Principado de Asturias,"Asturias, Principado de",,,http://www.asturias.es/,curated,0,
CCAA04,regional_government,,Govern de les Illes Balears,"Balears, Illes",,,http://www.caib.es/,curated,0,
CCAA05,regional_government,,Gobierno de Canarias,Canarias,,,http://www.gobiernodecanarias.org/,curated,0,
CCAA06,regional_government,,Gobierno de Cantabria,Cantabria,,,http://www.cantabria.es/,curated,0,
CCAA07,regional_government,,Junta de Castilla y León,Castilla y León,,,http://www.jcyl.es/,curated,0,
CCAA08,regional_government,,Junta de Comunidades de Castilla-La Mancha,Castilla-La Mancha,,,http://www.castillalamancha.es/,curated,0,
CCAA09,regional_government,,Generalitat de Catalunya,Cataluña,,,http://web.gencat.cat/,curated,0,
CCAA10,regional_government,,Generalitat Valenciana,Comunitat Valenciana,,,http://www.gva.es/,curated,0,
CCAA11,regional_government,,Junta de Extremadura,Extremadura,,,http://www.juntaex.es/,curated,0,
CCAA12,regional_government,,Xunta de Galicia,Galicia,,,http://www.xunta.gal/,curated,0,
CCAA13,regional_government,,Comunidad de Madrid,"Madrid, Comunidad de",,,http://www.comunidad.madrid/,curated,0,
CCAA14,regional_government,,Región de Murcia,"Murcia, Región de",,,http://www.carm.es/,curated,0,
CCAA15,regional_government,,Gobierno de Navarra,"Navarra, Comunidad Foral de",,,http://www.navarra.es/,curated,0,
CCAA16,regional_government,,Gobierno Vasco,País Vasco,,,http://www.euskadi.eus/,curated,0,
CCAA17,regional_government,,Gobierno de La Rioja,"Rioja, La",,,http://www.larioja.org/,curated,0,
CCAA18,regional_government,,Ciudad Autónoma de Ceuta,Ciudad de Ceuta,,,http://www.ceuta.es/,curated,0,
CCAA19,regional_government,,Ciudad Autónoma de Melilla,Ciudad de Melilla,,,http://www.melilla.es/,curated,0,
DIP01,provincial_council,,Diputación de Almería,Andalucía,,,http://www.dipalme.org/,curated,0,
DIP02,provincial_council,,Diputación de Cádiz,Andalucía,,,http://www.dipucadiz.es/,curated,0,
DIP03,provincial_council,,Diputación de Córdoba,Andalucía,,,http://www.dipucordoba.es/,curated,0,
DIP04,provincial_council,,Diputación de Granada,Andalucía,,,http://www.dipgra.es/,curated,0,
DIP05,provincial_council,,Diputación de Huelva,Andalucía,,,http://www.diphuelva.es/,curated,0,
DIP06,provincial_council,,Diputación de Jaén,Andalucía,,,http://www.dipujaen.es/,curated,0,
DIP07,provincial_council,,Diputación de Málaga,Andalucía,,,http://www.malaga.es/,curated,0,
DIP08,provincial_council,,Diputación de Sevilla,Andalucía,,,http://www.dipusevilla.es/,curated,0,
DIP09,provincial_council,,Diputación de Huesca,Aragón,,,http://www.dphuesca.es/,curated,0,
DIP10,provincial_council,,Diputación de Teruel,Aragón,,,http://www.dpteruel.es/,curated,0,
DIP11,provincial_council,,Diputación de Zaragoza,Aragón,,,http://www.dpz.es/,curated,0,
DIP12,provincial_council,,Diputación de Albacete,Castilla-La Mancha,,,http://www.dipualba.es/,curated,0,
DIP13,provincial_council,,Diputación de Ciudad Real,Castilla-La Mancha,,,http://www.dipucr.es/,curated,0,
DIP14,provincial_council,,Diputación de Cuenca,Castilla-La Mancha,,,http://www.dipucuenca.es/,curated,0,
DIP15,provincial_council,,Diputación de Guadalajara,Castilla-La Mancha,,,http://www.dguadalajara.es/,curated,0,
DIP16,provincial_council,,Diputación de Toledo,Castilla-La Mancha,,,http://www.diputoledo.es/,curated,0,
DIP17,provincial_council,,Diputación de Ávila,Castilla y León,,,http://www.diputacionavila.es/,curated,0,
DIP18,provincial_council,,Diputación de Burgos,Castilla y León,,,http://www.diputaciondeburgos.es/,curated,0,
DIP19,provincial_council,,Diputación de León,Castilla y León,,,http://www.dipuleon.es/,curated,0,
DIP20,provincial_council,,Diputación de Palencia,Castilla y León,,,http://www.diputaciondepalencia.es/,curated,0,
DIP21,provincial_council,,Diputación de Salamanca,Castilla y León,,,http://www.lasalina.es/,curated,0,
DIP22,provincial_council,,Diputación de Segovia,Castilla y León,,,http://www.dipsegovia.es/,curated,0,
DIP23,provincial_council,,Diputación de Soria,Castilla y León,,,http://www.dipsoria.es/,curated,0,
DIP24,provincial_council,,Diputación de Valladolid,Castilla y León,,,http://www.diputaciondevalladolid.es/,curated,0,
DIP25,provincial_council,,Diputación de Zamora,Castilla y León,,,http://www.diputaciondezamora.es/,curated,0,
DIP26,provincial_council,,Diputació de Barcelona,Cataluña,,,http://www.diba.cat/,curated,0,
DIP27,provincial_council,,Diputació de Girona,Cataluña,,,http://www.ddgi.cat/,curated,0,
DIP28,provincial_council,,Diputació de Lleida,Cataluña,,,http://www.diputaciolleida.cat/,curated,0,
DIP29,provincial_council,,Diputació de Tarragona,Cataluña,,,http://www.dipta.cat/,curated,0,
DIP30,provincial_council,,Diputación de Alicante,Comunitat Valenciana,,,http://www.diputacionalicante.es/,curated,0,
DIP31,provincial_council,,Diputación de Castellón,Comunitat Valenciana,,,http://www.dipcas.es/,curated,0,
DIP32,provincial_council,,Diputación de Valencia,Comunitat Valenciana,,,http://www.dival.es/,curated,0,
DIP33,provincial_council,,Diputación de Badajoz,Extremadura,,,http://www.dip-badajoz.es/,curated,0,
DIP34,provincial_council,,Diputación de Cáceres,Extremadura,,,http://www.dip-caceres.es/,curated,0,
DIP35,provincial_council,,Deputación da Coruña,Galicia,,,http://www.dacoruna.gal/,curated,0,
DIP36,provincial_council,,Deputación de Lugo,Galicia,,,http://www.deputacionlugo.gal/,curated,0,
DIP37,provincial_council,,Deputación de Ourense,Galicia,,,http://www.depourense.es/,curated,0,
DIP38,provincial_council,,Deputación de Pontevedra,Galicia,,,http://www.depo.gal/,curated,0,
DIP39,provincial_council,,Diputación Foral de Álava,País Vasco,,,http://web.araba.eus/,curated,0,
DIP40,provincial_council,,Diputación Foral de Bizkaia,País Vasco,,,http://www.bizkaia.eus/,curated,0,
DIP41,provincial_council,,Diputación Foral de Gipuzkoa,País Vasco,,,http://www.gipuzkoa.eus/,curated,0,
DIP42,provincial_council,,Cabildo de Gran Canaria,Canarias,,,http://cabildo.grancanaria.com/,curated,0,
DIP43,provincial_council,,Cabildo de Lanzarote,Canarias,,,http://www.cabildodelanzarote.com/,curated,0,
DIP44,provincial_council,,Cabildo de Fuerteventura,Canarias,,,http://www.cabildofuer.es/,curated,0,
DIP45,provincial_council,,Cabildo de Tenerife,Canarias,,,http://www.tenerife.es/,curated,0,
DIP46,provincial_council,,Cabildo de La Palma,Canarias,,,http://www.cabildodelapalma.es/,curated,0,
DIP47,provincial_council,,Cabildo de La Gomera,Canarias,,,http://www.lagomera.es/,curated,0,
DIP48,provincial_council,,Cabildo de El Hierro,Canarias,,,http://www.elhierro.es/,curated,0,
DIP49,provincial_council,,Consell de Mallorca,"Balears, Illes",,,http://www.conselldemallorca.cat/,curated,0,
DIP50,provincial_council,,Consell Insular de Menorca,"Balears, Illes",,,http://www.cime.es/,curated,0,
DIP51,provincial_council,,Consell d'Eivissa,"Balears, Illes",,,http://www.conselldeivissa.es/,curated,0,
DIP52,provincial_council,,Consell de Formentera,"Balears, Illes",,,http://www.consellinsulardeformentera.cat/,curated,0,
UNI01,public_university,,Universidad de Almería,Andalucía,,,http://www.ual.es/,curated,0,
UNI02,public_university,,Universidad de Cádiz,Andalucía,,,http://www.uca.es/,curated,0,
UNI03,public_university,,Universidad de Córdoba,Andalucía,,,http://www.uco.es/,curated,0,
UNI04,public_university,,Universidad de Granada,Andalucía,,,http://www.ugr.es/,curated,0,
UNI05,public_university,,Universidad de Huelva,Andalucía,,,http://www.uhu.es/,curated,0,
UNI06,public_university,,Universidad de Jaén,Andalucía,,,http://www.ujaen.es/,curated,0,
UNI07,public_university,,Universidad de Málaga,Andalucía,,,http://www.uma.es/,curated,0,
UNI08,public_university,,Universidad Pablo de Olavide,Andalucía,,,http://www.upo.es/,curated,0,
UNI09,public_university,,Universidad de Sevilla,Andalucía,,,http://www.us.es/,curated,0,
UNI10,public_university,,Universidad Internacional de Andalucía,Andalucía,,,http://www.unia.es/,curated,0,
UNI11,public_university,,Universidad de Zaragoza,Aragón,,,http://www.unizar.es/,curated,0,
UNI12,public_university,,Universidad de Oviedo,"Asturias, Principado de",,,http://www.uniovi.es/,curated,0,
UNI13,public_university,,Universitat de les Illes Balears,"Balears, Illes",,,http://www.uib.es/,curated,0,
UNI14,public_university,,Universidad de Las Palmas de Gran Canaria,Canarias,,,http://www.ulpgc.es/,curated,0,
UNI15,public_university,,Universidad de La Laguna,Canarias,,,http://www.ull.es/,curated,0,
UNI16,public_university,,Universidad de Cantabria,Cantabria,,,http://www.unican.es/,curated,0,
UNI17,public_university,,Universidad de Burgos,Castilla y León,,,http://www.ubu.es/,curated,0,
UNI18,public_university,,Universidad de León,Castilla y León,,,http://www.unileon.es/,curated,0,
UNI19,public_university,,Universidad de Salamanca,Castilla y León,,,http://www.usal.es/,curated,0,
UNI20,public_university,,Universidad de Valladolid,Castilla y León,,,http://www.uva.es/,curated,0,
UNI21,public_university,,Universidad de Castilla-La Mancha,Castilla-La Mancha,,,http://www.uclm.es/,curated,0,
UNI22,public_university,,Universitat de Barcelona,Cataluña,,,http://www.ub.edu/,curated,0,
UNI23,public_university,,Universitat Autònoma de Barcelona,Cataluña,,,http://www.uab.cat/,curated,0,
UNI24,public_university,,Universitat Politècnica de Catalunya,Cataluña,,,http://www.upc.edu/,curated,0,
UNI25,public_university,,Universitat Pompeu Fabra,Cataluña,,,http://www.upf.edu/,curated,0,
UNI26,public_university,,Universitat de Girona,Cataluña,,,http://www.udg.edu/,curated,0,
UNI27,public_university,,Universitat de Lleida,Cataluña,,,http://www.udl.cat/,curated,0,
UNI28,public_university,,Universitat Rovira i Virgili,Cataluña,,,http://www.urv.cat/,curated,0,
UNI29,public_university,,Universitat de València,Comunitat Valenciana,,,http://www.uv.es/,curated,0,
UNI30,public_university,,Universitat Politècnica de València,Comunitat Valenciana,,,http://www.upv.es/,curated,0,
UNI31,public_university,,Universidad de Alicante,Comunitat Valenciana,,,http://www.ua.es/,curated,0,
UNI32,public_university,,Universitat Jaume I,Comunitat Valenciana,,,http://www.uji.es/,curated,0,
UNI33,public_university,,Universidad Miguel Hernández,Comunitat Valenciana,,,http://www.umh.es/,curated,0,
UNI34,public_university,,Universidad de Extremadura,Extremadura,,,http://www.unex.es/,curated,0,
UNI35,public_university,,Universidade da Coruña,Galicia,,,http://www.udc.es/,curated,0,
UNI36,public_university,,Universidade de Santiago de Compostela,Galicia,,,http://www.usc.gal/,curated,0,
UNI37,public_university,,Universidade de Vigo,Galicia,,,http://www.uvigo.gal/,curated,0,
UNI38,public_university,,Universidad de Alcalá,"Madrid, Comunidad de",,,http://www.uah.es/,curated,0,
UNI39,public_university,,Universidad Autónoma de Madrid,"Madrid, Comunidad de",,,http://www.uam.es/,curated,0,
UNI40,public_university,,Universidad Carlos III de Madrid,"Madrid, Comunidad de",,,http://www.uc3m.es/,curated,0,
UNI41,public_university,,Universidad Complutense de Madrid,"Madrid, Comunidad de",,,http://www.ucm.es/,curated,0,
UNI42,public_university,,Universidad Politécnica de Madrid,"Madrid, Comunidad de",,,http://www.upm.es/,curated,0,
UNI43,public_university,,Universidad Rey Juan Carlos,"Madrid, Comunidad de",,,http://www.urjc.es/,curated,0,
UNI44,public_university,,Universidad de Murcia,"Murcia, Región de",,,http://www.um.es/,curated,0,
UNI45,public_university,,Universidad Politécnica de Cartagena,"Murcia, Región de",,,http://www.upct.es/,curated,0,
UNI46,public_university,,Universidad Pública de Navarra,"Navarra, Comunidad Foral de",,,http://www.unavarra.es/,curated,0,
UNI47,public_university,,Universidad del País Vasco / EHU,País Vasco,,,http://www.ehu.eus/,curated,0,
UNI48,public_university,,Universidad de La Rioja,"Rioja, La",,,http://www.unirioja.es/,curated,0,
UNI49,public_university,,UNED,State,,,http://www.uned.es/,curated,0,
UNI50,public_university,,Universidad Internacional Menéndez Pelayo,State,,,http://www.uimp.es/,curated,0,
MIN01,ministry,,"Ministerio de Asuntos Exteriores, UE y Cooperación",State,,,http://www.exteriores.gob.es/,curated,0,
MIN02,ministry,,"Ministerio de la Presidencia, Justicia y Relaciones con las Cortes",State,,,http://www.mpr.gob.es/,curated,0,
MIN03,ministry,,Ministerio de Defensa,State,,,http://www.defensa.gob.es/,curated,0,
MIN04,ministry,,Ministerio de Hacienda,State,,,http://www.hacienda.gob.es/,curated,0,
MIN05,ministry,,Ministerio del Interior,State,,,http://www.interior.gob.es/,curated,0,
MIN06,ministry,,Ministerio de Transportes y Movilidad Sostenible,State,,,http://www.transportes.gob.es/,curated,0,
MIN07,ministry,,"Ministerio de Educación, Formación Profesional y Deportes",State,,,http://www.educacionfpydeportes.gob.es/,curated,0,
MIN08,ministry,,Ministerio de Trabajo y Economía Social,State,,,http://www.mites.gob.es/,curated,0,
MIN09,ministry,,Ministerio de Industria y Turismo,State,,,http://www.mintur.gob.es/,curated,0,
MIN10,ministry,,"Ministerio de Agricultura, Pesca y Alimentación",State,,,http://www.mapa.gob.es/,curated,0,
MIN11,ministry,,Ministerio de Política Territorial y Memoria Democrática,State,,,http://www.mpt.gob.es/,curated,0,
MIN12,ministry,,Ministerio para la Transición Ecológica y el Reto Demográfico,State,,,http://www.miteco.gob.es/,curated,0,
MIN13,ministry,,Ministerio de Cultura,State,,,http://www.cultura.gob.es/,curated,0,
MIN14,ministry,,"Ministerio de Economía, Comercio y Empresa",State,,,http://www.mineco.gob.es/,curated,0,
MIN15,ministry,,Ministerio de Sanidad,State,,,http://www.sanidad.gob.es/,curated,0,
MIN16,ministry,,"Ministerio de Derechos Sociales, Consumo y Agenda 2030",State,,,http://www.dsca.gob.es/,curated,0,
MIN17,ministry,,"Ministerio de Ciencia, Innovación y Universidades",State,,,http://www.ciencia.gob.es/,curated,0,
MIN18,ministry,,Ministerio de Igualdad,State,,,http://www.igualdad.gob.es/,curated,0,
MIN19,ministry,,"Ministerio de Inclusión, Seguridad Social y Migraciones",State,,,http://www.inclusion.gob.es/,curated,0,
MIN20,ministry,,Ministerio de Vivienda y Agenda Urbana,State,,,http://www.mivau.gob.es/,curated,0,
MIN21,ministry,,Ministerio para la Transformación Digital y de la Función Pública,State,,,http://digital.gob.es/,curated,0,
MIN22,ministry,,Ministerio de Juventud e Infancia,State,,,http://www.juventudeinfancia.gob.es/,curated,0,
