register,csv_line,cohort,wayback_label,excluded_placeholder,home_ms,wp_lastupdate,wp_lastupdate_iso,wp_url,lei,lei_casp,casp_named,register_dti,register_dti_ffg,url_host,n_urls,url_id,outcome,via,outcome_frozen_rule,doc_sha256,doc_host,doc_url,ix_version,ix_version_rechecked,robots_reason,hops_not_retrieved,producer_domain,producer_is_hosting_platform,valid,ids_checked,lei_match,dti_match,ffg_match,doc_notification_date,doc_offeror_lei,gleif_register_lei,gleif_doc_offeror_lei,register_lei_malformed
OTHER,2,0,rekeyed,0,AT,30/12/2024,2024-12-30,WWW.SKYGATETOKEN.AT,984500BBFE52FE449926,,0,,,www.skygatetoken.at,1,e2a78cc9ea5d,pdf,hop,pdf,7c99993f8f1d03a09535af1b23060d92bc6ec00400dc2a65f3dd3eb7db7a434b,www.skygatetoken.at,https://WWW.SKYGATETOKEN.AT/wp-content/uploads/2026/08/WHITEPAPER-SKYGATE-MiCAR-Version-1-18.01.25-EN-DE-neu.pdf,,,,,,,,,,,,,,ISSUED/ACTIVE,,0
OTHER,3,1,changed,0,AT,01/04/2026,2026-04-01,WWW.DESERTGREENER.IO,984500R35C7N1E698319,,0,D0TGQ87MM,9791F79LM,www.desertgreener.io,1,c71d8636e0d5,pdf,hop,pdf,824c958eba67ce3e5009315183357e011132f8ebcd3d04092eac54cc416fa8da,desertgreener.io,https://desertgreener.io/documents/de/agreement.pdf,,,,,,,,,,,,,,ISSUED/ACTIVE,,0
OTHER,4,1,new,0,AT,11/08/2026,2026-08-11,https://www.bitpanda.com/en/legal/vsn-white-paper,5493007WZ7IFULIL8G21,,0,,,www.bitpanda.com,1,f75ef406da41,html,direct,html,4307cffa1da558e4301996392bf1f537be8c6c44e5316f58a70d3f043fc1ae7d,www.bitpanda.com,https://www.bitpanda.com/en/legal/vsn-white-paper,,,,,,,,,,,,,,RETIRED/INACTIVE,,0
OTHER,5,0,rekeyed,0,AT,03/10/2025,2025-10-03,https://ateg-capital.com,529900B1HYZ5I6QQRL52,,0,,,ateg-capital.com,1,44c9a4f5b69d,html,direct,html,308a269f72ce5987bc2bb399923b4fd492f47e1dae19a0d46092f6d7f073cc5e,ateg-capital.com,https://ateg-capital.com,,,,,,,,,,,,,,ISSUED/ACTIVE,,0
OTHER,6,0,unchanged,0,AT,27/06/2025,2025-06-27,https://steelcoin.com/,529900OX94239BUDFN51,,0,,,steelcoin.com,1,82e705d53e2a,pdf,hop,pdf,e97df1b8de29408287b231d0d1e969d0807385946a6b55ffec3d54c98474cee1,steelcoin.com,https://steelcoin.com/uploads/legal/Whitepaper_Steelcoin-X_20250627.pdf,,,,,,,,,,,,,,ISSUED/ACTIVE,,0
OTHER,7,0,unchanged,0,AT,03/11/2025,2025-11-03,https://1111-management.com/,9845004D111EATCB5A62,,0,,,1111-management.com,1,64a09ebce764,html,direct,html,9e672798f5025ad190bf0055f064dba25dbca6e2e5ed67dcb5c14c947f951cbb,1111-management.com,https://1111-management.com/,,,,,,,,,,,,,,ISSUED/ACTIVE,,0
OTHER,8,0,rekeyed,0,AT,24/09/2025,2025-09-24,zknation.io,529900SV858GPLFCQK64,,0,HKL2NKLD8,BCBLPFRBX,zknation.io,1,db68bc10c2b3,html,direct,html,37c69ccc9dbf37f4679580a7cfa7d27babe2fcb2e5199631df8212e142c1c50e,www.zknation.io,https://www.zknation.io/,,,,,,,,,,,,,,ISSUED/ACTIVE,,0
OTHER,9,0,new-before-cutoff,0,AT,10/10/2025,2025-10-10,https://starkware.co/,254900OKK1G0RL5Q9B59,,0,4BFL30DVF,NLWPNNWQZ,starkware.co,1,2c3ab67ca65d,html,direct,html,0b089894de62c4b581845f8c437814fe4bef743d4b551bb288e395a751840bcb,starkware.co,https://starkware.co/,,,,,,,,,,,,,,ISSUED/ACTIVE,,0
OTHER,10,1,changed,0,AT,09/06/2026,2026-06-09,www.biogena.com/biox,52990050KC7YUM8VD941,529900WKXS5ZPJY9W498,1,5HL762TWK,H1L7XKSK2,www.biogena.com,1,1cfd739cad96,net-error,direct,net-error,,,https://www.biogena.com/biox,,,robots:error,,,,,,,,,,,ISSUED/ACTIVE,,0
OTHER,11,1,new,0,AT,11/08/2026,2026-08-11,https://mojomarketplace.io,875500LZF8VIDAKG7213,,0,WPTSOBQPR,BDVP97CN2,mojomarketplace.io,1,2aee7068f284,html,direct,html,d632fa67f37b85d0667e6d4c554f8f29ba5d476fdc0fa17447e6f543e7bb8f83,mojomarketplace.io,https://mojomarketplace.io,,,,,,,,,,,,,,ISSUED/ACTIVE,,0
OTHER,12,0,unchanged,0,CY,25/03/2025,2025-03-25,https://abloxx.com/en/details,,,0,,,abloxx.com,1,824f7e36c940,pdf,hop,pdf,425d7e0c872c647539d8b37416c383663956fbefb273e7cd4815cf729fd7675e,26838294.fs1.hubspotusercontent-eu1.net,https://26838294.fs1.hubspotusercontent-eu1.net/hubfs/26838294/Abloxx_Website/Abloxx%20Whitepaper%201.1%202025.pdf,,,,,,,,,,,,,,,,0
OTHER,13,0,unchanged,0,CY,13/08/2025,2025-08-13,https://xyo.network/papers/mica-white-paper,,,0,,,xyo.network,1,332e4f6a3355,http-error,direct,http-error,8fd1cf009e16c47d994718a86930c21b3afd888d1d3f5e078bdc3dbb73173e3c,xyo.network,https://xyo.network/papers/mica-white-paper,,,,,,,,,,,,,,,,0
OTHER,14,0,unchanged,0,CY,21/08/2025,2025-08-21,xl1-mica-white-paper.pdf,,,0,,,xl1-mica-white-paper.pdf,1,9567d199301a,net-error,direct,net-error,,,https://xl1-mica-white-paper.pdf,,,robots:error,,,,,,,,,,,,,0
OTHER,15,0,unchanged,0,CY,17/10/2025,2025-10-17,https://plancknetwork.com/whitepaper.pdf,,,0,,,plancknetwork.com,1,2047e9cd50a8,pdf,hop,pdf,b375a9b787c3c857f13518905ae475c37f648bcd220c80466091048147d2b186,plancknetwork.com,https://plancknetwork.com/wind-down/notice.pdf,,,,,,,,,,,,,,,,0
OTHER,16,1,new,0,CY,29/05/2026,2026-05-29,https://whitepaper.anotherapp.io/,,,0,,,whitepaper.anotherapp.io,1,0ef37d80218f,http-error,direct,robots,e3b0c44298fc1c149afbf4c8996fb92427ae41e4649b934ca495991b7852b855,whitepaper.anotherapp.io,https://whitepaper.anotherapp.io/,,,,,,,,,,,,,,,,0
OTHER,17,0,unchanged,0,CZ,08/08/2025,2025-08-08,https://verdanteurope.com/site/assets/files/1172/apf_digital_agrifund_cr_crypto-asset_white_paper_eng.pdf,,,0,,,verdanteurope.com,1,d12f33eb8b42,pdf,direct,pdf,8da40334ff4a7723b5459d7cb1c4e14b45bfafa5e316e7819ca6ade12c9a8300,verdanteurope.com,https://verdanteurope.com/site/assets/files/1172/apf_digital_agrifund_cr_crypto-asset_white_paper_eng.pdf,,,,,,,,,,,,,,,,0
OTHER,18,0,unchanged,0,CZ,07/11/2025,2025-11-07,https://timberchain.io/TIMBER2026_Whitepaper.pdf,,,0,,,timberchain.io,1,8f1be0ee98c0,pdf,direct,pdf,3ebac4b16268fab714c5d699706df533ceed7639d8eee8be951a0b965557eb26,timberchain.io,https://timberchain.io/TIMBER2026_Whitepaper.pdf,,,,,,,,,,,,,,,,0
OTHER,19,1,new,0,CZ,21/01/2026,2026-01-21,https://storage.googleapis.com/gmt-public-prod/docs/whitepaper-token-eu.pdf,315700WS9HUQEAQEFZ32,,0,,,storage.googleapis.com,1,c279dba3b14c,pdf,direct,pdf,0b9c64645a0504b82e18462ac15b814f492de20cef3146e9bbfbf044f9a3d6b6,storage.googleapis.com,https://storage.googleapis.com/gmt-public-prod/docs/whitepaper-token-eu.pdf,,,,,,,,,,,,,,LAPSED/ACTIVE,,0
OTHER,20,1,new,0,CZ,24/03/2026,2026-03-24,https://evo22.tech/EVAcoinWhitePaper.xhtml,315700GUQZ3EQ7QIQK93,,0,,,evo22.tech,1,8b6495bc98b4,ixbrl-other,direct,ixbrl-other,d70fb5b7d52b8666963e681e54029ec4feb746127054da09cb8c0fd34a44d88b,evo22.tech,https://evo22.tech/EVAcoinWhitePaper.xhtml,1.1,1,,,evo22.tech,0,,,,,,,,ISSUED/ACTIVE,,0
OTHER,21,0,unchanged,0,DE,31/03/2025,2025-03-31,https://crypto-risk-metrics.com/en/white-paper-bitcoin-ffg-v15wlzjmf/,39120077M9TG0O1FE242,,0,,,crypto-risk-metrics.com,1,5d5e5172ec78,ixbrl-esma,hop,ixbrl-esma,a00da212a11b39930b96bd06488baa4c9411213b3597119bc0b44d38ea207420,white-paper.crypto-risk-metrics.com,https://white-paper.crypto-risk-metrics.com/2026-05-26-White-paper-Bitcoin-FFG-V15WLZJMF.xhtml,1.1,1,,,crypto-risk-metrics.com,0,1,1,1,,,2026-05-26,39120077M9TG0O1FE242,ISSUED/ACTIVE,ISSUED/ACTIVE,0
OTHER,22,0,unchanged,0,DE,31/03/2025,2025-03-31,https://crypto-risk-metrics.com/en/white-paper-book-of-meme-ffg-jqch4zrfb/,39120077M9TG0O1FE242,,0,,,crypto-risk-metrics.com,1,f4f86350431d,pdf,hop,pdf,332682eaba48cc36f3cb6ae3caff2f99d544df4ca95488b57116f62f48fba561,white-paper.crypto-risk-metrics.com,https://white-paper.crypto-risk-metrics.com/2025-03-31-White-paper-BOOK-OF-MEME-FFG-JQCH4ZRFB.pdf,,,,,,,,,,,,,,ISSUED/ACTIVE,,0
OTHER,23,0,unchanged,0,DE,31/03/2025,2025-03-31,https://crypto-risk-metrics.com/en/white-paper-popcat-ffg-cplckvt11/,39120077M9TG0O1FE242,,0,,,crypto-risk-metrics.com,1,af5a0e4e2d6d,pdf,hop,pdf,7cadb945c75dd2b3263f8896347df489c6bbf716616d824516d3b243d5c56570,white-paper.crypto-risk-metrics.com,https://white-paper.crypto-risk-metrics.com/2025-03-31-White-paper-Popcat-FFG-CPLCKVT11.pdf,,,,,,,,,,,,,,ISSUED/ACTIVE,,0
OTHER,24,0,unchanged,0,DE,03/04/2025,2025-04-03,https://bitscrunch.com/mica-whitepaper.pdf,,,0,,,bitscrunch.com,1,bbd5470f49e3,anti-bot,direct,anti-bot,4857afb8cbefd8d2a24e6b3c16aab9f15f4ec9fd9f3106990f7c5e4d40006f87,bitscrunch.com,https://bitscrunch.com/mica-whitepaper.pdf,,,,,,,,,,,,,,,,0
OTHER,25,0,unchanged,0,DE,14/04/2025,2025-04-14,https://crypto-risk-metrics.com/en/white-paper-academic-labs-ffg-65jz3c66z/,39120077M9TG0O1FE242,,0,,,crypto-risk-metrics.com,1,9b8ac86b91c6,pdf,hop,pdf,61d741eab13463f2f797f0733ba1e5d378926bad2298d66b3a442bb15d796eb7,white-paper.crypto-risk-metrics.com,https://white-paper.crypto-risk-metrics.com/2025-04-14-White-paper-Academic-Labs-FFG-65JZ3C66Z.pdf,,,,,,,,,,,,,,ISSUED/ACTIVE,,0
OTHER,26,0,unchanged,0,DE,14/04/2025,2025-04-14,https://crypto-risk-metrics.com/en/white-paper-melania-meme-ffg-tc417fplr/,39120077M9TG0O1FE242,,0,,,crypto-risk-metrics.com,1,c48a89729e48,pdf,hop,pdf,a5786a05038cdbefeeb67d01b2275234f07f11992331209de8e550835c5afe6e,white-paper.crypto-risk-metrics.com,https://white-paper.crypto-risk-metrics.com/2025-04-14-White-paper-Melania-Meme-FFG-TC417FPLR.pdf,,,,,,,,,,,,,,ISSUED/ACTIVE,,0
OTHER,27,0,unchanged,0,DE,22/04/2025,2025-04-22,https://crypto-risk-metrics.com/en/white-paper-fartcoin-ffg-z673vt588/,39120077M9TG0O1FE242,,0,,,crypto-risk-metrics.com,1,841436c102cf,pdf,hop,pdf,b079fb0ec94f218246b304bab1406dc92e837326479a57e30d556f8e4690131e,white-paper.crypto-risk-metrics.com,https://white-paper.crypto-risk-metrics.com/2025-04-22-White-paper-Fartcoin-FFG-Z673VT588.pdf,,,,,,,,,,,,,,ISSUED/ACTIVE,,0
OTHER,28,0,unchanged,0,DE,22/04/2025,2025-04-22,https://crypto-risk-metrics.com/en/white-paper-litecoin-ffg-d74jz1vrd/,39120077M9TG0O1FE242,,0,,,crypto-risk-metrics.com,1,73d9481f6f45,ixbrl-esma,hop,ixbrl-esma,ced8ed4518c59ad68edab73fc84e590abd5f1da754ecee88d376aaa56c4009f4,white-paper.crypto-risk-metrics.com,https://white-paper.crypto-risk-metrics.com/2026-05-26-White-paper-Litecoin-FFG-D74JZ1VRD.xhtml,1.1,1,,,crypto-risk-metrics.com,0,1,1,1,,,2026-05-26,39120077M9TG0O1FE242,ISSUED/ACTIVE,ISSUED/ACTIVE,0
OTHER,29,0,unchanged,0,DE,05/05/2025,2025-05-05,https://crypto-risk-metrics.com/en/white-paper-ethereum-ffg-d5rg2fhh0/,39120077M9TG0O1FE242,,0,,,crypto-risk-metrics.com,1,408851ec3727,ixbrl-esma,hop,ixbrl-esma,80eab5f4d73e285d53fca49b074e2aba926ab80f1928d678c4edeb9891fafb6e,white-paper.crypto-risk-metrics.com,https://white-paper.crypto-risk-metrics.com/2026-05-29-White-paper-Ethereum-Eth-FFG-D5RG2FHH0.xhtml,1.1,1,,,crypto-risk-metrics.com,0,1,1,1,,,2026-05-29,39120077M9TG0O1FE242,ISSUED/ACTIVE,ISSUED/ACTIVE,0
OTHER,30,0,unchanged,0,DE,05/05/2025,2025-05-05,https://crypto-risk-metrics.com/en/white-paper-goatseus-maximus-ffg-7fs1wx5vk,39120077M9TG0O1FE242,,0,,,crypto-risk-metrics.com,1,33fa6e7f54e6,pdf,hop,pdf,9584aab7383bae31e3903d82d6a25926b004126d724e216e03e07dc71785abc8,white-paper.crypto-risk-metrics.com,https://white-paper.crypto-risk-metrics.com/2025-05-05-White-paper-Goatseus-Maximus-FFG-7FS1WX5VK.pdf,,,,,,,,,,,,,,ISSUED/ACTIVE,,0
OTHER,31,0,unchanged,0,DE,07/05/2025,2025-05-07,https://projecthorus.ai/wp-content/uploads/2025/05/ProjectHorusX_Whitepaper.pdf,,,0,,,projecthorus.ai,1,b76836c11793,net-error,direct,net-error,,,https://projecthorus.ai/wp-content/uploads/2025/05/ProjectHorusX_Whitepaper.pdf,,,robots:error,,,,,,,,,,,,,0
OTHER,32,0,unchanged,0,DE,12/05/2025,2025-05-12,https://crypto-risk-metrics.com/en/white-paper-bio-ffg-TBR0XDRN8,39120077M9TG0O1FE242,,0,,,crypto-risk-metrics.com,1,a8501dce7742,pdf,hop,pdf,0e46623cffc18eb336761b750bf9a54ac8f3ebcfd46b0ef147c18646a2c3b68e,white-paper.crypto-risk-metrics.com,https://white-paper.crypto-risk-metrics.com/2025-05-12-White-paper-BIO-FFG-TBR0XDRN8.pdf,,,,,,,,,,,,,,ISSUED/ACTIVE,,0
OTHER,33,0,unchanged,0,DE,10/06/2025,2025-06-10,https://crypto-risk-metrics.com/en/white-paper-dogwifhat-ffg-10g31sk86/,39120077M9TG0O1FE242,,0,,,crypto-risk-metrics.com,1,27edcd38fdab,pdf,hop,pdf,8e9676974bc4536ff48c721da43ee07de390fd6f133dcc82b5236aba02cbbe7d,white-paper.crypto-risk-metrics.com,https://white-paper.crypto-risk-metrics.com/2025-06-10-White-paper-Dogwifhat-FFG-10G31SK86.pdf,,,,,,,,,,,,,,ISSUED/ACTIVE,,0
OTHER,34,0,unchanged,0,DE,16/06/2025,2025-06-16,https://crypto-risk-metrics.com/en/white-paper-ethereum-classic-ether-ffg-dgmqmfzd4/,39120077M9TG0O1FE242,,0,,,crypto-risk-metrics.com,1,7a4930fe5fa8,ixbrl-esma,hop,ixbrl-esma,a7889d24a7c5a7254fc85882a8234f20ba52a350e0a6ae6aa79c743dea345e40,white-paper.crypto-risk-metrics.com,https://white-paper.crypto-risk-metrics.com/2026-06-01-White-paper-Ethereum-Classic-Ether-FFG-DGMQMFZD4.xhtml,1.1,1,,,crypto-risk-metrics.com,0,1,1,1,,,2026-06-01,39120077M9TG0O1FE242,ISSUED/ACTIVE,ISSUED/ACTIVE,0
OTHER,35,0,unchanged,0,DE,16/06/2025,2025-06-16,https://crypto-risk-metrics.com/en/white-paper-moo-deng-ffg-h3x85bk7m/,39120077M9TG0O1FE242,,0,,,crypto-risk-metrics.com,1,bcaa48391d38,pdf,hop,pdf,170a94945a442acfa05b49f6f97c50d4ef8a490a2d599945f6da9805ff70c8a0,white-paper.crypto-risk-metrics.com,https://white-paper.crypto-risk-metrics.com/2025-06-16-White-paper-Moo-Deng-FFG-H3X85BK7M.pdf,,,,,,,,,,,,,,ISSUED/ACTIVE,,0
OTHER,36,0,unchanged,0,DE,16/06/2025,2025-06-16,https://crypto-risk-metrics.com/en/white-paper-swarms-ffg-30kcvxpwp/,39120077M9TG0O1FE242,,0,,,crypto-risk-metrics.com,1,72a1eddec113,pdf,hop,pdf,d7ccfa1f4db00ab6878b0b7c94afea3ff9e6e90ef76c8e788d9e50a8c8b57bc3,white-paper.crypto-risk-metrics.com,https://white-paper.crypto-risk-metrics.com/2025-06-16-White-paper-swarms-FFG-30KCVXPWP.pdf,,,,,,,,,,,,,,ISSUED/ACTIVE,,0
OTHER,37,0,unchanged,0,DE,16/06/2025,2025-06-16,https://crypto-risk-metrics.com/en/white-paper-vine-coin-ffg-b4fw49n5p/,39120077M9TG0O1FE242,,0,,,crypto-risk-metrics.com,1,c06b24ff4451,pdf,hop,pdf,30b4ab945637460d1fc5e0c2b8ee1f4d0f757b645b5a2c1c2d0fad4500eb6e5e,white-paper.crypto-risk-metrics.com,https://white-paper.crypto-risk-metrics.com/2025-06-16-White-paper-Vine-Coin-FFG-B4FW49N5P.pdf,,,,,,,,,,,,,,ISSUED/ACTIVE,,0
OTHER,38,0,unchanged,0,DE,30/06/2025,2025-06-30,https://crypto-risk-metrics.com/en/white-paper-berachain-bera-ffg-l7xqxln44/,39120077M9TG0O1FE242,,0,,,crypto-risk-metrics.com,1,ee41f6a0502b,pdf,hop,pdf,d0d3e1cb84aea7d72ab20a968e3e92392a41363f45a4762f705a3fba78f68a40,white-paper.crypto-risk-metrics.com,https://white-paper.crypto-risk-metrics.com/2025-06-30-White-paper-Berachain-BERA-FFG-L7XQXLN44.pdf,,,,,,,,,,,,,,ISSUED/ACTIVE,,0
OTHER,39,0,unchanged,0,DE,30/06/2025,2025-06-30,https://crypto-risk-metrics.com/en/white-paper-echelon-prime-ffg-1vj02jbzn/,39120077M9TG0O1FE242,,0,,,crypto-risk-metrics.com,1,c26a4dad6c89,pdf,hop,pdf,3c3204e563026f1e2ca1e2ca4d74b37466e5d5b901175c1b790c8a3a58e9e3d6,white-paper.crypto-risk-metrics.com,https://white-paper.crypto-risk-metrics.com/2025-06-30-White-paper-Echelon-Prime-FFG-1VJ02JBZN.pdf,,,,,,,,,,,,,,ISSUED/ACTIVE,,0
OTHER,40,0,unchanged,0,DE,30/06/2025,2025-06-30,https://crypto-risk-metrics.com/en/white-paper-toshi-ffg-wt9gj1k9r/,39120077M9TG0O1FE242,,0,,,crypto-risk-metrics.com,1,da855dc42ceb,pdf,hop,pdf,0f0b275d781f0d5578dff89d2cdc28fef6fadd7d4d42eeb8b40ca19e1b85bd9d,white-paper.crypto-risk-metrics.com,https://white-paper.crypto-risk-metrics.com/2025-06-30-White-paper-Toshi-FFG-WT9GJ1K9R.pdf,,,,,,,,,,,,,,ISSUED/ACTIVE,,0
OTHER,41,0,unchanged,0,DE,07/07/2025,2025-07-07,https://crypto-risk-metrics.com/en/white-paper-world-of-dypians-ffg-gmb92084j/,39120077M9TG0O1FE242,,0,,,crypto-risk-metrics.com,1,fe12b809eb33,pdf,hop,pdf,9f4f34730f24d8ccce2e86ca1a6ace5b4439e0207d60c57c10e60d67a0a8144e,white-paper.crypto-risk-metrics.com,https://white-paper.crypto-risk-metrics.com/2025-07-07-White-paper-World-of-Dypians-FFG-GMB92084J.pdf,,,,,,,,,,,,,,ISSUED/ACTIVE,,0
OTHER,42,0,unchanged,0,DE,07/07/2025,2025-07-07,https://crypto-risk-metrics.com/en/white-paper-test-griffain-com-ffg-qxn32wlr2/,39120077M9TG0O1FE242,,0,,,crypto-risk-metrics.com,1,f7ad1b597d54,pdf,hop,pdf,f884fdf5dfa530fe65fea7c6fd4834ff062735f2044dfc93224347b53f6b0b4c,white-paper.crypto-risk-metrics.com,https://white-paper.crypto-risk-metrics.com/2025-07-07-White-paper-test-griffain-com-FFG-QXN32WLR2.pdf,,,,,,,,,,,,,,ISSUED/ACTIVE,,0
OTHER,43,0,unchanged,0,DE,07/07/2025,2025-07-07,https://crypto-risk-metrics.com/en/white-paper-mog-coin-ffg-c4044kdrd/,39120077M9TG0O1FE242,,0,,,crypto-risk-metrics.com,1,f7d8455dca26,pdf,hop,pdf,abc1028b650bbed77247b70f754177e9e910e63f1027668457d00d811f50986f,white-paper.crypto-risk-metrics.com,https://white-paper.crypto-risk-metrics.com/2025-07-07-White-paper-Mog-Coin-FFG-C4044KDRD.pdf,,,,,,,,,,,,,,ISSUED/ACTIVE,,0
OTHER,44,0,unchanged,0,DE,07/07/2025,2025-07-07,https://crypto-risk-metrics.com/en/white-paper-binance-coin-ffg-8n2vxjkb1/,39120077M9TG0O1FE242,,0,,,crypto-risk-metrics.com,1,13c1eae83700,pdf,hop,pdf,54d38fe831a907b43eb23934c632c7139aeb57fd6a6fe691ff28256c909af57e,crypto-risk-metrics.com,https://crypto-risk-metrics.com/wp-content/uploads/2025-07-07-White-paper-Binance-Coin-FFG-8N2VXJKB1.pdf,,,,,,,,,,,,,,ISSUED/ACTIVE,,0
OTHER,45,0,unchanged,0,DE,22/07/2025,2025-07-22,https://crypto-risk-metrics.com/en/white-paper-kip-protocol-ffg-8cjxl9l2f/,39120077M9TG0O1FE242,,0,,,crypto-risk-metrics.com,1,49018548ba4b,pdf,hop,pdf,1bf09a0d978e5743edca81bc59801f0e6d5729040990e7830ca95d8d23de9081,white-paper.crypto-risk-metrics.com,https://white-paper.crypto-risk-metrics.com/2025-07-22-White-paper-Kip-Protocol-FFG-8CJXL9L2F.pdf,,,,,,,,,,,,,,ISSUED/ACTIVE,,0
OTHER,46,0,unchanged,0,DE,22/07/2025,2025-07-22,https://crypto-risk-metrics.com/en/white-paper-magic-eden-ffg-7987r7s6h/,39120077M9TG0O1FE242,,0,,,crypto-risk-metrics.com,1,4066fe6ab87e,pdf,hop,pdf,5293c18c176878495c4c355be8d82d863afe15ef8ecb6faa5d66c16284991da3,white-paper.crypto-risk-metrics.com,https://white-paper.crypto-risk-metrics.com/2025-07-22-White-paper-Magic-Eden-FFG-7987R7S6H.pdf,,,,,,,,,,,,,,ISSUED/ACTIVE,,0
OTHER,47,0,unchanged,0,DE,22/07/2025,2025-07-22,https://crypto-risk-metrics.com/en/white-paper-virtual-protocol-ffg-7wmbv0r29/,39120077M9TG0O1FE242,,0,,,crypto-risk-metrics.com,1,c6d97b48de28,pdf,hop,pdf,687ef1eaeef46ca5d584232d3c8c9bc3ef2d877e78146d6a5ddf92dacbf35943,white-paper.crypto-risk-metrics.com,https://white-paper.crypto-risk-metrics.com/2025-07-22-White-paper-Virtual-Protocol-FFG-7WMBV0R29.pdf,,,,,,,,,,,,,,ISSUED/ACTIVE,,0
OTHER,48,0,unchanged,0,DE,31/07/2025,2025-07-31,https://ab.org/files/ab-mica-whitepaper.pdf,,,0,,,ab.org,1,b7cd9db7012d,pdf,direct,pdf,8a778b7ea4e3a1074a54849c75ecb4c5ac5681c77ad7d39c92bad8342ea662e0,www.ab.org:443,https://www.ab.org:443/files/ab-mica-whitepaper.pdf,,,,,,,,,,,,,,,,0
OTHER,49,0,unchanged,0,DE,06/08/2025,2025-08-06,https://nobodysausage.club/micar-whitepaper,,,0,,,nobodysausage.club,1,c78de9b4293f,http-error,direct,http-error,9b0d19b69b0f8cb4c6833ecdea2c8a9816a3a29ced17d131788404d0974bef29,nobodysausage.club,https://nobodysausage.club/micar-whitepaper,,,,,,,,,,,,,,,,0
OTHER,50,0,unchanged,0,DE,11/08/2025,2025-08-11,https://crypto-risk-metrics.com/en/white-paper-tokenbot-ffg-b9bf88zxp/,39120077M9TG0O1FE242,,0,,,crypto-risk-metrics.com,1,efde645240b3,pdf,hop,pdf,ffd4382360c5c532e11a2449d2779bcbde92956c64f810b1ccc3400054b25993,white-paper.crypto-risk-metrics.com,https://white-paper.crypto-risk-metrics.com/2025-08-11-White-paper-tokenbot-FFG-B9BF88ZXP.pdf,,,,,,,,,,,,,,ISSUED/ACTIVE,,0
OTHER,51,0,unchanged,0,DE,11/08/2025,2025-08-11,https://crypto-risk-metrics.com/en/white-paper-zora-ffg-m4dcvm90d/,39120077M9TG0O1FE242,,0,,,crypto-risk-metrics.com,1,1c5b39d1c99d,pdf,hop,pdf,eebb5096f04f6e9b07e27a5f67ae5e72c26e03f37fa856f5e3683b1aa0c4242c,white-paper.crypto-risk-metrics.com,https://white-paper.crypto-risk-metrics.com/2025-08-11-White-paper-Zora-FFG-M4DCVM90D.pdf,,,,,,,,,,,,,,ISSUED/ACTIVE,,0
OTHER,52,0,unchanged,0,DE,11/08/2025,2025-08-11,https://crypto-risk-metrics.com/en/white-paper-fai-ffg-71zs4mw47/,39120077M9TG0O1FE242,,0,,,crypto-risk-metrics.com,1,3a1db5be66df,pdf,hop,pdf,046fb61076bf3849bb65e11b8cb7af21169dee2f2c6df08eefa6d74710254208,white-paper.crypto-risk-metrics.com,https://white-paper.crypto-risk-metrics.com/2025-08-11-White-paper-FAI-FFG-71ZS4MW47.pdf,,,,,,,,,,,,,,ISSUED/ACTIVE,,0
OTHER,53,0,unchanged,0,DE,11/08/2025,2025-08-11,https://crypto-risk-metrics.com/en/white-paper-keyboard-cat-ffg-nftd780qf/,39120077M9TG0O1FE242,,0,,,crypto-risk-metrics.com,1,c55ece9090f9,pdf,hop,pdf,f23caad0c50af5e223661757108d2b435e22c6fea3005df51ded616b7c903301,white-paper.crypto-risk-metrics.com,https://white-paper.crypto-risk-metrics.com/2025-08-11-White-paper-Keyboard-Cat-FFG-NFTD780QF.pdf,,,,,,,,,,,,,,ISSUED/ACTIVE,,0
OTHER,54,0,unchanged,0,DE,11/08/2025,2025-08-11,https://crypto-risk-metrics.com/en/white-paper-edge-ffg-jg63f041q/,39120077M9TG0O1FE242,,0,,,crypto-risk-metrics.com,1,ad6d7ae58559,pdf,hop,pdf,a7229ef74024dde8385514a1de01c55a79bc0a23a3a90dc7cf3ed6bbb66315d2,white-paper.crypto-risk-metrics.com,https://white-paper.crypto-risk-metrics.com/2025-08-11-White-paper-Edge-FFG-JG63F041Q.pdf,,,,,,,,,,,,,,ISSUED/ACTIVE,,0
OTHER,55,0,unchanged,0,DE,11/08/2025,2025-08-11,https://crypto-risk-metrics.com/en/white-paper-venice-token-ffg-p0sd47m0w/,39120077M9TG0O1FE242,,0,,,crypto-risk-metrics.com,1,6b99966c436b,ixbrl-esma,hop,ixbrl-esma,e7837f6fbe495eb93e19bc1310e37d7d17d7943f7d94238c0641c9dd712a08d7,white-paper.crypto-risk-metrics.com,https://white-paper.crypto-risk-metrics.com/2026-08-13-White-paper-Venice-Token-FFG-P0SD47M0W.xhtml,1.1,1,,,crypto-risk-metrics.com,0,1,1,1,,,2026-08-13,39120077M9TG0O1FE242,ISSUED/ACTIVE,ISSUED/ACTIVE,0
OTHER,56,0,unchanged,0,DE,11/08/2025,2025-08-11,https://crypto-risk-metrics.com/en/white-paper-doginme-ffg-cvsl6qhbd/,39120077M9TG0O1FE242,,0,,,crypto-risk-metrics.com,1,41ffdea884b1,pdf,hop,pdf,f75be1c20cf0e048d8b9309b51efe1f29d9b4b3fe7cecf6fb2634be15bc2468d,white-paper.crypto-risk-metrics.com,https://white-paper.crypto-risk-metrics.com/2025-08-11-White-paper-doginme-FFG-CVSL6QHBD.pdf,,,,,,,,,,,,,,ISSUED/ACTIVE,,0
OTHER,57,0,unchanged,0,DE,12/08/2025,2025-08-12,https://crypto-risk-metrics.com/en/white-paper-cookie-dao-ffg-dbrtw3ff8/,39120077M9TG0O1FE242,,0,,,crypto-risk-metrics.com,1,3e14f4a3c943,pdf,hop,pdf,d8c9b24311fad6a47440cfded2a28d6aba1b087709959ac87227a2c444a9cdac,white-paper.crypto-risk-metrics.com,https://white-paper.crypto-risk-metrics.com/2025-08-12-White-paper-Cookie-DAO-FFG-DBRTW3FF8.pdf,,,,,,,,,,,,,,ISSUED/ACTIVE,,0
OTHER,58,0,unchanged,0,DE,13/08/2025,2025-08-13,https://crypto-risk-metrics.com/en/white-paper-wayfinder-prompt-ffg-3dff12gsv/,39120077M9TG0O1FE242,,0,,,crypto-risk-metrics.com,1,ea28c8c3ecf3,pdf,hop,pdf,a8f9d0a7c7126682402b0c75d142a1c766a9874aee5fe9e31d719cc2224aa9eb,white-paper.crypto-risk-metrics.com,https://white-paper.crypto-risk-metrics.com/2025-08-13-White-paper-Wayfinder-Prompt-FFG-3DFF12GSV.pdf,,,,,,,,,,,,,,ISSUED/ACTIVE,,0
OTHER,59,0,unchanged,0,DE,13/08/2025,2025-08-13,https://crypto-risk-metrics.com/en/white-paper-lagrange-ffg-zrh17cf3v/,39120077M9TG0O1FE242,,0,,,crypto-risk-metrics.com,1,1aad522061cc,pdf,hop,pdf,68892b4ee091bbd06434b07e508e8b1e417375816f9e670c9a331346bb079fbc,white-paper.crypto-risk-metrics.com,https://white-paper.crypto-risk-metrics.com/2025-08-13-White-paper-Lagrange-FFG-ZRH17CF3V.pdf,,,,,,,,,,,,,,ISSUED/ACTIVE,,0
OTHER,60,0,unchanged,0,DE,13/08/2025,2025-08-13,https://greenkeeper.eco/gft-whitepaper,391200S2SQD4RY3IGF54,,0,,,greenkeeper.eco,1,4a55fe935bb6,http-error,direct,http-error,efd233ca490a3644e5291b72eb504b94678e8bf5db3d153c115039e5392b2a24,greenkeeper.eco,https://greenkeeper.eco/en/gft-whitepaper,,,,,,,,,,,,,,ISSUED/ACTIVE,,0
OTHER,61,0,unchanged,0,DE,14/08/2025,2025-08-14,https://crypto-risk-metrics.com/en/white-paper-sonic-ffg-7jbmlcwcr/,39120077M9TG0O1FE242,,0,,,crypto-risk-metrics.com,1,d0ea1b80d642,pdf,hop,pdf,22979147e8596c894e1fbf8ed43af4f1baf2fd065aa8e8bf09c3e7b4147375eb,white-paper.crypto-risk-metrics.com,https://white-paper.crypto-risk-metrics.com/2025-08-14-White-paper-Sonic-FFG-7JBMLCWCR.pdf,,,,,,,,,,,,,,ISSUED/ACTIVE,,0
OTHER,62,0,unchanged,0,DE,14/08/2025,2025-08-14,https://crypto-risk-metrics.com/en/white-paper-space-and-time-ffg-qstzk3plv/,39120077M9TG0O1FE242,,0,,,crypto-risk-metrics.com,1,d11abc229310,pdf,hop,pdf,8762bb8020d302553ec8fdfc785c44cd05e4a9df795d259ce44faa707db5c63d,white-paper.crypto-risk-metrics.com,https://white-paper.crypto-risk-metrics.com/2025-08-14-White-paper-Space-and-Time-FFG-QSTZK3PLV.pdf,,,,,,,,,,,,,,ISSUED/ACTIVE,,0
OTHER,63,0,unchanged,0,DE,22/08/2025,2025-08-22,https://crypto-risk-metrics.com/en/white-paper-euler-ffg-bjsllnx42/,39120077M9TG0O1FE242,,0,,,crypto-risk-metrics.com,1,d3e3c0f52f83,ixbrl-esma,hop,ixbrl-esma,a94d0801631e88805e94eca577b756ae1799fc3802c1cd78d099341af3aa3d64,white-paper.crypto-risk-metrics.com,https://white-paper.crypto-risk-metrics.com/2026-10-01-White-paper-Euler-FFG-BJSLLNX42.xhtml,1.1,1,,,crypto-risk-metrics.com,0,1,1,1,,,2026-10-01,39120077M9TG0O1FE242,ISSUED/ACTIVE,ISSUED/ACTIVE,0
OTHER,64,0,unchanged,0,DE,22/08/2025,2025-08-22,https://crypto-risk-metrics.com/en/white-paper-treehouse-ffg-7pq1242p3/,39120077M9TG0O1FE242,,0,,,crypto-risk-metrics.com,1,f72aca4d8b5f,ixbrl-esma,hop,ixbrl-esma,82e7efff3832388fa3997190d34dc74e1caf1ccbabe586c44fbc4b8284446960,white-paper.crypto-risk-metrics.com,https://white-paper.crypto-risk-metrics.com/2026-10-01-White-paper-Treehouse-FFG-7PQ1242P3.xhtml,1.1,1,,,crypto-risk-metrics.com,0,1,1,1,,,2026-10-01,39120077M9TG0O1FE242,ISSUED/ACTIVE,ISSUED/ACTIVE,0
OTHER,65,0,unchanged,0,DE,22/08/2025,2025-08-22,https://crypto-risk-metrics.com/en/white-paper-mamo-ffg-4wxhprnh8/,39120077M9TG0O1FE242,,0,,,crypto-risk-metrics.com,1,b39b52809b71,html,direct,html,e83d7ede7be186d8513d86d239e6c601a46c0a417553fd28fdf5429cc42e1ef8,white-paper.crypto-risk-metrics.com,https://white-paper.crypto-risk-metrics.com/en/mamo-ffg-4wxhprnh8/index.html,,,,,,,,,,,,,,ISSUED/ACTIVE,,0
OTHER,66,0,unchanged,0,DE,22/08/2025,2025-08-22,https://crypto-risk-metrics.com/en/white-paper-bankrcoin-ffg-6xspzjjtx/,39120077M9TG0O1FE242,,0,,,crypto-risk-metrics.com,1,a5274eca247f,ixbrl-esma,hop,ixbrl-esma,97b947259a13d9fbaafecef1d615e7b8268e4b5e893576b5204eac265f582e10,white-paper.crypto-risk-metrics.com,https://white-paper.crypto-risk-metrics.com/2026-10-02-White-paper-BankrCoin-FFG-6XSPZJJTX.xhtml,1.1,1,,,crypto-risk-metrics.com,0,1,1,1,,,2026-10-02,39120077M9TG0O1FE242,ISSUED/ACTIVE,ISSUED/ACTIVE,0
OTHER,67,0,unchanged,0,DE,25/08/2025,2025-08-25,https://crypto-risk-metrics.com/en/white-paper-happycats-ffg-txfj91ww6/,39120077M9TG0O1FE242,,0,,,crypto-risk-metrics.com,1,e8e910218407,pdf,hop,pdf,e37f1616a7e654c2c1f36b27cb12dd39cd77603e1ab48ab9fb9b173bd6e4237b,white-paper.crypto-risk-metrics.com,https://white-paper.crypto-risk-metrics.com/2025-08-25-White-paper-happycat-FFG-TXFJ91WW6.pdf,,,,,,,,,,,,,,ISSUED/ACTIVE,,0
OTHER,68,0,unchanged,0,DE,25/08/2025,2025-08-25,https://crypto-risk-metrics.com/en/white-paper-home-ffg-9r78fgdx0/,39120077M9TG0O1FE242,,0,,,crypto-risk-metrics.com,1,6a315a33c382,pdf,hop,pdf,92d60758e9bc1ad4fb95d9ee12aea53f0ce8fee870058648689cdc73fbb0d7ee,white-paper.crypto-risk-metrics.com,https://white-paper.crypto-risk-metrics.com/2025-08-25-White-paper-Home-FFG-9R78FGDX0.pdf,,,,,,,,,,,,,,ISSUED/ACTIVE,,0
OTHER,69,0,unchanged,0,DE,25/08/2025,2025-08-25,https://crypto-risk-metrics.com/en/white-paper-magic-internet-money-ffg-rqpcrn3vn/,39120077M9TG0O1FE242,,0,,,crypto-risk-metrics.com,1,6b0c5e68e073,pdf,hop,pdf,a7875d6036b24c2b454e8ce7e97025f8a9ad52656177099122777c5ea1c68326,white-paper.crypto-risk-metrics.com,https://white-paper.crypto-risk-metrics.com/2025-08-25-White-paper-MAGIC-INTERNET-MONEY-FFG-RQPCRN3VN.pdf,,,,,,,,,,,,,,ISSUED/ACTIVE,,0
OTHER,70,0,unchanged,0,DE,28/08/2025,2025-08-28,https://crypto-risk-metrics.com/en/white-paper-metaplex-ffg-2fx0h8t88/,39120077M9TG0O1FE242,,0,,,crypto-risk-metrics.com,1,42127ee78c21,pdf,hop,pdf,ad60edcedd53cd2437aa16016a54cf077c7be2641cfd73418b4e40aeab8a06ec,white-paper.crypto-risk-metrics.com,https://white-paper.crypto-risk-metrics.com/2025-09-29-White-paper-Metaplex-FFG-2FX0H8T88.pdf,,,,,,,,,,,,,,ISSUED/ACTIVE,,0
OTHER,71,0,unchanged,0,DE,28/08/2025,2025-08-28,https://crypto-risk-metrics.com/en/white-paper-jito-staked-sol-ffg-qf1g0xxmm/,39120077M9TG0O1FE242,,0,,,crypto-risk-metrics.com,1,8a3dd22cd4d5,ixbrl-esma,hop,ixbrl-esma,2b1ce0e315bf127ee8f291ebf59d9314b1fab9212add3db63ce2a77148cdb550,white-paper.crypto-risk-metrics.com,https://white-paper.crypto-risk-metrics.com/2026-02-19-White-paper-Jito-Staked-SOL-FFG-QF1G0XXMM.xhtml,1.1,1,,,crypto-risk-metrics.com,0,1,1,1,,,2026-02-19,39120077M9TG0O1FE242,ISSUED/ACTIVE,ISSUED/ACTIVE,0
OTHER,72,0,unchanged,0,DE,28/08/2025,2025-08-28,https://crypto-risk-metrics.com/en/white-paper-researchcoin-ffg-fdqm0jpzp/,39120077M9TG0O1FE242,,0,,,crypto-risk-metrics.com,1,0fb7c279aeeb,html,direct,html,063a3462094f33a30634ae16a1ca2561e3cfdd75f1a9730edc5a474d3cd51dda,white-paper.crypto-risk-metrics.com,https://white-paper.crypto-risk-metrics.com/en/researchcoin-ffg-fdqm0jpzp/index.html,,,,,,,,,,,,,,ISSUED/ACTIVE,,0
OTHER,73,0,unchanged,0,DE,28/08/2025,2025-08-28,https://crypto-risk-metrics.com/en/white-paper-succinct-ffg-1zz7h452n/,39120077M9TG0O1FE242,,0,,,crypto-risk-metrics.com,1,46071afff6da,pdf,hop,pdf,5604d4f91fcdeabef91800058e3d1dde186c6cbd30986036628df028cd9822fe,white-paper.crypto-risk-metrics.com,https://white-paper.crypto-risk-metrics.com/2025-09-29-White-paper-Succinct-FFG-1ZZ7H452N.pdf,,,,,,,,,,,,,,ISSUED/ACTIVE,,0
OTHER,74,0,unchanged,0,DE,29/08/2025,2025-08-29,https://uxlink.io/docs/micar-whitepaper.pdf,984500C362D275FA3E43,,0,,,uxlink.io,1,c142b3c20f35,net-error,direct,net-error,,,https://uxlink.io/docs/micar-whitepaper.pdf,,,robots:error,,,,,,,,,,,LAPSED/ACTIVE,,0
OTHER,75,0,unchanged,0,DE,01/09/2025,2025-09-01,https://web-assets.zkverify.io/file/vfy-web-assets/VFY+MiCAR+White+Paper.pdf,254900YN0N9Y7NYQTF19,,0,,,web-assets.zkverify.io,1,9a02ba7eb900,robots,direct,robots,,,,,,robots:disallowed,,,,,,,,,,,ISSUED/ACTIVE,,0
OTHER,76,0,unchanged,0,DE,02/09/2025,2025-09-02,https://crypto-risk-metrics.com/en/white-paper-dydx-ffg-1hzhk551m/,39120077M9TG0O1FE242,,0,,,crypto-risk-metrics.com,1,f990bcfcc293,html,direct,html,3953a392da2448d9edf8e377b8644c04d26277e8678d9cf680da28c629f07d5a,white-paper.crypto-risk-metrics.com,https://white-paper.crypto-risk-metrics.com/en/dydx-ffg-1hzhk551m/index.html,,,,,,,,,,,,,,ISSUED/ACTIVE,,0
OTHER,77,0,unchanged,0,DE,06/09/2025,2025-09-06,https://davincoin.com/whitepaper,984500CB106AEEE4B489,,0,,,davincoin.com,1,cb65a4d69810,pdf,hop,pdf,366ec93ec84ee6270fe7ad0d20f731851fb0998cf0d0588c85d46cb21c36d750,davincoin.com,https://davincoin.com/wp-content/uploads/2025/09/MiCAR_WHITE_PAPER-2.pdf,,,,,,,,,,,,,,LAPSED/ACTIVE,,0
OTHER,78,0,unchanged,0,DE,29/09/2025,2025-09-29,https://promo.onefootball.com/legal/whitepaper,5299004LKSX92NLD9F50,,0,,,promo.onefootball.com,1,8ff57879e9d4,pdf,hop,pdf,89a9d0c27ce42fcda680f074721f114c18e52f40aab3e4fd32a929416410149b,static1.squarespace.com,https://static1.squarespace.com/static/5c9257b58d974065a71d4e08/t/69d754c157d63053b2e08c01/1775719617952/OneFootball+%24OFC+Token+White+Paper_27032026_v2.pdf,,,,,,,,,,,,,,ISSUED/ACTIVE,,0
OTHER,79,0,changed,0,DE,12/10/2025,2025-10-12,https://www.tokenforge.io/tkfg-micar-whitepaper,52990019QB3NF3E16D03,,0,,,www.tokenforge.io,1,5a708302c768,pdf,hop,pdf,1257c4409ff5762a57c6f5c97a69ac1d4e71d8932b2c9d7fa47bf192abbb27d2,cdn.prod.website-files.com,https://cdn.prod.website-files.com/671894c45c8983fe1635f98f/6800dc6edae90a4c3a7ee257_2025-04-02_MiCAR_White_Paper_TKFG.pdf,,,,,,,,,,,,,,ISSUED/ACTIVE,,0
OTHER,80,0,unchanged,0,DE,24/11/2025,2025-11-24,https://downloads.horizen.io/file/web-assets/ZEN+MiCAR+White+Paper+v3.1.pdf,25490025UDB7IZN7JM76,,0,,,downloads.horizen.io,1,52a4692845f9,robots,direct,robots,,,,,,robots:disallowed,,,,,,,,,,,ISSUED/ACTIVE,,0
OTHER,81,0,changed,0,DE,28/11/2025,2025-11-28,https://www.tokenforge.io/tkfg-micar-whitepaper,52990019QB3NF3E16D03,,0,,,www.tokenforge.io,1,5a708302c768,pdf,hop,pdf,1257c4409ff5762a57c6f5c97a69ac1d4e71d8932b2c9d7fa47bf192abbb27d2,cdn.prod.website-files.com,https://cdn.prod.website-files.com/671894c45c8983fe1635f98f/6800dc6edae90a4c3a7ee257_2025-04-02_MiCAR_White_Paper_TKFG.pdf,,,,,,,,,,,,,,ISSUED/ACTIVE,,0
OTHER,82,0,unchanged,0,DE,21/11/2025,2025-11-21,https://xgr.network,391200JHCS27EPI8VE61,,0,,,xgr.network,1,66d0dfb90a8d,html,direct,html,336a968db47db197cec7f925597399b3490f19e8954dd64de0af91358045366a,xgr.network,https://xgr.network,,,,,,,,,,,,,,ISSUED/ACTIVE,,0
OTHER,83,0,rekeyed,0,DE,12/12/2025,2025-12-12,https://crypto-risk-metrics.com/en/white-paper-dash-ffg-ppdh6b273/,39120077M9TG0O1FE242,,0,J7WG2WKPP|M5D76SHV5,PPDH6B273,crypto-risk-metrics.com,1,7c5e042dbf7f,pdf,hop,pdf,b8426fb66b98f97cdb2e91ba09845c21071a453f903d2ec5af42d30dd41446b4,white-paper.crypto-risk-metrics.com,https://white-paper.crypto-risk-metrics.com/2025-12-12-White-paper-Dash-FFG-PPDH6B273.pdf,,,,,,,,,,,,,,ISSUED/ACTIVE,,0
OTHER,84,0,rekeyed,0,DE,15/12/2025,2025-12-15,https://crypto-risk-metrics.com/en/white-paper-debridge-ffg-nt91tjwnc,39120077M9TG0O1FE242,,0,5BTQ61NXL,NT91TJWNC,crypto-risk-metrics.com,1,9cfc4cc4e0f0,ixbrl-esma,hop,ixbrl-esma,2874cdb232f32e9d87f87b5b28aa45ff027074352d092c428dd972b457e859c1,white-paper.crypto-risk-metrics.com,https://white-paper.crypto-risk-metrics.com/2025-12-15-White-paper-deBridge-FFG-NT91TJWNC.xhtml,1.1,1,,,crypto-risk-metrics.com,0,1,1,1,1,1,2025-12-15,39120077M9TG0O1FE242,ISSUED/ACTIVE,ISSUED/ACTIVE,0
OTHER,85,1,new,0,DE,06/01/2026,2026-01-06,https://www.crypto-risk-metrics.com/en/white-paper-aethir-token-ffg-1sl20z9p1/,39120077M9TG0O1FE242,,0,1KL3XR8W5,1SL20Z9P1,www.crypto-risk-metrics.com,1,079b73a170a1,ixbrl-esma,hop,ixbrl-esma,62f21b2b2ad070e7d942b7848612775af1dbed5c9b84ddd4cd8d99b6d7d2ad5f,white-paper.crypto-risk-metrics.com,https://white-paper.crypto-risk-metrics.com/2026-01-06-White-paper-Aethir-Token-FFG-1SL20Z9P1.xhtml,1.1,1,,,crypto-risk-metrics.com,0,1,1,1,1,1,2026-01-06,39120077M9TG0O1FE242,ISSUED/ACTIVE,ISSUED/ACTIVE,0
OTHER,86,1,new,0,DE,06/01/2026,2026-01-06,https://www.crypto-risk-metrics.com/en/white-paper-ripple-xrp-ffg-42phjb2bs/,39120077M9TG0O1FE242,,0,F2FP5N8RD|J815X0DG2|L6GTZC9G4,42PHJB2BS,www.crypto-risk-metrics.com,1,f85a2dabe661,ixbrl-esma,hop,ixbrl-esma,70fabf2f30ad5ef86fc6d14e030d44683917c29b6b0d013425354255d3dfd2c9,white-paper.crypto-risk-metrics.com,https://white-paper.crypto-risk-metrics.com/2026-01-06-White-paper-Ripple-XRP-FFG-42PHJB2BS.xhtml,1.1,1,,,crypto-risk-metrics.com,0,1,1,1,1,1,2026-01-06,39120077M9TG0O1FE242,ISSUED/ACTIVE,ISSUED/ACTIVE,0
OTHER,87,1,new,0,DE,07/01/2026,2026-01-07,https://www.crypto-risk-metrics.com/en/white-paper-pendle-ffg-5rjt6339x/,39120077M9TG0O1FE242,,0,46P3KPLQX|6SSGLNPPP|JKMF5L4KM,5RJT6339X,www.crypto-risk-metrics.com,1,8a7ef29295e0,ixbrl-esma,hop,ixbrl-esma,5771b707bb6628caac719a0a339f554b6087312fbe50e74d70abee14e02a5e5c,white-paper.crypto-risk-metrics.com,https://white-paper.crypto-risk-metrics.com/2026-01-07-White-paper-Pendle-FFG-5RJT6339X.xhtml,1.1,1,,,crypto-risk-metrics.com,0,1,1,1,1,1,2026-01-07,39120077M9TG0O1FE242,ISSUED/ACTIVE,ISSUED/ACTIVE,0
OTHER,88,1,new,0,DE,08/01/2026,2026-01-08,https://www.crypto-risk-metrics.com/en/white-paper-cosmos-atom-ffg-6c7f2wvzh/,39120077M9TG0O1FE242,,0,2RZ13PHH3|6453368PD|DJ0QPRH0W|HX1NSP98N|J51DXB76N|JVMWS68W1|MC73KT6K4|W03RCK39H,6C7F2WVZH,www.crypto-risk-metrics.com,1,b3363f505579,ixbrl-esma,hop,ixbrl-esma,c90410e49add78c3749eab045c76394571b1b6f6aebf6537b08796bd9122cf46,white-paper.crypto-risk-metrics.com,https://white-paper.crypto-risk-metrics.com/2026-01-08-White-paper-Cosmos-ATOM-FFG-6C7F2WVZH.xhtml,1.1,1,,,crypto-risk-metrics.com,0,1,1,1,1,1,2026-01-08,39120077M9TG0O1FE242,ISSUED/ACTIVE,ISSUED/ACTIVE,0
OTHER,89,1,new,0,DE,09/01/2026,2026-01-09,https://www.crypto-risk-metrics.com/en/white-paper-tezos-ffg-fljpfr9rs/,39120077M9TG0O1FE242,,0,7VTRKSC7S|LGF6FD5NZ,FLJPFR9RS,www.crypto-risk-metrics.com,1,b481c3ad2760,ixbrl-esma,hop,ixbrl-esma,e96e43666b54c606afca63d6288ecd45324321ea7d91ba464320fce01b5de350,white-paper.crypto-risk-metrics.com,https://white-paper.crypto-risk-metrics.com/2026-01-09-White-paper-Tezos-FFG-FLJPFR9RS.xhtml,1.1,1,,,crypto-risk-metrics.com,0,1,1,1,1,1,2026-01-09,39120077M9TG0O1FE242,ISSUED/ACTIVE,ISSUED/ACTIVE,0
OTHER,90,1,new,0,DE,09/01/2026,2026-01-09,https://www.crypto-risk-metrics.com/en/white-paper-aster-ffg-h8bh7vr5w/,39120077M9TG0O1FE242,,0,1WQ8SGRXX,H8BH7VR5W,www.crypto-risk-metrics.com,1,b01aa78a2d3c,ixbrl-esma,hop,ixbrl-esma,e20de9cc9a811d41a510c4f4720a1cbb534ce90dceb3e6b967ee6bc3c9ec763a,white-paper.crypto-risk-metrics.com,https://white-paper.crypto-risk-metrics.com/2026-01-09-White-paper-Aster-FFG-H8BH7VR5W.xhtml,1.1,1,,,crypto-risk-metrics.com,0,1,1,1,1,1,2026-01-09,39120077M9TG0O1FE242,ISSUED/ACTIVE,ISSUED/ACTIVE,0
OTHER,91,1,new,0,DE,09/01/2026,2026-01-09,https://www.crypto-risk-metrics.com/en/white-paper-basic-attention-token-ffg-51f8m277p/,39120077M9TG0O1FE242,,0,1B9XWTSFN|7S6NLCJ58|JN0CW4MS7|P9R0DDN1T|SCHGL48KC|SD3T05550,51F8M277P,www.crypto-risk-metrics.com,1,03c6003d9a6b,ixbrl-esma,hop,ixbrl-esma,a7ec4033514e851742619c4cd5c9a0950ce883f9aa496e6f19699d910583a152,white-paper.crypto-risk-metrics.com,https://white-paper.crypto-risk-metrics.com/2026-01-09-White-paper-Basic-Attention-Token-FFG-51F8M277P.xhtml,1.1,1,,,crypto-risk-metrics.com,0,1,1,1,1,1,2026-01-09,39120077M9TG0O1FE242,ISSUED/ACTIVE,ISSUED/ACTIVE,0
OTHER,92,1,new,0,DE,12/01/2026,2026-01-12,https://www.crypto-risk-metrics.com/en/white-paper-lighter-ffg-w0746tpzw/,39120077M9TG0O1FE242,,0,DSZ0J72T7,W0746TPZW,www.crypto-risk-metrics.com,1,340d69cca913,ixbrl-esma,hop,ixbrl-esma,8e72ba2ee4c1a626bdbbe42e535a1783fc65f64d4ee35b172793d1ff270825f2,white-paper.crypto-risk-metrics.com,https://white-paper.crypto-risk-metrics.com/2026-01-12-White-paper-Lighter-FFG-W0746TPZW.xhtml,1.1,1,,,crypto-risk-metrics.com,0,1,1,1,1,1,2026-01-12,39120077M9TG0O1FE242,ISSUED/ACTIVE,ISSUED/ACTIVE,0
OTHER,93,1,new,0,DE,13/01/2026,2026-01-13,https://www.crypto-risk-metrics.com/en/white-paper-toncoin-ffg-kk12jmbtx/,39120077M9TG0O1FE242,,0,QBZLT5MT1,KK12JMBTX,www.crypto-risk-metrics.com,1,b32bb405935e,ixbrl-esma,hop,ixbrl-esma,b6d4410b5e273916e2e064e0bd28a26d944f94f2c5a1a941f66832d24d576e9c,white-paper.crypto-risk-metrics.com,https://white-paper.crypto-risk-metrics.com/2026-01-13-White-paper-Toncoin-FFG-KK12JMBTX.xhtml,1.1,1,,,crypto-risk-metrics.com,0,1,1,1,1,1,2026-01-13,39120077M9TG0O1FE242,ISSUED/ACTIVE,ISSUED/ACTIVE,0
OTHER,94,1,new,0,DE,14/01/2026,2026-01-14,https://www.crypto-risk-metrics.com/en/white-paper-bitcoin-cash-ffg-919bf3w7l/,39120077M9TG0O1FE242,,0,J9K583ZGG|LXMPJ21BK,919BF3W7L,www.crypto-risk-metrics.com,1,764bed39331c,ixbrl-esma,hop,ixbrl-esma,b1f6c1369d1f0c5f78a2e17795e8726927800dd62ab12731333b83c463fca680,white-paper.crypto-risk-metrics.com,https://white-paper.crypto-risk-metrics.com/2026-01-20-White-paper-Bitcoin-Cash-FFG-919BF3W7L.xhtml,1.1,1,,,crypto-risk-metrics.com,0,1,1,1,1,1,2026-01-20,39120077M9TG0O1FE242,ISSUED/ACTIVE,ISSUED/ACTIVE,0
OTHER,95,1,new,0,DE,15/01/2026,2026-01-15,https://www.crypto-risk-metrics.com/en/white-paper-stellar-lumen-ffg-zcn8sr2h7/,39120077M9TG0O1FE242,,0,C4SRNZD8K,ZCN8SR2H7,www.crypto-risk-metrics.com,1,f00f56fd7a4d,ixbrl-esma,hop,ixbrl-esma,80eedaf39990727de99b5d6eb34eb502d341c9de2bcdaf3ddefecec51b0240eb,white-paper.crypto-risk-metrics.com,https://white-paper.crypto-risk-metrics.com/2026-01-15-White-paper-Stellar-Lumen-FFG-ZCN8SR2H7.xhtml,1.1,1,,,crypto-risk-metrics.com,0,1,1,1,1,1,2026-01-15,39120077M9TG0O1FE242,ISSUED/ACTIVE,ISSUED/ACTIVE,0
OTHER,96,1,new,0,DE,16/01/2026,2026-01-16,https://www.crypto-risk-metrics.com/en/white-paper-0x-protocol-token-ffg-hx56hh1zx/,39120077M9TG0O1FE242,,0,35GRTLSHL|GRQRQJ7H6|GTQXFBH4H|J00HX4V8D,HX56HH1ZX,www.crypto-risk-metrics.com,1,e5a08d5dcd13,ixbrl-esma,hop,ixbrl-esma,d43ca858dcf5081ba8cff3fb3b66e6df994b31c333c03f097ce079fe65b454bb,white-paper.crypto-risk-metrics.com,https://white-paper.crypto-risk-metrics.com/2026-01-16-White-paper-0x-Protocol-Token-FFG-HX56HH1ZX.xhtml,1.1,1,,,crypto-risk-metrics.com,0,1,1,1,1,1,2026-01-16,39120077M9TG0O1FE242,ISSUED/ACTIVE,ISSUED/ACTIVE,0
OTHER,97,1,new,0,DE,16/01/2026,2026-01-16,https://www.crypto-risk-metrics.com/en/white-paper-rocket-pool-ffg-69q6nlj3m/,39120077M9TG0O1FE242,,0,986NQK6FQ|T4K8C1K5J,69Q6NLJ3M,www.crypto-risk-metrics.com,1,f84a4b7a1cb1,ixbrl-esma,hop,ixbrl-esma,b2075705536696e0fac06f588d55cc06764de8afd5f54e719efe6e306aa3a80c,white-paper.crypto-risk-metrics.com,https://white-paper.crypto-risk-metrics.com/2026-01-16-White-paper-Rocket-Pool-FFG-69Q6NLJ3M.xhtml,1.1,1,,,crypto-risk-metrics.com,0,1,1,1,1,1,2026-01-16,39120077M9TG0O1FE242,ISSUED/ACTIVE,ISSUED/ACTIVE,0
OTHER,98,1,new,0,DE,19/01/2026,2026-01-19,https://crypto-risk-metrics.com/en/white-paper-orchid-ffg-whx0wg0lt/,39120077M9TG0O1FE242,,0,QD1L1XC82,WHX0WG0LT,crypto-risk-metrics.com,1,d0716329767c,ixbrl-esma,hop,ixbrl-esma,cd9aa5399e8bf6cd1b07d79f20bf44cb1d216e3aa3a6a8f292287e707ead873b,white-paper.crypto-risk-metrics.com,https://white-paper.crypto-risk-metrics.com/2026-01-23-White-paper-Orchid-FFG-WHX0WG0LT.xhtml,1.1,1,,,crypto-risk-metrics.com,0,1,1,1,1,1,2026-01-23,39120077M9TG0O1FE242,ISSUED/ACTIVE,ISSUED/ACTIVE,0
OTHER,99,1,new,0,DE,21/01/2026,2026-01-21,https://www.crypto-risk-metrics.com/en/white-paper-nomina-ffg-zjd78pmv6/,39120077M9TG0O1FE242,,0,6JSTHXLL5,ZJD78PMV6,www.crypto-risk-metrics.com,1,ab764ae8bf48,ixbrl-esma,hop,ixbrl-esma,1a7085d86bd5fd7a9ee6570df623f6d04c7cfe99c407b8b13c4a06692fe81b1c,white-paper.crypto-risk-metrics.com,https://white-paper.crypto-risk-metrics.com/2026-01-21-White-paper-Nomina-FFG-ZJD78PMV6.xhtml,1.1,1,,,crypto-risk-metrics.com,0,1,1,1,1,1,2026-01-21,39120077M9TG0O1FE242,ISSUED/ACTIVE,ISSUED/ACTIVE,0
OTHER,100,1,new,0,DE,22/01/2026,2026-01-22,https://xgr.network/whitepaper/,391200JHCS27EPI8VE61,,0,AVAILABLE|NOT,AVAILABLE|NOT,xgr.network,1,a5cb323b8b0f,html,direct,html,1515dc0ff0024164da16c1a76b0220ee1eccf765427c248f44404fedb124c265,xgr.network,https://xgr.network/whitepaper/,,,,,,,,,,,,,,ISSUED/ACTIVE,,0
OTHER,101,1,new,0,DE,22/01/2026,2026-01-22,https://white-paper.crypto-risk-metrics.com/en/jupiter-ffg-scb411wj4/index.html,39120077M9TG0O1FE242,,0,NKK8ZTL3N,SCB411WJ4,white-paper.crypto-risk-metrics.com,1,3fe077524b53,ixbrl-esma,hop,ixbrl-esma,26f23b15c1cb62a704a1763f76868048c7cc045b9173d240db6964eafa16e819,white-paper.crypto-risk-metrics.com,https://white-paper.crypto-risk-metrics.com/2026-01-22-White-paper-Jupiter-FFG-SCB411WJ4.xhtml,1.1,1,,,crypto-risk-metrics.com,0,1,1,1,1,1,2026-01-22,39120077M9TG0O1FE242,ISSUED/ACTIVE,ISSUED/ACTIVE,0
OTHER,102,1,new,0,DE,22/01/2026,2026-01-22,https://white-paper.crypto-risk-metrics.com/en/reserve-rights-ffg-dqt9bwgcf/index.html,39120077M9TG0O1FE242,,0,40T02XGS7|JWF49CSB4|XP8DZ9R1T,DQT9BWGCF,white-paper.crypto-risk-metrics.com,1,7818cd5d3479,ixbrl-esma,hop,ixbrl-esma,5a5d67049216e3eb04ab6f09301561d5ed6511cc7a7f265da8301d2363496643,white-paper.crypto-risk-metrics.com,https://white-paper.crypto-risk-metrics.com/2026-01-22-White-paper-Reserve-Rights-FFG-DQT9BWGCF.xhtml,1.1,1,,,crypto-risk-metrics.com,0,1,1,1,1,1,2026-01-22,39120077M9TG0O1FE242,ISSUED/ACTIVE,ISSUED/ACTIVE,0
OTHER,103,1,new,0,DE,29/01/2026,2026-01-29,https://white-paper.crypto-risk-metrics.com/en/aptos-coin-ffg-c4cqcglh2/index.html,39120077M9TG0O1FE242,,0,SMB9ZBCGN|SSFZXXTDD,C4CQCGLH2,white-paper.crypto-risk-metrics.com,1,5fdde95951ce,ixbrl-esma,hop,ixbrl-esma,1da76543e05b7dd2692df7c3f4dabe0bfc1306ca2e900737ef8228f4ef0d844c,white-paper.crypto-risk-metrics.com,https://white-paper.crypto-risk-metrics.com/2026-01-29-White-paper-Aptos-Coin-FFG-C4CQCGLH2.xhtml,1.1,1,,,crypto-risk-metrics.com,0,1,1,1,1,1,2026-01-29,39120077M9TG0O1FE242,ISSUED/ACTIVE,ISSUED/ACTIVE,0
OTHER,104,1,new,0,DE,30/01/2026,2026-01-30,https://white-paper.crypto-risk-metrics.com/en/beam-ffg-x70fvw3gt/index.html,39120077M9TG0O1FE242,,0,DKL80HPK3|HSFLNXG3J|LMHCZNKGJ|PCM57R0JT,X70FVW3GT,white-paper.crypto-risk-metrics.com,1,66ca8fdc8400,ixbrl-esma,hop,ixbrl-esma,0e2fb30d018fd490d16ef0ba085d0add7f400768127f604c77e0becc067ba6d3,white-paper.crypto-risk-metrics.com,https://white-paper.crypto-risk-metrics.com/2026-01-30-White-paper-Beam-FFG-X70FVW3GT.xhtml,1.1,1,,,crypto-risk-metrics.com,0,1,1,1,1,1,2026-01-30,39120077M9TG0O1FE242,ISSUED/ACTIVE,ISSUED/ACTIVE,0
OTHER,105,1,new,0,DE,02/02/2026,2026-02-02,https://white-paper.crypto-risk-metrics.com/en/compound-ffg-kchf60nw7/index.html,39120077M9TG0O1FE242,,0,BKJMCZ016|DXNJVNZC9|FK0F23L2H|NVQLHF357|QHFMLBRMD|R263M88WC,KCHF60NW7,white-paper.crypto-risk-metrics.com,1,a29d569bbba3,ixbrl-esma,hop,ixbrl-esma,e35024024c9e5fb6c34c1f67bfe0cc17bb52c9b5c81d129992311b380bb71e7c,white-paper.crypto-risk-metrics.com,https://white-paper.crypto-risk-metrics.com/2026-02-02-White-paper-Compound-FFG-KCHF60NW7.xhtml,1.1,1,,,crypto-risk-metrics.com,0,1,1,1,1,1,2026-02-02,39120077M9TG0O1FE242,ISSUED/ACTIVE,ISSUED/ACTIVE,0
OTHER,106,1,new,0,DE,09/02/2026,2026-02-09,https://white-paper.crypto-risk-metrics.com/en/chainlink-token-ffg-3r3j70fdr/index.html,39120077M9TG0O1FE242,,0,4B3160BBC|8SBB81M2M|FF5C3VCJ2|GH40FM7C2|N06L5TBWG|R9VLBJZR4|TX4QCLDND|V8GM3FHLD|XD1LCN74F,3R3J70FDR,white-paper.crypto-risk-metrics.com,1,0d567aa50cad,ixbrl-esma,hop,ixbrl-esma,a801aee661d7327f4e931049361572859c13761ecee3e350413e1b42b80527c9,white-paper.crypto-risk-metrics.com,https://white-paper.crypto-risk-metrics.com/2026-02-09-White-paper-ChainLink-Token-FFG-3R3J70FDR.xhtml,1.1,1,,,crypto-risk-metrics.com,0,1,1,1,1,1,2026-02-09,39120077M9TG0O1FE242,ISSUED/ACTIVE,ISSUED/ACTIVE,0
OTHER,107,1,new,0,DE,11/02/2026,2026-02-11,https://white-paper.crypto-risk-metrics.com/en/ethereum-name-service-ffg-b70smj5dq/index.html,39120077M9TG0O1FE242,,0,7GTNZH1VL|9WKT78ZW7,B70SMJ5DQ,white-paper.crypto-risk-metrics.com,1,3450330988da,ixbrl-esma,hop,ixbrl-esma,d510d1d19e9c650658d06d5e3bd4383411fc4934df8d342288769608ac4e69a0,white-paper.crypto-risk-metrics.com,https://white-paper.crypto-risk-metrics.com/2026-02-11-White-paper-Ethereum-Name-Service-FFG-B70SMJ5DQ.xhtml,1.1,1,,,crypto-risk-metrics.com,0,1,1,1,1,1,2026-02-11,39120077M9TG0O1FE242,ISSUED/ACTIVE,ISSUED/ACTIVE,0
OTHER,108,1,new,0,DE,11/02/2026,2026-02-11,https://wynd.group/,5299009TAO6KQPMSWG48,,0,,,wynd.group,1,c8aef88d8b6f,html,direct,html,d13d85cc76871d0c5c7fb4fd23ac69dfc5e4234f4939d93ea75f2954b3e0c8a3,wynd.group,https://wynd.group/,,,,,,,,,,,,,,ISSUED/ACTIVE,,0
OTHER,109,1,new,0,DE,19/02/2026,2026-02-19,https://getlea.org/,,,0,,,getlea.org,1,e2641e21ff5f,html,direct,html,be3dba9d3eb0cb8c256c0fc73b5afe879aa2e9f24d1f620da74de8e2447dcb77,getlea.org,https://getlea.org/,,,,,,,,,,,,,,,,1
OTHER,110,1,new,0,DE,12/02/2026,2026-02-12,https://white-paper.crypto-risk-metrics.com/en/doodles-ffg-kf6rx3lr1/index.html,39120077M9TG0O1FE242,,0,KF6RX3LR1,KF6RX3LR1,white-paper.crypto-risk-metrics.com,1,dab91382454e,ixbrl-esma,hop,ixbrl-esma,b1a4318adb826bab2657ce428e1153d721f8499e033aba1f7213501b7e042af9,white-paper.crypto-risk-metrics.com,https://white-paper.crypto-risk-metrics.com/2026-02-12-White-paper-Doodles-FFG-KF6RX3LR1.xhtml,1.1,1,,,crypto-risk-metrics.com,0,1,1,1,1,1,2026-02-12,39120077M9TG0O1FE242,ISSUED/ACTIVE,ISSUED/ACTIVE,0
OTHER,111,1,new,0,DE,26/02/2026,2026-02-26,https://white-paper.crypto-risk-metrics.com/en/raydium-ffg-7hfxrdfhh/index.html,39120077M9TG0O1FE242,,0,BL6GMJNDW,7HFXRDFHH,white-paper.crypto-risk-metrics.com,1,fe2a6ee57cd4,ixbrl-esma,hop,ixbrl-esma,d6d0639515e99fa6668d7b8c53bf33eb204d50c1e0cb673f77188e837bc55ac0,white-paper.crypto-risk-metrics.com,https://white-paper.crypto-risk-metrics.com/2026-02-26-White-paper-Raydium-FFG-7HFXRDFHH.xhtml,1.1,1,,,crypto-risk-metrics.com,0,1,1,1,1,1,2026-02-26,39120077M9TG0O1FE242,ISSUED/ACTIVE,ISSUED/ACTIVE,0
OTHER,112,1,new,0,DE,26/02/2026,2026-02-26,https://white-paper.crypto-risk-metrics.com/en/kyber-network-crystal-v2-ffg-l0dzsblvz/index.html,39120077M9TG0O1FE242,,0,291SG90B8|8JTDJ95PK|HFT3N3C48|HJ1K3JQ1C|ZLX3SSPX5,L0DZSBLVZ,white-paper.crypto-risk-metrics.com,1,895a236f603c,ixbrl-esma,hop,ixbrl-esma,2e3f75459e139f7363bd7828741fe55d6418b90e712145aa6d5e9aab4e66f49c,white-paper.crypto-risk-metrics.com,https://white-paper.crypto-risk-metrics.com/2026-02-26-White-paper-Kyber-Network-Crystal-v2-FFG-L0DZSBLVZ.xhtml,1.1,1,,,crypto-risk-metrics.com,0,1,1,1,1,1,2026-02-26,39120077M9TG0O1FE242,ISSUED/ACTIVE,ISSUED/ACTIVE,0
OTHER,113,1,new,0,DE,02/03/2026,2026-03-02,https://white-paper.crypto-risk-metrics.com/en/trustcoin-wetrust-ffg-2zwvztdf9/index.html,39120077M9TG0O1FE242,,0,203M4P6PQ,2ZWVZTDF9,white-paper.crypto-risk-metrics.com,1,682185ab8ce0,ixbrl-esma,hop,ixbrl-esma,0e31eafe937d971263c18726a29efb931c74c6cb4914a4dcf03fdd7b8240e7c4,white-paper.crypto-risk-metrics.com,https://white-paper.crypto-risk-metrics.com/2026-02-25-White-paper-Trustcoin-/-WeTrust-FFG-2ZWVZTDF9.xhtml,1.1,1,,,crypto-risk-metrics.com,0,1,1,1,1,1,2026-02-25,39120077M9TG0O1FE242,ISSUED/ACTIVE,ISSUED/ACTIVE,0
OTHER,114,1,new,0,DE,02/03/2026,2026-03-02,https://white-paper.crypto-risk-metrics.com/en/shiba-inu-ffg-m4hftfnpc/index.html,39120077M9TG0O1FE242,,0,VB2Q3G56B,M4HFTFNPC,white-paper.crypto-risk-metrics.com,1,6dd3a0bb29f9,ixbrl-esma,hop,ixbrl-esma,8fabd87ac46fca3bb80bb58396a6f9ae8ee280e4e8af269ee42c132798f84efc,white-paper.crypto-risk-metrics.com,https://white-paper.crypto-risk-metrics.com/2026-03-02-White-paper-SHIBA-INU-FFG-M4HFTFNPC.xhtml,1.1,1,,,crypto-risk-metrics.com,0,1,1,1,1,1,2026-03-02,39120077M9TG0O1FE242,ISSUED/ACTIVE,ISSUED/ACTIVE,0
OTHER,115,1,new,0,DE,02/03/2026,2026-03-02,https://white-paper.crypto-risk-metrics.com/en/plume-ffg-frzqzj7bl/index.html,39120077M9TG0O1FE242,,0,GZ40989SS|JMR8LX1MX,FRZQZJ7BL,white-paper.crypto-risk-metrics.com,1,80d6353d8753,ixbrl-esma,hop,ixbrl-esma,ce6ce66815627c0dd0321f21ec1d318c1024cbf8576f9e4e84f6a89081a40cc0,white-paper.crypto-risk-metrics.com,https://white-paper.crypto-risk-metrics.com/2026-03-02-White-paper-Plume-FFG-FRZQZJ7BL.xhtml,1.1,1,,,crypto-risk-metrics.com,0,1,1,1,1,1,2026-03-02,39120077M9TG0O1FE242,ISSUED/ACTIVE,ISSUED/ACTIVE,0
OTHER,116,1,changed,0,DE,19/02/2026,2026-02-19,https://crypto-risk-metrics.com/en/white-paper-jito-staked-sol-ffg-qf1g0xxmm/,39120077M9TG0O1FE242,,0,QF1G0XXMM,QF1G0XXMM,crypto-risk-metrics.com,1,8a3dd22cd4d5,ixbrl-esma,hop,ixbrl-esma,2b1ce0e315bf127ee8f291ebf59d9314b1fab9212add3db63ce2a77148cdb550,white-paper.crypto-risk-metrics.com,https://white-paper.crypto-risk-metrics.com/2026-02-19-White-paper-Jito-Staked-SOL-FFG-QF1G0XXMM.xhtml,1.1,1,,,crypto-risk-metrics.com,0,1,1,1,1,1,2026-02-19,39120077M9TG0O1FE242,ISSUED/ACTIVE,ISSUED/ACTIVE,0
OTHER,117,1,new,0,DE,05/03/2026,2026-03-05,https://white-paper.crypto-risk-metrics.com/en/humidifi-token-ffg-tcjp479h2/index.html,39120077M9TG0O1FE242,,0,CTJSN9JL1,TCJP479H2,white-paper.crypto-risk-metrics.com,1,236d09c28bc3,ixbrl-esma,hop,ixbrl-esma,bdb4f81c3d64990f2559c101dc479259430a818593a5bc47e15fa4893ba88576,white-paper.crypto-risk-metrics.com,https://white-paper.crypto-risk-metrics.com/2026-03-05-White-paper-HumidiFi-Token-FFG-TCJP479H2.xhtml,1.1,1,,,crypto-risk-metrics.com,0,1,1,1,1,1,2026-03-05,39120077M9TG0O1FE242,ISSUED/ACTIVE,ISSUED/ACTIVE,0
OTHER,118,1,new,0,DE,12/03/2026,2026-03-12,https://white-paper.crypto-risk-metrics.com/en/arbitrum-ffg-44tp35hf9/index.html,39120077M9TG0O1FE242,,0,63TGWHVCD|93K9SQP62,44TP35HF9,white-paper.crypto-risk-metrics.com,1,6af564046750,ixbrl-esma,hop,ixbrl-esma,945f1c65756756af170e63f3ca03bca5fc97de3aa05c0c27028cec33ba4564e1,white-paper.crypto-risk-metrics.com,https://white-paper.crypto-risk-metrics.com/2026-05-05-White-paper-Arbitrum-FFG-44TP35HF9.xhtml,1.1,1,,,crypto-risk-metrics.com,0,1,1,1,1,1,2026-05-05,39120077M9TG0O1FE242,ISSUED/ACTIVE,ISSUED/ACTIVE,0
OTHER,119,1,new,0,DE,13/03/2026,2026-03-13,https://white-paper.crypto-risk-metrics.com/en/opinion-ffg-g8n7hj69s/index.html,39120077M9TG0O1FE242,,0,NBV17VLKN|V87RMRKW0,G8N7HJ69S,white-paper.crypto-risk-metrics.com,1,e7c34c1afae1,ixbrl-esma,hop,ixbrl-esma,bf34cc2d338b323f622fa0cdf4379c805595d09ab64cfcdd9476e64dcb968d0f,white-paper.crypto-risk-metrics.com,https://white-paper.crypto-risk-metrics.com/2026-03-13-White-paper-OPINION-FFG-G8N7HJ69S.xhtml,1.1,1,,,crypto-risk-metrics.com,0,1,1,1,1,1,2026-03-13,39120077M9TG0O1FE242,ISSUED/ACTIVE,ISSUED/ACTIVE,0
OTHER,120,1,new,0,DE,17/03/2026,2026-03-17,https://www.heldfor.com/whitepaper,3912004VJULS6O5MBQ84,,0,,,www.heldfor.com,1,539f6842fcfc,html,direct,html,a134af5ea46349273b8ecb17e6eb551ce3a750001772c0232f26640411e8a159,www.heldfor.com,https://www.heldfor.com/whitepaper,,,,,,,,,,,,,,ISSUED/ACTIVE,,0
OTHER,121,1,new,0,DE,27/03/2026,2026-03-27,https://white-paper.crypto-risk-metrics.com/en/renzo-ffg-3spxmrfnc/index.html,39120077M9TG0O1FE242,,0,12LDTQ14F,3SPXMRFNC,white-paper.crypto-risk-metrics.com,1,3b06a157d53d,ixbrl-esma,hop,ixbrl-esma,c7976a2d8816d1eb95e45a3886e309db54b22ec01e489f8ac74eef23bba4adc5,white-paper.crypto-risk-metrics.com,https://white-paper.crypto-risk-metrics.com/2026-03-12-White-paper-Renzo-FFG-3SPXMRFNC.xhtml,1.1,1,,,crypto-risk-metrics.com,0,1,1,1,1,1,2026-03-12,39120077M9TG0O1FE242,ISSUED/ACTIVE,ISSUED/ACTIVE,0
OTHER,122,1,new,0,DE,27/03/2026,2026-03-27,https://white-paper.crypto-risk-metrics.com/en/troll-ffg-h9w8hr1jd/index.html,39120077M9TG0O1FE242,,0,XZDKBPFTV,H9W8HR1JD,white-paper.crypto-risk-metrics.com,1,d8d61275c2d4,ixbrl-esma,hop,ixbrl-esma,845848d30e0c5c6c3040a57d0150f0c1482e2a28c6bed55c9023cdfd74b6b83e,white-paper.crypto-risk-metrics.com,https://white-paper.crypto-risk-metrics.com/2026-03-13-White-paper-TROLL-FFG-H9W8HR1JD.xhtml,1.1,1,,,crypto-risk-metrics.com,0,1,1,1,1,1,2026-03-13,39120077M9TG0O1FE242,ISSUED/ACTIVE,ISSUED/ACTIVE,0
OTHER,123,1,new,0,DE,27/03/2026,2026-03-27,https://white-paper.crypto-risk-metrics.com/en/layer3-ffg-gcg7s59xf/index.html.,39120077M9TG0O1FE242,,0,VDPZMTZHM,GCG7S59XF,white-paper.crypto-risk-metrics.com,1,631b33ac67ac,ixbrl-esma,hop,ixbrl-esma,7fb504d5111a0f3b0f28528a27d36937382c72cbdc02449d15e11cca5b9f7ebd,white-paper.crypto-risk-metrics.com,https://white-paper.crypto-risk-metrics.com/2026-03-18-White-paper-Layer3-FFG-GCG7S59XF.xhtml,1.1,1,,,crypto-risk-metrics.com,0,1,1,1,1,1,2026-03-18,39120077M9TG0O1FE242,ISSUED/ACTIVE,ISSUED/ACTIVE,0
OTHER,124,1,new,0,DE,02/04/2026,2026-04-02,https://white-paper.crypto-risk-metrics.com/en/sui-ffg-64rfw3d8p/index.html,39120077M9TG0O1FE242,,0,90KLX8GQX|Z4WDVXT0Z,64RFW3D8P,white-paper.crypto-risk-metrics.com,1,cd0b974b1a37,ixbrl-esma,hop,ixbrl-esma,472f594bd505c6f27cec88eef34ad4ae35411e4d66fda2a2549a02e74fa8d847,white-paper.crypto-risk-metrics.com,https://white-paper.crypto-risk-metrics.com/2026-03-25-White-paper-Sui-FFG-64RFW3D8P.xhtml,1.1,1,,,crypto-risk-metrics.com,0,1,1,1,1,1,2026-03-25,39120077M9TG0O1FE242,ISSUED/ACTIVE,ISSUED/ACTIVE,0
OTHER,125,1,new,0,DE,02/04/2026,2026-04-02,https://white-paper.crypto-risk-metrics.com/en/uniswap-ffg-xmb84lzbz/index.html,39120077M9TG0O1FE242,,0,829HMDG5N|8K1B669GJ|P1FTS4328|TS0ZHWLV8,XMB84LZBZ,white-paper.crypto-risk-metrics.com,1,7c3b6b4aff82,ixbrl-esma,hop,ixbrl-esma,ff6433e4ee13e9ca70c03fa19fe8bab548fd5995b2130cef544fcb3b5f280059,white-paper.crypto-risk-metrics.com,https://white-paper.crypto-risk-metrics.com/2026-03-31-White-paper-Uniswap-FFG-XMB84LZBZ.xhtml,1.1,1,,,crypto-risk-metrics.com,0,1,1,1,1,1,2026-03-31,39120077M9TG0O1FE242,ISSUED/ACTIVE,ISSUED/ACTIVE,0
OTHER,126,1,changed,0,DE,07/04/2026,2026-04-07,https://promo.onefootball.com/legal/whitepaper,5299004LKSX92NLD9F50,,0,X9J9K872S,,promo.onefootball.com,1,8ff57879e9d4,pdf,hop,pdf,89a9d0c27ce42fcda680f074721f114c18e52f40aab3e4fd32a929416410149b,static1.squarespace.com,https://static1.squarespace.com/static/5c9257b58d974065a71d4e08/t/69d754c157d63053b2e08c01/1775719617952/OneFootball+%24OFC+Token+White+Paper_27032026_v2.pdf,,,,,,,,,,,,,,ISSUED/ACTIVE,,0
OTHER,127,1,new,0,DE,13/04/2026,2026-04-13,https://white-paper.crypto-risk-metrics.com/en/solana-sol-ffg-6qz1lnc12/index.html,39120077M9TG0O1FE242,,0,20J63Z4N3,6QZ1LNC12,white-paper.crypto-risk-metrics.com,1,a87ac2ae39c4,ixbrl-esma,hop,ixbrl-esma,13e56849eb11816500b24b339ab975a5d66ee4d6658abcdb539420c81b245ff1,white-paper.crypto-risk-metrics.com,https://white-paper.crypto-risk-metrics.com/2026-04-13-White-paper-Solana-SOL-FFG-6QZ1LNC12.xhtml,1.1,1,,,crypto-risk-metrics.com,0,1,1,1,1,1,2026-04-13,39120077M9TG0O1FE242,ISSUED/ACTIVE,ISSUED/ACTIVE,0
OTHER,128,1,new,0,DE,09/04/2026,2026-04-09,https://white-paper.crypto-risk-metrics.com/en/based-ffg-q2537p85k/index.html,39120077M9TG0O1FE242,,0,713C8WJPM|Q3H99491J|WSNQSD82H,Q2537P85K,white-paper.crypto-risk-metrics.com,1,b6074c76d2d7,ixbrl-esma,hop,ixbrl-esma,bd04cf664101e3d78d6bd4504e568b1229cbe480df11de0072b6313353257318,white-paper.crypto-risk-metrics.com,https://white-paper.crypto-risk-metrics.com/2026-04-09-White-paper-Based-FFG-Q2537P85K.xhtml,1.1,1,,,crypto-risk-metrics.com,0,1,1,1,1,1,2026-04-09,39120077M9TG0O1FE242,ISSUED/ACTIVE,ISSUED/ACTIVE,0
OTHER,129,1,new,0,DE,07/04/2026,2026-04-07,https://white-paper.crypto-risk-metrics.com/en/algorand-ffg-k8s6w74ks/index.html,39120077M9TG0O1FE242,,0,M8Z9JSG9Q,K8S6W74KS,white-paper.crypto-risk-metrics.com,1,21bf48500bd0,ixbrl-esma,hop,ixbrl-esma,49fbfa4c8d1d5e247c339d6a07c02c1c98609ae4fd285edaf6aaadacc40144b5,white-paper.crypto-risk-metrics.com,https://white-paper.crypto-risk-metrics.com/2026-04-07-White-paper-Algorand-FFG-K8S6W74KS.xhtml,1.1,1,,,crypto-risk-metrics.com,0,1,1,1,1,1,2026-04-07,39120077M9TG0O1FE242,ISSUED/ACTIVE,ISSUED/ACTIVE,0
OTHER,130,1,new,0,DE,02/04/2026,2026-04-02,https://white-paper.crypto-risk-metrics.com/en/blend-ffg-gnl7g95jr/index.html,39120077M9TG0O1FE242,,0,5V04W5VSB|9JDRM54GC,GNL7G95JR,white-paper.crypto-risk-metrics.com,1,6dba63ed7aaf,ixbrl-esma,hop,ixbrl-esma,dc82eaaef1bf74bc5136b4fca8af76accd4074882f345d69c2f65acc8fd6c430,white-paper.crypto-risk-metrics.com,https://white-paper.crypto-risk-metrics.com/2026-04-02-White-paper-BLEND-FFG-GNL7G95JR.xhtml,1.1,1,,,crypto-risk-metrics.com,0,1,1,1,1,1,2026-04-02,39120077M9TG0O1FE242,ISSUED/ACTIVE,ISSUED/ACTIVE,0
OTHER,131,1,new,0,DE,04/04/2026,2026-04-04,https://xgr.network/whitepaper/,391200JHCS27EPI8VE61,,0,,,xgr.network,1,a5cb323b8b0f,html,direct,html,1515dc0ff0024164da16c1a76b0220ee1eccf765427c248f44404fedb124c265,xgr.network,https://xgr.network/whitepaper/,,,,,,,,,,,,,,ISSUED/ACTIVE,,0
OTHER,132,1,new,0,DE,21/04/2026,2026-04-21,https://white-paper.crypto-risk-metrics.com/en/avalanche-ffg-s6jcbf70n/index.html,39120077M9TG0O1FE242,,0,4FHS0SNBQ|CZHS0S2RB|M3Z631TN4,S6JCBF70N,white-paper.crypto-risk-metrics.com,1,c8101571ad7f,ixbrl-esma,client-redirect+hop,html,d139388e4236b3a81343a1eb6bbedd24b88c2ad0307f5e3ea88654f6be815636,white-paper.crypto-risk-metrics.com,https://white-paper.crypto-risk-metrics.com/2026-04-21-White-paper-Avalanche-AVAX-FFG-S6JCBF70N.xhtml,1.1,1,,,crypto-risk-metrics.com,0,1,1,1,1,1,2026-04-21,39120077M9TG0O1FE242,ISSUED/ACTIVE,ISSUED/ACTIVE,0
OTHER,133,1,new,0,DE,27/04/2026,2026-04-27,https://white-paper.crypto-risk-metrics.com/en/cardano-ada-ffg-76qs7qcxb/index.html,39120077M9TG0O1FE242,,0,HWGL1C2CK,76QS7QCXB,white-paper.crypto-risk-metrics.com,1,77e8e8b14c12,ixbrl-esma,hop,ixbrl-esma,cc2a238e898731788e61e08b76411206cdd1cfdf1ec6194421da866597482b9f,white-paper.crypto-risk-metrics.com,https://white-paper.crypto-risk-metrics.com/2026-04-27-White-paper-Cardano-ADA-FFG-76QS7QCXB.xhtml,1.1,1,,,crypto-risk-metrics.com,0,1,1,1,1,1,2026-04-27,39120077M9TG0O1FE242,ISSUED/ACTIVE,ISSUED/ACTIVE,0
OTHER,134,1,new,0,DE,27/04/2026,2026-04-27,https://white-paper.crypto-risk-metrics.com/en/helium-ffg-4gx02l80b/index.html,39120077M9TG0O1FE242,,0,LPPHF6K4C|VS93QW822,4GX02L80B,white-paper.crypto-risk-metrics.com,1,8ef746cb7719,ixbrl-esma,hop,ixbrl-esma,5bd98d928c0cb1ad798cdfe99ac3ce3e278505ffc615c226f9e765e2196a7cd6,white-paper.crypto-risk-metrics.com,https://white-paper.crypto-risk-metrics.com/2026-04-24-White-paper-Helium-FFG-4GX02L80B.xhtml,1.1,1,,,crypto-risk-metrics.com,0,1,1,1,1,1,2026-04-24,39120077M9TG0O1FE242,ISSUED/ACTIVE,ISSUED/ACTIVE,0
OTHER,135,1,new,0,DE,05/05/2026,2026-05-05,https://white-paper.crypto-risk-metrics.com/en/arbitrum-ffg-44tp35hf9/index.html,39120077M9TG0O1FE242,,0,63TGWHVCD|93K9SQP62,44TP35HF9,white-paper.crypto-risk-metrics.com,1,6af564046750,ixbrl-esma,hop,ixbrl-esma,945f1c65756756af170e63f3ca03bca5fc97de3aa05c0c27028cec33ba4564e1,white-paper.crypto-risk-metrics.com,https://white-paper.crypto-risk-metrics.com/2026-05-05-White-paper-Arbitrum-FFG-44TP35HF9.xhtml,1.1,1,,,crypto-risk-metrics.com,0,1,1,1,1,1,2026-05-05,39120077M9TG0O1FE242,ISSUED/ACTIVE,ISSUED/ACTIVE,0
OTHER,136,1,new,0,DE,06/05/2026,2026-05-06,https://leagueoftraders.io/MiCAR_WhitePaper.pdf,529900LQW272RBKLIV93,,0,,,leagueoftraders.io,1,3ab1fc506652,robots,direct,robots,,,,,,robots:disallowed,,,,,,,,,,,ISSUED/ACTIVE,,0
OTHER,137,1,new,0,DE,05/05/2026,2026-05-05,https://white-paper.crypto-risk-metrics.com/en/axelar-ffg-zn1mjgvlx/index.html,39120077M9TG0O1FE242,,0,6VGJMR9PK|7XNZ3KK67|9VSMXTSM2|D4W32DPGP|HPVXGTF8V|MVCDDN6Q2|PZ5PWDTV1|Q2QDNVB1X|TD3VWXG02|WF9C3FK6M>|WWMN8KJWC|X5B92NG0R,ZN1MJGVLX,white-paper.crypto-risk-metrics.com,1,dd91605bd608,ixbrl-esma,hop,ixbrl-esma,0a8a67b9bf51286d3d0827351b1434aa9f7410d4f4837b36bcb21448c9e3e705,white-paper.crypto-risk-metrics.com,https://white-paper.crypto-risk-metrics.com/2026-05-05-White-paper-Axelar-FFG-ZN1MJGVLX.xhtml,1.1,1,,,crypto-risk-metrics.com,0,1,1,1,1,1,2026-05-05,39120077M9TG0O1FE242,ISSUED/ACTIVE,ISSUED/ACTIVE,0
OTHER,138,1,new,0,DE,22/05/2026,2026-05-22,https://white-paper.crypto-risk-metrics.com/en/osmosis-ffg-tds6nvz46/index.html,39120077M9TG0O1FE242,,0,RS9SFC444|S87NJRT7T|XJJVDPSK0,TDS6NVZ46,white-paper.crypto-risk-metrics.com,1,cee4fd7022fa,ixbrl-esma,hop,ixbrl-esma,a0148d305fba34369e166af3ae9db60c8db85f35aad2353ab9ef7cead7b71539,white-paper.crypto-risk-metrics.com,https://white-paper.crypto-risk-metrics.com/2026-05-22-White-paper-Osmosis-FFG-TDS6NVZ46.xhtml,1.1,1,,,crypto-risk-metrics.com,0,1,1,1,1,1,2026-05-22,39120077M9TG0O1FE242,ISSUED/ACTIVE,ISSUED/ACTIVE,0
OTHER,139,1,new,0,DE,22/05/2026,2026-05-22,horizen.micarwhitepapers.eu,25490025UDB7IZN7JM76,,0,KL03F6N2L,T9QL1ZT5D,horizen.micarwhitepapers.eu,1,ed66af11826d,html,direct,html,3963832a212b31522c0dc14b78102f8a5ce5e7f023b2531aff96e42173d44bb3,horizen.micarwhitepapers.eu,https://horizen.micarwhitepapers.eu,,,,,,,,,,,,,,ISSUED/ACTIVE,,0
OTHER,140,1,new,0,DE,26/05/2026,2026-05-26,https://white-paper.crypto-risk-metrics.com/de/bitcoin-ffg-v15wlzjmf/index.html.,39120077M9TG0O1FE242,,0,4H95J0R2X|K1NS41N51,V15WLZJMF,white-paper.crypto-risk-metrics.com,1,6b4675dd359e,ixbrl-esma,hop,ixbrl-esma,a00da212a11b39930b96bd06488baa4c9411213b3597119bc0b44d38ea207420,white-paper.crypto-risk-metrics.com,https://white-paper.crypto-risk-metrics.com/2026-05-26-White-paper-Bitcoin-FFG-V15WLZJMF.xhtml,1.1,1,,,crypto-risk-metrics.com,0,1,1,1,1,1,2026-05-26,39120077M9TG0O1FE242,ISSUED/ACTIVE,ISSUED/ACTIVE,0
OTHER,141,1,new,0,DE,25/05/2026,2026-05-25,https://white-paper.crypto-risk-metrics.com/de/litecoin-ffg-d74jz1vrd/index.html,39120077M9TG0O1FE242,,0,WTX0G7K46,D74JZ1VRD,white-paper.crypto-risk-metrics.com,1,4f85b362d90c,ixbrl-esma,hop,ixbrl-esma,ced8ed4518c59ad68edab73fc84e590abd5f1da754ecee88d376aaa56c4009f4,white-paper.crypto-risk-metrics.com,https://white-paper.crypto-risk-metrics.com/2026-05-26-White-paper-Litecoin-FFG-D74JZ1VRD.xhtml,1.1,1,,,crypto-risk-metrics.com,0,1,1,1,1,1,2026-05-26,39120077M9TG0O1FE242,ISSUED/ACTIVE,ISSUED/ACTIVE,0
OTHER,142,1,new,0,DE,30/06/2026,2026-06-30,https://white-paper.crypto-risk-metrics.com/en/ethereum-eth-ffg-d5rg2fhh0/index.html,39120077M9TG0O1FE242,,0,X9J9K872S,D5RG2FHH0,white-paper.crypto-risk-metrics.com,1,edfb092f7f56,ixbrl-esma,hop,ixbrl-esma,80eab5f4d73e285d53fca49b074e2aba926ab80f1928d678c4edeb9891fafb6e,white-paper.crypto-risk-metrics.com,https://white-paper.crypto-risk-metrics.com/2026-05-29-White-paper-Ethereum-Eth-FFG-D5RG2FHH0.xhtml,1.1,1,,,crypto-risk-metrics.com,0,1,1,1,1,1,2026-05-29,39120077M9TG0O1FE242,ISSUED/ACTIVE,ISSUED/ACTIVE,0
OTHER,143,1,new,0,DE,01/06/2026,2026-06-01,https://white-paper.crypto-risk-metrics.com/en/ethereum-classic-ether-ffg-dgmqmfzd4/index.html,39120077M9TG0O1FE242,,0,GWQWXVV7J,DGMQMFZD4,white-paper.crypto-risk-metrics.com,1,cf5ce92e6bba,ixbrl-esma,hop,ixbrl-esma,a7889d24a7c5a7254fc85882a8234f20ba52a350e0a6ae6aa79c743dea345e40,white-paper.crypto-risk-metrics.com,https://white-paper.crypto-risk-metrics.com/2026-06-01-White-paper-Ethereum-Classic-Ether-FFG-DGMQMFZD4.xhtml,1.1,1,,,crypto-risk-metrics.com,0,1,1,1,1,1,2026-06-01,39120077M9TG0O1FE242,ISSUED/ACTIVE,ISSUED/ACTIVE,0
OTHER,144,1,new,0,DE,05/06/2026,2026-06-05,https://white-paper.crypto-risk-metrics.com/en/dogecoin-ffg-35pljp6j7/index.htm,39120077M9TG0O1FE242,,0,820B7G1NL,35PLJP6J7,white-paper.crypto-risk-metrics.com,1,04212f144cbe,ixbrl-esma,client-redirect+hop,html,63cd22039a19a35e5f9f57893da73dc190f404ce64ebe8eb041fa9178f31fa38,white-paper.crypto-risk-metrics.com,https://white-paper.crypto-risk-metrics.com/2026-06-05-White-paper-Dogecoin-FFG-35PLJP6J7.xhtml,1.1,1,,,crypto-risk-metrics.com,0,1,1,1,1,1,2026-06-05,39120077M9TG0O1FE242,ISSUED/ACTIVE,ISSUED/ACTIVE,0
OTHER,145,1,new,0,DE,05/06/2026,2026-06-05,https://white-paper.crypto-risk-metrics.com/en/band-ffg-1qm2qzq5n/index.html,39120077M9TG0O1FE242,,0,45J3BLQQC|D1MPWZP6C|NXRTM7Q1K|VWMZRF3S6|WZV5DWBN8,1QM2QZQ5N,white-paper.crypto-risk-metrics.com,1,3de4ae933bff,ixbrl-esma,hop,ixbrl-esma,36fe3c04a655129300fc00ca0d574671823b10c3d7c2c0e6af38425d016b418a,white-paper.crypto-risk-metrics.com,https://white-paper.crypto-risk-metrics.com/2026-06-05-White-paper-Band-FFG-1QM2QZQ5N.xhtml,1.1,1,,,crypto-risk-metrics.com,0,1,1,1,1,1,2026-06-05,39120077M9TG0O1FE242,ISSUED/ACTIVE,ISSUED/ACTIVE,0
OTHER,146,1,new,0,DE,08/06/2026,2026-06-08,https://white-paper.crypto-risk-metrics.com/en/celestia-ffg-m7nn4sth9/index.html,39120077M9TG0O1FE242,,0,12NRRG38S|TQ1G4JDD1|VTMS6V53Z,M7NN4STH9,white-paper.crypto-risk-metrics.com,1,3309129a0aab,ixbrl-esma,hop,ixbrl-esma,81bedf674ac2dbd5480c726cce28dcbba83e644d446f8055f9bb1b3e38aff13d,white-paper.crypto-risk-metrics.com,https://white-paper.crypto-risk-metrics.com/2026-06-08-White-paper-Celestia-FFG-M7NN4STH9.xhtml,1.1,1,,,crypto-risk-metrics.com,0,1,1,1,1,1,2026-06-08,39120077M9TG0O1FE242,ISSUED/ACTIVE,ISSUED/ACTIVE,0
OTHER,147,1,new,0,DE,10/06/2026,2026-06-10,https://white-paper.crypto-risk-metrics.com/en/filecoin-ffg-s6702swrz/index.html,39120077M9TG0O1FE242,,0,C0SK6LJX1|D3K7WMHT1|K8B662X5Z,S6702SWRZ,white-paper.crypto-risk-metrics.com,1,386d838965a7,ixbrl-esma,hop,ixbrl-esma,ac9acc3c1657e8e301a52b8050d7107e10f8054663c2fc770d8b5266f9fda631,white-paper.crypto-risk-metrics.com,https://white-paper.crypto-risk-metrics.com/2026-06-10-White-paper-Filecoin-FFG-S6702SWRZ.xhtml,1.1,1,,,crypto-risk-metrics.com,0,1,1,1,1,1,2026-06-10,39120077M9TG0O1FE242,ISSUED/ACTIVE,ISSUED/ACTIVE,0
OTHER,148,1,new,0,DE,17/06/2026,2026-06-17,https://white-paper.crypto-risk-metrics.com/en/polygon-pol-ffg-gb8dq8dwn/index.html,39120077M9TG0O1FE242,,0,612RCQLCX|HGMF3TRBK|RQWW6J6K0,GB8DQ8DWN,white-paper.crypto-risk-metrics.com,1,b008b23e9185,ixbrl-esma,hop,ixbrl-esma,a5f2a325abb15fdeefa363b1ac21b40e0a27597c680b176b7c1b15c5a62c2aa1,white-paper.crypto-risk-metrics.com,https://white-paper.crypto-risk-metrics.com/2026-06-17-White-paper-Polygon-POL-FFG-GB8DQ8DWN.xhtml,1.1,1,,,crypto-risk-metrics.com,0,1,1,1,1,1,2026-06-17,39120077M9TG0O1FE242,ISSUED/ACTIVE,ISSUED/ACTIVE,0
OTHER,149,1,new,0,DE,18/06/2026,2026-06-18,https://white-paper.crypto-risk-metrics.com/en/metadao-ffg-jtcv65m2f/index.html,39120077M9TG0O1FE242,,0,BQ53DH590,JTCV65M2F,white-paper.crypto-risk-metrics.com,1,311aaaa31375,ixbrl-esma,hop,ixbrl-esma,68774765baa27b6161aa146b19a86be5f8435718447ced29e2e34f8f38204482,white-paper.crypto-risk-metrics.com,https://white-paper.crypto-risk-metrics.com/2026-06-16-White-paper-MetaDAO-FFG-JTCV65M2F.xhtml,1.1,1,,,crypto-risk-metrics.com,0,1,1,1,1,1,2026-06-16,39120077M9TG0O1FE242,ISSUED/ACTIVE,ISSUED/ACTIVE,0
OTHER,150,1,new,0,DE,19/06/2026,2026-06-19,https://white-paper.crypto-risk-metrics.com/en/ondo-ffg-wkh09l3dv/index.html,39120077M9TG0O1FE242,,0,8DM439GVJ,WKH09L3DV,white-paper.crypto-risk-metrics.com,1,06f775ba44c6,ixbrl-esma,hop,ixbrl-esma,1b6922f325ef8056dec0d7e2412eddb8f96b449c1bc67bc02b461d91a280d4d1,white-paper.crypto-risk-metrics.com,https://white-paper.crypto-risk-metrics.com/2026-06-18-White-paper-Ondo-FFG-WKH09L3DV.xhtml,1.1,1,,,crypto-risk-metrics.com,0,1,1,1,1,1,2026-06-18,39120077M9TG0O1FE242,ISSUED/ACTIVE,ISSUED/ACTIVE,0
OTHER,151,1,new,0,DE,02/07/2026,2026-07-02,https://white-paper.crypto-risk-metrics.com/en/pepe-ffg-j41r6pf81/index.html,39120077M9TG0O1FE242,,0,N4V1RMPST,J41R6PF81,white-paper.crypto-risk-metrics.com,1,3f1f78bebaf8,ixbrl-esma,hop,ixbrl-esma,b59215e4ac656b25052a09c8f11ee8c288907e4e79786959381c11024bb061b6,white-paper.crypto-risk-metrics.com,https://white-paper.crypto-risk-metrics.com/2026-07-02-White-paper-Pepe-FFG-J41R6PF81.xhtml,1.1,1,,,crypto-risk-metrics.com,0,1,1,1,1,1,2026-07-02,39120077M9TG0O1FE242,ISSUED/ACTIVE,ISSUED/ACTIVE,0
OTHER,152,1,new,0,DE,30/06/2026,2026-06-30,https://white-paper.crypto-risk-metrics.com/en/official-trump-ffg-ljdpgnxxk/index.html,39120077M9TG0O1FE242,,0,13D4K4NW6|3R313RR9C,LJDPGNXXK,white-paper.crypto-risk-metrics.com,1,c1de610c36f5,ixbrl-esma,hop,ixbrl-esma,27a9feac4d43b4b7ce1945dec98565e9f9d22c85316b9ede406ce79d0389f338,white-paper.crypto-risk-metrics.com,https://white-paper.crypto-risk-metrics.com/2026-06-30-White-paper-OFFICIAL-TRUMP-FFG-LJDPGNXXK.xhtml,1.1,1,,,crypto-risk-metrics.com,0,1,1,1,1,1,2026-06-30,39120077M9TG0O1FE242,ISSUED/ACTIVE,ISSUED/ACTIVE,0
OTHER,153,1,new,0,DE,09/07/2026,2026-07-09,https://white-paper.crypto-risk-metrics.com/en/polkadot-dot-ffg-sgd9nltrg/index.html,39120077M9TG0O1FE242,,0,KNPTB87Q5|N3TLFXRZL|P5B46MFPP|S8CVG4KKZ,SGD9NLTRG,white-paper.crypto-risk-metrics.com,1,40f4496b805c,ixbrl-esma,hop,ixbrl-esma,91da8c6ff7ab4be3533a57ba8d0a04ce2cd54d5d248c7cd6dded365e4ad797dd,white-paper.crypto-risk-metrics.com,https://white-paper.crypto-risk-metrics.com/2026-07-09-White-paper-Polkadot-DOT-FFG-SGD9NLTRG.xhtml,1.1,1,,,crypto-risk-metrics.com,0,1,1,1,1,1,2026-07-09,39120077M9TG0O1FE242,ISSUED/ACTIVE,ISSUED/ACTIVE,0
OTHER,154,1,new,0,DE,09/07/2026,2026-07-09,https://white-paper.crypto-risk-metrics.com/en/graph-token-ffg-vmqpvh41w/index.html,39120077M9TG0O1FE242,,0,1K8HT8SZW|7744P2WPH|ZLZ8X4SKJ,VMQPVH41W,white-paper.crypto-risk-metrics.com,1,954aabfa3548,ixbrl-esma,hop,ixbrl-esma,dbdd99b9580d99d82c0a6b5645a3e68daca30881a075de99c2f66c9dcbbd1271,white-paper.crypto-risk-metrics.com,https://white-paper.crypto-risk-metrics.com/2026-07-09-White-paper-Graph-Token-FFG-VMQPVH41W.xhtml,1.1,1,,,crypto-risk-metrics.com,0,1,1,1,1,1,2026-07-09,39120077M9TG0O1FE242,ISSUED/ACTIVE,ISSUED/ACTIVE,0
OTHER,155,1,new,0,DE,14/07/2026,2026-07-14,https://white-paper.crypto-risk-metrics.com/en/injective-token-ffg-92m9b0dz7/index.html,39120077M9TG0O1FE242,,0,JVHX3MS60|LGWSMX228|VKJM0GHDH|VS82ZDXTF|WFQSW1L5L,92M9B0DZ7,white-paper.crypto-risk-metrics.com,1,bb35e2fd3cb8,ixbrl-esma,hop,ixbrl-esma,a8438616bf994db2f01d9fec83fc5877c3c922392aa4967ef47ba6aace4bd32a,white-paper.crypto-risk-metrics.com,https://white-paper.crypto-risk-metrics.com/2026-07-13-White-paper-Injective-Token-FFG-92M9B0DZ7.xhtml,1.1,1,,,crypto-risk-metrics.com,0,1,1,1,1,1,2026-07-13,39120077M9TG0O1FE242,ISSUED/ACTIVE,ISSUED/ACTIVE,0
OTHER,156,1,new,0,DE,29/07/2026,2026-07-29,https://white-paper.crypto-risk-metrics.com/en/floki-ffg-r1xc4hqt5/index.html,39120077M9TG0O1FE242,,0,JSB445WQN|MFB10VML7,R1XC4HQT5,white-paper.crypto-risk-metrics.com,1,931368eac225,ixbrl-esma,hop,ixbrl-esma,2f3f55c4ae0f8357cb7a7ba18858d010c061ec1bc772361216f190229c68631a,white-paper.crypto-risk-metrics.com,https://white-paper.crypto-risk-metrics.com/2026-07-29-White-paper-FLOKI-FFG-R1XC4HQT5.xhtml,1.1,1,,,crypto-risk-metrics.com,0,1,1,1,1,1,2026-07-29,39120077M9TG0O1FE242,ISSUED/ACTIVE,ISSUED/ACTIVE,0
OTHER,157,1,new,0,DE,03/08/2026,2026-08-03,https://white-paper.crypto-risk-metrics.com/en/gram-ffg-kk12jmbtx/index.html,39120077M9TG0O1FE242,,0,QBZLT5MT1,KK12JMBTX,white-paper.crypto-risk-metrics.com,1,4717e6077411,ixbrl-esma,hop,ixbrl-esma,4442ea333b7a8de5e529b988b8e0ff2791640b8d6bc3c83e7210abbf3b7d9d8e,white-paper.crypto-risk-metrics.com,https://white-paper.crypto-risk-metrics.com/2026-08-03-White-paper-Gram-FFG-KK12JMBTX.xhtml,1.1,1,,,crypto-risk-metrics.com,0,1,1,1,1,1,2026-08-03,39120077M9TG0O1FE242,ISSUED/ACTIVE,ISSUED/ACTIVE,0
OTHER,158,1,new,0,DE,05/08/2026,2026-08-05,https://www.nimiq.com/mica-whitepaper.pdf,391200RK8DW9GC5VC131,,0,VW1SKQ9LS,2TF3Z8C8J,www.nimiq.com,1,9bcc197c419c,pdf,direct,pdf,c98d6b0e77c390a354e3051f46228ea873cb91472bfeacde6a9218b8e952f93c,www.nimiq.com,https://www.nimiq.com/mica-whitepaper.pdf,,,,,,,,,,,,,,ISSUED/ACTIVE,,0
OTHER,159,1,new,0,DE,10/08/2026,2026-08-10,https://white-paper.crypto-risk-metrics.com/en/diem-ffg-zffjtq357/index.html,39120077M9TG0O1FE242,,0,9X8LVNTLW,ZFFJTQ357,white-paper.crypto-risk-metrics.com,1,1fe08fae8a52,ixbrl-esma,hop,ixbrl-esma,c1c8a420f408b45a8b0ab86c66e1a2e70b435cb558f0b87b8dc5cb3068578c26,white-paper.crypto-risk-metrics.com,https://white-paper.crypto-risk-metrics.com/2026-08-10-White-paper-Diem-FFG-ZFFJTQ357.xhtml,1.1,1,,,crypto-risk-metrics.com,0,1,1,1,1,1,2026-08-10,39120077M9TG0O1FE242,ISSUED/ACTIVE,ISSUED/ACTIVE,0
OTHER,160,1,new,0,DE,13/08/2026,2026-08-13,https://white-paper.crypto-risk-metrics.com/en/venice-token-ffg-p0sd47m0w/index.html,39120077M9TG0O1FE242,,0,1J5KDD5S0,P0SD47M0W,white-paper.crypto-risk-metrics.com,1,5ab4326c0814,ixbrl-esma,hop,ixbrl-esma,e7837f6fbe495eb93e19bc1310e37d7d17d7943f7d94238c0641c9dd712a08d7,white-paper.crypto-risk-metrics.com,https://white-paper.crypto-risk-metrics.com/2026-08-13-White-paper-Venice-Token-FFG-P0SD47M0W.xhtml,1.1,1,,,crypto-risk-metrics.com,0,1,1,1,1,1,2026-08-13,39120077M9TG0O1FE242,ISSUED/ACTIVE,ISSUED/ACTIVE,0
OTHER,161,1,new,0,DE,13/08/2026,2026-08-13,https://white-paper.crypto-risk-metrics.com/en/b3-ffg-bplsknpd9/index.html,39120077M9TG0O1FE242,,0,KJVKZ3X3W,BPLSKNPD9,white-paper.crypto-risk-metrics.com,1,bf78d1a916af,ixbrl-esma,hop,ixbrl-esma,ea06af9907246fb3bb5c1d40f5b1997a491a16ef664e55af2383fd9911f05e21,white-paper.crypto-risk-metrics.com,https://white-paper.crypto-risk-metrics.com/2026-08-13-White-paper-B3-FFG-BPLSKNPD9.xhtml,1.1,1,,,crypto-risk-metrics.com,0,1,1,1,1,1,2026-08-13,39120077M9TG0O1FE242,ISSUED/ACTIVE,ISSUED/ACTIVE,0
OTHER,162,1,new,0,DE,17/08/2026,2026-08-17,https://white-paper.crypto-risk-metrics.com/en/ai16z-ffg-8sqn5vkwh/index.html,39120077M9TG0O1FE242,,0,2PZTQFMK4,8SQN5VKWH,white-paper.crypto-risk-metrics.com,1,be3a70207d56,ixbrl-esma,hop,ixbrl-esma,f1b0e857514d356c42842e84944df11a5ffed0f6d6bad892d99495a25dbf949a,white-paper.crypto-risk-metrics.com,https://white-paper.crypto-risk-metrics.com/2026-08-17-White-paper-ai16z-FFG-8SQN5VKWH.xhtml,1.1,1,,,crypto-risk-metrics.com,0,1,1,1,1,1,2026-08-17,39120077M9TG0O1FE242,ISSUED/ACTIVE,ISSUED/ACTIVE,0
OTHER,163,1,new,0,DE,17/08/2026,2026-08-17,https://white-paper.crypto-risk-metrics.com/en/pumpfun-ffg-c2f189jnl/index.html,39120077M9TG0O1FE242,,0,ZDR1PTM67,C2F189JNL,white-paper.crypto-risk-metrics.com,1,f19781025a19,ixbrl-esma,hop,ixbrl-esma,e3416a1b1ead5c209256fc51c4638c26ab87e2a39081e08efc3952863566ef3a,white-paper.crypto-risk-metrics.com,https://white-paper.crypto-risk-metrics.com/2026-08-17-White-paper-Pump.fun-FFG-C2F189JNL.xhtml,1.1,1,,,crypto-risk-metrics.com,0,1,1,1,1,1,2026-08-17,39120077M9TG0O1FE242,ISSUED/ACTIVE,ISSUED/ACTIVE,0
OTHER,164,1,new,0,DE,18/08/2026,2026-08-18,https://white-paper.crypto-risk-metrics.com/en/peanut-the-squirrel-ffg-75d0kj7wn/index.html,39120077M9TG0O1FE242,,0,7FJ0P4TBH,75D0KJ7WN,white-paper.crypto-risk-metrics.com,1,2d57f36397b4,ixbrl-esma,hop,ixbrl-esma,bdfefc2a17aa66df59c388435637152d4863e64f052cc0ad840d67dcdc24c862,white-paper.crypto-risk-metrics.com,https://white-paper.crypto-risk-metrics.com/2026-08-18-White-paper-Peanut-the-Squirrel-FFG-75D0KJ7WN.xhtml,1.1,1,,,crypto-risk-metrics.com,0,1,1,1,1,1,2026-08-18,39120077M9TG0O1FE242,ISSUED/ACTIVE,ISSUED/ACTIVE,0
OTHER,165,1,new,0,DE,01/09/2026,2026-09-01,https://white-paper.crypto-risk-metrics.com/en/spark-ffg-gs4h3vsb1/index.html,39120077M9TG0O1FE242,,0,HQZW3VQ7D|L6Q3MD87L|N0C5KF8KM,GS4H3VSB1,white-paper.crypto-risk-metrics.com,1,81a69c5242fa,ixbrl-esma,hop,ixbrl-esma,94ba046baee1300fa86932a8618cb597a6e4c93fe57a7e5c9cccd1243336028c,white-paper.crypto-risk-metrics.com,https://white-paper.crypto-risk-metrics.com/2026-09-01-White-paper-Spark-FFG-GS4H3VSB1.xhtml,1.1,1,,,crypto-risk-metrics.com,0,1,1,1,1,1,2026-09-01,39120077M9TG0O1FE242,ISSUED/ACTIVE,ISSUED/ACTIVE,0
OTHER,166,1,new,0,DE,01/09/2026,2026-09-01,https://white-paper.crypto-risk-metrics.com/en/horizen-ffg-t9ql1zt5d/index.html,39120077M9TG0O1FE242,,0,47W406ZZS|KL03F6N2L,T9QL1ZT5D,white-paper.crypto-risk-metrics.com,1,9925047a9b18,ixbrl-esma,hop,ixbrl-esma,55c1a957d0e41a545ad0dde50487fa1f53a188abead73580c63f9313e844c500,white-paper.crypto-risk-metrics.com,https://white-paper.crypto-risk-metrics.com/2026-09-01-White-paper-Horizen-FFG-T9QL1ZT5D.xhtml,1.1,1,,,crypto-risk-metrics.com,0,1,1,1,1,1,2026-09-01,39120077M9TG0O1FE242,ISSUED/ACTIVE,ISSUED/ACTIVE,0
OTHER,167,1,new,0,DE,01/09/2026,2026-09-01,https://white-paper.crypto-risk-metrics.com/de/cronos-ffg-gwm30mlw3/index.html,39120077M9TG0O1FE242,,0,2MPCC77C1|5VNCFR2T5|C77WR20TB|D00BX2H21|DQG22RKCR|G0V71VTTX|W4DBTJQ98|ZBC8DTX8G,GWM30MLW3,white-paper.crypto-risk-metrics.com,1,ebb6ded4eb8b,ixbrl-esma,hop,ixbrl-esma,9927756afe3ce8d1962da6578225e104f4e754842b2f3322bedfc82ecb81493f,white-paper.crypto-risk-metrics.com,https://white-paper.crypto-risk-metrics.com/2026-09-01-White-paper-Cronos-FFG-GWM30MLW3.xhtml,1.1,1,,,crypto-risk-metrics.com,0,1,1,1,1,1,2026-09-01,39120077M9TG0O1FE242,ISSUED/ACTIVE,ISSUED/ACTIVE,0
OTHER,168,1,new,0,DE,07/09/2026,2026-09-07,https://www.leondrino.com/xleopre-de/,,984500F14CA4571AAC11,1,VSWVV7PP,,www.leondrino.com,1,db9c6a6acfd1,html,direct,html,c1b8d3970aa8ed4fcb3cfc9369e2847dcd09a5a593a4f396f7488ba16fc25d28,www.leondrino.com,https://www.leondrino.com/xleopre-de/,,,,http-error:1,,,,,,,,,,,,0
OTHER,169,1,new,0,DE,02/09/2026,2026-09-02,https://white-paper.crypto-risk-metrics.com/en/basecat-ffg-k547p69jx/index.html,39120077M9TG0O1FE242,,0,6Q03TVHWD,K547P69JX,white-paper.crypto-risk-metrics.com,1,26735a362d46,ixbrl-esma,hop,ixbrl-esma,b11a70cd2258b9a04699772be672e7c6c408d2785e757464294c06b9930e359f,white-paper.crypto-risk-metrics.com,https://white-paper.crypto-risk-metrics.com/2026-09-02-White-paper-Basecat-FFG-K547P69JX.xhtml,1.1,1,,,crypto-risk-metrics.com,0,1,1,1,1,1,2026-09-02,39120077M9TG0O1FE242,ISSUED/ACTIVE,ISSUED/ACTIVE,0
OTHER,170,1,new,0,DE,04/09/2026,2026-09-04,https://white-paper.crypto-risk-metrics.com/en/grass-ffg-mncr2mkhp/index.html,39120077M9TG0O1FE242,,0,LDQ7G0HM4,MNCR2MKHP,white-paper.crypto-risk-metrics.com,1,2b50ab66a28f,html,direct,html,c3f383e78062223aed1d793d0555160f4058c8d7b793f1a8dfc3d8dbb633b492,white-paper.crypto-risk-metrics.com,https://white-paper.crypto-risk-metrics.com/en/grass-ffg-mncr2mkhp/index.html,,,,,,,,,,,,,,ISSUED/ACTIVE,,0
OTHER,171,1,new,0,DE,08/09/2026,2026-09-08,https://white-paper.crypto-risk-metrics.com/en/debtreliefbot-ffg-7xlw38nzt/index.html,39120077M9TG0O1FE242,,0,LPD8G48TZ,7XLW38NZT,white-paper.crypto-risk-metrics.com,1,67d78721824f,html,direct,html,520c909825b40fcfa3a9746a11c564882734968c42894c1453b985de59d0d884,white-paper.crypto-risk-metrics.com,https://white-paper.crypto-risk-metrics.com/en/debtreliefbot-ffg-7xlw38nzt/index.html,,,,,,,,,,,,,,ISSUED/ACTIVE,,0
OTHER,172,1,new,0,DE,10/09/2026,2026-09-10,https://white-paper.crypto-risk-metrics.com/en/pudgy-penguins-ffg-13jbpt88t/index.html,39120077M9TG0O1FE242,,0,FPMHL6M9G|XNT9ZM8KB,13JBPT88T,white-paper.crypto-risk-metrics.com,1,71f3926367b7,ixbrl-esma,hop,ixbrl-esma,3bcba1348749105a79bbd2d338ecc666523d651b23260c288cf0598c8ccf7f20,white-paper.crypto-risk-metrics.com,https://white-paper.crypto-risk-metrics.com/2026-09-10-White-paper-Pudgy-Penguins-FFG-13JBPT88T.xhtml,1.1,1,,,crypto-risk-metrics.com,0,1,1,1,1,1,2026-09-10,39120077M9TG0O1FE242,ISSUED/ACTIVE,ISSUED/ACTIVE,0
OTHER,173,1,new,0,DE,15/09/2026,2026-09-15,https://white-paper.crypto-risk-metrics.com/en/kava-ffg-2hzxzqlkx/index.html,39120077M9TG0O1FE242,,0,DVKQFFHGX|J5J62BBD7|JJB4VLPTP|Q8FX17M6Q,2HZXZQLKX,white-paper.crypto-risk-metrics.com,1,885ed0d3c6d4,ixbrl-esma,hop,ixbrl-esma,d2406e9d2ca5dc3c7c8fac5ccabebdb1f454f81027c95332fa841097aa3fbf98,white-paper.crypto-risk-metrics.com,https://white-paper.crypto-risk-metrics.com/2026-09-15-White-paper-KAVA-FFG-2HZXZQLKX.xhtml,1.1,1,,,crypto-risk-metrics.com,0,1,1,1,1,1,2026-09-15,39120077M9TG0O1FE242,ISSUED/ACTIVE,ISSUED/ACTIVE,0
OTHER,174,1,new,0,DE,14/09/2026,2026-09-14,https://white-paper.crypto-risk-metrics.com/en/world-liberty-financial-ffg-3xvwcvfsx/index.html,39120077M9TG0O1FE242,,0,H50D9HB3K|J75VP8MPH|ZLZ08WV6N,3XVWCVFSX,white-paper.crypto-risk-metrics.com,1,a1af4e7b2f4e,html,direct,html,f85be7875673ace4bb207fbd80326afdedc2bac1edde86f7d9dd0f90121516e2,white-paper.crypto-risk-metrics.com,https://white-paper.crypto-risk-metrics.com/en/world-liberty-financial-ffg-3xvwcvfsx/index.html,,,,,,,,,,,,,,ISSUED/ACTIVE,,0
OTHER,175,1,new,0,DE,18/09/2026,2026-09-18,https://white-paper.crypto-risk-metrics.com/en/flow-ffg-6t49bcsxz/index.html,39120077M9TG0O1FE242,,0,8H326R5DX|HFX40B3W9,6T49BCSXZ,white-paper.crypto-risk-metrics.com,1,59e27e743ee2,html,direct,html,07a5ce42c3352c6729bae97cc7a4f096fb521ef16cbbfb09fc9680d477cfb2d4,white-paper.crypto-risk-metrics.com,https://white-paper.crypto-risk-metrics.com/en/flow-ffg-6t49bcsxz/index.html,,,,,,,,,,,,,,ISSUED/ACTIVE,,0
OTHER,176,1,new,0,DE,21/09/2026,2026-09-21,https://white-paper.crypto-risk-metrics.com/en/hyperliquid-ffg-hltpnvxn0/index.html,39120077M9TG0O1FE242,,0,80W43TV26,HLTPNVXN0,white-paper.crypto-risk-metrics.com,1,ba7cb8762f6a,html,direct,html,8c7d8776a585fdd99d542ff1a1b92749fa78efdd4fa1e7b97d13fed96ce496c0,white-paper.crypto-risk-metrics.com,https://white-paper.crypto-risk-metrics.com/en/hyperliquid-ffg-hltpnvxn0/index.html,,,,,,,,,,,,,,ISSUED/ACTIVE,,0
OTHER,177,1,new,0,DE,21/09/2026,2026-09-21,https://white-paper.crypto-risk-metrics.com/en/mamo-ffg-4wxhprnh8/index.html,39120077M9TG0O1FE242,,0,KWVGR5HFQ,4WXHPRNH8,white-paper.crypto-risk-metrics.com,1,138f04b2f077,html,direct,html,e83d7ede7be186d8513d86d239e6c601a46c0a417553fd28fdf5429cc42e1ef8,white-paper.crypto-risk-metrics.com,https://white-paper.crypto-risk-metrics.com/en/mamo-ffg-4wxhprnh8/index.html,,,,,,,,,,,,,,ISSUED/ACTIVE,,0
OTHER,178,1,new,0,DE,25/09/2026,2026-09-25,https://white-paper.crypto-risk-metrics.com/en/dydx-ffg-1hzhk551m/index.html,39120077M9TG0O1FE242,,0,728WHR0H1|P6N1JVK4W,1HZHK551M,white-paper.crypto-risk-metrics.com,1,80807db2945f,html,direct,html,3953a392da2448d9edf8e377b8644c04d26277e8678d9cf680da28c629f07d5a,white-paper.crypto-risk-metrics.com,https://white-paper.crypto-risk-metrics.com/en/dydx-ffg-1hzhk551m/index.html,,,,,,,,,,,,,,ISSUED/ACTIVE,,0
OTHER,179,1,new,0,DE,25/09/2026,2026-09-25,https://white-paper.crypto-risk-metrics.com/en/mantle-ffg-qh1gf1j5h/index.html,39120077M9TG0O1FE242,,0,C0D7M4H0R|K1KRW1TFQ,QH1GF1J5H,white-paper.crypto-risk-metrics.com,1,674c6b7b7dcf,html,direct,html,c6824e615acf3ccc3aa2e6ab3a76360f9e8dd4b7d7668ee6a221fbeaa1b65683,white-paper.crypto-risk-metrics.com,https://white-paper.crypto-risk-metrics.com/en/mantle-ffg-qh1gf1j5h/index.html,,,,,,,,,,,,,,ISSUED/ACTIVE,,0
OTHER,180,1,new,0,DE,25/09/2026,2026-09-25,https://white-paper.crypto-risk-metrics.com/en/useless-coin-ffg-8hbmrv08q/index.html,39120077M9TG0O1FE242,,0,M1LRSF05N,8HBMRV08Q,white-paper.crypto-risk-metrics.com,1,a6e14e18bafb,html,direct,html,27eb9654810939d81a6972d72432d48612c259baf25dd8be0b6f2d8f29401bd3,white-paper.crypto-risk-metrics.com,https://white-paper.crypto-risk-metrics.com/en/useless-coin-ffg-8hbmrv08q/index.html,,,,,,,,,,,,,,ISSUED/ACTIVE,,0
OTHER,181,0,unchanged,0,DK,20/08/2025,2025-08-20,https://docs.spark.fi/mica,,,0,,,docs.spark.fi,1,f6cf56fa2735,html,direct,html,ff1c6d0c46d4f94318ed660013b970b1befde271ef4ca379c242201726651710,docs.spark.finance,https://docs.spark.finance/mica,,,,,,,,,,,,,,,,0
OTHER,182,0,unchanged,0,DK,19/05/2025,2025-05-19,https://cdn.prod.website-files.com/67d7fbcd510cf4a3a6267957/6881ee1e2753650f0ef3a997_White%20paper%20-%20Concordium%20Foundation%20-%20CCD-1.pdf,,,0,,,cdn.prod.website-files.com,1,6b134f5b499b,pdf,direct,pdf,109a318385ea0e04291c5087853b5a8be365c62717ff21fa9b3aebc5b03e5d38,cdn.prod.website-files.com,https://cdn.prod.website-files.com/67d7fbcd510cf4a3a6267957/6881ee1e2753650f0ef3a997_White%20paper%20-%20Concordium%20Foundation%20-%20CCD-1.pdf,,,,,,,,,,,,,,,,0
OTHER,183,1,new,0,DK,03/07/2026,2026-07-03,https://injective.com/research,,,0,G5B2ZPMNZ,92M9B0DZ7,injective.com,1,05ccc767dc7d,ixbrl-esma,hop,ixbrl-esma,4282b026d7ef94f51bf3e556e6a29650ebb88ed25039d06543603c093ef7e804,injective.com,https://injective.com/INJ_MiCA_Whitepaper.xhtml,1.1,1,,,injective.com,0,0,1,,1,1,2026-06-04,,,,0
OTHER,184,1,changed,0,EE,16/02/2026,2026-02-16,https://cdn.prod.website-files.com/6826f0f370fa3a3bbd09d833/68f0aa9ecd7631b0590550b8_Annex%201_HITO%20White%20Paper_12.09.2025.docx%20(1).pdf,98450096AADAF7K4BB63,,0,,,cdn.prod.website-files.com,1,4b8f3b5da7c7,pdf,direct,robots,a093151b64cfb988fcdee0b84fc9110f076e585c84c622ef276e6a48adc75191,cdn.prod.website-files.com,https://cdn.prod.website-files.com/6826f0f370fa3a3bbd09d833/68f0aa9ecd7631b0590550b8_Annex%201_HITO%20White%20Paper_12.09.2025.docx%20(1).pdf,,,,,,,,,,,,,,ISSUED/ACTIVE,,0
OTHER,185,1,new,0,EE,16/02/2026,2026-02-16,https://ctc-corp.eu/#/whitepaper,9845001C375D5E411F72,,0,SRBG66MR9,Z883TC4R5,ctc-corp.eu,1,29d7b7e4a560,html,direct,html,2acccfb2449624a4b60c7b9b69cb8b26ae097646dad6aabc44804525c0dd8432,ctc-corp.eu,https://ctc-corp.eu/#/whitepaper,,,,,,,,,,,,,,ISSUED/ACTIVE,,0
OTHER,186,1,new,0,EE,16/02/2026,2026-02-16,https://assets.znd.co/tmpl-token/en/whitepaper.pdf,984500L05A5D0E66Q610,,0,,,assets.znd.co,1,fcdcae751ca6,net-error,direct,net-error,,,https://assets.znd.co/tmpl-token/en/whitepaper.pdf,,,robots:error,,,,,,,,,,,ISSUED/ACTIVE,,0
OTHER,187,1,new,0,EE,10/09/2026,2026-09-10,https://alphamind.xyz,64884V6CJU6LV1J25394,,0,,,alphamind.xyz,1,19409a4c8c87,html,direct,html,7338da6517fb9f40406223d6a09cf6deca6cad3626bf1370a9f7137d5e4ee0e1,alphamind.xyz,https://alphamind.xyz,,,,,,,,,,,,,,ISSUED/ACTIVE,,0
OTHER,188,1,new,0,EE,10/09/2026,2026-09-10,https://www.playnance.com/Annex%202.%20Whitepaper%20Draft.xhtml,984500HEJ2A8BF504835,,0,,J14L11WZK,www.playnance.com,1,e53e3b0028eb,ixbrl-esma,direct,ixbrl-esma,960804365ab234728dfc8e8a5b529dca9e06cc69849a056aa7589abc0897803a,www.playnance.com,https://www.playnance.com/Annex%202.%20Whitepaper%20Draft.xhtml,1.1,1,,,playnance.com,0,1,1,1,,0,2026-07-28,984500HEJ2A8BF504835,ISSUED/ACTIVE,ISSUED/ACTIVE,0
OTHER,189,0,rekeyed,0,ES,26/03/2025,2025-03-26,https://www.tripleogames.com/whitepaper.pdf,,,0,,,www.tripleogames.com,1,deef7ab2580d,pdf,direct,pdf,c9bb5f19de0c2f4893da5769ddb9eabf7e1d95cb3a6487d5979d1ced43f45ceb,www.tripleogames.com,https://www.tripleogames.com/whitepaper.pdf,,,,,,,,,,,,,,,,0
OTHER,190,1,new,0,ES,02/12/2026,2026-12-02,https://ws.onehub.com/secure_share/336eogep https://ws.onehub.com/secure_share/1d8l6646,,,0,,,ws.onehub.com,2,7253a7171141,robots,direct,robots,,,,,,robots:disallowed,,,,,,,,,,,,,0
OTHER,191,0,unchanged,0,ES,21/10/2025,2025-10-21,https://bdx.blob.core.windows.net/cms/20250730_ENG_White%20Paper_BONDEX.pdf,,,0,,,bdx.blob.core.windows.net,1,f59f5427613d,pdf,direct,pdf,b60927360b20ef4ba13413cc6f470f9cbe7b6ce83e33a5d004971679d7f269c2,bdx.blob.core.windows.net,https://bdx.blob.core.windows.net/cms/20250730_ENG_White%20Paper_BONDEX.pdf,,,,,,,,,,,,,,,,0
OTHER,192,1,new,0,ES,29/12/2025,2025-12-29,https://billions.network/terms-and-conditions https://drive.google.com/file/d/1rYP9Pux9j-8udFvehbBGVKsfH6UktxdL/view?usp=sharing,,,0,,,billions.network,2,3d8149f26f98,html,direct,html,3801f0e9c53fa3729a054bc2f46e7904c5dfdc4d06b4d1cb491b9945692198da,drive.google.com,https://drive.google.com/file/d/1rYP9Pux9j-8udFvehbBGVKsfH6UktxdL/view?usp=sharing,,,,,,,,,,,,,,,,0
OTHER,193,0,unchanged,0,ES,19/11/2025,2025-11-19,https://noottools.io/noot-token,,,0,,,noottools.io,1,f78c8b6ecac1,html,direct,html,82acd3d225dc71e178f485815dc38b1701a937fd8f260ba8fac9796fc2c2a6cd,noottools.io,https://noottools.io/noot-token,,,,,,,,,,,,,,,,0
OTHER,194,0,rekeyed,0,ES,02/12/2025,2025-12-02,https://www.synfutures.com/synfutures-MiCA-whitepaper.pdf,,,0,,,www.synfutures.com,1,17457ee20548,html,direct,html,e942776066b18adb2d8e36a78a3543e69bb6704aef6903e77a354138b67a9a41,www.synfutures.com,https://www.synfutures.com/synfutures-MiCA-whitepaper.pdf,,,,,,,,,,,,,,,,0
OTHER,195,1,new,0,ES,13/07/2026,2026-07-13,https://www.kubecoin.org/,,,0,,,www.kubecoin.org,1,0594586fe24d,html,direct,html,ee30c5282b82c27737986497f5a45ea7098ec5b4f444c204d495907c44c424a8,www.kubecoin.org,https://www.kubecoin.org/,,,,,,,,,,,,,,,,0
OTHER,196,1,new,0,ES,24/07/2026,2026-07-24,www.coolearthcoin.com,,,0,,,www.coolearthcoin.com,1,6e0d87e548d3,html,direct,html,21d98ef0adae5f65ba62c787ec2af43900d69b6a611bbe96d05f8b825d3d69ae,www.coolearthcoin.com,https://www.coolearthcoin.com,,,,,,,,,,,,,,,,0
OTHER,197,0,unchanged,0,FI,10/02/2025,2025-02-10,https://www.ngut.eu/whitepapers/SWAN.html,,,0,,,www.ngut.eu,1,0d4bf5250258,pdf,hop,pdf,c61843a3296ad90e3c57f3249babf4de8f22873d0decf54b5358a209176b0df3,www.nature.com,https://www.nature.com/articles/s41598-024-77792-x.pdf,,,,,,,,,,,,,,,,0
OTHER,198,0,unchanged,0,FI,31/03/2025,2025-03-31,https://doublezero.xyz/whitepaper-mica.pdf,,,0,,,doublezero.xyz,1,ea962a012c07,pdf,direct,pdf,ae2b535abb7dec3f6f98e4c90404761cc4c24a2176b85a331f69e4dfc488c3f6,doublezero.xyz,https://doublezero.xyz/whitepaper-mica.pdf,,,,,,,,,,,,,,,,0
OTHER,199,0,unchanged,0,FI,06/08/2025,2025-08-06,https://zkcloud.com/whitepaper,,,0,,,zkcloud.com,1,45b060b1b550,http-error,direct,http-error,554a27eae053a1fe8826bb7cf8f2f066d46e1a9d1e801923ab1aeee742ab04d3,zenith.network,https://zenith.network/whitepaper,,,,,,,,,,,,,,,,0
OTHER,200,0,unchanged,0,FI,19/08/2025,2025-08-19,https://twlgf.com/twlgf-kryptovaran-kuvaus-twlgf-crypto-asset-description/,,,0,,,twlgf.com,1,a2017b70fe7e,http-error,direct,http-error,4c509d250c6042d53538b74e6c29cc79ba9988ac6efa647a1d4e7c6beee9b4c2,twlgf.com,https://twlgf.com/twlgf-kryptovaran-kuvaus-twlgf-crypto-asset-description/,,,,,,,,,,,,,,,,0
OTHER,201,0,unchanged,0,FI,25/08/2025,2025-08-25,https://www.litiumlic.com/litiumlic-kryptovaran-kuvaus-litiumlic-crypto-asset-description/,,,0,,,www.litiumlic.com,1,86d63fc851ee,html,direct,html,a6e8e0aabfd9c9bec64d28e65b0c034e0c0d425b07b2833612beefffbec2893c,www.litiumlic.com,https://www.litiumlic.com/litiumlic-kryptovaran-kuvaus-litiumlic-crypto-asset-description/,,,,,,,,,,,,,,,,0
OTHER,202,1,new,0,FI,27/07/2026,2026-07-27,https://sdafintech.com/legal/mica/whitepaper/SDA-Token-MiCA-Whitepaper-v1.3-2026_07_16.xhtml,89450058XEES8WCSCQ03,,0,,ZHSMZL7F9,sdafintech.com,1,f83e381057ae,ixbrl-other,direct,ixbrl-other,07991b3dc1f9e9175b8bb261818a279e0e790e1f17e2149d04a643b07391b5c4,sdafintech.com,https://sdafintech.com/legal/mica/whitepaper/SDA-Token-MiCA-Whitepaper-v1.3-2026_07_16.xhtml,1.1,1,,,sdafintech.com,0,,,,,,,,ISSUED/ACTIVE,,0
OTHER,203,0,unchanged,0,FR,27/02/2025,2025-02-27,https://drive.google.com/file/d/1hTtnmVZkGxhJ8xYAS4PE6Q6tru9kKFW4/view?usp=sharing,506700PRZ3EHG85K6E08,,0,,,drive.google.com,1,d5483bea6942,html,direct,html,c18f67be22d52483cd24b2fd791aa93fddace5858703e26a467ae764b7116e7a,drive.google.com,https://drive.google.com/file/d/1hTtnmVZkGxhJ8xYAS4PE6Q6tru9kKFW4/view?usp=sharing,,,,,,,,,,,,,,ISSUED/ACTIVE,,0
OTHER,204,0,unchanged,0,FR,27/02/2025,2025-02-27,https://naest.gitbook.io/wp-fr,,,0,,,naest.gitbook.io,1,bb221fd501ae,html,direct,html,58b107147dd7b5ba0667c86e14b14e9fff417e47bbee96e4cb504aad119fb201,naest.gitbook.io,https://naest.gitbook.io/wp-fr,,,,,,,,,,,,,,,,0
OTHER,205,0,unchanged,0,FR,17/03/2025,2025-03-17,www.naest.io/whitepaper,,,0,,,www.naest.io,1,1f3990e59eea,net-error,direct,net-error,,,https://www.naest.io/whitepaper,,,robots:error,,,,,,,,,,,,,0
OTHER,206,0,unchanged,0,FR,16/04/2025,2025-04-16,https://metalskin.gitbook.io/,969500HV40KFVGDKY734,,0,,,metalskin.gitbook.io,1,00c0f8e2c642,html,direct,html,c9be03f6baaa470690143268bc8cc7e797bf7cf71250df96b09d20ed9fb33544,metalskin.gitbook.io,https://metalskin.gitbook.io/whitepaper,,,,,,,,,,,,,,LAPSED/ACTIVE,,0
OTHER,207,0,unchanged,0,FR,06/06/2025,2025-06-06,https://footballatalphaverse.com/,984500D2AF7044A3S764,,0,,,footballatalphaverse.com,1,6363d35dd7ae,html,direct,html,c1c9f9e6ca1e8e50e7c0263fff80f2d6af448dc2caaed0d433973fb057bc44b4,footballatalphaverse.com,https://footballatalphaverse.com/,,,,,,,,,,,,,,ISSUED/ACTIVE,,0
OTHER,208,0,unchanged,0,FR,19/06/2025,2025-06-19,https://obol.org/mica.pdf,506700PRZ3EHG85K6E08,,0,,,obol.org,1,fc70b5a88711,pdf,direct,pdf,da1da69223f603703db0354e884668bf778d87d7bbcf413799e0d69ca51069f1,obol.org,https://obol.org/mica.pdf,,,,,,,,,,,,,,ISSUED/ACTIVE,,0
OTHER,209,0,unchanged,0,FR,19/06/2025,2025-06-19,https://drive.google.com/file/d/1IrTRXdr4w8HKdfKBxHZHMJDhBTDyFysM/view?usp=sharing  https://drive.google.com/file/d/11oWkYWhXIZTSVMDCVV2pC3wDeFTJz3QZ/view?usp=sharing,9695002O8ZCCK9IHQ969,,0,,,drive.google.com,2,0240e7643112,html,direct,html,c98055b201a32fad569cf0259710abd0a38db9631ceb414cd85703d1c697712b,drive.google.com,https://drive.google.com/file/d/1IrTRXdr4w8HKdfKBxHZHMJDhBTDyFysM/view?usp=sharing,,,,,,,,,,,,,,ISSUED/ACTIVE,,0
OTHER,210,0,unchanged,0,FR,03/09/2025,2025-09-03,https://www.abclabs.co/,,254900641D8KNHUZYX24,1,,,www.abclabs.co,1,20e42fab7ef1,html,direct,html,86d9591a323cfbfc57bc73cf5c2924024a032fe9245ee29b40048fa81082f385,www.abclabs.co,https://www.abclabs.co/,,,,,,,,,,,,,,,,0
OTHER,211,0,unchanged,0,FR,03/09/2025,2025-09-03,https://docs.definitive.fi/platform/edge-token,,549300ET4IUR6RCZOL84,1,,,docs.definitive.fi,1,81f5f7ac8d91,html,direct,html,adc8a730592a1e3c1122ee78ec7e9dd58a3a3153af6739ffdcf9fe42f77dd556,docs.definitive.fi,https://docs.definitive.fi/edge/edge-token,,,,,,,,,,,,,,,,0
OTHER,212,0,unchanged,0,FR,08/10/2025,2025-10-08,https://drive.google.com/file/d/1DUmluyeGiuYCtPGvwXs_5Gkdd_NrTAFj/view?usp=drive_link  https://drive.google.com/file/d/1jyCln0cYYT47PdF6oufM_PlMfdRHaHWF/view?usp=drive_link,9695002O8ZCCK9IHQ969,,0,,,drive.google.com,2,ef444a9eeaf2,html,direct,html,612497247f73ffa3cfd4da8d58f98414df661eef39ad2b852791c46edd00c420,drive.google.com,https://drive.google.com/file/d/1DUmluyeGiuYCtPGvwXs_5Gkdd_NrTAFj/view?usp=drive_link,,,,,,,,,,,,,,ISSUED/ACTIVE,,0
OTHER,213,0,unchanged,0,FR,08/10/2025,2025-10-08,https://storage.reserve.org/cfb-whitepaper.pdf,,254900641D8KNHUZYX24,1,,,storage.reserve.org,1,70783d8def48,pdf,direct,pdf,7cc874122c0ebc01063d76e689204a665c7c1aa0222c6e81836bdf17dcfb9033,storage.reserve.org,https://storage.reserve.org/cfb-whitepaper.pdf,,,,,,,,,,,,,,,,0
OTHER,214,0,unchanged,0,FR,08/10/2025,2025-10-08,https://docs.definitive.fi/references/mica-whitepaper,,549300ET4IUR6RCZOL84,1,,,docs.definitive.fi,1,08f239cd20f1,pdf,hop,pdf,945f5a1c25b6e2863e9baebd8de75d26d85d9ada032fe5cb203dab0972bac396,2602042957-files.gitbook.io,https://2602042957-files.gitbook.io/~/files/v0/b/gitbook-x-prod.appspot.com/o/spaces%2FJUmpTSznjAymapLGhnyG%2Fuploads%2FZEUpUzumePmB60j1hpE8%2FDefinitive%20MICA%20Whitepaper.pdf?alt=media&token=REDACTED,,,,,,,,,,,,,,,,0
OTHER,215,0,unchanged,0,FR,08/10/2025,2025-10-08,https://anita.ink/micawp,,,0,,,anita.ink,1,63cf1e315f5e,html,direct,html,af1e81bc3d28f70fa44b01231abf4ba821bfbb5120679823db69a2c66a9b800d,anita.ink,https://anita.ink/micawp,,,,,,,,,,,,,,,,0
OTHER,216,0,unchanged,0,FR,08/10/2025,2025-10-08,,254900XTUI35BGIBXP21,254900XTUI35BGIBXP21,1,,,,0,,invalid-url,,invalid-url,,,,,,,,,,,,,,,,,ISSUED/ACTIVE,,0
OTHER,217,0,unchanged,0,FR,14/11/2025,2025-11-14,https://storage.reserve.org/cfb-whitepaper-v2.pdf,,254900641D8KNHUZYX24,1,,,storage.reserve.org,1,113b78a0b945,pdf,direct,pdf,33a2f4daf8e33873b6cc333f0ac49331e9346fbda362eff8443c4b15fad727a8,storage.reserve.org,https://storage.reserve.org/cfb-whitepaper-v2.pdf,,,,,,,,,,,,,,,,1
OTHER,218,0,unchanged,0,FR,14/11/2025,2025-11-14,emojimarbledash.com,984500D2AF7044A3S764,,0,,,emojimarbledash.com,1,2b83013ccb9c,html,direct,html,05d91137b9dabf25c368e3739f948a8049c2ee960ddda0d6e4cf8bb25541dd64,emojimarbledash.com,https://emojimarbledash.com,,,,,,,,,,,,,,ISSUED/ACTIVE,,0
OTHER,219,0,unchanged,0,FR,15/11/2025,2025-11-15,www.gensynfoundation.org,,,0,,,www.gensynfoundation.org,1,8898f6a38269,pdf,hop,pdf,5fa2533e997171c5aa2c886c142aa497032674f7258f3a141999f16a8e6c8af5,gensyn.network,https://gensyn.network/docs/terms-of-service.pdf,,,,,,,,,,,,,,,,1
OTHER,220,0,unchanged,0,FR,17/12/2025,2025-12-17,https://docs.spectra.finance/,,,0,,,docs.spectra.finance,1,7c6b8921d6b2,html,direct,html,31eb87b161eba9db242173f0bff5f7ede7947759ea2fdd1c9ad3161d4077b92f,docs.spectra.finance,https://docs.spectra.finance/,,,,,,,,,,,,,,,,1
OTHER,221,1,new,0,FR,10/02/2026,2026-02-10,https://tari.com/mica-whitepaper,,,0,,,tari.com,1,cc6c6a1693a2,pdf,hop,pdf,44f97c96ae81791a712713bae25a69660878b1fe7c0bbf844c0feeaad3d6c4c1,tari.com,https://tari.com/wxtm-whitepaper-mica.pdf,,,,,,,,,,,,,,,,0
OTHER,222,1,new,0,FR,19/02/2026,2026-02-19,https://www.caneb.io/,894500CVAKEC2LVTRR77,,0,,,www.caneb.io,1,c9d819d783ed,pdf,hop,pdf,abab9a8835cc9a7cbbfa6ebbc06795426d80f2f97a2408e7f864016a0dabe553,www.caneb.io,https://www.caneb.io/whitepapers/annonce-site-20-jours.pdf,,,,,,,,,,,,,,ISSUED/ACTIVE,,0
OTHER,223,1,new,0,FR,23/04/2026,2026-04-23,https://morpho.org/,,,1,,CH7NXRXR1,morpho.org,1,ae9bdcdfc14d,html,direct,html,966dc0ebd59fb971e5c58162493ece4b0e1b251e9a1e893b32969524da47efdb,morpho.org,https://morpho.org/,,,,,,,,,,,,,,,,0
OTHER,224,1,new,0,FR,30/04/2026,2026-04-30,https://nexus.xyz/,,,1,XLL8PR2DF,JKTWL7Q74,nexus.xyz,1,1225354fec86,html,direct,html,a2a889cbcfb42866dfb484cc9f16938e4baeb4fccfca985125315298c5cc62db,nexus.xyz,https://nexus.xyz/,,,,,,,,,,,,,,,,1
OTHER,225,1,new,0,FR,30/04/2026,2026-04-30,https://nexus.xyz/,,9845003D98SCC2851458,1,XLL8PR2DF,JKTWL7Q74,nexus.xyz,1,1225354fec86,html,direct,html,a2a889cbcfb42866dfb484cc9f16938e4baeb4fccfca985125315298c5cc62db,nexus.xyz,https://nexus.xyz/,,,,,,,,,,,,,,,,1
OTHER,226,1,new,0,FR,13/05/2026,2026-05-13,https://nexus.xyz/,,9845003D98SCC2851458,1,XLL8PR2DF,JKTWL7Q74,nexus.xyz,1,1225354fec86,html,direct,html,a2a889cbcfb42866dfb484cc9f16938e4baeb4fccfca985125315298c5cc62db,nexus.xyz,https://nexus.xyz/,,,,,,,,,,,,,,,,1
OTHER,227,1,new,0,FR,10/07/2026,2026-07-10,https://swissborg.com,98450076F74I01068E36,969500PZJWT3TD1SUI59,1,9DDKPFN21,B7J7BBMGQ,swissborg.com,1,f095a14c800d,html,direct,html,bd9e77f162a74bd3154f6aecc713f09502c3fde814938845ecca6bc308611b3f,swissborg.com,https://swissborg.com,,,,,,,,,,,,,,ISSUED/ACTIVE,,0
OTHER,228,1,new,0,FR,10/07/2026,2026-07-10,https://www.tcg-vault.io/livre-blanc-mica,969500KK0TSBYUUU4J76,,0,JXMNT9K0D|S99M448FG,4KWQVDQ6P,www.tcg-vault.io,1,1d5a22167603,html,direct,html,5a25e350b1d365a5d684f2433918a633296da6346d1380978649c0954534e1ec,www.tcg-vault.io,https://www.tcg-vault.io/fr/documents/livre-blanc-mica,,,,,,,,,,,,,,ISSUED/ACTIVE,,0
OTHER,229,1,new,0,FR,08/09/2026,2026-09-08,https://www.qait.ch,5067001DQEI95H25MM62,,1,8604J90R6,N9RQ7Z8F5,www.qait.ch,1,c779454b9327,html,direct,html,e084a79bdf9d887acdbee3514601a1b15ea4bf570661053471749da67777656d,www.qait.ch,https://www.qait.ch,,,,,,,,,,,,,,ISSUED/ACTIVE,,0
OTHER,230,1,new,0,HR,27/04/2026,2026-04-27,https://www.whiteh2coin.com,485100NR2GRPX7PLCD93,,0,,T86P5K813,www.whiteh2coin.com,1,83604db6078c,html,direct,html,88740bbda38fb7eaec7e7adbd33cf4eee3642d84a261e3ec65ec7d56e64a173c,www.whiteh2coin.com,https://www.whiteh2coin.com,,,,,,,,,,,,,,ISSUED/ACTIVE,,0
OTHER,231,0,unchanged,0,IE,13/03/2025,2025-03-13,https://vechain.org/legal-and-policy/,5299001UWKNB61VZCT67,,0,,,vechain.org,1,6f4e8f058d34,pdf,hop,pdf,eb8cc1c699c71a78a9b8dbfcc0fa91a91b6c0414aae57d67ec19fc7c5dabf7f1,files.vebetter.com,https://files.vebetter.com/vebetterdaocontainer/VeBetter_Whitepaper_v2-OCR.pdf,,,,,,,,,,,,,,ISSUED/ACTIVE,,0
OTHER,232,0,unchanged,0,IE,13/03/2025,2025-03-13,https://vechain.org/legal-and-policy/,5299001UWKNB61VZCT67,,0,,,vechain.org,1,6f4e8f058d34,pdf,hop,pdf,eb8cc1c699c71a78a9b8dbfcc0fa91a91b6c0414aae57d67ec19fc7c5dabf7f1,files.vebetter.com,https://files.vebetter.com/vebetterdaocontainer/VeBetter_Whitepaper_v2-OCR.pdf,,,,,,,,,,,,,,ISSUED/ACTIVE,,0
OTHER,233,0,unchanged,0,IE,24/03/2025,2025-03-24,https://www.gizaprotocol.ai/mica.pdf,,,0,,,www.gizaprotocol.ai,1,42a133906447,pdf,direct,pdf,cd8fd16cc6d6d790b676640229de7fc08ee5d23984ee98e667e9a657e4d6e286,gizaprotocol.ai,https://gizaprotocol.ai/mica.pdf,,,,,,,,,,,,,,,,0
OTHER,234,0,unchanged,0,IE,01/04/2025,2025-04-01,https://console.impossiblecloud.com/static/icn/250325_ICNT_White_Paper_CBI_Notification_(ID_3219157).pdf,,,0,,,console.impossiblecloud.com,1,832b7ccd0be1,pdf,direct,pdf,8818e00d240b15662548ed3e2e23c1b968407b13d8b1a1575de679b39b91ce61,console.impossiblecloud.com,https://console.impossiblecloud.com/static/icn/250325_ICNT_White_Paper_CBI_Notification_(ID_3219157).pdf,,,,,,,,,,,,,,,,0
OTHER,235,0,unchanged,0,IE,24/04/2025,2025-04-24,https://subspace.foundation/ai3-mica-whitepaper,,,0,,,subspace.foundation,1,f8fca5e8f0cf,pdf,direct,pdf,c00626776f27be265f860d0c395f44365ad1cbf24b5e15bff1abbc25e10848c5,gateway.autonomys.xyz,https://gateway.autonomys.xyz/file/bafkr6ihkeqdvo7reia3375xdd3os4q7j5qiicvn24u6fqmozjahsabebri,,,,,,,,,,,,,,,,0
OTHER,236,0,unchanged,0,IE,20/05/2025,2025-05-20,http://sqd.ai/mica,,,0,,,sqd.ai,1,bdf342e0cd36,pdf,direct,pdf,1aaa6c491fc7e4aa2751a57f14ee74a491022f89442479e5ccedaed936d82c13,sqd.dev,https://sqd.dev/files/sqd-mica-whitepaper.pdf,,,,,,,,,,,,,,,,0
OTHER,237,0,unchanged,0,IE,03/06/2025,2025-06-03,www.walrus.xyz/wal-token/mica,,,0,,,www.walrus.xyz,1,1227595c5be7,http-error,direct,http-error,bb089264a4e4b442f6ae965cc51c0c941e575a33789f28322caaa7ea87382ef9,walrus.xyz,https://walrus.xyz/wal-token/mica/,,,,,,,,,,,,,,,,0
OTHER,238,0,unchanged,0,IE,05/06/2025,2025-06-05,https://docs.defi.app/knowledge-base/reference/audits,,,0,,,docs.defi.app,1,bac098000e19,html,direct,html,065a0d57d674f26ccb7d65d69baa6cf8508cd5ca602988e70c2d9c93de97233a,docs.defi.app,https://docs.defi.app/knowledge-base/reference/audits,,,,,,,,,,,,,,,,0
OTHER,239,0,unchanged,0,IE,12/06/2025,2025-06-12,https://assets-cms.kraken.com/files/51n36hrp/facade/b3e9c34487d21636dc43c7b29e2bafde18eebe92.pdf?_gl=1*4wh0jy*_gcl_au*MTcxOTgwMTU0NC4xNzUwMDk4MDIx*_ga*MTc4ODAyNDUxNC4xNzUwMDk4MDIx*_ga_5MVYWBPCBE*czE3NTI0ODU0MDYkbzExJGcxJHQxNzUyNDg2MTk1JGo2MCRsMCRoMA..,,9845003D98SCC2851458,1,,,assets-cms.kraken.com,1,14df0ca8a743,pdf,direct,pdf,d46dbf627296400d7e41c6f2d0a571ca4f4c7b063497d908d6e665bcc3a3ef30,assets-cms.kraken.com,https://assets-cms.kraken.com/files/51n36hrp/facade/b3e9c34487d21636dc43c7b29e2bafde18eebe92.pdf?_gl=1*4wh0jy*_gcl_au*MTcxOTgwMTU0NC4xNzUwMDk4MDIx*_ga*MTc4ODAyNDUxNC4xNzUwMDk4MDIx*_ga_5MVYWBPCBE*czE3NTI0ODU0MDYkbzExJGcxJHQxNzUyNDg2MTk1JGo2MCRsMCRoMA..,,,,,,,,,,,,,,,,0
OTHER,240,0,unchanged,0,IE,12/06/2025,2025-06-12,https://assets-cms.kraken.com/files/51n36hrp/facade/3c23484b450dff6bba33cd0a160e3d10db9cfc27.pdf?_gl=1*8j89i9*_gcl_au*MTcxOTgwMTU0NC4xNzUwMDk4MDIx*_ga*MTc4ODAyNDUxNC4xNzUwMDk4MDIx*_ga_5MVYWBPCBE*czE3NTI0ODU0MDYkbzExJGcxJHQxNzUyNDg1NzQxJGo2MCRsMCRoMA..,,9845003D98SCC2851458,1,,,assets-cms.kraken.com,1,4e1248d57700,pdf,direct,pdf,b60cc567035d097d63fe079cb88dccb4a30e5debfa41575761abc151f3aa9286,assets-cms.kraken.com,https://assets-cms.kraken.com/files/51n36hrp/facade/3c23484b450dff6bba33cd0a160e3d10db9cfc27.pdf?_gl=1*8j89i9*_gcl_au*MTcxOTgwMTU0NC4xNzUwMDk4MDIx*_ga*MTc4ODAyNDUxNC4xNzUwMDk4MDIx*_ga_5MVYWBPCBE*czE3NTI0ODU0MDYkbzExJGcxJHQxNzUyNDg1NzQxJGo2MCRsMCRoMA..,,,,,,,,,,,,,,,,0
OTHER,241,0,unchanged,0,IE,12/06/2025,2025-06-12,https://assets-cms.kraken.com/files/51n36hrp/facade/057858acf9513fa6c2adde4b8fc34a2b46542cac.pdf?_gl=1*19hi82m*_gcl_au*MTcxOTgwMTU0NC4xNzUwMDk4MDIx*_ga*MTc4ODAyNDUxNC4xNzUwMDk4MDIx*_ga_5MVYWBPCBE*czE3NTI0ODU0MDYkbzExJGcxJHQxNzUyNDg2MTk1JGo2MCRsMCRoMA..,,9845003D98SCC2851458,1,,,assets-cms.kraken.com,1,b32c1e503890,pdf,direct,pdf,5a722d527608411087bb955467255afd66ea6afad8f51276a74fb4d98cac2ca7,assets-cms.kraken.com,https://assets-cms.kraken.com/files/51n36hrp/facade/057858acf9513fa6c2adde4b8fc34a2b46542cac.pdf?_gl=1*19hi82m*_gcl_au*MTcxOTgwMTU0NC4xNzUwMDk4MDIx*_ga*MTc4ODAyNDUxNC4xNzUwMDk4MDIx*_ga_5MVYWBPCBE*czE3NTI0ODU0MDYkbzExJGcxJHQxNzUyNDg2MTk1JGo2MCRsMCRoMA..,,,,,,,,,,,,,,,,0
OTHER,242,0,unchanged,0,IE,12/06/2025,2025-06-12,https://assets-cms.kraken.com/files/51n36hrp/facade/50d26048ea357f6c90a533ca75aa9fb1a572548c.pdf?_gl=1*1he22u7*_gcl_au*MTcxOTgwMTU0NC4xNzUwMDk4MDIx*_ga*MTc4ODAyNDUxNC4xNzUwMDk4MDIx*_ga_5MVYWBPCBE*czE3NTI0ODU0MDYkbzExJGcxJHQxNzUyNDg2MTk1JGo2MCRsMCRoMA..,,9845003D98SCC2851458,1,,,assets-cms.kraken.com,1,0dc1db6623e9,pdf,direct,pdf,89a1be6a54460c321bf4a9356a52e81628da85812085603b149dd2331ab67bb1,assets-cms.kraken.com,https://assets-cms.kraken.com/files/51n36hrp/facade/50d26048ea357f6c90a533ca75aa9fb1a572548c.pdf?_gl=1*1he22u7*_gcl_au*MTcxOTgwMTU0NC4xNzUwMDk4MDIx*_ga*MTc4ODAyNDUxNC4xNzUwMDk4MDIx*_ga_5MVYWBPCBE*czE3NTI0ODU0MDYkbzExJGcxJHQxNzUyNDg2MTk1JGo2MCRsMCRoMA..,,,,,,,,,,,,,,,,0
OTHER,243,0,unchanged,0,IE,12/06/2025,2025-06-12,https://assets-cms.kraken.com/files/51n36hrp/facade/0e20993362fd117f583c1c8012961cc5fcd54d21.pdf?_gl=1*fajgoj*_gcl_au*MTcxOTgwMTU0NC4xNzUwMDk4MDIx*_ga*MTc4ODAyNDUxNC4xNzUwMDk4MDIx*_ga_5MVYWBPCBE*czE3NTI0ODU0MDYkbzExJGcxJHQxNzUyNDg2MTk1JGo2MCRsMCRoMA..,,9845003D98SCC2851458,1,,,assets-cms.kraken.com,1,ac32983d4a77,pdf,direct,pdf,92da31adef249f7e4e771d02f4acd3107951b93d61cf458d68e6961c3d5ac22b,assets-cms.kraken.com,https://assets-cms.kraken.com/files/51n36hrp/facade/0e20993362fd117f583c1c8012961cc5fcd54d21.pdf?_gl=1*fajgoj*_gcl_au*MTcxOTgwMTU0NC4xNzUwMDk4MDIx*_ga*MTc4ODAyNDUxNC4xNzUwMDk4MDIx*_ga_5MVYWBPCBE*czE3NTI0ODU0MDYkbzExJGcxJHQxNzUyNDg2MTk1JGo2MCRsMCRoMA..,,,,,,,,,,,,,,,,0
OTHER,244,0,unchanged,0,IE,12/06/2025,2025-06-12,https://assets-cms.kraken.com/files/51n36hrp/facade/8eb60af8df15ce842790f51f08a57b8c2e33cde8.pdf?_gl=1*1s1yi1u*_gcl_au*MTcxOTgwMTU0NC4xNzUwMDk4MDIx*_ga*MTc4ODAyNDUxNC4xNzUwMDk4MDIx*_ga_5MVYWBPCBE*czE3NTI0ODU0MDYkbzExJGcxJHQxNzUyNDg2MTk1JGo2MCRsMCRoMA..,,9845003D98SCC2851458,1,,,assets-cms.kraken.com,1,f94f5cc1c498,pdf,direct,pdf,485641ee427b82cd44fe154f1f4fca0f396f20ece1d59542ec936be951594656,assets-cms.kraken.com,https://assets-cms.kraken.com/files/51n36hrp/facade/8eb60af8df15ce842790f51f08a57b8c2e33cde8.pdf?_gl=1*1s1yi1u*_gcl_au*MTcxOTgwMTU0NC4xNzUwMDk4MDIx*_ga*MTc4ODAyNDUxNC4xNzUwMDk4MDIx*_ga_5MVYWBPCBE*czE3NTI0ODU0MDYkbzExJGcxJHQxNzUyNDg2MTk1JGo2MCRsMCRoMA..,,,,,,,,,,,,,,,,0
OTHER,245,0,unchanged,0,IE,12/06/2025,2025-06-12,https://assets-cms.kraken.com/files/51n36hrp/facade/54a3f3cc17421d8af907934540727cfe36805766.pdf?_gl=1*15hw156*_gcl_au*MTcxOTgwMTU0NC4xNzUwMDk4MDIx*_ga*MTc4ODAyNDUxNC4xNzUwMDk4MDIx*_ga_5MVYWBPCBE*czE3NTI0ODU0MDYkbzExJGcxJHQxNzUyNDg1NzQxJGo2MCRsMCRoMA..,,9845003D98SCC2851458,1,,,assets-cms.kraken.com,1,99f5049d9e25,pdf,direct,pdf,cd43340a1aa4923fa6808f7e2ee5d8cb444c36b93d0c6acb8a9b10b235f01260,assets-cms.kraken.com,https://assets-cms.kraken.com/files/51n36hrp/facade/54a3f3cc17421d8af907934540727cfe36805766.pdf?_gl=1*15hw156*_gcl_au*MTcxOTgwMTU0NC4xNzUwMDk4MDIx*_ga*MTc4ODAyNDUxNC4xNzUwMDk4MDIx*_ga_5MVYWBPCBE*czE3NTI0ODU0MDYkbzExJGcxJHQxNzUyNDg1NzQxJGo2MCRsMCRoMA..,,,,,,,,,,,,,,,,0
OTHER,246,0,unchanged,0,IE,12/06/2025,2025-06-12,https://assets-cms.kraken.com/files/51n36hrp/facade/eb4c92ac50be2e274f36e207d1d4864fa72ae19b.pdf,,9845003D98SCC2851458,1,,,assets-cms.kraken.com,1,b261dbc84b9d,pdf,direct,pdf,cab0ae09f069af7195b5a1fa6d6f177d6d26929907e2967b73b6261def85a813,assets-cms.kraken.com,https://assets-cms.kraken.com/files/51n36hrp/facade/eb4c92ac50be2e274f36e207d1d4864fa72ae19b.pdf,,,,,,,,,,,,,,,,0
OTHER,247,0,unchanged,0,IE,12/06/2025,2025-06-12,https://assets-cms.kraken.com/files/51n36hrp/facade/1abbe6600c3d8fdd784a7655393b4794615527d0.pdf?_gl=1*27yvaq*_gcl_au*MTcxOTgwMTU0NC4xNzUwMDk4MDIx*_ga*MTc4ODAyNDUxNC4xNzUwMDk4MDIx*_ga_5MVYWBPCBE*czE3NTI0ODU0MDYkbzExJGcxJHQxNzUyNDg1NzQxJGo2MCRsMCRoMA..,,9845003D98SCC2851458,1,,,assets-cms.kraken.com,1,c86f1b166d36,pdf,direct,pdf,700cde2cf35cbe8d056ecc4c1ed4f96d5f9115ed805b8c65eaead0ce24970a3f,assets-cms.kraken.com,https://assets-cms.kraken.com/files/51n36hrp/facade/1abbe6600c3d8fdd784a7655393b4794615527d0.pdf?_gl=1*27yvaq*_gcl_au*MTcxOTgwMTU0NC4xNzUwMDk4MDIx*_ga*MTc4ODAyNDUxNC4xNzUwMDk4MDIx*_ga_5MVYWBPCBE*czE3NTI0ODU0MDYkbzExJGcxJHQxNzUyNDg1NzQxJGo2MCRsMCRoMA..,,,,,,,,,,,,,,,,0
OTHER,248,0,unchanged,0,IE,12/06/2025,2025-06-12,https://assets-cms.kraken.com/files/51n36hrp/facade/17785f632ff556d95f114528543ed364bf05511f.pdf?_gl=1*8j89i9*_gcl_au*MTcxOTgwMTU0NC4xNzUwMDk4MDIx*_ga*MTc4ODAyNDUxNC4xNzUwMDk4MDIx*_ga_5MVYWBPCBE*czE3NTI0ODU0MDYkbzExJGcxJHQxNzUyNDg1NzQxJGo2MCRsMCRoMA..,,9845003D98SCC2851458,1,,,assets-cms.kraken.com,1,22e86a20dd84,pdf,direct,pdf,4f98f374d4e172e88b215ee33b95186b08774c3eb80fee647e7dcc509c7e5dda,assets-cms.kraken.com,https://assets-cms.kraken.com/files/51n36hrp/facade/17785f632ff556d95f114528543ed364bf05511f.pdf?_gl=1*8j89i9*_gcl_au*MTcxOTgwMTU0NC4xNzUwMDk4MDIx*_ga*MTc4ODAyNDUxNC4xNzUwMDk4MDIx*_ga_5MVYWBPCBE*czE3NTI0ODU0MDYkbzExJGcxJHQxNzUyNDg1NzQxJGo2MCRsMCRoMA..,,,,,,,,,,,,,,,,0
OTHER,249,0,unchanged,0,IE,12/06/2025,2025-06-12,https://assets-cms.kraken.com/files/51n36hrp/facade/cb1af785f2912eebff78b2ede4594aae6e7dfb3c.pdf?_gl=1*kiujl6*_gcl_au*MTcxOTgwMTU0NC4xNzUwMDk4MDIx*_ga*MTc4ODAyNDUxNC4xNzUwMDk4MDIx*_ga_5MVYWBPCBE*czE3NTI0ODU0MDYkbzExJGcxJHQxNzUyNDg1NzQxJGo2MCRsMCRoMA..,,9845003D98SCC2851458,1,,,assets-cms.kraken.com,1,6bf2e2f46186,pdf,direct,pdf,8bb0c1a604c82f69d76f4c122fa2fd203a102f0b3a83b629e6b3288839d40f57,assets-cms.kraken.com,https://assets-cms.kraken.com/files/51n36hrp/facade/cb1af785f2912eebff78b2ede4594aae6e7dfb3c.pdf?_gl=1*kiujl6*_gcl_au*MTcxOTgwMTU0NC4xNzUwMDk4MDIx*_ga*MTc4ODAyNDUxNC4xNzUwMDk4MDIx*_ga_5MVYWBPCBE*czE3NTI0ODU0MDYkbzExJGcxJHQxNzUyNDg1NzQxJGo2MCRsMCRoMA..,,,,,,,,,,,,,,,,0
OTHER,250,0,unchanged,0,IE,12/06/2025,2025-06-12,https://assets-cms.kraken.com/files/51n36hrp/facade/fa29aa9bad855e904fd585717fde45f3bfe61aca.pdf?_gl=1*b1hxne*_gcl_au*MTcxOTgwMTU0NC4xNzUwMDk4MDIx*_ga*MTc4ODAyNDUxNC4xNzUwMDk4MDIx*_ga_5MVYWBPCBE*czE3NTI0ODU0MDYkbzExJGcxJHQxNzUyNDg1NzQxJGo2MCRsMCRoMA..,,9845003D98SCC2851458,1,,,assets-cms.kraken.com,1,8abd0bd732fa,pdf,direct,pdf,9171e231b622235e503192dd74d2072c62eb8abac9a501d704da9a651adfa409,assets-cms.kraken.com,https://assets-cms.kraken.com/files/51n36hrp/facade/fa29aa9bad855e904fd585717fde45f3bfe61aca.pdf?_gl=1*b1hxne*_gcl_au*MTcxOTgwMTU0NC4xNzUwMDk4MDIx*_ga*MTc4ODAyNDUxNC4xNzUwMDk4MDIx*_ga_5MVYWBPCBE*czE3NTI0ODU0MDYkbzExJGcxJHQxNzUyNDg1NzQxJGo2MCRsMCRoMA..,,,,,,,,,,,,,,,,0
OTHER,251,0,unchanged,0,IE,12/06/2025,2025-06-12,https://assets-cms.kraken.com/files/51n36hrp/facade/0add1afb90e8ef5bd7bcde967601a8004db73a47.pdf?_gl=1*b1hxne*_gcl_au*MTcxOTgwMTU0NC4xNzUwMDk4MDIx*_ga*MTc4ODAyNDUxNC4xNzUwMDk4MDIx*_ga_5MVYWBPCBE*czE3NTI0ODU0MDYkbzExJGcxJHQxNzUyNDg1NzQxJGo2MCRsMCRoMA..,,9845003D98SCC2851458,1,,,assets-cms.kraken.com,1,5944a10e1564,pdf,direct,pdf,ec064f1c2d5cebef1511927f453f8303962cecb5d6aaa4c33446b738d5f4c9f3,assets-cms.kraken.com,https://assets-cms.kraken.com/files/51n36hrp/facade/0add1afb90e8ef5bd7bcde967601a8004db73a47.pdf?_gl=1*b1hxne*_gcl_au*MTcxOTgwMTU0NC4xNzUwMDk4MDIx*_ga*MTc4ODAyNDUxNC4xNzUwMDk4MDIx*_ga_5MVYWBPCBE*czE3NTI0ODU0MDYkbzExJGcxJHQxNzUyNDg1NzQxJGo2MCRsMCRoMA..,,,,,,,,,,,,,,,,0
OTHER,252,0,unchanged,0,IE,12/06/2025,2025-06-12,https://assets-cms.kraken.com/files/51n36hrp/facade/917b704a23ea0c8893adff5dc63d37570a578826.pdf?_gl=1*b1hxne*_gcl_au*MTcxOTgwMTU0NC4xNzUwMDk4MDIx*_ga*MTc4ODAyNDUxNC4xNzUwMDk4MDIx*_ga_5MVYWBPCBE*czE3NTI0ODU0MDYkbzExJGcxJHQxNzUyNDg1NzQxJGo2MCRsMCRoMA..,,9845003D98SCC2851458,1,,,assets-cms.kraken.com,1,0e767ebde898,pdf,direct,pdf,4e4b5d657f8b52cc7aaac3eb4fbaa1a6bc411cf169cf4105438f6a3253c4958e,assets-cms.kraken.com,https://assets-cms.kraken.com/files/51n36hrp/facade/917b704a23ea0c8893adff5dc63d37570a578826.pdf?_gl=1*b1hxne*_gcl_au*MTcxOTgwMTU0NC4xNzUwMDk4MDIx*_ga*MTc4ODAyNDUxNC4xNzUwMDk4MDIx*_ga_5MVYWBPCBE*czE3NTI0ODU0MDYkbzExJGcxJHQxNzUyNDg1NzQxJGo2MCRsMCRoMA..,,,,,,,,,,,,,,,,0
OTHER,253,0,unchanged,0,IE,12/06/2025,2025-06-12,https://assets-cms.kraken.com/files/51n36hrp/facade/32417c7a8483e455cf17b126adfeadf7fb785a42.pdf?_gl=1*15hw156*_gcl_au*MTcxOTgwMTU0NC4xNzUwMDk4MDIx*_ga*MTc4ODAyNDUxNC4xNzUwMDk4MDIx*_ga_5MVYWBPCBE*czE3NTI0ODU0MDYkbzExJGcxJHQxNzUyNDg1NzQxJGo2MCRsMCRoMA..,,9845003D98SCC2851458,1,,,assets-cms.kraken.com,1,f74b88a0f53f,pdf,direct,pdf,9600932578a473a9190892937c5cebf36e48a7d836799ad4a2234705ab1a2919,assets-cms.kraken.com,https://assets-cms.kraken.com/files/51n36hrp/facade/32417c7a8483e455cf17b126adfeadf7fb785a42.pdf?_gl=1*15hw156*_gcl_au*MTcxOTgwMTU0NC4xNzUwMDk4MDIx*_ga*MTc4ODAyNDUxNC4xNzUwMDk4MDIx*_ga_5MVYWBPCBE*czE3NTI0ODU0MDYkbzExJGcxJHQxNzUyNDg1NzQxJGo2MCRsMCRoMA..,,,,,,,,,,,,,,,,0
OTHER,254,0,unchanged,0,IE,12/06/2025,2025-06-12,https://assets-cms.kraken.com/files/51n36hrp/facade/3b4d9241e510bc417427e11e82177a987f30be1f.pdf?_gl=1*4wh0jy*_gcl_au*MTcxOTgwMTU0NC4xNzUwMDk4MDIx*_ga*MTc4ODAyNDUxNC4xNzUwMDk4MDIx*_ga_5MVYWBPCBE*czE3NTI0ODU0MDYkbzExJGcxJHQxNzUyNDg2MTk1JGo2MCRsMCRoMA..,,9845003D98SCC2851458,1,,,assets-cms.kraken.com,1,2fa7e9cadc5c,pdf,direct,pdf,3dcf319105b5e4e74130bff75dc4da675d4be0fb931583bebef59b4a16f28d41,assets-cms.kraken.com,https://assets-cms.kraken.com/files/51n36hrp/facade/3b4d9241e510bc417427e11e82177a987f30be1f.pdf?_gl=1*4wh0jy*_gcl_au*MTcxOTgwMTU0NC4xNzUwMDk4MDIx*_ga*MTc4ODAyNDUxNC4xNzUwMDk4MDIx*_ga_5MVYWBPCBE*czE3NTI0ODU0MDYkbzExJGcxJHQxNzUyNDg2MTk1JGo2MCRsMCRoMA..,,,,,,,,,,,,,,,,0
OTHER,255,0,unchanged,0,IE,12/06/2025,2025-06-12,https://assets-cms.kraken.com/files/51n36hrp/facade/b2321ef50c85501d1d0c19fc249c5a43111fb8a5.pdf?_gl=1*1l3ygku*_gcl_au*MTcxOTgwMTU0NC4xNzUwMDk4MDIx*_ga*MTc4ODAyNDUxNC4xNzUwMDk4MDIx*_ga_5MVYWBPCBE*czE3NTI0ODU0MDYkbzExJGcxJHQxNzUyNDg2MTk1JGo2MCRsMCRoMA..,,9845003D98SCC2851458,1,,,assets-cms.kraken.com,1,678cd7b84e5c,pdf,direct,pdf,ed6672cc8be3c05a8cc4ced3dfa4cd7d111fc8ad487fb670683a85d101a13340,assets-cms.kraken.com,https://assets-cms.kraken.com/files/51n36hrp/facade/b2321ef50c85501d1d0c19fc249c5a43111fb8a5.pdf?_gl=1*1l3ygku*_gcl_au*MTcxOTgwMTU0NC4xNzUwMDk4MDIx*_ga*MTc4ODAyNDUxNC4xNzUwMDk4MDIx*_ga_5MVYWBPCBE*czE3NTI0ODU0MDYkbzExJGcxJHQxNzUyNDg2MTk1JGo2MCRsMCRoMA..,,,,,,,,,,,,,,,,0
OTHER,256,0,unchanged,0,IE,12/06/2025,2025-06-12,https://assets-cms.kraken.com/files/51n36hrp/facade/3e79cc3331216dde1e25ec47c5a3d1a0d6a4ccb0.pdf?_gl=1*1e9sl1p*_gcl_au*MTcxOTgwMTU0NC4xNzUwMDk4MDIx*_ga*MTc4ODAyNDUxNC4xNzUwMDk4MDIx*_ga_5MVYWBPCBE*czE3NTI0ODU0MDYkbzExJGcxJHQxNzUyNDg2MTk1JGo2MCRsMCRoMA..,,9845003D98SCC2851458,1,,,assets-cms.kraken.com,1,aaccde6ed4e2,pdf,direct,pdf,89b2c1960f16b1b1e1da7389b4d63217b3e13fdd07f032dbe19f45ad3cb9a374,assets-cms.kraken.com,https://assets-cms.kraken.com/files/51n36hrp/facade/3e79cc3331216dde1e25ec47c5a3d1a0d6a4ccb0.pdf?_gl=1*1e9sl1p*_gcl_au*MTcxOTgwMTU0NC4xNzUwMDk4MDIx*_ga*MTc4ODAyNDUxNC4xNzUwMDk4MDIx*_ga_5MVYWBPCBE*czE3NTI0ODU0MDYkbzExJGcxJHQxNzUyNDg2MTk1JGo2MCRsMCRoMA..,,,,,,,,,,,,,,,,0
OTHER,257,0,unchanged,0,IE,12/06/2025,2025-06-12,https://assets-cms.kraken.com/files/51n36hrp/facade/5c61c6e158c4f55b8ab26447ee04b1e4ea707dbe.pdf?_gl=1*1e9sl1p*_gcl_au*MTcxOTgwMTU0NC4xNzUwMDk4MDIx*_ga*MTc4ODAyNDUxNC4xNzUwMDk4MDIx*_ga_5MVYWBPCBE*czE3NTI0ODU0MDYkbzExJGcxJHQxNzUyNDg2MTk1JGo2MCRsMCRoMA..,,9845003D98SCC2851458,1,,,assets-cms.kraken.com,1,52a2ea0640a4,pdf,direct,pdf,20ccc4814840c03f324b2038ddb1919ad25a64df21d99b0aa0255b3932fa885d,assets-cms.kraken.com,https://assets-cms.kraken.com/files/51n36hrp/facade/5c61c6e158c4f55b8ab26447ee04b1e4ea707dbe.pdf?_gl=1*1e9sl1p*_gcl_au*MTcxOTgwMTU0NC4xNzUwMDk4MDIx*_ga*MTc4ODAyNDUxNC4xNzUwMDk4MDIx*_ga_5MVYWBPCBE*czE3NTI0ODU0MDYkbzExJGcxJHQxNzUyNDg2MTk1JGo2MCRsMCRoMA..,,,,,,,,,,,,,,,,0
OTHER,258,0,unchanged,0,IE,12/06/2025,2025-06-12,https://assets-cms.kraken.com/files/51n36hrp/facade/8108d6c92c4893259ef400df38d49f11ac391314.pdf?_gl=1*nh8jw2*_gcl_au*MTcxOTgwMTU0NC4xNzUwMDk4MDIx*_ga*MTc4ODAyNDUxNC4xNzUwMDk4MDIx*_ga_5MVYWBPCBE*czE3NTI0ODU0MDYkbzExJGcxJHQxNzUyNDg2MTk1JGo2MCRsMCRoMA..,,9845003D98SCC2851458,1,,,assets-cms.kraken.com,1,ba2287b5c4b6,pdf,direct,pdf,23d36be8bacd2cf976b41ef1dc8cb2d3e6c1348edbc86b2515fd41761d34e3bb,assets-cms.kraken.com,https://assets-cms.kraken.com/files/51n36hrp/facade/8108d6c92c4893259ef400df38d49f11ac391314.pdf?_gl=1*nh8jw2*_gcl_au*MTcxOTgwMTU0NC4xNzUwMDk4MDIx*_ga*MTc4ODAyNDUxNC4xNzUwMDk4MDIx*_ga_5MVYWBPCBE*czE3NTI0ODU0MDYkbzExJGcxJHQxNzUyNDg2MTk1JGo2MCRsMCRoMA..,,,,,,,,,,,,,,,,0
OTHER,259,0,unchanged,0,IE,12/06/2025,2025-06-12,https://assets-cms.kraken.com/files/51n36hrp/facade/3bd9db0b926a771df7af4a2376fe3b34ef4a88c1.pdf?_gl=1*1s1yi1u*_gcl_au*MTcxOTgwMTU0NC4xNzUwMDk4MDIx*_ga*MTc4ODAyNDUxNC4xNzUwMDk4MDIx*_ga_5MVYWBPCBE*czE3NTI0ODU0MDYkbzExJGcxJHQxNzUyNDg2MTk1JGo2MCRsMCRoMA..,,9845003D98SCC2851458,1,,,assets-cms.kraken.com,1,2b000df20cae,pdf,direct,pdf,6901d4c362794ce0097e48cf78b0b00179728c3210d4d634b005ed798cd1c133,assets-cms.kraken.com,https://assets-cms.kraken.com/files/51n36hrp/facade/3bd9db0b926a771df7af4a2376fe3b34ef4a88c1.pdf?_gl=1*1s1yi1u*_gcl_au*MTcxOTgwMTU0NC4xNzUwMDk4MDIx*_ga*MTc4ODAyNDUxNC4xNzUwMDk4MDIx*_ga_5MVYWBPCBE*czE3NTI0ODU0MDYkbzExJGcxJHQxNzUyNDg2MTk1JGo2MCRsMCRoMA..,,,,,,,,,,,,,,,,0
OTHER,260,0,unchanged,0,IE,12/06/2025,2025-06-12,https://assets-cms.kraken.com/files/51n36hrp/facade/aefffcaf168492316a93c72b69a3cbf8793c9e2c.pdf?_gl=1*fajgoj*_gcl_au*MTcxOTgwMTU0NC4xNzUwMDk4MDIx*_ga*MTc4ODAyNDUxNC4xNzUwMDk4MDIx*_ga_5MVYWBPCBE*czE3NTI0ODU0MDYkbzExJGcxJHQxNzUyNDg2MTk1JGo2MCRsMCRoMA..,,9845003D98SCC2851458,1,,,assets-cms.kraken.com,1,f0c566b30591,pdf,direct,pdf,df3e64ccb87844a8c866ea2c2c780622e234fc70d8f8b27beba0ce3b3925ad37,assets-cms.kraken.com,https://assets-cms.kraken.com/files/51n36hrp/facade/aefffcaf168492316a93c72b69a3cbf8793c9e2c.pdf?_gl=1*fajgoj*_gcl_au*MTcxOTgwMTU0NC4xNzUwMDk4MDIx*_ga*MTc4ODAyNDUxNC4xNzUwMDk4MDIx*_ga_5MVYWBPCBE*czE3NTI0ODU0MDYkbzExJGcxJHQxNzUyNDg2MTk1JGo2MCRsMCRoMA..,,,,,,,,,,,,,,,,0
OTHER,261,0,unchanged,0,IE,12/06/2025,2025-06-12,https://assets-cms.kraken.com/files/51n36hrp/facade/9bd42a0c0b94385f2e5e6898198b1a9d852414f9.pdf?_gl=1*fajgoj*_gcl_au*MTcxOTgwMTU0NC4xNzUwMDk4MDIx*_ga*MTc4ODAyNDUxNC4xNzUwMDk4MDIx*_ga_5MVYWBPCBE*czE3NTI0ODU0MDYkbzExJGcxJHQxNzUyNDg2MTk1JGo2MCRsMCRoMA..,,9845003D98SCC2851458,1,,,assets-cms.kraken.com,1,02f8d5f5944a,pdf,direct,pdf,9341921820a1e8e32e87d091b5b2ba6df1e4e822f7ad46e5853ed6e5d21602e3,assets-cms.kraken.com,https://assets-cms.kraken.com/files/51n36hrp/facade/9bd42a0c0b94385f2e5e6898198b1a9d852414f9.pdf?_gl=1*fajgoj*_gcl_au*MTcxOTgwMTU0NC4xNzUwMDk4MDIx*_ga*MTc4ODAyNDUxNC4xNzUwMDk4MDIx*_ga_5MVYWBPCBE*czE3NTI0ODU0MDYkbzExJGcxJHQxNzUyNDg2MTk1JGo2MCRsMCRoMA..,,,,,,,,,,,,,,,,0
OTHER,262,0,unchanged,0,IE,12/06/2025,2025-06-12,https://assets-cms.kraken.com/files/51n36hrp/facade/57bb8bec506dccfa1f6f3cc6b8134d7021519d4c.pdf?_gl=1*oqanlv*_gcl_au*MTcxOTgwMTU0NC4xNzUwMDk4MDIx*_ga*MTc4ODAyNDUxNC4xNzUwMDk4MDIx*_ga_5MVYWBPCBE*czE3NTI0ODU0MDYkbzExJGcxJHQxNzUyNDg2MTk1JGo2MCRsMCRoMA..,,9845003D98SCC2851458,1,,,assets-cms.kraken.com,1,efa73c3b2516,pdf,direct,pdf,b1be8069cb1faefaa46c76581081fe0bcb89377241bb6b2c0a649cb2118864a7,assets-cms.kraken.com,https://assets-cms.kraken.com/files/51n36hrp/facade/57bb8bec506dccfa1f6f3cc6b8134d7021519d4c.pdf?_gl=1*oqanlv*_gcl_au*MTcxOTgwMTU0NC4xNzUwMDk4MDIx*_ga*MTc4ODAyNDUxNC4xNzUwMDk4MDIx*_ga_5MVYWBPCBE*czE3NTI0ODU0MDYkbzExJGcxJHQxNzUyNDg2MTk1JGo2MCRsMCRoMA..,,,,,,,,,,,,,,,,0
OTHER,263,0,unchanged,0,IE,12/06/2025,2025-06-12,https://assets-cms.kraken.com/files/51n36hrp/facade/8925c17ce4475f49e8d0d3eba2217cd744980a15.pdf?_gl=1*oqanlv*_gcl_au*MTcxOTgwMTU0NC4xNzUwMDk4MDIx*_ga*MTc4ODAyNDUxNC4xNzUwMDk4MDIx*_ga_5MVYWBPCBE*czE3NTI0ODU0MDYkbzExJGcxJHQxNzUyNDg2MTk1JGo2MCRsMCRoMA..,,9845003D98SCC2851458,1,,,assets-cms.kraken.com,1,25471fb9bcdb,pdf,direct,pdf,b5a63471e9be2028625d465dd3462009ad28bc1170b221db85560b361e16be8c,assets-cms.kraken.com,https://assets-cms.kraken.com/files/51n36hrp/facade/8925c17ce4475f49e8d0d3eba2217cd744980a15.pdf?_gl=1*oqanlv*_gcl_au*MTcxOTgwMTU0NC4xNzUwMDk4MDIx*_ga*MTc4ODAyNDUxNC4xNzUwMDk4MDIx*_ga_5MVYWBPCBE*czE3NTI0ODU0MDYkbzExJGcxJHQxNzUyNDg2MTk1JGo2MCRsMCRoMA..,,,,,,,,,,,,,,,,0
OTHER,264,0,unchanged,0,IE,19/06/2025,2025-06-19,https://assets-cms.kraken.com/files/51n36hrp/facade/87d23270a5a77f27a4bed341bc96fa98ba67f37e.pdf?_gl=1*54v6qk*_gcl_au*MTcxOTgwMTU0NC4xNzUwMDk4MDIx*_ga*MTc4ODAyNDUxNC4xNzUwMDk4MDIx*_ga_5MVYWBPCBE*czE3NTI2ODY0MDIkbzE2JGcxJHQxNzUyNjkwMTAzJGoyNiRsMCRoMA..,,9845003D98SCC2851458,1,,,assets-cms.kraken.com,1,1f225a98158a,pdf,direct,pdf,a2eba3445481757885ab213fe156c2dd49509ed5b76ba58b93e3b18bbbed12ed,assets-cms.kraken.com,https://assets-cms.kraken.com/files/51n36hrp/facade/87d23270a5a77f27a4bed341bc96fa98ba67f37e.pdf?_gl=1*54v6qk*_gcl_au*MTcxOTgwMTU0NC4xNzUwMDk4MDIx*_ga*MTc4ODAyNDUxNC4xNzUwMDk4MDIx*_ga_5MVYWBPCBE*czE3NTI2ODY0MDIkbzE2JGcxJHQxNzUyNjkwMTAzJGoyNiRsMCRoMA..,,,,,,,,,,,,,,,,0
OTHER,265,0,unchanged,0,IE,19/06/2025,2025-06-19,https://assets-cms.kraken.com/files/51n36hrp/facade/76319ea9814ad139943620ce115f581a7a71b9b3.pdf?_gl=1*54v6qk*_gcl_au*MTcxOTgwMTU0NC4xNzUwMDk4MDIx*_ga*MTc4ODAyNDUxNC4xNzUwMDk4MDIx*_ga_5MVYWBPCBE*czE3NTI2ODY0MDIkbzE2JGcxJHQxNzUyNjkwMTAzJGoyNiRsMCRoMA..,,9845003D98SCC2851458,1,,,assets-cms.kraken.com,1,08b3daced28a,pdf,direct,pdf,bb7f40ce62fc3686ab3b59ebd179ef6b1f700708ad7114516498b092d6da14f7,assets-cms.kraken.com,https://assets-cms.kraken.com/files/51n36hrp/facade/76319ea9814ad139943620ce115f581a7a71b9b3.pdf?_gl=1*54v6qk*_gcl_au*MTcxOTgwMTU0NC4xNzUwMDk4MDIx*_ga*MTc4ODAyNDUxNC4xNzUwMDk4MDIx*_ga_5MVYWBPCBE*czE3NTI2ODY0MDIkbzE2JGcxJHQxNzUyNjkwMTAzJGoyNiRsMCRoMA..,,,,,,,,,,,,,,,,0
OTHER,266,0,unchanged,0,IE,19/06/2025,2025-06-19,https://assets-cms.kraken.com/files/51n36hrp/facade/40b11c0baf20415e63a3437aa18613c4234ed2af.pdf?_gl=1*1i6kp3h*_gcl_au*MTcxOTgwMTU0NC4xNzUwMDk4MDIx*_ga*MTc4ODAyNDUxNC4xNzUwMDk4MDIx*_ga_5MVYWBPCBE*czE3NTI2ODY0MDIkbzE2JGcxJHQxNzUyNjkwMTAzJGoyNiRsMCRoMA..,,9845003D98SCC2851458,1,,,assets-cms.kraken.com,1,ed231f991022,pdf,direct,pdf,0d1e94b4f6a1cb024cc77624230f83745a52846e1ea0102b5774d0944a85654a,assets-cms.kraken.com,https://assets-cms.kraken.com/files/51n36hrp/facade/40b11c0baf20415e63a3437aa18613c4234ed2af.pdf?_gl=1*1i6kp3h*_gcl_au*MTcxOTgwMTU0NC4xNzUwMDk4MDIx*_ga*MTc4ODAyNDUxNC4xNzUwMDk4MDIx*_ga_5MVYWBPCBE*czE3NTI2ODY0MDIkbzE2JGcxJHQxNzUyNjkwMTAzJGoyNiRsMCRoMA..,,,,,,,,,,,,,,,,0
OTHER,267,0,unchanged,0,IE,19/06/2025,2025-06-19,https://assets-cms.kraken.com/files/51n36hrp/facade/d4301c514c266dc8f75a9c012c995a9857a2184f.pdf?_gl=1*1i6kp3h*_gcl_au*MTcxOTgwMTU0NC4xNzUwMDk4MDIx*_ga*MTc4ODAyNDUxNC4xNzUwMDk4MDIx*_ga_5MVYWBPCBE*czE3NTI2ODY0MDIkbzE2JGcxJHQxNzUyNjkwMTAzJGoyNiRsMCRoMA..,,9845003D98SCC2851458,1,,,assets-cms.kraken.com,1,519aa873c5ca,pdf,direct,pdf,a905940ed97a15363460bb67eaddd23eb056610a728ab710d1808e1f53e19c53,assets-cms.kraken.com,https://assets-cms.kraken.com/files/51n36hrp/facade/d4301c514c266dc8f75a9c012c995a9857a2184f.pdf?_gl=1*1i6kp3h*_gcl_au*MTcxOTgwMTU0NC4xNzUwMDk4MDIx*_ga*MTc4ODAyNDUxNC4xNzUwMDk4MDIx*_ga_5MVYWBPCBE*czE3NTI2ODY0MDIkbzE2JGcxJHQxNzUyNjkwMTAzJGoyNiRsMCRoMA..,,,,,,,,,,,,,,,,0
OTHER,268,0,unchanged,0,IE,19/06/2025,2025-06-19,https://assets-cms.kraken.com/files/51n36hrp/facade/f7994b92a252783dde5cf75afe943f6ad22150dd.pdf?_gl=1*8o2t7x*_gcl_au*MTcxOTgwMTU0NC4xNzUwMDk4MDIx*_ga*MTc4ODAyNDUxNC4xNzUwMDk4MDIx*_ga_5MVYWBPCBE*czE3NTI2ODY0MDIkbzE2JGcxJHQxNzUyNjkwMTAzJGoyNiRsMCRoMA..,,9845003D98SCC2851458,1,,,assets-cms.kraken.com,1,4f59a604ab34,pdf,direct,pdf,bfda6a7571788adeff4757b1fe0496e9ebb6ab2a151a16bbe6b3a549acc6bfdd,assets-cms.kraken.com,https://assets-cms.kraken.com/files/51n36hrp/facade/f7994b92a252783dde5cf75afe943f6ad22150dd.pdf?_gl=1*8o2t7x*_gcl_au*MTcxOTgwMTU0NC4xNzUwMDk4MDIx*_ga*MTc4ODAyNDUxNC4xNzUwMDk4MDIx*_ga_5MVYWBPCBE*czE3NTI2ODY0MDIkbzE2JGcxJHQxNzUyNjkwMTAzJGoyNiRsMCRoMA..,,,,,,,,,,,,,,,,0
OTHER,269,0,unchanged,0,IE,19/06/2025,2025-06-19,https://assets-cms.kraken.com/files/51n36hrp/facade/b9848df1e3ca98614c959bec8a1bbf652d0a3dcd.pdf?_gl=1*8o2t7x*_gcl_au*MTcxOTgwMTU0NC4xNzUwMDk4MDIx*_ga*MTc4ODAyNDUxNC4xNzUwMDk4MDIx*_ga_5MVYWBPCBE*czE3NTI2ODY0MDIkbzE2JGcxJHQxNzUyNjkwMTAzJGoyNiRsMCRoMA..,,9845003D98SCC2851458,1,,,assets-cms.kraken.com,1,f411ee1cf4bf,pdf,direct,pdf,29dca7225c816e70fe53a914dfefb70f329577cbd039942fbc9132ec99f29a97,assets-cms.kraken.com,https://assets-cms.kraken.com/files/51n36hrp/facade/b9848df1e3ca98614c959bec8a1bbf652d0a3dcd.pdf?_gl=1*8o2t7x*_gcl_au*MTcxOTgwMTU0NC4xNzUwMDk4MDIx*_ga*MTc4ODAyNDUxNC4xNzUwMDk4MDIx*_ga_5MVYWBPCBE*czE3NTI2ODY0MDIkbzE2JGcxJHQxNzUyNjkwMTAzJGoyNiRsMCRoMA..,,,,,,,,,,,,,,,,0
OTHER,270,0,unchanged,0,IE,19/06/2025,2025-06-19,https://assets-cms.kraken.com/files/51n36hrp/facade/d5b95249d9c8f89c84a0ba897425a02fbd3a7162.pdf?_gl=1*8o2t7x*_gcl_au*MTcxOTgwMTU0NC4xNzUwMDk4MDIx*_ga*MTc4ODAyNDUxNC4xNzUwMDk4MDIx*_ga_5MVYWBPCBE*czE3NTI2ODY0MDIkbzE2JGcxJHQxNzUyNjkwMTAzJGoyNiRsMCRoMA..,,9845003D98SCC2851458,1,,,assets-cms.kraken.com,1,ce0c73fc14f9,pdf,direct,pdf,1613234116848af8f179a2863fae290c9877160b3f850c46e9bfce5e8ed02013,assets-cms.kraken.com,https://assets-cms.kraken.com/files/51n36hrp/facade/d5b95249d9c8f89c84a0ba897425a02fbd3a7162.pdf?_gl=1*8o2t7x*_gcl_au*MTcxOTgwMTU0NC4xNzUwMDk4MDIx*_ga*MTc4ODAyNDUxNC4xNzUwMDk4MDIx*_ga_5MVYWBPCBE*czE3NTI2ODY0MDIkbzE2JGcxJHQxNzUyNjkwMTAzJGoyNiRsMCRoMA..,,,,,,,,,,,,,,,,0
OTHER,271,0,unchanged,0,IE,19/06/2025,2025-06-19,https://assets-cms.kraken.com/files/51n36hrp/facade/51090aae5f0c821b7d1212ffc6f52503e5f6f271.pdf?_gl=1*8o2t7x*_gcl_au*MTcxOTgwMTU0NC4xNzUwMDk4MDIx*_ga*MTc4ODAyNDUxNC4xNzUwMDk4MDIx*_ga_5MVYWBPCBE*czE3NTI2ODY0MDIkbzE2JGcxJHQxNzUyNjkwMTAzJGoyNiRsMCRoMA..,,9845003D98SCC2851458,1,,,assets-cms.kraken.com,1,82e1a6e32bf0,pdf,direct,pdf,a55dbb85b0c5b5226360ee7dcb476537d7e596ef1c2eaa783b13d3afef156663,assets-cms.kraken.com,https://assets-cms.kraken.com/files/51n36hrp/facade/51090aae5f0c821b7d1212ffc6f52503e5f6f271.pdf?_gl=1*8o2t7x*_gcl_au*MTcxOTgwMTU0NC4xNzUwMDk4MDIx*_ga*MTc4ODAyNDUxNC4xNzUwMDk4MDIx*_ga_5MVYWBPCBE*czE3NTI2ODY0MDIkbzE2JGcxJHQxNzUyNjkwMTAzJGoyNiRsMCRoMA..,,,,,,,,,,,,,,,,0
OTHER,272,0,unchanged,0,IE,19/06/2025,2025-06-19,https://assets-cms.kraken.com/files/51n36hrp/facade/1f1011fd9abd3fc2fa0d90ec8d31816ceec9679c.pdf?_gl=1*8o2t7x*_gcl_au*MTcxOTgwMTU0NC4xNzUwMDk4MDIx*_ga*MTc4ODAyNDUxNC4xNzUwMDk4MDIx*_ga_5MVYWBPCBE*czE3NTI2ODY0MDIkbzE2JGcxJHQxNzUyNjkwMTAzJGoyNiRsMCRoMA..,,9845003D98SCC2851458,1,,,assets-cms.kraken.com,1,0c8301e10642,pdf,direct,pdf,fed510783c09ea7ac1dbe9a2041355417dc30eeb20eb029b4dd0670afae2b621,assets-cms.kraken.com,https://assets-cms.kraken.com/files/51n36hrp/facade/1f1011fd9abd3fc2fa0d90ec8d31816ceec9679c.pdf?_gl=1*8o2t7x*_gcl_au*MTcxOTgwMTU0NC4xNzUwMDk4MDIx*_ga*MTc4ODAyNDUxNC4xNzUwMDk4MDIx*_ga_5MVYWBPCBE*czE3NTI2ODY0MDIkbzE2JGcxJHQxNzUyNjkwMTAzJGoyNiRsMCRoMA..,,,,,,,,,,,,,,,,0
OTHER,273,0,unchanged,0,IE,19/06/2025,2025-06-19,https://assets-cms.kraken.com/files/51n36hrp/facade/c5c9b43e3448911843e11720e2bf819e390ef483.pdf?_gl=1*8o2t7x*_gcl_au*MTcxOTgwMTU0NC4xNzUwMDk4MDIx*_ga*MTc4ODAyNDUxNC4xNzUwMDk4MDIx*_ga_5MVYWBPCBE*czE3NTI2ODY0MDIkbzE2JGcxJHQxNzUyNjkwMTAzJGoyNiRsMCRoMA..,,9845003D98SCC2851458,1,,,assets-cms.kraken.com,1,f194bf28d1a9,pdf,direct,pdf,1cf929a9c83a0cbc287884d31ff01efb45b35f7cf3fce9ca34217b80e3461ef1,assets-cms.kraken.com,https://assets-cms.kraken.com/files/51n36hrp/facade/c5c9b43e3448911843e11720e2bf819e390ef483.pdf?_gl=1*8o2t7x*_gcl_au*MTcxOTgwMTU0NC4xNzUwMDk4MDIx*_ga*MTc4ODAyNDUxNC4xNzUwMDk4MDIx*_ga_5MVYWBPCBE*czE3NTI2ODY0MDIkbzE2JGcxJHQxNzUyNjkwMTAzJGoyNiRsMCRoMA..,,,,,,,,,,,,,,,,0
OTHER,274,0,unchanged,0,IE,19/06/2025,2025-06-19,https://assets-cms.kraken.com/files/51n36hrp/facade/53f99c06875685203720f888305cbb3fa3ae2044.pdf?_gl=1*8o2t7x*_gcl_au*MTcxOTgwMTU0NC4xNzUwMDk4MDIx*_ga*MTc4ODAyNDUxNC4xNzUwMDk4MDIx*_ga_5MVYWBPCBE*czE3NTI2ODY0MDIkbzE2JGcxJHQxNzUyNjkwMTAzJGoyNiRsMCRoMA..,,9845003D98SCC2851458,1,,,assets-cms.kraken.com,1,b699594c1871,pdf,direct,pdf,f6e19e929501e6c8cc975673a43b50a6a9e1fd75358772757f095564a6781d28,assets-cms.kraken.com,https://assets-cms.kraken.com/files/51n36hrp/facade/53f99c06875685203720f888305cbb3fa3ae2044.pdf?_gl=1*8o2t7x*_gcl_au*MTcxOTgwMTU0NC4xNzUwMDk4MDIx*_ga*MTc4ODAyNDUxNC4xNzUwMDk4MDIx*_ga_5MVYWBPCBE*czE3NTI2ODY0MDIkbzE2JGcxJHQxNzUyNjkwMTAzJGoyNiRsMCRoMA..,,,,,,,,,,,,,,,,0
OTHER,275,0,unchanged,0,IE,19/06/2025,2025-06-19,https://assets-cms.kraken.com/files/51n36hrp/facade/81c96200eef81aed031f90394e0b98c27f7cd180.pdf?_gl=1*vctuu5*_gcl_au*MTcxOTgwMTU0NC4xNzUwMDk4MDIx*_ga*MTc4ODAyNDUxNC4xNzUwMDk4MDIx*_ga_5MVYWBPCBE*czE3NTI2ODY0MDIkbzE2JGcxJHQxNzUyNjkwMTAzJGoyNiRsMCRoMA..,,9845003D98SCC2851458,1,,,assets-cms.kraken.com,1,194e31230b6c,pdf,direct,pdf,09d4e03f0f286e6b2e7b27f1812bcc0a32de8481f0626b0107eb27969095c6ec,assets-cms.kraken.com,https://assets-cms.kraken.com/files/51n36hrp/facade/81c96200eef81aed031f90394e0b98c27f7cd180.pdf?_gl=1*vctuu5*_gcl_au*MTcxOTgwMTU0NC4xNzUwMDk4MDIx*_ga*MTc4ODAyNDUxNC4xNzUwMDk4MDIx*_ga_5MVYWBPCBE*czE3NTI2ODY0MDIkbzE2JGcxJHQxNzUyNjkwMTAzJGoyNiRsMCRoMA..,,,,,,,,,,,,,,,,0
OTHER,276,0,unchanged,0,IE,19/06/2025,2025-06-19,https://assets-cms.kraken.com/files/51n36hrp/facade/ef3edf6cf11e2f899ca224468e5568c98b575ce2.pdf?_gl=1*vctuu5*_gcl_au*MTcxOTgwMTU0NC4xNzUwMDk4MDIx*_ga*MTc4ODAyNDUxNC4xNzUwMDk4MDIx*_ga_5MVYWBPCBE*czE3NTI2ODY0MDIkbzE2JGcxJHQxNzUyNjkwMTAzJGoyNiRsMCRoMA..,,9845003D98SCC2851458,1,,,assets-cms.kraken.com,1,8fa0c6cabcb4,pdf,direct,pdf,a9bc0f4384ee32308444cbd58e54c0ebd524a730fe22629039e17e19a51c5f1f,assets-cms.kraken.com,https://assets-cms.kraken.com/files/51n36hrp/facade/ef3edf6cf11e2f899ca224468e5568c98b575ce2.pdf?_gl=1*vctuu5*_gcl_au*MTcxOTgwMTU0NC4xNzUwMDk4MDIx*_ga*MTc4ODAyNDUxNC4xNzUwMDk4MDIx*_ga_5MVYWBPCBE*czE3NTI2ODY0MDIkbzE2JGcxJHQxNzUyNjkwMTAzJGoyNiRsMCRoMA..,,,,,,,,,,,,,,,,0
OTHER,277,0,unchanged,0,IE,19/06/2025,2025-06-19,https://assets-cms.kraken.com/files/51n36hrp/facade/3f5b5a99f699fa914a3dfa8d3603cedaab515ce3.pdf?_gl=1*vctuu5*_gcl_au*MTcxOTgwMTU0NC4xNzUwMDk4MDIx*_ga*MTc4ODAyNDUxNC4xNzUwMDk4MDIx*_ga_5MVYWBPCBE*czE3NTI2ODY0MDIkbzE2JGcxJHQxNzUyNjkwMTAzJGoyNiRsMCRoMA..,,9845003D98SCC2851458,1,,,assets-cms.kraken.com,1,2a3a5581d96b,pdf,direct,pdf,87a7f504e5eeca217d3bab315df1e4db4ef26df36465a2762514cdf5cda4b3b8,assets-cms.kraken.com,https://assets-cms.kraken.com/files/51n36hrp/facade/3f5b5a99f699fa914a3dfa8d3603cedaab515ce3.pdf?_gl=1*vctuu5*_gcl_au*MTcxOTgwMTU0NC4xNzUwMDk4MDIx*_ga*MTc4ODAyNDUxNC4xNzUwMDk4MDIx*_ga_5MVYWBPCBE*czE3NTI2ODY0MDIkbzE2JGcxJHQxNzUyNjkwMTAzJGoyNiRsMCRoMA..,,,,,,,,,,,,,,,,0
OTHER,278,0,unchanged,0,IE,19/06/2025,2025-06-19,https://assets-cms.kraken.com/files/51n36hrp/facade/a5b7e8f3803d5dbcad260950fb93d77cd2511009.pdf?_gl=1*vctuu5*_gcl_au*MTcxOTgwMTU0NC4xNzUwMDk4MDIx*_ga*MTc4ODAyNDUxNC4xNzUwMDk4MDIx*_ga_5MVYWBPCBE*czE3NTI2ODY0MDIkbzE2JGcxJHQxNzUyNjkwMTAzJGoyNiRsMCRoMA..,,9845003D98SCC2851458,1,,,assets-cms.kraken.com,1,2d8bd00965a4,pdf,direct,pdf,e119d15114f55ee32d52318a11de380b8212951f3562423ec07f78b30996a3f0,assets-cms.kraken.com,https://assets-cms.kraken.com/files/51n36hrp/facade/a5b7e8f3803d5dbcad260950fb93d77cd2511009.pdf?_gl=1*vctuu5*_gcl_au*MTcxOTgwMTU0NC4xNzUwMDk4MDIx*_ga*MTc4ODAyNDUxNC4xNzUwMDk4MDIx*_ga_5MVYWBPCBE*czE3NTI2ODY0MDIkbzE2JGcxJHQxNzUyNjkwMTAzJGoyNiRsMCRoMA..,,,,,,,,,,,,,,,,0
OTHER,279,0,unchanged,0,IE,19/06/2025,2025-06-19,https://assets-cms.kraken.com/files/51n36hrp/facade/a9a2a19befd5049e2a8bf2698036984963f03410.pdf?_gl=1*vctuu5*_gcl_au*MTcxOTgwMTU0NC4xNzUwMDk4MDIx*_ga*MTc4ODAyNDUxNC4xNzUwMDk4MDIx*_ga_5MVYWBPCBE*czE3NTI2ODY0MDIkbzE2JGcxJHQxNzUyNjkwMTAzJGoyNiRsMCRoMA..,,9845003D98SCC2851458,1,,,assets-cms.kraken.com,1,2789d01866f8,pdf,direct,pdf,f0fc002cd8ea2de315bebcfdb42298f378c34d47fdf3d783822c78a037da782d,assets-cms.kraken.com,https://assets-cms.kraken.com/files/51n36hrp/facade/a9a2a19befd5049e2a8bf2698036984963f03410.pdf?_gl=1*vctuu5*_gcl_au*MTcxOTgwMTU0NC4xNzUwMDk4MDIx*_ga*MTc4ODAyNDUxNC4xNzUwMDk4MDIx*_ga_5MVYWBPCBE*czE3NTI2ODY0MDIkbzE2JGcxJHQxNzUyNjkwMTAzJGoyNiRsMCRoMA..,,,,,,,,,,,,,,,,0
OTHER,280,0,unchanged,0,IE,19/06/2025,2025-06-19,https://assets-cms.kraken.com/files/51n36hrp/facade/e5baf979a12a5d405b4c65bb564600dca2e0dc2b.pdf?_gl=1*ssfwcu*_gcl_au*MTcxOTgwMTU0NC4xNzUwMDk4MDIx*_ga*MTc4ODAyNDUxNC4xNzUwMDk4MDIx*_ga_5MVYWBPCBE*czE3NTI2ODY0MDIkbzE2JGcxJHQxNzUyNjkwMTAzJGoyNiRsMCRoMA..,,9845003D98SCC2851458,1,,,assets-cms.kraken.com,1,5f1fd810b2d1,pdf,direct,pdf,d4eb2220a7ea0e3af57d6efc3df6b11cb57394fe996e0b45444719a4e463e639,assets-cms.kraken.com,https://assets-cms.kraken.com/files/51n36hrp/facade/e5baf979a12a5d405b4c65bb564600dca2e0dc2b.pdf?_gl=1*ssfwcu*_gcl_au*MTcxOTgwMTU0NC4xNzUwMDk4MDIx*_ga*MTc4ODAyNDUxNC4xNzUwMDk4MDIx*_ga_5MVYWBPCBE*czE3NTI2ODY0MDIkbzE2JGcxJHQxNzUyNjkwMTAzJGoyNiRsMCRoMA..,,,,,,,,,,,,,,,,0
OTHER,281,0,unchanged,0,IE,19/06/2025,2025-06-19,https://assets-cms.kraken.com/files/51n36hrp/facade/882851f3c19d55ba17f2cb1992666adf2136bb74.pdf?_gl=1*ssfwcu*_gcl_au*MTcxOTgwMTU0NC4xNzUwMDk4MDIx*_ga*MTc4ODAyNDUxNC4xNzUwMDk4MDIx*_ga_5MVYWBPCBE*czE3NTI2ODY0MDIkbzE2JGcxJHQxNzUyNjkwMTAzJGoyNiRsMCRoMA..,,9845003D98SCC2851458,1,,,assets-cms.kraken.com,1,c95f40cb658b,pdf,direct,pdf,07440b872f3a2e6bd81a5d23b790fbdfc481ea90b0723ccb526414a018474c03,assets-cms.kraken.com,https://assets-cms.kraken.com/files/51n36hrp/facade/882851f3c19d55ba17f2cb1992666adf2136bb74.pdf?_gl=1*ssfwcu*_gcl_au*MTcxOTgwMTU0NC4xNzUwMDk4MDIx*_ga*MTc4ODAyNDUxNC4xNzUwMDk4MDIx*_ga_5MVYWBPCBE*czE3NTI2ODY0MDIkbzE2JGcxJHQxNzUyNjkwMTAzJGoyNiRsMCRoMA..,,,,,,,,,,,,,,,,0
OTHER,282,0,unchanged,0,IE,19/06/2025,2025-06-19,https://assets-cms.kraken.com/files/51n36hrp/facade/f230baf4c2ef986b39971ac7d6c12a18b8cf9f31.pdf?_gl=1*ssfwcu*_gcl_au*MTcxOTgwMTU0NC4xNzUwMDk4MDIx*_ga*MTc4ODAyNDUxNC4xNzUwMDk4MDIx*_ga_5MVYWBPCBE*czE3NTI2ODY0MDIkbzE2JGcxJHQxNzUyNjkwMTAzJGoyNiRsMCRoMA..,,9845003D98SCC2851458,1,,,assets-cms.kraken.com,1,57fe1046adc5,pdf,direct,pdf,35fe3bb5999de97e81a6d694ddc9d22862409e12a036be17d589a087358e1f62,assets-cms.kraken.com,https://assets-cms.kraken.com/files/51n36hrp/facade/f230baf4c2ef986b39971ac7d6c12a18b8cf9f31.pdf?_gl=1*ssfwcu*_gcl_au*MTcxOTgwMTU0NC4xNzUwMDk4MDIx*_ga*MTc4ODAyNDUxNC4xNzUwMDk4MDIx*_ga_5MVYWBPCBE*czE3NTI2ODY0MDIkbzE2JGcxJHQxNzUyNjkwMTAzJGoyNiRsMCRoMA..,,,,,,,,,,,,,,,,0
OTHER,283,0,unchanged,0,IE,19/06/2025,2025-06-19,https://assets-cms.kraken.com/files/51n36hrp/facade/57a8de668e0fb67ac2f68096dd9cc0ed560390e2.pdf?_gl=1*ssfwcu*_gcl_au*MTcxOTgwMTU0NC4xNzUwMDk4MDIx*_ga*MTc4ODAyNDUxNC4xNzUwMDk4MDIx*_ga_5MVYWBPCBE*czE3NTI2ODY0MDIkbzE2JGcxJHQxNzUyNjkwMTAzJGoyNiRsMCRoMA..,984500F3D6Q82B14BC09,9845003D98SCC2851458,1,,,assets-cms.kraken.com,1,140621685e60,pdf,direct,pdf,747cc62b096a266a9162451cfb080638c97f39f6e111ffc1c49e109920e921a6,assets-cms.kraken.com,https://assets-cms.kraken.com/files/51n36hrp/facade/57a8de668e0fb67ac2f68096dd9cc0ed560390e2.pdf?_gl=1*ssfwcu*_gcl_au*MTcxOTgwMTU0NC4xNzUwMDk4MDIx*_ga*MTc4ODAyNDUxNC4xNzUwMDk4MDIx*_ga_5MVYWBPCBE*czE3NTI2ODY0MDIkbzE2JGcxJHQxNzUyNjkwMTAzJGoyNiRsMCRoMA..,,,,,,,,,,,,,,ISSUED/ACTIVE,,0
OTHER,284,0,unchanged,0,IE,19/06/2025,2025-06-19,https://assets-cms.kraken.com/files/51n36hrp/facade/4bd0ed3725e6de082c8b36906c39690d9961178a.pdf?_gl=1*1sghuo1*_gcl_au*MTcxOTgwMTU0NC4xNzUwMDk4MDIx*_ga*MTc4ODAyNDUxNC4xNzUwMDk4MDIx*_ga_5MVYWBPCBE*czE3NTI2ODY0MDIkbzE2JGcxJHQxNzUyNjkwMTAzJGoyNiRsMCRoMA..,,9845003D98SCC2851458,1,,,assets-cms.kraken.com,1,b2b1cd64f330,pdf,direct,pdf,41d86f853c00a478f6cf158c56e522d76aaaacafa51bfef5e6eb0a9dc26dd2e5,assets-cms.kraken.com,https://assets-cms.kraken.com/files/51n36hrp/facade/4bd0ed3725e6de082c8b36906c39690d9961178a.pdf?_gl=1*1sghuo1*_gcl_au*MTcxOTgwMTU0NC4xNzUwMDk4MDIx*_ga*MTc4ODAyNDUxNC4xNzUwMDk4MDIx*_ga_5MVYWBPCBE*czE3NTI2ODY0MDIkbzE2JGcxJHQxNzUyNjkwMTAzJGoyNiRsMCRoMA..,,,,,,,,,,,,,,,,0
OTHER,285,0,unchanged,0,IE,19/06/2025,2025-06-19,https://assets-cms.kraken.com/files/51n36hrp/facade/14c7f4274926f767670c7de0611e749e26498bd5.pdf?_gl=1*1sghuo1*_gcl_au*MTcxOTgwMTU0NC4xNzUwMDk4MDIx*_ga*MTc4ODAyNDUxNC4xNzUwMDk4MDIx*_ga_5MVYWBPCBE*czE3NTI2ODY0MDIkbzE2JGcxJHQxNzUyNjkwMTAzJGoyNiRsMCRoMA..,,9845003D98SCC2851458,1,,,assets-cms.kraken.com,1,600bd4fc1026,pdf,direct,pdf,afa69da4149f457f37c63f486dcacfb2cf22a7fd4880a3be6cd44ab1d9c898d1,assets-cms.kraken.com,https://assets-cms.kraken.com/files/51n36hrp/facade/14c7f4274926f767670c7de0611e749e26498bd5.pdf?_gl=1*1sghuo1*_gcl_au*MTcxOTgwMTU0NC4xNzUwMDk4MDIx*_ga*MTc4ODAyNDUxNC4xNzUwMDk4MDIx*_ga_5MVYWBPCBE*czE3NTI2ODY0MDIkbzE2JGcxJHQxNzUyNjkwMTAzJGoyNiRsMCRoMA..,,,,,,,,,,,,,,,,0
OTHER,286,0,unchanged,0,IE,19/06/2025,2025-06-19,https://assets-cms.kraken.com/files/51n36hrp/facade/7a760107f3bc2f673a3ddbdba5c28b542d18092b.pdf?_gl=1*oze5ld*_gcl_au*MTcxOTgwMTU0NC4xNzUwMDk4MDIx*_ga*MTc4ODAyNDUxNC4xNzUwMDk4MDIx*_ga_5MVYWBPCBE*czE3NTI2ODY0MDIkbzE2JGcxJHQxNzUyNjkwMTAzJGoyNiRsMCRoMA..,,9845003D98SCC2851458,1,,,assets-cms.kraken.com,1,e898031c93cd,pdf,direct,pdf,3cf1058da997e70336db05c1d71806e970487c47d8b6cb965e63548923fbe0ac,assets-cms.kraken.com,https://assets-cms.kraken.com/files/51n36hrp/facade/7a760107f3bc2f673a3ddbdba5c28b542d18092b.pdf?_gl=1*oze5ld*_gcl_au*MTcxOTgwMTU0NC4xNzUwMDk4MDIx*_ga*MTc4ODAyNDUxNC4xNzUwMDk4MDIx*_ga_5MVYWBPCBE*czE3NTI2ODY0MDIkbzE2JGcxJHQxNzUyNjkwMTAzJGoyNiRsMCRoMA..,,,,,,,,,,,,,,,,0
OTHER,287,0,unchanged,0,IE,19/06/2025,2025-06-19,https://assets-cms.kraken.com/files/51n36hrp/facade/c498e806c407660829012ca53f808ae42ee9c18b.pdf?_gl=1*oze5ld*_gcl_au*MTcxOTgwMTU0NC4xNzUwMDk4MDIx*_ga*MTc4ODAyNDUxNC4xNzUwMDk4MDIx*_ga_5MVYWBPCBE*czE3NTI2ODY0MDIkbzE2JGcxJHQxNzUyNjkwMTAzJGoyNiRsMCRoMA..,,9845003D98SCC2851458,1,,,assets-cms.kraken.com,1,496887938ca2,pdf,direct,pdf,c8aaf59bfc8ca544e11aec70f70717e5bd274d0e4b8d3381c74a89fc07600903,assets-cms.kraken.com,https://assets-cms.kraken.com/files/51n36hrp/facade/c498e806c407660829012ca53f808ae42ee9c18b.pdf?_gl=1*oze5ld*_gcl_au*MTcxOTgwMTU0NC4xNzUwMDk4MDIx*_ga*MTc4ODAyNDUxNC4xNzUwMDk4MDIx*_ga_5MVYWBPCBE*czE3NTI2ODY0MDIkbzE2JGcxJHQxNzUyNjkwMTAzJGoyNiRsMCRoMA..,,,,,,,,,,,,,,,,0
OTHER,288,0,unchanged,0,IE,19/06/2025,2025-06-19,https://assets-cms.kraken.com/files/51n36hrp/facade/ee7eebfdde6e692a5d2b02ab2caa3f827126b7cc.pdf?_gl=1*oze5ld*_gcl_au*MTcxOTgwMTU0NC4xNzUwMDk4MDIx*_ga*MTc4ODAyNDUxNC4xNzUwMDk4MDIx*_ga_5MVYWBPCBE*czE3NTI2ODY0MDIkbzE2JGcxJHQxNzUyNjkwMTAzJGoyNiRsMCRoMA..,,9845003D98SCC2851458,1,,,assets-cms.kraken.com,1,97b68d6f7e70,pdf,direct,pdf,9cb183b92bff3cc1c6ed1093446929891d2ca80b681023bedb6442a08cdfb94d,assets-cms.kraken.com,https://assets-cms.kraken.com/files/51n36hrp/facade/ee7eebfdde6e692a5d2b02ab2caa3f827126b7cc.pdf?_gl=1*oze5ld*_gcl_au*MTcxOTgwMTU0NC4xNzUwMDk4MDIx*_ga*MTc4ODAyNDUxNC4xNzUwMDk4MDIx*_ga_5MVYWBPCBE*czE3NTI2ODY0MDIkbzE2JGcxJHQxNzUyNjkwMTAzJGoyNiRsMCRoMA..,,,,,,,,,,,,,,,,0
OTHER,289,0,unchanged,0,IE,19/06/2025,2025-06-19,https://assets-cms.kraken.com/files/51n36hrp/facade/7c590e4b3fdfdd8662dce3b61f6b77053b7c816b.pdf?_gl=1*oze5ld*_gcl_au*MTcxOTgwMTU0NC4xNzUwMDk4MDIx*_ga*MTc4ODAyNDUxNC4xNzUwMDk4MDIx*_ga_5MVYWBPCBE*czE3NTI2ODY0MDIkbzE2JGcxJHQxNzUyNjkwMTAzJGoyNiRsMCRoMA..,,9845003D98SCC2851458,1,,,assets-cms.kraken.com,1,3ead47d9a7f8,pdf,direct,pdf,d55e94a1963c8614481ca1de1710b5aa9df7d2327ea291f5a4fea2933f1b142d,assets-cms.kraken.com,https://assets-cms.kraken.com/files/51n36hrp/facade/7c590e4b3fdfdd8662dce3b61f6b77053b7c816b.pdf?_gl=1*oze5ld*_gcl_au*MTcxOTgwMTU0NC4xNzUwMDk4MDIx*_ga*MTc4ODAyNDUxNC4xNzUwMDk4MDIx*_ga_5MVYWBPCBE*czE3NTI2ODY0MDIkbzE2JGcxJHQxNzUyNjkwMTAzJGoyNiRsMCRoMA..,,,,,,,,,,,,,,,,0
OTHER,290,0,unchanged,0,IE,19/06/2025,2025-06-19,https://assets-cms.kraken.com/files/51n36hrp/facade/ecaeba3914bdfd854244137766274ddd8c2526cd.pdf?_gl=1*oze5ld*_gcl_au*MTcxOTgwMTU0NC4xNzUwMDk4MDIx*_ga*MTc4ODAyNDUxNC4xNzUwMDk4MDIx*_ga_5MVYWBPCBE*czE3NTI2ODY0MDIkbzE2JGcxJHQxNzUyNjkwMTAzJGoyNiRsMCRoMA..,,9845003D98SCC2851458,1,,,assets-cms.kraken.com,1,8968ae7687c2,pdf,direct,pdf,ca5f75f34439948cd82e8b32b0bce8c0e5c2e64f444e785a8d827dd34323f611,assets-cms.kraken.com,https://assets-cms.kraken.com/files/51n36hrp/facade/ecaeba3914bdfd854244137766274ddd8c2526cd.pdf?_gl=1*oze5ld*_gcl_au*MTcxOTgwMTU0NC4xNzUwMDk4MDIx*_ga*MTc4ODAyNDUxNC4xNzUwMDk4MDIx*_ga_5MVYWBPCBE*czE3NTI2ODY0MDIkbzE2JGcxJHQxNzUyNjkwMTAzJGoyNiRsMCRoMA..,,,,,,,,,,,,,,,,0
OTHER,291,0,unchanged,0,IE,19/06/2025,2025-06-19,https://assets-cms.kraken.com/files/51n36hrp/facade/da6a7343493f408635919f66387e9157be4516c9.pdf?_gl=1*oze5ld*_gcl_au*MTcxOTgwMTU0NC4xNzUwMDk4MDIx*_ga*MTc4ODAyNDUxNC4xNzUwMDk4MDIx*_ga_5MVYWBPCBE*czE3NTI2ODY0MDIkbzE2JGcxJHQxNzUyNjkwMTAzJGoyNiRsMCRoMA..,,9845003D98SCC2851458,1,,,assets-cms.kraken.com,1,3dd10b5cae56,pdf,direct,pdf,c6427ae5d633488c2615693a9035d70ceb6a2262483bb32d1eef9f561323e108,assets-cms.kraken.com,https://assets-cms.kraken.com/files/51n36hrp/facade/da6a7343493f408635919f66387e9157be4516c9.pdf?_gl=1*oze5ld*_gcl_au*MTcxOTgwMTU0NC4xNzUwMDk4MDIx*_ga*MTc4ODAyNDUxNC4xNzUwMDk4MDIx*_ga_5MVYWBPCBE*czE3NTI2ODY0MDIkbzE2JGcxJHQxNzUyNjkwMTAzJGoyNiRsMCRoMA..,,,,,,,,,,,,,,,,0
OTHER,292,0,unchanged,0,IE,19/06/2025,2025-06-19,https://assets-cms.kraken.com/files/51n36hrp/facade/ff4d2bcb6707999a1e9b4489f9b6966841ea1c29.pdf?_gl=1*ehk0dd*_gcl_au*MTcxOTgwMTU0NC4xNzUwMDk4MDIx*_ga*MTc4ODAyNDUxNC4xNzUwMDk4MDIx*_ga_5MVYWBPCBE*czE3NTI2ODY0MDIkbzE2JGcxJHQxNzUyNjkwMTAzJGoyNiRsMCRoMA..,,9845003D98SCC2851458,1,,,assets-cms.kraken.com,1,af081eb74ff1,pdf,direct,pdf,b7db14538718a35d044377ab29af750ac64e0f952fd168519d2bdec6043f25db,assets-cms.kraken.com,https://assets-cms.kraken.com/files/51n36hrp/facade/ff4d2bcb6707999a1e9b4489f9b6966841ea1c29.pdf?_gl=1*ehk0dd*_gcl_au*MTcxOTgwMTU0NC4xNzUwMDk4MDIx*_ga*MTc4ODAyNDUxNC4xNzUwMDk4MDIx*_ga_5MVYWBPCBE*czE3NTI2ODY0MDIkbzE2JGcxJHQxNzUyNjkwMTAzJGoyNiRsMCRoMA..,,,,,,,,,,,,,,,,0
OTHER,293,0,unchanged,0,IE,19/06/2025,2025-06-19,https://assets-cms.kraken.com/files/51n36hrp/facade/c7589dc8a01c063a3250d4de7e7d20fbb0e77423.pdf?_gl=1*ehk0dd*_gcl_au*MTcxOTgwMTU0NC4xNzUwMDk4MDIx*_ga*MTc4ODAyNDUxNC4xNzUwMDk4MDIx*_ga_5MVYWBPCBE*czE3NTI2ODY0MDIkbzE2JGcxJHQxNzUyNjkwMTAzJGoyNiRsMCRoMA..,,9845003D98SCC2851458,1,,,assets-cms.kraken.com,1,fa2e4c2c1468,pdf,direct,pdf,dd8e153c69336f6777589c467c1a7f57f3ee6149721e8508e7578859e8b708b5,assets-cms.kraken.com,https://assets-cms.kraken.com/files/51n36hrp/facade/c7589dc8a01c063a3250d4de7e7d20fbb0e77423.pdf?_gl=1*ehk0dd*_gcl_au*MTcxOTgwMTU0NC4xNzUwMDk4MDIx*_ga*MTc4ODAyNDUxNC4xNzUwMDk4MDIx*_ga_5MVYWBPCBE*czE3NTI2ODY0MDIkbzE2JGcxJHQxNzUyNjkwMTAzJGoyNiRsMCRoMA..,,,,,,,,,,,,,,,,0
OTHER,294,0,unchanged,0,IE,19/06/2025,2025-06-19,https://assets-cms.kraken.com/files/51n36hrp/facade/c2ec99da1ab10b2e6b3cfe9a55ba295bbe8000b9.pdf?_gl=1*ehk0dd*_gcl_au*MTcxOTgwMTU0NC4xNzUwMDk4MDIx*_ga*MTc4ODAyNDUxNC4xNzUwMDk4MDIx*_ga_5MVYWBPCBE*czE3NTI2ODY0MDIkbzE2JGcxJHQxNzUyNjkwMTAzJGoyNiRsMCRoMA..,,9845003D98SCC2851458,1,,,assets-cms.kraken.com,1,a28b9b8f207e,pdf,direct,pdf,107df15c2573d341599b5314e5f3bd873784b08f1519df673e93f6a5f5e67cf3,assets-cms.kraken.com,https://assets-cms.kraken.com/files/51n36hrp/facade/c2ec99da1ab10b2e6b3cfe9a55ba295bbe8000b9.pdf?_gl=1*ehk0dd*_gcl_au*MTcxOTgwMTU0NC4xNzUwMDk4MDIx*_ga*MTc4ODAyNDUxNC4xNzUwMDk4MDIx*_ga_5MVYWBPCBE*czE3NTI2ODY0MDIkbzE2JGcxJHQxNzUyNjkwMTAzJGoyNiRsMCRoMA..,,,,,,,,,,,,,,,,0
OTHER,295,0,unchanged,0,IE,19/06/2025,2025-06-19,https://assets-cms.kraken.com/files/51n36hrp/facade/49e77605d42a5f61ccaaaf74f14d2d25da399ab1.pdf?_gl=1*ehk0dd*_gcl_au*MTcxOTgwMTU0NC4xNzUwMDk4MDIx*_ga*MTc4ODAyNDUxNC4xNzUwMDk4MDIx*_ga_5MVYWBPCBE*czE3NTI2ODY0MDIkbzE2JGcxJHQxNzUyNjkwMTAzJGoyNiRsMCRoMA..,,9845003D98SCC2851458,1,,,assets-cms.kraken.com,1,86fc07c8fcd3,pdf,direct,pdf,e30d2841f7902529c5e803bf583515497e5b88a0fd84e2f75328845883153532,assets-cms.kraken.com,https://assets-cms.kraken.com/files/51n36hrp/facade/49e77605d42a5f61ccaaaf74f14d2d25da399ab1.pdf?_gl=1*ehk0dd*_gcl_au*MTcxOTgwMTU0NC4xNzUwMDk4MDIx*_ga*MTc4ODAyNDUxNC4xNzUwMDk4MDIx*_ga_5MVYWBPCBE*czE3NTI2ODY0MDIkbzE2JGcxJHQxNzUyNjkwMTAzJGoyNiRsMCRoMA..,,,,,,,,,,,,,,,,0
OTHER,296,0,unchanged,0,IE,19/06/2025,2025-06-19,https://assets-cms.kraken.com/files/51n36hrp/facade/fec364b5c1ab2c115bee2c50af4c05742b27ce55.pdf?_gl=1*ehk0dd*_gcl_au*MTcxOTgwMTU0NC4xNzUwMDk4MDIx*_ga*MTc4ODAyNDUxNC4xNzUwMDk4MDIx*_ga_5MVYWBPCBE*czE3NTI2ODY0MDIkbzE2JGcxJHQxNzUyNjkwMTAzJGoyNiRsMCRoMA..,,9845003D98SCC2851458,1,,,assets-cms.kraken.com,1,967d35c8651e,pdf,direct,pdf,745ffc3b6884b944f6ecec8e60133f4449246eddf7d12a5e5c702e5238d97faa,assets-cms.kraken.com,https://assets-cms.kraken.com/files/51n36hrp/facade/fec364b5c1ab2c115bee2c50af4c05742b27ce55.pdf?_gl=1*ehk0dd*_gcl_au*MTcxOTgwMTU0NC4xNzUwMDk4MDIx*_ga*MTc4ODAyNDUxNC4xNzUwMDk4MDIx*_ga_5MVYWBPCBE*czE3NTI2ODY0MDIkbzE2JGcxJHQxNzUyNjkwMTAzJGoyNiRsMCRoMA..,,,,,,,,,,,,,,,,0
OTHER,297,0,unchanged,0,IE,19/06/2025,2025-06-19,https://assets-cms.kraken.com/files/51n36hrp/facade/71b25fa216587d78ac3ae3e15a1a86df54df6317.pdf?_gl=1*1rss9bk*_gcl_au*MTcxOTgwMTU0NC4xNzUwMDk4MDIx*_ga*MTc4ODAyNDUxNC4xNzUwMDk4MDIx*_ga_5MVYWBPCBE*czE3NTI2ODY0MDIkbzE2JGcxJHQxNzUyNjkwMTAzJGoyNiRsMCRoMA..,,9845003D98SCC2851458,1,,,assets-cms.kraken.com,1,491f155a7737,pdf,direct,pdf,d199a3ad4ee95d029683314a110936cf486a8aad1f96e784c79958f96dbd7d77,assets-cms.kraken.com,https://assets-cms.kraken.com/files/51n36hrp/facade/71b25fa216587d78ac3ae3e15a1a86df54df6317.pdf?_gl=1*1rss9bk*_gcl_au*MTcxOTgwMTU0NC4xNzUwMDk4MDIx*_ga*MTc4ODAyNDUxNC4xNzUwMDk4MDIx*_ga_5MVYWBPCBE*czE3NTI2ODY0MDIkbzE2JGcxJHQxNzUyNjkwMTAzJGoyNiRsMCRoMA..,,,,,,,,,,,,,,,,0
OTHER,298,0,unchanged,0,IE,19/06/2025,2025-06-19,https://assets-cms.kraken.com/files/51n36hrp/facade/065077894682b17f4934077682bd1526ca53e7f7.pdf?_gl=1*1rss9bk*_gcl_au*MTcxOTgwMTU0NC4xNzUwMDk4MDIx*_ga*MTc4ODAyNDUxNC4xNzUwMDk4MDIx*_ga_5MVYWBPCBE*czE3NTI2ODY0MDIkbzE2JGcxJHQxNzUyNjkwMTAzJGoyNiRsMCRoMA..,,9845003D98SCC2851458,1,,,assets-cms.kraken.com,1,c1801e390a48,pdf,direct,pdf,47022db68710b7cfe5ac975f39b457b4f1aab801cfd912326f16ac0e041dd8de,assets-cms.kraken.com,https://assets-cms.kraken.com/files/51n36hrp/facade/065077894682b17f4934077682bd1526ca53e7f7.pdf?_gl=1*1rss9bk*_gcl_au*MTcxOTgwMTU0NC4xNzUwMDk4MDIx*_ga*MTc4ODAyNDUxNC4xNzUwMDk4MDIx*_ga_5MVYWBPCBE*czE3NTI2ODY0MDIkbzE2JGcxJHQxNzUyNjkwMTAzJGoyNiRsMCRoMA..,,,,,,,,,,,,,,,,0
OTHER,299,0,unchanged,0,IE,19/06/2025,2025-06-19,https://assets-cms.kraken.com/files/51n36hrp/facade/474878300c52da652ac0dd95c61ae6020379ea8f.pdf?_gl=1*1rss9bk*_gcl_au*MTcxOTgwMTU0NC4xNzUwMDk4MDIx*_ga*MTc4ODAyNDUxNC4xNzUwMDk4MDIx*_ga_5MVYWBPCBE*czE3NTI2ODY0MDIkbzE2JGcxJHQxNzUyNjkwMTAzJGoyNiRsMCRoMA..,,9845003D98SCC2851458,1,,,assets-cms.kraken.com,1,79e8057b4658,pdf,direct,pdf,f7ebeda64bd940f80c3900d881447aa09f180872a9454d38fad06dcfeccb39ad,assets-cms.kraken.com,https://assets-cms.kraken.com/files/51n36hrp/facade/474878300c52da652ac0dd95c61ae6020379ea8f.pdf?_gl=1*1rss9bk*_gcl_au*MTcxOTgwMTU0NC4xNzUwMDk4MDIx*_ga*MTc4ODAyNDUxNC4xNzUwMDk4MDIx*_ga_5MVYWBPCBE*czE3NTI2ODY0MDIkbzE2JGcxJHQxNzUyNjkwMTAzJGoyNiRsMCRoMA..,,,,,,,,,,,,,,,,0
OTHER,300,0,unchanged,0,IE,19/06/2025,2025-06-19,https://assets-cms.kraken.com/files/51n36hrp/facade/e28c17759c34bb60855f759c4b18858a3d5c77ab.pdf?_gl=1*1rss9bk*_gcl_au*MTcxOTgwMTU0NC4xNzUwMDk4MDIx*_ga*MTc4ODAyNDUxNC4xNzUwMDk4MDIx*_ga_5MVYWBPCBE*czE3NTI2ODY0MDIkbzE2JGcxJHQxNzUyNjkwMTAzJGoyNiRsMCRoMA..,,9845003D98SCC2851458,1,,,assets-cms.kraken.com,1,e8f1ad9b4cc6,pdf,direct,pdf,fdeae38e261ec9eecfcaf1365e95598f8e7482c164e785502c2e9b3a214e6253,assets-cms.kraken.com,https://assets-cms.kraken.com/files/51n36hrp/facade/e28c17759c34bb60855f759c4b18858a3d5c77ab.pdf?_gl=1*1rss9bk*_gcl_au*MTcxOTgwMTU0NC4xNzUwMDk4MDIx*_ga*MTc4ODAyNDUxNC4xNzUwMDk4MDIx*_ga_5MVYWBPCBE*czE3NTI2ODY0MDIkbzE2JGcxJHQxNzUyNjkwMTAzJGoyNiRsMCRoMA..,,,,,,,,,,,,,,,,0
OTHER,301,0,unchanged,0,IE,19/06/2025,2025-06-19,https://assets-cms.kraken.com/files/51n36hrp/facade/ca4bb016196f6e038eb8817690a7ab1c98cfa322.pdf?_gl=1*1rss9bk*_gcl_au*MTcxOTgwMTU0NC4xNzUwMDk4MDIx*_ga*MTc4ODAyNDUxNC4xNzUwMDk4MDIx*_ga_5MVYWBPCBE*czE3NTI2ODY0MDIkbzE2JGcxJHQxNzUyNjkwMTAzJGoyNiRsMCRoMA..,,9845003D98SCC2851458,1,,,assets-cms.kraken.com,1,3be88aecd6c2,pdf,direct,pdf,970e852eea5af999819ce3a6becde13979ab0ef7cfbce807a11fe68b1b796f75,assets-cms.kraken.com,https://assets-cms.kraken.com/files/51n36hrp/facade/ca4bb016196f6e038eb8817690a7ab1c98cfa322.pdf?_gl=1*1rss9bk*_gcl_au*MTcxOTgwMTU0NC4xNzUwMDk4MDIx*_ga*MTc4ODAyNDUxNC4xNzUwMDk4MDIx*_ga_5MVYWBPCBE*czE3NTI2ODY0MDIkbzE2JGcxJHQxNzUyNjkwMTAzJGoyNiRsMCRoMA..,,,,,,,,,,,,,,,,0
OTHER,302,0,unchanged,0,IE,19/06/2025,2025-06-19,https://assets-cms.kraken.com/files/51n36hrp/facade/6d1133729845d25efb188070589423762017f0f6.pdf?_gl=1*35aszs*_gcl_au*MTcxOTgwMTU0NC4xNzUwMDk4MDIx*_ga*MTc4ODAyNDUxNC4xNzUwMDk4MDIx*_ga_5MVYWBPCBE*czE3NTI2ODY0MDIkbzE2JGcxJHQxNzUyNjkwMTAzJGoyNiRsMCRoMA..,,9845003D98SCC2851458,1,,,assets-cms.kraken.com,1,ff151f0d8623,pdf,direct,pdf,01f284a92dd809ac7aa0e95f9fa46cc0f05bd3cf13b065dcdcf0f2fc12b91636,assets-cms.kraken.com,https://assets-cms.kraken.com/files/51n36hrp/facade/6d1133729845d25efb188070589423762017f0f6.pdf?_gl=1*35aszs*_gcl_au*MTcxOTgwMTU0NC4xNzUwMDk4MDIx*_ga*MTc4ODAyNDUxNC4xNzUwMDk4MDIx*_ga_5MVYWBPCBE*czE3NTI2ODY0MDIkbzE2JGcxJHQxNzUyNjkwMTAzJGoyNiRsMCRoMA..,,,,,,,,,,,,,,,,0
OTHER,303,0,unchanged,0,IE,19/06/2025,2025-06-19,https://assets-cms.kraken.com/files/51n36hrp/facade/c9ce6e4cd17fecadfe2f571dcb917ae978728621.pdf?_gl=1*1on7fyx*_gcl_au*MTcxOTgwMTU0NC4xNzUwMDk4MDIx*_ga*MTc4ODAyNDUxNC4xNzUwMDk4MDIx*_ga_5MVYWBPCBE*czE3NTI2ODY0MDIkbzE2JGcxJHQxNzUyNjkwMTAzJGoyNiRsMCRoMA..,,9845003D98SCC2851458,1,,,assets-cms.kraken.com,1,5474fa5d644f,pdf,direct,pdf,313281c919bad497b3f5a4478b9447b2cf92850fb7037fdc753d812ae52ff6b2,assets-cms.kraken.com,https://assets-cms.kraken.com/files/51n36hrp/facade/c9ce6e4cd17fecadfe2f571dcb917ae978728621.pdf?_gl=1*1on7fyx*_gcl_au*MTcxOTgwMTU0NC4xNzUwMDk4MDIx*_ga*MTc4ODAyNDUxNC4xNzUwMDk4MDIx*_ga_5MVYWBPCBE*czE3NTI2ODY0MDIkbzE2JGcxJHQxNzUyNjkwMTAzJGoyNiRsMCRoMA..,,,,,,,,,,,,,,,,0
OTHER,304,0,unchanged,0,IE,19/06/2025,2025-06-19,https://assets-cms.kraken.com/files/51n36hrp/facade/5f96f40538c920802b5fbee46faf73e793c9dd14.pdf?_gl=1*1on7fyx*_gcl_au*MTcxOTgwMTU0NC4xNzUwMDk4MDIx*_ga*MTc4ODAyNDUxNC4xNzUwMDk4MDIx*_ga_5MVYWBPCBE*czE3NTI2ODY0MDIkbzE2JGcxJHQxNzUyNjkwMTAzJGoyNiRsMCRoMA..,254900Q507MAI9G91K71,9845003D98SCC2851458,1,,,assets-cms.kraken.com,1,eb1dc7e179c2,pdf,direct,pdf,1c34bc60ffe0f42c8bc5108c3c72fc07209bab96c9c23b9297dfa4dc8f43c664,assets-cms.kraken.com,https://assets-cms.kraken.com/files/51n36hrp/facade/5f96f40538c920802b5fbee46faf73e793c9dd14.pdf?_gl=1*1on7fyx*_gcl_au*MTcxOTgwMTU0NC4xNzUwMDk4MDIx*_ga*MTc4ODAyNDUxNC4xNzUwMDk4MDIx*_ga_5MVYWBPCBE*czE3NTI2ODY0MDIkbzE2JGcxJHQxNzUyNjkwMTAzJGoyNiRsMCRoMA..,,,,,,,,,,,,,,ISSUED/ACTIVE,,0
OTHER,305,0,unchanged,0,IE,19/06/2025,2025-06-19,https://assets-cms.kraken.com/files/51n36hrp/facade/07a9e3f8c814663aca505a5b62b06138cc5df08d.pdf?_gl=1*1on7fyx*_gcl_au*MTcxOTgwMTU0NC4xNzUwMDk4MDIx*_ga*MTc4ODAyNDUxNC4xNzUwMDk4MDIx*_ga_5MVYWBPCBE*czE3NTI2ODY0MDIkbzE2JGcxJHQxNzUyNjkwMTAzJGoyNiRsMCRoMA..,,9845003D98SCC2851458,1,,,assets-cms.kraken.com,1,b53797fa9a9b,pdf,direct,pdf,85fbf92989563c301d46d448ec4b83f6592816b6d4fd0d0d9526836002cc76b2,assets-cms.kraken.com,https://assets-cms.kraken.com/files/51n36hrp/facade/07a9e3f8c814663aca505a5b62b06138cc5df08d.pdf?_gl=1*1on7fyx*_gcl_au*MTcxOTgwMTU0NC4xNzUwMDk4MDIx*_ga*MTc4ODAyNDUxNC4xNzUwMDk4MDIx*_ga_5MVYWBPCBE*czE3NTI2ODY0MDIkbzE2JGcxJHQxNzUyNjkwMTAzJGoyNiRsMCRoMA..,,,,,,,,,,,,,,,,0
OTHER,306,0,unchanged,0,IE,19/06/2025,2025-06-19,https://assets-cms.kraken.com/files/51n36hrp/facade/58f4d8716cf2392b822d711fff30e147205abd5e.pdf?_gl=1*1e4qt9l*_gcl_au*MTcxOTgwMTU0NC4xNzUwMDk4MDIx*_ga*MTc4ODAyNDUxNC4xNzUwMDk4MDIx*_ga_5MVYWBPCBE*czE3NTI2ODY0MDIkbzE2JGcxJHQxNzUyNjkwMTAzJGoyNiRsMCRoMA..,,9845003D98SCC2851458,1,,,assets-cms.kraken.com,1,76dc1704364f,pdf,direct,pdf,1061f21011d476ec359d05a37924f60594029205c595b4441b7a85dac926f4cd,assets-cms.kraken.com,https://assets-cms.kraken.com/files/51n36hrp/facade/58f4d8716cf2392b822d711fff30e147205abd5e.pdf?_gl=1*1e4qt9l*_gcl_au*MTcxOTgwMTU0NC4xNzUwMDk4MDIx*_ga*MTc4ODAyNDUxNC4xNzUwMDk4MDIx*_ga_5MVYWBPCBE*czE3NTI2ODY0MDIkbzE2JGcxJHQxNzUyNjkwMTAzJGoyNiRsMCRoMA..,,,,,,,,,,,,,,,,0
OTHER,307,0,unchanged,0,IE,19/06/2025,2025-06-19,https://assets-cms.kraken.com/files/51n36hrp/facade/843fb2ca891fdbe9098e3ae1c3a1698442c47b3b.pdf?_gl=1*1e4qt9l*_gcl_au*MTcxOTgwMTU0NC4xNzUwMDk4MDIx*_ga*MTc4ODAyNDUxNC4xNzUwMDk4MDIx*_ga_5MVYWBPCBE*czE3NTI2ODY0MDIkbzE2JGcxJHQxNzUyNjkwMTAzJGoyNiRsMCRoMA..,,9845003D98SCC2851458,1,,,assets-cms.kraken.com,1,3b2928d744f0,pdf,direct,pdf,84e60428168cb13ddca30450838cb8331c810db4d6ffdb7dad86510ee0c1a7f7,assets-cms.kraken.com,https://assets-cms.kraken.com/files/51n36hrp/facade/843fb2ca891fdbe9098e3ae1c3a1698442c47b3b.pdf?_gl=1*1e4qt9l*_gcl_au*MTcxOTgwMTU0NC4xNzUwMDk4MDIx*_ga*MTc4ODAyNDUxNC4xNzUwMDk4MDIx*_ga_5MVYWBPCBE*czE3NTI2ODY0MDIkbzE2JGcxJHQxNzUyNjkwMTAzJGoyNiRsMCRoMA..,,,,,,,,,,,,,,,,0
OTHER,308,0,unchanged,0,IE,19/06/2025,2025-06-19,https://assets-cms.kraken.com/files/51n36hrp/facade/931b4551089100150791ae0fe3bb2ddb7cfd1b7c.pdf?_gl=1*1e4qt9l*_gcl_au*MTcxOTgwMTU0NC4xNzUwMDk4MDIx*_ga*MTc4ODAyNDUxNC4xNzUwMDk4MDIx*_ga_5MVYWBPCBE*czE3NTI2ODY0MDIkbzE2JGcxJHQxNzUyNjkwMTAzJGoyNiRsMCRoMA..,,9845003D98SCC2851458,1,,,assets-cms.kraken.com,1,2b96d39d2c6d,pdf,direct,pdf,c19a08d1bf7be18b715e7d1e80a9efc451062ca133d779b8ef92da012ca287e0,assets-cms.kraken.com,https://assets-cms.kraken.com/files/51n36hrp/facade/931b4551089100150791ae0fe3bb2ddb7cfd1b7c.pdf?_gl=1*1e4qt9l*_gcl_au*MTcxOTgwMTU0NC4xNzUwMDk4MDIx*_ga*MTc4ODAyNDUxNC4xNzUwMDk4MDIx*_ga_5MVYWBPCBE*czE3NTI2ODY0MDIkbzE2JGcxJHQxNzUyNjkwMTAzJGoyNiRsMCRoMA..,,,,,,,,,,,,,,,,0
OTHER,309,0,unchanged,0,IE,19/06/2025,2025-06-19,https://assets-cms.kraken.com/files/51n36hrp/facade/069192d5bc9593af56ec97a15c34aacc281fb3f4.pdf?_gl=1*1e4qt9l*_gcl_au*MTcxOTgwMTU0NC4xNzUwMDk4MDIx*_ga*MTc4ODAyNDUxNC4xNzUwMDk4MDIx*_ga_5MVYWBPCBE*czE3NTI2ODY0MDIkbzE2JGcxJHQxNzUyNjkwMTAzJGoyNiRsMCRoMA..,,9845003D98SCC2851458,1,,,assets-cms.kraken.com,1,143ce1d531b4,pdf,direct,pdf,85a54595218f4c5aaf53f2172e684f420ee7fb68e015408ba840c54e0b0c39b2,assets-cms.kraken.com,https://assets-cms.kraken.com/files/51n36hrp/facade/069192d5bc9593af56ec97a15c34aacc281fb3f4.pdf?_gl=1*1e4qt9l*_gcl_au*MTcxOTgwMTU0NC4xNzUwMDk4MDIx*_ga*MTc4ODAyNDUxNC4xNzUwMDk4MDIx*_ga_5MVYWBPCBE*czE3NTI2ODY0MDIkbzE2JGcxJHQxNzUyNjkwMTAzJGoyNiRsMCRoMA..,,,,,,,,,,,,,,,,0
OTHER,310,0,unchanged,0,IE,19/06/2025,2025-06-19,https://assets-cms.kraken.com/files/51n36hrp/facade/590488ecc972bff118567698b0d226f099b8ee6d.pdf?_gl=1*1wzjll*_gcl_au*MTcxOTgwMTU0NC4xNzUwMDk4MDIx*_ga*MTc4ODAyNDUxNC4xNzUwMDk4MDIx*_ga_5MVYWBPCBE*czE3NTI2ODY0MDIkbzE2JGcxJHQxNzUyNjkwMTAzJGoyNiRsMCRoMA..,,9845003D98SCC2851458,1,,,assets-cms.kraken.com,1,942c91193bd4,pdf,direct,pdf,e69d3f9b1eedc9073ec8df7258a64cee4287028ff22a048726e58d6ce79209ef,assets-cms.kraken.com,https://assets-cms.kraken.com/files/51n36hrp/facade/590488ecc972bff118567698b0d226f099b8ee6d.pdf?_gl=1*1wzjll*_gcl_au*MTcxOTgwMTU0NC4xNzUwMDk4MDIx*_ga*MTc4ODAyNDUxNC4xNzUwMDk4MDIx*_ga_5MVYWBPCBE*czE3NTI2ODY0MDIkbzE2JGcxJHQxNzUyNjkwMTAzJGoyNiRsMCRoMA..,,,,,,,,,,,,,,,,0
OTHER,311,0,unchanged,0,IE,19/06/2025,2025-06-19,https://assets-cms.kraken.com/files/51n36hrp/facade/1668eaad1e79a7f75f04a0e97253eb80c8260048.pdf?_gl=1*1wzjll*_gcl_au*MTcxOTgwMTU0NC4xNzUwMDk4MDIx*_ga*MTc4ODAyNDUxNC4xNzUwMDk4MDIx*_ga_5MVYWBPCBE*czE3NTI2ODY0MDIkbzE2JGcxJHQxNzUyNjkwMTAzJGoyNiRsMCRoMA..,,9845003D98SCC2851458,1,,,assets-cms.kraken.com,1,3623e9bd6cd0,pdf,direct,pdf,c33492fb3bf31a16cae0e439acfa1c356fa48a474593d76aec23ff770fafcd62,assets-cms.kraken.com,https://assets-cms.kraken.com/files/51n36hrp/facade/1668eaad1e79a7f75f04a0e97253eb80c8260048.pdf?_gl=1*1wzjll*_gcl_au*MTcxOTgwMTU0NC4xNzUwMDk4MDIx*_ga*MTc4ODAyNDUxNC4xNzUwMDk4MDIx*_ga_5MVYWBPCBE*czE3NTI2ODY0MDIkbzE2JGcxJHQxNzUyNjkwMTAzJGoyNiRsMCRoMA..,,,,,,,,,,,,,,,,0
OTHER,312,0,unchanged,0,IE,19/06/2025,2025-06-19,https://assets-cms.kraken.com/files/51n36hrp/facade/bbdf09182371efa703b522bb3bb48df4193eef8f.pdf?_gl=1*1wzjll*_gcl_au*MTcxOTgwMTU0NC4xNzUwMDk4MDIx*_ga*MTc4ODAyNDUxNC4xNzUwMDk4MDIx*_ga_5MVYWBPCBE*czE3NTI2ODY0MDIkbzE2JGcxJHQxNzUyNjkwMTAzJGoyNiRsMCRoMA..,,9845003D98SCC2851458,1,,,assets-cms.kraken.com,1,063e69909e77,pdf,direct,pdf,5e645e88ac6367ccd2557285fab74cb2795c942ca32ab6c4dd2f755c59d1da16,assets-cms.kraken.com,https://assets-cms.kraken.com/files/51n36hrp/facade/bbdf09182371efa703b522bb3bb48df4193eef8f.pdf?_gl=1*1wzjll*_gcl_au*MTcxOTgwMTU0NC4xNzUwMDk4MDIx*_ga*MTc4ODAyNDUxNC4xNzUwMDk4MDIx*_ga_5MVYWBPCBE*czE3NTI2ODY0MDIkbzE2JGcxJHQxNzUyNjkwMTAzJGoyNiRsMCRoMA..,,,,,,,,,,,,,,,,0
OTHER,313,0,unchanged,0,IE,19/06/2025,2025-06-19,https://assets-cms.kraken.com/files/51n36hrp/facade/70183b5aa92fe09ef15a80bff9fee69673e59f74.pdf?_gl=1*1wzjll*_gcl_au*MTcxOTgwMTU0NC4xNzUwMDk4MDIx*_ga*MTc4ODAyNDUxNC4xNzUwMDk4MDIx*_ga_5MVYWBPCBE*czE3NTI2ODY0MDIkbzE2JGcxJHQxNzUyNjkwMTAzJGoyNiRsMCRoMA..,,9845003D98SCC2851458,1,,,assets-cms.kraken.com,1,dbc4bc177a0c,pdf,direct,pdf,ac01a39c026cece912e0c74025fb427e8db5b55e5bbbc333f3c4ba86d88313e6,assets-cms.kraken.com,https://assets-cms.kraken.com/files/51n36hrp/facade/70183b5aa92fe09ef15a80bff9fee69673e59f74.pdf?_gl=1*1wzjll*_gcl_au*MTcxOTgwMTU0NC4xNzUwMDk4MDIx*_ga*MTc4ODAyNDUxNC4xNzUwMDk4MDIx*_ga_5MVYWBPCBE*czE3NTI2ODY0MDIkbzE2JGcxJHQxNzUyNjkwMTAzJGoyNiRsMCRoMA..,,,,,,,,,,,,,,,,0
OTHER,314,0,unchanged,0,IE,26/06/2025,2025-06-26,https://assets-cms.kraken.com/files/51n36hrp/facade/3e23b45bad4e6e8471bd87f39f30627b6df91bbd.pdf?_gl=1*t349mx*_gcl_au*MTcxOTgwMTU0NC4xNzUwMDk4MDIx*_ga*MTc4ODAyNDUxNC4xNzUwMDk4MDIx*_ga_5MVYWBPCBE*czE3NTI2ODY0MDIkbzE2JGcxJHQxNzUyNjkwMTAzJGoyNiRsMCRoMA..,,9845003D98SCC2851458,1,,,assets-cms.kraken.com,1,eaf2d2975485,pdf,direct,pdf,d67d59ea41018babf487089021456a69fbab2385b3b13f0085a26732a633d509,assets-cms.kraken.com,https://assets-cms.kraken.com/files/51n36hrp/facade/3e23b45bad4e6e8471bd87f39f30627b6df91bbd.pdf?_gl=1*t349mx*_gcl_au*MTcxOTgwMTU0NC4xNzUwMDk4MDIx*_ga*MTc4ODAyNDUxNC4xNzUwMDk4MDIx*_ga_5MVYWBPCBE*czE3NTI2ODY0MDIkbzE2JGcxJHQxNzUyNjkwMTAzJGoyNiRsMCRoMA..,,,,,,,,,,,,,,,,0
OTHER,315,0,unchanged,0,IE,26/06/2025,2025-06-26,https://assets-cms.kraken.com/files/51n36hrp/facade/d682714d12a7918a85c5cc3e303616a633b7fce4.pdf?_gl=1*t349mx*_gcl_au*MTcxOTgwMTU0NC4xNzUwMDk4MDIx*_ga*MTc4ODAyNDUxNC4xNzUwMDk4MDIx*_ga_5MVYWBPCBE*czE3NTI2ODY0MDIkbzE2JGcxJHQxNzUyNjkwMTAzJGoyNiRsMCRoMA..,,9845003D98SCC2851458,1,,,assets-cms.kraken.com,1,0aee41d77d39,pdf,direct,pdf,4d3a724dbcd1a4e8ecd99834b9d846c26012e3d4d2447a7d2e5a3044144dc3cf,assets-cms.kraken.com,https://assets-cms.kraken.com/files/51n36hrp/facade/d682714d12a7918a85c5cc3e303616a633b7fce4.pdf?_gl=1*t349mx*_gcl_au*MTcxOTgwMTU0NC4xNzUwMDk4MDIx*_ga*MTc4ODAyNDUxNC4xNzUwMDk4MDIx*_ga_5MVYWBPCBE*czE3NTI2ODY0MDIkbzE2JGcxJHQxNzUyNjkwMTAzJGoyNiRsMCRoMA..,,,,,,,,,,,,,,,,0
OTHER,316,0,unchanged,0,IE,26/06/2025,2025-06-26,https://assets-cms.kraken.com/files/51n36hrp/facade/ed883fc89a9fb172b59a0ff8ce9818a21908ff4a.pdf?_gl=1*t349mx*_gcl_au*MTcxOTgwMTU0NC4xNzUwMDk4MDIx*_ga*MTc4ODAyNDUxNC4xNzUwMDk4MDIx*_ga_5MVYWBPCBE*czE3NTI2ODY0MDIkbzE2JGcxJHQxNzUyNjkwMTAzJGoyNiRsMCRoMA..,,9845003D98SCC2851458,1,,,assets-cms.kraken.com,1,27f91d2f03af,pdf,direct,pdf,abd505c7efe1040544157a3b93f70a4396dde3d4754c00ce38f2712ac4159c4e,assets-cms.kraken.com,https://assets-cms.kraken.com/files/51n36hrp/facade/ed883fc89a9fb172b59a0ff8ce9818a21908ff4a.pdf?_gl=1*t349mx*_gcl_au*MTcxOTgwMTU0NC4xNzUwMDk4MDIx*_ga*MTc4ODAyNDUxNC4xNzUwMDk4MDIx*_ga_5MVYWBPCBE*czE3NTI2ODY0MDIkbzE2JGcxJHQxNzUyNjkwMTAzJGoyNiRsMCRoMA..,,,,,,,,,,,,,,,,0
OTHER,317,0,unchanged,0,IE,26/06/2025,2025-06-26,https://assets-cms.kraken.com/files/51n36hrp/facade/2f54bcc93d9decc744f258a048b9205527e08a92.pdf?_gl=1*yze9sq*_gcl_au*MTcxOTgwMTU0NC4xNzUwMDk4MDIx*_ga*MTc4ODAyNDUxNC4xNzUwMDk4MDIx*_ga_5MVYWBPCBE*czE3NTI2ODY0MDIkbzE2JGcxJHQxNzUyNjkwMTAzJGoyNiRsMCRoMA..,,9845003D98SCC2851458,1,,,assets-cms.kraken.com,1,9bc230cbdd34,pdf,direct,pdf,cb2bced0ba5f34efc52b12fed3895a42a59e50808106cfcb69c23bd80edade7d,assets-cms.kraken.com,https://assets-cms.kraken.com/files/51n36hrp/facade/2f54bcc93d9decc744f258a048b9205527e08a92.pdf?_gl=1*yze9sq*_gcl_au*MTcxOTgwMTU0NC4xNzUwMDk4MDIx*_ga*MTc4ODAyNDUxNC4xNzUwMDk4MDIx*_ga_5MVYWBPCBE*czE3NTI2ODY0MDIkbzE2JGcxJHQxNzUyNjkwMTAzJGoyNiRsMCRoMA..,,,,,,,,,,,,,,,,0
OTHER,318,0,unchanged,0,IE,26/06/2025,2025-06-26,https://assets-cms.kraken.com/files/51n36hrp/facade/5e2072afc89b939d8c6fc140ea7f396911e9bc6c.pdf?_gl=1*yze9sq*_gcl_au*MTcxOTgwMTU0NC4xNzUwMDk4MDIx*_ga*MTc4ODAyNDUxNC4xNzUwMDk4MDIx*_ga_5MVYWBPCBE*czE3NTI2ODY0MDIkbzE2JGcxJHQxNzUyNjkwMTAzJGoyNiRsMCRoMA..,,9845003D98SCC2851458,1,,,assets-cms.kraken.com,1,d0854a3ae0ed,pdf,direct,pdf,df2bc001da6297e267f7adde19f6f1293377f9efe7cae93a06ed247a72cbf6e9,assets-cms.kraken.com,https://assets-cms.kraken.com/files/51n36hrp/facade/5e2072afc89b939d8c6fc140ea7f396911e9bc6c.pdf?_gl=1*yze9sq*_gcl_au*MTcxOTgwMTU0NC4xNzUwMDk4MDIx*_ga*MTc4ODAyNDUxNC4xNzUwMDk4MDIx*_ga_5MVYWBPCBE*czE3NTI2ODY0MDIkbzE2JGcxJHQxNzUyNjkwMTAzJGoyNiRsMCRoMA..,,,,,,,,,,,,,,,,0
OTHER,319,0,unchanged,0,IE,26/06/2025,2025-06-26,https://assets-cms.kraken.com/files/51n36hrp/facade/919db069e5f3e24ee6ca751c59f34cae01c37ca3.pdf?_gl=1*yze9sq*_gcl_au*MTcxOTgwMTU0NC4xNzUwMDk4MDIx*_ga*MTc4ODAyNDUxNC4xNzUwMDk4MDIx*_ga_5MVYWBPCBE*czE3NTI2ODY0MDIkbzE2JGcxJHQxNzUyNjkwMTAzJGoyNiRsMCRoMA..,,9845003D98SCC2851458,1,,,assets-cms.kraken.com,1,3c33f7c26f19,pdf,direct,pdf,69071c0ff0e7f83e46c00d49804365f9933d71e35e7a793087f44c73b4da06b1,assets-cms.kraken.com,https://assets-cms.kraken.com/files/51n36hrp/facade/919db069e5f3e24ee6ca751c59f34cae01c37ca3.pdf?_gl=1*yze9sq*_gcl_au*MTcxOTgwMTU0NC4xNzUwMDk4MDIx*_ga*MTc4ODAyNDUxNC4xNzUwMDk4MDIx*_ga_5MVYWBPCBE*czE3NTI2ODY0MDIkbzE2JGcxJHQxNzUyNjkwMTAzJGoyNiRsMCRoMA..,,,,,,,,,,,,,,,,0
OTHER,320,0,unchanged,0,IE,26/06/2025,2025-06-26,https://assets-cms.kraken.com/files/51n36hrp/facade/ffaf7f9f6516cd797b8028e1fd0f3a0381474faf.pdf?_gl=1*y154rm*_gcl_au*MTcxOTgwMTU0NC4xNzUwMDk4MDIx*_ga*MTc4ODAyNDUxNC4xNzUwMDk4MDIx*_ga_5MVYWBPCBE*czE3NTI2ODY0MDIkbzE2JGcxJHQxNzUyNjkwMTAzJGoyNiRsMCRoMA..,,9845003D98SCC2851458,1,,,assets-cms.kraken.com,1,d422a570099a,pdf,direct,pdf,4bfc24314fa55fb45c76f0105d242910c65ab333b93319fbb24c38607d7231b4,assets-cms.kraken.com,https://assets-cms.kraken.com/files/51n36hrp/facade/ffaf7f9f6516cd797b8028e1fd0f3a0381474faf.pdf?_gl=1*y154rm*_gcl_au*MTcxOTgwMTU0NC4xNzUwMDk4MDIx*_ga*MTc4ODAyNDUxNC4xNzUwMDk4MDIx*_ga_5MVYWBPCBE*czE3NTI2ODY0MDIkbzE2JGcxJHQxNzUyNjkwMTAzJGoyNiRsMCRoMA..,,,,,,,,,,,,,,,,0
OTHER,321,0,unchanged,0,IE,26/06/2025,2025-06-26,https://assets-cms.kraken.com/files/51n36hrp/facade/276e476f947164a6450408f1c6a5c8644f5d9e0e.pdf?_gl=1*y154rm*_gcl_au*MTcxOTgwMTU0NC4xNzUwMDk4MDIx*_ga*MTc4ODAyNDUxNC4xNzUwMDk4MDIx*_ga_5MVYWBPCBE*czE3NTI2ODY0MDIkbzE2JGcxJHQxNzUyNjkwMTAzJGoyNiRsMCRoMA..,254900D14600EDO8T480,9845003D98SCC2851458,1,,,assets-cms.kraken.com,1,c6068edf7e9c,pdf,direct,pdf,a04e1565344a349fe8211ee48bed8f40f694447bfd03a6031350e1fa588e1645,assets-cms.kraken.com,https://assets-cms.kraken.com/files/51n36hrp/facade/276e476f947164a6450408f1c6a5c8644f5d9e0e.pdf?_gl=1*y154rm*_gcl_au*MTcxOTgwMTU0NC4xNzUwMDk4MDIx*_ga*MTc4ODAyNDUxNC4xNzUwMDk4MDIx*_ga_5MVYWBPCBE*czE3NTI2ODY0MDIkbzE2JGcxJHQxNzUyNjkwMTAzJGoyNiRsMCRoMA..,,,,,,,,,,,,,,LAPSED/ACTIVE,,0
OTHER,322,0,unchanged,0,IE,26/06/2025,2025-06-26,https://assets-cms.kraken.com/files/51n36hrp/facade/58054248c9b6c4d11df0f30a912bfd098e677fdc.pdf?_gl=1*y154rm*_gcl_au*MTcxOTgwMTU0NC4xNzUwMDk4MDIx*_ga*MTc4ODAyNDUxNC4xNzUwMDk4MDIx*_ga_5MVYWBPCBE*czE3NTI2ODY0MDIkbzE2JGcxJHQxNzUyNjkwMTAzJGoyNiRsMCRoMA..,,9845003D98SCC2851458,1,,,assets-cms.kraken.com,1,1702d3c3633d,pdf,direct,pdf,38c88c37af7fe7cb48b45cfd4636f3957283b5889d332a29f083bf10cbf91e42,assets-cms.kraken.com,https://assets-cms.kraken.com/files/51n36hrp/facade/58054248c9b6c4d11df0f30a912bfd098e677fdc.pdf?_gl=1*y154rm*_gcl_au*MTcxOTgwMTU0NC4xNzUwMDk4MDIx*_ga*MTc4ODAyNDUxNC4xNzUwMDk4MDIx*_ga_5MVYWBPCBE*czE3NTI2ODY0MDIkbzE2JGcxJHQxNzUyNjkwMTAzJGoyNiRsMCRoMA..,,,,,,,,,,,,,,,,0
OTHER,323,0,unchanged,0,IE,26/06/2025,2025-06-26,https://assets-cms.kraken.com/files/51n36hrp/facade/2a2555a9c99c57e6b63008fea34e962d1fa6720b.pdf?_gl=1*5pub82*_gcl_au*MTcxOTgwMTU0NC4xNzUwMDk4MDIx*_ga*MTc4ODAyNDUxNC4xNzUwMDk4MDIx*_ga_5MVYWBPCBE*czE3NTI2ODY0MDIkbzE2JGcxJHQxNzUyNjkwMTAzJGoyNiRsMCRoMA..,,9845003D98SCC2851458,1,,,assets-cms.kraken.com,1,7aa03265d9b1,pdf,direct,pdf,2bab9dc6c7dc0bcc5fa3af9fdf77b1dd17022fa6a2dbe860a39cb6ec79708a58,assets-cms.kraken.com,https://assets-cms.kraken.com/files/51n36hrp/facade/2a2555a9c99c57e6b63008fea34e962d1fa6720b.pdf?_gl=1*5pub82*_gcl_au*MTcxOTgwMTU0NC4xNzUwMDk4MDIx*_ga*MTc4ODAyNDUxNC4xNzUwMDk4MDIx*_ga_5MVYWBPCBE*czE3NTI2ODY0MDIkbzE2JGcxJHQxNzUyNjkwMTAzJGoyNiRsMCRoMA..,,,,,,,,,,,,,,,,0
OTHER,324,0,unchanged,0,IE,26/06/2025,2025-06-26,https://assets-cms.kraken.com/files/51n36hrp/facade/7bc138abcc70976581460999aadcdbe1133c38e0.pdf?_gl=1*5pub82*_gcl_au*MTcxOTgwMTU0NC4xNzUwMDk4MDIx*_ga*MTc4ODAyNDUxNC4xNzUwMDk4MDIx*_ga_5MVYWBPCBE*czE3NTI2ODY0MDIkbzE2JGcxJHQxNzUyNjkwMTAzJGoyNiRsMCRoMA..,,9845003D98SCC2851458,1,,,assets-cms.kraken.com,1,21a705966586,pdf,direct,pdf,655cf4dd192161824b08658e119f801ce9f8ddbe438a9c5bc262ee1f9806bdfb,assets-cms.kraken.com,https://assets-cms.kraken.com/files/51n36hrp/facade/7bc138abcc70976581460999aadcdbe1133c38e0.pdf?_gl=1*5pub82*_gcl_au*MTcxOTgwMTU0NC4xNzUwMDk4MDIx*_ga*MTc4ODAyNDUxNC4xNzUwMDk4MDIx*_ga_5MVYWBPCBE*czE3NTI2ODY0MDIkbzE2JGcxJHQxNzUyNjkwMTAzJGoyNiRsMCRoMA..,,,,,,,,,,,,,,,,0
OTHER,325,0,unchanged,0,IE,26/06/2025,2025-06-26,https://assets-cms.kraken.com/files/51n36hrp/facade/fc72cf7b4e7d39d624c2dd80c569aae706caba43.pdf?_gl=1*5pub82*_gcl_au*MTcxOTgwMTU0NC4xNzUwMDk4MDIx*_ga*MTc4ODAyNDUxNC4xNzUwMDk4MDIx*_ga_5MVYWBPCBE*czE3NTI2ODY0MDIkbzE2JGcxJHQxNzUyNjkwMTAzJGoyNiRsMCRoMA..,,9845003D98SCC2851458,1,,,assets-cms.kraken.com,1,655530e42a61,pdf,direct,pdf,27ad6d61901e5c540006347a3d613b76d8570b5d135c9622cb07a5b83d090d6d,assets-cms.kraken.com,https://assets-cms.kraken.com/files/51n36hrp/facade/fc72cf7b4e7d39d624c2dd80c569aae706caba43.pdf?_gl=1*5pub82*_gcl_au*MTcxOTgwMTU0NC4xNzUwMDk4MDIx*_ga*MTc4ODAyNDUxNC4xNzUwMDk4MDIx*_ga_5MVYWBPCBE*czE3NTI2ODY0MDIkbzE2JGcxJHQxNzUyNjkwMTAzJGoyNiRsMCRoMA..,,,,,,,,,,,,,,,,0
OTHER,326,0,unchanged,0,IE,26/06/2025,2025-06-26,https://assets-cms.kraken.com/files/51n36hrp/facade/3a6e11f992cc7664d1cd9a5bf909b45541281cda.pdf?_gl=1*5pub82*_gcl_au*MTcxOTgwMTU0NC4xNzUwMDk4MDIx*_ga*MTc4ODAyNDUxNC4xNzUwMDk4MDIx*_ga_5MVYWBPCBE*czE3NTI2ODY0MDIkbzE2JGcxJHQxNzUyNjkwMTAzJGoyNiRsMCRoMA..,,9845003D98SCC2851458,1,,,assets-cms.kraken.com,1,3212224db9e5,pdf,direct,pdf,c0de309c426cfc944baf79bb0d3924da7c1fb39cd35345284e54d1ce33ad2860,assets-cms.kraken.com,https://assets-cms.kraken.com/files/51n36hrp/facade/3a6e11f992cc7664d1cd9a5bf909b45541281cda.pdf?_gl=1*5pub82*_gcl_au*MTcxOTgwMTU0NC4xNzUwMDk4MDIx*_ga*MTc4ODAyNDUxNC4xNzUwMDk4MDIx*_ga_5MVYWBPCBE*czE3NTI2ODY0MDIkbzE2JGcxJHQxNzUyNjkwMTAzJGoyNiRsMCRoMA..,,,,,,,,,,,,,,,,0
OTHER,327,0,unchanged,0,IE,26/06/2025,2025-06-26,https://assets-cms.kraken.com/files/51n36hrp/facade/996b1249c104482a25ca0380bf24ca3046847443.pdf?_gl=1*5pub82*_gcl_au*MTcxOTgwMTU0NC4xNzUwMDk4MDIx*_ga*MTc4ODAyNDUxNC4xNzUwMDk4MDIx*_ga_5MVYWBPCBE*czE3NTI2ODY0MDIkbzE2JGcxJHQxNzUyNjkwMTAzJGoyNiRsMCRoMA..,,9845003D98SCC2851458,1,,,assets-cms.kraken.com,1,d9d2b3ea5306,pdf,direct,pdf,a3850229a989fe915cd5c00239ff5f821d7e04d06da74ed163a982b5f2985ec6,assets-cms.kraken.com,https://assets-cms.kraken.com/files/51n36hrp/facade/996b1249c104482a25ca0380bf24ca3046847443.pdf?_gl=1*5pub82*_gcl_au*MTcxOTgwMTU0NC4xNzUwMDk4MDIx*_ga*MTc4ODAyNDUxNC4xNzUwMDk4MDIx*_ga_5MVYWBPCBE*czE3NTI2ODY0MDIkbzE2JGcxJHQxNzUyNjkwMTAzJGoyNiRsMCRoMA..,,,,,,,,,,,,,,,,0
OTHER,328,0,unchanged,0,IE,26/06/2025,2025-06-26,https://assets-cms.kraken.com/files/51n36hrp/facade/8ab058c4b0e03a71c5b12174aa9c17fe13888572.pdf?_gl=1*1irf9fn*_gcl_au*MTcxOTgwMTU0NC4xNzUwMDk4MDIx*_ga*MTc4ODAyNDUxNC4xNzUwMDk4MDIx*_ga_5MVYWBPCBE*czE3NTI2ODY0MDIkbzE2JGcxJHQxNzUyNjkwMTAzJGoyNiRsMCRoMA..,,9845003D98SCC2851458,1,,,assets-cms.kraken.com,1,6709df73fd36,pdf,direct,pdf,3f4af5a7e2a0e096891c27aa2ef574ac4a3a42fc9169a3f610ba2497eb7bc555,assets-cms.kraken.com,https://assets-cms.kraken.com/files/51n36hrp/facade/8ab058c4b0e03a71c5b12174aa9c17fe13888572.pdf?_gl=1*1irf9fn*_gcl_au*MTcxOTgwMTU0NC4xNzUwMDk4MDIx*_ga*MTc4ODAyNDUxNC4xNzUwMDk4MDIx*_ga_5MVYWBPCBE*czE3NTI2ODY0MDIkbzE2JGcxJHQxNzUyNjkwMTAzJGoyNiRsMCRoMA..,,,,,,,,,,,,,,,,0
OTHER,329,0,unchanged,0,IE,26/06/2025,2025-06-26,https://assets-cms.kraken.com/files/51n36hrp/facade/8cc5230818a5a664200478168e5b5da940112ab5.pdf?_gl=1*1irf9fn*_gcl_au*MTcxOTgwMTU0NC4xNzUwMDk4MDIx*_ga*MTc4ODAyNDUxNC4xNzUwMDk4MDIx*_ga_5MVYWBPCBE*czE3NTI2ODY0MDIkbzE2JGcxJHQxNzUyNjkwMTAzJGoyNiRsMCRoMA..,,9845003D98SCC2851458,1,,,assets-cms.kraken.com,1,c54a2429055f,pdf,direct,pdf,67087522828f5009013ee739fc9be365ae38555524c7342c1d1d6a5698cfaa35,assets-cms.kraken.com,https://assets-cms.kraken.com/files/51n36hrp/facade/8cc5230818a5a664200478168e5b5da940112ab5.pdf?_gl=1*1irf9fn*_gcl_au*MTcxOTgwMTU0NC4xNzUwMDk4MDIx*_ga*MTc4ODAyNDUxNC4xNzUwMDk4MDIx*_ga_5MVYWBPCBE*czE3NTI2ODY0MDIkbzE2JGcxJHQxNzUyNjkwMTAzJGoyNiRsMCRoMA..,,,,,,,,,,,,,,,,0
OTHER,330,0,unchanged,0,IE,26/06/2025,2025-06-26,https://assets-cms.kraken.com/files/51n36hrp/facade/01104996724ff1fb11837ea7c908d8b7c7febc45.pdf?_gl=1*1irf9fn*_gcl_au*MTcxOTgwMTU0NC4xNzUwMDk4MDIx*_ga*MTc4ODAyNDUxNC4xNzUwMDk4MDIx*_ga_5MVYWBPCBE*czE3NTI2ODY0MDIkbzE2JGcxJHQxNzUyNjkwMTAzJGoyNiRsMCRoMA..,,9845003D98SCC2851458,1,,,assets-cms.kraken.com,1,bd227f69ef26,pdf,direct,pdf,88319cdbc676168029d52fcf14cd8b30e97eb5ebd1eb6c6eaba76595cc834c55,assets-cms.kraken.com,https://assets-cms.kraken.com/files/51n36hrp/facade/01104996724ff1fb11837ea7c908d8b7c7febc45.pdf?_gl=1*1irf9fn*_gcl_au*MTcxOTgwMTU0NC4xNzUwMDk4MDIx*_ga*MTc4ODAyNDUxNC4xNzUwMDk4MDIx*_ga_5MVYWBPCBE*czE3NTI2ODY0MDIkbzE2JGcxJHQxNzUyNjkwMTAzJGoyNiRsMCRoMA..,,,,,,,,,,,,,,,,0
OTHER,331,0,unchanged,0,IE,26/06/2025,2025-06-26,https://www.availproject.org/mica-whitepaper,,,0,,,www.availproject.org,1,5d4a441c1b8c,html,direct,html,1086ad525b271ffd4dcc46cbe6ba1d81d3965ee62b0fef38e1c801a4da4e509b,www.availproject.org,https://www.availproject.org/mica-whitepaper,,,,,,,,,,,,,,,,0
OTHER,332,0,unchanged,0,IE,02/07/2025,2025-07-02,https://opengamefoundation.org/,,,0,,,opengamefoundation.org,1,451589f755ee,html,direct,html,815620cb6d580b0eb37be21b12269eea7115e1efa9c22b8fccda9cf2f69fb1c4,opengamefoundation.org,https://opengamefoundation.org/,,,,,,,,,,,,,,,,0
OTHER,333,0,unchanged,0,IE,07/07/2025,2025-07-07,https://storage.googleapis.com/infinit-asset-public/infinit-landing/documents/INFINIT_MiCAR_WHITE_PAPER.pdf,,,0,,,storage.googleapis.com,1,d46fb867663f,pdf,direct,pdf,3e89a4e90def2e9b2a767cfd2f99254c7dc7770c80641e33d5dabaf68336c8e2,storage.googleapis.com,https://storage.googleapis.com/infinit-asset-public/infinit-landing/documents/INFINIT_MiCAR_WHITE_PAPER.pdf,,,,,,,,,,,,,,,,0
OTHER,334,0,unchanged,0,IE,11/07/2025,2025-07-11,https://uranium.io/en/micar-whitepaper,,,0,,,uranium.io,1,46014b54ba09,html,direct,html,fb8201d6dafe347ba9921a2b36b92e56e75dda93029edfa82f0f5c90f85640f0,uranium.io,https://uranium.io/en/micar-whitepaper,,,,,,,,,,,,,,,,0
OTHER,335,0,unchanged,0,IE,14/07/2025,2025-07-14,https://assets-cms.kraken.com/files/51n36hrp/facade/f92eda9a6017109d949852abe16655376d547f57.pdf,,9845003D98SCC2851458,1,,,assets-cms.kraken.com,1,6b9059bca04c,pdf,direct,pdf,460ddb646a1234e2e1c22e3ff670b65486e725455339b60ced811184230881ac,assets-cms.kraken.com,https://assets-cms.kraken.com/files/51n36hrp/facade/f92eda9a6017109d949852abe16655376d547f57.pdf,,,,,,,,,,,,,,,,0
OTHER,336,0,unchanged,0,IE,14/07/2025,2025-07-14,https://assets-cms.kraken.com/files/51n36hrp/facade/92c254cb58f07238f6bc41fa42ff2a05f04c7fa7.pdf,,9845003D98SCC2851458,1,,,assets-cms.kraken.com,1,a0850f431bcb,pdf,direct,pdf,ddb251ff7132269259b4fe6498197c8f21ebbe0f26dfdbfe1d254fa838be0ffe,assets-cms.kraken.com,https://assets-cms.kraken.com/files/51n36hrp/facade/92c254cb58f07238f6bc41fa42ff2a05f04c7fa7.pdf,,,,,,,,,,,,,,,,0
OTHER,337,0,unchanged,0,IE,14/07/2025,2025-07-14,https://assets-cms.kraken.com/files/51n36hrp/facade/0420f21407c74ed825c8ee56635e0b1b7f6a419b.pdf,,9845003D98SCC2851458,1,,,assets-cms.kraken.com,1,39bf32303f8f,pdf,direct,pdf,a631434f07fb3425b28abce1e4b80812a95d3bb488314475431dfec1b2a74361,assets-cms.kraken.com,https://assets-cms.kraken.com/files/51n36hrp/facade/0420f21407c74ed825c8ee56635e0b1b7f6a419b.pdf,,,,,,,,,,,,,,,,0
OTHER,338,0,unchanged,0,IE,14/07/2025,2025-07-14,https://assets-cms.kraken.com/files/51n36hrp/facade/3a43c274853c755b3ef2e219021f92b1018ceeef.pdf,,9845003D98SCC2851458,1,,,assets-cms.kraken.com,1,c1d4e84d4661,pdf,direct,pdf,115c6708d6539cdc5fd5f03129f62bfc5e05d987b764c481cbca37530b7af32d,assets-cms.kraken.com,https://assets-cms.kraken.com/files/51n36hrp/facade/3a43c274853c755b3ef2e219021f92b1018ceeef.pdf,,,,,,,,,,,,,,,,0
OTHER,339,0,unchanged,0,IE,14/07/2025,2025-07-14,https://assets-cms.kraken.com/files/51n36hrp/facade/69a3d056c305f80d3241cb6dc2661ffba2cb7667.pdf,,9845003D98SCC2851458,1,,,assets-cms.kraken.com,1,93ab515922be,pdf,direct,pdf,fdd3e06014a1071fe23892d342c7c732a3a19d24187a926898a412c0677968e6,assets-cms.kraken.com,https://assets-cms.kraken.com/files/51n36hrp/facade/69a3d056c305f80d3241cb6dc2661ffba2cb7667.pdf,,,,,,,,,,,,,,,,0
OTHER,340,0,rekeyed,0,IE,14/07/2025,2025-07-14,https://assets-cms.kraken.com/files/51n36hrp/facade/21cd74d7f7c63e8dfaaabb3b29549fbaa7f59028.pdf,,9845003D98SCC2851458,1,,,assets-cms.kraken.com,1,aa59ac3f7404,pdf,direct,pdf,781a39cf324237206221830dbe58161279c74e2cc2a7aa1d9cc787977a686c0b,assets-cms.kraken.com,https://assets-cms.kraken.com/files/51n36hrp/facade/21cd74d7f7c63e8dfaaabb3b29549fbaa7f59028.pdf,,,,,,,,,,,,,,,,0
OTHER,341,0,unchanged,0,IE,14/07/2025,2025-07-14,https://assets-cms.kraken.com/files/51n36hrp/facade/72fdd210359c5be1fadf2c4f1f3fef58e117461d.pdf,,9845003D98SCC2851458,1,,,assets-cms.kraken.com,1,75b0fa569d7a,pdf,direct,pdf,acc41536c3cebe1fdd271b074934849f0516b9d90e3cb8c921f354478af723f6,assets-cms.kraken.com,https://assets-cms.kraken.com/files/51n36hrp/facade/72fdd210359c5be1fadf2c4f1f3fef58e117461d.pdf,,,,,,,,,,,,,,,,0
OTHER,342,0,unchanged,0,IE,14/07/2025,2025-07-14,https://assets-cms.kraken.com/files/51n36hrp/facade/e64f2abd83a21784546b11e4c6aa842a664666c1.pdf,,9845003D98SCC2851458,1,,,assets-cms.kraken.com,1,6b2d9caa20f1,pdf,direct,pdf,c67f189cfd49a8f0725309404365fbde90e63e68e7ccc1efe6befe04a3d8a758,assets-cms.kraken.com,https://assets-cms.kraken.com/files/51n36hrp/facade/e64f2abd83a21784546b11e4c6aa842a664666c1.pdf,,,,,,,,,,,,,,,,0
OTHER,343,0,unchanged,0,IE,14/07/2025,2025-07-14,https://assets-cms.kraken.com/files/51n36hrp/facade/31e6b9f923ab0218bd4cb8a5b0ac0cc72040ae1b.pdf,,9845003D98SCC2851458,1,,,assets-cms.kraken.com,1,bb147461b1b5,pdf,direct,pdf,85ecb98517a2c9e61d5bcd6dd6d20e33d3757b54fcca9d80a624023f71f1ca60,assets-cms.kraken.com,https://assets-cms.kraken.com/files/51n36hrp/facade/31e6b9f923ab0218bd4cb8a5b0ac0cc72040ae1b.pdf,,,,,,,,,,,,,,,,0
OTHER,344,0,unchanged,0,IE,14/07/2025,2025-07-14,https://assets-cms.kraken.com/files/51n36hrp/facade/dc9fd02564af68507871472545cec43f4da4c123.pdf,,9845003D98SCC2851458,1,,,assets-cms.kraken.com,1,795bd5fe16bf,pdf,direct,pdf,fab3992afb17e018274c3ef651573ca05348d0371ebd60cfa7664990a735397c,assets-cms.kraken.com,https://assets-cms.kraken.com/files/51n36hrp/facade/dc9fd02564af68507871472545cec43f4da4c123.pdf,,,,,,,,,,,,,,,,0
OTHER,345,0,unchanged,0,IE,14/07/2025,2025-07-14,https://assets-cms.kraken.com/files/51n36hrp/facade/c6165d0b0b926c37f275aa6b885aa08a13afdab1.pdf,,9845003D98SCC2851458,1,,,assets-cms.kraken.com,1,247388ace84b,pdf,direct,pdf,fb7ad645f77a2632a52518fa54b2c737a9712a7e4991246b4afb023333710b63,assets-cms.kraken.com,https://assets-cms.kraken.com/files/51n36hrp/facade/c6165d0b0b926c37f275aa6b885aa08a13afdab1.pdf,,,,,,,,,,,,,,,,0
OTHER,346,0,unchanged,0,IE,14/07/2025,2025-07-14,https://assets-cms.kraken.com/files/51n36hrp/facade/6b1f611816aa0645e9f2a2130e52156629a49307.pdf,,9845003D98SCC2851458,1,,,assets-cms.kraken.com,1,bd2b6e4d2569,pdf,direct,pdf,0c001698257921ae05163a481060298d692182d97f7c800743aa877348f0a6bb,assets-cms.kraken.com,https://assets-cms.kraken.com/files/51n36hrp/facade/6b1f611816aa0645e9f2a2130e52156629a49307.pdf,,,,,,,,,,,,,,,,0
OTHER,347,0,unchanged,0,IE,17/07/2025,2025-07-17,https://docs.dimo.org/foundation/mica-whitepaper,,,0,,,docs.dimo.org,1,f7812bf012e9,http-error,direct,http-error,a697a8cb8dbddbfffa934629a7a239290f5a108f4d3cf69690db41e3ac92201b,dimo.org,https://dimo.org/docs/foundation/mica-whitepaper,,,,,,,,,,,,,,,,0
OTHER,348,0,unchanged,0,IE,15/07/2025,2025-07-15,https://mica.sogni.ai,,,0,,,mica.sogni.ai,1,86df4c05763e,http-error,direct,http-error,9139146277764049d7e234c93f0abd5171cf90cdffc69af3c62cfa483e7f76d6,docsend.com,https://docsend.com/view/spmzfws29i76gcud,,,,,,,,,,,,,,,,0
OTHER,349,0,unchanged,0,IE,18/07/2025,2025-07-18,https://assets-cms.kraken.com/files/51n36hrp/facade/9768c36172176d5e986d73fbbc0946779c6e1cb3.pdf?_gl=1*19oo0jw*_gcl_au*MTcxOTgwMTU0NC4xNzUwMDk4MDIx*_ga*MTc4ODAyNDUxNC4xNzUwMDk4MDIx*_ga_5MVYWBPCBE*czE3NTM4MDM0ODAkbzI4JGcxJHQxNzUzODA0MDA2JGo1OSRsMCRoMA..,,9845003D98SCC2851458,1,,,assets-cms.kraken.com,1,98baac60028b,pdf,direct,pdf,dc38169bfc59d9a012c944f07622a1a5cc4e90d849d1855e7c9a434c0970ec1d,assets-cms.kraken.com,https://assets-cms.kraken.com/files/51n36hrp/facade/9768c36172176d5e986d73fbbc0946779c6e1cb3.pdf?_gl=1*19oo0jw*_gcl_au*MTcxOTgwMTU0NC4xNzUwMDk4MDIx*_ga*MTc4ODAyNDUxNC4xNzUwMDk4MDIx*_ga_5MVYWBPCBE*czE3NTM4MDM0ODAkbzI4JGcxJHQxNzUzODA0MDA2JGo1OSRsMCRoMA..,,,,,,,,,,,,,,,,0
OTHER,350,0,unchanged,0,IE,18/07/2025,2025-07-18,https://assets-cms.kraken.com/files/51n36hrp/facade/b2d36cdfaf04d6125a97ea8b076a8cbd9b05de59.pdf?_gl=1*19oo0jw*_gcl_au*MTcxOTgwMTU0NC4xNzUwMDk4MDIx*_ga*MTc4ODAyNDUxNC4xNzUwMDk4MDIx*_ga_5MVYWBPCBE*czE3NTM4MDM0ODAkbzI4JGcxJHQxNzUzODA0MDA2JGo1OSRsMCRoMA..,,9845003D98SCC2851458,1,,,assets-cms.kraken.com,1,e82e6d39edb1,pdf,direct,pdf,2255cf259d7b71730fa203f3485e115f98cd9e045651592bfc30380478d64e4b,assets-cms.kraken.com,https://assets-cms.kraken.com/files/51n36hrp/facade/b2d36cdfaf04d6125a97ea8b076a8cbd9b05de59.pdf?_gl=1*19oo0jw*_gcl_au*MTcxOTgwMTU0NC4xNzUwMDk4MDIx*_ga*MTc4ODAyNDUxNC4xNzUwMDk4MDIx*_ga_5MVYWBPCBE*czE3NTM4MDM0ODAkbzI4JGcxJHQxNzUzODA0MDA2JGo1OSRsMCRoMA..,,,,,,,,,,,,,,,,0
OTHER,351,0,unchanged,0,IE,18/07/2025,2025-07-18,https://assets-cms.kraken.com/files/51n36hrp/facade/523e476cf746d9b2f6313d5f77a108f7220dd248.pdf?_gl=1*19oo0jw*_gcl_au*MTcxOTgwMTU0NC4xNzUwMDk4MDIx*_ga*MTc4ODAyNDUxNC4xNzUwMDk4MDIx*_ga_5MVYWBPCBE*czE3NTM4MDM0ODAkbzI4JGcxJHQxNzUzODA0MDA2JGo1OSRsMCRoMA..,,9845003D98SCC2851458,1,,,assets-cms.kraken.com,1,571013db6f78,pdf,direct,pdf,42aee1b7933eb16e215173517d50d51005d3d529b7ef4bc84e47475575f16593,assets-cms.kraken.com,https://assets-cms.kraken.com/files/51n36hrp/facade/523e476cf746d9b2f6313d5f77a108f7220dd248.pdf?_gl=1*19oo0jw*_gcl_au*MTcxOTgwMTU0NC4xNzUwMDk4MDIx*_ga*MTc4ODAyNDUxNC4xNzUwMDk4MDIx*_ga_5MVYWBPCBE*czE3NTM4MDM0ODAkbzI4JGcxJHQxNzUzODA0MDA2JGo1OSRsMCRoMA..,,,,,,,,,,,,,,,,0
OTHER,352,0,unchanged,0,IE,22/07/2025,2025-07-22,https://www.matchain.io/whitepaper,,,0,,,www.matchain.io,1,acd632350667,html,direct,html,bdd33526cd578bddf5cf3fca8530688be73132745f668bd1b5cb231990e47c00,www.matchain.io,https://www.matchain.io/whitepaper,,,,,,,,,,,,,,,,0
OTHER,353,0,unchanged,0,IE,24/07/2025,2025-07-24,https://www.gaianet.foundation/micawhitepaper,,,0,,,www.gaianet.foundation,1,5f6b634acae3,html,direct,html,4b09c5a938307c00210bded7d26ccd1965f6c9e6fad699303e84a9468cf89a75,drive.google.com,https://drive.google.com/file/d/1WVR4hz1zoptQtPmTRACNMgqyfojXeja4/view,,,,,,,,,,,,,,,,0
OTHER,354,0,changed,0,IE,24/07/2025,2025-07-24,https://tanssi.network/whitepaper,,,0,,,tanssi.network,1,32376cb7c114,http-error,direct,http-error,16583df33be9a6bcf0af4cdcdc7a9d53fdeed6d4f3910d52b2af429796c1d2ad,www.tanssi.network,https://www.tanssi.network/whitepaper,,,,,,,,,,,,,,,,0
OTHER,355,0,changed,0,IE,25/07/2025,2025-07-25,https://assets-cms.kraken.com/files/51n36hrp/facade/ae3f0232c4c6654e9ca78e3b1a394612ae3eea50.pdf?_gl=1*1tpa1w9*_gcl_au*MTcxOTgwMTU0NC4xNzUwMDk4MDIx*_ga*MTc4ODAyNDUxNC4xNzUwMDk4MDIx*_ga_5MVYWBPCBE*czE3NTM5NTQxNjkkbzMyJGcxJHQxNzUzOTU0NjYzJGoxOCRsMCRoMA..,,,0,,,assets-cms.kraken.com,1,32cfb0f38cdb,pdf,direct,pdf,73074c1c730846e9a79bc7d0007ef8e214a46901d3863667034b5b4e2ec173b6,assets-cms.kraken.com,https://assets-cms.kraken.com/files/51n36hrp/facade/ae3f0232c4c6654e9ca78e3b1a394612ae3eea50.pdf?_gl=1*1tpa1w9*_gcl_au*MTcxOTgwMTU0NC4xNzUwMDk4MDIx*_ga*MTc4ODAyNDUxNC4xNzUwMDk4MDIx*_ga_5MVYWBPCBE*czE3NTM5NTQxNjkkbzMyJGcxJHQxNzUzOTU0NjYzJGoxOCRsMCRoMA..,,,,,,,,,,,,,,,,0
OTHER,356,0,unchanged,0,IE,28/07/2025,2025-07-28,https://assets-cms.kraken.com/files/51n36hrp/facade/7dbfcb939e77a51601ba61eb2b28c33b9757a8ad.pdf?_gl=1*10c6a09*_gcl_au*MTcxOTgwMTU0NC4xNzUwMDk4MDIx*_ga*MTc4ODAyNDUxNC4xNzUwMDk4MDIx*_ga_5MVYWBPCBE*czE3NTM5NTQxNjkkbzMyJGcxJHQxNzUzOTU0NjYzJGoxOCRsMCRoMA..,,,0,,,assets-cms.kraken.com,1,c2b9d0d5cd9d,pdf,direct,pdf,9cbcf1c7d4c0970a48f5544f38a8a3395d99b19f504c861355fb137c7be2cc3c,assets-cms.kraken.com,https://assets-cms.kraken.com/files/51n36hrp/facade/7dbfcb939e77a51601ba61eb2b28c33b9757a8ad.pdf?_gl=1*10c6a09*_gcl_au*MTcxOTgwMTU0NC4xNzUwMDk4MDIx*_ga*MTc4ODAyNDUxNC4xNzUwMDk4MDIx*_ga_5MVYWBPCBE*czE3NTM5NTQxNjkkbzMyJGcxJHQxNzUzOTU0NjYzJGoxOCRsMCRoMA..,,,,,,,,,,,,,,,,0
OTHER,357,0,unchanged,0,IE,28/07/2025,2025-07-28,https://assets-cms.kraken.com/files/51n36hrp/facade/46f9265d9dd13ddf034d67adb22f3e32c8363c90.pdf?_gl=1*1tpa1w9*_gcl_au*MTcxOTgwMTU0NC4xNzUwMDk4MDIx*_ga*MTc4ODAyNDUxNC4xNzUwMDk4MDIx*_ga_5MVYWBPCBE*czE3NTM5NTQxNjkkbzMyJGcxJHQxNzUzOTU0NjYzJGoxOCRsMCRoMA..,,,0,,,assets-cms.kraken.com,1,b078fc778584,pdf,direct,pdf,03369554c238764abb1283db3b567354bc652e49919c3d8e8a11261680fc5515,assets-cms.kraken.com,https://assets-cms.kraken.com/files/51n36hrp/facade/46f9265d9dd13ddf034d67adb22f3e32c8363c90.pdf?_gl=1*1tpa1w9*_gcl_au*MTcxOTgwMTU0NC4xNzUwMDk4MDIx*_ga*MTc4ODAyNDUxNC4xNzUwMDk4MDIx*_ga_5MVYWBPCBE*czE3NTM5NTQxNjkkbzMyJGcxJHQxNzUzOTU0NjYzJGoxOCRsMCRoMA..,,,,,,,,,,,,,,,,0
OTHER,358,0,changed,0,IE,28/07/2025,2025-07-28,http://saros.foundation,,,0,,,saros.foundation,1,d62a451f2ce4,http-error,direct,http-error,e3b0c44298fc1c149afbf4c8996fb92427ae41e4649b934ca495991b7852b855,saros.foundation,http://saros.foundation,,,,,,,,,,,,,,,,0
OTHER,359,0,unchanged,0,IE,29/07/2025,2025-07-29,https://stg.ogfcorp.com,,,0,,,stg.ogfcorp.com,1,364ba5f50928,ixbrl-esma,hop,ixbrl-esma,59f408dc523902a7491b1d4f5667c54f620fa80b77efb6a3c21e1d90e9158c21,contents.crosstoken.io,https://contents.crosstoken.io/white-paper/260713_WhitePaper_ONE_Token_OGF_BVI_Ltd_VG_EN_ID_3557280.xhtml,1.1,1,,,crosstoken.io,0,0,1,,,,2026-07-13,,,,0
OTHER,360,0,changed,0,IE,29/07/2025,2025-07-29,https://www.probablynothing.dev/MiCAGMEOW.pdf,,,0,,,www.probablynothing.dev,1,ad9ffc550dcd,pdf,direct,pdf,4d5a9f0aa803ee62d32e2aef5ac9ae59c89c8cc826502a4be137867b748412bd,www.probablynothing.dev,https://www.probablynothing.dev/MiCAGMEOW.pdf,,,,,,,,,,,,,,,,0
OTHER,361,0,unchanged,0,IE,30/07/2025,2025-07-30,https://cdn.prod.website-files.com/687a67e7be72b7854e6ea4b4/68ade496b54e265ba6ddd204_Sapien%20Token%20White%20Paper%20.pdf,,,0,,,cdn.prod.website-files.com,1,e00940742c77,pdf,direct,pdf,16c8d696b0153886fbfcac5422047efe5337c6a0dd45c3708012df370d440262,cdn.prod.website-files.com,https://cdn.prod.website-files.com/687a67e7be72b7854e6ea4b4/68ade496b54e265ba6ddd204_Sapien%20Token%20White%20Paper%20.pdf,,,,,,,,,,,,,,,,0
OTHER,362,0,changed,0,IE,30/07/2025,2025-07-30,https://tars.pro/whitepaper,,,0,,,tars.pro,1,3986e6144863,html,direct,html,a4581f63064195faeaa25542712b71c24895ceb9a877db5e3e8fba0f31a3758a,tars.pro,https://tars.pro/whitepaper,,,,,,,,,,,,,,,,0
OTHER,363,0,changed,0,IE,31/07/2025,2025-07-31,https://files.vebetterdao.org/vebetterdaocontainer/B3TR-White-Paper-MICAR.pdf,5299001UWKNB61VZCT67,,0,,,files.vebetterdao.org,1,dcd8ddcfaf36,pdf,direct,pdf,29011e18e79d38d02be3eb9a66ec4330007cb181ef33062a167a1f7ec79c53f8,files.vebetterdao.org,https://files.vebetterdao.org/vebetterdaocontainer/B3TR-White-Paper-MICAR.pdf,,,,,,,,,,,,,,ISSUED/ACTIVE,,0
OTHER,364,0,unchanged,0,IE,31/07/2025,2025-07-31,https://constellationnetwork.io/Constellation-Network-DAG-MiCA-Whitepaper.pdf,,,0,,,constellationnetwork.io,1,c9f5821f76a0,pdf,direct,pdf,70992daa02cbaed9b360c8aafd1988b3e5066367c2af6c750d3cb86040afa816,constellationnetwork.io,https://constellationnetwork.io/Constellation-Network-DAG-MiCA-Whitepaper.pdf,,,,,,,,,,,,,,,,0
OTHER,365,0,unchanged,0,IE,01/08/2025,2025-08-01,https://cdn.shopify.com/s/files/1/0876/8372/7657/files/Rekt_MiCA_Whitepaper.pdf?v=1753283362,254900R3KG5GAA2E1127,,0,,,cdn.shopify.com,1,ab5df7360b08,pdf,direct,pdf,91b8878f44a664574f94792a7423054bcb6c37091e3a2299bc6d35437eccb485,cdn.shopify.com,https://cdn.shopify.com/s/files/1/0876/8372/7657/files/Rekt_MiCA_Whitepaper.pdf?v=1753283362,,,,,,,,,,,,,,ISSUED/ACTIVE,,0
OTHER,366,0,unchanged,0,IE,01/08/2025,2025-08-01,https://sosovalue-white-paper.gitbook.io/sosovalue-whitepaper/9.-resources/9.3-micar-whitepaper,,,0,,,sosovalue-white-paper.gitbook.io,1,63d0739cb4f8,pdf,hop,pdf,9ceba32bb30c2058bc6333798a4694d893a4e260d00ee7b02247826a9852f70a,1803374512-files.gitbook.io,https://1803374512-files.gitbook.io/~/files/v0/b/gitbook-x-prod.appspot.com/o/spaces%2F3Bv59qQJdGxNvVh4aQnO%2Fuploads%2FSZ3CODHxvRE9nGwdE20Y%2FSoSoValue%20%20Micar%20Whitepaper.pdf?alt=media&token=REDACTED,,,,,,,,,,,,,,,,0
OTHER,367,0,unchanged,0,IE,01/08/2025,2025-08-01,https://housecoin.meme/mica.pdf,,,0,,,housecoin.meme,1,b2d836299f9e,pdf,direct,pdf,22037bd833cb30506b5a81c6d0a7824cf85023439eaa8671f9814414e60b01f2,housecoin.meme,https://housecoin.meme/mica.pdf,,,,,,,,,,,,,,,,0
OTHER,368,0,unchanged,0,IE,07/08/2025,2025-08-07,https://static.cudis.xyz/Cudis_MiCAR_Whitepaper__Updated.docx.pdf?_gl=1*md1s56*_gcl_au*MzM4NTAzMS4xNzUwMzk1NDcx,,,0,,,static.cudis.xyz,1,754cc9803257,pdf,direct,pdf,a13112dc8a828df94e9110efbe2c596e5ba768e61380b7a363dbc1c876d95721,static.cudis.xyz,https://static.cudis.xyz/Cudis_MiCAR_Whitepaper__Updated.docx.pdf?_gl=1*md1s56*_gcl_au*MzM4NTAzMS4xNzUwMzk1NDcx,,,,,,,,,,,,,,,,0
OTHER,369,0,unchanged,0,IE,07/08/2025,2025-08-07,https://cdn.prod.website-files.com/65cdf366e68587fd384547f0/68b5e3d807adfc102c1fe522_Intuition_White%20Paper_06082025_DEF.pdf,,,0,,,cdn.prod.website-files.com,1,06d10ae978f8,pdf,direct,pdf,29bf7d62a00f4c1a1784ea16aa9effc48037dbe35fc066e216ba2246f0344415,cdn.prod.website-files.com,https://cdn.prod.website-files.com/65cdf366e68587fd384547f0/68b5e3d807adfc102c1fe522_Intuition_White%20Paper_06082025_DEF.pdf,,,,,,,,,,,,,,,,0
OTHER,370,0,unchanged,0,IE,08/08/2025,2025-08-08,http://spacecoin.org/mica-white-paper,,,0,,,spacecoin.org,1,2f75790302d2,pdf,direct,pdf,75b4d1c19e0d7179704be11970f9832fde302b6b09675fe0c785c15a9a0b9f9a,whitepaper.spacecoin.org,https://whitepaper.spacecoin.org/mica.pdf,,,,,,,,,,,,,,,,0
OTHER,371,0,unchanged,0,IE,08/08/2025,2025-08-08,http://creditcoin.org/mica-white-paper,,,0,,,creditcoin.org,1,6a2a37d9b00e,pdf,direct,pdf,025d4e3b7ed2d0413002edd9f54ac6a80476318e67f3453573eedc5a896cbe39,whitepaper.creditcoin.org,https://whitepaper.creditcoin.org/mica.pdf,,,,,,,,,,,,,,,,0
OTHER,372,0,unchanged,0,IE,12/08/2025,2025-08-12,https://docs.b3.fun/whitepaper-mica,,,0,,,docs.b3.fun,1,7fac3cb7b449,net-error,direct,net-error,,,https://docs.b3.fun/whitepaper-mica,,,robots:error,,,,,,,,,,,,,0
OTHER,373,0,unchanged,0,IE,15/08/2025,2025-08-15,https://infinity-ground.gitbook.io/whitepaper/resources/official-links,,,0,,,infinity-ground.gitbook.io,1,1a353de9fcbb,pdf,hop,pdf,d8d99fcb79669a13c4dd6ace092e88b94b5341be972a8e25012e3a70e98b02a6,1018015803-files.gitbook.io,https://1018015803-files.gitbook.io/~/files/v0/b/gitbook-x-prod.appspot.com/o/spaces%2FbpXsmokrz1mcxbi1ABuD%2Fuploads%2F0wkU6mLi4KFIPZkLATCm%2FMiCA%20Whitepaper_InfinityGround_AIN.pdf?alt=media&token=REDACTED,,,,,,,,,,,,,,,,0
OTHER,374,0,unchanged,0,IE,22/08/2025,2025-08-22,https://whitepaper.swe.at/mica-compliant-white-paper/,,,0,,,whitepaper.swe.at,1,8c91b95915d6,html,direct,html,8c3b74b4e586b00c2e15abb95e89ac8e000a5f9891b90ec36f9172cf3e2d2eda,whitepaper.swe.at,https://whitepaper.swe.at/mica-compliant-white-paper,,,,,,,,,,,,,,,,0
OTHER,375,0,unchanged,0,IE,13/08/2025,2025-08-13,https://cdn.prod.website-files.com/6797fb574dc07d6e9483674b/68b875c8a69a75f9891122cd_HYPER%20MiCA%20Whitepaper.pdf,2549005KLZW22UAGVC23,,0,,,cdn.prod.website-files.com,1,3bcecca3c7f3,pdf,direct,pdf,dc458c771f4439e7336fcab1d3548b2c84a777c7c08eaeba6d90557879f6ef61,cdn.prod.website-files.com,https://cdn.prod.website-files.com/6797fb574dc07d6e9483674b/68b875c8a69a75f9891122cd_HYPER%20MiCA%20Whitepaper.pdf,,,,,,,,,,,,,,ISSUED/ACTIVE,,0
OTHER,376,0,unchanged,0,IE,15/08/2025,2025-08-15,https://www.lombard.finance/mica,,,0,,,www.lombard.finance,1,4d0862bd4ed0,net-error,direct,net-error,,,https://www.lombard.finance/mica,,,robots:error,,,,,,,,,,,,,0
OTHER,377,0,rekeyed,0,IE,15/08/2025,2025-08-15,https://taker.xyz/Taker_Protocol_Whitepaper.html/ https://taker.xyz/Taker_Protocol_Whitepaper.pdf,,,0,,,taker.xyz,2,c773a6a521c9,http-error,direct,http-error,e3b0c44298fc1c149afbf4c8996fb92427ae41e4649b934ca495991b7852b855,taker.xyz,https://taker.xyz/Taker_Protocol_Whitepaper.html/,,,,,,,,,,,,,,,,0
OTHER,378,0,unchanged,0,IE,15/08/2025,2025-08-15,https://dev-mansory-landing.cdn.prismic.io/dev-mansory-landing/aKh3HKTt2nPbao-D_%24MNSRYWhitePaper-14August2025.pdf,,,0,,,dev-mansory-landing.cdn.prismic.io,1,a00a27d844b9,robots,direct,robots,,dev-mansory-landing.cdn.prismic.io,,,,robots:disallowed-rfc9309-recheck,,,,,,,,,,,,,0
OTHER,379,0,unchanged,0,IE,26/09/2025,2025-09-26,www.usduc.org,,,0,,,www.usduc.org,1,607f671be2c7,net-error,direct,net-error,,,https://www.usduc.org,,,robots:error,,,,,,,,,,,,,0
OTHER,380,0,unchanged,0,IE,18/09/2025,2025-09-18,https://github.com/satlayer/satlayer-bvs/blob/main/docs/public/assets/micar_whitepaper.pdf,,,0,,,github.com,1,76db8328c13f,html,direct,html,f00223e0f9379af526aef747a1c1b933e166861a1bdaf0bb5e58476ce558e8de,github.com,https://github.com/satlayer/satlayer-bvs/blob/main/docs/public/assets/micar_whitepaper.pdf,,,,robots:1,,,,,,,,,,,,0
OTHER,381,0,unchanged,0,IE,18/09/2025,2025-09-18,https://drive.google.com/file/d/1pVN7wRJeN_RLq9kjg9R6zeyLf4fQ49vk/view,,,0,,,drive.google.com,1,35850d4781e0,html,direct,html,ca5fb28aabab51fe7c67c0db6fa00a09ab76b2a3a23b3bee9166ec0fe6edf262,drive.google.com,https://drive.google.com/file/d/1pVN7wRJeN_RLq9kjg9R6zeyLf4fQ49vk/view,,,,,,,,,,,,,,,,0
OTHER,382,0,unchanged,0,IE,18/09/2025,2025-09-18,https://flock-resources.s3.us-east-2.amazonaws.com/FLOCK_MiCA+Whitepaper_2025.08.21.pdf,,,1,,,flock-resources.s3.us-east-2.amazonaws.com,1,75cea8eaafd2,pdf,direct,pdf,88c277569b9c1497a469622192a6ed62e794581872bcc8912e462ed0361e86fb,flock-resources.s3.us-east-2.amazonaws.com,https://flock-resources.s3.us-east-2.amazonaws.com/FLOCK_MiCA+Whitepaper_2025.08.21.pdf,,,,,,,,,,,,,,,,0
OTHER,383,0,unchanged,0,IE,20/08/2025,2025-08-20,https://drive.google.com/file/d/1l7YxOF1ScMMxWvinyfKyR6fERLUyS25S/view,,,0,,,drive.google.com,1,e001d46ebb90,html,direct,html,fd22a1919f8d39e5bdf89f3df5366b72d555961a58b8383d10cc2910ac9ee3d6,drive.google.com,https://drive.google.com/file/d/1l7YxOF1ScMMxWvinyfKyR6fERLUyS25S/view,,,,,,,,,,,,,,,,0
OTHER,384,0,unchanged,0,IE,21/08/2025,2025-08-21,https://www.aukilabs.com/mica-white-paper,,,0,,,www.aukilabs.com,1,d3afb65fe79a,pdf,client-redirect+direct,html,43844c655405063d1baf2f6e2367bf402c682d4d9ef7da135bf1ac7db4f07a0a,cdn.prod.website-files.com,https://cdn.prod.website-files.com/6690cdba0e1178b458d8f09b/68caa12fe54962b16678928b_AUKI%20MiCA%20white%20paper_v1.1.pdf,,,,,,,,,,,,,,,,0
OTHER,385,0,unchanged,0,IE,09/09/2025,2025-09-09,https://docs.yieldbasis.com/pdf/mica-whitepaper.pdf,,,0,,,docs.yieldbasis.com,1,542c60f7754f,pdf,direct,pdf,0afbb651f5937612ff1aab3caf081a33df210072ccfba63c3a3cc015035917db,docs.yieldbasis.com,https://docs.yieldbasis.com/pdf/mica-whitepaper.pdf,,,,,,,,,,,,,,,,0
OTHER,386,0,unchanged,0,IE,23/09/2025,2025-09-23,https://billiondollarcat.com/mica/billy-whitepaper-v1.pdf,,,0,,,billiondollarcat.com,1,2fc570ad3128,pdf,direct,pdf,d9b528accb9b7d1ce9d523b559e43ffc1ba43ef8842d74a5a7af2c1316d2f90e,billiondollarcat.com,https://billiondollarcat.com/mica/billy-whitepaper-v1.pdf,,,,,,,,,,,,,,,,0
OTHER,387,0,unchanged,0,IE,22/09/2025,2025-09-22,https://cdn.dogs.dev/i/docs/0199168b-8c65-7ad9-9785-06176b47cb5b/files/0199168b-b6f3-7b3f-b4b2-c390342633fe/$DOGS%20White%20Paper%20-%20Aug%2018%202025.pdf,,,0,,,cdn.dogs.dev,1,bf27db3c2969,pdf,direct,pdf,9a9afa1e517050cbc248b289fa74e68e4dbbc79a9021853446949f6ed53caa57,cdn.dogs.dev,https://cdn.dogs.dev/i/docs/0199168b-8c65-7ad9-9785-06176b47cb5b/files/0199168b-b6f3-7b3f-b4b2-c390342633fe/$DOGS%20White%20Paper%20-%20Aug%2018%202025.pdf,,,,,,,,,,,,,,,,0
OTHER,388,0,unchanged,0,IE,17/09/2025,2025-09-17,https://huma.finance/mica,,,0,,,huma.finance,1,0acb31aa5bf3,net-error,direct,net-error,,,https://huma.finance/mica,,,robots:error,,,,,,,,,,,,,0
OTHER,389,0,unchanged,0,IE,21/09/2025,2025-09-21,https://manifest.network/mica-white-paper,,,0,,,manifest.network,1,3b2b3ba56bf7,pdf,direct,pdf,25d9953d04f9a3b8c71d10082f8afa33b3a364e9309db83488accc74000cd130,manifest.network,https://manifest.network/site/wp-content/uploads/2025/09/Manifest-MFX-MiCA-White-Paper.docx.pdf,,,,,,,,,,,,,,,,0
OTHER,390,0,unchanged,0,IE,26/09/2025,2025-09-26,https://support.zora.co/en/articles/8192065,,,0,,,support.zora.co,1,a3140f80b20e,html,direct,html,f195894b2c0dadd7444634cc9f12948c1ac3c5f1955536ee50c7fafdcbd572f5,support.zora.co,https://support.zora.co/en/articles/8192065,,,,,,,,,,,,,,,,0
OTHER,391,0,unchanged,0,IE,01/11/2025,2025-11-01,https://www.canton.network/hubfs/Canton%20Network%20Files/whitepapers/Canton%20Coin%20%20-%20MiCA%20Whitepaper.pdf,,,0,,,www.canton.network,1,77763e72b6b8,pdf,direct,pdf,07f10cccf62d8558fa338acad4d6fd9098a802ef347dad9237021acafa88fe4b,www.canton.network,https://www.canton.network/hubfs/Canton%20Network%20Files/whitepapers/Canton%20Coin%20%20-%20MiCA%20Whitepaper.pdf,,,,,,,,,,,,,,,,0
OTHER,392,0,unchanged,0,IE,22/11/2024,2024-11-22,https://framework.freysa.ai/overview/fai,2549007RT2BFK16J6W70,,0,,,framework.freysa.ai,1,fac176c26696,html,direct,html,37c995ec0d28a1a4daeecdd909db34cef3ca4985aeb94c66a30b492a8595b87c,framework.freysa.ai,https://framework.freysa.ai/overview/fai,,,,,,,,,,,,,,LAPSED/ACTIVE,,0
OTHER,393,0,unchanged,0,IE,26/09/2025,2025-09-26,https://www.quranium.org/whitepaper,,,0,,,www.quranium.org,1,58c3589c1334,pdf,hop,pdf,52adffcfaa2cb53c578bf376bfa143c5f319bca74698fb76f8e20834f43dfd2b,www.quranium.org,https://www.quranium.org/pdf/QRN-White-Paper-VF.pdf,,,,,,,,,,,,,,,,0
OTHER,394,0,unchanged,0,IE,23/09/2025,2025-09-23,https://docs.google.com/document/d/195V2t4JFfISL63-LVLP7VhyCR3t8gMao/edit?usp=sharing&ouid=108462643111419492268&rtpof=true&sd=true,,,0,,,docs.google.com,1,a492ce6b5828,html,direct,html,6bc364f9c269844f48dee8f876ee3835a962d4a2ca46ad6ecf86cbb599d68892,docs.google.com,https://docs.google.com/document/d/195V2t4JFfISL63-LVLP7VhyCR3t8gMao/edit?usp=sharing&ouid=108462643111419492268&rtpof=true&sd=true,,,,,,,,,,,,,,,,0
OTHER,395,0,unchanged,0,IE,04/09/2025,2025-09-04,https://cdn.prod.website-files.com/668fef77d8ac075ed5e3f57a/68da95d664a37c9e855f816d_Whitepaper%20V3%20Submission.pdf,,,0,,,cdn.prod.website-files.com,1,d1eece41b6f8,pdf,direct,pdf,e94d2707f79ce46e84de5a130f17bcb4f9cb24b5a69a4c7f1e3a4fbdb29ba461,cdn.prod.website-files.com,https://cdn.prod.website-files.com/668fef77d8ac075ed5e3f57a/68da95d664a37c9e855f816d_Whitepaper%20V3%20Submission.pdf,,,,,,,,,,,,,,,,0
OTHER,396,0,unchanged,0,IE,22/08/2025,2025-08-22,https://theuselesscoin.com/useless-whitepaper2025,,,0,,,theuselesscoin.com,1,b32611671df8,html,direct,html,72bcbd7b0c1c66593490d7d64aca1da27727f84fb5cc12b8881b032ee474177e,theuselesscoin.com,https://theuselesscoin.com/useless-whitepaper2025,,,,,,,,,,,,,,,,0
OTHER,397,0,unchanged,0,IE,12/09/2025,2025-09-12,https://drive.google.com/file/d/1j5An7vq08b4HFRMsZw9j1xKG8Iis2wO8/view,984500E6B0DU373E7870,,0,,,drive.google.com,1,b007d2f4f2fc,html,direct,html,bafc776bf1211df806a4942b3999f4bf19fa8bb593cf3c051c937a7be531ba50,drive.google.com,https://drive.google.com/file/d/1j5An7vq08b4HFRMsZw9j1xKG8Iis2wO8/view,,,,,,,,,,,,,,LAPSED/ACTIVE,,0
OTHER,398,0,unchanged,0,IE,27/08/2025,2025-08-27,https://docs.vultisig.com/other/micar-white-paper,,,0,,,docs.vultisig.com,1,ad9d5cbcbce3,html,direct,html,135caffc733f768892c7b29bc67c85a7d06cd70ac7134d069dafe4b2b79b1ee4,docs.vultisig.com,https://docs.vultisig.com/help-and-legal/micar-white-paper,,,,,,,,,,,,,,,,0
OTHER,399,0,unchanged,0,IE,03/09/2025,2025-09-03,https://chillguy.io/mica,,,0,,,chillguy.io,1,40b9aa5a643b,pdf,direct,pdf,99ea33d7a2178145d93b457fc839ef2d993fd41b4f0f63934c5b0f53b38e8ac2,www.chillguy.io,https://www.chillguy.io/mica,,,,,,,,,,,,,,,,0
OTHER,400,0,unchanged,0,IE,08/09/2025,2025-09-08,https://docs.chainbase.com/contributing/micar_whitepaper,,,0,,,docs.chainbase.com,1,de91d3ef63e3,http-error,direct,http-error,f5a284d84fb48cb18d1d4a546ac5bc04bead44687d2e29710aab7e1416c76343,docs.chainbase.com,https://docs.chainbase.com/contributing/micar_whitepaper,,,,,,,,,,,,,,,,0
OTHER,401,0,unchanged,0,IE,09/09/2025,2025-09-09,http://www.suku.world/whitepaper,,,0,,,www.suku.world,1,de0a48b22d3e,pdf,hop,pdf,4b5d2b0c954a0ef31204b8e45fc3fe8948709c8d3369fc6adb8ffb8678a178fb,cdn.prod.website-files.com,https://cdn.prod.website-files.com/661982949d9f8f3a21c08920/68e52d8c9c238c746b83339e_MiCAR%20white%20paper%20SUKU%2020251007.pdf,,,,,,,,,,,,,,,,0
OTHER,402,0,unchanged,0,IE,10/09/2025,2025-09-10,https://docs.defituna.com/usdtuna-token/whitepaper,,,0,,,docs.defituna.com,1,7f5120a7bf1c,pdf,hop,pdf,eb055d855c4c8c6323d61c8dfa7300ddd59c868d92b9857c5821b19d0b4c41dc,3069727834-files.gitbook.io,https://3069727834-files.gitbook.io/~/files/v0/b/gitbook-x-prod.appspot.com/o/spaces%2FMyF9WLf9iWl1sLBOWmVE%2Fuploads%2Fv0Z6NzNPQtZFG21boxWe%2FTUNA%20Whitepaper.pdf?alt=media&token=REDACTED,,,,,,,,,,,,,,,,0
OTHER,403,0,unchanged,0,IE,10/09/2025,2025-09-10,https://guide.rhea.finance/rhea-mica-whitepaper,,,0,,,guide.rhea.finance,1,80c728428be2,pdf,hop,pdf,e596c4b3bfa7d1d87188ce86db0d3389a20ac8567466aec8652a060aa3146b77,2480407424-files.gitbook.io,https://2480407424-files.gitbook.io/~/files/v0/b/gitbook-x-prod.appspot.com/o/spaces%2F-MhIB0bSr6nOBfTiANqT-2910905616%2Fuploads%2FDDGbWfLSHG16ss0xh38F%2F05.09.2025_LXT_RHEA%20WP.pdf?alt=media&token=REDACTED,,,,,,,,,,,,,,,,0
OTHER,404,0,unchanged,0,IE,09/09/2025,2025-09-09,https://docs.minicoin.xyz/whitepaper_a7f3e9d2-4b8c-4291-9856-1c5f7e2d8a4b.pdf,,,0,,,docs.minicoin.xyz,1,36ed55b1d090,html,direct,html,d4accd3c1e6385bd6d51563f27f1e56de1fa294ff4f0dc89365e98a9d48c1ced,minicoin.xyz,https://minicoin.xyz/whitepaper,,,,,,,,,,,,,,,,0
OTHER,405,0,unchanged,0,IE,08/09/2025,2025-09-08,https://kyuzosfriends.com/docs/MiCA_Whitepaper_KO_Token_2025.pdf,984500A86D69A648AE15,,0,,,kyuzosfriends.com,1,6e34ebb36920,html,direct,html,f4ecc034a43eb46cad1a4d54c34f3620b08a5f8db537bd69250d54b04b416719,kyuzosfriends.com,https://kyuzosfriends.com/docs/MiCA_Whitepaper_KO_Token_2025.pdf,,,,,,,,,,,,,,LAPSED/ACTIVE,,0
OTHER,406,0,unchanged,0,IE,14/09/2025,2025-09-14,https://www.cyclenetwork.io/micarwhritepaper.pdf,2138007WXW95L989QP22,,0,,,www.cyclenetwork.io,1,2079d8b7e31c,pdf,direct,pdf,07bfb850daabcef27c25c27cef88d9a53df69667c510798c8af1ca4aa2589eef,www.cyclenetwork.io,https://www.cyclenetwork.io/micarwhritepaper.pdf,,,,,,,,,,,,,,ISSUED/ACTIVE,,0
OTHER,407,0,unchanged,0,IE,10/09/2025,2025-09-10,https://drive.google.com/file/d/1Cueirh4lEIwxysqMM3HV0uqlqq4gbJN5/view,,,0,,,drive.google.com,1,9276615cda22,html,direct,html,35420fd5548fa2869d2afda92effa561080c1b62dfcaa0161b0bcea18769e9db,drive.google.com,https://drive.google.com/file/d/1Cueirh4lEIwxysqMM3HV0uqlqq4gbJN5/view,,,,,,,,,,,,,,,,0
OTHER,408,0,unchanged,0,IE,16/09/2025,2025-09-16,https://www.fatewar.xyz/assets/MiCA_White_Paper_20250923.pdf,9845003D98SCC2851458,,1,,,www.fatewar.xyz,1,39416d798a94,net-error,direct,net-error,,,https://www.fatewar.xyz/assets/MiCA_White_Paper_20250923.pdf,,,robots:error,,,,,,,,,,,ISSUED/ACTIVE,,0
OTHER,409,0,unchanged,0,IE,12/09/2025,2025-09-12,https://moonveil.gg/MiCAWhitePaper,,,0,,,moonveil.gg,1,5ebe08defcf3,html,direct,html,e0982fda0126e91d2734442d409be912c4d404e44e20974f792996c64a96e9b6,moonveil.gg,https://moonveil.gg/MiCAWhitePaper,,,,,,,,,,,,,,,,0
OTHER,410,0,unchanged,0,IE,16/09/2025,2025-09-16,https://naviprotocol.gitbook.io/navi-protocol-docs/introduction/white-paper,2138007WXW95L989QP22,,1,,,naviprotocol.gitbook.io,1,e8e17b7822e9,html,direct,html,1d437217f5e2413f83a05219f2df5a24c7b1d774917b098875e10d2017cf633b,naviprotocol.gitbook.io,https://naviprotocol.gitbook.io/navi-protocol-docs/legal-and-support/white-paper,,,,,,,,,,,,,,ISSUED/ACTIVE,,0
OTHER,411,0,unchanged,0,IE,15/09/2025,2025-09-15,https://docs.catizen.ai/mica/mica_whitepaper_cati_vscb74l7d_0922,,,0,,,docs.catizen.ai,1,76fd3ff0aef8,html,direct,html,625004f93164ca2cc4bf3c4d3666e6edd857749bba95826c3e33302b100727e8,docs.catizen.ai,https://docs.catizen.ai/mica/mica_whitepaper_cati_vscb74l7d_0922,,,,,,,,,,,,,,,,0
OTHER,412,0,unchanged,0,IE,18/09/2025,2025-09-18,https://snapx-2.gitbook.io/snapx-docs/resources/mica-white-paper-xnap,,,0,,,snapx-2.gitbook.io,1,76f986a292cf,http-error,direct,http-error,d9f6d9dfbd677b2fe5cec7f5c318c9aff15bd8df98dba2e0ae6535db6d094d2d,snapx-2.gitbook.io,https://snapx-2.gitbook.io/snapx-docs/resources/mica-white-paper-xnap,,,,,,,,,,,,,,,,0
OTHER,413,0,unchanged,0,IE,18/09/2025,2025-09-18,https://not.ams3.cdn.digitaloceanspaces.com/docs/Notcoin%20White%20Paper%20-%2009%20September%202025.pdf,,,0,,,not.ams3.cdn.digitaloceanspaces.com,1,f47410367801,pdf,direct,pdf,a6221eb426ff53f087a29f2be5e162b82bd561007b2750fac3697ae1c9e886ea,not.ams3.cdn.digitaloceanspaces.com,https://not.ams3.cdn.digitaloceanspaces.com/docs/Notcoin%20White%20Paper%20-%2009%20September%202025.pdf,,,,,,,,,,,,,,,,0
OTHER,414,0,unchanged,0,IE,18/09/2025,2025-09-18,https://soo.network/Soon-MiCA-Whitepaper-20250912.pdf,,,0,,,soo.network,1,e20e3e98c10c,pdf,direct,pdf,07ba411c24bde2dd95e5220ef2ec5f59ea801f07e3049bfdf109c2ae1961e3f7,soo.network,https://soo.network/Soon-MiCA-Whitepaper-20250912.pdf,,,,,,,,,,,,,,,,0
OTHER,415,0,unchanged,0,IE,18/09/2025,2025-09-18,https://www.opencampus.xyz/mica-whitepaper,,,0,,,www.opencampus.xyz,1,bf02e501511d,html,direct,html,d27d1e9c06fcf409cacf4a58b642ffa4e1cf2a5f093cce928c5964eafdb9b01e,www.opencampus.xyz,https://www.opencampus.xyz/mica-whitepaper,,,,,,,,,,,,,,,,0
OTHER,416,0,unchanged,0,IE,19/09/2025,2025-09-19,https://foundation.openeden.com/whitepaper,,,0,,,foundation.openeden.com,1,f41c5fb83f2d,net-error,direct,net-error,,,https://foundation.openeden.com/whitepaper,,,robots:error,,,,,,,,,,,,,0
OTHER,417,0,unchanged,0,IE,24/10/2025,2025-10-24,https://rizenet.io/docs/mica_whitepaper.pdf,9845003D98SCC2851458,,0,,,rizenet.io,1,78ff8fd9387a,pdf,direct,pdf,0a37408fff340125f2221b82fee13015abda8c6d14ef194dae82acf095d4d1b3,rizenet.io,https://rizenet.io/docs/mica_whitepaper.pdf,,,,,,,,,,,,,,ISSUED/ACTIVE,,0
OTHER,418,0,unchanged,0,IE,24/10/2025,2025-10-24,https://www.zetachain.com/micar-whitepaper.pdf,,,1,,,www.zetachain.com,1,1b2955eb438a,pdf,direct,pdf,0aa6c14377a8c0c7f81f0f7e3e026ffedc9bf0a0e87b912b6c371cfc25a01647,www.zetachain.com,https://www.zetachain.com/micar-whitepaper.pdf,,,,,,,,,,,,,,,,0
OTHER,419,0,changed,0,IE,07/11/2025,2025-11-07,https://doublezero.xyz/whitepaper-mica.pdf,,,0,,,doublezero.xyz,1,ea962a012c07,pdf,direct,pdf,ae2b535abb7dec3f6f98e4c90404761cc4c24a2176b85a331f69e4dfc488c3f6,doublezero.xyz,https://doublezero.xyz/whitepaper-mica.pdf,,,,,,,,,,,,,,,,0
OTHER,420,0,changed,0,IE,29/09/2025,2025-09-29,https://docs.hyperwavefi.xyz/references/micar-whitepaper,,2138007WXW95L989QP22,1,,,docs.hyperwavefi.xyz,1,7c1d50349127,html,direct,html,fe6d1b175c43c48105ef889c24c3727a85eacbdcbb34df77de7dce77d3ebf630,docs.hyperwavefi.xyz,https://docs.hyperwavefi.xyz/references/micar-whitepaper,,,,,,,,,,,,,,,,0
OTHER,421,0,unchanged,0,IE,07/11/2025,2025-11-07,https://babysharkuniverse.io/Babyshark_MiCAR_Whitepaper.html,,,0,,,babysharkuniverse.io,1,6a2bddf532ee,net-error,direct,net-error,,,https://babysharkuniverse.io/Babyshark_MiCAR_Whitepaper.html,,,robots:error,,,,,,,,,,,,,0
OTHER,422,0,changed,0,IE,29/10/2025,2025-10-29,https://www.saucerswap.finance/assets/SAUCE_MiCA_White_Paper%202025-10-01.pdf,,,0,,,www.saucerswap.finance,1,fae42ec75eae,robots,direct,robots,,www.saucerswap.finance,,,,robots:disallowed-rfc9309-recheck,,,,,,,,,,,,,0
OTHER,423,0,changed,0,IE,01/11/2025,2025-11-01,https://rvvwhitepaper.astranova.world/,254900AXYKJNHMTSLG88,,0,,,rvvwhitepaper.astranova.world,1,aad2c85547f3,html,direct,html,ffe71f37d77fff37e09e4809dc22faf8fbea505a7359647641799bf2c6c7b3f0,rvvwhitepaper.astranova.world,https://rvvwhitepaper.astranova.world/,,,,,,,,,,,,,,ISSUED/ACTIVE,,0
OTHER,424,0,changed,0,IE,11/07/2025,2025-07-11,https://portaltobitcoin.com/ptb-mica-whitepaper,,,0,,,portaltobitcoin.com,1,f5a2188ed36c,pdf,client-redirect+direct,pdf,d9bf67c3fe8be6574bbd1a9612d89a791ca071ef67ec67ecb2f4b5ffcf199cd1,portaltobitcoin.com,https://portaltobitcoin.com/ptb-mica-whitepaper.pdf,,,,,,,,,,,,,,,,0
OTHER,425,0,unchanged,0,IE,09/10/2025,2025-10-09,https://13370880-files.gitbook.io/~/files/v0/b/gitbook-x-prod.appspot.com/o/spaces%2FkSNqP0Gff8h2fXgaMlEL%2Fuploads%2F4byvqiDGGv8onC1yS0B9%2FU2U%20Whitepaper%20(MICA).pdf?alt=media&token=a7384f79-609a-4350-a992-5ccaf0a64efe,,,0,,,13370880-files.gitbook.io,1,3d368a61fa7b,pdf,direct,pdf,3262fcf610ae36d5643f7c68ded086bfbfce191e249f391b27af6b6071bd6a83,13370880-files.gitbook.io,https://13370880-files.gitbook.io/~/files/v0/b/gitbook-x-prod.appspot.com/o/spaces%2FkSNqP0Gff8h2fXgaMlEL%2Fuploads%2F4byvqiDGGv8onC1yS0B9%2FU2U%20Whitepaper%20(MICA).pdf?alt=media&token=REDACTED,,,,,,,,,,,,,,,,0
OTHER,426,0,unchanged,0,IE,16/10/2025,2025-10-16,https://docs.scallop.io/protocol/white-paper,,,0,,,docs.scallop.io,1,de964fc0f976,pdf,hop,pdf,c136a45fb90d93516d59f8b746ebcba9de2cea4a611a240012499dd2d71dab2f,2786784229-files.gitbook.io,https://2786784229-files.gitbook.io/~/files/v0/b/gitbook-x-prod.appspot.com/o/spaces%2F-M_cZOX56Trwl8x8qGSm%2Fuploads%2Fh9UaJVxx0naTA24ISINs%2FScallop_MiCA%20White%20Paper.pdf?alt=media&token=REDACTED,,,,,,,,,,,,,,,,0
OTHER,427,0,unchanged,0,IE,31/10/2025,2025-10-31,https://docs.syndicate.io/en/docs/synd/whitepaper,254900LO0686DJAWFH98,,0,,,docs.syndicate.io,1,33297002232a,pdf,hop,pdf,95a2e039b30adbd6f0d2856f48b2ef3795dc0fdd68650bbaa386f5a4206a7702,docs.syndicate.io,https://docs.syndicate.io/micar-whitepaper/v1/Syndicate-Network-MiCAR-Whitepaper-(2025-10-03).pdf,,,,,,,,,,,,,,ISSUED/ACTIVE,,0
OTHER,428,0,unchanged,0,IE,04/11/2025,2025-11-04,https://docs.aspecta.ai/tokenomics/#micar-whitepaper,,2138007WXW95L989QP22,1,,,docs.aspecta.ai,1,5d2e0826f37f,html,direct,html,e10817fd5a1bd4fe7437df5aba80e0c6b4255baf5b8eb7f760e5c9a57ae97483,docs.aspecta.ai,https://docs.aspecta.ai/tokenomics/#micar-whitepaper,,,,,,,,,,,,,,,,0
OTHER,429,0,unchanged,0,IE,13/11/2025,2025-11-13,https://www.rayls.com/micar-whitepaper,,2138007WXW95L989QP22,1,,,www.rayls.com,1,9f99d6e9cb55,pdf,hop,pdf,aa323cd47c71e7edd4876ce0f8655666a7e6639ca1a76fe12fbbeada1b31b069,cdn.prod.website-files.com,https://cdn.prod.website-files.com/66432022ae18f5139dbedfbf/695bcdc65820d32350202c86_whitepaper_Rayls_V6.docx%20(1).pdf,,,,,,,,,,,,,,,,0
OTHER,430,0,unchanged,0,IE,24/04/2025,2025-04-24,https://hashkeychain.net/mica,,,0,,,hashkeychain.net,1,b372b8cf59b6,html,direct,html,cbdaa926d0863d05985aff85261ce8b931aef61eae87800b2810430bd17dd728,hskchain.net,https://hskchain.net/mica,,,,,,,,,,,,,,,,0
OTHER,431,0,unchanged,0,IE,13/11/2025,2025-11-13,https://aztec.network/b336ef30d9b609add4ea24a18a850b54d599681d39195cecb68348b6644eb,506700JRDV5Z828A9D47,,0,,,aztec.network,1,4d911cbe6343,html,direct,html,e35cec47b3771e43e85d3ced15ab933321c387f6f1f0f27f596a58bf7d7d16df,aztec.network,https://aztec.network/b336ef30d9b609add4ea24a18a850b54d599681d39195cecb68348b6644eb,,,,,,,,,,,,,,ISSUED/ACTIVE,,0
OTHER,432,0,rekeyed,0,IE,30/10/2025,2025-10-30,https://docs.turtle.xyz/resources/whitepapers,,,0,,,docs.turtle.xyz,1,b372f93858a3,html,direct,html,86d625e8711552817481cec448c3c3f381c272a1a5ab13296c78a92c318e23ae,docs.turtle.xyz,https://docs.turtle.xyz/transparency,,,,,,,,,,,,,,,,0
OTHER,433,0,unchanged,0,IE,15/10/2025,2025-10-15,https://github.com/GameBuildOffical/docs/blob/main/WhitePaper.pdf,,,0,,,github.com,1,b490103d3ad6,html,direct,html,c49617560af4fec2d53319f1856ccfaeabc98eb0f099a608cc24d6c68fea75e8,github.com,https://github.com/GameBuildOffical/docs/blob/main/WhitePaper.pdf,,,,robots:1,,,,,,,,,,,,0
OTHER,434,0,unchanged,0,IE,06/11/2025,2025-11-06,https://fractalbitcoin.io/s/Fractal_Bitcoin_MiCAR_WP_Final.pdf,,,0,,,fractalbitcoin.io,1,b5a1e7aa106a,pdf,direct,pdf,7053627cfc48cecf4aee7715e98b7aee22397547a59cc3909d30f3510792b714,static1.squarespace.com,https://static1.squarespace.com/static/65f9272bdcf7167ad58660d6/t/690320c44dbdb20407c37967/1761812677002/Fractal_Bitcoin_MiCAR_WP_Final.pdf,,,,,,,,,,,,,,,,0
OTHER,435,0,unchanged,0,IE,12/11/2025,2025-11-12,https://docs.meteora.ag/legal/mica,,,0,,,docs.meteora.ag,1,e7436c6c4de0,http-error,direct,http-error,4bbe5a29731cabc838c0b507dec087f0731f6f480b65b7f5057ae14fd62e921f,docs.meteora.ag,https://docs.meteora.ag/legal/mica,,,,,,,,,,,,,,,,0
OTHER,436,0,unchanged,0,IE,21/11/2025,2025-11-21,https://dovu.earth/wp-content/uploads/2025/09/MiCA-White-Paper-2025_09_11-v1.0.pdf,98450089CC0DA95C2C44,,0,,,dovu.earth,1,cbcf9dde1617,pdf,direct,pdf,0f8d27acfd047b44e840897f391c35049e638585831750f282718de4ad32f168,dovu.earth,https://dovu.earth/wp-content/uploads/2025/09/MiCA-White-Paper-2025_09_11-v1.0.pdf,,,,,,,,,,,,,,ISSUED/ACTIVE,,0
OTHER,437,0,unchanged,0,IE,21/11/2025,2025-11-21,https://cdn.iotex.io/whitepaper/iotex_whitepaper_eu.pdf,254900UDWZIIM8H6CE55,9845003D98SCC2851458,1,,,cdn.iotex.io,1,f56ca3e92283,pdf,direct,pdf,bfc3c052820a22e327334b7f2c3900f3ba6da47f5c1bd3b5fe1de2a4eb243c5c,cdn.iotex.io,https://cdn.iotex.io/whitepaper/iotex_whitepaper_eu.pdf,,,,,,,,,,,,,,ISSUED/ACTIVE,,0
OTHER,438,0,unchanged,0,IE,21/11/2025,2025-11-21,https://docs.freestyle-classic.com/whitepaper/,,2138007WXW95L989QP22,1,,,docs.freestyle-classic.com,1,60f81bea93c7,net-error,direct,net-error,,,https://docs.freestyle-classic.com/whitepaper/,,,robots:error,,,,,,,,,,,,,0
OTHER,439,0,unchanged,0,IE,21/11/2025,2025-11-21,https://metis.foundation/micar-white-paper,,,0,,,metis.foundation,1,d4bfea120066,pdf,hop,pdf,2795ee2c630d00e1ce689bccb99bbdfa4c56f35c1d5495102a9ddfe358951ab7,cdn.prod.website-files.com,https://cdn.prod.website-files.com/64d4ef6a33a36472e1b91199/6913651f3eb556bd512cb824_White-paper-Metis-Token-FFG-RCGXTQ3G0.pdf,,,,,,,,,,,,,,,,0
OTHER,440,0,unchanged,0,IE,21/11/2025,2025-11-21,http://sonic-whitepaper.sonicsvm.org/,,54930069NLWEIGLHXU42,1,,,sonic-whitepaper.sonicsvm.org,1,9971745be98a,pdf,direct,pdf,89a1a97214a680c1429568ca6616d7c9b9a4edacb856010a7d6b74c88653234d,www.sonicsvm.org,https://www.sonicsvm.org/sonic-whitepaper.pdf,,,,,,,,,,,,,,,,0
OTHER,441,0,unchanged,0,IE,21/11/2025,2025-11-21,https://about.openloot.com/mica-ol-whitepaper,,,0,,,about.openloot.com,1,20d35667a583,html,direct,html,6ae9e5d767f9ce274d928dbeb564a243a4378ef5038c3325fb3867d9723b07a4,about.openloot.com,https://about.openloot.com/mica-ol-whitepaper,,,,,,,,,,,,,,,,0
OTHER,442,0,unchanged,0,IE,29/10/2025,2025-10-29,https://www.bigtime.gg/mica-bigtime-whitepaper,,,0,,,www.bigtime.gg,1,3f2be9441a04,html,direct,html,f3f8a915b0dda606ebc1656b681faa69167f8b352e0652897615c83de1bce4fd,www.bigtime.gg,https://www.bigtime.gg/mica-bigtime-whitepaper,,,,,,,,,,,,,,,,0
OTHER,443,0,unchanged,0,IE,22/10/2025,2025-10-22,https://opulous.org/wp,,9845003D98SCC2851458,1,,,opulous.org,1,38893d130478,html,direct,html,7f5f2f220c5c2eaba8db285867b11181295543ce933811a7e8cfa7fab8251b5f,opulous.org,https://opulous.org/wp,,,,,,,,,,,,,,,,0
OTHER,444,0,unchanged,0,IE,28/10/2025,2025-10-28,https://a.storyblok.com/f/343174/x/33d8e92e07/mica-whitepaper.pdf,,9845003D98SCC2851458,1,,,a.storyblok.com,1,56ad1cb1895d,pdf,direct,pdf,d2b18961f6eb05f9a68eb14fda53f9ab00637b60c4a2b29b076d4f1ccaf0f812,a.storyblok.com,https://a.storyblok.com/f/343174/x/33d8e92e07/mica-whitepaper.pdf,,,,,,,,,,,,,,,,0
OTHER,445,0,unchanged,0,IE,23/10/2025,2025-10-23,https://www.peaq.xyz/legal/mica-whitepaper,,,0,,,www.peaq.xyz,1,9204560010e2,pdf,hop,pdf,3e98f70c6c2da082c77eaab609d4d93b6cf091bc00b7a67c579ffd542befd6e2,www.peaq.xyz,https://www.peaq.xyz/documents/white-paper-PEAQ-oct-29-2025.pdf,,,,,,,,,,,,,,,,0
OTHER,446,0,unchanged,0,IE,30/10/2025,2025-10-30,https://haedalprotocol.notion.site/Haedal-Mica-Whitepaper-29a2da8cc1a0808e8ebdff50e89792b9,,,0,,,haedalprotocol.notion.site,1,7972c7b7ca5e,html,client-redirect+direct,html,b25b1353e5d658dc7bda25700be3f154f425ab7e3c48e8678942d2598b2a18ae,haedalprotocol.notion.site,https://haedalprotocol.notion.site/unsupported-browser.html,,,,,,,,,,,,,,,,0
OTHER,447,0,unchanged,0,IE,10/11/2025,2025-11-10,https://www.tbook.com/tbookmicarwhitepaper,,,0,,,www.tbook.com,1,6df8ee08bbf3,html,direct,html,dc314530b8143c8c0836d4386b9679c79f2449aa8fbbd046f0d0c4479f03b8df,www.tbook.com,https://www.tbook.com/tbookmicarwhitepaper/,,,,,,,,,,,,,,,,0
OTHER,448,0,unchanged,0,IE,31/10/2025,2025-10-31,https://safefoundation.org,,,0,,,safefoundation.org,1,4c2e2adda1d1,html,direct,html,205024dbda85eafe1f8a541a7ea48af70e8461b0ca915a59868f1d03e5d14885,safefoundation.org,https://safefoundation.org,,,,,,,,,,,,,,,,0
OTHER,449,0,unchanged,0,IE,04/11/2025,2025-11-04,https://drive.google.com/file/d/1c1gQmDWQ9sVE1NCqc9OeUX5Y9HjKUE0c/view?usp=sharing,,,0,,,drive.google.com,1,7f69c2488dd8,html,direct,html,6f310c5a3d6206bb76f3e22d834b1caab2e43a0c78eb23c93c496291a691eaa6,drive.google.com,https://drive.google.com/file/d/1c1gQmDWQ9sVE1NCqc9OeUX5Y9HjKUE0c/view?usp=sharing,,,,,,,,,,,,,,,,0
OTHER,450,0,unchanged,0,IE,03/11/2025,2025-11-03,https://www.oobit.com/mica-whitepaper,,,0,,,www.oobit.com,1,cd309f2cce9e,anti-bot,direct,anti-bot,fcaefcfc738bdb532d69e7b95002554d6d6ea2d3cf1b7352aa65e91b52e4f440,www.oobit.com,https://www.oobit.com/mica-whitepaper,,,,,,,,,,,,,,,,0
OTHER,451,0,unchanged,0,IE,04/11/2025,2025-11-04,https://cdn.prod.website-files.com/5b2d01fcffc73ee019363d55/690a4630ff6e574ed7c3f43d_Mica_Whitepaper_ECOMI_OMI.pdf,,,0,,,cdn.prod.website-files.com,1,fee53e59a60d,pdf,direct,pdf,9cb6b4accde756fb80bd39a0ed1bb47999a2cbbc4febbe1f821c0bc154d7edfc,cdn.prod.website-files.com,https://cdn.prod.website-files.com/5b2d01fcffc73ee019363d55/690a4630ff6e574ed7c3f43d_Mica_Whitepaper_ECOMI_OMI.pdf,,,,,,,,,,,,,,,,0
OTHER,452,0,unchanged,0,IE,03/11/2025,2025-11-03,https://nodeops.network/eu-assets-whitepaper,,,0,,,nodeops.network,1,b1c9037b9121,http-error,direct,http-error,aa35fd46564ae6007248bab92d2c9645947688c7ea0779e539125f7ba81defc7,nodeops-public-assets.s3.eu-central-1.amazonaws.com,https://nodeops-public-assets.s3.eu-central-1.amazonaws.com/eu-assets-whitepaper,,,,,,,,,,,,,,,,0
OTHER,453,0,unchanged,0,IE,07/11/2025,2025-11-07,https://docs.kaia.io/files/MiCA_whitepaper_final_kaia_v1.0.pdf,,,0,,,docs.kaia.io,1,37351a4f6239,pdf,direct,pdf,43ae11f341c9b8c25d13c70866170259fbab68dab556676a26529c19e7d0488c,docs.kaia.io,https://docs.kaia.io/files/MiCA_whitepaper_final_kaia_v1.0.pdf,,,,,,,,,,,,,,,,0
OTHER,454,0,unchanged,0,IE,07/11/2025,2025-11-07,https://blog.mefoundation.com/blog/me-mica-white-paper/,,,0,,,blog.mefoundation.com,1,24395bff5c8a,html,direct,html,1263e430ad62a778d81d5aec1eb3a5d39f90ebf1f8b82665807edb2a4d098c23,blog.mefoundation.com,https://blog.mefoundation.com/blog/me-mica-white-paper/,,,,robots:1,,,,,,,,,,,,0
OTHER,455,0,unchanged,0,IE,04/11/2025,2025-11-04,https://www.assisterr.ai/whitepaper,,,0,,,www.assisterr.ai,1,7232fd4521a9,pdf,hop,pdf,13d996cdc7ac361de131fa200d6826d773d15fda7a1d8ec400e1e86fdec325bd,www.assisterr.ai,https://www.assisterr.ai/litepaper-assisterr.pdf,,,,,,,,,,,,,,,,0
OTHER,456,0,unchanged,0,IE,31/10/2025,2025-10-31,https://static.worldlibertyfinancial.com/docs/mica-whitepaper.pdf,,,0,,,static.worldlibertyfinancial.com,1,5f5275dd927d,pdf,direct,pdf,e522ebc4008e4dc0720f3758c1125aad6a0d73c88963bb7bb39a35af9e9c7e4b,static.worldlibertyfinancial.com,https://static.worldlibertyfinancial.com/docs/mica-whitepaper.pdf,,,,,,,,,,,,,,,,0
OTHER,457,0,unchanged,0,IE,23/10/2025,2025-10-23,https://cyber-galz.gitbook.io/yooldo-whitepaper,,,0,,,cyber-galz.gitbook.io,1,c5ffe32a90bb,html,direct,html,4a1ff72bd6a25dbc27ff622b67c5b0e70c16e1917cfbf53bfa42c26a6493f655,cyber-galz.gitbook.io,https://cyber-galz.gitbook.io/yooldo-whitepaper,,,,,,,,,,,,,,,,0
OTHER,458,0,rekeyed,0,IE,14/11/2025,2025-11-14,https://docs.zama.ai/protocol/mica,,,0,,,docs.zama.ai,1,1c3266089928,pdf,hop,pdf,aed59267cb2c0d21c1d9bc18627d44335c5da6eb8c403f1e136e4872d4053324,files.gitbook.com,https://files.gitbook.com/v0/b/gitbook-x-prod.appspot.com/o/spaces%2FJKGF4VukPddxXtTNaRrS%2Fuploads%2FIlSaY2mw4e5cIhh3WGis%2FZama%20Token%20White%20Paper.pdf?alt=media&token=REDACTED,,,,,,,,,,,,,,,,0
OTHER,459,0,changed,0,IE,26/11/2025,2025-11-26,https://www.pieverse.io/mica-whitepaper,,,0,,,www.pieverse.io,1,85356a534181,ixbrl-esma,direct,ixbrl-esma,bc4cb2e084cdc2b849b2ad8bec70467c31a564c3b60bd0a889cfd66fa8f7cbc4,www.pieverse.io,https://www.pieverse.io/MiCAR-White-paper-Pieverse.xhtml,1.1,1,,,pieverse.io,0,1,1,,,,2026-05-04,,,,0
OTHER,460,0,rekeyed,0,IE,17/11/2025,2025-11-17,https://www.monad.xyz/mica-white-paper.pdf,,,0,,,www.monad.xyz,1,9e17127ed453,pdf,direct,pdf,716a3aa7188f039cd7446da61b613a50b418123bc29ccc58f67ccac56d65ec24,monad.xyz,https://monad.xyz/mica-white-paper.pdf,,,,,,,,,,,,,,,,0
OTHER,461,0,rekeyed,0,IE,14/11/2025,2025-11-14,https://docs.holdstation.com/holdstation/micar-white-paper/micar-whitepaper,,,0,,,docs.holdstation.com,1,1c98b3056cd0,http-error,direct,http-error,ddc025acd590fc6d985ca97cf9ff9d5fe9950324b21d8e9abdfc2e16c5d6e1e1,docs.holdstation.com,https://docs.holdstation.com/holdstation/micar-white-paper/micar-whitepaper,,,,,,,,,,,,,,,,0
OTHER,462,0,rekeyed,0,IE,15/12/2025,2025-12-15,http://tx.org/WP-MICA,,,0,,,tx.org,1,32c3d8ba5a8c,http-error,direct,http-error,0019dfc4b32d63c1392aa264aed2253c1e0c2fb09216f8e2cc269bbfb8bb49b5,tx.org,https://tx.org/WP-MICA,,,,,,,,,,,,,,,,0
OTHER,463,0,rekeyed,0,IE,21/02/2022,2022-02-21,https://docs.yellow.org/assets/YELLOW_MiCA_White_Paper_v.1.2.pdf,,,0,,,docs.yellow.org,1,ce05abd73fb5,pdf,direct,pdf,e7884d11b99e9d5326dc8d8f2a34a286164f8d5af8ccca942ba86b7e8b2071b7,docs.yellow.org,https://docs.yellow.org/assets/YELLOW_MiCA_White_Paper_v.1.2.pdf,,,,,,,,,,,,,,,,0
OTHER,464,0,rekeyed,0,IE,08/12/2025,2025-12-08,https://docs.sport.fun/usdfun-token/mica-whitepaper,,,0,,,docs.sport.fun,1,6d0151533899,http-error,direct,http-error,2fb324311d04e10cb683c52a13fabbe7689f0ed899ad399c0147f4effab6bc4c,docs.sport.fun,https://docs.sport.fun/usdfun-token/mica-whitepaper,,,,,,,,,,,,,,,,0
OTHER,465,0,rekeyed,0,IE,17/12/2025,2025-12-17,https://www.goat.network/micar-white-paper,,,0,,,www.goat.network,1,3102eb220c70,http-error,direct,http-error,e8f67608514e1a79ac4ed2c0ad45312fe77d4d30d92adba92bbac76ac26d70b4,www.goat.network,https://www.goat.network/micar-white-paper,,,,,,,,,,,,,,,,0
OTHER,466,0,rekeyed,0,IE,19/12/2025,2025-12-19,https://keeta.com/MiCA_Whitepaper.pdf,,,0,,,keeta.com,1,e2ecd17f0ff8,http-error,direct,http-error,493fda53120050f85836032324409be6c6484f90a0755ae0c6a673ba7626818b,keeta.com,https://keeta.com/MiCA_Whitepaper.pdf,,,,,,,,,,,,,,,,0
OTHER,467,0,rekeyed,0,IE,08/12/2025,2025-12-08,https://weroam.xyz/roam_micar_whitepaper,,,0,,,weroam.xyz,1,a2667ac014b5,http-error,direct,http-error,7264e8aba92f4d8e04897f8ab7410611831b43a494cdac5fed3d0824facc6106,user.weroam.xyz,https://user.weroam.xyz/roam_micar_whitepaper.pdf,,,,,,,,,,,,,,,,0
OTHER,468,1,new,0,IE,24/12/2025,2025-12-24,https://docs.aethir.com/whitepaper,,,0,,,docs.aethir.com,1,0598cc4a30f2,pdf,hop,html,7d9628c8dd89312dc9e7e57adc1f397cf1bec80fd3c0012a84f705488a427cc1,3028335560-files.gitbook.io,https://3028335560-files.gitbook.io/~/files/v0/b/gitbook-x-prod.appspot.com/o/spaces%2FlJdZs7NyMJ6Ewm4U1eRP%2Fuploads%2FOVdpd7QoNIDAZdfpGrGV%2FAethir%20Whitepaper.pdf?alt=media&token=REDACTED,,,,,,,,,,,,,,,,0
OTHER,469,0,new-before-cutoff,0,IE,13/10/2025,2025-10-13,https://shape.network/mica,2549009CLFQGJKN73G60,,0,,,shape.network,1,7b8883a109ae,pdf,hop,pdf,588cb17e39a5ea88f604b687b2c7266ae812551ebdb4a6f1b702f8ba68968042,shape.network,https://shape.network/mica/SHAPE - White papers for crypto-assets other than asset-referenced tokens or e-money tokens - v2.pdf,,,,,,,,,,,,,,ISSUED/ACTIVE,,0
OTHER,470,1,new,0,IE,09/02/2026,2026-02-09,https://static.zircuit.com/docs/CLEAN_MiCA_Whitepaper_Zircuit_Admission_to_Trading_(ID3343077).pdf,,,0,,,static.zircuit.com,1,0807b61493e1,pdf,direct,robots,96a8da9ee53238ea978e5952d88a23e0421bf14fe8d716d36a60bbd8b26d61ed,static.zircuit.com,https://static.zircuit.com/docs/CLEAN_MiCA_Whitepaper_Zircuit_Admission_to_Trading_(ID3343077).pdf,,,,,,,,,,,,,,,,0
OTHER,471,1,new,0,IE,09/02/2026,2026-02-09,https://files.mapprotocol.io/pdf/mapo_micar_whitepaper_2025.pdf,,9845003D98SCC2851458,1,,,files.mapprotocol.io,1,767c04688534,pdf,direct,robots,a326847a862f8e70b78cecfb3261a0bc8e7d33cac158737549cf326ec6f2771d,files.mapprotocol.io,https://files.mapprotocol.io/pdf/mapo_micar_whitepaper_2025.pdf,,,,,,,,,,,,,,,,0
OTHER,472,1,new,0,IE,09/02/2026,2026-02-09,https://sentient.foundation/whitepaper,,,0,,,sentient.foundation,1,bb4a3b02f331,pdf,direct,pdf,f8a1dcbe3753772913b797a4cb5cf1f9ade768ad404621076e5f02e3e269ac15,sentient.foundation,https://sentient.foundation/assets/docs/6969ff2224dcce63423002da_Sentient_Whitepaper.pdf,,,,,,,,,,,,,,,,0
OTHER,473,1,new,0,IE,09/02/2026,2026-02-09,https://www.trustalabs.ai/micar-whitepaper,,,0,,,www.trustalabs.ai,1,fb0e7a7d1f04,pdf,hop,pdf,a40e7355ea85a646d8f005211b2ebec19d3b791d3b7e47479c6135ee4863e78b,static.trustalabs.ai,https://static.trustalabs.ai/staticfiles/app/home/Trusta_MiCAR_Whitepaper.pdf,,,,,,,,,,,,,,,,0
OTHER,474,1,new,0,IE,09/02/2026,2026-02-09,https://www.superformfoundation.org/mica-whitepaper,,,0,,,www.superformfoundation.org,1,c604a513ef06,html,direct,html,252124d8958751f102764c4895da767f8f79fda170b64256bf7c7997fd520f0f,www.superformfoundation.org,https://www.superformfoundation.org/mica-whitepaper,,,,,,,,,,,,,,,,0
OTHER,475,1,changed,0,IE,09/02/2026,2026-02-09,https://assets.polymesh.network/micar-whitepaper.pdf,,,0,,,assets.polymesh.network,1,10d2b771f373,pdf,direct,pdf,438e30d6d8f1d0c098a1fb77f942621a6f37c0c364025d827f73b68715e1730a,assets.polymesh.network,https://assets.polymesh.network/micar-whitepaper.pdf,,,,,,,,,,,,,,,,0
OTHER,476,1,new,0,IE,09/02/2026,2026-02-09,https://gov.ethenafoundation.com/t/publication-of-micar-compliant-white-paper-for-the-ena-token/728,,,0,,,gov.ethenafoundation.com,1,b33e9394c297,html,direct,html,7e7e8f025eff9814dda9e03e05d6c96de70fced676f081741ac9c241e7604b22,gov.ethenafoundation.com,https://gov.ethenafoundation.com/t/publication-of-micar-compliant-white-paper-for-the-ena-token/728,,,,,,,,,,,,,,,,0
OTHER,477,1,new,0,IE,09/02/2026,2026-02-09,https://whitepaper.karratcoin.com/,,,0,,,whitepaper.karratcoin.com,1,622f285dee43,html,direct,html,f0af582cfceaf027781f060f78b066cef8a0f99b695ce735ad7f676598580dd9,whitepaper.karratcoin.com,https://whitepaper.karratcoin.com/,,,,,,,,,,,,,,,,0
OTHER,478,1,new,0,IE,09/02/2026,2026-02-09,https://www.morphl2.io/tokenomics,,,0,,,www.morphl2.io,1,a5c9fe56d5c0,pdf,hop,pdf,cc72ca49eafbae053f01a8cf674f855eeecaa76d94a49ec1473182ea70c1a0cd,morph.network,https://morph.network/micar-whitepaper.pdf,,,,,,,,,,,,,,,,0
OTHER,479,1,new,0,IE,09/02/2026,2026-02-09,https://xpin.network/whitepaper.xhtml,,2138007WXW95L989QP22,1,,,xpin.network,1,0fb8965b6902,ixbrl-esma,direct,ixbrl-esma,182da1e3a5fa5ee7d84c485927c40782cfeefb4d65dadeaadabd91ccfd25e964,xpin.network,https://xpin.network/whitepaper.xhtml,1.1,1,,,xpin.network,0,0,1,,,,2025-11-27,,,,0
OTHER,480,1,new,0,IE,09/02/2026,2026-02-09,https://liquidium.org/mica-whitepaper-liq-2025-12-03.pdf,,9845003D98SCC2851458,1,,,liquidium.org,1,22c5fc314970,pdf,direct,pdf,8d1af3aa26ecf6302805ddb9f90862d2cdc83179c02a4461e7f54fa47466b0b2,liquidium.org,https://liquidium.org/mica-whitepaper-liq-2025-12-03.pdf,,,,,,,,,,,,,,,,0
OTHER,481,1,new,0,IE,09/02/2026,2026-02-09,https://www.sixrtoken.com/docs/mica-whitepaper.pdf,,2138007WXW95L989QP22,1,,,www.sixrtoken.com,1,34b8bd4455e8,pdf,direct,pdf,f675096697b722a343fc918cadd7a873c5e4ad76d4037fd9f110e2220d715805,www.sixrtoken.com,https://www.sixrtoken.com/docs/mica-whitepaper.pdf,,,,,,,,,,,,,,,,0
OTHER,482,1,new,0,IE,09/02/2026,2026-02-09,https://docs.adi.foundation/whitepaper,,,1,,,docs.adi.foundation,1,6625acac4304,html,direct,html,815e828d66272827d0de3f6e5f879220b1c80096791c345fb9fb282c27f5bcc6,docs.adi.foundation,https://docs.adi.foundation/whitepaper,,,,,,,,,,,,,,,,0
OTHER,483,0,rekeyed,0,IE,03/11/2025,2025-11-03,https://sto.ultiverse.io/files/Ultiverse_MiCA_filled_v5.pdf,,,0,,,sto.ultiverse.io,1,637a86556656,pdf,direct,pdf,de6417cfc199ce4018c3051fe4709c0be7831be004607a3cc3961f174d62c766,sto.ultiverse.io,https://sto.ultiverse.io/files/Ultiverse_MiCA_filled_v5.pdf,,,,,,,,,,,,,,,,0
OTHER,484,0,new-before-cutoff,0,IE,07/11/2025,2025-11-07,https://docs.xyralabs.io/getting-started/quickstart/xyra-micar-whitepaper,,2138007WXW95L989QP22,1,,,docs.xyralabs.io,1,520f3aefbaf8,net-error,direct,net-error,,,https://docs.xyralabs.io/getting-started/quickstart/xyra-micar-whitepaper,,,robots:error,,,,,,,,,,,,,0
OTHER,485,0,rekeyed,0,IE,04/12/2025,2025-12-04,https://www.consumerfi.ai/whitepaper,,9845003D98SCC2851458,1,,,www.consumerfi.ai,1,e3f32414e388,pdf,hop,pdf,d389295a6122fa5b0c78b383661879631517130ecf9fcf6cc1e24acd7bee9c0d,www.consumerfi.ai,https://www.consumerfi.ai/legal/cfi-whitepaper.pdf,,,,,,,,,,,,,,,,0
OTHER,486,0,rekeyed,0,IE,08/12/2025,2025-12-08,http://www.micacryptoalliance.com/reports/lion-mica-white-paper,,,0,,,www.micacryptoalliance.com,1,6e21200e56aa,ixbrl-esma,hop,ixbrl-esma,93e60fb7b1f1521e9b66ded6d8fe625d6f352820bcf2f5001afb6476b0b3ea9d,storage.googleapis.com,https://storage.googleapis.com/exponential-science-project1.appspot.com/IXBRL/LION-WP/LION-WP-viewer.xhtml,1.1,1,,,googleapis.com,1,1,1,,,,2026-03-19,984500CEB5773O38LE40,,ISSUED/ACTIVE,0
OTHER,487,0,rekeyed,0,IE,11/12/2025,2025-12-11,https://diamante.gitbook.io/diamante-docs/diamante-white-papers/diam-mica-white-paper-1,,,0,,,diamante.gitbook.io,1,1416bf441e89,pdf,hop,pdf,6ba80c5942ec0d684c070c0c27b870d5074bb3a6a45b399ead447ff64542bed1,3186226482-files.gitbook.io,https://3186226482-files.gitbook.io/~/files/v0/b/gitbook-x-prod.appspot.com/o/spaces%2FlUbPrqi4e7iKVBdQ3rFM%2Fuploads%2FpyE906nEeqjjjiUWmcdn%2FDIAM_MiCA_Whitepaper.pdf?alt=media&token=REDACTED,,,,,,,,,,,,,,,,0
OTHER,488,0,rekeyed,0,IE,12/12/2025,2025-12-12,https://docs.aethir.com/whitepaper,,,0,,,docs.aethir.com,1,0598cc4a30f2,pdf,hop,html,7d9628c8dd89312dc9e7e57adc1f397cf1bec80fd3c0012a84f705488a427cc1,3028335560-files.gitbook.io,https://3028335560-files.gitbook.io/~/files/v0/b/gitbook-x-prod.appspot.com/o/spaces%2FlJdZs7NyMJ6Ewm4U1eRP%2Fuploads%2FOVdpd7QoNIDAZdfpGrGV%2FAethir%20Whitepaper.pdf?alt=media&token=REDACTED,,,,,,,,,,,,,,,,0
OTHER,489,0,rekeyed,0,IE,12/12/2025,2025-12-12,https://rails.xyz/mica-whitepaper,,,0,,,rails.xyz,1,26ac046bbbec,html,direct,html,7f39607f01f0e68bdea04d93d6087fcabab88ac9ac6db524df865d25b0949bb5,rails.xyz,https://rails.xyz/mica-whitepaper,,,,,,,,,,,,,,,,0
OTHER,490,0,rekeyed,0,IE,14/12/2025,2025-12-14,https://docs.immunefi.foundation,,9845003D98SCC2851458,1,,,docs.immunefi.foundation,1,e4c13c79e507,html,direct,html,bc3882747dc67076d41794d5b0b7631e7f72e9ec641bde2502781ac6dc2e49ab,docs.immunefi.foundation,https://docs.immunefi.foundation,,,,,,,,,,,,,,,,0
OTHER,491,0,rekeyed,0,IE,15/12/2025,2025-12-15,https://mica-white-paper.bedrockdao.com/MICA-White-Paper.pdf,,,0,,,mica-white-paper.bedrockdao.com,1,8300a20348ad,pdf,direct,pdf,026fb70413d6cfa5e5aa63f450e14b2834d3db804a22b2b69a32f9bb576c8483,mica-white-paper.bedrockdao.com,https://mica-white-paper.bedrockdao.com/MICA-White-Paper.pdf,,,,,,,,,,,,,,,,0
OTHER,492,0,rekeyed,0,IE,15/12/2025,2025-12-15,https://whitepaper.foxsy.ai/,,9845003D98SCC2851458,1,,,whitepaper.foxsy.ai,1,e4d6b63a6fc0,html,direct,html,4d85c1853444e55c154ca491a616ef89805cc30ac9a70fae71229139d28637f5,whitepaper.foxsy.ai,https://whitepaper.foxsy.ai/,,,,,,,,,,,,,,,,0
OTHER,493,0,rekeyed,0,IE,16/12/2025,2025-12-16,https://infinex.xyz/legals/inx-whitepaper,,,0,,,infinex.xyz,1,e563107342fb,http-error,direct,http-error,f67790d5689d14373b277afb2e8f208fec27433275a81039875c3ad36ee4b6de,infinex.xyz,https://infinex.xyz/legals/inx-whitepaper,,,,,,,,,,,,,,,,0
OTHER,494,0,rekeyed,0,IE,17/12/2025,2025-12-17,https://paper.zkpass.org/mica.pdf,,,0,,,paper.zkpass.org,1,9664539993fe,pdf,direct,pdf,8cc2a26e282fc15ae9e4aad5fe82f39337bb5085d0843ce987b6b4aa32abde24,paper.zkpass.org,https://paper.zkpass.org/mica.pdf,,,,,,,,,,,,,,,,0
OTHER,495,0,rekeyed,0,IE,18/12/2025,2025-12-18,https://cdn.prod.website-files.com/68493039e2b5f55f7a512cee/694250bf68109f26d0ada242_VELO%20MiCAR%20White%20Paper-V1.0.pdf,,9845003D98SCC2851458,1,,,cdn.prod.website-files.com,1,92e12b162fc3,pdf,direct,pdf,f48f4f9b925369409fb89c69805731ce699c07b81b786653ae44fa38b3143020,cdn.prod.website-files.com,https://cdn.prod.website-files.com/68493039e2b5f55f7a512cee/694250bf68109f26d0ada242_VELO%20MiCAR%20White%20Paper-V1.0.pdf,,,,,,,,,,,,,,,,0
OTHER,496,0,rekeyed,0,IE,19/12/2025,2025-12-19,https://whitepaper.seraph.game/mica-whitepaper,,,0,,,whitepaper.seraph.game,1,460407ddd647,html,direct,html,17e36ade5af969397c6c3f3d225184fe0e8bfe56d093b45d3887ac067d3e5d1e,whitepaper.seraph.game,https://whitepaper.seraph.game/tokenomics/mica-whitepaper,,,,,,,,,,,,,,,,0
OTHER,497,0,rekeyed,0,IE,19/12/2025,2025-12-19,https://rollx-docs.gitbook.io/rollx/rollx-v2/micar-white-paper,,,0,,,rollx-docs.gitbook.io,1,019afa7337d9,pdf,hop,pdf,b8361f0331e827baf16947fcd2a9a99a948b2b288dda1c3f49f8c1eff5a3f257,3376242863-files.gitbook.io,https://3376242863-files.gitbook.io/~/files/v0/b/gitbook-x-prod.appspot.com/o/spaces%2FM0G02NuyQufq2ZGEWUeH%2Fuploads%2FhJpjsKyS8o1TqKb9SAqt%2FROLLX%20MiCAR%20White%20Paper.pdf?alt=media&token=REDACTED,,,,,,,,,,,,,,,,0
OTHER,498,0,rekeyed,0,IE,19/12/2025,2025-12-19,https://miltoken.io/assets/MIL_Token_MiCAR_WhitePaper.pdf,,,1,,,miltoken.io,1,9c7cc0990857,pdf,direct,pdf,66fd1f4aa64248d8a833b954a9c2f9810005c610aed4636da2a4c6df313cca48,miltoken.io,https://miltoken.io/assets/MIL_Token_MiCAR_WhitePaper.pdf,,,,,,,,,,,,,,,,0
OTHER,499,0,rekeyed,0,IE,22/12/2025,2025-12-22,https://sidekick-protocol.gitbook.io/sidekick/mica/mica-whitepaper,,,0,,,sidekick-protocol.gitbook.io,1,cdc5bce1dc54,pdf,hop,pdf,29b5a52a92f784d2d63ebb579c410b851cdac55d4dbad54de5d51a1f6f16dc3d,2112379581-files.gitbook.io,https://2112379581-files.gitbook.io/~/files/v0/b/gitbook-x-prod.appspot.com/o/spaces%2FLivbNQOJoVJPWS8UVwPo%2Fuploads%2FtW65XDFeD3ice7Fpe64J%2FSidekick_MiCA-Whitepaper.pdf?alt=media&token=REDACTED,,,,,,,,,,,,,,,,0
OTHER,500,0,rekeyed,0,IE,22/12/2025,2025-12-22,www.kled.com/whitepaper,,,0,,,www.kled.com,1,95c33b68450b,http-error,direct,http-error,6b5097770156de68f91ed173807421ee785320722e9b88247a05948ab9d42dc6,www.kled.com,https://www.kled.com/whitepaper,,,,,,,,,,,,,,,,0
OTHER,501,0,rekeyed,0,IE,22/12/2025,2025-12-22,https://makina.finance/legal,,,0,,,makina.finance,1,2e350ccae920,http-error,direct,http-error,2845a6f08c17ce5cb9a0155c1a00aeb4d4271ec3e0a37a10d7be915b87a385b8,makina.finance,https://makina.finance/legal,,,,,,,,,,,,,,,,0
OTHER,502,0,rekeyed,0,IE,22/12/2025,2025-12-22,https://minswap.org/micar-whitepaper.pdf,,,0,,,minswap.org,1,2049b3939c8f,pdf,direct,pdf,faa485c5dd17e052245516439dc67b2e0e18731ef4f32b25df7ad0d36bb2b124,minswap.org,https://minswap.org/micar-whitepaper.pdf,,,,,,,,,,,,,,,,0
OTHER,503,0,rekeyed,0,IE,16/12/2025,2025-12-16,https://docs.ariaprotocol.xyz/usdariaip/introducing-usdariaip/legal-and-compliance,,,0,,,docs.ariaprotocol.xyz,1,23941f9dcbdb,pdf,hop,pdf,898d34f30c0b6da409223c116ef5648644ee8f3a896af714754c4eb0fe520e83,1823524028-files.gitbook.io,https://1823524028-files.gitbook.io/~/files/v0/b/gitbook-x-prod.appspot.com/o/spaces%2F1kuQmaiGjjsJYmOqI3qh%2Fuploads%2FiN2XJ8ONtwRqW1AUDl4r%2FARIAIP%20MiCA%20Whitepaper.pdf?alt=media&token=REDACTED,,,,,,,,,,,,,,,,0
OTHER,504,1,new,0,IE,26/01/2026,2026-01-26,https://reya.xyz/micar-whitepaper,,2138007WXW95L989QP22,1,,,reya.xyz,1,da24d65651aa,http-error,direct,http-error,ed2c6bf9e88fe55b2f4e36c3ae1d5a5bbca706976440cf0b7db5a65f55188440,reya.xyz,https://reya.xyz/micar-whitepaper,,,,,,,,,,,,,,,,0
OTHER,505,0,rekeyed,0,IE,19/12/2025,2025-12-19,apex.exchange/whitepaper,,,0,,,apex.exchange,1,e9bd4de41c56,html,direct,html,f5431bedcf091189ca7bf8e821d882129a1a2d10590213ddfb21ada868a386dd,www.apex.exchange,https://www.apex.exchange/whitepaper,,,,,,,,,,,,,,,,0
OTHER,506,1,new,0,IE,10/02/2026,2026-02-10,https://ravedao.github.io/rave-xhtml/,,2138007WXW95L989QP22,1,,,ravedao.github.io,1,e28f3ab56f15,ixbrl-esma,direct,ixbrl-esma,b866d281a3c84657b7c01e72999b7d67fc9a8f906f0586c609cbc46719bb9b38,ravedao.github.io,https://ravedao.github.io/rave-xhtml/,1.1,1,,,github.io,1,0,1,,,,2025-12-01,,,,0
OTHER,507,1,new,0,IE,10/02/2026,2026-02-10,https://anyone.io/mica-whitepaper,,9845003D98SCC2851458,1,,,anyone.io,1,46305a7a51e4,pdf,direct,robots,826d44f8af6a8a5ec1768aa02bf710dd62cec6f5fadb8a1bdfdce424e63317d8,cdn.prod.website-files.com,https://cdn.prod.website-files.com/64940c3f30cff496b018e020/693b3effb302901c3aabadce_anyone-protocol_whitepaper_micar_v2.pdf,,,,,,,,,,,,,,,,0
OTHER,508,1,new,0,IE,10/02/2026,2026-02-10,https://docs.heyelsa.ai/heyelsa-mica-whitepaper,,,0,2M8TP357G,2M8TP357G,docs.heyelsa.ai,1,ed552d057aee,html,direct,html,a3da551f8d8aa3a6b375f76797dafe18eb5857a774668111f5b65e7a7ac8a894,docs.heyelsa.ai,https://docs.heyelsa.ai/elsa-white-paper/heyelsa-mica-whitepaper,,,,,,,,,,,,,,,,0
OTHER,509,1,new,0,IE,13/02/2026,2026-02-13,https://read.fight.foundation/links/,,,0,,,read.fight.foundation,1,b426224a2931,pdf,hop,pdf,cf0d729be3cd8bfef076e1bd26b284bb5173e78e3e65224d7361a5c953d1e8b3,read.fight.foundation,https://read.fight.foundation/assets/251015_for_notification_fight_whitepaper_admission_to_trading_id.pdf,,,,,,,,,,,,,,,,0
OTHER,510,1,new,0,IE,20/02/2026,2026-02-20,https://token.multibankgroup.com/en,5493009NUX4N2MIOT662,,0,54930WJPR,2HNNQLG24,token.multibankgroup.com,1,e891f1e51824,html,direct,html,78f00e82ade31c88cb46d1122ab4bfd4c896289b21c9201a2db8582610f4b08e,token.mb.io,https://token.mb.io/en,,,,robots:1,,,,,,,,,,ISSUED/ACTIVE,,0
OTHER,511,1,new,0,IE,20/02/2026,2026-02-20,https://www.telcoin.org/legal/mica-white-paper.xhtml; accessible via: https://www.telcoin.org/documentation/telcoin-platform/telcoin-tel-token,5067005DH2B5Z9W29038,9845003D98SCC2851458,1,VJVXNCJH1,Q95MMRGRC,www.telcoin.org,2,d5c0337ff9ab,ixbrl-esma,direct,ixbrl-esma,8fd6fcaf74434618630c1ea0944b223cdefd523d18f4d9d891f52bee1d28cbb6,www.telcoin.org,https://www.telcoin.org/legal/mica-white-paper.xhtml,1.1,1,,,telcoin.org,0,0,1,1,1,1,2026-01-13,5067005DH2B5Z9W29038,ISSUED/ACTIVE,ISSUED/ACTIVE,0
OTHER,512,1,new,0,IE,27/02/2026,2026-02-27,https://www.lavanet.xyz/mica-whitepaper,,,0,,,www.lavanet.xyz,1,8336906290d8,pdf,hop,html,554896d5a8475c1c30ea16dad43e01fa82c9ea3e4ee7fcf25158e9a48e9417fd,cdn.prod.website-files.com,https://cdn.prod.website-files.com/642c9c8327126062770bfdd0/692f421b63343faf4b48fb77_LAVA%20NETWORK%20TOKEN%20WHITE%20PAPER.pdf,,,,,,,,,,,,,,,,0
OTHER,513,1,new,0,IE,27/02/2026,2026-02-27,https://reya.xyz/micar-whitepaper,,,0,,,reya.xyz,1,da24d65651aa,http-error,direct,http-error,ed2c6bf9e88fe55b2f4e36c3ae1d5a5bbca706976440cf0b7db5a65f55188440,reya.xyz,https://reya.xyz/micar-whitepaper,,,,,,,,,,,,,,,,0
OTHER,514,1,new,0,IE,27/02/2026,2026-02-27,https://aio-micar-whitepaper.olaxbt.xyz/,,2138007WXW95L989QP22,1,,,aio-micar-whitepaper.olaxbt.xyz,1,e09a9c7d2a54,anti-bot,direct,anti-bot,1c4271d479e4892df5a3737fe086923f881af5303ec09d4a23ade8faf5f06aac,aio-micar-whitepaper.olaxbt.xyz,https://aio-micar-whitepaper.olaxbt.xyz/,,,,,,,,,,,,,,,,0
OTHER,515,1,new,0,IE,27/02/2026,2026-02-27,https://beamable.network/bmb-token/,,9845003D98SCC2851458,1,QR109MV7F,,beamable.network,1,e90e728c6039,html,direct,html,2d6197313d4a6089cd7cdbf76081c8774c70239ae2eaf00062df5a4596fdff25,beamable.network,https://beamable.network/bmb-token/,,,,,,,,,,,,,,,,0
OTHER,516,1,new,0,IE,06/03/2026,2026-03-06,https://www.idos.network/blog/token-legal-white-paper,,,0,,,www.idos.network,1,e3e5ec151fd7,pdf,hop,pdf,681db651af01ae1f25f2ce40a8b0d77691f9803ecc8e330a24601d7d5c5f5d54,www.idos.network,https://www.idos.network/66ec355bf540a35512340edb/69450df3e4eecbaad6a0b900_251209 White Paper_IDOS Token_OTPC and ATTR_updated_as sent (ID 3403171).pdf,,,,,,,,,,,,,,,,0
OTHER,517,1,new,0,IE,06/03/2026,2026-03-06,https://learn.fleek.xyz/flk/tokenomics,,,0,,,learn.fleek.xyz,1,d37b72fb05d9,html,direct,html,18be530247ecf2c815c7963fb7667b3e5bed08714f66fcf5496fdbb798aaa8df,app.gitbook.com,https://app.gitbook.com/o/Ip3vkBdoTSLR2V85Lyg3/sites/site_Vf1df/flk/tokenomics,,,,,,,,,,,,,,,,0
OTHER,518,1,new,0,IE,06/03/2026,2026-03-06,https://solanamobile.com/mica_whitepaper,,9845003D98SCC2851458,1,,,solanamobile.com,1,c7c3b40b1154,http-error,direct,http-error,51550177001c1c6ddc369e8a4ad1b4e045774ac658d7c268611a0428c2da579e,solanamobile.com,https://solanamobile.com/mica_whitepaper,,,,,,,,,,,,,,,,0
OTHER,519,1,new,0,IE,06/03/2026,2026-03-06,https://www.cairnspoint.com/whitepapers/ETHFI.xhtml,,,0,9GGBS7NSH,RJTJR45MC,www.cairnspoint.com,1,3b1ac9653dd6,ixbrl-1.0,direct,ixbrl-1.0,44f9558d05cf4c8c46034ab0617ac3a55ab26d5d193492453a4722e73f23b285,www.cairnspoint.com,https://www.cairnspoint.com/whitepapers/ETHFI.xhtml,1.0,1,,,cairnspoint.com,0,,,,,,,,,,0
OTHER,520,1,new,0,IE,06/03/2026,2026-03-06,https://www.edel.finance/micar-whitepaper,529900E9GA8R99VOHV41,,0,M6NN5BKGW,R2MQ3JKN7,www.edel.finance,1,6f85dbee635e,robots,direct,robots,,,,,,robots:reserved,,,,,,,,,,,ISSUED/ACTIVE,,0
OTHER,521,1,new,0,IE,06/03/2026,2026-03-06,https://growtokens.io/docs/future-energy-global-ag-whitepaper.xhtml,98450028A8870637V290,,0,,,growtokens.io,1,bef53700bd1b,ixbrl-esma,direct,ixbrl-esma,af1e3733b19ea7729a2fde9e9d262aa026b6540ec86655fe5a1153262dbd635e,growtokens.io,https://growtokens.io/docs/future-energy-global-ag-whitepaper.xhtml,1.1,1,,,growtokens.io,0,0,1,1,,,2026-01-26,98450028A8870637V290,ISSUED/ACTIVE,ISSUED/ACTIVE,0
OTHER,522,1,new,0,IE,06/03/2026,2026-03-06,https://public.inferencelabs.com/VERFI_WhitePaper.xhtml,984500BBCE61B07M8E25,,0,9DDKPFN21,,public.inferencelabs.com,1,492355c526e4,http-error,direct,http-error,62c1c0b235e26952857139537b65f8272026cd1c385c1bf6dba20481ee8a6619,public.inferencelabs.com,https://public.inferencelabs.com/VERFI_WhitePaper.xhtml,,,,,,,,,,,,,,ISSUED/ACTIVE,,0
OTHER,523,1,new,0,IE,06/03/2026,2026-03-06,https://www.idos.network/blog/idos-token-legal-white-paper-public-sale,,,0,,,www.idos.network,1,ee5a062533f4,pdf,hop,pdf,8dfbcc0936e738441baf3252c5492ca29bfe84e2a8ab37a7e7c055fd4e7892c2,www.idos.network,https://www.idos.network/66ec355bf540a35512340edb/69835dfafd21b340bed0b74e_251209 Public Sale_White Paper_IDOS Token_OTPC_updated_as sent 2 (ID 3409945).pdf,,,,,,,,,,,,,,,,0
OTHER,524,1,new,0,IE,13/03/2026,2026-03-13,https://drive.proton.me/urls/1747JKE1NC#WOrdWwdi7UnE,,,1,QJVQZ43NG,638H37B26,drive.proton.me,1,333f28e5921d,html,direct,html,48bfc8b89ca57bb835d7665ad0bcbcdff555f442ebb6f8f747f2b256aaf8d0cd,drive.proton.me,https://drive.proton.me/urls/1747JKE1NC#WOrdWwdi7UnE,,,,,,,,,,,,,,,,0
OTHER,525,1,new,0,IE,13/03/2026,2026-03-13,https://resolv.xyz/mica-whitepaper,,,0,50HC509TX,7K8C637XB,resolv.xyz,1,b27f4d487bd8,pdf,direct,pdf,0b82aa91ef12013d82f9fa3fbde3c8ab17b1b7205ef11e094b2002a7821759b4,app.resolv.xyz,https://app.resolv.xyz/assets/docs/mica-whitepaper.pdf,,,,,,,,,,,,,,,,0
OTHER,526,0,rekeyed,0,IE,16/12/2025,2025-12-16,https://cdn.prod.website-files.com/67cd88c9c7cb5a25c8bf89be/6998496139debbabce1f2aa0_Kula%20__%20MiCA%20White%20Paper.pdf,,,0,,7DFJZPHN1,cdn.prod.website-files.com,1,ae641731dd09,pdf,direct,pdf,675de9843e27ad39b6d96452e13a65f7de923193519852f1f5da51de87bb8844,cdn.prod.website-files.com,https://cdn.prod.website-files.com/67cd88c9c7cb5a25c8bf89be/6998496139debbabce1f2aa0_Kula%20__%20MiCA%20White%20Paper.pdf,,,,,,,,,,,,,,,,0
OTHER,527,1,new,0,IE,18/02/2026,2026-02-18,https://research.assets.allora.network/allora.mica,,,0,4K443Q4XJ,6V2VLBJV9,research.assets.allora.network,1,e9f56d7eb577,http-error,direct,robots,fe8bd2f409c8ceae84fd4f91d916fe62c95bff8de2cd6a64bdb7f78cce4fc4cd,research.assets.allora.network,https://research.assets.allora.network/allora.mica,,,,,,,,,,,,,,,,0
OTHER,528,1,new,0,IE,15/04/2026,2026-04-15,https://wingbits.com/assets/documents/wingbits-white-paper.pdf?_gl=1*6dyayj*_up*MQ..*_ga*MjAxOTA3NjgwMC4xNzc0MDE3OTE4*_ga_WM2P6S7YY0*czE3NzQwMTc5MTgkbzEkZzAkdDE3NzQwMTc5MTgkajYwJGwwJGgw,,,1,80WW80VFV,GTNVTB4NZ,wingbits.com,1,3f3e806a778b,pdf,direct,pdf,2796866e8e5f18b508e0403db56650f444b24755cdcc5678441249e96f0b39c7,wingbits.com,https://wingbits.com/assets/documents/wingbits-white-paper.pdf?_gl=1*6dyayj*_up*MQ..*_ga*MjAxOTA3NjgwMC4xNzc0MDE3OTE4*_ga_WM2P6S7YY0*czE3NzQwMTc5MTgkbzEkZzAkdDE3NzQwMTc5MTgkajYwJGwwJGgw,,,,,,,,,,,,,,,,0
OTHER,529,1,new,0,IE,20/01/2026,2026-01-20,https://moonbirds.com/mica,,,0,1KKFQGVKX,1KKFQGVKX,moonbirds.com,1,6ec80c459cc0,html,direct,html,572082db6464b30d1fd3a407f668db8ed8e31755b7c9ba5ac1713efbe33a9ac6,moonbirds.com,https://moonbirds.com/mica,,,,,,,,,,,,,,,,0
OTHER,530,1,new,0,IE,27/03/2026,2026-03-27,https://duckchain.io/micar/DuckChain_MiCAR_WP.html,254900D14600EDO8T480,2138007WXW95L989QP22,1,QBZLT5MT1,,duckchain.io,1,9215e3643dae,ixbrl-esma,direct,ixbrl-esma,fb8830c9f2962fa604b9c0161f78dda82e67c361abd45f6ba2b521dab8475afb,duckchain.io,https://duckchain.io/micar/DuckChain_MiCAR_WP,1.1,1,,,duckchain.io,0,0,1,1,1,,2025-11-10,254900D14600EDO8T480,LAPSED/ACTIVE,LAPSED/ACTIVE,0
OTHER,531,1,new,0,IE,27/03/2026,2026-03-27,https://www.pepecoin.io/mica/pepecoin-mica-whitepaper.xhtml,254900163QKSOGOKOY29,,0,4CJ98ZNW0,5DF819BDX,www.pepecoin.io,1,d030764611b6,ixbrl-esma,direct,ixbrl-esma,afdc63fc028f3fa4df86a217930b583c395c82292fd88b7c35dadafd871bf7ff,www.pepecoin.io,https://www.pepecoin.io/mica/pepecoin-mica-whitepaper.xhtml,1.1,1,,,pepecoin.io,0,0,1,1,1,1,2026-02-23,254900163QKSOGOKOY29,LAPSED/ACTIVE,LAPSED/ACTIVE,0
OTHER,532,1,new,0,IE,27/03/2026,2026-03-27,https://www.ethgas.com/mica-whitepaper,,,0,XDG7XHTR8,ZZGXDPXH7,www.ethgas.com,1,c5ad342b34f4,html,direct,html,c58268ea5b6448f09260572892a100d90f43cd39a97f09bc5e0c9aef7bcd7be0,www.ethgas.com,https://www.ethgas.com/mica-whitepaper/,,,,http-error:2,,,,,,,,,,,,0
OTHER,533,1,new,0,IE,27/03/2026,2026-03-27,https://docs.tea.xyz/staging/qovCbhhrNAC2BmXR97Rg/tea-network-micar-whitepaper,,,0,1JFCB0LZZ,,docs.tea.xyz,1,d5eca91f081e,pdf,hop,html,e81d18ef1edcc204955d99b0578a1cbce64dc2dfe5ad567a54b0780c136cea23,micarwhitepaper.s3.us-east-1.amazonaws.com,https://micarwhitepaper.s3.us-east-1.amazonaws.com/White+Paper+Report.pdf,,,,,,,,,,,,,,,,0
OTHER,534,1,new,0,IE,10/04/2026,2026-04-10,https://www.beldex.io/BDX_MiCA_Whitepaper.xhtml,,,0,2ZJBB38FG,,www.beldex.io,1,fc2248ba16fb,ixbrl-esma,direct,ixbrl-esma,0aec75d1b830ca7ed4e2cd5ea90ed09ce5e6d5243e668de8c1608e17fc2d0488,www.beldex.io,https://www.beldex.io/BDX_MiCA_Whitepaper.xhtml,1.1,1,,,beldex.io,0,1,1,,1,,2026-03-06,,,,0
OTHER,535,1,new,0,IE,10/04/2026,2026-04-10,https://vibe.infiniteuniverse.xyz/MiCAWhitepaper.xhtml,254900RWTDSC60D9X877,9845003D98SCC2851458,1,MBGFTKZJ0,L6HVL712T|LBKKLJBRV|WHQFGSLKG|ZR801RX38,vibe.infiniteuniverse.xyz,1,9c12dbe6b67b,ixbrl-esma,direct,ixbrl-esma,b48ebf32283089edd0c504b738fda97797d4fd853b8ec33abfbc0121b41479a0,vibe.infiniteuniverse.xyz,https://vibe.infiniteuniverse.xyz/MiCAWhitepaper.xhtml,1.1,1,,,infiniteuniverse.xyz,0,0,1,1,1,1,2026-03-02,254900RWTDSC60D9X877,ISSUED/ACTIVE,ISSUED/ACTIVE,0
OTHER,536,1,new,0,IE,10/04/2026,2026-04-10,https://files.vebetter.com/vebetterdaocontainer/B3TR-White-Paper-MICAR.pdf,5299001UWKNB61VZCT67,,0,NBQPNFDX4,,files.vebetter.com,1,2bdfcf2437e2,pdf,direct,pdf,29011e18e79d38d02be3eb9a66ec4330007cb181ef33062a167a1f7ec79c53f8,files.vebetter.com,https://files.vebetter.com/vebetterdaocontainer/B3TR-White-Paper-MICAR.pdf,,,,,,,,,,,,,,ISSUED/ACTIVE,,0
OTHER,537,1,new,0,IE,10/04/2026,2026-04-10,https://cdn.prod.website-files.com/69b1cc4ec2add76ed52e5bb2/69b1cc4ec2add76ed52e6381_3aa93988804faabf596e8e5541f55819_LumiTokenWP.pdf,,,0,C6QGXBH5J,69KR7GFFC,cdn.prod.website-files.com,1,03cb90b36e4e,pdf,direct,robots,75656c519ef072ae7e93d5696753e9b19f2b5aefb6fc547792a97e9bc3034fc5,cdn.prod.website-files.com,https://cdn.prod.website-files.com/69b1cc4ec2add76ed52e5bb2/69b1cc4ec2add76ed52e6381_3aa93988804faabf596e8e5541f55819_LumiTokenWP.pdf,,,,,,,,,,,,,,,,0
OTHER,538,1,new,0,IE,10/04/2026,2026-04-10,https://reppo-labs-xyz.gitbook.io/reppo-labs/whitepaper,984500546D79A915B867,,0,GP4JFZ672,WLTC7T1M9,reppo-labs-xyz.gitbook.io,1,d378405d4e3d,pdf,hop,html,ef56a2052153a9824d3f8182437f936194b4931cba779b6c4acdac91b0f0ef57,sherlock-files.ams3.digitaloceanspaces.com,https://sherlock-files.ams3.digitaloceanspaces.com/reports/2026.03.24%20-%20Final%20-%20Reppo%20Collaborative%20Audit%20Report%201774395140.pdf,,,,,,,,,,,,,,ISSUED/ACTIVE,,0
OTHER,539,1,new,0,IE,10/04/2026,2026-04-10,http://bluefin.io/foundation/mica-whitepaper,875500XKXBH00HN3PX04,,0,FWSPQDBXB,ZLD7N9J5W,bluefin.io,1,957b4e6c0bd1,ixbrl-esma,hop,ixbrl-esma,16ab22b7657f77d54495cfde6e5815222bb94b2a78edd552e17ae8b8cb781b7c,bluefin.io,https://bluefin.io/foundation/mica-whitepaper/2026-03-05-White-paper-Bluefin-FFG-FWSPQDBXB.xhtml,1.1,1,,,bluefin.io,0,1,1,1,1,1,2026-03-05,875500XKXBH00HN3PX04,ISSUED/ACTIVE,ISSUED/ACTIVE,0
OTHER,540,1,new,0,IE,10/04/2026,2026-04-10,https://docs.amnis.finance/mica,,,0,DRQPDWVXJ,28RJR2ZB7,docs.amnis.finance,1,45df189ded54,pdf,hop,html,833c9aff71401ac42c48eefcc6e1ba77db5d36472cbb61743825df22c8fcf41f,3786902578-files.gitbook.io,https://3786902578-files.gitbook.io/~/files/v0/b/gitbook-x-prod.appspot.com/o/spaces%2F6ODhMHapINE20iENLG19%2Fuploads%2FMeALJN4n4JR1a3hOJzc9%2FAmnis%20Finance%20MICA%20White%20Paper.pdf?alt=media&token=REDACTED,,,,,,,,,,,,,,,,0
OTHER,541,1,new,0,IE,10/04/2026,2026-04-10,https://docs.into.space/en/resources/micar-whitepaper,,,0,NH42BXFS2,FHQ1V6GXX,docs.into.space,1,cfe6b0708240,net-error,direct,net-error,,,https://docs.into.space/en/resources/micar-whitepaper,,,robots:error,,,,,,,,,,,,,0
OTHER,542,1,new,0,IE,17/04/2026,2026-04-17,https://whitepaper.rain.one/,,,0,GNQVV02PS,,whitepaper.rain.one,1,8b8da3091263,pdf,direct,pdf,b5a27c065553a35f1dd85fb0c447ff2045ba0d75f6b3f9327805b8db6efb62d1,whitepaper.rain.one,https://whitepaper.rain.one/,,,,,,,,,,,,,,,,0
OTHER,543,1,new,0,IE,17/04/2026,2026-04-17,https://nesa.ai/micar-whitepaper,25490098PJ231ERN6R07,,0,JGNSV5GR8,W7HTSC136,nesa.ai,1,aa021eeea03b,ixbrl-esma,hop,ixbrl-esma,11491c7a48a1544e4a22f2e6406abfc7b207115f5896713607ca3ee43bde9643,nesa.ai,https://nesa.ai/whitepaper/micar-whitepaper.xhtml,1.1,1,,,nesa.ai,0,1,1,1,1,1,2026-02-24,25490098PJ231ERN6R07,ISSUED/ACTIVE,ISSUED/ACTIVE,0
OTHER,544,1,new,0,IE,17/04/2026,2026-04-17,https://www.edgex.exchange/mica_whitepaper,,9845003D98SCC2851458,1,,,www.edgex.exchange,1,6ec2ff85ff73,net-error,direct,net-error,,,https://www.edgex.exchange/mica_whitepaper,,,robots:error,,,,,,,,,,,,,0
OTHER,545,0,rekeyed,0,IE,01/11/2025,2025-11-01,https://x.neo.org/mica/neo-whitepaper,,9845003D98SCC2851458,1,,N2FWML4CL,x.neo.org,1,6013502114f5,html,direct,html,780b186d1eb6f131ae52016683ccd5ed1041c4cd8832425bdf37daa91666b31f,x.neo.org,https://x.neo.org/mica/neo-whitepaper,,,,,,,,,,,,,,,,0
OTHER,546,0,rekeyed,0,IE,01/11/2025,2025-11-01,https://x.neo.org/mica/gas-whitepaper,,9845003D98SCC2851458,1,,H8NP4QLFK,x.neo.org,1,b8a200722df7,html,direct,html,3790763e1d82f8514b28437a046a8031e3e6ca380ce8f571c5b1c4901a636c46,x.neo.org,https://x.neo.org/mica/gas-whitepaper,,,,,,,,,,,,,,,,0
OTHER,547,1,new,0,IE,08/01/2026,2026-01-08,http://www.micacryptoalliance.com/reports/lion-mica-white-paper,,,0,,QW6T8C2WG,www.micacryptoalliance.com,1,6e21200e56aa,ixbrl-esma,hop,ixbrl-esma,93e60fb7b1f1521e9b66ded6d8fe625d6f352820bcf2f5001afb6476b0b3ea9d,storage.googleapis.com,https://storage.googleapis.com/exponential-science-project1.appspot.com/IXBRL/LION-WP/LION-WP-viewer.xhtml,1.1,1,,,googleapis.com,1,1,1,,,1,2026-03-19,984500CEB5773O38LE40,,ISSUED/ACTIVE,0
OTHER,548,1,new,0,IE,07/05/2026,2026-05-07,https://paimon-finance.gitbook.io/paimon.finance/,,,0,P2SFF0SK8|R2J0BQ5W7,HF62H4ZBJ,paimon-finance.gitbook.io,1,34f6ae725c94,html,direct,html,d2a3aa92ed7ace4712bda12205514be3218cded806ef9067e3cd49c36b5c6ab0,paimon-finance.gitbook.io,https://paimon-finance.gitbook.io/paimon.finance,,,,,,,,,,,,,,,,0
OTHER,549,1,new,0,IE,27/04/2026,2026-04-27,https://doc.confluxnetwork.org/files/micawhitepaper,,,0,3ZW8R4HSD|RTLD61D5C,2K9VS42WV,doc.confluxnetwork.org,1,b01e9276ddeb,ixbrl-esma,direct,ixbrl-esma,c9909d5260930748cbca6ea825662c31a90f5504f50d27152d1479dad0449e39,doc.confluxnetwork.org,https://doc.confluxnetwork.org/files/micawhitepaper,1.1,1,,,confluxnetwork.org,0,0,1,,1,1,2026-03-25,98450060B5075C15KB46,,ISSUED/ACTIVE,0
OTHER,550,1,new,0,IE,07/05/2026,2026-05-07,https://natgold.com/mica-whitepaper,,,0,VNVWKPZTZ,RZF8Q6GLN,natgold.com,1,ee33b2faa7f2,pdf,hop,pdf,92cd3fa84d257cce1c047cfc39794305390eb809ead522452bf990c04933e10a,media.natgold.com,https://media.natgold.com/assets/documents/natgold-white-paper-april-2026.pdf,,,,,,,,,,,,,,,,0
OTHER,551,1,new,0,IE,04/05/2026,2026-05-04,https://beezie.io/,,,0,WCQ2ZW7FN,PGZKJT770,beezie.io,1,f511f728c546,anti-bot,direct,anti-bot,50fdb9d5f15ed1efbed39243a2078bff505826f6886a15d74d8327817768838f,beezie.com,https://beezie.com/,,,,,,,,,,,,,,,,0
OTHER,552,1,new,0,IE,15/06/2026,2026-06-15,https://iotrader.io/whitepaper.html,,,0,MWMGJ5CHL,KS4PZL3ZV,iotrader.io,1,1a39239ab344,html,direct,html,a4fe947f34d4e4660b265674c987d0d0bc2875c78adcc77542e5a314b8711858,iotrader.io,https://iotrader.io/whitepaper.html,,,,,,,,,,,,,,,,0
OTHER,553,1,new,0,IE,08/05/2026,2026-05-08,https://pepecoin.com/mica-whitepaper.xhtml,,,0,35SQX3ZLF,M2HDQ5QB5,pepecoin.com,1,4ed3b291483f,ixbrl-esma,direct,ixbrl-esma,01027f312cb9d1db449dce71a9d568d2510bc184745f0bd1f24106e108e17f1a,pepecoin.com,https://pepecoin.com/mica-whitepaper.xhtml,1.1,1,,,pepecoin.com,0,1,1,,1,1,2026-04-07,2549009T9ZVEPHN70K19,,ISSUED/ACTIVE,0
OTHER,554,1,new,0,IE,12/05/2026,2026-05-12,https://www.avafoundation.org/ava-mica-whitepaper/,,,0,RHDB0VHNP|VK2LFFJB3|WBDR40MZJ,L5W9562HZ,www.avafoundation.org,1,f58253a67674,zip-other,hop,html,2e6440a05822653d151456c36d3bd1d3b2251f4720bf990753054e9ab41bc068,statics.avafoundation.org,https://statics.avafoundation.org/wp-content/uploads/2026/05/07160231/2026-04-09-White-paper-AVA-FFG-L5W9562HZ.xhtml_.zip,,,,,,,,,,,,,,,,0
OTHER,555,1,new,0,IE,13/05/2026,2026-05-13,https://hyperlend.finance/WhitePaper-%7BHPL%7D-%7BHyperlend%20Inc.%7D-%7BPA%7D-260413154439-en.xhtml,,,0,VJ0L7N45M,VJ0L7N45M,hyperlend.finance,1,a5b039332bd9,ixbrl-esma,direct,ixbrl-esma,49a3b05f15281ec633152d3cc11c9de165ce51d0f63bc8aa699dc6510a5322a0,hyperlend.finance,https://hyperlend.finance/WhitePaper-%7BHPL%7D-%7BHyperlend%20Inc.%7D-%7BPA%7D-260413154439-en.xhtml,1.1,1,,,hyperlend.finance,0,0,1,,1,1,2026-04-13,98450008DF795FA2D049,,ISSUED/ACTIVE,0
OTHER,556,1,new,0,IE,22/05/2026,2026-05-22,https://www.sustainablebtc.org/legal/mica-whitepaper,9845007BB086A966CC97,,0,GMPJV4G7M,8QHVDC6GT,www.sustainablebtc.org,1,5cb36a34eabd,ixbrl-esma,hop,ixbrl-esma,ec96967bdda414cc1a63d8c85eaf00a0eb72d46f43542c58c1499f90fd1b7086,www.sustainablebtc.org,https://www.sustainablebtc.org/sbp-mica-whitepaper.xhtml,1.1,1,,,sustainablebtc.org,0,1,1,1,1,1,2026-03-31,9845007BB086A966CC97,ISSUED/ACTIVE,ISSUED/ACTIVE,0
OTHER,557,1,new,0,IE,22/05/2026,2026-05-22,https://ekubo.org/WhitePaper-EKUBO-en.xhtml,2549009AQIN4JCD69339,,0,-|51CGHRW1R|ETHEREUM-|STARKNET|VDMKQ209V,PWQLV0N8Q,ekubo.org,1,5344fc17a0df,ixbrl-esma,direct,ixbrl-esma,a5d53a544d0d8f900e3118f21333de90c394c37a6964b038d13f80b310095ea6,ekubo.org,https://ekubo.org/WhitePaper-EKUBO-en.xhtml,1.1,1,,,ekubo.org,0,0,1,1,1,1,2026-04-10,2549009AQIN4JCD69339,ISSUED/ACTIVE,ISSUED/ACTIVE,0
OTHER,558,1,new,0,IE,22/05/2026,2026-05-22,methprotocol.xyz/mica-whitepaper,,,0,37ZLSZGK1,VSK737T5N,methprotocol.xyz,1,b71f099fa2c5,ixbrl-esma,hop,ixbrl-esma,7842e94fd57f7ebdeb528c02bbffa9d405f0e41a5a2220986687a75d9482c539,www.methprotocol.xyz,https://www.methprotocol.xyz/mica-whitepaper-mETH.xhtml,1.1,1,,,methprotocol.xyz,0,1,1,,1,1,2026-04-16,,,,0
OTHER,559,1,new,0,IE,22/05/2026,2026-05-22,methprotocol.xyz/mica-whitepaper,,,0,X0KHQHP33,VSK737T5N,methprotocol.xyz,1,b71f099fa2c5,ixbrl-esma,hop,ixbrl-esma,7842e94fd57f7ebdeb528c02bbffa9d405f0e41a5a2220986687a75d9482c539,www.methprotocol.xyz,https://www.methprotocol.xyz/mica-whitepaper-mETH.xhtml,1.1,1,,,methprotocol.xyz,0,1,1,,0,1,2026-04-16,,,,0
OTHER,560,1,new,0,IE,22/05/2026,2026-05-22,MYNEbrowser.ai/legal,,,0,J0HGW2Q0X,DMZM71HSD,mynebrowser.ai,1,1122bc5cfd95,net-error,direct,net-error,,,https://MYNEbrowser.ai/legal,,,robots:error,,,,,,,,,,,,,0
OTHER,561,1,new,0,IE,29/05/2026,2026-05-29,https://static.dgrid.ai/micar-whitepaper,894500XO2J0DEKILQH68,,0,SDJ2JX602,380Q5LT4C,static.dgrid.ai,1,083b4ee346b3,ixbrl-esma,direct,ixbrl-esma,bbf95b52532ad8560d7ff46b53e6455bb3863221744d8becc29a8629d43a9fe2,static.dgrid.ai,https://static.dgrid.ai/micar-whitepaper,1.1,1,,,dgrid.ai,0,1,1,1,1,1,2026-04-27,894500XO2J0DEKILQH68,ISSUED/ACTIVE,ISSUED/ACTIVE,0
OTHER,562,1,new,0,IE,29/05/2026,2026-05-29,https://citrea.xyz/mica/v1-whitepaper,254900T0HLMVVMP7AF45,,0,87R3F36H3,M3JKQ6D1X,citrea.xyz,1,0d568fcfa759,http-error,direct,http-error,1f6f22f4f16a02b4cb8356a3a04ed44b8ee0e2c9e3c0ff1b68a9bb8c846fd21c,citrea.xyz,https://citrea.xyz/mica/v1-whitepaper,,,,,,,,,,,,,,ISSUED/ACTIVE,,0
OTHER,563,1,new,0,IE,09/06/2026,2026-06-09,https://safefoundation.org/mica-whitepaper,,,0,VQQNZSQ1H,GLNXBZWH5,safefoundation.org,1,cd2cfd8becb8,ixbrl-esma,hop,ixbrl-esma,08afde8fa32de0e9d1502c4ebd8c58ff1e5cdf97755094f2595c23000ecadb88,safefoundation.org,https://safefoundation.org/docs/mica-whitepaper/v2-2026-05-14.xhtml,1.1,1,,,safefoundation.org,0,0,1,,1,1,2026-05-01,,,,0
OTHER,564,1,new,0,IE,09/06/2026,2026-06-09,https://spiritprotocol.io/mica-whitepaper.xhtml,984500D5C71F1B09UD05,,0,W41GMPV2Z,WL4J85L3V,spiritprotocol.io,1,f92ff88827d9,ixbrl-esma,direct,ixbrl-esma,4c7ca8584a6ac71e504e7ba7edc26635df15abb21235cd83eb18c3435fc44474,spiritprotocol.io,https://spiritprotocol.io/mica-whitepaper.xhtml,1.1,1,,,spiritprotocol.io,0,0,1,1,1,1,2026-04-29,984500D5C71F1B09UD05,ISSUED/ACTIVE,ISSUED/ACTIVE,0
OTHER,565,1,new,0,IE,09/06/2026,2026-06-09,https://morph.network/micar-whitepaper.pdf,254900SJUY8QM6AB2O69,,0,28LDQWJDT|J04F1K9H3,6C8D688HQ,morph.network,1,44ba47f1f454,pdf,direct,pdf,cc72ca49eafbae053f01a8cf674f855eeecaa76d94a49ec1473182ea70c1a0cd,morph.network,https://morph.network/micar-whitepaper.pdf,,,,,,,,,,,,,,ISSUED/ACTIVE,,0
OTHER,566,1,new,0,IE,19/06/2026,2026-06-19,https://mantrachain.io/whitepaper/,,9845003D98SCC2851458,1,BTV0D00Z6,11B60HRDS,mantrachain.io,1,f82b2e176990,ixbrl-esma,direct,ixbrl-esma,b628fa744f1faad491490234ced3155ebc9e8f2d3a2cdc836698310e6f4c0336,mantrachain.io,https://mantrachain.io/whitepaper/,1.1,1,,,mantrachain.io,0,1,1,,1,1,2026-05-11,,,,0
OTHER,567,1,new,0,IE,19/06/2026,2026-06-19,https://cheqd.io/legal/mica-whitepaper,254900JJPRIV008Q7D28,529900B4G0EGK7Z9KT45,1,1P50MSVXL,HZNZ1PR6D,cheqd.io,1,7e97fc5c19ad,http-error,direct,http-error,9ebafc34369dba0253626172aab21d7be42280236a74176e961b3ceb2fa3edbb,cheqd.io,https://cheqd.io/legal/mica-whitepaper,,,,,,,,,,,,,,ISSUED/ACTIVE,,0
OTHER,568,1,new,0,IE,19/06/2026,2026-06-19,https://www.liquidmercury.com/micar-whitepaper,2549002CK9EZ6CCOO591,,0,NCB292QHK|V4BQMKKS2,QSJH64H1S,www.liquidmercury.com,1,95d09f682a50,ixbrl-esma,direct,ixbrl-esma,dfa23a00504ed022c42500719c1445ff13c72266ed60d7f73f9ca81d943489a0,www.liquidmercury.com,https://www.liquidmercury.com/micar-whitepaper,1.1,1,,,liquidmercury.com,0,1,1,1,1,1,2026-05-18,2549002CK9EZ6CCOO591,ISSUED/ACTIVE,ISSUED/ACTIVE,0
OTHER,569,1,new,0,IE,26/06/2026,2026-06-26,: https://www.superp.xyz/whitepaper,,9845003D98SCC2851458,1,8VNBZ7XFK,PTTNT10VG,www.superp.xyz,1,2c45b2d4adb9,net-error,direct,net-error,,,https://www.superp.xyz/whitepaper,,,robots:error,,,,,,,,,,,,,0
OTHER,570,1,new,0,IE,26/06/2026,2026-06-26,https://re.xyz/docs/re-iXBRL-report.html,2549004WYGE5MQ16JH36,,0,WJPPZB1R0,9DDKPFN21,re.xyz,1,38d8dc70e783,html,direct,html,7fd7673e62a0ee788a968f24b791bd625c567a3ffd213be163641b0a499b74f4,re.xyz,https://re.xyz/docs/re-iXBRL-report.html,,,,,,,,,,,,,,ISSUED/ACTIVE,,0
OTHER,571,1,new,0,IE,03/07/2026,2026-07-03,https://paper.chainopera.ai,,9845003D98SCC2851458,1,SKPS90GQB,FM177HHTC,paper.chainopera.ai,1,562e320b4b1c,html,direct,html,99dc5117de3bce08c9af5e3a0a4b793393eb0671028eacc67bc81ebfe4de5c08,paper.chainopera.ai,https://paper.chainopera.ai,,,,,,,,,,,,,,,,0
OTHER,572,1,new,0,IE,03/07/2026,2026-07-03,https://www.icon.foundation/publications/soda-mica-whitepaper/soda-mica-whitepaper-3532007.xhtml,,,0,WCWG3WXP9,381BX0FRL,www.icon.foundation,1,d95e5c51749a,ixbrl-esma,direct,ixbrl-esma,3fef6c236524df1c8d3e7d4074b47b758ab30f67f80eb6d317d62147656d56a0,www.icon.foundation,https://www.icon.foundation/publications/soda-mica-whitepaper/soda-mica-whitepaper-3532007.xhtml,1.1,1,,,icon.foundation,0,0,1,,1,1,2026-05-13,,,,0
OTHER,573,1,new,0,IE,03/07/2026,2026-07-03,https://wojakcto.com/whitepaper,,,0,6GF6DF92W,DDT9TCHLN,wojakcto.com,1,5bfb3660ca92,ixbrl-esma,direct,ixbrl-esma,0c0410e4460510e4a7cd3d28a815eb0f36ba24a57a12c6310e83a3fc40bfa712,www.wojakcto.com,https://www.wojakcto.com/whitepaper,1.1,1,,,wojakcto.com,0,1,1,,1,1,2026-05-27,,,,0
OTHER,574,1,new,0,IE,03/07/2026,2026-07-03,grove.micarwhitepapers.eu,,,0,CKS2SK39N,548L4MHM8,grove.micarwhitepapers.eu,1,080e92afee9f,html,direct,html,2f30f45303e1d4e867826ac3882d7b64087155619d75db5b48d327df390f4755,grove.micarwhitepapers.eu,https://grove.micarwhitepapers.eu,,,,,,,,,,,,,,,,0
OTHER,575,1,new,0,IE,14/07/2026,2026-07-14,https://docs.verifiedx.io/docs/documents/mica-whitepaper,254900AA88L2W6K01S70,,0,WD1MG863T,VN4VFQXPX,docs.verifiedx.io,1,d4bd4a294d2f,ixbrl-esma,hop,ixbrl-esma,b0cabe88f9ae98f6f990e61d9a86361afa56ec176439906c3c87aa7a8af6097f,docs.verifiedx.io,https://docs.verifiedx.io/documents/VFX_MICA_White_Paper.xhtml,1.1,1,,,verifiedx.io,0,1,1,1,1,1,2026-05-21,254900AA88L2W6K01S70,ISSUED/ACTIVE,ISSUED/ACTIVE,0
OTHER,576,1,new,0,IE,14/07/2026,2026-07-14,https://docs.o1.exchange/token/mica-whitepaper,254900GJ530X73AT8B15,,0,PXT451VVG,2M4R8SDN1,docs.o1.exchange,1,b6dd28614d93,html,direct,html,1d2884cf1d98378c2026b69e17dbc5c46cd2dd0f98a6fd1e54ff4106edf73e4a,docs.o1.exchange,https://docs.o1.exchange/token/mica-whitepaper,,,,,,,,,,,,,,ISSUED/ACTIVE,,0
OTHER,577,1,new,0,IE,14/07/2026,2026-07-14,https://multipli.fi/legal/micapaper,9845008D5G08E06ABB83,,0,CQTL5Q7DL,22JQ1X7ZM,multipli.fi,1,15434c7f62b3,html,direct,html,74069438fd254c3e0946a9088540fa6601ce6e4e95d464a91efa6f5d617545de,multipli.fi,https://multipli.fi/legal/micapaper,,,,,,,,,,,,,,ISSUED/ACTIVE,,0
OTHER,578,1,new,0,IE,24/07/2026,2026-07-24,https://stronghold.co/shx-mica-whitepaper.pdf,98450048H6AD5N7F6G53,,0,1136CLSDN|2RKRC4B02|96TJWLQP8|BCN5KZ91K|K2LHPC5CT,Z9XPPVGGK,stronghold.co,1,3267b0d168c2,pdf,direct,pdf,0fad22233b36f26a0417ed3d7fe431d64378a78965ff1a5d46a7bba4f9c67209,storage.googleapis.com,https://storage.googleapis.com/shxpub/mica/shx-mica-whitepaper.pdf,,,,,,,,,,,,,,ISSUED/ACTIVE,,0
OTHER,579,1,new,0,IE,24/07/2026,2026-07-24,https://bitcoin.org.ht/mica-white-paper/,,9845003D98SCC2851458,1,QJJ02KRR0,G623SB2VS,bitcoin.org.ht,1,a275fa2ec0d8,ixbrl-esma,direct,ixbrl-esma,ea847c5ce97bb0592ddb7cce1668ba63015f0d0c9566f3e7c033bd7002428df5,bitcoin.org.ht,https://bitcoin.org.ht/mica-white-paper/,1.1,1,,,bitcoin.org.ht,0,1,1,,1,1,2026-06-02,,,,0
OTHER,580,1,new,0,IE,24/07/2026,2026-07-24,https://fanpla.ch/whitepaper/,,,0,MHFBDSZTS,L3QNGH6ZR,fanpla.ch,1,f54491b06ab7,pdf,hop,pdf,8427c6ddaf4d606a83b8a5be4803234a65d30596495443ea159dd00356618e3b,fanpla.ch,https://fanpla.ch/wp-content/themes/fanpla/FPL_White_Paper_PUBLICATION.pdf,,,,,,,,,,,,,,,,1
OTHER,581,1,new,0,IE,24/07/2026,2026-07-24,dscvr.one/whitepaper,,,0,PHZSW7KXG,F17SF6JFV,dscvr.one,1,7881569eccb1,html,direct,html,ea4a473c430dac5e8bd3dcb87cde1d9ad097332815adaaeae96a187490632978,social.dscvr.one,https://social.dscvr.one/whitepaper,,,,,,,,,,,,,,,,0
OTHER,582,1,new,0,IE,24/07/2026,2026-07-24,https://storx.tech/pdf/MICA-Whitepaper/,529900DJM8DMVXC56343,,0,D5T21L0HT,M7B5KL63K,storx.tech,1,a66703dbce2f,http-error,direct,http-error,dc1d54dab6ec8c00f70137927504e4f222c8395f10760b6beecfcfa94e08249f,storx.tech,https://storx.tech/pdf/MICA-Whitepaper/,,,,,,,,,,,,,,ISSUED/ACTIVE,,0
OTHER,583,1,new,0,IE,24/07/2026,2026-07-24,https://www.cygnus.finance/micar-whitepaper,25490042I90M0EGQ0T03,,0,Q78G3P6CP,4HDN9HKCJ,www.cygnus.finance,1,f0217b1271d7,html,direct,html,374b0034c65a68d68c78dcdc81b6dc6120919d66de2189610fe2f9fa72ebd448,www.cygnus.finance,https://www.cygnus.finance/micar-whitepaper,,,,,,,,,,,,,,ISSUED/ACTIVE,,0
OTHER,584,1,new,0,IE,30/07/2026,2026-07-30,https://assets.solstice.finance/mica/Solstice_MiCA_Whitepaper.xhtml,2549006KZ9NV4EYS4H81,,0,S6PKQMKSC,2VWW2099J,assets.solstice.finance,1,b9f3ce103f9b,ixbrl-esma,direct,ixbrl-esma,6975c50911acc795e58af18a64118f22927a207c043c9a9c1b44fa55fa6fd98b,assets.solstice.finance,https://assets.solstice.finance/mica/Solstice_MiCA_Whitepaper.xhtml,1.1,1,,,solstice.finance,0,0,1,1,1,1,2025-12-29,2549006KZ9NV4EYS4H81,ISSUED/ACTIVE,ISSUED/ACTIVE,0
OTHER,585,1,new,0,IE,30/07/2026,2026-07-30,https://rails.xyz/mica-whitepaper,,,0,,FBT24PNBJ,rails.xyz,1,26ac046bbbec,html,direct,html,7f39607f01f0e68bdea04d93d6087fcabab88ac9ac6db524df865d25b0949bb5,rails.xyz,https://rails.xyz/mica-whitepaper,,,,,,,,,,,,,,,,0
OTHER,586,1,new,0,IE,30/07/2026,2026-07-30,https://oss.antapi1.com/assets/AntFun_MiCAR_Whitepaper.xhtml,,,0,4R1XQVB32|LFFLZ1D3N,LL79768JW,oss.antapi1.com,1,feb10eb6a3ed,ixbrl-esma,direct,robots,b645ecc77cfc4ab1573a8440fa0a299cb080b48f3d6498b35dae26fc65a1ba6c,oss.antapi1.com,https://oss.antapi1.com/assets/AntFun_MiCAR_Whitepaper.xhtml,1.1,1,,,antapi1.com,0,1,1,,1,1,2026-03-31,,,,0
OTHER,587,1,new,0,IE,30/07/2026,2026-07-30,https://storage.googleapis.com/dapp_prod_v2/mica/Solstice_MiCa_Whitepaper.xhtml,2549006KZ9NV4EYS4H81,,0,S6PKQMKSC,2VWW2099J,storage.googleapis.com,1,36c4e829f8e2,ixbrl-esma,direct,ixbrl-esma,208886f66d4fae2d903e911f0206a58cbddc5d1b9bf9eb32bf316ee4dc3acdbf,storage.googleapis.com,https://storage.googleapis.com/dapp_prod_v2/mica/Solstice_MiCa_Whitepaper.xhtml,1.1,1,,,googleapis.com,1,0,1,1,1,1,2026-04-14,2549006KZ9NV4EYS4H81,ISSUED/ACTIVE,ISSUED/ACTIVE,0
OTHER,588,1,new,0,IE,30/07/2026,2026-07-30,https://gencyai.io/MiCAR_Whitepaper.html,254900DKB8E8Z59ONQ39,,0,L9LFLSS9P,FTB0X3SC0,gencyai.io,1,44db413a9100,net-error,direct,net-error,,,https://gencyai.io/MiCAR_Whitepaper.html,,,robots:error,,,,,,,,,,,ISSUED/ACTIVE,,0
OTHER,589,1,new,0,IE,07/08/2026,2026-08-07,https://fractionai.xyz/MICAwhitepaper,254900LUVIZ5UXOK9Q42,,0,K4SR93808,X8N2P21SN,fractionai.xyz,1,15b67e5583cb,http-error,direct,http-error,75763152aefda0eba0762a6e5c58b08bd727c2430736ec57ff0c02e9e6aa3b90,fractionai.xyz,https://fractionai.xyz/MICAwhitepaper,,,,,,,,,,,,,,ISSUED/ACTIVE,,0
OTHER,590,1,new,0,IE,07/08/2026,2026-08-07,https://docs.metadao.fi/mica,254900XHQIYLONV5P484,,0,JTCV65M2F,BQ53DH590,docs.metadao.fi,1,f9205128c749,html,direct,html,80b510eb150d6b6ed857990eca5e0bcc73c7b05c6eb7d2e529660d780d6a0a39,docs.metadao.fi,https://docs.metadao.fi/mica,,,,,,,,,,,,,,ISSUED/ACTIVE,,0
OTHER,591,1,new,0,IE,07/08/2026,2026-08-07,https://unitas.so/micar-whitepaper,8755001I0N7CML4A3B92,,0,8ZND66XKV|SS0611KRW|T3RPG0R74,2VSMFNZ8C,unitas.so,1,583ffb8bb84e,html,direct,html,438899a1fd3426d21fcdfbd32c4fd2dc883d2cb5565921e8f40a3766f6db9336,unitas.so,https://unitas.so/micar-whitepaper,,,,,,,,,,,,,,ISSUED/ACTIVE,,0
OTHER,592,1,new,0,IE,07/08/2026,2026-08-07,https://ant.fun/files/ANTFUN-MiCAR-Whitepaper.pdf,,,0,4R1XQVB32|LFFLZ1D3N,LL79768JW,ant.fun,1,7f7a81f8a330,net-error,direct,net-error,,,https://ant.fun/files/ANTFUN-MiCAR-Whitepaper.pdf,,,robots:error,,,,,,,,,,,,,0
OTHER,593,1,new,0,IE,14/08/2026,2026-08-14,https://www.upsmartytoken.com/whitepaper,,9845003D98SCC2851458,1,6Z5Q30WQC,8X6CC2M83,www.upsmartytoken.com,1,074342062027,http-error,direct,http-error,43bc54559cf8b3d2fa6ce7a9f5a6e2bcd2fcf1682112e7cf77a8680cf3ee5461,upsmartytoken.com,https://upsmartytoken.com/whitepaper,,,,,,,,,,,,,,,,0
OTHER,594,1,new,0,IE,14/08/2026,2026-08-14,https://contents.crosstoken.io/white-paper/260713_WhitePaper_ONE_Token_OGF_BVI_Ltd_VG_EN_ID_3557280.xhtml,,,0,WLNJZD6PX,VWT6QCPHM,contents.crosstoken.io,1,eeab90847d54,ixbrl-esma,direct,robots,59f408dc523902a7491b1d4f5667c54f620fa80b77efb6a3c21e1d90e9158c21,contents.crosstoken.io,https://contents.crosstoken.io/white-paper/260713_WhitePaper_ONE_Token_OGF_BVI_Ltd_VG_EN_ID_3557280.xhtml,1.1,1,,,crosstoken.io,0,0,1,,1,0,2026-07-13,,,,0
OTHER,595,1,new,0,IE,14/08/2026,2026-08-14,http://dawninternet.com/micawhitepaper,9845006AE39E8473AE22,,0,RPD4J4HF4,6KJBFS0GP,dawninternet.com,1,deb380163110,http-error,direct,http-error,958afbb1a7756e974eaa95c81d0796e26adc563a7c7d3270fd82c92508254e0c,dawninternet.com,https://dawninternet.com/micawhitepaper,,,,,,,,,,,,,,ISSUED/ACTIVE,,0
OTHER,596,1,new,0,IE,28/08/2026,2026-08-28,https://api.fogo.io/mica-whitepaper.pdf,,,0,,,api.fogo.io,1,f446a968b345,pdf,direct,pdf,d6f4356758cd0f67a7b59c0823c260dc1564f97ea226103c5db9db39e2d01e5c,api.fogo.io,https://api.fogo.io/mica-whitepaper.pdf,,,,,,,,,,,,,,,,0
OTHER,597,1,new,0,IE,28/08/2026,2026-08-28,https://github.com/gnolang/gno/blob/master/docs/gnoland-whitepaper.pdf,98450001BQK77812E747,,0,LFJTPFK8D,6537KDT7Q,github.com,1,0047b071ddcf,html,direct,html,0ba98e01909d1b81c2130c7c973685b4b96d03fe5fc31bad8010da70e59c64e3,github.com,https://github.com/gnolang/gno/blob/master/docs/gnoland-whitepaper.pdf,,,,robots:1,,,,,,,,,,ISSUED/ACTIVE,,0
OTHER,598,1,new,0,IE,28/08/2026,2026-08-28,https://whitepaper.metania.games/,8945002GOOMFQJLKE025,,0,T743JDSGH,7NKPWLLM0,whitepaper.metania.games,1,058180fa0d3b,ixbrl-esma,direct,ixbrl-esma,3deca181cf65e8084dba7bfb5f1c8f3ee57329d2752b0f4ffb62139f67b6e202,whitepaper.metania.games,https://whitepaper.metania.games/,1.1,1,,,metania.games,0,0,1,1,1,1,2027-07-27,8945002GOOMFQJLKE025,ISSUED/ACTIVE,ISSUED/ACTIVE,0
OTHER,599,1,new,0,IE,04/09/2026,2026-09-04,https://profile.bluwhale.com/mica,,9845003D98SCC2851458,1,5D2RBZM0X|6RX2W97GQ|B69HMNT3J|HZ1JDFXFZ|KFZBCG8X8|RXXTGPCKM,CSVDS945S,profile.bluwhale.com,1,db764d8b031a,anti-bot,direct,anti-bot,26403f89d1b7ff68dbb24d6fc014741827349f96b191cfd2d2155336f890d8fd,profile.bluwhale.com,https://profile.bluwhale.com/mica,,,,,,,,,,,,,,,,0
OTHER,600,1,new,0,IE,04/09/2026,2026-09-04,https://solanamobile.com/mica-whitepaper,254900FMOYDRQVFB4B86,,0,3B29MH8TM,D4X6WQD28,solanamobile.com,1,0fc05c4ba80f,ixbrl-esma,hop,ixbrl-esma,310bbcb2235b54052424211ecb5b05b6e20ee556d8cd9a9ca9f198dd625c832f,pub-227d63fec15a494fb95f11fb42cf6bf4.r2.dev,https://pub-227d63fec15a494fb95f11fb42cf6bf4.r2.dev/SKR_Solana_WhitePaper-2260728084318-en_28July2026v2.xhtml,1.1,1,,,r2.dev,1,0,1,1,1,1,2026-07-28,254900FMOYDRQVFB4B86,ISSUED/ACTIVE,ISSUED/ACTIVE,0
OTHER,601,1,new,0,IE,04/09/2026,2026-09-04,https://docs.ts.finance/resources/tmx-token-white-paper-mica-title-ii,98450001CDAD0E4A3I23,9845003D98SCC2851458,1,RVGZTQS18,91T5S2CS6,docs.ts.finance,1,5268c6677d56,net-error,direct,net-error,,,https://docs.ts.finance/resources/tmx-token-white-paper-mica-title-ii,,,robots:error,,,,,,,,,,,ISSUED/ACTIVE,,0
OTHER,602,1,new,0,IE,04/09/2026,2026-09-04,neura.micarwhitepapers.eu,836800S1PCNLTDR5QL29,9845003D98SCC2851458,1,MMZM5L6GW,S74BL5CRJ,neura.micarwhitepapers.eu,1,428b41a1f582,html,direct,html,0514418eeffed7a9ae48799474efaa4cfcfc8d4b191f662a62af78847c1dab38,neura.micarwhitepapers.eu,https://neura.micarwhitepapers.eu,,,,,,,,,,,,,,ISSUED/ACTIVE,,0
OTHER,603,1,new,0,IE,04/09/2026,2026-09-04,https://nyks.tech/mica/nyks-mica-white-paper-en.xhtml,3912000ON92SB9FLQ885,9845003D98SCC2851458,1,RDG8FJF8Z,CX9S880QW,nyks.tech,1,18a7a32c6ca1,ixbrl-esma,direct,ixbrl-esma,11e0946df103dcff874c0d1b63e512e290692880d8ee9e0458ef071231cccca5,nyks.tech,https://nyks.tech/mica/nyks-mica-white-paper-en.xhtml,1.1,1,,,nyks.tech,0,0,1,1,1,0,2026-08-07,3912000ON92SB9FLQ885,ISSUED/ACTIVE,ISSUED/ACTIVE,0
OTHER,604,1,new,0,IE,11/09/2026,2026-09-11,awe.micarwhitepapers.eu,9845000CB1JE49011C26,,1,B9DMCJKDP,L305TXRS8,awe.micarwhitepapers.eu,1,1a06602bba91,html,direct,html,56247a392aace1811023b7c75362553d0794c68fcbd8bf7fce11cce28017d2d4,awe.micarwhitepapers.eu,https://awe.micarwhitepapers.eu,,,,,,,,,,,,,,ISSUED/ACTIVE,,0
OTHER,605,1,new,0,IE,11/09/2026,2026-09-11,https://memecore.com/micar-whitepaper,98450007890470F53F23,,0,DTDRV72TC,6KC5M8HPV,memecore.com,1,a90647f11cf6,ixbrl-esma,direct,ixbrl-esma,cccb8715d9504863cadd5e1f12cd0a2359a70335ab686134370ed330a2f98f9d,memecore.com,https://memecore.com/micar-whitepaper,1.1,1,,,memecore.com,0,1,1,1,1,1,2026-08-12,98450007890470F53F23,ISSUED/ACTIVE,ISSUED/ACTIVE,0
OTHER,606,1,new,0,IE,11/09/2026,2026-09-11,https://cdn.prod.website-files.com/67ea875e6d5ae597a69440a1/6a58d844e9e059c09c086474_KAIO_MiCA_WhitePaper_4_21_2026.pdf,254900NF20CQKJR3Z895,,0,JCCGKDCN4,,cdn.prod.website-files.com,1,4ea8a255183e,pdf,direct,robots,bb78b67cd917125e62546e0eef15aa38c5553de45852a9ce4c6b21b28af0066d,cdn.prod.website-files.com,https://cdn.prod.website-files.com/67ea875e6d5ae597a69440a1/6a58d844e9e059c09c086474_KAIO_MiCA_WhitePaper_4_21_2026.pdf,,,,,,,,,,,,,,ISSUED/ACTIVE,,0
OTHER,607,1,new,0,IE,11/09/2026,2026-09-11,www.dual.org/mica,5067002444K4ZYWL2S06,,0,LJK83Q94Z,9HG2Z1W50,www.dual.org,1,3cdc51a1f75c,ixbrl-esma,direct,ixbrl-esma,419decae71be8df77452f4625291a73ff48eff3b134e6989351ad5f224157b92,www.dual.org,https://www.dual.org/mica,1.1,1,,,dual.org,0,0,1,1,0,0,2026-02-25,5067002444K4ZYWL2S06,ISSUED/ACTIVE,ISSUED/ACTIVE,0
OTHER,608,1,new,0,IE,18/09/2026,2026-09-18,https://docs.doppler.finance/legal/mica-whitepaper,984500D78AAB4A75AE10,,0,V1RLT9BX2,87WMZVBB2,docs.doppler.finance,1,faaa6a6342e3,net-error,direct,net-error,,,https://docs.doppler.finance/legal/mica-whitepaper,,,robots:error,,,,,,,,,,,ISSUED/ACTIVE,,0
OTHER,609,1,new,0,IE,18/09/2026,2026-09-18,https://collectorcrypt.com/micar.html,9845009C75B80F7B5710,,0,11SVTLJ89,7BZ73621B,collectorcrypt.com,1,c04c7f10d1c4,ixbrl-esma,direct,ixbrl-esma,8ae2b11fd04e562d566e2cb42dc5801cef5ab9ad82ac1e61285afcb8c21b1ac5,collectorcrypt.com,https://collectorcrypt.com/micar.html,1.1,1,,,collectorcrypt.com,0,0,1,1,1,1,2026-08-18,,ISSUED/ACTIVE,,0
OTHER,610,1,new,0,IE,18/09/2026,2026-09-18,https://iotrader.io/whitepaper.html,9845005D09DA881CDD33,,0,MWMGJ5CHL,KS4PZL3ZV,iotrader.io,1,1a39239ab344,html,direct,html,a4fe947f34d4e4660b265674c987d0d0bc2875c78adcc77542e5a314b8711858,iotrader.io,https://iotrader.io/whitepaper.html,,,,,,,,,,,,,,ISSUED/ACTIVE,,0
OTHER,611,1,new,0,IE,18/09/2026,2026-09-18,https://home.pheasant.network/mica-whitepaper-attr,2138003622J8BGIIWN11,,0,CJJ8JD766,7KMXC3GN0,home.pheasant.network,1,e7bac8d11e45,html,direct,html,951166b0b256519a95ecb526d3c24384d57e5edd9dca4ff0fb01536b29661e0c,home.pheasant.network,https://home.pheasant.network/mica-whitepaper-attr,,,,,,,,,,,,,,ISSUED/ACTIVE,,0
OTHER,612,1,new,0,IE,18/09/2026,2026-09-18,https://home.pheasant.network/mica-whitepaper-otpc,2138003622J8BGIIWN11,,0,CJJ8JD766,7KMXC3GN0,home.pheasant.network,1,f4915321fbee,html,direct,html,a7a8d98aee90d0d2432326e2b769f65baa149724298addd3cda729f5678fe3ae,home.pheasant.network,https://home.pheasant.network/mica-whitepaper-otpc,,,,,,,,,,,,,,ISSUED/ACTIVE,,0
OTHER,613,1,new,0,IE,18/09/2026,2026-09-18,https://docs.zama.ai/protocol/mica,506700JZ15X937X6GX59,,0,XHM639NV1,LPT47V5QB,docs.zama.ai,1,1c3266089928,pdf,hop,pdf,aed59267cb2c0d21c1d9bc18627d44335c5da6eb8c403f1e136e4872d4053324,files.gitbook.com,https://files.gitbook.com/v0/b/gitbook-x-prod.appspot.com/o/spaces%2FJKGF4VukPddxXtTNaRrS%2Fuploads%2FIlSaY2mw4e5cIhh3WGis%2FZama%20Token%20White%20Paper.pdf?alt=media&token=REDACTED,,,,,,,,,,,,,,ISSUED/ACTIVE,,0
OTHER,614,1,new,0,IE,25/09/2026,2026-09-25,https://whitepaper.sleepagotchi.com/,9845003BE0382D3E4484,,0,VQCR4396D,F5KJ440CG,whitepaper.sleepagotchi.com,1,ecf787f80799,pdf,direct,pdf,a0c6a3981cbbd850b04fee437c3c5de27cd30bb9c0d37851f871c2e0ff6e023f,whitepaper.sleepagotchi.com,https://whitepaper.sleepagotchi.com/,,,,,,,,,,,,,,ISSUED/ACTIVE,,0
OTHER,615,1,new,0,IE,25/09/2026,2026-09-25,https://www.aleo.org/provablepaper/,,,0,978RVFGVX,FW6DMFBNZ,www.aleo.org,1,2ad66fd98e6e,ixbrl-esma,hop,ixbrl-esma,b04254d6d54951145b325858f742881fb4d2c3cd7f931cdc12fdd815b48c0cfd,aleo.org,https://aleo.org/provable-whitepaper-2026.xhtml,1.1,1,,,aleo.org,0,0,1,,1,1,2026-02-06,,,,0
OTHER,616,1,new,0,IE,25/09/2026,2026-09-25,https://dgb.eunice.ai/mica_whitepaper,648800JZ7E8VPYLRTB37,,0,9TSBBQ5PH,C735RW6MD,dgb.eunice.ai,1,6b6f8e94aea7,html,direct,html,1cfe903c917b92e2d214870c49bb0e413e86b58bfcbd2ca68655894e02c5b4ec,dgb.eunice.ai,https://dgb.eunice.ai/mica_whitepaper,,,,,,,,,,,,,,ISSUED/ACTIVE,,0
OTHER,617,1,new,0,IE,25/09/2026,2026-09-25,https://docs.katana.network/files/kat_whitepaper_admission_to_trading.xhtml,,,0,XD0DSZSKQ,G6H79P9ML,docs.katana.network,1,f261d5d56c88,ixbrl-esma,direct,ixbrl-esma,1c276b0bffbde1a66eb743f369808e7e3b434b088ea8dbdea300f380769af4f4,docs.katana.network,https://docs.katana.network/files/kat_whitepaper_admission_to_trading.xhtml,1.1,1,,,katana.network,0,0,1,,1,1,2025-11-26,,,,0
OTHER,618,1,new,0,IE,25/09/2026,2026-09-25,https://docs.katana.network/files/kat_whitepaper_offering.xhtml,,,0,XD0DSZSKQ,G6H79P9ML,docs.katana.network,1,cb2af3b0fd0e,ixbrl-esma,direct,ixbrl-esma,382902589e4eee77a4968d4602d91eed08e2cb3658cf7857b9138250bceb9a13,docs.katana.network,https://docs.katana.network/files/kat_whitepaper_offering.xhtml,1.1,1,,,katana.network,0,0,1,,1,1,2025-11-26,,,,0
OTHER,619,1,new,0,IE,25/09/2026,2026-09-25,https://polygon.technology/papers/pol-micar-whitepaper-v2.xhtml,,,0,612RCQLCX,GB8DQ8DWN,polygon.technology,1,21de4a8e75b0,ixbrl-esma,direct,ixbrl-esma,4d140468ece4e3fa623f0d146fea16263567867f58ecf11bb8b265c358ae0249,polygon.technology,https://polygon.technology/papers/pol-micar-whitepaper-v2.xhtml,1.1,1,,,polygon.technology,0,0,1,,1,1,2025-12-08,9845000C4775C78EDA15,,LAPSED/ACTIVE,0
OTHER,620,0,unchanged,0,IT,12/03/2025,2025-03-12,https://camino.network/static/docs/Camino_Network_Whitepaper.pdf#view=fit,,,0,,,camino.network,1,ca2dd70399d5,pdf,direct,pdf,24a2cd61d28ddfd0e675db8e8a360f6f9920db4aad0a766b9e58de0e87a71482,camino.network,https://camino.network/static/docs/Camino_Network_Whitepaper.pdf#view=fit,,,,,,,,,,,,,,,,0
OTHER,621,0,unchanged,0,IT,18/06/2025,2025-06-18,https://gunzillagames.com/en/about/,,,0,,,gunzillagames.com,1,a9e5cf5c4740,anti-bot,direct,anti-bot,e7110f443cc9a69562b9551facd842ebf47090ba8d431a195e6b6f56d9922d74,gunzillagames.com,https://gunzillagames.com/en/about/,,,,,,,,,,,,,,,,0
OTHER,622,0,unchanged,0,IT,22/07/2025,2025-07-22,https://www.towns.com/mica-whitepaper.pdf,,,0,,,www.towns.com,1,0169742f918f,pdf,direct,pdf,b14c87701514cef07233f80ae0e16418c54304ff80be6440ebe996235c832b2a,www.towns.com,https://www.towns.com/mica-whitepaper.pdf,,,,,,,,,,,,,,,,0
OTHER,623,0,unchanged,0,IT,24/10/2025,2025-10-24,https://gokite.ai/whitepaper,,,0,,,gokite.ai,1,d837b44a680c,html,direct,html,53824eb6198832f42a7c362f248910a4899acac946da964a93ff2d71c4d4aec7,gokite.ai,https://gokite.ai/whitepaper,,,,,,,,,,,,,,,,0
OTHER,624,0,unchanged,0,IT,14/11/2025,2025-11-14,popologynetworks.com/white-paper,,,0,,,popologynetworks.com,1,603bc8cf0be9,html,direct,html,e0145f3c8f2d7e88c29fed31333b48dbf13884d14555afc409033d337ba460f4,popologynetworks.com,https://popologynetworks.com/white-paper,,,,,,,,,,,,,,,,0
OTHER,625,1,new,0,IT,06/03/2026,2026-03-06,https://www.dgtenergy.it/whitepaper_gest/,8156009799D757EA3557,,0,KXJKPKMPK,,www.dgtenergy.it,1,2d165fa8ef81,ixbrl-esma,direct,ixbrl-esma,1a4a2aa5cfba4e566d6ad021cacf85f6b8b528feee08819e15a2a2a4fcfc63cf,www.digitalenergyplatform.com,https://www.digitalenergyplatform.com/Files/Whitepaper/GEST%20WhitePaper-%7BKXJKPKMPK%7D-%7BDigital%20Energy%20S.r.l.%7D-%7BCountry%20code%7D-260305182613.xhtml,1.1,1,,,digitalenergyplatform.com,0,0,1,1,1,,2026-02-27,8156009799D757EA3557,ISSUED/ACTIVE,ISSUED/ACTIVE,0
OTHER,626,1,new,0,IT,09/04/2026,2026-04-09,https://ebitts.conio.com/static/ebitts-whitepaper.pdf,8945000EH59XYZHK0B92,8945000EH59XYZHK0B92,1,,QSLFWW8TL,ebitts.conio.com,1,92d9e8b79b90,pdf,direct,pdf,af1d55049d106054905e895d332876c4e9552e831ce4b0ff38b0a12a74a8d9d2,ebitts.conio.com,https://ebitts.conio.com/static/ebitts-whitepaper.pdf,,,,,,,,,,,,,,ISSUED/ACTIVE,,0
OTHER,627,1,new,0,IT,24/04/2026,2026-04-24,https://storage.googleapis.com/young-documents/mica-whitepaper-YNG-token.xhtml,815600F1E30AAB016171,815600F1E30AAB016171,1,RGN2XS8ZG,,storage.googleapis.com,1,76e3947f1650,ixbrl-esma,direct,ixbrl-esma,8af0dfc419bd1421482fc89c3f09cc490c87b852abacc9d133cf87e409100d9e,storage.googleapis.com,https://storage.googleapis.com/young-documents/mica-whitepaper-YNG-token.xhtml,1.1,1,,,googleapis.com,1,0,1,1,1,,2026-04-17,815600F1E30AAB016171,ISSUED/ACTIVE,ISSUED/ACTIVE,0
OTHER,628,1,new,0,HU,21/09/2026,2026-09-21,https://hempaccessglobal.com,648800FSNHLNOEHZRB60,,0,5SSLD82DZ,QX70H0898,hempaccessglobal.com,1,6065eda39ea8,html,direct,html,981f61e4e3e15f27ed668044e40a687dc5ce59c92b5193115aae3e3bf1dcf475,hempaccessglobal.com,https://hempaccessglobal.com,,,,,,,,,,,,,,ISSUED/ACTIVE,,0
OTHER,629,0,unchanged,0,LI,10/04/2025,2025-04-10,http://tiamonds.com/docs,5299005UXAQFO3US5C38,,0,,,tiamonds.com,1,14ee47d3208c,pdf,hop,pdf,4ce8678c63939a0eafbe2b27a73d9ea339e54ccb0e9228c959cf742efc0a7634,toto-finance.s3.us-east-1.amazonaws.com,https://toto-finance.s3.us-east-1.amazonaws.com/Updated%2BTokenization%2BReport.pdf,,,,,,,,,,,,,,ISSUED/ACTIVE,,0
OTHER,630,0,unchanged,0,LI,18/03/2025,2025-03-18,https://www.lcx.com/lcx-token-mica-white-paper/,529900SN07Z6RTX8R418,,0,,,www.lcx.com,1,07b5bc9d64e7,pdf,hop,pdf,c733c505b366cd48fafedb206da158669c600cf0da7d288063d71723d3b7a1be,wp.lcx.com,https://wp.lcx.com/wp-content/uploads/LCX-Token-MiCA-Whitepaper-v2.0-final-20_03_2026.pdf,,,,,,,,,,,,,,ISSUED/ACTIVE,,0
OTHER,631,0,unchanged,0,LI,18/03/2025,2025-03-18,https://www.lcx.com/btc-mica-white-paper/,,529900SN07Z6RTX8R418,1,,,www.lcx.com,1,e52894e06f96,pdf,hop,pdf,42604b87782c1cbcc8dca0d753bf2999675c4e3eb86f7f53440269be875e59a3,wp.lcx.com,https://wp.lcx.com/wp-content/uploads/Bitcoin-BTC-MiCA-Whitepaper-v1.1-05_06_2025-1.pdf,,,,,,,,,,,,,,,,0
OTHER,632,0,unchanged,0,LI,18/03/2025,2025-03-18,https://www.lcx.com/ada-mica-white-paper/,,529900SN07Z6RTX8R418,1,,,www.lcx.com,1,398c0dd0b614,pdf,hop,pdf,5cc0e46d0d600f76c81120a559003487585ce9fc3ac7a8c7f1b8bd57d603a630,wp.lcx.com,https://wp.lcx.com/wp-content/uploads/Cardano-ADA-MiCA-Whitepaper-v1.1-.pdf,,,,,,,,,,,,,,,,0
OTHER,633,0,unchanged,0,LI,18/03/2025,2025-03-18,https://www.lcx.com/eth-mica-white-paper/,,529900SN07Z6RTX8R418,1,,,www.lcx.com,1,a14a751ec20b,pdf,hop,pdf,8389452ec4824b605cb7a8dfff53cfdf66f4783d749d63f89d158eed51eaee72,wp.lcx.com,https://wp.lcx.com/wp-content/uploads/Ethereum-ETH-MiCA-Whitepaper-v-1.1-05_06_2025.docx-1.pdf,,,,,,,,,,,,,,,,0
OTHER,634,0,unchanged,0,LI,18/03/2025,2025-03-18,https://www.lcx.com/xrp-mica-white-paper/,,529900SN07Z6RTX8R418,1,,,www.lcx.com,1,63382d02344e,pdf,hop,pdf,abb28c8f9baaf3958df0e1559fd58a3ef03244661c07a11340a8b949f5a48152,wp.lcx.com,https://wp.lcx.com/wp-content/uploads/XRP-MiCA-Whitepaper-v-1.1-05_06_2025-1.pdf,,,,,,,,,,,,,,,,0
OTHER,635,0,unchanged,0,LI,18/03/2025,2025-03-18,https://www.lcx.com/hbar-mica-white-paper/,,529900SN07Z6RTX8R418,1,,,www.lcx.com,1,6ecbe0ad00a8,pdf,hop,pdf,93111557fa6e0a9bf8f22ee4cec9acf6f23631dd8db8a4f91c07d3bd8519c8fa,wp.lcx.com,https://wp.lcx.com/wp-content/uploads/HBAR-MiCA-Whitepaper-v-1.1-.docx.pdf,,,,,,,,,,,,,,,,0
OTHER,636,0,unchanged,0,LI,18/03/2025,2025-03-18,https://www.lcx.com/sol-mica-white-paper/,,529900SN07Z6RTX8R418,1,,,www.lcx.com,1,f960a3b0287e,pdf,hop,pdf,21fd5293dcf728fab3ba4ec1f6e840fc0eefdb2d9780c7ce7213a92c69601cd4,wp.lcx.com,https://wp.lcx.com/wp-content/uploads/Solana-SOL-MiCA-Whitepaper-v-1.1-05_06_2025.docx-1.pdf,,,,,,,,,,,,,,,,0
OTHER,637,0,unchanged,0,LI,14/04/2025,2025-04-14,https://www.swissfortress.com/,,529900SN07Z6RTX8R418,1,,,www.swissfortress.com,1,391f53805b27,pdf,hop,pdf,ad1f7f354b11512957331fb3eb6da191dcaba272dd02a22788ab71fffffd589b,www.swissfortress.com,https://www.swissfortress.com/docs/whitepaper.pdf,,,,,,,,,,,,,,,,0
OTHER,638,0,unchanged,0,LI,19/05/2025,2025-05-19,https://soul-assets.s3.us-east-2.amazonaws.com/pdfs/Soul+Token+Whitepaper+Apr+14+2025.pdf,391200VLCVZNAOKV5204,,0,,,soul-assets.s3.us-east-2.amazonaws.com,1,720ef3d2bf18,http-error,direct,http-error,c5b98f6e19cd8bc79b7db53a466781c5cf5571ef4aad38eed96965bed0bc2a2e,soul-assets.s3.us-east-2.amazonaws.com,https://soul-assets.s3.us-east-2.amazonaws.com/pdfs/Soul+Token+Whitepaper+Apr+14+2025.pdf,,,,,,,,,,,,,,ISSUED/ACTIVE,,0
OTHER,639,0,unchanged,0,LI,14/04/2025,2025-04-14,https://www.lcx.com/doge-mica-white-paper/,,529900SN07Z6RTX8R418,1,,,www.lcx.com,1,f9a2203672ca,pdf,hop,pdf,d8937eb925cb062918db10e7bb9cebd9f6cc0d093571645ee6494b86b5f5e909,wp.lcx.com,https://wp.lcx.com/wp-content/uploads/Dogecoin-DOGE-MiCA-Whitepaper-v-1.1-05_06_2025-1.pdf,,,,,,,,,,,,,,,,0
OTHER,640,0,unchanged,0,LI,14/04/2025,2025-04-14,https://www.lcx.com/link-mica-white-paper/,,529900SN07Z6RTX8R418,1,,,www.lcx.com,1,0e699bc7ee49,pdf,hop,pdf,b0afcfacff3d01150bfb0cad91358d43473973fde7058f14b15c197e6c775a77,wp.lcx.com,https://wp.lcx.com/wp-content/uploads/Chainlink-LINK-MiCA-Whitepaper-v1.1-05_06_2025-1.pdf,,,,,,,,,,,,,,,,0
OTHER,641,0,unchanged,0,LI,14/04/2025,2025-04-14,https://www.lcx.com/near-mica-white-paper/,,529900SN07Z6RTX8R418,1,,,www.lcx.com,1,0d6188e135c9,pdf,hop,pdf,3877211fe06e2e70ff61d235592e58b77985241c097b13f0936a738f82e4f8fa,wp.lcx.com,https://wp.lcx.com/wp-content/uploads/NEAR-MiCA-Whitepaper-v-1.1-05_06_2025-1.pdf,,,,,,,,,,,,,,,,0
OTHER,642,0,unchanged,0,LI,14/04/2025,2025-04-14,https://www.lcx.com/pol-mica-white-paper/,,529900SN07Z6RTX8R418,1,,,www.lcx.com,1,defddfde2288,pdf,hop,pdf,91dfe28ca54807217d848357afcdbb444442d0f114090cf7028acc5030f41af8,wp.lcx.com,https://wp.lcx.com/wp-content/uploads/POL-MiCA-Whitepaper-v-1.1-.pdf,,,,,,,,,,,,,,,,0
OTHER,643,0,unchanged,0,LI,14/04/2025,2025-04-14,https://www.lcx.com/avax-mica-white-paper/,,529900SN07Z6RTX8R418,1,,,www.lcx.com,1,8e48b7aefd69,pdf,hop,pdf,a9b5f4573943cc2f702a3497e0fe584eccebcb53f3c4863c96ec85ba022dc552,wp.lcx.com,https://wp.lcx.com/wp-content/uploads/Avalanche-AVAX-MiCA-Whitepaper-v-1.1-.docx.pdf,,,,,,,,,,,,,,,,0
OTHER,644,0,unchanged,0,LI,14/04/2025,2025-04-14,https://www.lcx.com/op-mica-white-paper/,,529900SN07Z6RTX8R418,1,,,www.lcx.com,1,2d8f1e64cdb6,pdf,hop,pdf,e5f55a734a25b146f5e6c7d3ada0d06513099b6a4440ed7e8008777878d0ab80,wp.lcx.com,https://wp.lcx.com/wp-content/uploads/Optimism-OP-MiCA-Whitepaper-v-1.1-05_06_2025.docx-1.pdf,,,,,,,,,,,,,,,,0
OTHER,645,0,unchanged,0,LI,14/04/2025,2025-04-14,https://www.lcx.com/lcxg-mica-white-paper/,529900SN07Z6RTX8R418,529900SN07Z6RTX8R418,1,,,www.lcx.com,1,bfc73fce3f4d,pdf,hop,pdf,2106e2961da96b6c393a5d483ec802e80a54653ca83ffc7f88d798a3a80d74cf,wp.lcx.com,https://wp.lcx.com/wp-content/uploads/LCX-Gold-LCXG-MiCA-Whitepaper-05_06_2025.docx-1.pdf,,,,,,,,,,,,,,ISSUED/ACTIVE,,0
OTHER,646,0,unchanged,0,LI,14/04/2025,2025-04-14,https://www.lcx.com/arb-mica-white-paper/,,529900SN07Z6RTX8R418,1,,,www.lcx.com,1,aee40722e637,pdf,hop,pdf,19b3f57d453e2a01ff21dfb0fb5bfe6ce203883afc3c4ba6a2b79dc392d9f9e4,wp.lcx.com,https://wp.lcx.com/wp-content/uploads/Arbitrum-ARB-MiCA-Whitepaper-v-1.1-05_06_2025-1.pdf,,,,,,,,,,,,,,,,0
OTHER,647,0,unchanged,0,LI,14/04/2025,2025-04-14,https://www.lcx.com/uni-mica-white-paper/,,529900SN07Z6RTX8R418,1,,,www.lcx.com,1,b5a2f4f4691c,pdf,hop,pdf,8add8143040e77f8d5613ac9947092648c3d824ca9f4475752ce7403e7851bc4,wp.lcx.com,https://wp.lcx.com/wp-content/uploads/Uniswap-UNI-MiCA-Whitepaper-v-1.1-05_06_2025.docx-1.pdf,,,,,,,,,,,,,,,,0
OTHER,648,0,unchanged,0,LI,14/04/2025,2025-04-14,https://www.lcx.com/lcxs-mica-white-paper/,529900SN07Z6RTX8R418,529900SN07Z6RTX8R418,1,,,www.lcx.com,1,94ebdb295573,pdf,hop,pdf,242877f5c9d7b583107aec32a2d62b9a16d26e47d8fe8355422b13c6445890ac,wp.lcx.com,https://wp.lcx.com/wp-content/uploads/LCX-Silver-LCXS-MiCA-Whitepaper-05_06_2025.docx-1.pdf,,,,,,,,,,,,,,ISSUED/ACTIVE,,0
OTHER,649,0,unchanged,0,LI,14/04/2025,2025-04-14,https://www.lcx.com/lcxp-mica-white-paper/,529900SN07Z6RTX8R418,529900SN07Z6RTX8R418,1,,,www.lcx.com,1,34c772edcbf8,pdf,hop,pdf,6a49f6b5f200dd44ebec01eee011f01b62fbccc7d55e6c01bd9c995bfc76f51a,wp.lcx.com,https://wp.lcx.com/wp-content/uploads/LCX-Platinum-LCXP-MiCA-Whitepaper-05_06_2025.docx-1.pdf,,,,,,,,,,,,,,ISSUED/ACTIVE,,0
OTHER,650,1,new,0,LI,30/06/2026,2026-06-30,https://www.smartit.cc/en/user/at/smt/page/whitepaper,,,0,J1T852HN8,2VBQT2HCV,www.smartit.cc,1,a19af2488766,http-error,direct,http-error,498db8de3df836defa553fdd15f37581153d62722c335d591d56918d25377293,smartit.cc,https://smartit.cc/smt/page/whitepaper,,,,,,,,,,,,,,,,0
OTHER,651,0,unchanged,0,LI,14/07/2025,2025-07-14,www.raiin.network/MICAWP,984500E96L11DB6C4D90,,0,,,www.raiin.network,1,e9fe29e34515,http-error,direct,http-error,90c032f35272ba1a7aa93027ab635e6610d4f24cf9e53c0624d00f065d7c7e7d,www.raiin.network,https://www.raiin.network/MICAWP,,,,,,,,,,,,,,ISSUED/ACTIVE,,0
OTHER,652,0,unchanged,0,LI,16/06/2025,2025-06-16,https://www.lcx.com/amp-mica-white-paper/,,529900SN07Z6RTX8R418,1,,,www.lcx.com,1,8faf2c48d3fa,pdf,hop,pdf,37fa02284d7077c038e13347f502197b1472148f365fc9876d2ff2fc91abdeaf,wp.lcx.com,https://wp.lcx.com/wp-content/uploads/AMP-MiCA-Whitepaper-v-1.1.docx.pdf,,,,,,,,,,,,,,,,0
OTHER,653,0,unchanged,0,LI,16/06/2025,2025-06-16,https://www.lcx.com/bch-mica-white-paper/,,529900SN07Z6RTX8R418,1,,,www.lcx.com,1,54b191af5a4b,pdf,hop,pdf,64e4afd4e571328dd20c044c21a133c4417b7a7c010943295bfa7299ffb3d6c0,wp.lcx.com,https://wp.lcx.com/wp-content/uploads/BCH-MiCA-Whitepaper-v-1.1.pdf,,,,,,,,,,,,,,,,0
OTHER,654,0,unchanged,0,LI,16/06/2025,2025-06-16,https://www.lcx.com/celo-mica-white-paper/,,529900SN07Z6RTX8R418,1,,,www.lcx.com,1,ce6d2d66b763,pdf,hop,pdf,267f6e837dd38482403c9463b80263a2c7429e64ed60d3c213c8481087131519,wp.lcx.com,https://wp.lcx.com/wp-content/uploads/CELO-MiCA-Whitepaper-v-1.1.pdf,,,,,,,,,,,,,,,,0
OTHER,655,0,unchanged,0,LI,16/06/2025,2025-06-16,https://www.lcx.com/floki-mica-white-paper/,,529900SN07Z6RTX8R418,1,,,www.lcx.com,1,a15ac3dfd8a8,pdf,hop,pdf,83895e259b186617a8fc01a1a96f54c38c03fc2a7b819a3970a6e577a121fbeb,wp.lcx.com,https://wp.lcx.com/wp-content/uploads/FLOKI-MiCA-Whitepaper-v-1.1.pdf,,,,,,,,,,,,,,,,0
OTHER,656,0,unchanged,0,LI,16/06/2025,2025-06-16,https://www.lcx.com/ice-mica-white-paper/,,529900SN07Z6RTX8R418,1,,,www.lcx.com,1,027ab33f7bb6,pdf,hop,pdf,f8c132afaf8ea327fbf4f98972bc04bae505b0a85143b021a39a85032f0cfebf,wp.lcx.com,https://wp.lcx.com/wp-content/uploads/ICE-MiCA-Whitepaper-v-1.1.pdf,,,,,,,,,,,,,,,,0
OTHER,657,0,unchanged,0,LI,16/06/2025,2025-06-16,https://www.lcx.com/koin-mica-white-paper/,,529900SN07Z6RTX8R418,1,,,www.lcx.com,1,3fb2c7b77c4c,pdf,hop,pdf,6ab86134d484f660dc759e4ab8dd259a45f4d83e03bf9c254e2c76d6b478fd36,wp.lcx.com,https://wp.lcx.com/wp-content/uploads/Koinos-KOIN-MiCA-Whitepaper-v1.1.pdf,,,,,,,,,,,,,,,,0
OTHER,658,0,unchanged,0,LI,16/06/2025,2025-06-16,https://www.lcx.com/trac-mica-white-paper/,,529900SN07Z6RTX8R418,1,,,www.lcx.com,1,5edbdef2eb48,pdf,hop,pdf,8e82ab92ac2c7e476499206d51659a794e68a180ea333a9a439b2306207839d6,wp.lcx.com,https://wp.lcx.com/wp-content/uploads/OriginTrail-TRAC-MiCA-Whitepaper-v-1.1.docx.pdf,,,,,,,,,,,,,,,,0
OTHER,659,0,unchanged,0,LI,16/06/2025,2025-06-16,https://www.lcx.com/dot-mica-white-paper/,,529900SN07Z6RTX8R418,1,,,www.lcx.com,1,33ba77a9132a,pdf,hop,pdf,93f0e362691110b4b2e09d8e114fa99e3bf4e8b43d62f7db18c51bff9dec36b2,wp.lcx.com,https://wp.lcx.com/wp-content/uploads/Polkadot-DOT-MiCA-Whitepaper-v1.1.pdf,,,,,,,,,,,,,,,,0
OTHER,660,0,unchanged,0,LI,16/06/2025,2025-06-16,https://www.lcx.com/tokenfi-mica-white-paper/,,529900SN07Z6RTX8R418,1,,,www.lcx.com,1,7586efa47c21,http-error,direct,http-error,bcab76c6c73e28a5b46d0e05bac3414adf08162670b8737dc3cca72513f27282,lcx.com,https://lcx.com/en/tokenfi-mica-white-paper,,,,,,,,,,,,,,,,0
OTHER,661,0,unchanged,0,LI,16/06/2025,2025-06-16,https://www.lcx.com/ton-mica-white-paper/,,529900SN07Z6RTX8R418,1,,,www.lcx.com,1,63003858fb12,pdf,hop,pdf,85319c9b5d814cfd55eb805149888c1201c89475a64e77d365f2e139424f7ceb,wp.lcx.com,https://wp.lcx.com/wp-content/uploads/TON-MiCA-Whitepaper-v1.1.pdf,,,,,,,,,,,,,,,,0
OTHER,662,0,unchanged,0,LI,16/06/2025,2025-06-16,https://www.lcx.com/wld-mica-white-paper/,,529900SN07Z6RTX8R418,1,,,www.lcx.com,1,e5779add22fe,pdf,hop,pdf,e0020ea8a41897a6fe4be1231628d4e826070e3456886dbb781fd55b48d4e126,wp.lcx.com,https://wp.lcx.com/wp-content/uploads/WLD-MiCA-Whitepaper-v-1.1.pdf,,,,,,,,,,,,,,,,0
OTHER,663,1,new,0,LI,15/06/2026,2026-06-15,http://www.xmoney.com/legal/white-paper-xmn-3-0---xmoney-token,5299001F1ZB58S6JDZ54,,0,78MRWHJNB,2NHJ3W9VP,www.xmoney.com,1,5093269b2474,html,direct,html,cdc917f89779f6bfc1ec2a4f067c7393c0b12a348b2a803c02c45ad44150e644,www.xmoney.com,https://www.xmoney.com/legal/white-paper-xmn-3-0---xmoney-token,,,,,,,,,,,,,,ISSUED/ACTIVE,,0
OTHER,664,0,unchanged,0,LI,12/09/2025,2025-09-12,https://www.lcx.com/acs-mica-white-paper/,,529900SN07Z6RTX8R418,1,,,www.lcx.com,1,8f7e2e49ba20,pdf,hop,pdf,a42a27ecfc6f2f7c5264cc0afdff8484228f844ef2df159872f45665947368e6,wp.lcx.com,https://wp.lcx.com/wp-content/uploads/Access-Protocol-ACS-MiCA-Whitepaper-v1.1.pdf,,,,,,,,,,,,,,,,0
OTHER,665,0,unchanged,0,LI,12/09/2025,2025-09-12,https://www.lcx.com/acx-mica-white-paper/,,529900SN07Z6RTX8R418,1,,,www.lcx.com,1,642eb6854b31,pdf,hop,pdf,f29b036383bc292ae0de4b72d402fb05df62bdaea00cc52fca729f5b0de4845a,wp.lcx.com,https://wp.lcx.com/wp-content/uploads/Across-Protocol-ACX-MiCA-Whitepaper-v1.0.pdf,,,,,,,,,,,,,,,,0
OTHER,666,0,unchanged,0,LI,12/09/2025,2025-09-12,https://www.lcx.com/eigen-mica-white-paper/,,529900SN07Z6RTX8R418,1,,,www.lcx.com,1,4b84191ac342,pdf,hop,pdf,f25be63060d1f3cb4ba6c04c3f8f16779ecc04c6c4982148aa95b108cd42019b,wp.lcx.com,https://wp.lcx.com/wp-content/uploads/Eigenlayer-EIGEN-MiCA-Whitepaper-v1.1.pdf,,,,,,,,,,,,,,,,0
OTHER,667,0,unchanged,0,LI,12/09/2025,2025-09-12,https://www.lcx.com/jup-mica-white-paper/,,529900SN07Z6RTX8R418,1,,,www.lcx.com,1,7227408e2f57,pdf,hop,pdf,c8b19834efbb10953d6ea49b8ba444b93255fb27efe81b72f3d6d1cd97928538,wp.lcx.com,https://wp.lcx.com/wp-content/uploads/JUP-MiCA-Whitepaper-v-1.1.pdf,,,,,,,,,,,,,,,,0
OTHER,668,0,unchanged,0,LI,12/09/2025,2025-09-12,https://www.lcx.com/kas-mica-white-paper/,,529900SN07Z6RTX8R418,1,,,www.lcx.com,1,a37d61f7625b,pdf,hop,pdf,d3839b5c591d022e6a1c34474726e62c0f680f79989406ceab6c3e0b7c673486,wp.lcx.com,https://wp.lcx.com/wp-content/uploads/KAS-MiCA-Whitepaper-v-1.1.pdf,,,,,,,,,,,,,,,,0
OTHER,669,0,unchanged,0,LI,12/09/2025,2025-09-12,https://www.lcx.com/kta-mica-white-paper/,,529900SN07Z6RTX8R418,1,,,www.lcx.com,1,dec44fdbb33e,http-error,direct,http-error,e461d603c2f2043a152d7c248c4f82bf388ee8ad082e364c50a5cf9800f9b786,lcx.com,https://lcx.com/en/kta-mica-white-paper,,,,,,,,,,,,,,,,0
OTHER,670,0,unchanged,0,LI,12/09/2025,2025-09-12,https://www.lcx.com/ldo-mica-white-paper/,,529900SN07Z6RTX8R418,1,,,www.lcx.com,1,f5ddcc31b321,pdf,hop,pdf,42f54c57305f4fbde3d6547890bfe99ff77fbcce3e215192898686cbe6696496,wp.lcx.com,https://wp.lcx.com/wp-content/uploads/LDO-Lido-DAO-MiCA-Whitepaper-v-1.1.docx.pdf,,,,,,,,,,,,,,,,0
OTHER,671,0,unchanged,0,LI,12/09/2025,2025-09-12,https://www.lcx.com/mnt-mica-white-paper/,,529900SN07Z6RTX8R418,1,,,www.lcx.com,1,b4994c27b13e,http-error,direct,http-error,61aa3fdeeee0cfcb5bc0e7bb79f3bf4527dac453df20e88ae555a326269a9d41,lcx.com,https://lcx.com/en/mnt-mica-white-paper,,,,,,,,,,,,,,,,0
OTHER,672,0,unchanged,0,LI,12/09/2025,2025-09-12,https://www.lcx.com/mog-mica-white-paper/,,529900SN07Z6RTX8R418,1,,,www.lcx.com,1,d31b9d167d95,pdf,hop,pdf,a7d9c217c7cf5dae8f38d0af82940fe232be3784129c7bea80276b1bc28d2970,wp.lcx.com,https://wp.lcx.com/wp-content/uploads/MOG-MiCA-Whitepaper-v-1.1-.pdf,,,,,,,,,,,,,,,,0
OTHER,673,0,unchanged,0,LI,12/09/2025,2025-09-12,https://www.lcx.com/move-mica-white-paper/,,529900SN07Z6RTX8R418,1,,,www.lcx.com,1,dc3a0e95a9fc,pdf,hop,pdf,ca20bf8c424edad5ed728d81ed82413a85822a9492efdcc518b32c9227255848,wp.lcx.com,https://wp.lcx.com/wp-content/uploads/Movement-MOVE-MiCA-Whitepaper-v1.1.pdf,,,,,,,,,,,,,,,,0
OTHER,674,0,unchanged,0,LI,12/09/2025,2025-09-12,https://www.lcx.com/pengu-mica-white-paper/,,529900SN07Z6RTX8R418,1,,,www.lcx.com,1,b2a11ba61363,pdf,hop,pdf,da17015ba7254bf0940a52ac320b747fcf4f5b908a6dfbe13caaa87272f235ce,wp.lcx.com,https://wp.lcx.com/wp-content/uploads/PENGU-MiCA-Whitepaper-v-1.1.pdf,,,,,,,,,,,,,,,,0
OTHER,675,0,unchanged,0,LI,12/09/2025,2025-09-12,https://www.lcx.com/pepe-mica-white-paper/,,529900SN07Z6RTX8R418,1,,,www.lcx.com,1,b26a0642a862,pdf,hop,pdf,62b38f34445634c3ca2e5c86cf24377f2072e21cef40de910aefae9435c5a251,wp.lcx.com,https://wp.lcx.com/wp-content/uploads/PEPE-MiCA-Whitepaper-v-1.1.docx.pdf,,,,,,,,,,,,,,,,0
OTHER,676,0,unchanged,0,LI,12/09/2025,2025-09-12,https://www.lcx.com/sky-mica-white-paper/,,529900SN07Z6RTX8R418,1,,,www.lcx.com,1,d591e3e39c3f,pdf,hop,pdf,519d898964e2d2b30fe3ae7b6d52fcafa47da5c14c706530f3c1d3870fa9d8a4,wp.lcx.com,https://wp.lcx.com/wp-content/uploads/SKY-SKY-MiCA-Whitepaper-v1.1.pdf,,,,,,,,,,,,,,,,0
OTHER,677,0,unchanged,0,LI,12/09/2025,2025-09-12,https://www.lcx.com/sui-mica-white-paper/,,529900SN07Z6RTX8R418,1,,,www.lcx.com,1,dbeddf68463b,pdf,hop,pdf,4c5fc12b507a199848e9426377213b2594ee2e8c26b4f2d93ee7c6f75d52000a,wp.lcx.com,https://wp.lcx.com/wp-content/uploads/SUI-MiCA-Whitepaper-v-1.1.pdf,,,,,,,,,,,,,,,,0
OTHER,678,0,unchanged,0,LI,12/09/2025,2025-09-12,https://www.lcx.com/tron-mica-white-paper/,,529900SN07Z6RTX8R418,1,,,www.lcx.com,1,19da63475bfc,pdf,hop,pdf,5874c15bfe67158f3f904cf3b06661fa6596c5fe879abceca3b02a1fd206681d,wp.lcx.com,https://wp.lcx.com/wp-content/uploads/TRON-MiCA-Whitepaper-v-1.0-1.pdf,,,,,,,,,,,,,,,,0
OTHER,679,0,unchanged,0,LI,12/09/2025,2025-09-12,https://www.lcx.com/wlfi-mica-white-paper/,,529900SN07Z6RTX8R418,1,,,www.lcx.com,1,8cffbc014d65,pdf,hop,pdf,94d084eba1bbfb3e2fd9df13e0da90ed35fbf7328f8a0b8a939d11514e48fc09,wp.lcx.com,https://wp.lcx.com/wp-content/uploads/WLFI-MiCA-Whitepaper-v-1.1-.pdf,,,,,,,,,,,,,,,,0
OTHER,680,0,unchanged,0,LI,23/09/2025,2025-09-23,https://americanfortress.io/AF-mica-white-paper/,254900SCRP0O8UPILI97,,0,,,americanfortress.io,1,5e2e33852422,http-error,direct,http-error,da98cef55123c3c424d3d56b493ae519b28f42865c25205b762d36b99e1ee2e6,americanfortress.io,https://americanfortress.io/AF-mica-white-paper/,,,,,,,,,,,,,,LAPSED/ACTIVE,,0
OTHER,681,0,unchanged,0,LI,24/11/2025,2025-11-24,https://www.lcx.com/aioz-mica-white-paper/,,529900SN07Z6RTX8R418,1,,,www.lcx.com,1,25d6df059db1,pdf,hop,pdf,ae142f40bbaeb56650fc6443ca55557c85abf3e8abf02e212ce0223e2ada07f3,wp.lcx.com,https://wp.lcx.com/wp-content/uploads/AIOZ-MiCA-Whitepaper-v-1.1.docx-1.pdf,,,,,,,,,,,,,,,,0
OTHER,682,0,unchanged,0,LI,24/11/2025,2025-11-24,https://www.lcx.com/alch-mica-white-paper/,,529900SN07Z6RTX8R418,1,,,www.lcx.com,1,593a268af0d3,pdf,hop,pdf,941004a4387c5bc2ad0de928121bc2f3796ec7ba557327f3c4c0600d93765f48,wp.lcx.com,https://wp.lcx.com/wp-content/uploads/ALCH-MiCA-Whitepaper-v-1.1.docx-1.pdf,,,,,,,,,,,,,,,,0
OTHER,683,0,unchanged,0,LI,24/11/2025,2025-11-24,https://www.lcx.com/b3-mica-white-paper/,,529900SN07Z6RTX8R418,1,,,www.lcx.com,1,2af6f0d944b8,pdf,hop,pdf,4ec9a9cec5cdcef45bf902a3f6c6e800f07533adf16e7e2a2d0a05a93eb6fd9b,wp.lcx.com,https://wp.lcx.com/wp-content/uploads/B3-MiCA-Whitepaper-v-1.1.docx-1.pdf,,,,,,,,,,,,,,,,0
OTHER,684,0,unchanged,0,LI,24/11/2025,2025-11-24,https://www.lcx.com/bio-mica-white-paper/,,529900SN07Z6RTX8R418,1,,,www.lcx.com,1,275390549dfe,pdf,hop,pdf,41a78ab7a29c66d1fbdd85080fffb8a658b3f36e54217443dc233dd2713ced82,wp.lcx.com,https://wp.lcx.com/wp-content/uploads/BIO-MiCA-Whitepaper-v-1.1.docx-1.pdf,,,,,,,,,,,,,,,,0
OTHER,685,0,unchanged,0,LI,24/11/2025,2025-11-24,https://www.lcx.com/gala-mica-white-paper/,,529900SN07Z6RTX8R418,1,,,www.lcx.com,1,3b421381552c,pdf,hop,pdf,f49aa75cb9beb199f30367b163f9a4fc58c7791ef7036e70b515f7a9db97e2e9,wp.lcx.com,https://wp.lcx.com/wp-content/uploads/GALA-MiCA-Whitepaper-v1.1.docx-1.pdf,,,,,,,,,,,,,,,,0
OTHER,686,0,unchanged,0,LI,24/11/2025,2025-11-24,https://www.lcx.com/honey-mica-white-paper/,,529900SN07Z6RTX8R418,1,,,www.lcx.com,1,8da54c7bd64b,pdf,hop,pdf,ab973312710fc5e5a3f1fb7da1a251be6703e23efd77d155a771d8251e4ce3b4,wp.lcx.com,https://wp.lcx.com/wp-content/uploads/HONEY-HIVEMAPPER-MiCA-Whitepaper-v1.1.docx-1.pdf,,,,,,,,,,,,,,,,0
OTHER,687,0,unchanged,0,LI,24/11/2025,2025-11-24,https://www.lcx.com/lqty-mica-white-paper/,,529900SN07Z6RTX8R418,1,,,www.lcx.com,1,71f46e796ad4,pdf,hop,pdf,bb850147275ed5a9b1054a1959e253dd87111822edb6d9cf861c8d5256765bcd,wp.lcx.com,https://wp.lcx.com/wp-content/uploads/LQTY-MiCA-Whitepaper-v-1.0.docx-1.pdf,,,,,,,,,,,,,,,,0
OTHER,688,0,unchanged,0,LI,24/11/2025,2025-11-24,https://www.lcx.com/mplex-mica-white-paper/,,529900SN07Z6RTX8R418,1,,,www.lcx.com,1,b45628106db1,http-error,direct,http-error,1054c44faeb046fd57a94e8376b2102b1c904db7e085d97b82c40a9351a7c304,lcx.com,https://lcx.com/en/mplex-mica-white-paper,,,,,,,,,,,,,,,,0
OTHER,689,0,unchanged,0,LI,24/11/2025,2025-11-24,https://www.lcx.com/not-mica-white-paper/,,529900SN07Z6RTX8R418,1,,,www.lcx.com,1,eb3d678f375d,pdf,hop,pdf,f7d57aa0a91adbe8a3e908c2f5260e7ab22715de7b5bb40215cb23da4a7563f0,wp.lcx.com,https://wp.lcx.com/wp-content/uploads/NOT-MiCA-Whitepaper-v-1.1.docx-1.pdf,,,,,,,,,,,,,,,,0
OTHER,690,0,unchanged,0,LI,24/11/2025,2025-11-24,https://www.lcx.com/npc-mica-white-paper/,,529900SN07Z6RTX8R418,1,,,www.lcx.com,1,8e560ef9498e,pdf,hop,pdf,bf74c23701e5042ee5884e1783dcd35863eba8f09af18d4768ba6b4452a016e7,wp.lcx.com,https://wp.lcx.com/wp-content/uploads/NPC-MiCA-Whitepaper-v-1.0.docx-1.pdf,,,,,,,,,,,,,,,,0
OTHER,691,0,unchanged,0,LI,24/11/2025,2025-11-24,https://www.lcx.com/plume-mica-white-paper/,,529900SN07Z6RTX8R418,1,,,www.lcx.com,1,54e79e7c16a1,pdf,hop,pdf,014817780bccc32dd16c992bbec6591ed990be2a2fa2b14ef19ca9aec9f9ee31,wp.lcx.com,https://wp.lcx.com/wp-content/uploads/PLUME-MiCA-Whitepaper-v-1.1.docx-1.pdf,,,,,,,,,,,,,,,,0
OTHER,692,0,unchanged,0,LI,24/11/2025,2025-11-24,https://www.lcx.com/qai-mica-white-paper/,,529900SN07Z6RTX8R418,1,,,www.lcx.com,1,9386974d3244,pdf,hop,pdf,aeb4f8cbf46809cce2c0dbe049b05d69eb2ac3113c9a3ea37d7e492cca814e38,wp.lcx.com,https://wp.lcx.com/wp-content/uploads/QAI-QUANTIXAI-MiCA-Whitepaper-v1.0.docx-1.pdf,,,,,,,,,,,,,,,,0
OTHER,693,0,unchanged,0,LI,24/11/2025,2025-11-24,https://www.lcx.com/rsr-mica-white-paper/,,529900SN07Z6RTX8R418,1,,,www.lcx.com,1,8d47daff020a,pdf,hop,pdf,45ec8e7a27145dea9e1c0aaf23248b20ab4575218d3ac8e0e561b4ba0f4d0c9a,wp.lcx.com,https://wp.lcx.com/wp-content/uploads/RSR-Reserve-Rights-MiCA-Whitepaper-v1.1.docx-1.pdf,,,,,,,,,,,,,,,,0
OTHER,694,0,unchanged,0,LI,24/11/2025,2025-11-24,https://www.lcx.com/serv-mica-white-paper/,,529900SN07Z6RTX8R418,1,,,www.lcx.com,1,4a3aa48ce68c,pdf,hop,pdf,c7644f34daabba054989b757166063727eadb27204f090bbb7fb5bd68607384c,wp.lcx.com,https://wp.lcx.com/wp-content/uploads/SERV-Open-Serv-MiCA-Whitepaper-v1.0.docx-1.pdf,,,,,,,,,,,,,,,,0
OTHER,695,0,unchanged,0,LI,24/11/2025,2025-11-24,https://www.lcx.com/trump-mica-white-paper/,,529900SN07Z6RTX8R418,1,,,www.lcx.com,1,5ceededbdf51,pdf,hop,pdf,6db62d0b3e63b2474ea6103f063e7c8be469ed6577e7990b9ff64064129c2f50,wp.lcx.com,https://wp.lcx.com/wp-content/uploads/TRUMP-MiCA-Whitepaper-v-1.1.docx-1.pdf,,,,,,,,,,,,,,,,0
OTHER,696,0,unchanged,0,LI,24/11/2025,2025-11-24,https://www.lcx.com/virtual-mica-white-paper/,,529900SN07Z6RTX8R418,1,,,www.lcx.com,1,dfce0ac337d9,pdf,hop,pdf,95ce0f18b927ca6980fb7deb26c42d75b5038d1e3b790e76554f9ca506842e4a,wp.lcx.com,https://wp.lcx.com/wp-content/uploads/VIRTUAL-MiCA-Whitepaper-v-1.1.docx-2.pdf,,,,,,,,,,,,,,,,0
OTHER,697,0,unchanged,0,LI,24/11/2025,2025-11-24,https://www.lcx.com/zora-mica-white-paper/,,529900SN07Z6RTX8R418,1,,,www.lcx.com,1,aa11a1b2deb0,pdf,hop,pdf,3bcca689baeaf75561254b816bd15e93b0fcbced721c63e9ce79d03cb98927cd,wp.lcx.com,https://wp.lcx.com/wp-content/uploads/ZORA-MiCA-Whitepaper-v-1.1.docx-1.pdf,,,,,,,,,,,,,,,,0
OTHER,698,0,unchanged,0,LI,24/11/2025,2025-11-24,https://linx-li.com/ZNNT-MiCA-Whitepaper/,984500780757UF839508,,0,,,linx-li.com,1,c7bf122ae723,net-error,direct,net-error,,,https://linx-li.com/ZNNT-MiCA-Whitepaper/,,,robots:error,,,,,,,,,,,ISSUED/ACTIVE,,0
OTHER,699,1,new,0,LI,05/03/2026,2026-03-05,https://alcum.com/whitepaper,894500MOZ40DCBSCQY83,,0,BJP4TNKN9,9DDKPFN21,alcum.com,1,feca80397e1c,http-error,direct,http-error,a73fba26795a68a176ffd88e1a0c563bc81028ba6f5881d833e4e11c7ea2dd90,alcum.com,https://alcum.com/whitepaper,,,,,,,,,,,,,,ISSUED/ACTIVE,,0
OTHER,700,1,new,0,LI,29/09/2026,2026-09-29,https://havtoken.com/havenex-whitepaper.pdf,529900JRSVNLVGL0ID19,,0,SHD2NGHZV,GRGRG0DWJ,havtoken.com,1,93c39b2d8a9e,pdf,direct,pdf,6b6dc6881a3fb495b83205b1a2082b31cd4902fe80ab9826a27e2cfac7e9dcc9,havtoken.com,https://havtoken.com/havenex-whitepaper.pdf,,,,,,,,,,,,,,ISSUED/ACTIVE,,0
OTHER,701,1,new,0,LI,29/09/2026,2026-09-29,https://minimeal.com/en/pages/soil,2138004CJ7LMU88WII20,,0,LTFG9V1PJ,WB7CQM6C8,minimeal.com,1,96a564350455,pdf,hop,pdf,cd2ac6a99cdfaa399a3de3d4ce255f1c89eac3a02e74e2236bd58ef2a74029d2,cdn.shopify.com,https://cdn.shopify.com/s/files/1/0943/6492/6298/files/2026-09-23_SOIL_Token_MiCAR_White_Paper_final.pdf?v=1790677590,,,,,,,,,,,,,,ISSUED/ACTIVE,,0
OTHER,702,0,unchanged,0,LT,23/05/2025,2025-05-23,https://www.socios.com/dojo-whitepaper/,,,0,,,www.socios.com,1,a8123d3b172c,http-error,direct,http-error,28234d7a58111dcbbc78981707cce1c047c12754b015af7d68426f6c85670341,www.socios.com,https://www.socios.com/dojo-whitepaper/,,,,,,,,,,,,,,,,0
OTHER,703,0,unchanged,0,LT,04/09/2025,2025-09-04,https://docs.whitebridge.network/legal/whitepaper,,,0,,,docs.whitebridge.network,1,7ae6da474f8b,html,direct,html,638f96cd8c2268c240ceebd7c1237253db0f75849ff0d6a762781ee1b0b2697b,docs.whitebridge.network,https://docs.whitebridge.network/legal/whitepaper,,,,,,,,,,,,,,,,0
OTHER,704,0,unchanged,0,LT,04/09/2025,2025-09-04,https://www.plutus.it/legal/mica-whitepapers,6488MIUW36EG785W1423,,0,,,www.plutus.it,1,e63dbb5759cb,pdf,hop,pdf,0aac2d3ea56b2ace0c8a853c21bcdd68ed1a9ab30f032acd65c11f282d29977b,storage.googleapis.com,https://storage.googleapis.com/plutus-it-marketing-assets/PlutusWP-2025-v2.pdf,,,,,,,,,,,,,,LAPSED/ACTIVE,,0
OTHER,705,0,unchanged,0,LT,14/08/2025,2025-08-14,https://zerobase.pro/docs/ZEROBASE_MiCA_WhitePaper.pdf,,,0,,,zerobase.pro,1,fa8a328298d9,pdf,direct,pdf,9d56a2f5ecce2f1e29b94e8258ce9ecde09e8663314fee7a2b77b7322f5ad97c,zerobase.pro,https://zerobase.pro/docs/ZEROBASE_MiCA_WhitePaper.pdf,,,,,,,,,,,,,,,,0
OTHER,706,0,unchanged,0,LT,17/09/2025,2025-09-17,https://cryptolink.io/docs/Cambix_CBIT_WP.pdf,9845007D62DDW91D5494,,0,,,cryptolink.io,1,ce8b166844d6,pdf,direct,pdf,cf3e2a80b5187da2db78ac6944777f275a471a4972b25367362f22f5af09d8d5,cryptolink.io,https://cryptolink.io/docs/Cambix_CBIT_WP.pdf,,,,,,,,,,,,,,ISSUED/ACTIVE,,0
OTHER,707,0,unchanged,0,LT,07/11/2025,2025-11-07,https://polyhedra.network/mica_wp,984500369FCB46C4AC74,,0,,,polyhedra.network,1,215ea15a8de1,ixbrl-esma,direct,ixbrl-esma,1c3832cc6bd79ee4f01c4dd86e8d70bad94560a2d84f1008ddb3d82a86cb52c2,polyhedra.network,https://polyhedra.network/mica_wp,1.1,1,,,polyhedra.network,0,0,1,1,,,2025-10-30,984500369FCB46C4AC74,LAPSED/ACTIVE,LAPSED/ACTIVE,0
OTHER,708,1,new,0,LT,26/06/2026,2026-06-26,https://drive.google.com/file/d/1uZUN5QxQur6GmKx83OQJ007UetDJxU8e/view?usp=sharing,984500EEE8563F39DC58,,0,8NJBDL5PP,BCDX3LB29,drive.google.com,1,aac9371480c3,html,direct,html,adc0bc4b3faa8b478ddee715e068285105261f109be40166a302bde800371901,drive.google.com,https://drive.google.com/file/d/1uZUN5QxQur6GmKx83OQJ007UetDJxU8e/view?usp=sharing,,,,,,,,,,,,,,ISSUED/ACTIVE,,0
OTHER,709,1,new,0,LU,22/01/2026,2026-01-22,https://www.bitstamp.net/s/documents/2025-12-23-White-paper-BOME-FFG-5CV6W8P9H.xhtml,549300XIBGTJ0PLIEO72,549300XIBGTJ0PLIEO72,1,XNCXCGN7X,5CV6W8P9H,www.bitstamp.net,1,11408c6d9c68,anti-bot,direct,anti-bot,d02032286070b4dd9d8fbd985a7bdca8af8edf52b89ff177db3bfcb2c8a9c43d,www.bitstamp.net,https://www.bitstamp.net/s/documents/2025-12-23-White-paper-BOME-FFG-5CV6W8P9H.xhtml,,,,,,,,,,,,,,ISSUED/ACTIVE,,0
OTHER,710,1,new,0,LU,22/01/2026,2026-01-22,https://www.bitstamp.net/s/documents/2025-12-23-White-paper-Melania-Meme-FFG-TC417FPLR.xhtml,549300XIBGTJ0PLIEO72,549300XIBGTJ0PLIEO72,1,VPNL7Z0Z6,TC417FPLR,www.bitstamp.net,1,a384ec25013b,anti-bot,direct,anti-bot,d02032286070b4dd9d8fbd985a7bdca8af8edf52b89ff177db3bfcb2c8a9c43d,www.bitstamp.net,https://www.bitstamp.net/s/documents/2025-12-23-White-paper-Melania-Meme-FFG-TC417FPLR.xhtml,,,,,,,,,,,,,,ISSUED/ACTIVE,,0
OTHER,711,1,new,0,LU,22/01/2026,2026-01-22,https://www.bitstamp.net/s/documents/2025-12-23-White-paper-OFFICIAL-TRUMP-FFG-LJDPGNXXK.xhtml,549300XIBGTJ0PLIEO72,549300XIBGTJ0PLIEO72,1,3R313RR9C,LJDPGNXXK,www.bitstamp.net,1,adbde47fb241,anti-bot,direct,anti-bot,d02032286070b4dd9d8fbd985a7bdca8af8edf52b89ff177db3bfcb2c8a9c43d,www.bitstamp.net,https://www.bitstamp.net/s/documents/2025-12-23-White-paper-OFFICIAL-TRUMP-FFG-LJDPGNXXK.xhtml,,,,,,,,,,,,,,ISSUED/ACTIVE,,0
OTHER,712,1,new,0,LU,22/01/2026,2026-01-22,https://www.bitstamp.net/s/documents/2025-12-23-White-paper-Popcat-FFG-CPLCKVT11.xhtml,549300XIBGTJ0PLIEO72,549300XIBGTJ0PLIEO72,1,WCFP5ZBK5,CPLCKVT11,www.bitstamp.net,1,970fcfc54bae,anti-bot,direct,anti-bot,d02032286070b4dd9d8fbd985a7bdca8af8edf52b89ff177db3bfcb2c8a9c43d,www.bitstamp.net,https://www.bitstamp.net/s/documents/2025-12-23-White-paper-Popcat-FFG-CPLCKVT11.xhtml,,,,,,,,,,,,,,ISSUED/ACTIVE,,0
OTHER,713,1,new,0,LU,22/01/2026,2026-01-22,https://www.bitstamp.net/s/documents/2025-12-23-White-paper-Pudgy-Penguins-FFG-13JBPT88T.xhtml,549300XIBGTJ0PLIEO72,549300XIBGTJ0PLIEO72,1,XNT9ZM8KB,13JBPT88T,www.bitstamp.net,1,943d53fb7841,anti-bot,direct,anti-bot,d02032286070b4dd9d8fbd985a7bdca8af8edf52b89ff177db3bfcb2c8a9c43d,www.bitstamp.net,https://www.bitstamp.net/s/documents/2025-12-23-White-paper-Pudgy-Penguins-FFG-13JBPT88T.xhtml,,,,,,,,,,,,,,ISSUED/ACTIVE,,0
OTHER,714,1,new,0,LU,22/01/2026,2026-01-22,https://www.bitstamp.net/s/documents/2025-12-23-White-paper-Peanut-the-Squirrel-FFG-75D0KJ7WN.xhtml,549300XIBGTJ0PLIEO72,549300XIBGTJ0PLIEO72,1,7FJ0P4TBH,75D0KJ7WN,www.bitstamp.net,1,4bc019b4a910,anti-bot,direct,anti-bot,d02032286070b4dd9d8fbd985a7bdca8af8edf52b89ff177db3bfcb2c8a9c43d,www.bitstamp.net,https://www.bitstamp.net/s/documents/2025-12-23-White-paper-Peanut-the-Squirrel-FFG-75D0KJ7WN.xhtml,,,,,,,,,,,,,,ISSUED/ACTIVE,,0
OTHER,715,0,unchanged,0,LU,14/07/2025,2025-07-14,https://docs.recall.network/pdf/Recall-Vision.pdf,,,0,,,docs.recall.network,1,0bd34a4cc44a,pdf,direct,pdf,19ba1cfa9baa7f22923af00699c35bfc6d5086504dcef634740560bfcb2e0e91,docs.recall.network,https://docs.recall.network/pdf/Recall-Vision.pdf,,,,,,,,,,,,,,,,0
OTHER,716,1,new,0,LU,22/01/2026,2026-01-22,https://www.bitstamp.net/s/documents/2025-12-23-White-paper-Polygon-POL-FFG-GB8DQ8DWN.xhtml,549300XIBGTJ0PLIEO72,549300XIBGTJ0PLIEO72,1,612RCQLCX|HGMF3TRBK|I|RQWW6J6K0,GB8DQ8DWN,www.bitstamp.net,1,2134564f8487,anti-bot,direct,anti-bot,d02032286070b4dd9d8fbd985a7bdca8af8edf52b89ff177db3bfcb2c8a9c43d,www.bitstamp.net,https://www.bitstamp.net/s/documents/2025-12-23-White-paper-Polygon-POL-FFG-GB8DQ8DWN.xhtml,,,,,,,,,,,,,,ISSUED/ACTIVE,,0
OTHER,717,1,new,0,LU,22/01/2026,2026-01-22,https://www.bitstamp.net/s/documents/2025-12-23-White-paper-Render-Token-FFG-XR0JSKLNZ.xhtml,549300XIBGTJ0PLIEO72,549300XIBGTJ0PLIEO72,1,6WNRFWT13|I|RQGSSPQ03,XR0JSKLNZ,www.bitstamp.net,1,9e47b2c34e69,anti-bot,direct,anti-bot,d02032286070b4dd9d8fbd985a7bdca8af8edf52b89ff177db3bfcb2c8a9c43d,www.bitstamp.net,https://www.bitstamp.net/s/documents/2025-12-23-White-paper-Render-Token-FFG-XR0JSKLNZ.xhtml,,,,,,,,,,,,,,ISSUED/ACTIVE,,0
OTHER,718,1,new,0,LU,22/01/2026,2026-01-22,https://www.bitstamp.net/s/documents/2025-12-23-White-paper-Moo-Deng-FFG-H3X85BK7M.xhtml,549300XIBGTJ0PLIEO72,549300XIBGTJ0PLIEO72,1,DX81GC616,H3X85BK7M,www.bitstamp.net,1,0ab7355eae1a,anti-bot,direct,anti-bot,d02032286070b4dd9d8fbd985a7bdca8af8edf52b89ff177db3bfcb2c8a9c43d,www.bitstamp.net,https://www.bitstamp.net/s/documents/2025-12-23-White-paper-Moo-Deng-FFG-H3X85BK7M.xhtml,,,,,,,,,,,,,,ISSUED/ACTIVE,,0
OTHER,719,1,new,0,LU,22/01/2026,2026-01-22,https://www.bitstamp.net/s/documents/2025-12-23-White-paper-Virtual-Protocol-FFG-7WMBV0R29.xhtml,549300XIBGTJ0PLIEO72,549300XIBGTJ0PLIEO72,1,4MRQJ9KZX|FPRDP6XFW|I|N8DL4NDHC,7WMBV0R29,www.bitstamp.net,1,87fb7db9375f,anti-bot,direct,anti-bot,d02032286070b4dd9d8fbd985a7bdca8af8edf52b89ff177db3bfcb2c8a9c43d,www.bitstamp.net,https://www.bitstamp.net/s/documents/2025-12-23-White-paper-Virtual-Protocol-FFG-7WMBV0R29.xhtml,,,,,,,,,,,,,,ISSUED/ACTIVE,,0
OTHER,720,0,unchanged,0,LU,24/07/2025,2025-07-24,https://wp.water150.io/,,,0,,,wp.water150.io,1,4619c489967b,html,direct,html,33cfca725a5e73eb5dec9173a126a58e5c7f6475ff42103716a3ca16b0cc0d3f,wp.water150.io,https://wp.water150.io/,,,,,,,,,,,,,,,,0
OTHER,721,0,unchanged,0,LU,28/07/2025,2025-07-28,https://docsend.com/view/bd6nb4bts33zvbhd,984500X1FBE3CED5HF70,,0,,,docsend.com,1,1562459dcea1,http-error,direct,http-error,d43f6828de7c4e481e8d2ba71f8deacdad2cbe6eff44d7288b6aef07aa10de74,docsend.com,https://docsend.com/view/bd6nb4bts33zvbhd,,,,,,,,,,,,,,LAPSED/ACTIVE,,0
OTHER,722,0,unchanged,0,LU,12/11/2025,2025-11-12,https://cityprotocol.co/mica_whitepaper,254900JDFQ2EAGJHU889,,0,,,cityprotocol.co,1,6fb01a76c16e,ixbrl-esma,direct,ixbrl-esma,e8bed2298182b2e602249b29ade381fd2873d2e6e937bd16626f68fbd194557d,www.cityprotocol.co,https://www.cityprotocol.co/mica_whitepaper,1.1,1,,,cityprotocol.co,0,0,1,1,,,2026-08-26,,ISSUED/ACTIVE,,0
OTHER,723,0,unchanged,0,LU,10/11/2025,2025-11-10,https://hytopia.com/mica,5299004CRSCKGAZWLY81,,0,,,hytopia.com,1,0c361ad82708,html,direct,html,ffa7f7ba0e2cb10590e861360a7585c7306e638fb0fa188387c9b6f8458fc9ca,hytopia.com,https://hytopia.com/,,,,,,,,,,,,,,ISSUED/ACTIVE,,0
OTHER,724,0,unchanged,0,LU,12/11/2025,2025-11-12,https://claim.superfluid.org/mica254900OYD1IONT765K68.html,254900OYD1IONT765K68,,0,,,claim.superfluid.org,1,8e817157414d,robots,direct,robots,,claim.superfluid.org,,,,robots:disallowed-rfc9309-recheck,,,,,,,,,,,ISSUED/ACTIVE,,0
OTHER,725,1,new,0,LU,22/01/2026,2026-01-22,https://www.bitstamp.net/s/documents/2025-12-23-White-paper-Hyperliquid-FFG-HLTPNVXN0.xhtml,549300XIBGTJ0PLIEO72,549300XIBGTJ0PLIEO72,1,80W43TV26,HLTPNVXN0,www.bitstamp.net,1,d1aa889b97d9,anti-bot,direct,anti-bot,d02032286070b4dd9d8fbd985a7bdca8af8edf52b89ff177db3bfcb2c8a9c43d,www.bitstamp.net,https://www.bitstamp.net/s/documents/2025-12-23-White-paper-Hyperliquid-FFG-HLTPNVXN0.xhtml,,,,,,,,,,,,,,ISSUED/ACTIVE,,0
OTHER,726,1,new,0,LU,22/01/2026,2026-01-22,https://www.bitstamp.net/s/documents/2025-12-23-White-paper-World-Liberty-Financial-FFG-3XVWCVFSX.xhtml,549300XIBGTJ0PLIEO72,549300XIBGTJ0PLIEO72,1,H50D9HB3K|I|J75VP8MPH|ZLZ08WV6N,3XVWCVFSX,www.bitstamp.net,1,9b4adaeaa17f,anti-bot,direct,anti-bot,d02032286070b4dd9d8fbd985a7bdca8af8edf52b89ff177db3bfcb2c8a9c43d,www.bitstamp.net,https://www.bitstamp.net/s/documents/2025-12-23-White-paper-World-Liberty-Financial-FFG-3XVWCVFSX.xhtml,,,,,,,,,,,,,,ISSUED/ACTIVE,,0
OTHER,727,1,new,0,LU,22/01/2026,2026-01-22,https://www.bitstamp.net/s/documents/2025-12-23-White-paper-BIO-FFG-TBR0XDRN8.xhtml,549300XIBGTJ0PLIEO72,549300XIBGTJ0PLIEO72,1,7X0W2C94Z|H0TL06GPZ|I|MFT7HMS7F,TBR0XDRN8,www.bitstamp.net,1,6a67c5eed04f,anti-bot,direct,anti-bot,d02032286070b4dd9d8fbd985a7bdca8af8edf52b89ff177db3bfcb2c8a9c43d,www.bitstamp.net,https://www.bitstamp.net/s/documents/2025-12-23-White-paper-BIO-FFG-TBR0XDRN8.xhtml,,,,,,,,,,,,,,ISSUED/ACTIVE,,0
OTHER,728,0,unchanged,0,LU,20/11/2025,2025-11-20,https://www.theoriq.ai/mica-whitepaper,2549008HR6RRRZ9ZI573,,0,,,www.theoriq.ai,1,975ffcd88c64,html,direct,html,0ef1fc4b273255151bf74dd4dba47ae8108ae51d21d4f0d0a4c81be307a552ac,www.theoriq.ai,https://www.theoriq.ai/mica-whitepaper,,,,,,,,,,,,,,ISSUED/ACTIVE,,0
OTHER,729,0,unchanged,0,LU,16/12/2025,2025-12-16,https://invest4b.eu/whitepaper.xhtml,,,0,,,invest4b.eu,1,2383f3907595,xhtml-no-ixbrl,direct,xhtml-no-ixbrl,3c85d30a130e99673971befcae3ea41b43a8123bd135aeee151f9f21acafe937,invest4b.eu,https://invest4b.eu/whitepaper.xhtml,,,,,,,,,,,,,,,,0
OTHER,730,1,new,0,LU,19/06/2026,2026-06-19,https://www.fuseenergy.com/mica-whitepaper,,,0,HQ3X8PQD4,4TGWJFFJ5,www.fuseenergy.com,1,416257610877,http-error,direct,http-error,f51dd6fc68a04ca313676f12e58aceb64d77dbe54c4497bc754b58ed6e3f3b27,www.fuseenergy.com,https://www.fuseenergy.com/mica-whitepaper,,,,,,,,,,,,,,,,0
OTHER,731,0,unchanged,0,LU,18/12/2025,2025-12-18,https://info.send.it/docs/legal/mica-whitepaper,98450080C53RT6E3CB66,,0,,,info.send.it,1,8213d4d3bec0,html,direct,html,70f665cc2f764b20f49d08fab00c4f76a0c1cfb7bdd3e824a8dd788c18e5515e,info.send.it,https://info.send.it/docs/legal/mica-whitepaper,,,,,,,,,,,,,,ISSUED/ACTIVE,,0
OTHER,732,0,unchanged,0,LU,18/12/2025,2025-12-18,https://www.puffpaw.xyz/mica-whitepaper,254900T2F7QFHPX1TN42,,0,,,www.puffpaw.xyz,1,8de872a97d35,ixbrl-esma,direct,ixbrl-esma,56e2a0f549ef7e03a6fbd594cd437dde0498091ee0b207b0325dc9be19121e77,www.puffpaw.xyz,https://www.puffpaw.xyz/mica-whitepaper,1.1,1,,,puffpaw.xyz,0,0,1,1,,,2025-12-15,,ISSUED/ACTIVE,,0
OTHER,733,1,new,0,LU,22/01/2026,2026-01-22,https://www.bitstamp.net/s/documents/2025-12-23-White-paper-Pendle-FFG-5RJT6339X.xhtml,549300XIBGTJ0PLIEO72,549300XIBGTJ0PLIEO72,1,46P3KPLQX|6SSGLNPPP|I|JKMF5L4KM,5RJT6339X,www.bitstamp.net,1,82f2b5bb0642,anti-bot,direct,anti-bot,d02032286070b4dd9d8fbd985a7bdca8af8edf52b89ff177db3bfcb2c8a9c43d,www.bitstamp.net,https://www.bitstamp.net/s/documents/2025-12-23-White-paper-Pendle-FFG-5RJT6339X.xhtml,,,,,,,,,,,,,,ISSUED/ACTIVE,,0
OTHER,734,1,new,0,LU,22/01/2026,2026-01-22,https://www.bitstamp.net/s/documents/2026-01-12-White-paper-Aster-FFG-H8BH7VR5W.xhtml,549300XIBGTJ0PLIEO72,549300XIBGTJ0PLIEO72,1,1WQ8SGRXX,H8BH7VR5W,www.bitstamp.net,1,993ab161a629,anti-bot,direct,anti-bot,d02032286070b4dd9d8fbd985a7bdca8af8edf52b89ff177db3bfcb2c8a9c43d,www.bitstamp.net,https://www.bitstamp.net/s/documents/2026-01-12-White-paper-Aster-FFG-H8BH7VR5W.xhtml,,,,,,,,,,,,,,ISSUED/ACTIVE,,0
OTHER,735,1,new,0,LU,22/01/2026,2026-01-22,https://www.bitstamp.net/s/documents/2026-01-12-White-paper-Aptos-Coin-FFG-C4CQCGLH2.xhtml,549300XIBGTJ0PLIEO72,549300XIBGTJ0PLIEO72,1,I|SMB9ZBCGN|SSFZXXTDD,C4CQCGLH2,www.bitstamp.net,1,d253f6c40034,anti-bot,direct,anti-bot,d02032286070b4dd9d8fbd985a7bdca8af8edf52b89ff177db3bfcb2c8a9c43d,www.bitstamp.net,https://www.bitstamp.net/s/documents/2026-01-12-White-paper-Aptos-Coin-FFG-C4CQCGLH2.xhtml,,,,,,,,,,,,,,ISSUED/ACTIVE,,0
OTHER,736,1,new,0,LU,22/01/2026,2026-01-22,https://www.bitstamp.net/s/documents/2026-01-12-White-paper-PancakeSwap-FFG-LZ3V3Z6FD.xhtml,549300XIBGTJ0PLIEO72,549300XIBGTJ0PLIEO72,1,3DJ566NFC|79F06FB14|7WCK2RVW2|HH35QMXT8|HT742VTHT|I|KHJHQNSDZ|KX6X7D5ND|QJXZG0R9J,LZ3V3Z6FD,www.bitstamp.net,1,bf464628c282,anti-bot,direct,anti-bot,d02032286070b4dd9d8fbd985a7bdca8af8edf52b89ff177db3bfcb2c8a9c43d,www.bitstamp.net,https://www.bitstamp.net/s/documents/2026-01-12-White-paper-PancakeSwap-FFG-LZ3V3Z6FD.xhtml,,,,,,,,,,,,,,ISSUED/ACTIVE,,0
OTHER,737,1,new,0,LU,22/01/2026,2026-01-22,https://www.bitstamp.net/s/documents/2026-01-12-White-paper-TRON-TRX-FFG-HZ9HHNPLG.xhtml,549300XIBGTJ0PLIEO72,549300XIBGTJ0PLIEO72,1,523PVPHKS|6PF7WDK49|993D8X1FB|I,HZ9HHNPLG,www.bitstamp.net,1,ba2f25a4ef2f,anti-bot,direct,anti-bot,d02032286070b4dd9d8fbd985a7bdca8af8edf52b89ff177db3bfcb2c8a9c43d,www.bitstamp.net,https://www.bitstamp.net/s/documents/2026-01-12-White-paper-TRON-TRX-FFG-HZ9HHNPLG.xhtml,,,,,,,,,,,,,,ISSUED/ACTIVE,,0
OTHER,738,1,new,0,LU,22/01/2026,2026-01-22,https://www.bitstamp.net/s/documents/2026-01-19-White-paper-Cosmos-ATOM-FFG-6C7F2WVZH.xhtml,549300XIBGTJ0PLIEO72,549300XIBGTJ0PLIEO72,1,2RZ13PHH3|6453368PD|DJ0QPRH0W|HX1NSP98N|J51DXB76N|JVMWS68W|MC73KT6K4|W03RCK39H,6C7F2WVZH,www.bitstamp.net,1,be2ce85dde01,anti-bot,direct,anti-bot,d02032286070b4dd9d8fbd985a7bdca8af8edf52b89ff177db3bfcb2c8a9c43d,www.bitstamp.net,https://www.bitstamp.net/s/documents/2026-01-19-White-paper-Cosmos-ATOM-FFG-6C7F2WVZH.xhtml,,,,,,,,,,,,,,ISSUED/ACTIVE,,0
OTHER,739,1,new,0,LU,22/01/2026,2026-01-22,https://www.bitstamp.net/s/documents/2026-01-19-White-paper-Lighter-FFG-W0746TPZW.xhtml,549300XIBGTJ0PLIEO72,549300XIBGTJ0PLIEO72,1,DSZ0J72T7,W0746TPZW,www.bitstamp.net,1,e2e163606dd8,anti-bot,direct,anti-bot,d02032286070b4dd9d8fbd985a7bdca8af8edf52b89ff177db3bfcb2c8a9c43d,www.bitstamp.net,https://www.bitstamp.net/s/documents/2026-01-19-White-paper-Lighter-FFG-W0746TPZW.xhtml,,,,,,,,,,,,,,ISSUED/ACTIVE,,0
OTHER,740,1,new,0,LU,28/01/2026,2026-01-28,http://www.noble.xyz/whitepaper,254900JX2LQZTAJA9773,,0,4XNHT01MK,,www.noble.xyz,1,21f4386231de,http-error,direct,http-error,51550177001c1c6ddc369e8a4ad1b4e045774ac658d7c268611a0428c2da579e,noble.xyz,https://noble.xyz/whitepaper,,,,,,,,,,,,,,ISSUED/ACTIVE,,0
OTHER,741,1,new,0,LU,28/01/2026,2026-01-28,usd.ai/mica,254900RNIRZ1EOPDO568,,0,MR60BP4N0,,usd.ai,1,d3e2dbaa6c7a,pdf,hop,pdf,d565fb6ac2fb9224035456385b0adb0685846046ef769ceb4f805294f31a897d,usd.ai,https://usd.ai/assets/mica/CHIP-MiCAR-Classification.pdf,,,,,,,,,,,,,,ISSUED/ACTIVE,,0
OTHER,742,1,new,0,LU,30/01/2026,2026-01-30,https://www.arcium.com/articles/mica-whitepaper,984500C7584BABED3E03,549300QHD76EP6ZKTT48,1,QWFKWNHQV,2GM37J0CX,www.arcium.com,1,bc5c4fc1280a,http-error,direct,http-error,2287bee94171c9ddd940d835efd6112e1f161c745ec3ba869ae0707caacecc2b,www.arcium.com,https://www.arcium.com/articles/mica-whitepaper,,,,,,,,,,,,,,ISSUED/ACTIVE,,0
OTHER,743,1,new,0,LU,04/03/2026,2026-03-04,https://altlayer.io/MiCA_WP.xhtml,254900FWQV824QKT8L36,,0,6TB68VNSV|R6KK82R27,B7HS0LP5T,altlayer.io,1,d6ae5a11cd1f,ixbrl-esma,direct,ixbrl-esma,d0d97f786b0af601d1f7438fb078dbb4be6e6b569a21f160a67b5387a38e3e1b,altlayer.io,https://altlayer.io/MiCA_WP.xhtml,1.1,1,,,altlayer.io,0,1,1,1,1,1,2026-03-02,254900FWQV824QKT8L36,ISSUED/ACTIVE,ISSUED/ACTIVE,0
OTHER,744,1,new,0,LU,24/03/2026,2026-03-24,https://assets.bitstamp.net/docs/whitepaper/MNT_2026_03_09.xhtml,549300XIBGTJ0PLIEO72,549300XIBGTJ0PLIEO72,1,C0D7M4H0R|I|K1KRW1TFQ,QH1GF1J5H,assets.bitstamp.net,1,d06243448c29,xhtml-no-ixbrl,direct,robots,05a48af4ba82518faa0d1f08e6edfd1b1e4529d9d3a75cddcc4c187878afeb5b,assets.bitstamp.net,https://assets.bitstamp.net/docs/whitepaper/MNT_2026_03_09.xhtml,,,,,,,,,,,,,,ISSUED/ACTIVE,,0
OTHER,745,1,new,0,LU,24/03/2026,2026-03-24,https://assets.bitstamp.net/docs/whitepaper/SKY_2025_03_09.xhtml,549300XIBGTJ0PLIEO72,549300XIBGTJ0PLIEO72,1,70LZN86TK,G4GDNF84C,assets.bitstamp.net,1,653de6f3afd1,xhtml-no-ixbrl,direct,robots,4deec97af27b1a5268205b605bb7b856f5eef4d21b0184e2db9f50b25bf331ba,assets.bitstamp.net,https://assets.bitstamp.net/docs/whitepaper/SKY_2025_03_09.xhtml,,,,,,,,,,,,,,ISSUED/ACTIVE,,0
OTHER,746,1,new,0,LU,24/03/2026,2026-03-24,https://assets.bitstamp.net/docs/whitepaper/XTZ_2026_03_19.xhtml,549300XIBGTJ0PLIEO72,549300XIBGTJ0PLIEO72,1,7VTRKSC7S|I|LGF6FD5NZ,FLJPFR9RS,assets.bitstamp.net,1,b7f6878817e9,xhtml-no-ixbrl,direct,robots,9ce7fe92d6d4cfe1e98a93904c242417fcdfba35235d5c08f0acd824a66d0315,assets.bitstamp.net,https://assets.bitstamp.net/docs/whitepaper/XTZ_2026_03_19.xhtml,,,,,,,,,,,,,,ISSUED/ACTIVE,,0
OTHER,747,1,new,0,LU,12/05/2026,2026-05-12,https://assets.bitstamp.net/docs/whitepaper/ZK_2026_05_07.xhtml,549300XIBGTJ0PLIEO72,549300XIBGTJ0PLIEO72,1,HKL2NKLD8,BCBLPFRBX,assets.bitstamp.net,1,fe62cfc3a01b,xhtml-no-ixbrl,direct,robots,59663d54ee34141505af59bf65a579351ed01ab6c239de08ccaf4232e7f35312,assets.bitstamp.net,https://assets.bitstamp.net/docs/whitepaper/ZK_2026_05_07.xhtml,,,,,,,,,,,,,,ISSUED/ACTIVE,,0
OTHER,748,1,new,0,LU,12/05/2026,2026-05-12,https://assets.bitstamp.net/docs/whitepaper/TIA_2026_05_07.xhtml,549300XIBGTJ0PLIEO72,549300XIBGTJ0PLIEO72,1,12NRRG38S|TQ1G4JDD1|VTMS6V53Z,M7NN4STH9,assets.bitstamp.net,1,5a6fb6d707fb,xhtml-no-ixbrl,direct,robots,f8d42428ce6fdd45c7b029613cd697f37b091b2795781de278affe61dc55f7b4,assets.bitstamp.net,https://assets.bitstamp.net/docs/whitepaper/TIA_2026_05_07.xhtml,,,,,,,,,,,,,,ISSUED/ACTIVE,,0
OTHER,749,1,new,0,LU,18/05/2026,2026-05-18,https://assets.bitstamp.net/docs/whitepaper/Quant_2026_05_13.xhtml,549300XIBGTJ0PLIEO72,549300XIBGTJ0PLIEO72,1,I|N25N2VFT7|Z3SN3NVM7,L8M8X31JL,assets.bitstamp.net,1,89e53178939d,xhtml-no-ixbrl,direct,robots,29e0773f87f61b865d048846cd8f1879b9cf95286ff54e0d6673f61a1afa15da,assets.bitstamp.net,https://assets.bitstamp.net/docs/whitepaper/Quant_2026_05_13.xhtml,,,,,,,,,,,,,,ISSUED/ACTIVE,,0
OTHER,750,1,new,0,LU,18/05/2026,2026-05-18,https://assets.bitstamp.net/docs/whitepaper/ZRO_2026_05_13.xhtml,549300XIBGTJ0PLIEO72,549300XIBGTJ0PLIEO72,1,17CNX2KXX|I|RWM9LFCCR,C0HH6QTBN,assets.bitstamp.net,1,fd9ba67f32a6,xhtml-no-ixbrl,direct,robots,b4675cb35a265e6059279c759e5f9e200522fc1a22a2f6885fd4b0eaad19c0f2,assets.bitstamp.net,https://assets.bitstamp.net/docs/whitepaper/ZRO_2026_05_13.xhtml,,,,,,,,,,,,,,ISSUED/ACTIVE,,0
OTHER,751,1,new,0,LU,03/06/2026,2026-06-03,https://assets.bitstamp.net/docs/whitepaper/VVV_2026_06_01.xhtml,549300XIBGTJ0PLIEO72,549300XIBGTJ0PLIEO72,1,1J5KDD5S0,P0SD47M0W,assets.bitstamp.net,1,4ea17663e2e2,xhtml-no-ixbrl,direct,robots,3d412d69724bf71406edabf1e61086dcfd329d52c0ba9eed1fa562b239cd7254,assets.bitstamp.net,https://assets.bitstamp.net/docs/whitepaper/VVV_2026_06_01.xhtml,,,,,,,,,,,,,,ISSUED/ACTIVE,,0
OTHER,752,1,new,0,LU,03/06/2026,2026-06-03,https://assets.bitstamp.net/docs/whitepaper/W_2026_06_01.xhtml,549300XIBGTJ0PLIEO72,549300XIBGTJ0PLIEO72,1,GDX74SST8|I|L2BKTJ5WW|TDWLL16VZ|XR2ZNHXH7,25J14XV4F,assets.bitstamp.net,1,91dce03aef14,xhtml-no-ixbrl,direct,robots,082a1de697edce21e028ed36fbeada70e59592c2a4d839de09a8ecf76d90637e,assets.bitstamp.net,https://assets.bitstamp.net/docs/whitepaper/W_2026_06_01.xhtml,,,,,,,,,,,,,,ISSUED/ACTIVE,,0
OTHER,753,1,new,0,LU,03/06/2026,2026-06-03,https://assets.bitstamp.net/docs/whitepaper/S_2026_06_01.xhtml,549300XIBGTJ0PLIEO72,549300XIBGTJ0PLIEO72,1,JN8QMR9XS,7JBMLCWCR,assets.bitstamp.net,1,5fa82f8571d3,xhtml-no-ixbrl,direct,robots,b92f7575011f9645c8445f499a4e5369fffcbd336078e50a945ec7f7a393115f,assets.bitstamp.net,https://assets.bitstamp.net/docs/whitepaper/S_2026_06_01.xhtml,,,,,,,,,,,,,,ISSUED/ACTIVE,,0
OTHER,754,1,new,0,LU,03/06/2026,2026-06-03,https://assets.bitstamp.net/docs/whitepaper/JTO_2026_05_29.xhtml,549300XIBGTJ0PLIEO72,549300XIBGTJ0PLIEO72,1,1P87W66DP,D3XB6KZ0,assets.bitstamp.net,1,d42e99cf3ac1,xhtml-no-ixbrl,direct,robots,d2c59ae8b810869a6177a7cd220e0ee51fb3a0f31217919d44a2f1c42f4a48d4,assets.bitstamp.net,https://assets.bitstamp.net/docs/whitepaper/JTO_2026_05_29.xhtml,,,,,,,,,,,,,,ISSUED/ACTIVE,,0
OTHER,755,1,new,0,LU,03/06/2026,2026-06-03,https://assets.bitstamp.net/docs/whitepaper/ORCA_2026_05_29.xhtml,549300XIBGTJ0PLIEO72,549300XIBGTJ0PLIEO72,1,Z63372HJ5,QS946B4NN,assets.bitstamp.net,1,2e770f4c81a9,xhtml-no-ixbrl,direct,robots,be4c86f5d6da9b8be7a173fc543cf515e148898c32027b8f4833adb7287e4c41,assets.bitstamp.net,https://assets.bitstamp.net/docs/whitepaper/ORCA_2026_05_29.xhtml,,,,,,,,,,,,,,ISSUED/ACTIVE,,0
OTHER,756,1,new,0,LU,03/06/2026,2026-06-03,https://assets.bitstamp.net/docs/whitepaper/RAY_2026_05_29.xhtml,549300XIBGTJ0PLIEO72,549300XIBGTJ0PLIEO72,1,BL6GMJNDW,7HFXRDFHH,assets.bitstamp.net,1,4c2cc237a36e,xhtml-no-ixbrl,direct,robots,02c50648b30d99427ecf56fb08a65e725cdf7102c025a986a0e5b7cb8e357dda,assets.bitstamp.net,https://assets.bitstamp.net/docs/whitepaper/RAY_2026_05_29.xhtml,,,,,,,,,,,,,,ISSUED/ACTIVE,,0
OTHER,757,1,new,0,LU,12/06/2026,2026-06-12,https://assets.bitstamp.net/docs/whitepaper/FLR_2026_06_10.xhtml,549300XIBGTJ0PLIEO72,549300XIBGTJ0PLIEO72,1,3KXTVG1Q5,DVRV6HSK5,assets.bitstamp.net,1,a476d12f7b73,xhtml-no-ixbrl,direct,robots,9b33a5d568cd54ccf4071fefe52127b001192298e57e2fed5a208a2b374947eb,assets.bitstamp.net,https://assets.bitstamp.net/docs/whitepaper/FLR_2026_06_10.xhtml,,,,,,,,,,,,,,ISSUED/ACTIVE,,0
OTHER,758,1,new,0,LU,12/06/2026,2026-06-12,https://assets.bitstamp.net/docs/whitepaper/WLD_2026_06_10.xhtml,549300XIBGTJ0PLIEO72,549300XIBGTJ0PLIEO72,1,2CTQDCXM4|FHJ2J54RT|I,BJD0TZ8V1,assets.bitstamp.net,1,f0dbfec2abae,xhtml-no-ixbrl,direct,robots,07456475e29c05cbeb5b27a99fa6b66f0278f2e43eadf4ad5946c39f342f1aa6,assets.bitstamp.net,https://assets.bitstamp.net/docs/whitepaper/WLD_2026_06_10.xhtml,,,,,,,,,,,,,,ISSUED/ACTIVE,,0
OTHER,759,1,new,0,LU,12/06/2026,2026-06-12,https://assets.bitstamp.net/docs/whitepaper/BERA_2026_06_10.xhtml,549300XIBGTJ0PLIEO72,549300XIBGTJ0PLIEO72,1,C75S6N2RJ,L7XQXLN44,assets.bitstamp.net,1,e30b94e797b0,xhtml-no-ixbrl,direct,robots,064121584d596e1f5143ad230efb838b68e7109c77811f2c143330affb6f161b,assets.bitstamp.net,https://assets.bitstamp.net/docs/whitepaper/BERA_2026_06_10.xhtml,,,,,,,,,,,,,,ISSUED/ACTIVE,,0
OTHER,760,1,new,0,LU,06/07/2026,2026-07-06,https://checkmate.foundation/MiCA Whitepaper - Checkmate - CHECK.xhtml,,,0,DWWC0XPC3,1XL95DVK1,checkmate.foundation,2,40b468191cbf,ixbrl-esma,hop,ixbrl-esma,6c7c3aad8f64ba4794b9e8e0bc83a983fca7a2ea5064fdf15b779824281a9be5,checkmate.foundation,https://checkmate.foundation/MiCA%20Whitepaper%20-%20Checkmate%20-%20CHECK.xhtml,,0,,,checkmate.foundation,0,1,1,,1,1,2026-06-29,,,,0
OTHER,761,1,new,0,LU,11/09/2026,2026-09-11,https://assets.bitstamp.net/docs/whitepaper/PONS_2026_08_31.xhtml,549300XIBGTJ0PLIEO72,549300XIBGTJ0PLIEO72,1,HW5V1GSQ7,F5V1Z6TC2,assets.bitstamp.net,1,4933d64ce2f8,xhtml-no-ixbrl,direct,robots,d8c6fe1acda54ae0d911a6584a31f3426aa8197959413ce01143d6e8b160a816,assets.bitstamp.net,https://assets.bitstamp.net/docs/whitepaper/PONS_2026_08_31.xhtml,,,,,,,,,,,,,,ISSUED/ACTIVE,,0
OTHER,762,1,new,0,LU,11/09/2026,2026-09-11,https://assets.bitstamp.net/docs/whitepaper/BILL_2026_09_03.xhtml,549300XIBGTJ0PLIEO72,549300XIBGTJ0PLIEO72,1,KX72D65KT,TD9BTNFZ2,assets.bitstamp.net,1,ab4b72dec950,xhtml-no-ixbrl,direct,robots,e040f7813e63d5296449406049ca5371c6443abf6056ea8a04f52c6da1dd969f,assets.bitstamp.net,https://assets.bitstamp.net/docs/whitepaper/BILL_2026_09_03.xhtml,,,,,,,,,,,,,,ISSUED/ACTIVE,,0
OTHER,764,0,changed,0,LV,05.06.2025,2025-06-05,https://docsend.com/view/vxyaenm9z2mfghg9,,,0,,,docsend.com,1,19dfc566c869,http-error,direct,http-error,0348c6821accc4d4249f0586c31f4ebccbca1a104af62062bd15c35a7fce6568,docsend.com,https://docsend.com/view/vxyaenm9z2mfghg9,,,,,,,,,,,,,,,,0
OTHER,765,0,changed,0,LV,13.05.2025,2025-05-13,https://pell.network/pdf/pell-network-whitepaper-v1.0.pdf,,5493007WZ7IFULIL8G21,1,,,pell.network,1,3fbc4907fe54,pdf,direct,pdf,9c96b23a693aa85506a76f6317e87460f174cefa48f60c07ed7442aab0acd578,pell.network,https://pell.network/pdf/pell-network-whitepaper-v1.0.pdf,,,,,,,,,,,,,,,,0
OTHER,766,0,changed,0,LV,05.06.2025,2025-06-05,https://myxfinance.gitbook.io/myx/protocol/compliance,,,0,,,myxfinance.gitbook.io,1,6520087693fb,pdf,hop,pdf,bbb21ea3baf133ecfcd9aff5ac0a73f4bfe0021ba9a3f66c60a757f1c035c264,1570067552-files.gitbook.io,https://1570067552-files.gitbook.io/~/files/v0/b/gitbook-x-prod.appspot.com/o/spaces%2FHCv4CkXABCLemz93mpi7%2Fuploads%2FPfxuAdasjdgaKt7Gp0l2%2FMYX%20Finance%20Whitepaper.pdf?alt=media&token=REDACTED,,,,,,,,,,,,,,,,0
OTHER,767,0,changed,0,LV,20.08.2025,2025-08-20,https://propy.com/browse/wp-content/uploads/Propy-MiCA-WhitePaper-2025.pdf,,,1,,,propy.com,1,cf2329dc7d1a,pdf,direct,pdf,11ff339559da7c68c204ca33ea9d1bbb258082b9ac531637a35115faa3a68f2c,propy.com,https://propy.com/browse/wp-content/uploads/Propy-MiCA-WhitePaper-2025.pdf,,,,,,,,,,,,,,,,0
OTHER,768,0,changed,0,LV,26.09.2025,2025-09-26,https://almanak.co/almanak-mica-wp.pdf,,,1,,,almanak.co,1,1db0a3a705e3,pdf,direct,pdf,bb1d01163b10713ff268a516aa5def5eb6fc643bc3e480d6be6e529a4f29f20f,almanak.co,https://almanak.co/almanak-mica-wp.pdf,,,,,,,,,,,,,,,,0
OTHER,769,0,changed,0,LV,20.10.2025,2025-10-20,https://cdn.forest.inc/docs/whitepaper.pdf,,,0,,,cdn.forest.inc,1,880356428b62,pdf,direct,pdf,1c967182d56645efafa8e1b0abfe4346ceae21791de3c2da8d3d4f51b2054772,cdn.forest.inc,https://cdn.forest.inc/docs/whitepaper.pdf,,,,,,,,,,,,,,,,0
OTHER,770,0,new-before-cutoff,0,LV,04.12.2025,2025-12-04,https://crowdedhero.com/legal/crowdx_whitepaper,254900BBV7FA7LUG5913,254900BBV7FA7LUG5913,1,,,crowdedhero.com,1,86be1646a779,pdf,direct,pdf,3af4dee3150d8c242da85b582c65eb31df1c3ca84d3355bc5b9ebb4ccc7e8a64,crowdedhero.com,https://crowdedhero.com/uploads/CrowdX%20Whitepaper.pdf,,,,,,,,,,,,,,ISSUED/ACTIVE,,0
OTHER,771,1,new,0,LV,17.08.2026,2026-08-17,https://data.blockben.com/whitepaper/docs.html,254900BBV7FA7LUG5913,254900BBV7FA7LUG5913,1,CRV5Q842B,P3X0N9DDQ,data.blockben.com,1,9139ff4d0123,pdf,hop,pdf,1b10bc4330bc407e34f1cd53cbaa6f6d37319fb45e58e79cc31467c1f1adb69a,data.blockben.com,https://data.blockben.com/whitepaper/BlockStock_Whitepaper.pdf,,,,,,,,,,,,,,ISSUED/ACTIVE,,0
OTHER,772,1,new,0,LV,09.07.2026,2026-07-09,https://blockben.com/en/products/holoverz,254900BBV7FA7LUG5913,254900BBV7FA7LUG5913,1,GM8G2QJDZ,8PCKDKQQN,blockben.com,1,4176b8b6b0ac,html,direct,html,b1bb6f916c20e0f12817a7a26fc62c2893da105bb86dc8ccc9d19345bbdd47a1,blockben.com,https://blockben.com/en/products/holoverz,,,,,,,,,,,,,,ISSUED/ACTIVE,,0
OTHER,773,1,new,0,LV,09.04.2026,2026-04-09,https://vendomatiq.com/tico/whitepaper.pdf,254900BBV7FA7LUG5913,254900BBV7FA7LUG5913,1,PLS8BD23K,72WPCH3FG,vendomatiq.com,1,a621e37c999c,pdf,direct,pdf,a095ad6a48b5eaf9f462047614a70ff0ea262478de35ca7142510dddf17cff79,vendomatiq.com,https://vendomatiq.com/tico/whitepaper.pdf,,,,,,,,,,,,,,ISSUED/ACTIVE,,0
OTHER,774,0,rekeyed,0,LV,05.11.2025,2025-11-05,https://gitbook.zignaly.com/white-paper,,,1,,,gitbook.zignaly.com,1,bdaaf65c456f,html,direct,html,18be530247ecf2c815c7963fb7667b3e5bed08714f66fcf5496fdbb798aaa8df,app.gitbook.com,https://app.gitbook.com/o/P49cpcrUNEImf2xtEknS/s/5YQSIGv5ozj0uCmkBoIh/,,,,,,,,,,,,,,,,0
OTHER,775,1,new,0,LV,15.04.2026,2026-04-15,https://gen6.me/filez/mica_full.html,,,1,GQWFR0JMD,6847PC6BH,gen6.me,1,1c596d79f80b,xhtml-no-ixbrl,direct,xhtml-no-ixbrl,f44974b749c2ff9305dbe8d76a3529c2b89464f4fffe8796db53bcfc92d3f6df,gen6.me,https://gen6.me/filez/mica_full.html,,,,,,,,,,,,,,,,0
OTHER,776,1,new,0,LV,23.09.2026,2026-09-23,https://www.oroswap.org/whitepaper,875500A9K5RIO1WOVM35,,0,MGQXRTKCZ,NV91DW7TR,www.oroswap.org,1,985d3204a24c,html,direct,html,2794d0654a107a3edb28d340b50d6e634ead22cf59dd6bc2396654805792626f,www.oroswap.org,https://www.oroswap.org/whitepaper,,,,,,,,,,,,,,ISSUED/ACTIVE,,0
OTHER,777,1,new,0,MT,20/07/2026,2026-07-20,https://nillion.com/legal/mica/whitepaper/,,,0,,,nillion.com,1,bd9674e28fd2,http-error,direct,http-error,5446a90d6cb76835d36e7484f65f1f16336f75a49cd61a8179f5ae1be132141e,nillion.com,https://nillion.com/legal/mica/whitepaper/,,,,,,,,,,,,,,,,0
OTHER,778,0,changed,0,MT,02/12/2025,2025-12-02,https://landwolf.com/whitepaper/,,,0,,,landwolf.com,1,a053e72bbd1a,html,direct,html,24f5a964af1644e4165c5721a5607a2e8d9b6b2b270f6c83d83da8959917fa62,landwolf.com,https://landwolf.com/whitepaper/,,,,,,,,,,,,,,,,0
OTHER,779,0,rekeyed,0,MT,18/02/2025,2025-02-18,https://ondoai.org/docs/ondo+K5,,,0,,,ondoai.org,1,52234cf98ca9,http-error,direct,http-error,e86d84116e2387cb17b80938cc4c0eae9d26fd632cd55194d24949279ce3363a,ondoai.org,https://ondoai.org/docs/ondo+K5,,,,,,,,,,,,,,,,0
OTHER,780,0,rekeyed,0,MT,26/02/2025,2025-02-26,https://docs.avaxai.org/mica+K5,,,0,,,docs.avaxai.org,1,3e0a4ae29d64,net-error,direct,net-error,,,https://docs.avaxai.org/mica+K5,,,robots:error,,,,,,,,,,,,,0
OTHER,781,0,unchanged,0,MT,26/02/2025,2025-02-26,https://kerneldao.com/whitepapers/EvercrestTechnologies-MiCAWhitepaper(final).pdf,,,0,,,kerneldao.com,1,c5dfc4e02170,pdf,direct,pdf,cc9514b70e28d22a8ddb73d5521ef4d0735aa5c7e3948c16dc462cc7d1d0304f,kerneldao.com,https://kerneldao.com/whitepapers/EvercrestTechnologies-MiCAWhitepaper(final).pdf,,,,,,,,,,,,,,,,0
OTHER,782,0,unchanged,0,MT,28/03/2025,2025-03-28,https://progress.mt/aqos-whitepaper/,,,0,,,progress.mt,1,a30236837983,html,direct,html,b63e087f7ac6c438931a7118ab5f27f420c29479eefe969b2656d28f34ce88a1,progress.mt,https://progress.mt/aqos-whitepaper/,,,,,,,,,,,,,,,,0
OTHER,783,0,unchanged,0,MT,24/03/2025,2025-03-24,https://walletconnect.notion.site/WalletConnect-Limited-MiCA-Whitepaper-1ce3a661771e80439b95df210431ed6e,,,0,,,walletconnect.notion.site,1,a650c39d73f6,html,client-redirect+direct,html,b25b1353e5d658dc7bda25700be3f154f425ab7e3c48e8678942d2598b2a18ae,walletconnect.notion.site,https://walletconnect.notion.site/unsupported-browser.html,,,,,,,,,,,,,,,,0
OTHER,784,0,unchanged,0,MT,30/07/2025,2025-07-30,https://shardeum.org/Mica.pdf,,,0,,,shardeum.org,1,b3a0f1c84c3d,pdf,direct,pdf,eb6179d630c24656abfb9fe976fe9209e3b71630fbc869ee9aac5da9e74ef9eb,shardeum.org,https://shardeum.org/Mica.pdf,,,,,,,,,,,,,,,,0
OTHER,785,0,unchanged,0,MT,21/05/2025,2025-05-21,https://docs.kaito.ai/mica-whitepaper,254900TSVY02DCZPYH91,,0,,,docs.kaito.ai,1,92a0fd7b721b,http-error,direct,http-error,0a4ac4338e4020ef2e6e72811a62168c590681aed72112b6e0a87ae18d7cf3ec,docs.kaito.ai,https://docs.kaito.ai/mica-whitepaper,,,,,,,,,,,,,,ISSUED/ACTIVE,,0
OTHER,786,0,changed,0,MT,06/11/2025,2025-11-06,https://divineray.ca/White%20Paper.pdf,,,0,,,divineray.ca,1,5fdca7d59539,pdf,direct,pdf,b4e5869446df93054c3819f7aa70c4e536766ad529ae7687542de51996db1c71,divineray.ca,https://divineray.ca/White%20Paper.pdf,,,,,,,,,,,,,,,,0
OTHER,787,0,changed,0,MT,07/01/2025,2025-01-07,https://45047878.fs1.hubspotusercontent-na1.net/hubfs/45047878/NIGHT%20MiCA%20White%20Paper.pdf,,,0,,,45047878.fs1.hubspotusercontent-na1.net,1,5eab6d2fd0c6,pdf,direct,pdf,519e002f38574fa455cf9e763bd88abee4b50598ae6c0769484a2fcf0312258d,45047878.fs1.hubspotusercontent-na1.net,https://45047878.fs1.hubspotusercontent-na1.net/hubfs/45047878/NIGHT%20MiCA%20White%20Paper.pdf,,,,,,,,,,,,,,,,0
OTHER,788,0,unchanged,0,MT,14/07/2025,2025-07-14,https://www.lagrangefoundation.org/lagrange_MiCA_Whitepaper.pdf,,,0,,,www.lagrangefoundation.org,1,0cec791c0a98,pdf,direct,pdf,1157fbd8b6cab23e5bb8b84d2b4b7c9c78eeac366e81b3426fe08395af85853f,www.lagrangefoundation.org,https://www.lagrangefoundation.org/lagrange_MiCA_Whitepaper.pdf,,,,,,,,,,,,,,,,0
OTHER,789,0,unchanged,0,MT,16/07/2025,2025-07-16,https://mira.network/_internal/docs/compliance/archive/2025-05-23/385e2a9f71/MiCA.pdf,,,0,,,mira.network,1,339f7e55b8fa,http-error,direct,http-error,b894c7cee4362b7b199c5d440d2ba5b17273f31e0b80bfcca7f336b8e74b17ec,mira.network,https://mira.network/_internal/docs/compliance/archive/2025-05-23/385e2a9f71/MiCA.pdf,,,,,,,,,,,,,,,,0
OTHER,790,0,rekeyed,0,MT,30/09/2025,2025-09-30,https://token.pump.fun/pump-whitepaper-09-26.pdf,,,0,,,token.pump.fun,1,eea3ff796335,html,direct,html,c19696ab6b91f8b31329d9ccc7192c0258e52f9e8995b1deb558a8610d8082db,pump.fun,https://pump.fun/pump-token,,,,,,,,,,,,,,,,0
OTHER,791,0,changed,0,MT,08/08/2025,2025-08-08,https://docs.spark.fi/mica,,,0,,,docs.spark.fi,1,f6cf56fa2735,html,direct,html,ff1c6d0c46d4f94318ed660013b970b1befde271ef4ca379c242201726651710,docs.spark.finance,https://docs.spark.finance/mica,,,,,,,,,,,,,,,,0
OTHER,792,0,unchanged,0,MT,08/08/2025,2025-08-08,https://eur04.safelinks.protection.outlook.com/?url=https%3A%2F%2Fdrive.google.com%2Ffile%2Fd%2F1kw2CfXp0SLPGkitm6v814vmTtWOQTYBw%2Fview&data=05%7C02%7CChristian.Bonello%40mfsa.mt%7Cb0d47aea347245b0ee1c08ddcf769d3f%7C8410b6b8f588443a9e60c749811fbe5f%7C1%7C0%7C638894830538812375%7CUnknown%7CTWFpbGZsb3d8eyJFbXB0eU1hcGkiOnRydWUsIlYiOiIwLjAuMDAwMCIsIlAiOiJXaW4zMiIsIkFOIjoiTWFpbCIsIldUIjoyfQ%3D%3D%7C0%7C%7C%7C&sdata=Pm5SwLkP5Kl5zYDnjEWbwhnNGGQzrNpJmRLTVwOUWfo%3D&reserved=0,,,0,,,eur04.safelinks.protection.outlook.com,1,46b773ac1e06,html,direct,html,2be89c42d662d807391a6f27a7710c0e786e11c36b536f6ce20559073eddc5ef,drive.google.com,https://drive.google.com/file/d/1kw2CfXp0SLPGkitm6v814vmTtWOQTYBw/view,,,,,,,,,,,,,,,,0
OTHER,793,0,unchanged,0,MT,08/08/2025,2025-08-08,https://www.staderlabs.com/docx/whitepapers/StakeinfraTechnologies-MiCAWhitepaper.pdf,,,0,,,www.staderlabs.com,1,73e176c21201,pdf,direct,pdf,d69f8323f48501ff7ea73466b13ae7ba4905f4feda7e78cee0fbb413f824b7aa,www.staderlabs.com,https://www.staderlabs.com/docx/whitepapers/StakeinfraTechnologies-MiCAWhitepaper.pdf,,,,,,,,,,,,,,,,0
OTHER,794,0,changed,0,MT,20/10/2025,2025-10-20,https://www.chiliz.com/wp-content/uploads/2025/07/Chiliz-Whitepaper-2025.pdf,,,0,,,www.chiliz.com,1,159d0116fea7,pdf,direct,pdf,036d5548611e23c10c2e7686d926bdb95f69b247ac6d2d401bb89e3a18ac1996,www.chiliz.com,https://www.chiliz.com/wp-content/uploads/2025/07/Chiliz-Whitepaper-2025.pdf,,,,,,,,,,,,,,,,0
OTHER,795,0,unchanged,0,MT,13/08/2025,2025-08-13,https://aerodrome.finance/documents/AERO/legal-disclosures.pdf,,,0,,,aerodrome.finance,1,e0fb3bf4f6a8,pdf,direct,pdf,247ad4b590e4eb3788b2b06393b97bdebc08391d9286694b55ca15812f03ad30,aerodrome.finance,https://aerodrome.finance/documents/AERO/legal-disclosures.pdf,,,,,,,,,,,,,,,,0
OTHER,796,0,unchanged,0,MT,13/08/2025,2025-08-13,https://velodrome.finance/documents/VELO/legal-disclosures.pdf,,,0,,,velodrome.finance,1,d84e98ff609a,pdf,direct,pdf,5428b4451e3519cfda5e4334047ba0a583be26827957bb06880f0f92c3f8fda9,velodrome.finance,https://velodrome.finance/documents/VELO/legal-disclosures.pdf,,,,,,,,,,,,,,,,0
OTHER,797,0,unchanged,0,MT,13/08/2025,2025-08-13,https://github.com/sophon-org/whitepaper/blob/main/sophon-whitepaper.pdf,,,0,,,github.com,1,45fb21f30fd8,html,direct,html,9049d29009e33aae79eb2fc6142188fff0cf03050f1b3e141f4fe0571e1a2e84,github.com,https://github.com/sophon-org/whitepaper/blob/main/sophon-whitepaper.pdf,,,,robots:1,,,,,,,,,,,,0
OTHER,798,1,changed,0,MT,03/02/2026,2026-02-03,https://mica.newt.foundation/,,,0,,,mica.newt.foundation,1,e628178be08e,html,direct,html,494464e74b5f13317561865eb49ca2ac67ba1ed3150a10cce6924ad741ba1ca5,mica.newton.xyz,https://mica.newton.xyz/,,,,,,,,,,,,,,,,0
OTHER,799,0,unchanged,0,MT,14/08/2025,2025-08-14,https://learn.apraemio.com/about-us/whitepaper,,,0,,,learn.apraemio.com,1,fb72f203b722,pdf,hop,pdf,3067132c3edbfb5514de22999bf1e9e02333a4ce039830f164e94dc54d5a8551,823800927-files.gitbook.io,https://823800927-files.gitbook.io/~/files/v0/b/gitbook-x-prod.appspot.com/o/spaces%2Fg0Spze29anQcAmgRP6Pr%2Fuploads%2FqxJYyUnBO6a52Cmx8TWm%2F20250717%20-%20APRA%20white%20paper%20-%20final%20-%20revised%20dates.pdf?alt=media&token=REDACTED,,,,,,,,,,,,,,,,0
OTHER,800,0,unchanged,0,MT,14/08/2025,2025-08-14,https://runonflux.com/flux-token-mica-whitepaper/,,,0,,,runonflux.com,1,50af88df372d,pdf,hop,pdf,43c907bdf29530cc36c0925b6e6d82415f6cf3d9a3036d860db57e7f04cf6a17,runonflux.com,https://runonflux.com/uploads/2025/10/FLUX-Token-MiCA-Whitepaper_V1.3_7_29_25.docx-1.pdf,,,,,,,,,,,,,,,,0
OTHER,801,0,unchanged,0,MT,20/08/2025,2025-08-20,https://docs.story.foundation/foundation/mica#mica-whitepaper,,,0,,,docs.story.foundation,1,4000db17b405,net-error,direct,net-error,,,https://docs.story.foundation/foundation/mica#mica-whitepaper,,,robots:error,,,,,,,,,,,,,0
OTHER,802,0,changed,0,MT,09/03/2025,2025-03-09,https://github.com/solayer-labs/solayer-improvement-proposal/blob/main/whitepapers/mica-whitepaper.xlsx,,,0,,,github.com,1,2292c0a115bb,html,direct,html,b841f8c8e1a89aac22de83537a582e6c1f5cf842242a5e73a2140cf83c8a6d83,github.com,https://github.com/solayer-labs/solayer-improvement-proposal/blob/main/whitepapers/mica-whitepaper.xlsx,,,,,,,,,,,,,,,,0
OTHER,803,0,unchanged,0,MT,22/09/2025,2025-09-22,https://docsend.com/view/rgsjscruiiu6v7c8,,,0,,,docsend.com,1,9b264f5c7257,http-error,direct,http-error,26a2847ac343701acd8f545bbcb848a68a29f4ffb8d132fa2d19a7123aeb443b,docsend.com,https://docsend.com/view/rgsjscruiiu6v7c8,,,,,,,,,,,,,,,,0
OTHER,804,0,changed,0,MT,12/11/2025,2025-11-12,https://docs.gobob.xyz/docs/reference/mica-whitepaper,,,0,,,docs.gobob.xyz,1,7547e69f85cb,html,client-redirect+direct,html,60fc06613955fb63299b953aaeefb095273c333cfeb79fb22007410e6b9084a7,app.notion.com,https://app.notion.com/unsupported-browser.html,,,,,,,,,,,,,,,,0
OTHER,805,0,unchanged,0,MT,16/10/2025,2025-10-16,https://store.s.technology/wp-content/uploads/2025/09/serenity-white-paper-2025-legal.pdf,,,0,,,store.s.technology,1,929570b6cd3c,pdf,direct,pdf,e181a9b9992f1e5b0766a50718153c811ad2dfef81bc78596bc921f9858b5ad4,store.s.technology,https://store.s.technology/wp-content/uploads/2025/09/serenity-white-paper-2025-legal.pdf,,,,,,,,,,,,,,,,0
OTHER,806,0,unchanged,0,MT,30/09/2025,2025-09-30,https://www.campnetwork.xyz/whitepaper,,,0,,,www.campnetwork.xyz,1,80f2a8d718a4,pdf,direct,pdf,6d371cd438c741fae6b749b41397cbcfd803846e687f16f2939080efca2789fb,www.campnetwork.xyz,https://www.campnetwork.xyz/whitepaper,,,,,,,,,,,,,,,,0
OTHER,807,0,unchanged,0,MT,08/10/2025,2025-10-08,https://www.socios.com/legal-hub/tokens/whitepapers/bar-whitepaper/en/,,,0,,,www.socios.com,1,ff9869e041fa,pdf,direct,pdf,7f25664d3f204a7334a244f32fd72b3150bdf5db77e2bac76f76f71e3ca45d1d,www.socios.com,https://www.socios.com/legal-hub/tokens/whitepapers/bar-whitepaper/en/,,,,,,,,,,,,,,,,0
OTHER,808,0,unchanged,0,MT,08/10/2025,2025-10-08,https://www.socios.com/legal-hub/tokens/whitepapers/city-whitepaper/en/,,,0,,,www.socios.com,1,814434649d0d,pdf,direct,pdf,4317bc308de4570efea7afd30d48737aee38e3ab02a24841ad0dc045f6a5c1b2,www.socios.com,https://www.socios.com/legal-hub/tokens/whitepapers/city-whitepaper/en/,,,,,,,,,,,,,,,,0
OTHER,809,0,unchanged,0,MT,14/10/2025,2025-10-14,https://token.kgen.io/KGEN%20-%20MiCA%20Whitepaper.pdf,,,0,,,token.kgen.io,1,991ece5b6e17,anti-bot,direct,anti-bot,17a006463aa428fe826702b4c5e3bb0963916450f31c13349cd6af6d5f398513,token.kgen.io,https://token.kgen.io/KGEN%20-%20MiCA%20Whitepaper.pdf,,,,,,,,,,,,,,,,0
OTHER,810,0,unchanged,0,MT,14/10/2025,2025-10-14,https://ssv.network/wp-content/uploads/2025/10/250814-SSV-Token_White-Paper_final.pdf,,,0,,,ssv.network,1,b41b2929506c,http-error,direct,http-error,493fda53120050f85836032324409be6c6484f90a0755ae0c6a673ba7626818b,ssv.network,https://ssv.network/wp-content/uploads/2025/10/250814-SSV-Token_White-Paper_final.pdf,,,,,,,,,,,,,,,,0
OTHER,811,0,unchanged,0,MT,14/10/2025,2025-10-14,https://drive.google.com/file/d/1RcXx8QenAMNA1lkmKmrPwaQm-Wv3WFNP/view,,,0,,,drive.google.com,1,6e48e6a8b8bb,html,direct,html,e5983ec3b363b47619b47a7426b9efe388a338774c6ffc5312bbcbf48a50f72f,drive.google.com,https://drive.google.com/file/d/1RcXx8QenAMNA1lkmKmrPwaQm-Wv3WFNP/view,,,,,,,,,,,,,,,,0
OTHER,812,0,unchanged,0,MT,16/10/2025,2025-10-16,https://qu.ai/wp-content/uploads/2025/08/2025.07.19-Quai-Foundation-Quai-MiCA-Whitepaper.pdf,,,0,,,qu.ai,1,6953a56919b0,http-error,direct,http-error,c37901706bad9e694355528ecb8f72ea383ecc6728b3158b3e23686a78977cd4,www.qu.ai,https://www.qu.ai/wp-content/uploads/2025/08/2025.07.19-Quai-Foundation-Quai-MiCA-Whitepaper.pdf,,,,,,,,,,,,,,,,0
OTHER,813,0,unchanged,0,MT,16/10/2025,2025-10-16,"https://drive.google.com/file/d/1mq6eqe8NKhv0mbTL3Bjw1qghzhsVZSGg/view ,",,,0,,,drive.google.com,1,6b718ab1f13c,http-error,direct,http-error,de5a9a06b9d23c86355b23bab680e438868596d1bd0f12815838956f14c18198,drive.google.com,https://drive.google.com/file/d/1mq6eqe8NKhv0mbTL3Bjw1qghzhsVZSGg/view,,,,,,,,,,,,,,,,0
OTHER,814,0,unchanged,0,MT,16/10/2025,2025-10-16,https://www.mmt.finance/micawhitepaper,,,0,,,www.mmt.finance,1,bfc85fefc5a5,http-error,direct,http-error,d0d026f3e68d28a16a9b5d284bae418ca97b84760440e3f984f93a148bbddec0,www.mmt.finance,https://www.mmt.finance/micawhitepaper,,,,,,,,,,,,,,,,0
OTHER,815,0,unchanged,0,MT,17/10/2025,2025-10-17,https://www.common.foundation/mica-whitepaper,,,0,,,www.common.foundation,1,65d54535f545,net-error,direct,net-error,,,https://www.common.foundation/mica-whitepaper,,,robots:error,,,,,,,,,,,,,0
OTHER,816,0,unchanged,0,MT,20/10/2025,2025-10-20,https://www.moonwalkfoundation.org/mf-whitepaper.pdf,,,0,,,www.moonwalkfoundation.org,1,0adec6ab8c99,pdf,direct,pdf,df041301a8fc7231181e1f14ff1bfff7a795a765542432d20685dceb5b720ff9,www.moonwalkfoundation.org,https://www.moonwalkfoundation.org/mf-whitepaper.pdf,,,,,,,,,,,,,,,,0
OTHER,817,0,unchanged,0,MT,20/10/2025,2025-10-20,https://rolling-filters.s3.us-east-1.amazonaws.com/20250912_OrbitTechnologiesLimited_Whitepaper_ATTR_MiCA_PDF.pdf,,,0,,,rolling-filters.s3.us-east-1.amazonaws.com,1,a24895b7d7a7,pdf,direct,pdf,ea9574ea6d89311bde980f9e2ed0793bdf6842333a3509915d8e6b525570d3f3,rolling-filters.s3.us-east-1.amazonaws.com,https://rolling-filters.s3.us-east-1.amazonaws.com/20250912_OrbitTechnologiesLimited_Whitepaper_ATTR_MiCA_PDF.pdf,,,,,,,,,,,,,,,,0
OTHER,818,0,unchanged,0,MT,21/10/2025,2025-10-21,https://www.socios.com/legal-hub/tokens/whitepapers/asr-whitepaper/en/,,,0,,,www.socios.com,1,e1d72ce8e808,pdf,direct,pdf,b0a77eb08abe02cb977487df837a4db53bf1e5eca0a78f19b2fa0e480953fbf4,www.socios.com,https://www.socios.com/legal-hub/tokens/whitepapers/asr-whitepaper/en/,,,,,,,,,,,,,,,,0
OTHER,819,0,unchanged,0,MT,21/10/2025,2025-10-21,https://www.socios.com/legal-hub/tokens/whitepapers/juv-whitepaper/en/,,,0,,,www.socios.com,1,2c7fe75ad259,pdf,direct,pdf,ed9395a69b470de4e6b76a2c71baaeb68146280916b349e44c79a877dff99273,www.socios.com,https://www.socios.com/legal-hub/tokens/whitepapers/juv-whitepaper/en/,,,,,,,,,,,,,,,,0
OTHER,820,0,unchanged,0,MT,21/10/2025,2025-10-21,https://www.socios.com/legal-hub/tokens/whitepapers/acm-whitepaper/en/,,,0,,,www.socios.com,1,3b312b2c0dd0,pdf,direct,pdf,37b91e308c4ee168261e928f5ea519d3b8892fa9cb1965096638656ba95d6893,www.socios.com,https://www.socios.com/legal-hub/tokens/whitepapers/acm-whitepaper/en/,,,,,,,,,,,,,,,,0
OTHER,821,0,unchanged,0,MT,21/10/2025,2025-10-21,https://www.socios.com/legal-hub/tokens/whitepapers/psg-whitepaper/en/,,,0,,,www.socios.com,1,c2d71c6413d7,pdf,direct,pdf,fd2e467144539f20840ed3f09d1d926f98bf0a1cd34b6bf1e3e8f99566068f40,www.socios.com,https://www.socios.com/legal-hub/tokens/whitepapers/psg-whitepaper/en/,,,,,,,,,,,,,,,,0
OTHER,822,0,unchanged,0,MT,21/10/2025,2025-10-21,https://www.socios.com/legal-hub/tokens/whitepapers/og-whitepaper/en/,,,0,,,www.socios.com,1,8d45c91631c5,pdf,direct,pdf,e7c630aaea620827f269df0ea48c7846da8869cad7cba44fab0b2f8ca2266f03,www.socios.com,https://www.socios.com/legal-hub/tokens/whitepapers/og-whitepaper/en/,,,,,,,,,,,,,,,,0
OTHER,823,0,unchanged,0,MT,21/10/2025,2025-10-21,https://www.socios.com/legal-hub/tokens/whitepapers/atm-whitepaper/en/,,,0,,,www.socios.com,1,265f492806c7,pdf,direct,pdf,8ce5b664d06fd9c17d90bfad0aefdbce01b337dde037641722dc2d6df6d69271,www.socios.com,https://www.socios.com/legal-hub/tokens/whitepapers/atm-whitepaper/en/,,,,,,,,,,,,,,,,0
OTHER,824,0,unchanged,0,MT,21/10/2025,2025-10-21,https://www.socios.com/legal-hub/tokens/whitepapers/spurs-whitepaper/en/,,,0,,,www.socios.com,1,d3729f67b65e,pdf,direct,pdf,00cee7a272366c6ccb04c3156d254e9a437e06c2ba053fb3b6b4cc935d30ce92,www.socios.com,https://www.socios.com/legal-hub/tokens/whitepapers/spurs-whitepaper/en/,,,,,,,,,,,,,,,,0
OTHER,825,0,unchanged,0,MT,21/10/2025,2025-10-21,https://www.socios.com/legal-hub/tokens/whitepapers/gal-whitepaper/en/,,,0,,,www.socios.com,1,b6354c20ffba,pdf,direct,pdf,2b4f65e31ddfbc10796c1ae5baf340d3dcbfa11e8ed94b957ccf8de47276408d,www.socios.com,https://www.socios.com/legal-hub/tokens/whitepapers/gal-whitepaper/en/,,,,,,,,,,,,,,,,0
OTHER,826,0,unchanged,0,MT,21/10/2025,2025-10-21,https://www.socios.com/legal-hub/tokens/whitepapers/arg-whitepaper/en/,,,0,,,www.socios.com,1,b4575f1bd6d3,pdf,direct,pdf,59eea8c9f69fc9d85570e8132968a41ac81ced7ae6bf4e4be6b75bf54420985f,www.socios.com,https://www.socios.com/legal-hub/tokens/whitepapers/arg-whitepaper/en/,,,,,,,,,,,,,,,,0
OTHER,827,0,unchanged,0,MT,21/10/2025,2025-10-21,https://www.socios.com/legal-hub/tokens/whitepapers/nap-whitepaper/en/,,,0,,,www.socios.com,1,a14b58e9ce58,pdf,direct,pdf,56d0d214158bfe3806dd9e83b241579a4fdeb2d3ab21c3636318fd98e29077ed,www.socios.com,https://www.socios.com/legal-hub/tokens/whitepapers/nap-whitepaper/en/,,,,,,,,,,,,,,,,0
OTHER,828,0,unchanged,0,MT,21/10/2025,2025-10-21,https://www.socios.com/legal-hub/tokens/whitepapers/inter-whitepaper/en/,,,0,,,www.socios.com,1,e5046d9ed9fa,pdf,direct,pdf,b68e8651b1e8bb77c9a51bf863265cc3cd354d68f3eabda596aa223b93dcc88f,www.socios.com,https://www.socios.com/legal-hub/tokens/whitepapers/inter-whitepaper/en/,,,,,,,,,,,,,,,,0
OTHER,829,0,unchanged,0,MT,21/10/2025,2025-10-21,https://www.socios.com/legal-hub/tokens/whitepapers/afc-whitepaper/en/,,,0,,,www.socios.com,1,e5ace75a5b34,pdf,direct,pdf,aa14f6b86dfee69dfaf2e2635e5dbbb566e43df6691eacc54678ba2a609be021,www.socios.com,https://www.socios.com/legal-hub/tokens/whitepapers/afc-whitepaper/en/,,,,,,,,,,,,,,,,0
OTHER,830,0,unchanged,0,MT,21/10/2025,2025-10-21,https://www.socios.com/legal-hub/tokens/whitepapers/por-whitepaper/en/,,,0,,,www.socios.com,1,bd24b593da9c,pdf,direct,pdf,c2ae22cc1e9da5947c221af26f11e4b1e07469709706ec17cc2d4021ea00b545,www.socios.com,https://www.socios.com/legal-hub/tokens/whitepapers/por-whitepaper/en/,,,,,,,,,,,,,,,,0
OTHER,831,0,unchanged,0,MT,21/10/2025,2025-10-21,https://www.socios.com/legal-hub/tokens/whitepapers/tra-whitepaper/en/,,,0,,,www.socios.com,1,5b90ec7dc71a,pdf,direct,pdf,40460b52565f7e75389171e39dc756ce62ebf14cf576f164bc2a6644a33e478c,www.socios.com,https://www.socios.com/legal-hub/tokens/whitepapers/tra-whitepaper/en/,,,,,,,,,,,,,,,,0
OTHER,832,0,unchanged,0,MT,21/10/2025,2025-10-21,https://www.socios.com/legal-hub/tokens/whitepapers/mengo-whitepaper/en/,,,0,,,www.socios.com,1,14ded400f796,pdf,direct,pdf,cd3de56b8aeeab74caddb93ab91e3953e2738cb0d16a69d106ded7740465fe91,www.socios.com,https://www.socios.com/legal-hub/tokens/whitepapers/mengo-whitepaper/en/,,,,,,,,,,,,,,,,0
OTHER,833,0,unchanged,0,MT,21/10/2025,2025-10-21,https://www.socios.com/legal-hub/tokens/whitepapers/sccp-whitepaper/en/,,,0,,,www.socios.com,1,16720ea6c368,pdf,direct,pdf,095659eb9f1ef2375d0168c2d1ffe55b3e0a61d2446206cc4e47f3cde2cc2592,www.socios.com,https://www.socios.com/legal-hub/tokens/whitepapers/sccp-whitepaper/en/,,,,,,,,,,,,,,,,0
OTHER,834,0,unchanged,0,MT,21/10/2025,2025-10-21,https://www.socios.com/legal-hub/tokens/whitepapers/goz-whitepaper/en/,,,0,,,www.socios.com,1,12c9a7c9784b,pdf,direct,pdf,d54a1702768e32c711a418c3678c3cfa8fdb15bd71212837dda90252b651d727,www.socios.com,https://www.socios.com/legal-hub/tokens/whitepapers/goz-whitepaper/en/,,,,,,,,,,,,,,,,0
OTHER,835,0,unchanged,0,MT,21/10/2025,2025-10-21,https://www.socios.com/legal-hub/tokens/whitepapers/asm-whitepaper/en/,,,0,,,www.socios.com,1,900b346dd867,pdf,direct,pdf,bd0835454cb5aefe72a1a979be868460dba6bfde8354b221cc6e9d0b5bec5f11,www.socios.com,https://www.socios.com/legal-hub/tokens/whitepapers/asm-whitepaper/en/,,,,,,,,,,,,,,,,0
OTHER,836,0,unchanged,0,MT,21/10/2025,2025-10-21,https://www.socios.com/legal-hub/tokens/whitepapers/ibfk-whitepaper/en/,,,0,,,www.socios.com,1,19a520405533,pdf,direct,pdf,75b725638d2bf99cb2580725dc9a94fc7cd54ec571bf286f3325c0586316b631,www.socios.com,https://www.socios.com/legal-hub/tokens/whitepapers/ibfk-whitepaper/en/,,,,,,,,,,,,,,,,0
OTHER,837,0,unchanged,0,MT,21/10/2025,2025-10-21,https://www.socios.com/legal-hub/tokens/whitepapers/spfc-whitepaper/en/,,,0,,,www.socios.com,1,8427ae279949,pdf,direct,pdf,bfdbd0383815ffea416bfa51d7bec341196c73aa1f7cb2a390ffde9c7cabef39,www.socios.com,https://www.socios.com/legal-hub/tokens/whitepapers/spfc-whitepaper/en/,,,,,,,,,,,,,,,,0
OTHER,838,0,unchanged,0,MT,21/10/2025,2025-10-21,https://www.socios.com/legal-hub/tokens/whitepapers/ita-whitepaper/en/,,,0,,,www.socios.com,1,4634022251b4,pdf,direct,pdf,93771e469759df91c45878b393f14bcb5dd84036636ea28cd0bbc86108500ea4,www.socios.com,https://www.socios.com/legal-hub/tokens/whitepapers/ita-whitepaper/en/,,,,,,,,,,,,,,,,0
OTHER,839,0,unchanged,0,MT,21/10/2025,2025-10-21,https://www.socios.com/legal-hub/tokens/whitepapers/efc-whitepaper/en/,,,0,,,www.socios.com,1,b365d33f3e3b,pdf,direct,pdf,8103379d27801384003fff152d2595c1dd4c7bf7d86a8b66a3e6023b6d73f264,www.socios.com,https://www.socios.com/legal-hub/tokens/whitepapers/efc-whitepaper/en/,,,,,,,,,,,,,,,,0
OTHER,840,0,unchanged,0,MT,21/10/2025,2025-10-21,https://www.socios.com/legal-hub/tokens/whitepapers/flu-whitepaper/en/,,,0,,,www.socios.com,1,41f2e0b90860,pdf,direct,pdf,23dd72f27700ee6801d6793c97e8898faa4e5d6b68e97b58b58072001c583ac0,www.socios.com,https://www.socios.com/legal-hub/tokens/whitepapers/flu-whitepaper/en/,,,,,,,,,,,,,,,,0
OTHER,841,0,unchanged,0,MT,21/10/2025,2025-10-21,https://www.socios.com/legal-hub/tokens/whitepapers/sam-whitepaper/en/,,,0,,,www.socios.com,1,e78afeffa327,pdf,direct,pdf,cf2242007962963676dec9909a4ead3a58b982f4e9bb1b7a7f1f345d597f2224,www.socios.com,https://www.socios.com/legal-hub/tokens/whitepapers/sam-whitepaper/en/,,,,,,,,,,,,,,,,0
OTHER,842,0,unchanged,0,MT,21/10/2025,2025-10-21,https://www.socios.com/legal-hub/tokens/whitepapers/vasco-whitepaper/en/,,,0,,,www.socios.com,1,710c8017979c,pdf,direct,pdf,3441c9cdf53779889fe647ecea15d32e83d13a9cca0dd7b7465d24beb26a8d8f,www.socios.com,https://www.socios.com/legal-hub/tokens/whitepapers/vasco-whitepaper/en/,,,,,,,,,,,,,,,,0
OTHER,843,0,unchanged,0,MT,21/10/2025,2025-10-21,https://www.socios.com/legal-hub/tokens/whitepapers/vcf-whitepaper/en/,,,0,,,www.socios.com,1,63c61a2e4955,pdf,direct,pdf,6c8dcd81b073de627c160ad8c381bfaec8657685275c31d70320672e763fb321,www.socios.com,https://www.socios.com/legal-hub/tokens/whitepapers/vcf-whitepaper/en/,,,,,,,,,,,,,,,,0
OTHER,844,0,unchanged,0,MT,21/10/2025,2025-10-21,https://www.socios.com/legal-hub/tokens/whitepapers/avl-whitepaper/en/,,,0,,,www.socios.com,1,31b9eb2fb652,pdf,direct,pdf,acbe2015c20ce44e5184a96c50d28bbfe4c8dc624bee8115323dd9bc9aaa9031,www.socios.com,https://www.socios.com/legal-hub/tokens/whitepapers/avl-whitepaper/en/,,,,,,,,,,,,,,,,0
OTHER,845,0,unchanged,0,MT,21/10/2025,2025-10-21,https://www.socios.com/legal-hub/tokens/whitepapers/benfica-whitepaper/en/,,,0,,,www.socios.com,1,ce428d7daf36,pdf,direct,pdf,84d14f33164ed4ab6b7bb315f5a250bb24bd7c1f6b426211e4834e1e8502e886,www.socios.com,https://www.socios.com/legal-hub/tokens/whitepapers/benfica-whitepaper/en/,,,,,,,,,,,,,,,,0
OTHER,846,0,unchanged,0,MT,21/10/2025,2025-10-21,https://www.socios.com/legal-hub/tokens/whitepapers/cpfc-whitepaper/en/,,,0,,,www.socios.com,1,aa6f2344fb00,pdf,direct,pdf,44c8685782ef944d0bcb563f043b74a82899c2ee5f18e63201b60c54594b0ded,www.socios.com,https://www.socios.com/legal-hub/tokens/whitepapers/cpfc-whitepaper/en/,,,,,,,,,,,,,,,,0
OTHER,847,0,unchanged,0,MT,21/10/2025,2025-10-21,https://www.socios.com/legal-hub/tokens/whitepapers/gfk-whitepaper/en/,,,0,,,www.socios.com,1,eb70a827c11d,pdf,direct,pdf,d289ad95f80415a41977a30de1cb68668c364ff2426a2b5bf89241e84b3706e9,www.socios.com,https://www.socios.com/legal-hub/tokens/whitepapers/gfk-whitepaper/en/,,,,,,,,,,,,,,,,0
OTHER,848,0,unchanged,0,MT,21/10/2025,2025-10-21,https://www.socios.com/legal-hub/tokens/whitepapers/tigres-whitepaper/en/,,,0,,,www.socios.com,1,9bef51230cf3,pdf,direct,pdf,7956c2b0e3deecef53289bfdc4be2e4bc7af5384772de27bb9cf4ad77d0a7a7a,www.socios.com,https://www.socios.com/legal-hub/tokens/whitepapers/tigres-whitepaper/en/,,,,,,,,,,,,,,,,0
OTHER,849,0,unchanged,0,MT,21/10/2025,2025-10-21,https://www.socios.com/legal-hub/tokens/whitepapers/chvs-whitepaper/en/,,,0,,,www.socios.com,1,ebbe49dab9ee,pdf,direct,pdf,11fb732dfb14956d2c88e419dca20a6712ea5b721b20c2efaa9e2d1ec9c296da,www.socios.com,https://www.socios.com/legal-hub/tokens/whitepapers/chvs-whitepaper/en/,,,,,,,,,,,,,,,,0
OTHER,850,0,unchanged,0,MT,21/10/2025,2025-10-21,https://www.socios.com/legal-hub/tokens/whitepapers/rso-whitepaper/en/,,,0,,,www.socios.com,1,ce18854d09bc,pdf,direct,pdf,725a2d95b394f2ce91292fa9186e121014cd9ee4d255fb77f135a3b2d2143c59,www.socios.com,https://www.socios.com/legal-hub/tokens/whitepapers/rso-whitepaper/en/,,,,,,,,,,,,,,,,0
OTHER,851,0,unchanged,0,MT,21/10/2025,2025-10-21,https://www.socios.com/legal-hub/tokens/whitepapers/verdao-whitepaper/en/,,,0,,,www.socios.com,1,7edf590ab701,pdf,direct,pdf,ba56abd5853e0e60ab0c5d207aa479487f51884abd1fe0eda3dd95614650fa36,www.socios.com,https://www.socios.com/legal-hub/tokens/whitepapers/verdao-whitepaper/en/,,,,,,,,,,,,,,,,0
OTHER,852,0,unchanged,0,MT,28/10/2025,2025-10-28,https://drive.google.com/file/d/1IxlI8I3txDaO1aCAgF4vwogiU5zJHTtT/view,,,0,,,drive.google.com,1,7e5420178acf,html,direct,html,1860de54663fe26bc3291cd3ce9dd37b7854edb57371644ec5535999842f1d11,drive.google.com,https://drive.google.com/file/d/1IxlI8I3txDaO1aCAgF4vwogiU5zJHTtT/view,,,,,,,,,,,,,,,,0
OTHER,853,0,unchanged,0,MT,28/10/2025,2025-10-28,https://mica.boundless.network/,,,0,,,mica.boundless.network,1,49f63209605c,html,direct,html,0ce3ec32148a6ed24a55b84b7ce3dd637751d843f1438a08f2cefa7fdc3eab72,mica.boundless.network,https://mica.boundless.network/,,,,,,,,,,,,,,,,0
OTHER,854,0,unchanged,0,MT,28/10/2025,2025-10-28,https://files.nexo.com/nexo-token-white-paper.pdf,,,0,,,files.nexo.com,1,91e6a13b821e,pdf,direct,pdf,5a8a6238a644fb5f7e028afbbab83a857227f2add03fb1ac0aca35d53c6c473b,files.nexo.com,https://files.nexo.com/nexo-token-white-paper.pdf,,,,,,,,,,,,,,,,0
OTHER,855,0,unchanged,0,MT,28/10/2025,2025-10-28,https://docs.bonzo.finance/hub/legal/micar-whitepaper,,,0,,,docs.bonzo.finance,1,2ac4f6d4fd54,pdf,hop,pdf,5eac3c93653886edab98f1820ad41970223b86490306cf8ffb0b99a6254663d6,3581807805-files.gitbook.io,https://3581807805-files.gitbook.io/~/files/v0/b/gitbook-x-prod.appspot.com/o/spaces%2FRfK3lCSOewdMJ6MlbF1B%2Fuploads%2FaSvZENqQu8pI21ik62jF%2F20250926_Bonzo_Whitepaper_ATTR_V1_PDF.pdf?alt=media&token=REDACTED,,,,,,,,,,,,,,,,0
OTHER,856,0,unchanged,0,MT,28/10/2025,2025-10-28,https://pengu.pudgypenguins.com/,,,0,,,pengu.pudgypenguins.com,1,76fe61b07416,net-error,direct,net-error,,,https://pengu.pudgypenguins.com/,,,robots:error,,,,,,,,,,,,,0
OTHER,857,0,changed,0,MT,11/12/2025,2025-12-11,https:/minepi.com/wp-content/uploads/2025/11/MiCA-Whitepaper-Pi-1.pdf,,,0,,,,0,,invalid-url,,invalid-url,,,,,,,,,,,,,,,,,,,0
OTHER,858,0,changed,0,MT,11/12/2025,2025-12-11,https://www.movementnetwork.xyz/micar,,,0,,,www.movementnetwork.xyz,1,cf859e2bfd6b,pdf,direct,pdf,6b82d51df41e94a18541e11ff9c284ad30002c3d17fbc666ac804957b0a319a0,www.movementnetwork.xyz,https://www.movementnetwork.xyz/micar,,,,,,,,,,,,,,,,0
OTHER,859,0,unchanged,0,MT,21/11/2025,2025-11-21,pdf.succinct.foundation,,,0,,,pdf.succinct.foundation,1,6140e13b7730,net-error,direct,net-error,,,https://pdf.succinct.foundation,,,robots:error,,,,,,,,,,,,,0
OTHER,860,0,unchanged,0,MT,21/11/2025,2025-11-21,https://www.okx.com/en-eu/learn/render-white-paper,,,0,,,www.okx.com,1,7f55bf8826f5,html,direct,html,1484cda1ea6a425a4527d9530802cfcb391f9296f3b0873ca21dab4f628fc49a,www.okx.com,https://www.okx.com/en-eu/learn/render-white-paper,,,,,,,,,,,,,,,,0
OTHER,861,0,unchanged,0,MT,21/11/2025,2025-11-21,https://www.socios.com/legal-hub/tokens/whitepapers/ALA-whitepaper/en/,,,0,,,www.socios.com,1,596c4f89b7ab,pdf,direct,pdf,3d22606c0c5cd19bc2a0527151c7baa6ef909e9f6db0659a786716a58e535af7,www.socios.com,https://www.socios.com/legal-hub/tokens/whitepapers/ALA-whitepaper/en/,,,,,,,,,,,,,,,,0
OTHER,862,0,unchanged,0,MT,21/11/2025,2025-11-21,https://www.socios.com/legal-hub/tokens/whitepapers/CAI-whitepaper/en/,,,0,,,www.socios.com,1,668bcb31de1a,pdf,direct,pdf,0481d76e2f51f34c70bb26242431d47433fbde9a35ea094aa7f31d89000e322f,www.socios.com,https://www.socios.com/legal-hub/tokens/whitepapers/CAI-whitepaper/en/,,,,,,,,,,,,,,,,0
OTHER,863,0,unchanged,0,MT,21/11/2025,2025-11-21,https://www.socios.com/legal-hub/tokens/whitepapers/FOR-whitepaper/en/,,,0,,,www.socios.com,1,28ca23659084,pdf,direct,pdf,5aac2f1759df8e4a4088e478910e4cd4b39febec7dc009bba6cf582a403ac264,www.socios.com,https://www.socios.com/legal-hub/tokens/whitepapers/FOR-whitepaper/en/,,,,,,,,,,,,,,,,0
OTHER,864,0,unchanged,0,MT,21/11/2025,2025-11-21,https://www.socios.com/legal-hub/tokens/whitepapers/GALO-whitepaper/en/,,,0,,,www.socios.com,1,435537aa8f8f,pdf,direct,pdf,b563e6ecfc0deafe6b5c3e5165c584799b7b9b79b0e8e6eb307d7aaed92e03b8,www.socios.com,https://www.socios.com/legal-hub/tokens/whitepapers/GALO-whitepaper/en/,,,,,,,,,,,,,,,,0
OTHER,865,0,unchanged,0,MT,21/11/2025,2025-11-21,https://www.socios.com/legal-hub/tokens/whitepapers/LEG-whitepaper/en/,,,0,,,www.socios.com,1,a546754e9414,pdf,direct,pdf,ed6f5fd8903b3f33a3ab13bacddee4e4ec29135cfb223ec8fa41ab7316d6db7f,www.socios.com,https://www.socios.com/legal-hub/tokens/whitepapers/LEG-whitepaper/en/,,,,,,,,,,,,,,,,0
OTHER,866,0,unchanged,0,MT,21/11/2025,2025-11-21,https://www.socios.com/legal-hub/tokens/whitepapers/STV-whitepaper/en/,,,0,,,www.socios.com,1,fbfee584de55,pdf,direct,pdf,54199c32a24f3868338b493caf7cc78fea78dfc3675ddea95b939d26435ba22e,www.socios.com,https://www.socios.com/legal-hub/tokens/whitepapers/STV-whitepaper/en/,,,,,,,,,,,,,,,,0
OTHER,867,0,unchanged,0,MT,21/11/2025,2025-11-21,https://www.socios.com/legal-hub/tokens/whitepapers/YBO-whitepaper/en/,,,0,,,www.socios.com,1,f8b37ec0a25e,pdf,direct,pdf,07afd739f91d795308b5f1bd4212117f6605c8b96fb41939bad2b1f39e51450b,www.socios.com,https://www.socios.com/legal-hub/tokens/whitepapers/YBO-whitepaper/en/,,,,,,,,,,,,,,,,0
OTHER,868,0,unchanged,0,MT,21/11/2025,2025-11-21,https://www.socios.com/legal-hub/tokens/whitepapers/TH-whitepaper/en/,,,0,,,www.socios.com,1,80982bf2bb79,pdf,direct,pdf,08bb34029b8c765d7c935e8c52958e9c1b4866f0755e3b4a5e9c63b2ae35ada1,www.socios.com,https://www.socios.com/legal-hub/tokens/whitepapers/TH-whitepaper/en/,,,,,,,,,,,,,,,,0
OTHER,869,0,unchanged,0,MT,21/11/2025,2025-11-21,https://www.socios.com/legal-hub/tokens/whitepapers/SEVILLA-whitepaper/en/,,,0,,,www.socios.com,1,c77d1009857e,pdf,direct,pdf,af063928b16c09ef3d0341b5bc9b364823279fe47bd506590f1d6c3a59703b57,www.socios.com,https://www.socios.com/legal-hub/tokens/whitepapers/SEVILLA-whitepaper/en/,,,,,,,,,,,,,,,,0
OTHER,870,0,unchanged,0,MT,21/11/2025,2025-11-21,https://www.socios.com/legal-hub/tokens/whitepapers/PFL-whitepaper/en/,,,0,,,www.socios.com,1,0489c454d92d,pdf,direct,pdf,f9362e55ea7043c62f14ea4c7e654b13c8e00dfeeb78ee3be9f57f91bf39306b,www.socios.com,https://www.socios.com/legal-hub/tokens/whitepapers/PFL-whitepaper/en/,,,,,,,,,,,,,,,,0
OTHER,871,0,unchanged,0,MT,21/11/2025,2025-11-21,https://www.socios.com/legal-hub/tokens/whitepapers/LUFC-whitepaper/en/,,,0,,,www.socios.com,1,13adb16b2f5c,pdf,direct,pdf,ae3518376cf43e00126fa8db1e8afa8cbf6850b8a5ec23d283cfcef27988f4ef,www.socios.com,https://www.socios.com/legal-hub/tokens/whitepapers/LUFC-whitepaper/en/,,,,,,,,,,,,,,,,0
OTHER,872,0,unchanged,0,MT,21/11/2025,2025-11-21,https://www.socios.com/legal-hub/tokens/whitepapers/ALL-whitepaper/en/,,,0,,,www.socios.com,1,d224bf674a04,pdf,direct,pdf,87d3e1e2838661c33df3777edef570b1c30a2726d45eb7c419551f1b8e81c364,www.socios.com,https://www.socios.com/legal-hub/tokens/whitepapers/ALL-whitepaper/en/,,,,,,,,,,,,,,,,0
OTHER,873,0,unchanged,0,MT,21/11/2025,2025-11-21,https://www.socios.com/legal-hub/tokens/whitepapers/SACI-whitepaper/en/,,,0,,,www.socios.com,1,a63accf7da29,pdf,direct,pdf,daf1be7528268f6f40db57a270ba2f824fc62116f4a741adb789bbd2ce1c72f0,www.socios.com,https://www.socios.com/legal-hub/tokens/whitepapers/SACI-whitepaper/en/,,,,,,,,,,,,,,,,0
OTHER,874,0,unchanged,0,MT,21/11/2025,2025-11-21,http://energyweb.org/documents/micawhitepaper.pdf,,,0,,,energyweb.org,1,016e1d116519,pdf,direct,pdf,c8b7226b851f43762cea6315435e573db8ae10fdb2c261e2a7b70eb3af12e019,cdn.prod.website-files.com,https://cdn.prod.website-files.com/65e5b22cf7f0480a007420fc/691c5aee20542f45bc9d7afa_EWT_MiCA_White_Paper_2025.pdf,,,,,,,,,,,,,,,,0
OTHER,875,0,unchanged,0,MT,21/11/2025,2025-11-21,https://www.okx.com/en-eu/learn/aixbt-white-paper,,,0,,,www.okx.com,1,24dc4fe72451,ixbrl-esma,hop,ixbrl-esma,cf6acfae9cee9484e49a5a1d885cce0f42de259b9b80e2a63e5645374dc96315,my.okx.com,https://my.okx.com/whitepaper/aixbt-aixbt.xhtml,1.1,1,,,okx.com,0,0,1,,,,2026-09-02,,,,0
OTHER,876,0,unchanged,0,MT,21/11/2025,2025-11-21,https://www.socios.com/legal-hub/tokens/whitepapers/persija-whitepaper/en/,,,0,,,www.socios.com,1,dbbca0edd32f,pdf,direct,pdf,eda1201175bf01b66370541ee35823bbc813019c6f321c89cbe9a574ff6aad46,www.socios.com,https://www.socios.com/legal-hub/tokens/whitepapers/persija-whitepaper/en/,,,,,,,,,,,,,,,,0
OTHER,877,0,unchanged,0,MT,22/12/2025,2025-12-22,https://winklink.org/doc/WIN-MiCA_Whitepaper.pdf,,,0,,,winklink.org,1,b9264ca899de,pdf,direct,pdf,86d8cba916024b5734c175aec834a01ebd0c7364b53344ba22a158a7249395bd,winklink.org,https://winklink.org/doc/WIN-MiCA_Whitepaper.pdf,,,,,,,,,,,,,,,,0
OTHER,878,0,unchanged,0,MT,22/12/2025,2025-12-22,https://files.gitbook.com/v0/b/gitbook-x-prod.appspot.com/o/spaces%2FR3exf7Y6dudZJ0Pn3fNK%2Fuploads%2Fzg9SkA6qItUTen4CaYj8%2F2025.10.28%20-%20HTX%20-%20MiCA%20Whitepaper.pdf?alt=media&token=5ebb19fe-5855-4077-9c55-00aff91e170f,,,0,,,files.gitbook.com,1,d86bf1ac6424,pdf,direct,pdf,24c40775eb69d9a7153d3f3b89933345fcfbfee8ac946531fe3d1b33a15663f6,files.gitbook.com,https://files.gitbook.com/v0/b/gitbook-x-prod.appspot.com/o/spaces%2FR3exf7Y6dudZJ0Pn3fNK%2Fuploads%2Fzg9SkA6qItUTen4CaYj8%2F2025.10.28%20-%20HTX%20-%20MiCA%20Whitepaper.pdf?alt=media&token=REDACTED,,,,,,,,,,,,,,,,0
OTHER,879,1,changed,0,MT,16/01/2026,2026-01-16,https://trondao.org/files/TRX-MiCA_Whitepaper.pdf,,,0,,,trondao.org,1,552849dbfe63,http-error,direct,http-error,493fda53120050f85836032324409be6c6484f90a0755ae0c6a673ba7626818b,trondao.org,https://trondao.org/files/TRX-MiCA_Whitepaper.pdf,,,,,,,,,,,,,,,,0
OTHER,880,1,changed,0,MT,16/01/2026,2026-01-16,https://sf.sun.io/sun_mica_whitepaper_2025_10_28_1.pdf,,,0,,,sf.sun.io,1,dd5f2aaf190a,pdf,direct,robots,0c84dc015bfca8a0639dd0f8a82b7569cf119774f2052584988f89dfc97f4a42,sf.sun.io,https://sf.sun.io/sun_mica_whitepaper_2025_10_28_1.pdf,,,,,,,,,,,,,,,,0
OTHER,881,0,unchanged,0,MT,22/12/2025,2025-12-22,https://steem.com/STEEM-MiCA_Whitepaper.pdf,,,0,,,steem.com,1,d7a0dd8781f2,pdf,direct,pdf,56671ac8f0e0a3800b85ba6fb155e83408402b0a9457dfddb17340f70372d5fa,steem.com,https://steem.com/STEEM-MiCA_Whitepaper.pdf,,,,,,,,,,,,,,,,0
OTHER,882,0,unchanged,0,MT,22/12/2025,2025-12-22,https://bt.io/doc/BTT-MiCA_Whitepaper.pdf,,,0,,,bt.io,1,53c40e440069,pdf,direct,pdf,ad790921eb009f5cb1585717ebf0becd52c4a0df8a9fe61b8c79ad1cd36f2636,bt.io,https://bt.io/doc/BTT-MiCA_Whitepaper.pdf,,,,,,,,,,,,,,,,0
OTHER,883,1,changed,0,MT,16/01/2026,2026-01-16,https://just.network/docs/JSTMiCAWhitepaper.pdf,,,0,,,just.network,1,495271de0241,pdf,direct,pdf,e64f933f07044535ba7286e73232dd51fc6f79b59525d2e703c8d3f0b4d7d8ec,just.network,https://just.network/docs/JSTMiCAWhitepaper.pdf,,,,,,,,,,,,,,,,0
OTHER,884,1,new,0,MT,06/01/2026,2026-01-06,https://cdn.prod.website-files.com/661ebf685168207d75d48ad9/69441dfeff6656aa0f1b9956_Axiom%20GOLF%20White%20Paper%20-%20revised%20version.pdf,,,0,,,cdn.prod.website-files.com,1,59978420e5f0,pdf,direct,robots,84b2edd48ee3168c298c76ef0443c7d390e55987afafc42ce45f4c2e5f269506,cdn.prod.website-files.com,https://cdn.prod.website-files.com/661ebf685168207d75d48ad9/69441dfeff6656aa0f1b9956_Axiom%20GOLF%20White%20Paper%20-%20revised%20version.pdf,,,,,,,,,,,,,,,,0
OTHER,885,1,new,0,MT,07/01/2026,2026-01-07,https://www.okx.com/en-eu/learn/memecoin-white-paper,,,0,CX0WF9HMH,THW1BFN8J,www.okx.com,1,6e92fc98f7fd,html,direct,html,e444f29d0a05d5c7d4a1a2ba35693ebf2343d17f1b7ac3d2ac044e68b9ed7eff,www.okx.com,https://www.okx.com/en-eu/learn/memecoin-white-paper,,,,http-error:1,,,,,,,,,,,,0
OTHER,886,1,new,0,MT,07/01/2026,2026-01-07,https://www.okx.com/en-eu/learn/illuvium-white-paper,,,0,Q6FXWGJDK,1J74CCB0S,www.okx.com,1,fdef18b84bf5,html,direct,html,cba9840ab369c9c6ae344229727f2713ba2e3b92bb4a2b5fa513ad811d34603c,www.okx.com,https://www.okx.com/en-eu/learn/illuvium-white-paper,,,,,,,,,,,,,,,,0
OTHER,887,1,new,0,MT,07/01/2026,2026-01-07,https://www.okx.com/en-eu/learn/illuvium-white-paper,,,0,Q6FXWGJDK,1J74CCB0S,www.okx.com,1,fdef18b84bf5,html,direct,html,cba9840ab369c9c6ae344229727f2713ba2e3b92bb4a2b5fa513ad811d34603c,www.okx.com,https://www.okx.com/en-eu/learn/illuvium-white-paper,,,,,,,,,,,,,,,,0
OTHER,888,1,new,0,MT,07/01/2026,2026-01-07,https://www.okx.com/learn/raydium-white-paper,,,0,BL6GMJNDW|ZVN4X2WTS,HQ7NNGC6R,www.okx.com,1,1a746baea299,html,direct,html,26f601e262ced876cdb807216f1078e4c70870c6a8b9eb8afd8b93675a55b8c5,www.okx.com,https://www.okx.com/learn/raydium-white-paper,,,,,,,,,,,,,,,,0
OTHER,889,1,new,0,MT,07/01/2026,2026-01-07,https://www.okx.com/learn/ether-fi-white-paper,,,0,9GGBS7NSH,RJTJR45MC,www.okx.com,1,f9d224b5b6f1,html,direct,html,f5f174c5664be133cc9b52407e530b63cdfb568af7ce0b5896fd22bb2c6452b9,www.okx.com,https://www.okx.com/learn/ether-fi-white-paper,,,,,,,,,,,,,,,,0
OTHER,890,1,new,0,MT,07/01/2026,2026-01-07,https://www.okx.com/learn/parcl-white-paper,,,0,355Z5DX3P,JPJ2QRH6R,www.okx.com,1,69cb9e3ddeb6,html,direct,html,093ff7e7eab0a9b61f5c61e3c924924088da3dbbe177b58afc2cfcffe43e0a25,www.okx.com,https://www.okx.com/learn/parcl-white-paper,,,,,,,,,,,,,,,,0
OTHER,891,1,new,0,MT,07/01/2026,2026-01-07,https://www.okx.com/learn/merlin-chain-white-paper,,,0,35P9H56X5,NW1M13H3L,www.okx.com,1,c3bb360d6643,html,direct,html,cd2de584032a1f717eef0ed2dd86c10721bb76aae325efab15f65143a11db3c9,www.okx.com,https://www.okx.com/learn/merlin-chain-white-paper,,,,,,,,,,,,,,,,0
OTHER,892,1,new,0,MT,07/01/2026,2026-01-07,https://www.okx.com/learn/pixels-white-paper,,,0,25K78MWWR,5HPLWBHDP,www.okx.com,1,c855c0f779d9,html,direct,html,090336993e4073dd02602d0ae0d1bd7675d0b6f49f756e1ad35e6761fbc3a774,www.okx.com,https://www.okx.com/learn/pixels-white-paper,,,,,,,,,,,,,,,,0
OTHER,893,1,new,0,MT,07/01/2026,2026-01-07,https://www.okx.com/learn/safe-white-paper,,,0,VQQNZSQ1H,GLNXBZWH5,www.okx.com,1,0753439aa05d,html,direct,html,19fd8b841fa43ae1edccea69f45977b6e3e0a95a87e2e9e292665f49f523d2fe,www.okx.com,https://www.okx.com/learn/safe-white-paper,,,,,,,,,,,,,,,,0
OTHER,894,1,new,0,MT,07/01/2026,2026-01-07,https://www.okx.com/learn/degen-white-paper,,,0,77QNGTQ95,253CXJJ4H,www.okx.com,1,6d9e7a3080c1,html,direct,html,0e173d5ebc7bd3a9d26d0a183a1926124db57c26a851df6dbb66595d038cea18,www.okx.com,https://www.okx.com/learn/degen-white-paper,,,,,,,,,,,,,,,,0
OTHER,895,1,new,0,MT,07/01/2026,2026-01-07,https://www.okx.com/learn/banana-gun-white-paper,,,0,V4X8PQ8FF,5WZXL33SN,www.okx.com,1,57ebd0ba169b,html,direct,html,66afc691055b891ad99870e8e868e4cbf1ba39bbe9e80dfbab4528574148ff07,www.okx.com,https://www.okx.com/learn/banana-gun-white-paper,,,,,,,,,,,,,,,,0
OTHER,896,1,new,0,MT,07/01/2026,2026-01-07,https://www.okx.com/learn/berachain-white-paper,,,0,C75S6N2RJ,L7XQXLN44,www.okx.com,1,781e95e70199,html,direct,html,aef3e95dcc9b16c5200f10aa535592a2d44a7025901fe090008653e607556115,www.okx.com,https://www.okx.com/learn/berachain-white-paper,,,,,,,,,,,,,,,,0
OTHER,897,1,new,0,MT,07/01/2026,2026-01-07,https://www.okx.com/learn/world-liberty-financial-white-paper,,,0,H50D9HB3K|J75VP8MPH|ZLZ08WV6N,3XVWCVFSX,www.okx.com,1,c344adcc67b1,html,direct,html,e52357d919e430273b4a4a7b3eb600d91675dbdc4ec3d324571f13efa488ad01,www.okx.com,https://www.okx.com/learn/world-liberty-financial-white-paper,,,,,,,,,,,,,,,,0
OTHER,898,1,new,0,MT,07/01/2026,2026-01-07,https://www.okx.com/learn/doodles-white-paper,,,0,K9LQNXSP1,KF6RX3LR1,www.okx.com,1,6f9dfbcac5d8,html,direct,html,2e9d04b2b8b9a094d7daf8a7cd257abd29c622112192858a48bc3e11919deb91,www.okx.com,https://www.okx.com/learn/doodles-white-paper,,,,,,,,,,,,,,,,0
OTHER,899,1,new,0,MT,07/01/2026,2026-01-07,https://www.okx.com/learn/virtuals-protocol-white-paper,,,0,4MRQJ9KZX|FPRDP6XFW|N8DL4NDHC,7WMBV0R29,www.okx.com,1,44adff2680e4,html,direct,html,00ea41bf1a1364770faa76d13a89faf50df4bfb4d187175b53ca92211288d9ee,www.okx.com,https://www.okx.com/learn/virtuals-protocol-white-paper,,,,,,,,,,,,,,,,0
OTHER,900,1,new,0,MT,07/01/2026,2026-01-07,https://www.okx.com/learn/hyperliquid-white-paper,,,0,80W43TV26,HLTPNVXN0,www.okx.com,1,c4102933bda6,html,direct,html,7cb44ecb38cf99251f1f4ccf21abde041be705a7e758c145c2af65a83012c299,www.okx.com,https://www.okx.com/learn/hyperliquid-white-paper,,,,,,,,,,,,,,,,0
OTHER,901,1,new,0,MT,07/01/2026,2026-01-07,https://www.okx.com/learn/worldcoin-white-paper,,,0,2CTQDCXM4,BJD0TZ8V1,www.okx.com,1,4adfdae165f9,html,direct,html,e1a3204dacd8efaea2282999d57bee33761a00e2bcc11a3bf69df3537b26b2c3,www.okx.com,https://www.okx.com/learn/worldcoin-white-paper,,,,,,,,,,,,,,,,0
OTHER,902,1,new,0,MT,07/01/2026,2026-01-07,https://www.okx.com/learn/apecoin-white-paper,,,0,55K9KLJ40|LLV8HGVBS,7WKVRWPNR,www.okx.com,1,5afc5ba68da5,html,direct,html,5ae6093d783ee9a9ebc0130bde4bd0d7a916246fbf7ab9a24ed6c480367d261f,www.okx.com,https://www.okx.com/learn/apecoin-white-paper,,,,,,,,,,,,,,,,0
OTHER,903,1,new,0,MT,07/01/2026,2026-01-07,https://www.okx.com/learn/gala-white-paper,,,0,J64P5J1LV|M7C8L07RX,XS363HTZB,www.okx.com,1,187f8c55a77f,html,direct,html,02ff20987d3fa7e7d9746ff9090214334b3a1422a906af8b5353b2edab2b1f25,www.okx.com,https://www.okx.com/learn/gala-white-paper,,,,,,,,,,,,,,,,0
OTHER,904,1,new,0,MT,07/01/2026,2026-01-07,https://www.okx.com/learn/resolv-white-paper,,,0,,,www.okx.com,1,2f1ad9abc67e,html,direct,html,a985987ad4ee75ca688347111a7247194e7bea807f667c54433dcd00c35b3e0c,www.okx.com,https://www.okx.com/learn/resolv-white-paper,,,,,,,,,,,,,,,,0
OTHER,905,1,new,0,MT,07/01/2026,2026-01-07,https://www.okx.com/learn/official-trump-white-paper,,,0,3R313RR9C,LJDPGNXXK,www.okx.com,1,129e29fc0cd3,html,direct,html,b9cf5957f60d6972edc5bd067cc1ea17f7440aacf1d6dd8c5a7d061fd597b06a,www.okx.com,https://www.okx.com/learn/official-trump-white-paper,,,,,,,,,,,,,,,,0
OTHER,906,1,new,0,MT,07/01/2026,2026-01-07,https://www.okx.com/learn/bio-protocol-white-paper,,,0,7X0W2C94Z|H0TL06GPZ|MFT7HMS7F,TBR0XDRN8,www.okx.com,1,01284c60cc99,html,direct,html,a08b419a9ccb57c3f5ebc7273ea768a365c1d6e4844e0182610b34db7639bde6,www.okx.com,https://www.okx.com/learn/bio-protocol-white-paper,,,,,,,,,,,,,,,,0
OTHER,907,1,new,0,MT,07/01/2026,2026-01-07,https://www.okx.com/learn/wayfinder-white-paper,,,0,3D68L1J0X|RM94CQH5S,3DFF12GSV,www.okx.com,1,a4baa3d8f48e,html,direct,html,9b3df07c8fb754d3864bffaa3f73444776bd64e6bcbe9961583cc37b52fce0f0,www.okx.com,https://www.okx.com/learn/wayfinder-white-paper,,,,,,,,,,,,,,,,0
OTHER,908,1,new,0,MT,07/01/2026,2026-01-07,https://www.okx.com/learn/allora-white-paper,,,0,,,www.okx.com,1,bb34e639a6a8,html,direct,html,af2cfbf3a896e874e539138de078abace89823e2929db32267c5d9abc06b1d3d,www.okx.com,https://www.okx.com/learn/allora-white-paper,,,,,,,,,,,,,,,,0
OTHER,909,1,new,0,MT,07/01/2026,2026-01-07,https://www.okx.com/learn/sei-white-paper,,,0,P4JBC8R50,XCDVP53WR,www.okx.com,1,7030225fa050,html,direct,html,e41d1680afe86606c0111dd5dfbd3ef56d4dc6a35d47d61c6011546941058e22,www.okx.com,https://www.okx.com/learn/sei-white-paper,,,,,,,,,,,,,,,,0
OTHER,910,1,new,0,MT,07/04/2026,2026-04-07,https://storage.googleapis.com/exponential-science-project1.appspot.com/IXBRL/BSV-iXBRL-WP-CORR-V2/BSV-WP-viewer.xhtml#,,,0,2L8HS2MNP,CCCWM2C2N,storage.googleapis.com,1,710ad5f15b96,ixbrl-esma,direct,ixbrl-esma,8ef087d9bc525f45c022689ed376080f74dc0c44768b0dbc187ef0f1ab439bf1,storage.googleapis.com,https://storage.googleapis.com/exponential-science-project1.appspot.com/IXBRL/BSV-iXBRL-WP-CORR-V2/BSV-WP-viewer.xhtml#,1.1,1,,,googleapis.com,1,1,1,,1,1,2026-02-18,984500CEB5773O38LE40,,ISSUED/ACTIVE,0
OTHER,911,1,new,0,MT,16/01/2026,2026-01-16,https://741543836-files.gitbook.io/~/files/v0/b/gitbook-x-prod.appspot.com/o/spaces%2FDGxGrFuaWUFzMv9IjZMP%2Fuploads%2Fm9ds89xUVNdbsOYr76pd%2FKamino%20Finance%20-%20MiCA%20Whitepaper.pdf?alt=media&token=0ded2ae9-af5d-4670-8bfc-3a6ad4e078a7,,,0,,,741543836-files.gitbook.io,1,ff17f54bdfef,pdf,direct,robots,386308d21a2cba4f9019a225bd732eeb5bd52de8198d1c98bfec4cfbb7c9a292,741543836-files.gitbook.io,https://741543836-files.gitbook.io/~/files/v0/b/gitbook-x-prod.appspot.com/o/spaces%2FDGxGrFuaWUFzMv9IjZMP%2Fuploads%2Fm9ds89xUVNdbsOYr76pd%2FKamino%20Finance%20-%20MiCA%20Whitepaper.pdf?alt=media&token=REDACTED,,,,,,,,,,,,,,,,0
OTHER,912,1,new,0,MT,03/02/2026,2026-02-03,https://infrared.finance/MiCAWhitepaper.pdf,,,0,,,infrared.finance,1,592571efe4ed,pdf,direct,pdf,3b5bc293a0faa0fff009da004fb98dc04cd9a2792425b8a6cf3c5b79fc50a804,infrared.finance,https://infrared.finance/MiCAWhitepaper.pdf,,,,,,,,,,,,,,,,0
OTHER,913,1,new,0,MT,03/02/2026,2026-02-03,https://assets.fabric.foundation/whitepaper/micawhitepaper.pdf,,,0,LTQ1VLH1X,,assets.fabric.foundation,1,448a0a237f25,net-error,direct,robots,,,https://assets.fabric.foundation/whitepaper/micawhitepaper.pdf,,,robots:error,,,,,,,,,,,,,0
OTHER,914,1,new,0,MT,13/05/2026,2026-05-13,https://www.okx.com/en-eu/learn/okb-white-paper,,,0,605NMSTKP,ZFHMD8JNR,www.okx.com,1,b3c734b6c71b,http-error,direct,http-error,ca766d93cc4201b8a94cbf26e57df68a2db9bcfbd0bda3a36b174f04c590d08e,www.okx.com,https://www.okx.com/en-eu/learn/okb-white-paper,,,,,,,,,,,,,,,,0
OTHER,915,1,changed,0,MT,20/02/2026,2026-02-20,https://www.megaeth.com/,,,0,1BD7PFVBR,,www.megaeth.com,1,deb9fadab2da,pdf,hop,pdf,38cc2ea0193476c5b327f54a932e9ed7f66d5edd9cc9cf7ba86d15b582033094,static.megaeth.com,https://static.megaeth.com/Revisiting%20The%20World%20Computer.pdf,,,,,,,,,,,,,,,,0
OTHER,916,1,new,0,MT,23/02/2026,2026-02-23,https://layerdrone.org/MiCA,,,0,CTN8VQZQ1,6PM4VCV3K,layerdrone.org,1,e0dcea439c57,http-error,direct,http-error,4c004284357fde9a6407b262a8a1c09127de5e9f5e3b1c25b5215ab0ca762855,layerdrone.org,https://layerdrone.org/MiCA,,,,,,,,,,,,,,,,0
OTHER,917,1,new,0,MT,23/02/2026,2026-02-23,https://alliance.foundation/MICAWhitepaper,,,0,KBFZV1HKK|W9T0LXCDN,KH367PDGM,alliance.foundation,1,0ca115634181,net-error,direct,net-error,,,https://alliance.foundation/MICAWhitepaper,,,robots:error,,,,,,,,,,,,,0
OTHER,918,1,new,0,MT,20/02/2026,2026-02-20,https://cdn.fluentfoundation.xyz/whitepaper.pdf,,,0,9JDRM54GC,GNL7G95JR,cdn.fluentfoundation.xyz,1,83f629748294,http-error,direct,robots,a824bc7739e226e1b40ea0f8c4e4f4c6f796fc3b4abfa6e9abe3bd119a30d938,cdn.fluentfoundation.xyz,https://cdn.fluentfoundation.xyz/whitepaper.pdf,,,,,,,,,,,,,,,,0
OTHER,919,1,new,0,MT,13/03/2026,2026-03-13,https://arbittechnologyltd.com/wp-content/uploads/2026/03/20260313_arbittechnologyltd_ABTKwhitepaper_V5.xhtml,,,0,GGT84X845,FN6B2C8M1,arbittechnologyltd.com,1,335d0d31ebc4,ixbrl-esma,direct,ixbrl-esma,054bb8218e457564f96600ff895948e74d578d55723d920ae9ae810377d50c2e,arbittechnologyltd.com,https://arbittechnologyltd.com/wp-content/uploads/2026/03/20260313_arbittechnologyltd_ABTKwhitepaper_V5.xhtml,1.1,1,,,arbittechnologyltd.com,0,1,1,,1,1,2026-03-13,984500AAD91I4AY63E47,,ISSUED/ACTIVE,0
OTHER,920,1,new,0,MT,27/03/2026,2026-03-27,https://www.socios.com/legal-hub/tokens/whitepapers/persija-whitepaper/en/xbrl,,,0,QV5SZ9T65,92S9VDWP8,www.socios.com,1,e3ae13223665,ixbrl-esma,direct,ixbrl-esma,19fd47051db8b44bd5afb23949773ac488dbf87040dc36496edadb9def074af5,www.socios.com,https://www.socios.com/legal-hub/tokens/whitepapers/persija-whitepaper/en/xbrl/,1.1,1,,,socios.com,0,1,1,,1,1,2026-03-20,984500B6F8407AE38911,,ISSUED/ACTIVE,0
OTHER,921,1,new,0,MT,15/04/2026,2026-04-15,https://kinetiq.xyz/legal/mica-whitepaper,,,0,ZFDNRDRL9,4F332B2CD,kinetiq.xyz,1,fe22905843ba,zip-other,hop,zip-other,a671512851e0d6e8568800268b607fa598671a54b33dd5d706bf377d334f0384,kinetiq.xyz,https://kinetiq.xyz/legal/mica-whitepaper/KNTQ_MICAWP_OTHR_2026_05_11.zip,,,,,,,,,,,,,,,,0
OTHER,922,1,new,0,MT,29/04/2026,2026-04-29,https://www.socios.com/legal-hub/tokens/whitepapers/sfa-whitepaper/en/v1.0/xbrl,,,0,6R36MG88V,B3KJ03GT3,www.socios.com,1,60d2638ed3dd,ixbrl-esma,direct,ixbrl-esma,112964a5a85d8956f0c698c8228def97ebc4fdcbf4dc44323fe51bdf6e48856c,www.socios.com,https://www.socios.com/legal-hub/tokens/whitepapers/sfa-whitepaper/en/v1.0/xbrl/,1.1,1,,,socios.com,0,1,1,,1,1,2026-04-20,984500B6F8407AE38911,,ISSUED/ACTIVE,0
OTHER,923,1,new,0,MT,29/04/2026,2026-04-29,https://www.socios.com/legal-hub/tokens/whitepapers/safa-whitepaper/en/v1.0/xbrl,,,0,81KLHJNF2,G1HFG9KLK,www.socios.com,1,30d50349ed65,ixbrl-esma,direct,ixbrl-esma,91f2cdb1e16a8aae0c233f72a633878a4b321ec48dadef728b1dce18e4d3d221,www.socios.com,https://www.socios.com/legal-hub/tokens/whitepapers/safa-whitepaper/en/v1.0/xbrl/,1.1,1,,,socios.com,0,1,1,,1,1,2026-04-20,984500B6F8407AE38911,,ISSUED/ACTIVE,0
OTHER,924,1,new,0,MT,13/05/2026,2026-05-13,https://www.socios.com/legal-hub/whitepaper/belg-whitepaper/,,,0,W4D7PX34C,Q1WC0S9JD,www.socios.com,1,57fce4a96a00,ixbrl-esma,hop,ixbrl-esma,a36d468c4785168435054c569b5dd0903d9f0d1209de568986e22ddadf4e869a,www.socios.com,https://www.socios.com/legal-hub/tokens/whitepapers/belg-whitepaper/en/v1.0/xbrl/,1.1,1,,,socios.com,0,0,1,,1,1,2026-05-04,,,,0
OTHER,925,1,new,0,MT,14/05/2026,2026-05-14,https://www.socios.com/legal-hub/whitepaper/spain-whitepaper/,,,0,DL5TKK6QM,HPX1RCL7J,www.socios.com,1,e2f6eaa118af,ixbrl-esma,hop,ixbrl-esma,8bb7f969408fd5b84690abe3f17b45fef9d3bb10b3e760812bf07e8f896c8c64,www.socios.com,https://www.socios.com/legal-hub/tokens/whitepapers/spain-whitepaper/en/v1.0/xbrl/,1.1,1,,,socios.com,0,0,1,,1,1,2026-05-04,,,,0
OTHER,926,1,new,0,MT,15/05/2026,2026-05-15,https://my.okx.com/whitepaper/grass-grass.xhtml,,,0,LDQ7G0HM4,MNCR2MKHP,my.okx.com,1,f99823f0f7f9,ixbrl-esma,direct,ixbrl-esma,a95fad3b57c03c6df8cb33ccdffaabf4c0d62a741a03da03f08d0a0f0cc2037f,my.okx.com,https://my.okx.com/whitepaper/grass-grass.xhtml,,0,,,okx.com,0,1,1,,1,1,2026-04-28,,,,0
OTHER,927,1,new,0,MT,03/06/2026,2026-06-03,https://squidrouter.com/MICAWhitepaper,,,0,H949LTL82|LFQR851TB,B96JHLG3J,squidrouter.com,1,02b02fb17cb3,ixbrl-esma,direct,ixbrl-esma,f19a14a29348b5f53297fc62a44f4b9a6d76e17cfc2c4e701966827d83ba4671,www.squidrouter.com,https://www.squidrouter.com/MICAWhitepaper,1.1,1,,,squidrouter.com,0,1,1,,1,1,2026-05-29,98450047F38Y0DCC7514,,ISSUED/ACTIVE,0
OTHER,928,1,new,0,MT,11/06/2026,2026-06-11,https://mezo.org/docs/MEZO_MiCA_whitepaper,,,0,XBDR8Q5QM,XBDR8Q5QM,mezo.org,1,fb1465541a06,http-error,direct,http-error,5d7c265f79731263a5717b9e7dc06771bda5e23f4e5dc2406ae2eeab7075bd0a,mezo.org,https://mezo.org/docs/MEZO_MiCA_whitepaper,,,,,,,,,,,,,,,,0
OTHER,929,1,new,0,MT,16/06/2026,2026-06-16,https://storage.googleapis.com/exponential-science-project1.appspot.com/IXBRL/ZCHF%20-%2029-05-2026/ZCHF-viewer.xhtml,,,0,1GS8GZGXV,2R50HSCVB,storage.googleapis.com,1,f5454749f6c8,ixbrl-esma,direct,ixbrl-esma,5d52d78a1a119b1f4adc25ab3398828847a40591fddb9dc9bae14a07ff763a65,storage.googleapis.com,https://storage.googleapis.com/exponential-science-project1.appspot.com/IXBRL/ZCHF%20-%2029-05-2026/ZCHF-viewer.xhtml,1.1,1,,,googleapis.com,1,1,1,,1,1,2026-05-29,984500CEB5773O38LE40,,ISSUED/ACTIVE,0
OTHER,930,1,new,0,MT,25/06/2026,2026-06-25,https://www.sellbuyplay.com/white-paper.xhtml,,,0,RBGLH13DH,RP7PWJZQ5,www.sellbuyplay.com,1,6feba5efb63e,ixbrl-esma,direct,ixbrl-esma,a18cf3acc5acce1645e22f68b80dd181c30e981bfd60b78bba37755b76347984,www.sellbuyplay.com,https://www.sellbuyplay.com/white-paper.xhtml,1.1,1,,,sellbuyplay.com,0,1,1,,1,1,2026-06-17,98450060CB3A9D6A0Q72,,ISSUED/ACTIVE,0
OTHER,931,1,new,0,MT,08/07/2026,2026-07-08,https://my.okx.com/whitepaper/based-based.xhtml,,,0,713C8WJPM|Q3H99491J|WSNQSD82H,Q2537P85K,my.okx.com,1,d25eff75a413,ixbrl-esma,direct,ixbrl-esma,09c1781c5876e382bb1a3258efcb3a97d9fc22fba36cb5d8920a341d944b9a3f,my.okx.com,https://my.okx.com/whitepaper/based-based.xhtml,,0,,,okx.com,0,0,1,,1,1,2026-06-19,,,,0
OTHER,932,1,new,0,MT,08/07/2026,2026-07-08,https://www.seda.xyz/whitepaper,,,0,JM711P4L2,KWWTM5J5T,www.seda.xyz,1,b7a2054d3bbd,ixbrl-esma,direct,ixbrl-esma,7055dc45824ac1340d1f56787f0e652e72817556d38561c45851ef351428baad,www.seda.xyz,https://www.seda.xyz/whitepaper,1.1,1,,,seda.xyz,0,0,0,,,,,,,,0
OTHER,933,1,new,0,MT,13/07/2026,2026-07-13,https://my.okx.com/whitepaper/bittensor-tao.xhtml,,,0,LBQFC0FVK,6N7FD6DBX,my.okx.com,1,19f6ba24b298,ixbrl-esma,direct,ixbrl-esma,5969def54fcdcf662b16b9a80240d188c174e2a1e19337f04a126e6ebe5f0498,my.okx.com,https://my.okx.com/whitepaper/bittensor-tao.xhtml,1.1,1,,,okx.com,0,0,1,,1,1,2026-06-29,,,,0
OTHER,934,1,new,0,MT,24/07/2026,2026-07-24,https://files.dgld.ch/dgld-white-paper.pdf,,,0,ZVPCTQWQT,FKNJRHHWQ,files.dgld.ch,1,3c6f42731bb7,pdf,direct,pdf,21db08e62b03b7778902dc880e3dd13fce3267ec697692634e9aea1e8003b634,files.dgld.ch,https://files.dgld.ch/dgld-white-paper.pdf,,,,,,,,,,,,,,,,0
OTHER,935,1,new,0,MT,12/08/2026,2026-08-12,https://www.midnight.gd/night-mica-white-paper,,,0,7RDLF2HF6,3XKBBLRKC,www.midnight.gd,1,9fd162f1ce4c,http-error,direct,http-error,687b4e9ee39a3aaef0e3d32dbe3a320020b9c04fb11b9160f9211afa21e63235,www.midnight.gd,https://www.midnight.gd/night-mica-white-paper,,,,,,,,,,,,,,,,0
OTHER,936,1,new,0,MT,12/08/2026,2026-08-12,https://api.s.technology/wp-content/uploads/2026/08/WhitePaper-RWS-Token_v8.xhtml,,,0,F759V559X,Q43DT3QLV,api.s.technology,1,e59d3f207c03,robots,direct,robots,,,,,,robots:disallowed,,,,,,,,,,,,,0
OTHER,937,1,new,0,MT,27/08/2026,2026-08-27,https://sbarter.com/whitepaper/SBT-viewer.xhtml,,,0,9807B4GJ4,QKM436BPX,sbarter.com,1,a955bbb205d8,ixbrl-esma,direct,ixbrl-esma,26006244e3f9f40775833bbb5e40d82d16c2894f3744c1f04559774e6a53c4c8,sbarter.com,https://sbarter.com/whitepaper/SBT-viewer.xhtml,1.1,1,,,sbarter.com,0,1,1,,1,1,2026-08-18,984500947BA6N54CE210,,ISSUED/ACTIVE,0
OTHER,938,1,new,0,MT,27/08/2026,2026-08-27,https://www.korprotocol.io/mica,,,0,XPZVV3NDT,LL5HTKTB5,www.korprotocol.io,1,4415ef3e853a,html,direct,html,bae5c24cd059c5d6e4f43097619b7ecc1e4fd66fae53d35086537dcec26658e2,www.korprotocol.io,https://www.korprotocol.io/mica,,,,,,,,,,,,,,,,0
OTHER,939,1,new,0,MT,11/09/2026,2026-09-11,https://my.okx.com/whitepaper/lighter-lit.xhtml,,,0,DSZ0J72T7,W0746TPZW,my.okx.com,1,9f295ba1624d,http-error,direct,http-error,06db8ffa95bc0cece1091fede34d4cfbf3ba87af240603d5ee3eb1d69b9406eb,my.okx.com,https://my.okx.com/whitepaper/lighter-lit.xhtml,,,,,,,,,,,,,,,,0
OTHER,940,1,new,0,MT,15/09/2026,2026-09-15,https://www.socios.com/legal-hub/whitepaper/dojo-whitepaper/,,,0,LN2X51JZW,1QKPM2558,www.socios.com,1,517fe86f609d,ixbrl-esma,hop,ixbrl-esma,07be2eb84b8fc0bf7bbb619687591f86bd44da7ca0b014fbad5cbe99f9c3b136,www.socios.com,https://www.socios.com/legal-hub/tokens/whitepapers/dojo-whitepaper/en/v2.0/xbrl/,1.1,1,,,socios.com,0,1,1,,1,1,2026-09-01,984500B6F8407AE38911,,ISSUED/ACTIVE,0
OTHER,941,1,new,0,MT,16/09/2026,2026-09-16,https://www.socios.com/legal-hub/whitepaper/om-whitepaper/,,,0,2MR8CFBFR,J1Q1XL4MM,www.socios.com,1,d8f726b9c3cf,http-error,direct,http-error,3594f816f4590ed2d0cb6e899c88b8060c531483b8a3a2811a26d85f40f820ae,www.socios.com,https://www.socios.com/404,,,,,,,,,,,,,,,,0
OTHER,942,1,new,0,MT,16/09/2026,2026-09-16,https://storage.googleapis.com/exponential-science-project1.appspot.com/IXBRL/STONKBROKER%20-%2009-09-2026/STONKBROKER-viewer.xhtml,,,0,PS4V5L9XQ,WJ4T4F79V,storage.googleapis.com,1,24fedcc30dba,ixbrl-esma,direct,ixbrl-esma,e2edbe1309fd004704f40f4e565a3c98bbfbd777c641635328b2f173cd8a596a,storage.googleapis.com,https://storage.googleapis.com/exponential-science-project1.appspot.com/IXBRL/STONKBROKER%20-%2009-09-2026/STONKBROKER-viewer.xhtml,1.1,1,,,googleapis.com,1,1,1,,1,1,2026-09-09,984500CEB5773O38LE40,,ISSUED/ACTIVE,0
OTHER,943,1,new,0,MT,28/09/2026,2026-09-28,https://www.socios.com/legal-hub/whitepaper/pmo-whitepaper/,,,0,VGFHN629R,6BMQVXWRQ,www.socios.com,1,d76f6dd763cf,http-error,direct,http-error,a5ad1a931c187d402d8ecaf034a36d9827310885d62cc52e0afa8414feb80697,www.socios.com,https://www.socios.com/404,,,,,,,,,,,,,,,,0
OTHER,944,0,unchanged,0,NL,17/06/2025,2025-06-17,https://zentry.com/micar_whitepaper,,,0,,,zentry.com,1,23e132c1ffc6,html,direct,html,a47392c992dac4c217405ee4a4dc786e6a46fb46e9e9f5d8c1a6f11ee15cb668,zentry.com,https://zentry.com/micar_whitepaper,,,,,,,,,,,,,,,,0
OTHER,945,1,new,0,NL,30/06/2026,2026-06-30,https://729569225-files.gitbook.io/~/files/v0/b/gitbook-x-prod.appspot.com/o/spaces%2FlcdCcIXgWo7dKoZEUxKp%2Fuploads%2FbXb5p6C0Ytry8qM7L2CU%2F2026-06-30-White-paper-Avalon-Labs-FFG-TMW71HLQL.pdf?alt=media&token=853bd5f0-4d1a-4764-bb58-dc4bb88c70af,636700MOFSN3S2CJ5G05,,0,C6H8NF8WP|R6H75ZTXK,TMW71HLQL,729569225-files.gitbook.io,1,b073569587c2,pdf,direct,robots,cdacb7385caa6fa8ee4206e8958a9e1fc3afe3c2d0706350aaf95198fd6d7221,729569225-files.gitbook.io,https://729569225-files.gitbook.io/~/files/v0/b/gitbook-x-prod.appspot.com/o/spaces%2FlcdCcIXgWo7dKoZEUxKp%2Fuploads%2FbXb5p6C0Ytry8qM7L2CU%2F2026-06-30-White-paper-Avalon-Labs-FFG-TMW71HLQL.pdf?alt=media&token=REDACTED,,,,,,,,,,,,,,ISSUED/ACTIVE,,0
OTHER,946,0,unchanged,0,NL,24/06/2025,2025-06-24,https://static.moca.foundation/mica_whitepaper.pdf,,,0,,,static.moca.foundation,1,d274b66e4feb,net-error,direct,net-error,,,https://static.moca.foundation/mica_whitepaper.pdf,,,robots:error,,,,,,,,,,,,,0
OTHER,947,0,unchanged,0,NL,23/06/2025,2025-06-23,http://www.verticalstudio.ai/whitepaper,,,0,,,www.verticalstudio.ai,1,bc78a50a586c,anti-bot,direct,anti-bot,4c698e9e9131571073cc39d098e7aaed23166d7d14902a6feb0f603c9bd23641,verticalstudio.ai,https://verticalstudio.ai/whitepaper,,,,,,,,,,,,,,,,0
OTHER,948,0,unchanged,0,NL,13/06/2025,2025-06-13,https://docs.treehouse.finance/protocol/legal/micar-whitepaper,,,0,,,docs.treehouse.finance,1,13cffa272994,pdf,hop,pdf,f6003867add93623fb220fb393163707a57eaa0bb53e12fa86c40ce946506354,612987785-files.gitbook.io,https://612987785-files.gitbook.io/~/files/v0/b/gitbook-x-prod.appspot.com/o/spaces%2Fk2ACcq4mcZ10BZJwIqAl%2Fuploads%2FVm1DdshGHFxGP8bvOPaK%2FTreehouse%20-%20TREE%20MiCAR%20White%20Paper.pdf?alt=media&token=REDACTED,,,,,,,,,,,,,,,,0
OTHER,949,0,unchanged,0,NL,05/06/2025,2025-06-05,https://sign.global/v2_Sign_SIGN_MiCA_Whitepaper.pdf,,,0,,,sign.global,1,ddbf99b02eb3,html,direct,html,7ef720516e4844ee69a05a963083f12898d7dd41f948d10139035d1fc1d31c13,sign.global,https://sign.global/v2_Sign_SIGN_MiCA_Whitepaper.pdf,,,,,,,,,,,,,,,,0
OTHER,950,0,unchanged,0,NL,30/06/2025,2025-06-30,https://www.xterio.foundation/,,,0,,,www.xterio.foundation,1,d7675132e759,pdf,hop,pdf,a9f4d77d372accc19a3318aec25fd7a888a5add878f6ad5b3184131bc41abab3,assets.teepublic.com,https://assets.teepublic.com/assets/pdfs/designing-for-dtg-061ba741bd403ab1a5d84d0ed3ce584bae150e47068f0a275f72e64e8b577189.pdf,,,,,,,,,,,,,,,,0
OTHER,951,0,rekeyed,0,NL,11/08/2025,2025-08-11,https://cdn.humanity.org/Humanity_Reserve_white_Paper.html,,,0,,,cdn.humanity.org,1,03038d6f1c9a,xhtml-no-ixbrl,direct,xhtml-no-ixbrl,f558f2c32f395a2437de4ba1a268cff11d4094c3e595821dc66ce4251bc83295,cdn.humanity.org,https://cdn.humanity.org/Humanity_Reserve_white_Paper.html,,,,,,,,,,,,,,,,0
OTHER,952,0,unchanged,0,NL,09/07/2025,2025-07-09,https://docs.google.com/document/d/1ld94unNA1UQ9j9xuFGvv-AP1Mba4FADDzzN74qoA44w/edit?usp=drivesdk,,,0,,,docs.google.com,1,78fde7e050b0,html,direct,html,24228e0d36dd9c7cc269ae7c2d293ef26e0109e23bedd5d8dbae41711e913e12,docs.google.com,https://docs.google.com/document/d/1ld94unNA1UQ9j9xuFGvv-AP1Mba4FADDzzN74qoA44w/edit?usp=drivesdk,,,,,,,,,,,,,,,,0
OTHER,953,0,rekeyed,0,NL,21/10/2025,2025-10-21,https://github.com/Tonomy-Foundation/documentation/blob/e73fa50594315059cab852e5d99c76ac3f28c030/whitepapers/Tonomy%20%26%20TONO%20-%20MICA%20Notified%20Whitepaper%20v2.8.pdf?raw=true,,,0,,,github.com,1,957f3d617aff,robots,direct,robots,,raw.githubusercontent.com,,,,robots:disallowed-rfc9309-recheck,,,,,,,,,,,,,0
OTHER,954,0,unchanged,0,NL,04/08/2025,2025-08-04,https://docs.eclipse.xyz/,,,0,,,docs.eclipse.xyz,1,b7fb4fbce0a8,html,direct,html,1af00790317f92416ed12cdb066ed609f923dd7df2f5cc3f26dc39e746f961c5,docs.eclipse.xyz,https://docs.eclipse.xyz/,,,,,,,,,,,,,,,,0
OTHER,955,0,rekeyed,0,NL,05/08/2025,2025-08-05,https://www.worldmobiletoken.com/mica_whitepaper_wmtx.pdf,,,0,,,www.worldmobiletoken.com,1,607c635f0bfe,pdf,direct,pdf,0b45bc0847a353b5777291c9b4db63f2f40789160ac06ffc6025329b19c5bca2,worldmobiletoken.com,https://worldmobiletoken.com/mica_whitepaper_wmtx.pdf,,,,,,,,,,,,,,,,0
OTHER,956,0,unchanged,0,NL,27/08/2025,2025-08-27,https://docs.bitlayer.org/docs/Build/GettingStarted/QuickStart/,,,0,,,docs.bitlayer.org,1,582e569deaa1,html,direct,html,68c902de66d66ba94ecf9738e188200a9b917965aef03a85844cf791b8c99a29,docs.bitlayer.org,https://docs.bitlayer.org/docs/Build/GettingStarted/QuickStart/,,,,,,,,,,,,,,,,0
OTHER,957,0,rekeyed,0,NL,08/07/2025,2025-07-08,https://www.anime.xyz/anime_mica_whitepaper.pdf,,,0,,,www.anime.xyz,1,4c3510bceb27,pdf,direct,pdf,c72d1d26911cb6958008a66712fb5d9d03b64cf015dfee4f61d1275e4d1481ea,www.anime.xyz,https://www.anime.xyz/anime_mica_whitepaper.pdf,,,,,,,,,,,,,,,,0
OTHER,958,0,unchanged,0,NL,12/08/2025,2025-08-12,https://drive.google.com/file/d/125YNhF1Kr2A_-epdkYja1yKwkUUs_tdV/view?usp=drive_link,,,0,,,drive.google.com,1,4acf5916068c,html,direct,html,f1739e26a4cf4b9c533621b8315f5413f1192da288d226fb58b58c6decd32124,drive.google.com,https://drive.google.com/file/d/125YNhF1Kr2A_-epdkYja1yKwkUUs_tdV/view?usp=drive_link,,,,,,,,,,,,,,,,0
OTHER,959,0,rekeyed,0,NL,08/07/2025,2025-07-08,https://docs.solv.finance/,,,0,,,docs.solv.finance,1,7b7597f08241,anti-bot,direct,anti-bot,e7f33c7fd5d594cd39c40e13b7d0a9cdaf723d53c2271a81e5d7b8c0c5ec828e,docs.solv.finance,https://docs.solv.finance/,,,,,,,,,,,,,,,,0
OTHER,960,0,unchanged,0,NL,03/08/2025,2025-08-03,https://www.avantisfi.com/static/micar-outline.pdf,,,0,,,www.avantisfi.com,1,a237d2a6fb66,pdf,direct,pdf,3097a48c31d8cf3f95877c9e1b600a8d5dec5a6c6d717a01b37cb45f824c85d0,www.veranta.xyz,https://www.veranta.xyz/static/micar-outline.pdf,,,,,,,,,,,,,,,,0
OTHER,961,1,new,0,NL,05/08/2026,2026-08-05,https://verona.micarwhitepapers.eu,254900VUJZADND4ASW88,,0,1XVWJFM70|N6Q82SW8Q|S5HLN69Z3|W87LBV98Z,HFKC0NXKJ,verona.micarwhitepapers.eu,1,75c9b25ac15d,html,direct,html,efae299c4700f4a37627c38188ff85cf54c71884f91816e53a284e3a5aac4f7f,verona.micarwhitepapers.eu,https://verona.micarwhitepapers.eu,,,,,,,,,,,,,,ISSUED/ACTIVE,,0
OTHER,962,0,rekeyed,0,NL,12/08/2025,2025-08-12,https://docs.union.build/,,,0,,,docs.union.build,1,413b764b0fe7,html,direct,html,177037c744fbd69ca86a0cd1c658eb2c4c534b0b0f5a3b8107af5f2315bef221,docs.union.build,https://docs.union.build/,,,,,,,,,,,,,,,,0
OTHER,963,0,unchanged,0,NL,18/08/2025,2025-08-18,https://docs.ancient8.gg/micar-whitepaper,,,0,,,docs.ancient8.gg,1,a18354999e5c,html,direct,html,5d3fb4ad8b4cee8724ac288648247dbcd1d23944d946726526b46e48c834da85,docs.ancient8.gg,https://docs.ancient8.gg/micar-whitepaper,,,,,,,,,,,,,,,,0
OTHER,964,0,unchanged,0,NL,19/08/2025,2025-08-19,https://gopluslabs.io/,,,0,,,gopluslabs.io,1,490ed1190300,html,direct,html,280d06d65389a66ee0568a86bd56280c5e771ce7b081b4d09fa1d8b6672fa4b5,gopluslabs.io,https://gopluslabs.io/en,,,,,,,,,,,,,,,,0
OTHER,965,1,new,0,NL,29/12/2025,2025-12-29,https://files.subscrypts.com/whitepaper/subscrypts-mica-whitepaper-v1.1.pdf,,,0,,,files.subscrypts.com,1,20e6fa552f58,pdf,direct,pdf,a7eb8f5a42a82e1315f430deacac2f92f6952af52629111209c9582d8f8055a4,files.subscrypts.com,https://files.subscrypts.com/whitepaper/subscrypts-mica-whitepaper-v1.1.pdf,,,,,,,,,,,,,,,,0
OTHER,966,0,unchanged,0,NL,19/08/2025,2025-08-19,https://0gfoundation.ai/mica-whitepaper,,,0,,,0gfoundation.ai,1,e4761d4f0a94,pdf,direct,pdf,7e4f1252da467efbb421a4e990f719c23739423f1151466808117e1045a53a4c,cdn.prod.website-files.com,https://cdn.prod.website-files.com/68be881d1e561d10d9755876/68c93e79cfbcb16e3d7b6d19_%240G%20MiCA%20Whitepaper.pdf,,,,,,,,,,,,,,,,0
OTHER,967,0,unchanged,0,NL,22/08/2025,2025-08-22,https://bless.network/,,,0,,,bless.network,1,bb713aed08fe,pdf,hop,pdf,d183280c2596218b5028883e4e5116a7bcbd99843251b8b04a4b3695bab6673f,bless.network,https://bless.network/bless_whitepaper_english.pdf,,,,,,,,,,,,,,,,0
OTHER,968,1,new,0,NL,09/02/2026,2026-02-09,https://375ai.micarwhitepapers.eu,254900BJUF18Z55ETG08,,0,PJRLCNKL2,8R2R6HDFB,375ai.micarwhitepapers.eu,1,af66d407f431,html,direct,html,97f7991d523f899a25aaeb65c5afd55b5dca0f98c8f6cb7f052a42a9a4755904,375ai.micarwhitepapers.eu,https://375ai.micarwhitepapers.eu,,,,,,,,,,,,,,ISSUED/ACTIVE,,0
OTHER,969,0,unchanged,0,NL,08/09/2025,2025-09-08,https://defituna.com/,,,0,,,defituna.com,1,7dd0c0744302,html,direct,html,12f4e98daeb9d500f33897924b77cdde41496206a4701d2a6c5010df9b552796,defituna.com,https://defituna.com/,,,,,,,,,,,,,,,,0
OTHER,970,0,unchanged,0,NL,17/07/2025,2025-07-17,https://public.carv.io/CARV_Whitepaper.html,,,0,,,public.carv.io,1,a69f6f06fc30,html,direct,html,334faa7872c3a358e151bff5c758f1451ac8e1efc6a46a8539b717c709592d48,public.carv.io,https://public.carv.io/CARV_Whitepaper.html,,,,,,,,,,,,,,,,0
OTHER,971,0,unchanged,0,NL,29/08/2025,2025-08-29,https://babylon.foundation/,,,0,,,babylon.foundation,1,43f8e3516d8d,html,direct,html,8ea6ae468933efb2f2785124c60da55ce8cafb1b92e8f6068a466cfcfd944bd6,babylon.foundation,https://babylon.foundation/,,,,,,,,,,,,,,,,0
OTHER,972,0,unchanged,0,NL,12/09/2025,2025-09-12,https://hippocto.meme/mica-whitepaper/index.pdf,,,0,,,hippocto.meme,1,7338a9de6c86,net-error,direct,net-error,,,https://hippocto.meme/mica-whitepaper/index.pdf,,,robots:error,,,,,,,,,,,,,0
OTHER,973,0,unchanged,0,NL,29/09/2025,2025-09-29,https://www.metacade.co/micar,,,0,,,www.metacade.co,1,4341c5d45cba,ixbrl-other,direct,ixbrl-other,0d5d6dae5f9a1d239fef12196eb91eb62c7e62e2d7f4db4db9994fd1938f3cbc,www.metacade.co,https://www.metacade.co/micar,1.1,1,,,metacade.co,0,,,,,,,,,,0
OTHER,974,0,unchanged,0,NL,19/09/2025,2025-09-19,https://hashpack.gitbook.io/pack-whitepaper-1,,,0,,,hashpack.gitbook.io,1,397bc7638311,html,direct,html,e8131693abb721e8720f35a510d188c03ddfd586987cb8eb771fdb8683b23c6a,hashpack.gitbook.io,https://hashpack.gitbook.io/pack-whitepaper-1,,,,,,,,,,,,,,,,0
OTHER,975,0,unchanged,0,NL,22/08/2025,2025-08-22,https://saharaai.com/mica-whitepaper,,,0,,,saharaai.com,1,f0e5839865e1,html,direct,html,2e5c1aef940279738d9b64f1c48f33f0ad23024eaaa0fbe6ff18e807debb46b9,saharaai.com,https://saharaai.com/mica-whitepaper,,,,,,,,,,,,,,,,0
OTHER,976,0,unchanged,0,NL,07/10/2025,2025-10-07,https://www.apr.io/,,,0,,,www.apr.io,1,e7e7dfe85688,html,direct,html,b96488a981f72e78ccfde0a60bc48f7888f0f41d5c54058e95a4fc036667eb37,www.capricorn.tech,https://www.capricorn.tech/,,,,,,,,,,,,,,,,0
OTHER,977,0,unchanged,0,NL,08/10/2025,2025-10-08,https://recrd.com/esma.pdf,,,0,,,recrd.com,1,7b7d626db29a,pdf,direct,pdf,00555c85acf875795c7e38346bae15e4dc5a92db986d94bae18702db39fd56da,recrd.com,https://recrd.com/esma.pdf,,,,,,,,,,,,,,,,0
OTHER,978,0,unchanged,0,NL,14/10/2025,2025-10-14,https://reveel.id/mica-whitepaper,,,0,,,reveel.id,1,3243f26520bf,http-error,direct,http-error,5ca1407a87b26b6383becb19b3542ba1fb5f31e8b9e6c7510df93d44763af014,reveel.id,https://reveel.id/mica-whitepaper,,,,,,,,,,,,,,,,0
OTHER,979,1,new,0,NL,13/02/2026,2026-02-13,https://dropee.xyz/whitepaper-jdy2hv74.pdf,984500F7F1E9F7C1E315,,0,7P94FWT0V,RK9DGWH40,dropee.xyz,1,6af4d798ad7d,pdf,direct,pdf,4cb7427af5fd507fce43a46d9587e003f4a442c5229e85c671ea0d68e88a0ee0,dropee.xyz,https://dropee.xyz/whitepaper-jdy2hv74.pdf,,,,,,,,,,,,,,ISSUED/ACTIVE,,0
OTHER,980,0,unchanged,0,NL,17/10/2025,2025-10-17,https://talus.foundation/mica-whitepaper,,,0,,,talus.foundation,1,8e2825307ddb,net-error,direct,net-error,,,https://talus.foundation/mica-whitepaper,,,robots:error,,,,,,,,,,,,,0
OTHER,981,0,unchanged,0,NL,21/10/2025,2025-10-21,https://www.gaibfoundation.org/mica-whitepaper,,,0,,,www.gaibfoundation.org,1,b08e10b698fe,html,direct,html,3fb3558192389ccaabf58297e7846416ab2d3639ed9f7559e00de17286752dbf,gaibfoundation.org,https://gaibfoundation.org/mica-whitepaper,,,,,,,,,,,,,,,,0
OTHER,982,0,unchanged,0,NL,20/10/2025,2025-10-20,https://deagent.ai/micar-whitepaper.pdf,,,0,,,deagent.ai,1,4de0387b03f4,pdf,direct,pdf,925f05572ce2821659a6e5beb3500ecd1bfda536944faa0fb01b5b62d6e16b99,deagent.ai,https://deagent.ai/micar-whitepaper.pdf,,,,,,,,,,,,,,,,0
OTHER,983,0,unchanged,0,NL,31/10/2025,2025-10-31,https://www.scor.io/,,,0,,,www.scor.io,1,45cc8bc4f392,html,direct,html,c16a87bb12a6931403e68d7b9c9ae7ba12573b23d6e3f566099ef04e77133c7a,scor.io,https://scor.io/,,,,,,,,,,,,,,,,0
OTHER,984,0,unchanged,0,NL,05/11/2025,2025-11-05,https://domain/mica/whitepaper,,,0,,,domain,1,844165822b33,net-error,direct,net-error,,,https://domain/mica/whitepaper,,,robots:error,,,,,,,,,,,,,0
OTHER,985,0,unchanged,0,NL,10/11/2025,2025-11-10,https://instadapp.io/mica-whitepaper,,,0,,,instadapp.io,1,677d4f72314c,pdf,direct,pdf,5666aa32beb56353de24f8e20a51ef5ef59f98852ada0ec5e715af5f00bd900d,instadapp.io,https://instadapp.io/mica-whitepaper.pdf,,,,,,,,,,,,,,,,0
OTHER,986,0,unchanged,0,NL,20/11/2025,2025-11-20,https://docs.tabichain.com/TabiChain_MiCAR_Whitepaper.pdf,,,0,,,docs.tabichain.com,1,265c01f0ba42,pdf,direct,pdf,0352f3d06f2047835707f452c1142d7f685cc0e786e9d3590f0f446d22360a45,docs.tabichain.com,https://docs.tabichain.com/TabiChain_MiCAR_Whitepaper.pdf,,,,,,,,,,,,,,,,0
OTHER,987,0,unchanged,0,NL,27/11/2025,2025-11-27,https://docs.irys.xyz/learn/protocol-overview/micar-whitepaper,,,0,,,docs.irys.xyz,1,b58b648b54e2,ixbrl-esma,direct,ixbrl-esma,79f59d9e7cd1fba431d2081dbf606b92e7903d8e9f38a8f1b3824226a8d280a1,docs.irys.xyz,https://docs.irys.xyz/learn/protocol-overview/micar-whitepaper,1.1,1,,,irys.xyz,0,0,1,,,,2025-11-27,,,,0
OTHER,988,0,unchanged,0,NL,04/12/2025,2025-12-04,https://brevis.network/whitepaper/micar.xhtml,,,0,,,brevis.network,1,8c1983ca955b,ixbrl-esma,direct,ixbrl-esma,c0aa098b2f5c026b57a9aebbb9975259cd01a307ca8bdd186289dbe76dd28723,brevis.network,https://brevis.network/whitepaper/micar.xhtml,1.1,1,,,brevis.network,0,0,1,,,,2025-12-04,,,,0
OTHER,989,0,unchanged,0,NL,15/12/2025,2025-12-15,https://www.onetrading.com/policy,,,0,,,www.onetrading.com,1,1d1a5cbb99c7,html,direct,html,c644532cdc50110daa3676a5cf41f151434ce82609cf4f3946c172b642a207b7,www.onetrading.com,https://www.onetrading.com/policy,,,,,,,,,,,,,,,,0
OTHER,990,0,rekeyed,0,NL,22/12/2025,2025-12-22,https://www.shinkai.com/,,,0,,,www.shinkai.com,1,83f7bd2f49e2,pdf,hop,pdf,f439f219228d859c002cab21363f82ca9932995031a9035dff1ae90849f85bf0,download.shinkai.com,https://download.shinkai.com/assets/PeckShield-Audit-Report-Shinkai-v1.0.pdf,,,,,,,,,,,,,,,,0
OTHER,991,1,new,0,NL,04/02/2026,2026-02-04,https://www.enso.build/mica-whitepaper,,,0,,,www.enso.build,1,46b125417bf9,xhtml-no-ixbrl,direct,xhtml-no-ixbrl,d7bac410662055143199f43886ee73635c6cd19a490d79d4b5b81b019ce15059,mica.enso.build,https://mica.enso.build/mica-whitepaper.xhtml,,,,,,,,,,,,,,,,0
OTHER,992,1,new,0,NL,02/04/2026,2026-04-02,https://perle.micarwhitepapers.eu,98450005EAE0D3CD6481,,0,4LSRL5KT5,HMV8HH1KW,perle.micarwhitepapers.eu,1,5bee3c57da2f,html,direct,html,b689ee1dce556b65c2d5667c33ec7bfc59f7ffeb650e800fc634014441c75c1b,perle.micarwhitepapers.eu,https://perle.micarwhitepapers.eu,,,,,,,,,,,,,,ISSUED/ACTIVE,,0
OTHER,993,1,new,0,NL,27/02/2026,2026-02-27,https://www.penguinonsol.com,98450052DED977DD3B92,,0,H3XQQ20S1,N6F5M29K8,www.penguinonsol.com,1,c4afab8733d1,html,direct,html,6f1f06429bdbc9f99738786ed8326f7f412b0deb776f5cd1a263918e2261c645,www.penguinonsol.com,https://www.penguinonsol.com,,,,,,,,,,,,,,ISSUED/ACTIVE,,0
OTHER,994,1,new,0,NL,04/03/2026,2026-03-04,https://static.opinion.foundation/mica_whitepaper_OPN.xhtml,9845005842D99DFF1F65,,0,NBV17VLKN|V87RMRKW0,G8N7HJ69S,static.opinion.foundation,1,015644abd018,ixbrl-esma,direct,ixbrl-esma,29c0081863955ddad9bfaef610998ddd27b693a5fdedf7bfae0c1914aca6305b,static.opinion.foundation,https://static.opinion.foundation/mica_whitepaper_OPN.xhtml,,0,,,opinion.foundation,0,1,0,,,,,,ISSUED/ACTIVE,,0
OTHER,995,1,new,0,NL,05/03/2026,2026-03-05,https://www.opengradient.micarwhitepapers.eu,984500A5E14D36D7A578,,0,NL1CPT6Q1,6WNLFSDSK,www.opengradient.micarwhitepapers.eu,1,2fbef09065d6,html,direct,html,016a22757ff619253441aacd5d3c9a860f2b594ce0097bdbaabd4f8d9445078c,www.opengradient.micarwhitepapers.eu,https://www.opengradient.micarwhitepapers.eu,,,,,,,,,,,,,,ISSUED/ACTIVE,,0
OTHER,996,1,new,0,NL,11/03/2026,2026-03-11,https://www.micawhitepaper.kiichain.io,98450001TBB7CBB78775,,0,J7GH5209C,B9XWQQWQ3,www.micawhitepaper.kiichain.io,1,6329297fa87f,net-error,direct,net-error,,,https://www.micawhitepaper.kiichain.io,,,robots:error,,,,,,,,,,,ISSUED/ACTIVE,,0
OTHER,997,1,new,0,NL,16/03/2026,2026-03-16,https://www.infinifi.micarwhitepapers.eu,254900K2K2V7IFXGI402,,0,336JRW20K,40KCBQWB3,www.infinifi.micarwhitepapers.eu,1,e3a0c4dd25fc,html,direct,html,787dad91d725c5cadf2b777f00d57dc77b9808c861e9eb38384695cb8ab67810,www.infinifi.micarwhitepapers.eu,https://www.infinifi.micarwhitepapers.eu,,,,,,,,,,,,,,ISSUED/ACTIVE,,0
OTHER,998,1,new,0,NL,31/03/2026,2026-03-31,https://everything.micarwhitepapers.eu/,984500D99C5038EEDC72,,0,NXB23RTWH,7V4002CQ1,everything.micarwhitepapers.eu,1,f4a096b73a8f,html,direct,html,b1cb32f4f29596812f7ee9eb187b5b66fe920beb825f3cb673700df16969345d,everything.micarwhitepapers.eu,https://everything.micarwhitepapers.eu/,,,,,,,,,,,,,,ISSUED/ACTIVE,,0
OTHER,999,1,new,0,NL,01/04/2026,2026-04-01,https://www.hooli.micarwhitepapers.eu,98450062B461E2C6DC32,,0,D0BNZRS0P,41CS4D07G,www.hooli.micarwhitepapers.eu,1,54d4204b1d53,html,direct,html,1de286261bfb408ce95f6305905f4b898cb971d72b8fb58c22ade636b6cbe1aa,www.hooli.micarwhitepapers.eu,https://www.hooli.micarwhitepapers.eu,,,,,,,,,,,,,,ISSUED/ACTIVE,,0
OTHER,1000,1,new,0,NL,13/04/2026,2026-04-13,https://yom.net/legal/mica-whitepaper-afm,529900NFNRZIZUXIN609,,0,7HK4HMDLG,,yom.net,1,5f6a49cb2a6f,ixbrl-other,direct,ixbrl-other,b2022249bf8de82b52e7a065c2f0d9d593a6d10c20ce322b8a7a90a9407ae9fc,yom.net,https://yom.net/legal/mica-whitepaper-afm,1.1,1,,,yom.net,0,,,,,,,,ISSUED/ACTIVE,,0
OTHER,1001,1,new,0,NL,17/04/2026,2026-04-17,https://cap.micarwhitepapers.eu,984500BEE74CD2BCDD15,,0,JWCRTTF4S,Q8491664H,cap.micarwhitepapers.eu,1,d72a98e1ffdf,html,direct,html,0be0ac63315742f1b9fbd670dbbc87644358709954c7b7ed4d32de62c77a3825,cap.micarwhitepapers.eu,https://cap.micarwhitepapers.eu,,,,,,,,,,,,,,ISSUED/ACTIVE,,0
OTHER,1002,1,new,0,NL,30/04/2026,2026-04-30,https://arcium.micarwhitepapers.eu,984500C7584BABED3E03,,0,QWFKWNHQV,2GM37J0CX,arcium.micarwhitepapers.eu,1,fdebe4589a06,html,direct,html,9adcc0b79376bb80fabbedf9b31807c6e9da00faf05657d5198e047d91458785,arcium.micarwhitepapers.eu,https://arcium.micarwhitepapers.eu,,,,,,,,,,,,,,ISSUED/ACTIVE,,0
OTHER,1003,1,new,0,NL,11/05/2026,2026-05-11,https://pharos.micarwhitepapers.eu,984500AE36LB5A1DR531,,0,8BLZNR0V8,86LN6WGX9,pharos.micarwhitepapers.eu,1,c8d349326ec8,html,direct,html,c2186dd6f54c4e487e47d87d96ee3237f71333d46e852d5cdd9d2f5023ac11a1,pharos.micarwhitepapers.eu,https://pharos.micarwhitepapers.eu,,,,,,,,,,,,,,ISSUED/ACTIVE,,0
OTHER,1004,1,new,0,NL,03/06/2026,2026-06-03,https://aligned.micarwhitepapers.eu,254900KGXFS76PCR2W39,,0,R2PBNX7B8,2245RJN66,aligned.micarwhitepapers.eu,1,4fc9c557c86a,html,direct,html,b38cb4343e82593d6e235e51a89f848d87937a2a2811eeca4bd2adc5d1ac80aa,aligned.micarwhitepapers.eu,https://aligned.micarwhitepapers.eu,,,,,,,,,,,,,,ISSUED/ACTIVE,,0
OTHER,1005,1,new,0,NL,12/06/2026,2026-06-12,https://docs.wardenprotocol.org/ward/micar-whitepaper,984500477F9C991NE141,,0,J7D9BF035,,docs.wardenprotocol.org,1,1631cda5dd08,html,direct,html,418c0f2f2e46e950a87f58cff2a6108ff8a672d4c965869f147f3923270a1665,docs.wardenprotocol.org,https://docs.wardenprotocol.org/ward/micar-whitepaper,,,,,,,,,,,,,,ISSUED/ACTIVE,,0
OTHER,1006,1,new,0,NL,10/07/2026,2026-07-10,https://townsquare.micarwhitepapers.eu,254900DQD4ESD4W4R471,,0,7KBVC7CXL|7QG107L4N|P0B3BJFZM,J230S0GPP,townsquare.micarwhitepapers.eu,1,2c42ebaa1d35,html,direct,html,ab1b62568989a7cb339b7605dd5c8164b4a395bc01d8ffa8ae859ba678af21a9,townsquare.micarwhitepapers.eu,https://townsquare.micarwhitepapers.eu,,,,,,,,,,,,,,ISSUED/ACTIVE,,0
OTHER,1007,1,new,0,NL,24/06/2026,2026-06-24,https://laptop.micarwhitepapers.eu,98450001A3B1BFFE8455,,0,X51GNKD7C,929TXLFWK,laptop.micarwhitepapers.eu,1,4e6d2f88a886,html,direct,html,e64da455b6cdd452a4aa0ba898737782ed39fea6fada6da0b8004b8df57d8b98,laptop.micarwhitepapers.eu,https://laptop.micarwhitepapers.eu,,,,,,,,,,,,,,ISSUED/ACTIVE,,0
OTHER,1008,1,new,0,NL,24/06/2026,2026-06-24,https://ritual.micarwhitepapers.eu,9845005A393ABJD87368,,0,JDDCKW0R4,JGFW64Z08,ritual.micarwhitepapers.eu,1,905489457a47,html,direct,html,385a472ca0596d9c459b40414efba0a09dbb97612aae7324f3e3f93b7fd5d3dc,ritual.micarwhitepapers.eu,https://ritual.micarwhitepapers.eu,,,,,,,,,,,,,,ISSUED/ACTIVE,,0
OTHER,1009,1,new,0,NL,02/07/2026,2026-07-02,https://dact.micarwhitepapers.eu/,9845009U2B458E52CF59,,0,H2T3LVDZX,9TT5VB27J,dact.micarwhitepapers.eu,1,8abae1d221c0,html,direct,html,0e2ff26132ea4bc8ff668f160539c00ce0619e5a479d7d9afd167df626f41dda,dact.micarwhitepapers.eu,https://dact.micarwhitepapers.eu/,,,,,,,,,,,,,,ISSUED/ACTIVE,,0
OTHER,1010,1,new,0,NL,09/07/2026,2026-07-09,https://www.tradegenius.com/micaeucompliance,,,0,X3FR4BJ5K,23KW30RCQ,www.tradegenius.com,1,8be18a16012f,anti-bot,direct,anti-bot,cc6002b6901c94a3ad554ae462383020e84249289104de5265f5248fd58aacd0,tradegenius.com:443,https://tradegenius.com:443/micaeucompliance,,,,,,,,,,,,,,,,0
OTHER,1011,1,new,0,NL,10/07/2026,2026-07-10,https://ethos.micarwhitepapers.eu,98450054CPC92B8DB309,,0,ZPBLDL02G,SDV2MK8KZ,ethos.micarwhitepapers.eu,1,3ad5ced5261f,html,direct,html,dc55d578e9135713b230b57e272637e596265e3778846f63e8a631961919d0a8,ethos.micarwhitepapers.eu,https://ethos.micarwhitepapers.eu,,,,,,,,,,,,,,ISSUED/ACTIVE,,0
OTHER,1012,1,new,0,NL,14/07/2026,2026-07-14,https://dappos.com/mica-white-paper,254900F2Y44Y2IIE9U38,,0,G86K26DC6|GBGX1MHXN,3L8S0DQWL,dappos.com,1,68842ed46de8,html,direct,html,8765d9b685e7a13414b7589e228e2e849f49e642bf6c10f92a82d0c82137a776,dappos.com,https://dappos.com/mica-white-paper,,,,,,,,,,,,,,ISSUED/ACTIVE,,0
OTHER,1013,1,new,0,NL,14/07/2026,2026-07-14,https://geodnet.micarwhitepapers.eu,984500B2AD0XEBCYFA92,,0,6BNTZ6LQ2|8SK3GVB7N|C7KPSBKKF,P06G0W0N6,geodnet.micarwhitepapers.eu,1,665bca3bd3c9,html,direct,html,82f4fd4a1be4bf197e8db467a5a89b8f2d16607840ff7bae89595fe0292c5a01,geodnet.micarwhitepapers.eu,https://geodnet.micarwhitepapers.eu,,,,,,,,,,,,,,ISSUED/ACTIVE,,0
OTHER,1014,1,new,0,NL,16/07/2026,2026-07-16,https://runhalo.xyz/halo/micar-whitepaper,984500477F9C991NE141,,0,N7DJ64CHV,,runhalo.xyz,1,0236c86beb93,html,direct,html,c8bf9bcdf4081f1102769944471a622b65c6d4e3589a31beeee12b7bcb05a54e,runhalo.xyz,https://runhalo.xyz/halo/micar-whitepaper,,,,,,,,,,,,,,ISSUED/ACTIVE,,0
OTHER,1015,1,new,0,NL,22/07/2026,2026-07-22,https://interfold.micarwhitepapers.eu,25490022ZI2AGT9PYJ27,,0,5FZF0QWKZ|SF6V77VRC,BCZHKFFJK,interfold.micarwhitepapers.eu,1,01a5f1cc1638,html,direct,html,defb3d010fe98a4481044e444c8a3aec3d578c8afe5ce1239ba1a4bf4cbb5435,interfold.micarwhitepapers.eu,https://interfold.micarwhitepapers.eu,,,,,,,,,,,,,,ISSUED/ACTIVE,,0
OTHER,1016,1,new,0,NL,23/07/2026,2026-07-23,https://tread.micarwhitepapers.eu,984500053EQ4O1D5BF74,,0,1FD76G9W5,44GGHZTS4,tread.micarwhitepapers.eu,1,b883326c0309,html,direct,html,5467ee653728d3ed3acfb696e2217df6472852e8450fc76f22a6389e3f4dd8d2,tread.micarwhitepapers.eu,https://tread.micarwhitepapers.eu,,,,,,,,,,,,,,ISSUED/ACTIVE,,0
OTHER,1017,1,new,0,NL,18/09/2026,2026-09-18,https://canopy.micarwhitepapers.eu,9845000EA369FA3E9I63,,0,5CTP69VT4,K5RP3DVVV,canopy.micarwhitepapers.eu,1,eec92e1dd89b,html,direct,html,3e4150f18b24751e9b3ca96c6e5d3e64104c9fd0b6fd2f38fd85bc28b2b831c6,canopy.micarwhitepapers.eu,https://canopy.micarwhitepapers.eu,,,,,,,,,,,,,,ISSUED/ACTIVE,,0
OTHER,1018,1,new,0,NL,31/07/2026,2026-07-31,https://linera.micarwhitepapers.eu,984500ED01E0867CCY22,,0,VL6LJ9NFQ,JTZ166XGD,linera.micarwhitepapers.eu,1,574a624a16bb,html,direct,html,e25291815c4b295c9caba6f53f4f527390be8666970fd12b587c77197257da63,linera.micarwhitepapers.eu,https://linera.micarwhitepapers.eu,,,,,,,,,,,,,,ISSUED/ACTIVE,,0
OTHER,1019,1,new,0,NL,05/08/2026,2026-08-05,https://grvt.micarwhitepapers.eu,,,0,2JX1R770F|72F9DN9T8|D00DWX6C3,M2NP48MKX,grvt.micarwhitepapers.eu,1,9c0503938e0d,html,direct,html,4b78c61a8d7ce38f6b315c0cd056dff97f5eb1cfbdc9b26c74ef3b407bcb963e,grvt.micarwhitepapers.eu,https://grvt.micarwhitepapers.eu,,,,,,,,,,,,,,,,0
OTHER,1020,1,new,0,NL,06/08/2026,2026-08-06,https://odyssey.micarwhitepapers.eu,984500D53C1CCEEDC313,,0,1ZX1X7FM5|2M0XTNSTM|642RTWX3H,K52LZ52BB,odyssey.micarwhitepapers.eu,1,65283e5a1a9b,html,direct,html,3e4f08cc4b1c8200ceee2cec26f144be0a927a1478233ebb880311e4745c02b0,odyssey.micarwhitepapers.eu,https://odyssey.micarwhitepapers.eu,,,,,,,,,,,,,,ISSUED/ACTIVE,,0
OTHER,1021,1,new,0,NL,19/09/2026,2026-09-19,https://genlayer.micarwhitepapers.eu,984500A2B7H9288E1D90,,0,4XJWG2GDV,MGPFSP2TG,genlayer.micarwhitepapers.eu,1,cfec4f5540bc,html,direct,html,93c8d2b8312f4118b88ca53d2f635d8ab179fe3e63af55b2cc0c50cbec6361ec,genlayer.micarwhitepapers.eu,https://genlayer.micarwhitepapers.eu,,,,,,,,,,,,,,ISSUED/ACTIVE,,0
OTHER,1022,1,new,0,NL,01/09/2026,2026-09-01,https://cetus.micarwhitepapers.eu,,,0,GFC645T9B,WMW834RP9,cetus.micarwhitepapers.eu,1,6dde075bee5c,html,direct,html,81191193ed729b5e7a1d1b614565d56a306636c26dbb6554ef348951b3eb6a16,cetus.micarwhitepapers.eu,https://cetus.micarwhitepapers.eu,,,,,,,,,,,,,,,,0
OTHER,1023,1,new,0,NL,21/09/2026,2026-09-21,https://saffron.micarwhitepapers.eu,9845004FDDDC4F8ECE43,,0,24LBS5KK6|2SCPCDZ8P|9XTB5PBGJ|XC3HCS96B,NH9HMVXX5,saffron.micarwhitepapers.eu,1,707996fd114f,http-error,direct,http-error,9531255f87a35aaeeff5281dd37f4115ec5168a11ea4b28eb84bc042c662f655,saffron.micarwhitepapers.eu,https://saffron.micarwhitepapers.eu,,,,,,,,,,,,,,ISSUED/ACTIVE,,0
OTHER,1024,0,new-before-cutoff,0,NO,,,https://www.dogplanet.no/,984500BB7F58F08AAE09,,0,PENDING,,www.dogplanet.no,1,7a4927b61016,xhtml-no-ixbrl,hop,xhtml-no-ixbrl,7248e514132451dbc0db246b0939fe09d439473d30a7e14561e6fe31d4e61f2c,www.dogplanet.no,https://www.dogplanet.no/whitepapers/current/dpc/v1.1-2026-08-27.xhtml,,,,,,,,,,,,,,ISSUED/ACTIVE,,0
OTHER,1025,0,new-before-cutoff,0,NO,,,http://www.palmeconomy.io,984500DO9DFB6A524A59,,0,PENDING,,www.palmeconomy.io,1,33539f0333bb,html,direct,html,d4b3c3c322146219a84cf9eecb01b41a79286d263c6182c661e7ec1ccf3c045d,palmeconomy.io,https://palmeconomy.io/,,,,,,,,,,,,,,ISSUED/ACTIVE,,0
OTHER,1026,0,new-before-cutoff,0,NO,,,https://venturetoken.io/,254900214ET6113P0X94,,0,PENDING,,venturetoken.io,1,47d114005d2b,html,direct,html,4b219d657149535fc1c5427162e6e1f79aad97cf8cc7125d80b28245c8501e1c,venturetoken.io,https://venturetoken.io/,,,,,,,,,,,,,,LAPSED/ACTIVE,,0
OTHER,1028,1,new,0,BG,29/06/2026,2026-06-29,https://nx0.ai,8755007WQLHUW5M9SP74,,0,,,nx0.ai,1,473c275ec6de,html,direct,html,90b0f8b408050b98dd3b1b719d123d6c0e7ee9a064e6bcc15f4efe9644113a94,nx0.ai,https://nx0.ai,,,,,,,,,,,,,,ISSUED/ACTIVE,,0
OTHER,1029,1,new,0,BG,07/07/2026,2026-07-07,https://www.real.finance/,6488USBR767IM20M5472,,0,T8HQ6F95R,M8VRWT0GF,www.real.finance,1,d66b03cd1b0c,html,direct,html,ff38a892fe2a86405f15acb766ea97c106ea6e344aea4a976e43f4cfffe06ac5,www.real.finance,https://www.real.finance/,,,,,,,,,,,,,,ISSUED/ACTIVE,,0
EMTWP,2,0,,0,CZ,30/10/2025,2025-10-30,https://stablelabs.co/whitepaper0.pdf,315700IJDQF91J9C8B68,,0,,,stablelabs.co,1,cdca61833c81,pdf,direct,pdf,e5e185347cb122084fb37a786d8bc7273c343771f910b3011ae6bd6f3d629968,stablelabs.co,https://stablelabs.co/whitepaper0.pdf,,,,,,,,,,,,,,ISSUED/ACTIVE,,0
EMTWP,3,0,,0,CZ,30/10/2025,2025-10-30,https://stablelabs.co/whitepaper.pdf,315700IJDQF91J9C8B68,,0,,,stablelabs.co,1,6cbb62575d7e,pdf,direct,pdf,6569cebdb541f3ddf7e5bacbbcccdebc799562dd545f02de288006da27d23f78,stablelabs.co,https://stablelabs.co/whitepaper.pdf,,,,,,,,,,,,,,ISSUED/ACTIVE,,0
EMTWP,4,0,,0,CZ,30/10/2025,2025-10-30,https://stablelabs.co/whitepaper1.pdf,315700IJDQF91J9C8B68,,0,,,stablelabs.co,1,2247ad9e27b5,pdf,direct,pdf,c67076de1f6ce66881df2af97db5f0dea6c4761748c498f5bd781db5a9fbacd4,stablelabs.co,https://stablelabs.co/whitepaper1.pdf,,,,,,,,,,,,,,ISSUED/ACTIVE,,0
EMTWP,5,1,,0,DE,13/02/2026,2026-02-13,https://allunity.com/whitepaper,3912007G8L8CD3HFIV26,,0,4T8Q7PXDR|72FFN7360|8F9FV1RW0|DP8LJM6WW|R21VFQH41,,allunity.com,1,a674cbbaaaf9,pdf,hop,html,1b228b94d658736ca2b60488f36e68b58a98fadc564f87fa2cb0006d4056d9c6,framerusercontent.com,https://framerusercontent.com/assets/OfesVRYgYGUO0B0k1xr7EqFHeOQ.pdf,,,,,,,,,,,,,,ISSUED/ACTIVE,,0
EMTWP,6,1,,0,DE,23/02/2026,2026-02-23,https://allunity.com/whitepaper,3912007G8L8CD3HFIV26,,0,D1PFLVZDZ|VP84J2JSS,,allunity.com,1,a674cbbaaaf9,pdf,hop,html,1b228b94d658736ca2b60488f36e68b58a98fadc564f87fa2cb0006d4056d9c6,framerusercontent.com,https://framerusercontent.com/assets/OfesVRYgYGUO0B0k1xr7EqFHeOQ.pdf,,,,,,,,,,,,,,ISSUED/ACTIVE,,0
EMTWP,7,0,,0,DE,,,https://allunity.com/whitepaper,3912007G8L8CD3HFIV26,,0,6TR5F3KKF|7BN8BLGZH|HTKFL04WZ|VTFCC12GK|X10CDHLZQ,,allunity.com,1,a674cbbaaaf9,pdf,hop,html,1b228b94d658736ca2b60488f36e68b58a98fadc564f87fa2cb0006d4056d9c6,framerusercontent.com,https://framerusercontent.com/assets/OfesVRYgYGUO0B0k1xr7EqFHeOQ.pdf,,,,,,,,,,,,,,ISSUED/ACTIVE,,0
EMTWP,8,1,,0,DE,11/06/2026,2026-06-11,https://allunity.com/whitepaper,3912007G8L8CD3HFIV26,,0,35PTC5Z63|5Z0LL4J7S|D1PFLVZDZ|GCN4ZMN5R|PGBKBZRH2|VP84J2JSS,,allunity.com,1,a674cbbaaaf9,pdf,hop,html,1b228b94d658736ca2b60488f36e68b58a98fadc564f87fa2cb0006d4056d9c6,framerusercontent.com,https://framerusercontent.com/assets/OfesVRYgYGUO0B0k1xr7EqFHeOQ.pdf,,,,,,,,,,,,,,ISSUED/ACTIVE,,0
EMTWP,9,1,,0,DE,04/09/2026,2026-09-04,https://allunity.com/whitepaper,3912007G8L8CD3HFIV26,,0,25XRLGD08|3RH5FHFMR|67JKQ4MKT|95139NRZ1|Q9MZ20BGM|S19Z4M49R,,allunity.com,1,a674cbbaaaf9,pdf,hop,html,1b228b94d658736ca2b60488f36e68b58a98fadc564f87fa2cb0006d4056d9c6,framerusercontent.com,https://framerusercontent.com/assets/OfesVRYgYGUO0B0k1xr7EqFHeOQ.pdf,,,,,,,,,,,,,,ISSUED/ACTIVE,,0
EMTWP,10,1,,0,DE,14/09/2026,2026-09-14,https://allunity.com/whitepaper,3912007G8L8CD3HFIV26,,0,6TR5F3KKF|7BN8BLGZH|HTKFL04WZ|JPJHD47F4|VTFCC12GK|X10CDHLZQ,,allunity.com,1,a674cbbaaaf9,pdf,hop,html,1b228b94d658736ca2b60488f36e68b58a98fadc564f87fa2cb0006d4056d9c6,framerusercontent.com,https://framerusercontent.com/assets/OfesVRYgYGUO0B0k1xr7EqFHeOQ.pdf,,,,,,,,,,,,,,ISSUED/ACTIVE,,0
EMTWP,11,0,,1,DK,,,EMT_NO_WP,8945001XWFMRUTCAK575,,0,,,,0,,invalid-url,,invalid-url,,,,,,,,,,,,,,,,,ISSUED/ACTIVE,,0
EMTWP,12,0,,0,FI,04/07/2025,2025-07-04,https://www.membrane.fi/whitepapers/EUROe.html,743700KYSSTKZYGEUF50,,0,,,www.membrane.fi,1,cd6010b769d5,html,direct,html,200a32972c55795b111873f0b32daacb29f39768bcd868ff7b532fea84518c90,www.paxos.com,https://www.paxos.com/euroe-redemptions,,,,,,,,,,,,,,ISSUED/ACTIVE,,0
EMTWP,13,0,,0,FI,04/07/2025,2025-07-04,https://www.membrane.fi/whitepapers/eUSD.html,743700KYSSTKZYGEUF50,,0,,,www.membrane.fi,1,bb1197b58392,html,direct,html,c384d8a67e8324330c38732919a2734d4c142701695f3dafb658b3e7b508f630,www.paxos.com,https://www.paxos.com/euroe-redemptions,,,,,,,,,,,,,,ISSUED/ACTIVE,,0
EMTWP,14,0,,0,FI,09/12/2025,2025-12-09,https://www.paxos.com/terms-and-conditions/usdg-eu-whitepaper,743700KYSSTKZYGEUF50,,0,,,www.paxos.com,1,d0cef6d101af,html,direct,html,5f13484f880693fba87caad869d1720239c0266fbd742af9f35a7dcb3254b737,www.paxos.com,https://www.paxos.com/terms-and-conditions/usdg-eu-whitepaper,,,,,,,,,,,,,,ISSUED/ACTIVE,,0
EMTWP,15,1,,0,FI,28/04/2026,2026-04-28,https://www.paxos.com/white-paper,743700KYSSTKZYGEUF50,,0,2VT5W3GH7,R9MZCNWS4,www.paxos.com,1,33d09750a70f,html,direct,html,4e01a9533ffe97b88b292b66bb5e1d43ed28ad92fef44c122951324e15b71534,www.paxos.com,https://www.paxos.com/usdg-eu-white-paper,,,,,,,,,,,,,,ISSUED/ACTIVE,,0
EMTWP,16,1,,0,FR,24/12/2025,2025-12-24,https://www.circle.com/fr/legal/mica-eurc-whitepaper,969500OYUDADGZKCR583,,0,FJM594L0V|FMXXP963M|FZQ4WZNHC|T1J8XQBSD,13XTMPZT3,www.circle.com,1,5f36a39d3868,pdf,hop,pdf,7df0a4b685d307c04f4468c88546fe2d36bc74ee33b6e87aba691187b06f74e1,6778953.fs1.hubspotusercontent-na1.net,https://6778953.fs1.hubspotusercontent-na1.net/hubfs/6778953/CircleBrandUsePolicy.pdf,,,,,,,,,,,,,,ISSUED/ACTIVE,,0
EMTWP,17,1,,0,FR,15/09/2026,2026-09-15,https://www.circle.com/fr/legal/mica-usdc-whitepaper,969500OYUDADGZKCR583,,0,2ZTG3NNVB|45J6XJX7H|4ZSZS1F4F|54VFN74B3|56V43DKZ3|5R3XFPZSM|6BGZTT6GF|6TNZQDKZK|7NZRGQZ87|898NNTPZJ|9F3G4V14R|CK9PW1MFH|CP6817N4B|DWBBXD2F1|DWCZ3239L|FXZLG37L6|GGMLHMDVQ|GN9M0Z238|J2TPM5RFQ|LS71LQK3L|M8G59S1ZR|MKC04VFBQ|N064ZKXDM|P7H2X1B9H|QQKDMF6N9|R3SV04GX9|RN81GQLBH|RWPZZPR7C|S28NDWCSX|SKXZGD4J8|T6TQ8GN7L|T9F5C3ZCC|TSLS4S9R8|VXJX1WW6V|W2PQJJCPM|XTS66R22W,TJWK5QTRK,www.circle.com,1,7973e5b7eba4,pdf,hop,pdf,7df0a4b685d307c04f4468c88546fe2d36bc74ee33b6e87aba691187b06f74e1,6778953.fs1.hubspotusercontent-na1.net,https://6778953.fs1.hubspotusercontent-na1.net/hubfs/6778953/CircleBrandUsePolicy.pdf,,,,,,,,,,,,,,ISSUED/ACTIVE,,0
EMTWP,18,0,,0,FR,14/10/2025,2025-10-14,https://www.sgforge.com/wp-content/uploads/2025/10/EURCV-WP-Ethereum-Solana_XRPL_Stellar_2025.10.14.pdf,969500FX8K40ZDW4F377,,0,24QFRJ6Q9|3NG1PDSJM|HF8RCHVWW|LTJP3BH2R,9W5C49FJV,www.sgforge.com,1,60ad200df4f3,pdf,direct,pdf,c552a6a8e67045f2afbbdfc832e0690e96ce884280e2e9a4d0a10d1b7da10527,www.sgforge.com,https://www.sgforge.com/wp-content/uploads/2025/10/EURCV-WP-Ethereum-Solana_XRPL_Stellar_2025.10.14.pdf,,,,,,,,,,,,,,ISSUED/ACTIVE,,0
EMTWP,19,0,,0,FR,11/08/2025,2025-08-11,https://www.sgforge.com/wp-content/uploads/2025/08/SG-Forge-USDCV-White-Paper_V2.0_Ethereum_Solana_11082025.pdf,969500FX8K40ZDW4F377,,0,8TF1FZX7H|9XDHG5RZQ,LD6JM2JN2,www.sgforge.com,1,2aa5fb8a61ff,pdf,direct,pdf,718277e59acf777366c4a3b79f76aa47c89879f47ce2c3336bd6c22e294f8fc7,www.sgforge.com,https://www.sgforge.com/wp-content/uploads/2025/08/SG-Forge-USDCV-White-Paper_V2.0_Ethereum_Solana_11082025.pdf,,,,,,,,,,,,,,ISSUED/ACTIVE,,0
EMTWP,20,1,,0,FR,23/03/2026,2026-03-23,https://schuman.io/wp-content/uploads/EUROP-White-Paper.pdf,969500SGAEBRXYUAJ739,,0,BNTTMH9HK|KR4DF4ZJ2,2BKLSP3D6,schuman.io,1,235b6cc93af1,pdf,direct,pdf,2f69f068b29fce07efd62103bd66a039b175cb908e0124c1c3eb345fda1e82c4,schuman.io,https://schuman.io/wp-content/uploads/EUROP-White-Paper.pdf,,,,,,,,,,,,,,ISSUED/ACTIVE,,0
EMTWP,21,1,,0,FR,27/01/2026,2026-01-27,https://www.oddo-bhf.com/eurod-stablecoin/,9695002I9DJHZ3449O66,,0,H1LDKQR5B,WJV6THJ2D,www.oddo-bhf.com,1,33a76c048273,pdf,hop,pdf,414656ec8edaab8c7de200566b7e04e022922223611cdbb815d5b105a469061d,www.oddo-bhf.com,https://www.oddo-bhf.com/app/uploads/sites/2/2026/01/2026-01-27-oddo-bhf-eurod-emt-whitepaper-mica.pdf,,,,,,,,,,,,,,ISSUED/ACTIVE,,0
EMTWP,22,1,,0,FR,02/03/2026,2026-03-02,https://www.heuro.com/about,984500DB91E5A48E7F26,,0,4ZTHF0N0H|DP1R488SF,TFGXFRD1J,www.heuro.com,1,bbbf3c194ccb,html,direct,html,6ff6599a51ffbcf12285b447e2230cd00035a32968056b12708508bb2dde8668,www.heuro.com,https://www.heuro.com/about/,,,,,,,,,,,,,,ISSUED/ACTIVE,,0
EMTWP,23,1,,0,FR,30/06/2026,2026-06-30,https://stable-xt.io,96950023SCR9X9F3L662,,0,2GPH3VZ45,JTSXN8VGH,stable-xt.io,1,2cf156dea9cb,html,direct,html,4eb095233ce1194c44375c430c86f575242b7c2abc7542b65b8a367b831ea8a8,stable-xt.io,https://stable-xt.io,,,,,,,,,,,,,,ISSUED/ACTIVE,,0
EMTWP,24,1,,0,IS,09/01/2026,2026-01-09,https://monerium.com/assets/whitepapers/eure/EURe-WP-static.xhtml,2549003QDNZWASSSCY31,,0,3P9X6K6P2|5LN265K07|6KL7TK20G|81PTSP744|JVM0S87GB|S45L7172C|ZHKQJ78VZ,N7B1L2FBK,monerium.com,1,b67919f545ba,ixbrl-esma,direct,ixbrl-esma,5e9edbd324a7cfbda96e10e275c2104ac41ead980cdfa7eb7b097815db64d3d2,monerium.com,https://monerium.com/assets/whitepapers/eure/EURe-WP-static.xhtml,1.1,1,,,monerium.com,0,1,1,1,1,1,2026-01-09,,ISSUED/ACTIVE,,0
EMTWP,25,0,,0,LT,18/04/2025,2025-04-18,https://blueemi.com/policies/emt-white-paper/,254900XFMACGD0L7AI73,,0,,,blueemi.com,1,4897c1fc9322,ixbrl-esma,direct,ixbrl-esma,323789349e2a7bf1e4f8cf125cfb037ba67f4be0bb6358431b162fd941541ec1,blueemi.com,https://blueemi.com/emt-white-paper/,1.1,1,,,blueemi.com,0,0,1,1,,,2025-03-14,,ISSUED/ACTIVE,,0
EMTWP,26,1,,0,LT,13/01/2026,2026-01-13,https://www.newrails.xyz/docs/newrails-whitepaper-eurw.xhtml,875500AX7AO0XVYSQD64,,0,,,www.newrails.xyz,1,a0064d9109ce,http-error,direct,http-error,d09243363ac3a0b9c7a12e445fe39098cc3f8ebaa39dde22cd8acd7a5050f303,www.newrails.xyz,https://www.newrails.xyz/docs/newrails-whitepaper-eurw.xhtml,,,,,,,,,,,,,,DUPLICATE/NULL,,0
EMTWP,27,0,,0,LU,,,https://www.eurite.com/download-whitepaper/,213800W1NGBLERUS6M39,,0,,,www.eurite.com,1,c5f12dfdf7f3,pdf,hop,pdf,71968e4c59cad2f23233ae10fd32dc6099f668d012a702e03c12b156bc532584,www.eurite.com,https://www.eurite.com/wp-content/uploads/2024/08/EURI-Whitepaper.pdf,,,,,,,,,,,,,,ISSUED/ACTIVE,,0
EMTWP,28,0,,0,LU,18/12/2025,2025-12-18,https://www.bettrsettlementtoken.com/policy,254900VUR90QF0G3T387,,0,,,www.bettrsettlementtoken.com,1,6afead775860,pdf,hop,pdf,e8b098b6c17e2d730e296d91c5f26841318c8949f385e7468b48d6b8e022e867,cdn.marmot-cloud.com,https://cdn.marmot-cloud.com/storage/intl_website/2025/12/12/QPHRHLU/BREUR-White-Paper-111225.pdf,,,,,,,,,,,,,,ISSUED/ACTIVE,,0
EMTWP,29,1,,0,LU,29/07/2026,2026-07-29,https://bridge.xyz/transparency/EURR,254900MVWQXMF77YZP65,,0,(ARBITRUM)|(AVALANCHE)|(ETHEREUM)|(INJECTIVE)|(OPTIMISM)|(POLYGON)|(SOLANA)|(TON)|8KV3CMVM5|9J1RXQWBK|GR77N4VQN|H81G32M97|KHWWMMF9T|LP00X1Q54|R79DN2VHD|TD3BGWM5Z,4ZD0FM2VG,bridge.xyz,1,196cf69f3282,http-error,direct,http-error,7384b869c2020f28cdb0b179148c14afebb6598a8a57ca438377e5f33df20060,bridge.xyz,https://bridge.xyz/transparency/EURR,,,,,,,,,,,,,,ISSUED/ACTIVE,,0
EMTWP,30,1,,0,LU,28/08/2026,2026-08-28,https://www.bettrsettlementtoken.com/policy,254900VUR90QF0G3T387,,0,N/A,N/A,www.bettrsettlementtoken.com,1,6afead775860,pdf,hop,pdf,e8b098b6c17e2d730e296d91c5f26841318c8949f385e7468b48d6b8e022e867,cdn.marmot-cloud.com,https://cdn.marmot-cloud.com/storage/intl_website/2025/12/12/QPHRHLU/BREUR-White-Paper-111225.pdf,,,,,,,,,,,,,,ISSUED/ACTIVE,,0
EMTWP,31,1,,0,LU,28/08/2026,2026-08-28,https://www.bettrsettlementtoken.com/policy,254900VUR90QF0G3T387,,0,N/A,N/A,www.bettrsettlementtoken.com,1,6afead775860,pdf,hop,pdf,e8b098b6c17e2d730e296d91c5f26841318c8949f385e7468b48d6b8e022e867,cdn.marmot-cloud.com,https://cdn.marmot-cloud.com/storage/intl_website/2025/12/12/QPHRHLU/BREUR-White-Paper-111225.pdf,,,,,,,,,,,,,,ISSUED/ACTIVE,,0
EMTWP,32,1,,0,LV,21/03/2026,2026-03-21,https://gr8.money/eur.pa/wp,6488GKH17O8XT1326F66,,0,5X779H3M3,9JDH8QBV2,gr8.money,1,4ecfdc3a7c82,net-error,direct,net-error,,,https://gr8.money/eur.pa/wp,,,robots:error,,,,,,,,,,,ISSUED/ACTIVE,,0
EMTWP,33,1,,0,LV,21/03/2026,2026-03-21,https://gr8.money/usd.pa/wp,6488GKH17O8XT1326F66,,0,PJM1C1PM6,FFBSF3LWN,gr8.money,1,e74075327470,net-error,direct,net-error,,,https://gr8.money/usd.pa/wp,,,robots:error,,,,,,,,,,,ISSUED/ACTIVE,,0
EMTWP,34,0,,0,MT,03/12/2025,2025-12-03,https://www.stablr.com/whitepapers,984500AA0OCA9CE0D796,,0,,,www.stablr.com,1,3ef62cb37795,pdf,hop,pdf,19940cbbb1b08b5927de396d628d15cee1ef01f0adc0d58a4a0d0af050e42f9f,www.stablr.com,https://www.stablr.com/whitepaper/StablR_EMI_Whitepaper_EURR_V3.2.pdf,,,,,,,,,,,,,,ISSUED/ACTIVE,,0
EMTWP,35,0,,0,MT,03/12/2025,2025-12-03,https://www.stablr.com/whitepapers,984500AA0OCA9CE0D796,,0,,,www.stablr.com,1,3ef62cb37795,pdf,hop,pdf,19940cbbb1b08b5927de396d628d15cee1ef01f0adc0d58a4a0d0af050e42f9f,www.stablr.com,https://www.stablr.com/whitepaper/StablR_EMI_Whitepaper_EURR_V3.2.pdf,,,,,,,,,,,,,,ISSUED/ACTIVE,,0
EMTWP,36,0,,0,MT,24/03/2025,2025-03-24,https://stablemintpublicdocs.blob.core.windows.net/docs/StableMint_Whitepaper_EUR.html,984500A64C0EA64BC554,,0,,,stablemintpublicdocs.blob.core.windows.net,1,bb5b09b311ca,ixbrl-other,direct,ixbrl-other,d3397d2c29fc3a72fdc8d4a5885dd56f6da743242c57dcd1062978f94ad7b7dc,stablemintpublicdocs.blob.core.windows.net,https://stablemintpublicdocs.blob.core.windows.net/docs/StableMint_Whitepaper_EUR.html,1.1,1,,,windows.net,1,,,,,,,,ISSUED/ACTIVE,,0
EMTWP,37,0,,0,MT,24/03/2025,2025-03-24,https://stablemintpublicdocs.blob.core.windows.net/docs/StableMint_Whitepaper_USD.html,984500A64C0EA64BC554,,0,,,stablemintpublicdocs.blob.core.windows.net,1,1daf6367c016,ixbrl-other,direct,ixbrl-other,fda8c058aee8cd3e84b56e40d49fd9f61a614b598860f1fe440cc93ecd7ba180,stablemintpublicdocs.blob.core.windows.net,https://stablemintpublicdocs.blob.core.windows.net/docs/StableMint_Whitepaper_USD.html,1.1,1,,,windows.net,1,,,,,,,,ISSUED/ACTIVE,,0
EMTWP,38,0,,0,NL,02/10/2024,2024-10-02,https://fiatrepublic.com/about/eaglenetcoin/,724500GVWT7QULV8CR59,,0,,,fiatrepublic.com,1,627c739d6d9d,html,direct,html,46e07954fee79ee749f48f35311b2002bc417d77ed7ba334a39120cd46666ff5,fiatrepublic.com,https://fiatrepublic.com/eaglenet-coin,,,,,,,,,,,,,,ISSUED/ACTIVE,,0
EMTWP,39,0,,0,NL,02/10/2024,2024-10-02,https://fiatrepublic.com/about/eaglenetcoin/,724500GVWT7QULV8CR59,,0,,,fiatrepublic.com,1,627c739d6d9d,html,direct,html,46e07954fee79ee749f48f35311b2002bc417d77ed7ba334a39120cd46666ff5,fiatrepublic.com,https://fiatrepublic.com/eaglenet-coin,,,,,,,,,,,,,,ISSUED/ACTIVE,,0
EMTWP,40,0,,0,NL,24/03/2025,2025-03-24,https://fiatrepublic.com/about/eaglenetcoin/,724500GVWT7QULV8CR59,,0,,,fiatrepublic.com,1,627c739d6d9d,html,direct,html,46e07954fee79ee749f48f35311b2002bc417d77ed7ba334a39120cd46666ff5,fiatrepublic.com,https://fiatrepublic.com/eaglenet-coin,,,,,,,,,,,,,,ISSUED/ACTIVE,,0
EMTWP,41,0,,0,NL,24/03/2025,2025-03-24,https://www.quantoz.com/resources,7245008P1HPUPVM7XL94,,0,,,www.quantoz.com,1,bafba9ed15bd,pdf,hop,pdf,ce6e6f338f3bbdc2f2218ebc828d75371e799d024c9b0db80f1c950526d8a42a,www.quantoz.com,https://www.quantoz.com/documents/eurq-wp-1.4-30-4-2026.pdf,,,,,,,,,,,,,,ISSUED/ACTIVE,,0
EMTWP,42,0,,0,NL,24/03/2025,2025-03-24,https://www.quantoz.com/resources,7245008P1HPUPVM7XL94,,0,,,www.quantoz.com,1,bafba9ed15bd,pdf,hop,pdf,ce6e6f338f3bbdc2f2218ebc828d75371e799d024c9b0db80f1c950526d8a42a,www.quantoz.com,https://www.quantoz.com/documents/eurq-wp-1.4-30-4-2026.pdf,,,,,,,,,,,,,,ISSUED/ACTIVE,,0
EMTWP,43,0,,0,NL,22/08/2025,2025-08-22,https://www.quantoz.com/resources,7245008P1HPUPVM7XL94,,0,,,www.quantoz.com,1,bafba9ed15bd,pdf,hop,pdf,ce6e6f338f3bbdc2f2218ebc828d75371e799d024c9b0db80f1c950526d8a42a,www.quantoz.com,https://www.quantoz.com/documents/eurq-wp-1.4-30-4-2026.pdf,,,,,,,,,,,,,,ISSUED/ACTIVE,,0
EMTWP,44,1,,0,NL,06/03/2026,2026-03-06,https://www.quantoz.com/resources,7245008P1HPUPVM7XL94,,0,,,www.quantoz.com,1,bafba9ed15bd,pdf,hop,pdf,ce6e6f338f3bbdc2f2218ebc828d75371e799d024c9b0db80f1c950526d8a42a,www.quantoz.com,https://www.quantoz.com/documents/eurq-wp-1.4-30-4-2026.pdf,,,,,,,,,,,,,,ISSUED/ACTIVE,,0
EMTWP,45,1,,0,NL,06/03/2026,2026-03-06,https://www.quantoz.com/resources,7245008P1HPUPVM7XL94,,0,,,www.quantoz.com,1,bafba9ed15bd,pdf,hop,pdf,ce6e6f338f3bbdc2f2218ebc828d75371e799d024c9b0db80f1c950526d8a42a,www.quantoz.com,https://www.quantoz.com/documents/eurq-wp-1.4-30-4-2026.pdf,,,,,,,,,,,,,,ISSUED/ACTIVE,,0
EMTWP,46,1,,0,NL,15/04/2026,2026-04-15,https://www.quantoz.com/resources,7245008P1HPUPVM7XL94,,0,,,www.quantoz.com,1,bafba9ed15bd,pdf,hop,pdf,ce6e6f338f3bbdc2f2218ebc828d75371e799d024c9b0db80f1c950526d8a42a,www.quantoz.com,https://www.quantoz.com/documents/eurq-wp-1.4-30-4-2026.pdf,,,,,,,,,,,,,,ISSUED/ACTIVE,,0
EMTWP,47,1,,0,NL,26/05/2026,2026-05-26,https://www.weur.io,72450039GAIN4MNI4V12,,0,,,www.weur.io,1,72224fabe2ec,html,direct,html,41b8dfc7a63f61c1f4377ee4a4eb6311b27d651c5a00e2b46e6bb3d3477c6850,www.weur.io,https://www.weur.io,,,,,,,,,,,,,,ISSUED/ACTIVE,,0
EMTWP,48,0,,1,PL,08/09/2025,2025-09-08,EMT_NO_WP,2594008EL5UN8RIA8P23,,0,,,,0,,invalid-url,,invalid-url,,,,,,,,,,,,,,,,,LAPSED/ACTIVE,,0
EMTWP,49,1,,0,PT,12/03/2026,2026-03-12,https://bisonbank.com/wp-content/uploads/2026/04/Bison-Bank-EUB-White-Paper_20260312-1.pdf,549300V4H4USWZUCE073,,0,,,bisonbank.com,1,4bc695d4fd12,pdf,direct,pdf,c431726c9e15dc9d22bbb78c8a6fc726ba00aa11a133e49f4a0ee076cde883d4,bisonbank.com,https://bisonbank.com/wp-content/uploads/2026/04/Bison-Bank-EUB-White-Paper_20260312-1.pdf,,,,,,,,,,,,,,ISSUED/ACTIVE,,0
EMTWP,50,1,,0,PT,12/03/2026,2026-03-12,https://bisonbank.com/wp-content/uploads/2026/04/Bison-Bank-USB-White-Paper_20260312-1.pdf,549300V4H4USWZUCE073,,0,,,bisonbank.com,1,becd380cbea3,pdf,direct,pdf,26e22a6442ee3a31a14c62f18ad1bc1c629b0cad03be73fb516e3ee301b5fc3a,bisonbank.com,https://bisonbank.com/wp-content/uploads/2026/04/Bison-Bank-USB-White-Paper_20260312-1.pdf,,,,,,,,,,,,,,ISSUED/ACTIVE,,0
EMTWP,51,1,,0,SI,07/08/2026,2026-08-07,https://dinaro.si/mica-eurgh-whitepaper,48510062OP64BYKPNO22,,0,M5ZR1C4B3,2682FMR4J,dinaro.si,1,5dfce68aec84,html,direct,html,2fcf62a4d8f8cd4ecd815722fd1a5641765b1318d368e336332646eb5c47433a,dinaro.si,https://dinaro.si/mica-eurgh-whitepaper,,,,,,,,,,,,,,LAPSED/ACTIVE,,0
